iteration,loss,score,ALPHA,COV,PS,MW,MAMM,WAMM,AISL,MASE,CV%
0,COPOC,min-CPS,0.020000000000000018,1.0,3.8333333333333335,2.8333333333333335,,0.0,2.8333333333333335,0.0,0.0
0,COPOC,min-CPS,0.030000000000000027,1.0,3.8333333333333335,2.8333333333333335,,0.0,2.8333333333333335,0.0,0.0
0,COPOC,min-CPS,0.050000000000000044,1.0,3.0,2.0,,0.0,2.0,0.0,0.0
0,COPOC,min-CPS,0.07999999999999996,0.9696969696969697,2.621212121212121,1.621212121212121,1.0,1.0,2.3787878787878793,0.030303030303030304,0.0
0,COPOC,min-CPS,0.09999999999999998,0.9696969696969697,2.5606060606060606,1.5606060606060606,1.5,2.0,2.4696969696969697,0.045454545454545456,0.0
0,COPOC,min-CPS,0.13,0.9242424242424242,2.015151515151515,1.0151515151515151,1.6,3.0,2.87995337995338,0.12121212121212122,0.0
0,COPOC,min-CPS,0.15000000000000002,0.9090909090909091,1.9090909090909092,0.9090909090909091,1.5,3.0,2.727272727272727,0.13636363636363635,0.0
0,COPOC,min-CPS,0.18000000000000005,0.8333333333333334,1.621212121212121,0.6212121212121212,1.3636363636363635,3.0,3.1464646464646457,0.22727272727272727,0.0
0,COPOC,min-CPS,0.19999999999999996,0.8181818181818182,1.5757575757575757,0.5757575757575758,1.3333333333333333,3.0,3.000000000000001,0.24242424242424243,0.0
0,COPOC,RPS,0.020000000000000018,1.0,3.9242424242424243,2.9242424242424243,,0.0,2.9242424242424243,0.0,0.0
0,COPOC,RPS,0.030000000000000027,1.0,3.9242424242424243,2.9242424242424243,,0.0,2.9242424242424243,0.0,0.0
0,COPOC,RPS,0.050000000000000044,1.0,3.803030303030303,2.803030303030303,,0.0,2.803030303030303,0.0,0.0
0,COPOC,RPS,0.07999999999999996,0.9696969696969697,3.106060606060606,2.106060606060606,1.0,1.0,2.863636363636364,0.030303030303030304,0.0
0,COPOC,RPS,0.09999999999999998,0.9545454545454546,2.8181818181818183,1.8181818181818181,1.3333333333333333,2.0,3.0303030303030303,0.06060606060606061,0.0
0,COPOC,RPS,0.13,0.9090909090909091,2.6666666666666665,1.6666666666666667,1.1666666666666667,2.0,3.2983682983682985,0.10606060606060606,0.0
0,COPOC,RPS,0.15000000000000002,0.9090909090909091,2.6363636363636362,1.6363636363636365,1.1666666666666667,2.0,3.0505050505050506,0.10606060606060606,0.0
0,COPOC,RPS,0.18000000000000005,0.8484848484848485,2.515151515151515,1.5151515151515151,1.1,2.0,3.3670033670033668,0.16666666666666666,0.0
0,COPOC,RPS,0.19999999999999996,0.8333333333333334,1.6363636363636365,0.6363636363636364,1.2727272727272727,3.0,2.757575757575758,0.21212121212121213,0.0
0,COPOC,OCDF,0.020000000000000018,1.0,3.909090909090909,2.909090909090909,,0.0,2.909090909090909,0.0,0.0
0,COPOC,OCDF,0.030000000000000027,1.0,3.909090909090909,2.909090909090909,,0.0,2.909090909090909,0.0,0.0
0,COPOC,OCDF,0.050000000000000044,1.0,3.5,2.5,,0.0,2.5,0.0,0.0
0,COPOC,OCDF,0.07999999999999996,0.9696969696969697,3.196969696969697,2.196969696969697,1.5,2.0,3.3333333333333344,0.045454545454545456,0.0
0,COPOC,OCDF,0.09999999999999998,0.9545454545454546,2.878787878787879,1.878787878787879,2.0,3.0,3.696969696969697,0.09090909090909091,0.0
0,COPOC,OCDF,0.13,0.9545454545454546,2.757575757575758,1.7575757575757576,2.0,3.0,3.156177156177156,0.09090909090909091,0.0
0,COPOC,OCDF,0.15000000000000002,0.9393939393939394,2.712121212121212,1.7121212121212122,1.75,3.0,3.126262626262626,0.10606060606060606,0.0
0,COPOC,OCDF,0.18000000000000005,0.9242424242424242,2.6818181818181817,1.6818181818181819,1.6,3.0,3.028619528619528,0.12121212121212122,0.0
0,COPOC,OCDF,0.19999999999999996,0.8787878787878788,2.5606060606060606,1.5606060606060606,1.5,3.0,3.378787878787879,0.18181818181818182,0.0
0,COPOC,APS,0.020000000000000018,1.0,3.909090909090909,2.909090909090909,,0.0,2.909090909090909,0.0,0.0
0,COPOC,APS,0.030000000000000027,1.0,3.909090909090909,2.909090909090909,,0.0,2.909090909090909,0.0,0.0
0,COPOC,APS,0.050000000000000044,1.0,3.3636363636363638,2.3636363636363638,,0.0,2.3636363636363638,0.0,0.0
0,COPOC,APS,0.07999999999999996,0.9545454545454546,2.5606060606060606,1.5606060606060606,1.0,1.0,2.6969696969696977,0.045454545454545456,0.0
0,COPOC,APS,0.09999999999999998,0.9545454545454546,2.5303030303030303,1.5303030303030303,1.0,1.0,2.4393939393939394,0.045454545454545456,0.0
0,COPOC,APS,0.13,0.9242424242424242,2.242424242424242,1.2424242424242424,1.4,2.0,2.8741258741258737,0.10606060606060606,0.0
0,COPOC,APS,0.15000000000000002,0.9090909090909091,2.212121212121212,1.2121212121212122,1.3333333333333333,2.0,2.8282828282828283,0.12121212121212122,0.0
0,COPOC,APS,0.18000000000000005,0.8181818181818182,1.7878787878787878,0.7878787878787878,1.25,3.0,3.3131313131313127,0.22727272727272727,0.0
0,COPOC,APS,0.19999999999999996,0.7575757575757576,1.5454545454545454,0.5606060606060606,1.3125,3.0,3.742424242424243,0.3181818181818182,0.0
0,COPOC,LAC,0.020000000000000018,1.0,3.772727272727273,2.772727272727273,,0.0,2.772727272727273,0.0,0.0
0,COPOC,LAC,0.030000000000000027,1.0,3.772727272727273,2.772727272727273,,0.0,2.772727272727273,0.0,0.0
0,COPOC,LAC,0.050000000000000044,1.0,3.0,2.0,,0.0,2.0,0.0,0.0
0,COPOC,LAC,0.07999999999999996,0.9848484848484849,2.590909090909091,1.5909090909090908,2.0,2.0,2.348484848484849,0.030303030303030304,0.0
0,COPOC,LAC,0.09999999999999998,0.9696969696969697,2.5454545454545454,1.5454545454545454,1.5,2.0,2.4545454545454546,0.045454545454545456,0.0
0,COPOC,LAC,0.13,0.9242424242424242,1.9696969696969697,0.9696969696969697,1.6,3.0,2.8344988344988344,0.12121212121212122,0.0
0,COPOC,LAC,0.15000000000000002,0.9242424242424242,1.9696969696969697,0.9696969696969697,1.6,3.0,2.5858585858585856,0.12121212121212122,0.0
0,COPOC,LAC,0.18000000000000005,0.8484848484848485,1.7121212121212122,0.7121212121212122,1.3,3.0,2.9006734006734,0.19696969696969696,0.0
0,COPOC,LAC,0.19999999999999996,0.8181818181818182,1.621212121212121,0.6212121212121212,1.25,3.0,2.8939393939393945,0.22727272727272727,0.0
1,COPOC,min-CPS,0.020000000000000018,0.9848484848484849,3.787878787878788,2.787878787878788,1.0,1.0,4.303030303030301,0.015151515151515152,0.0
1,COPOC,min-CPS,0.030000000000000027,0.9696969696969697,2.742424242424242,1.7424242424242424,2.0,3.0,5.782828282828279,0.06060606060606061,0.0
1,COPOC,min-CPS,0.050000000000000044,0.9393939393939394,2.4393939393939394,1.4393939393939394,1.75,3.0,5.681818181818178,0.10606060606060606,0.0
1,COPOC,min-CPS,0.07999999999999996,0.9090909090909091,1.8636363636363635,0.8636363636363636,2.0,3.0,5.409090909090912,0.18181818181818182,0.0
1,COPOC,min-CPS,0.09999999999999998,0.9090909090909091,1.8484848484848484,0.8484848484848485,2.0,3.0,4.484848484848485,0.18181818181818182,0.0
1,COPOC,min-CPS,0.13,0.9090909090909091,1.696969696969697,0.696969696969697,2.1666666666666665,3.0,3.7272727272727266,0.19696969696969696,0.0
1,COPOC,min-CPS,0.15000000000000002,0.8939393939393939,1.6515151515151516,0.6515151515151515,2.0,3.0,3.4797979797979797,0.21212121212121213,0.0
1,COPOC,min-CPS,0.18000000000000005,0.8939393939393939,1.5757575757575757,0.5757575757575758,2.0,3.0,2.9326599326599325,0.21212121212121213,0.0
1,COPOC,min-CPS,0.19999999999999996,0.8787878787878788,1.5454545454545454,0.5454545454545454,1.875,3.0,2.818181818181819,0.22727272727272727,0.0
1,COPOC,RPS,0.020000000000000018,0.9848484848484849,3.9393939393939394,2.9393939393939394,1.0,1.0,4.454545454545453,0.015151515151515152,0.0
1,COPOC,RPS,0.030000000000000027,0.9848484848484849,3.9393939393939394,2.9393939393939394,1.0,1.0,3.949494949494949,0.015151515151515152,0.0
1,COPOC,RPS,0.050000000000000044,0.9393939393939394,3.0303030303030303,2.0303030303030303,1.5,2.0,5.666666666666663,0.09090909090909091,0.0
1,COPOC,RPS,0.07999999999999996,0.8939393939393939,2.6818181818181817,1.6818181818181819,1.4285714285714286,2.0,5.4696969696969715,0.15151515151515152,0.0
1,COPOC,RPS,0.09999999999999998,0.8939393939393939,2.6515151515151514,1.6515151515151516,1.4285714285714286,2.0,4.681818181818182,0.15151515151515152,0.0
1,COPOC,RPS,0.13,0.8636363636363636,2.590909090909091,1.5909090909090908,1.3333333333333333,2.0,4.388111888111887,0.18181818181818182,0.0
1,COPOC,RPS,0.15000000000000002,0.8636363636363636,2.590909090909091,1.5909090909090908,1.3333333333333333,2.0,4.015151515151516,0.18181818181818182,0.0
1,COPOC,RPS,0.18000000000000005,0.8636363636363636,2.5606060606060606,1.5606060606060606,1.3333333333333333,2.0,3.5808080808080804,0.18181818181818182,0.0
1,COPOC,RPS,0.19999999999999996,0.8636363636363636,2.515151515151515,1.5151515151515151,1.3333333333333333,2.0,3.3333333333333335,0.18181818181818182,0.0
1,COPOC,OCDF,0.020000000000000018,0.9848484848484849,3.9545454545454546,2.9545454545454546,1.0,1.0,4.469696969696968,0.015151515151515152,0.0
1,COPOC,OCDF,0.030000000000000027,0.9848484848484849,3.9545454545454546,2.9545454545454546,1.0,1.0,3.964646464646464,0.015151515151515152,0.0
1,COPOC,OCDF,0.050000000000000044,0.9393939393939394,3.0606060606060606,2.0606060606060606,2.0,3.0,6.909090909090905,0.12121212121212122,0.0
1,COPOC,OCDF,0.07999999999999996,0.8939393939393939,2.5454545454545454,1.5454545454545454,2.0,3.0,6.848484848484852,0.21212121212121213,0.0
1,COPOC,OCDF,0.09999999999999998,0.8787878787878788,2.4696969696969697,1.4696969696969697,1.875,3.0,6.015151515151516,0.22727272727272727,0.0
1,COPOC,OCDF,0.13,0.8787878787878788,2.4545454545454546,1.4545454545454546,1.875,3.0,4.95104895104895,0.22727272727272727,0.0
1,COPOC,OCDF,0.15000000000000002,0.8787878787878788,2.4545454545454546,1.4545454545454546,1.875,3.0,4.484848484848484,0.22727272727272727,0.0
1,COPOC,OCDF,0.18000000000000005,0.8636363636363636,2.393939393939394,1.393939393939394,1.8888888888888888,3.0,4.255892255892255,0.25757575757575757,0.0
1,COPOC,OCDF,0.19999999999999996,0.8333333333333334,2.303030303030303,1.303030303030303,1.8181818181818181,3.0,4.333333333333333,0.30303030303030304,0.0
1,COPOC,APS,0.020000000000000018,1.0,3.803030303030303,2.803030303030303,,0.0,2.803030303030303,0.0,0.0
1,COPOC,APS,0.030000000000000027,1.0,3.803030303030303,2.803030303030303,,0.0,2.803030303030303,0.0,0.0
1,COPOC,APS,0.050000000000000044,0.9545454545454546,2.6666666666666665,1.6666666666666667,1.6666666666666667,3.0,4.696969696969695,0.07575757575757576,0.0
1,COPOC,APS,0.07999999999999996,0.9242424242424242,2.1818181818181817,1.1818181818181819,1.8,3.0,4.590909090909093,0.13636363636363635,0.0
1,COPOC,APS,0.09999999999999998,0.9242424242424242,2.106060606060606,1.106060606060606,1.8,3.0,3.833333333333334,0.13636363636363635,0.0
1,COPOC,APS,0.13,0.9242424242424242,1.9242424242424243,0.9242424242424242,2.2,3.0,3.4883449883449877,0.16666666666666666,0.0
1,COPOC,APS,0.15000000000000002,0.9242424242424242,1.893939393939394,0.8939393939393939,2.2,3.0,3.116161616161616,0.16666666666666666,0.0
1,COPOC,APS,0.18000000000000005,0.9090909090909091,1.6363636363636365,0.6363636363636364,2.1666666666666665,3.0,2.824915824915825,0.19696969696969696,0.0
1,COPOC,APS,0.19999999999999996,0.8484848484848485,1.5303030303030303,0.5454545454545454,1.9,3.0,3.424242424242425,0.2878787878787879,0.0
1,COPOC,LAC,0.020000000000000018,0.9848484848484849,3.757575757575758,2.757575757575758,1.0,1.0,4.272727272727271,0.015151515151515152,0.0
1,COPOC,LAC,0.030000000000000027,0.9848484848484849,3.757575757575758,2.757575757575758,1.0,1.0,3.7676767676767673,0.015151515151515152,0.0
1,COPOC,LAC,0.050000000000000044,0.9545454545454546,2.4393939393939394,1.4393939393939394,2.3333333333333335,3.0,5.681818181818178,0.10606060606060606,0.0
1,COPOC,LAC,0.07999999999999996,0.9090909090909091,1.7424242424242424,0.7424242424242424,2.1666666666666665,3.0,5.66666666666667,0.19696969696969696,0.0
1,COPOC,LAC,0.09999999999999998,0.9090909090909091,1.7424242424242424,0.7424242424242424,2.1666666666666665,3.0,4.6818181818181825,0.19696969696969696,0.0
1,COPOC,LAC,0.13,0.8939393939393939,1.6818181818181819,0.6818181818181818,2.0,3.0,3.9452214452214447,0.21212121212121213,0.0
1,COPOC,LAC,0.15000000000000002,0.8939393939393939,1.6363636363636365,0.6363636363636364,2.0,3.0,3.4646464646464645,0.21212121212121213,0.0
1,COPOC,LAC,0.18000000000000005,0.8939393939393939,1.5606060606060606,0.5606060606060606,2.0,3.0,2.9175084175084174,0.21212121212121213,0.0
1,COPOC,LAC,0.19999999999999996,0.8939393939393939,1.5303030303030303,0.5303030303030303,2.0,3.0,2.651515151515152,0.21212121212121213,0.0
2,COPOC,min-CPS,0.020000000000000018,1.0,3.787878787878788,2.787878787878788,,0.0,2.787878787878788,0.0,0.0
2,COPOC,min-CPS,0.030000000000000027,1.0,3.787878787878788,2.787878787878788,,0.0,2.787878787878788,0.0,0.0
2,COPOC,min-CPS,0.050000000000000044,1.0,2.8636363636363638,1.8636363636363635,,0.0,1.8636363636363635,0.0,0.0
2,COPOC,min-CPS,0.07999999999999996,1.0,2.6818181818181817,1.6818181818181819,,0.0,1.6818181818181819,0.0,0.0
2,COPOC,min-CPS,0.09999999999999998,0.9848484848484849,2.4393939393939394,1.4393939393939394,1.0,1.0,1.7424242424242424,0.015151515151515152,0.0
2,COPOC,min-CPS,0.13,0.8636363636363636,1.7727272727272727,0.7727272727272727,1.3333333333333333,3.0,3.5699300699300696,0.18181818181818182,0.0
2,COPOC,min-CPS,0.15000000000000002,0.8484848484848485,1.606060606060606,0.6060606060606061,1.3,3.0,3.232323232323232,0.19696969696969696,0.0
2,COPOC,min-CPS,0.18000000000000005,0.7878787878787878,1.4848484848484849,0.48484848484848486,1.2857142857142858,3.0,3.5151515151515147,0.2727272727272727,0.0
2,COPOC,min-CPS,0.19999999999999996,0.7878787878787878,1.4242424242424243,0.42424242424242425,1.2857142857142858,3.0,3.1515151515151523,0.2727272727272727,0.0
2,COPOC,RPS,0.020000000000000018,1.0,3.9242424242424243,2.9242424242424243,,0.0,2.9242424242424243,0.0,0.0
2,COPOC,RPS,0.030000000000000027,1.0,3.9242424242424243,2.9242424242424243,,0.0,2.9242424242424243,0.0,0.0
2,COPOC,RPS,0.050000000000000044,1.0,3.787878787878788,2.787878787878788,,0.0,2.787878787878788,0.0,0.0
2,COPOC,RPS,0.07999999999999996,0.9848484848484849,3.1515151515151514,2.1515151515151514,1.0,1.0,2.5303030303030303,0.015151515151515152,0.0
2,COPOC,RPS,0.09999999999999998,0.9393939393939394,2.803030303030303,1.803030303030303,1.25,2.0,3.3181818181818183,0.07575757575757576,0.0
2,COPOC,RPS,0.13,0.9090909090909091,2.696969696969697,1.696969696969697,1.1666666666666667,2.0,3.3286713286713283,0.10606060606060606,0.0
2,COPOC,RPS,0.15000000000000002,0.8939393939393939,2.6363636363636362,1.6363636363636365,1.1428571428571428,2.0,3.2525252525252526,0.12121212121212122,0.0
2,COPOC,RPS,0.18000000000000005,0.8181818181818182,1.7272727272727273,0.7272727272727273,1.0833333333333333,2.0,2.9158249158249157,0.19696969696969696,0.0
2,COPOC,RPS,0.19999999999999996,0.7878787878787878,1.4848484848484849,0.48484848484848486,1.2142857142857142,3.0,3.060606060606061,0.25757575757575757,0.0
2,COPOC,OCDF,0.020000000000000018,1.0,3.9242424242424243,2.9242424242424243,,0.0,2.9242424242424243,0.0,0.0
2,COPOC,OCDF,0.030000000000000027,1.0,3.9242424242424243,2.9242424242424243,,0.0,2.9242424242424243,0.0,0.0
2,COPOC,OCDF,0.050000000000000044,1.0,3.4696969696969697,2.4696969696969697,,0.0,2.4696969696969697,0.0,0.0
2,COPOC,OCDF,0.07999999999999996,1.0,3.3484848484848486,2.3484848484848486,,0.0,2.3484848484848486,0.0,0.0
2,COPOC,OCDF,0.09999999999999998,0.9696969696969697,2.893939393939394,1.893939393939394,2.0,2.0,3.106060606060606,0.06060606060606061,0.0
2,COPOC,OCDF,0.13,0.9242424242424242,2.6363636363636362,1.6363636363636365,1.6,3.0,3.501165501165501,0.12121212121212122,0.0
2,COPOC,OCDF,0.15000000000000002,0.8787878787878788,2.5757575757575757,1.5757575757575757,1.375,3.0,3.797979797979798,0.16666666666666666,0.0
2,COPOC,OCDF,0.18000000000000005,0.8787878787878788,2.5303030303030303,1.5303030303030303,1.375,3.0,3.382154882154882,0.16666666666666666,0.0
2,COPOC,OCDF,0.19999999999999996,0.8484848484848485,2.484848484848485,1.4848484848484849,1.4,3.0,3.606060606060606,0.21212121212121213,0.0
2,COPOC,APS,0.020000000000000018,1.0,3.742424242424242,2.742424242424242,,0.0,2.742424242424242,0.0,0.0
2,COPOC,APS,0.030000000000000027,1.0,3.742424242424242,2.742424242424242,,0.0,2.742424242424242,0.0,0.0
2,COPOC,APS,0.050000000000000044,1.0,3.1818181818181817,2.1818181818181817,,0.0,2.1818181818181817,0.0,0.0
2,COPOC,APS,0.07999999999999996,0.9696969696969697,2.4545454545454546,1.4545454545454546,1.0,1.0,2.2121212121212124,0.030303030303030304,0.0
2,COPOC,APS,0.09999999999999998,0.9393939393939394,2.3181818181818183,1.3181818181818181,1.0,1.0,2.5303030303030303,0.06060606060606061,0.0
2,COPOC,APS,0.13,0.9090909090909091,1.9090909090909092,0.9090909090909091,1.3333333333333333,2.0,2.7738927738927734,0.12121212121212122,0.0
2,COPOC,APS,0.15000000000000002,0.8787878787878788,1.7575757575757576,0.7575757575757576,1.375,3.0,2.9797979797979797,0.16666666666666666,0.0
2,COPOC,APS,0.18000000000000005,0.8333333333333334,1.6363636363636365,0.6515151515151515,1.4545454545454546,3.0,3.176767676767676,0.24242424242424243,0.0
2,COPOC,APS,0.19999999999999996,0.7878787878787878,1.5303030303030303,0.5454545454545454,1.4285714285714286,3.0,3.4242424242424248,0.30303030303030304,0.0
2,COPOC,LAC,0.020000000000000018,1.0,3.742424242424242,2.742424242424242,,0.0,2.742424242424242,0.0,0.0
2,COPOC,LAC,0.030000000000000027,1.0,3.742424242424242,2.742424242424242,,0.0,2.742424242424242,0.0,0.0
2,COPOC,LAC,0.050000000000000044,1.0,2.8333333333333335,1.8333333333333333,,0.0,1.8333333333333333,0.0,0.0
2,COPOC,LAC,0.07999999999999996,1.0,2.5757575757575757,1.5757575757575757,,0.0,1.5757575757575757,0.0,0.0
2,COPOC,LAC,0.09999999999999998,1.0,2.409090909090909,1.4090909090909092,,0.0,1.4090909090909092,0.0,0.0
2,COPOC,LAC,0.13,0.8484848484848485,1.6666666666666667,0.6666666666666666,1.3,3.0,3.696969696969697,0.19696969696969696,0.0
2,COPOC,LAC,0.15000000000000002,0.8484848484848485,1.6666666666666667,0.6666666666666666,1.3,3.0,3.292929292929293,0.19696969696969696,0.0
2,COPOC,LAC,0.18000000000000005,0.803030303030303,1.5151515151515151,0.5151515151515151,1.2307692307692308,3.0,3.208754208754208,0.24242424242424243,0.0
2,COPOC,LAC,0.19999999999999996,0.803030303030303,1.4696969696969697,0.4696969696969697,1.3076923076923077,3.0,3.0454545454545463,0.25757575757575757,0.0
3,COPOC,min-CPS,0.020000000000000018,0.9848484848484849,3.8181818181818183,2.8181818181818183,1.0,1.0,4.333333333333331,0.015151515151515152,0.0
3,COPOC,min-CPS,0.030000000000000027,0.9848484848484849,3.0303030303030303,2.0303030303030303,3.0,3.0,5.060606060606058,0.045454545454545456,0.0
3,COPOC,min-CPS,0.050000000000000044,0.9545454545454546,2.5757575757575757,1.5757575757575757,1.6666666666666667,3.0,4.606060606060604,0.07575757575757576,0.0
3,COPOC,min-CPS,0.07999999999999996,0.9242424242424242,2.090909090909091,1.0909090909090908,2.2,3.0,5.2575757575757605,0.16666666666666666,0.0
3,COPOC,min-CPS,0.09999999999999998,0.9242424242424242,2.090909090909091,1.0909090909090908,2.2,3.0,4.424242424242425,0.16666666666666666,0.0
3,COPOC,min-CPS,0.13,0.9090909090909091,1.9393939393939394,0.9393939393939394,2.0,3.0,3.736596736596736,0.18181818181818182,0.0
3,COPOC,min-CPS,0.15000000000000002,0.8787878787878788,1.8484848484848484,0.8484848484848485,1.75,3.0,3.676767676767676,0.21212121212121213,0.0
3,COPOC,min-CPS,0.18000000000000005,0.8484848484848485,1.6666666666666667,0.6666666666666666,1.6,3.0,3.36026936026936,0.24242424242424243,0.0
3,COPOC,min-CPS,0.19999999999999996,0.8333333333333334,1.621212121212121,0.6212121212121212,1.6363636363636365,3.0,3.3484848484848495,0.2727272727272727,0.0
3,COPOC,RPS,0.020000000000000018,0.9848484848484849,3.9242424242424243,2.9242424242424243,1.0,1.0,4.439393939393938,0.015151515151515152,0.0
3,COPOC,RPS,0.030000000000000027,0.9848484848484849,3.9242424242424243,2.9242424242424243,1.0,1.0,3.934343434343434,0.015151515151515152,0.0
3,COPOC,RPS,0.050000000000000044,0.9696969696969697,3.378787878787879,2.378787878787879,1.5,2.0,4.1969696969696955,0.045454545454545456,0.0
3,COPOC,RPS,0.07999999999999996,0.9090909090909091,2.8333333333333335,1.8333333333333333,1.3333333333333333,2.0,4.863636363636365,0.12121212121212122,0.0
3,COPOC,RPS,0.09999999999999998,0.8939393939393939,2.772727272727273,1.7727272727272727,1.2857142857142858,2.0,4.5,0.13636363636363635,0.0
3,COPOC,RPS,0.13,0.8787878787878788,2.727272727272727,1.7272727272727273,1.25,2.0,4.058275058275058,0.15151515151515152,0.0
3,COPOC,RPS,0.15000000000000002,0.8484848484848485,2.6515151515151514,1.6515151515151516,1.2,2.0,4.075757575757576,0.18181818181818182,0.0
3,COPOC,RPS,0.18000000000000005,0.8333333333333334,2.621212121212121,1.621212121212121,1.1818181818181819,2.0,3.8097643097643092,0.19696969696969696,0.0
3,COPOC,RPS,0.19999999999999996,0.8181818181818182,1.621212121212121,0.6212121212121212,1.5,3.0,3.3484848484848495,0.2727272727272727,0.0
3,COPOC,OCDF,0.020000000000000018,0.9848484848484849,3.893939393939394,2.893939393939394,1.0,1.0,4.409090909090907,0.015151515151515152,0.0
3,COPOC,OCDF,0.030000000000000027,0.9848484848484849,3.893939393939394,2.893939393939394,1.0,1.0,3.9040404040404035,0.015151515151515152,0.0
3,COPOC,OCDF,0.050000000000000044,0.9545454545454546,3.212121212121212,2.212121212121212,1.6666666666666667,3.0,5.2424242424242395,0.07575757575757576,0.0
3,COPOC,OCDF,0.07999999999999996,0.9393939393939394,2.8484848484848486,1.8484848484848484,2.5,3.0,5.636363636363639,0.15151515151515152,0.0
3,COPOC,OCDF,0.09999999999999998,0.9242424242424242,2.727272727272727,1.7272727272727273,2.2,3.0,5.060606060606061,0.16666666666666666,0.0
3,COPOC,OCDF,0.13,0.7878787878787878,2.4696969696969697,1.4696969696969697,1.4285714285714286,3.0,6.131701631701631,0.30303030303030304,0.0
3,COPOC,OCDF,0.15000000000000002,0.7878787878787878,2.4696969696969697,1.4696969696969697,1.4285714285714286,3.0,5.5101010101010095,0.30303030303030304,0.0
3,COPOC,OCDF,0.18000000000000005,0.7727272727272727,2.4242424242424243,1.4242424242424243,1.4,3.0,4.9595959595959584,0.3181818181818182,0.0
3,COPOC,OCDF,0.19999999999999996,0.7272727272727273,2.3484848484848486,1.3484848484848484,1.4444444444444444,3.0,5.287878787878788,0.3939393939393939,0.0
3,COPOC,APS,0.020000000000000018,1.0,3.757575757575758,2.757575757575758,,0.0,2.757575757575758,0.0,0.0
3,COPOC,APS,0.030000000000000027,1.0,3.757575757575758,2.757575757575758,,0.0,2.757575757575758,0.0,0.0
3,COPOC,APS,0.050000000000000044,0.9545454545454546,2.621212121212121,1.621212121212121,1.6666666666666667,3.0,4.651515151515149,0.07575757575757576,0.0
3,COPOC,APS,0.07999999999999996,0.9393939393939394,2.3181818181818183,1.3181818181818181,2.0,3.0,4.34848484848485,0.12121212121212122,0.0
3,COPOC,APS,0.09999999999999998,0.9242424242424242,2.303030303030303,1.303030303030303,1.8,3.0,4.03030303030303,0.13636363636363635,0.0
3,COPOC,APS,0.13,0.9090909090909091,2.0454545454545454,1.0454545454545454,1.8333333333333333,3.0,3.6095571095571093,0.16666666666666666,0.0
3,COPOC,APS,0.15000000000000002,0.8787878787878788,1.893939393939394,0.8939393939393939,1.75,3.0,3.7222222222222214,0.21212121212121213,0.0
3,COPOC,APS,0.18000000000000005,0.8787878787878788,1.893939393939394,0.8939393939393939,1.75,3.0,3.250841750841751,0.21212121212121213,0.0
3,COPOC,APS,0.19999999999999996,0.8787878787878788,1.8181818181818181,0.8181818181818182,1.75,3.0,2.93939393939394,0.21212121212121213,0.0
3,COPOC,LAC,0.020000000000000018,0.9848484848484849,3.787878787878788,2.787878787878788,1.0,1.0,4.303030303030301,0.015151515151515152,0.0
3,COPOC,LAC,0.030000000000000027,0.9848484848484849,3.787878787878788,2.787878787878788,1.0,1.0,3.7979797979797976,0.015151515151515152,0.0
3,COPOC,LAC,0.050000000000000044,0.9545454545454546,2.515151515151515,1.5151515151515151,2.3333333333333335,3.0,5.757575757575754,0.10606060606060606,0.0
3,COPOC,LAC,0.07999999999999996,0.9242424242424242,2.0606060606060606,1.0606060606060606,2.2,3.0,5.22727272727273,0.16666666666666666,0.0
3,COPOC,LAC,0.09999999999999998,0.9242424242424242,2.0,1.0,2.2,3.0,4.333333333333334,0.16666666666666666,0.0
3,COPOC,LAC,0.13,0.9242424242424242,1.9545454545454546,0.9545454545454546,2.2,3.0,3.5186480186480185,0.16666666666666666,0.0
3,COPOC,LAC,0.15000000000000002,0.9090909090909091,1.9242424242424243,0.9242424242424242,2.0,3.0,3.3484848484848486,0.18181818181818182,0.0
3,COPOC,LAC,0.18000000000000005,0.8787878787878788,1.803030303030303,0.803030303030303,1.75,3.0,3.1599326599326596,0.21212121212121213,0.0
3,COPOC,LAC,0.19999999999999996,0.803030303030303,1.606060606060606,0.6060606060606061,1.5384615384615385,3.0,3.636363636363637,0.30303030303030304,0.0
4,COPOC,min-CPS,0.020000000000000018,0.9545454545454546,2.803030303030303,1.803030303030303,2.3333333333333335,3.0,12.409090909090901,0.10606060606060606,0.0
4,COPOC,min-CPS,0.030000000000000027,0.9090909090909091,2.4242424242424243,1.4242424242424243,2.0,3.0,13.545454545454534,0.18181818181818182,0.0
4,COPOC,min-CPS,0.050000000000000044,0.8939393939393939,2.090909090909091,1.0909090909090908,2.142857142857143,3.0,10.181818181818175,0.22727272727272727,0.0
4,COPOC,min-CPS,0.07999999999999996,0.803030303030303,1.7727272727272727,0.7727272727272727,1.6923076923076923,3.0,9.106060606060609,0.3333333333333333,0.0
4,COPOC,min-CPS,0.09999999999999998,0.7727272727272727,1.6363636363636365,0.6363636363636364,1.6,3.0,7.909090909090911,0.36363636363636365,0.0
4,COPOC,min-CPS,0.13,0.696969696969697,1.4090909090909092,0.4090909090909091,1.5,3.0,7.4020979020979025,0.45454545454545453,0.0
4,COPOC,min-CPS,0.15000000000000002,0.6666666666666666,1.2424242424242424,0.24242424242424243,1.5,3.0,6.909090909090908,0.5,0.0
4,COPOC,min-CPS,0.18000000000000005,0.6515151515151515,1.2272727272727273,0.22727272727272727,1.4782608695652173,3.0,5.95117845117845,0.5151515151515151,0.0
4,COPOC,min-CPS,0.19999999999999996,0.6515151515151515,1.2272727272727273,0.22727272727272727,1.4782608695652173,3.0,5.378787878787881,0.5151515151515151,0.0
4,COPOC,RPS,0.020000000000000018,0.9242424242424242,3.196969696969697,2.196969696969697,1.4,2.0,12.803030303030294,0.10606060606060606,0.0
4,COPOC,RPS,0.030000000000000027,0.9242424242424242,3.196969696969697,2.196969696969697,1.4,2.0,9.267676767676761,0.10606060606060606,0.0
4,COPOC,RPS,0.050000000000000044,0.9090909090909091,2.8181818181818183,1.8181818181818181,1.6666666666666667,2.0,7.878787878787874,0.15151515151515152,0.0
4,COPOC,RPS,0.07999999999999996,0.8181818181818182,2.606060606060606,1.606060606060606,1.3333333333333333,2.0,7.6666666666666705,0.24242424242424243,0.0
4,COPOC,RPS,0.09999999999999998,0.7878787878787878,2.5303030303030303,1.5303030303030303,1.2857142857142858,2.0,6.984848484848485,0.2727272727272727,0.0
4,COPOC,RPS,0.13,0.696969696969697,1.5,0.5,1.45,3.0,7.259906759906759,0.4393939393939394,0.0
4,COPOC,RPS,0.15000000000000002,0.6818181818181818,1.4242424242424243,0.42424242424242425,1.4761904761904763,3.0,6.686868686868686,0.4696969696969697,0.0
4,COPOC,RPS,0.18000000000000005,0.6818181818181818,1.393939393939394,0.3939393939393939,1.4761904761904763,3.0,5.612794612794612,0.4696969696969697,0.0
4,COPOC,RPS,0.19999999999999996,0.6666666666666666,1.3181818181818181,0.3181818181818182,1.4545454545454546,3.0,5.166666666666668,0.48484848484848486,0.0
4,COPOC,OCDF,0.020000000000000018,0.9545454545454546,3.393939393939394,2.393939393939394,2.3333333333333335,3.0,12.999999999999991,0.10606060606060606,0.0
4,COPOC,OCDF,0.030000000000000027,0.9545454545454546,3.393939393939394,2.393939393939394,2.3333333333333335,3.0,9.464646464646458,0.10606060606060606,0.0
4,COPOC,OCDF,0.050000000000000044,0.9242424242424242,2.9242424242424243,1.9242424242424243,2.6,3.0,9.803030303030296,0.19696969696969696,0.0
4,COPOC,OCDF,0.07999999999999996,0.8333333333333334,2.5454545454545454,1.5454545454545454,1.8181818181818181,3.0,9.121212121212125,0.30303030303030304,0.0
4,COPOC,OCDF,0.09999999999999998,0.7878787878787878,2.4696969696969697,1.4696969696969697,1.6428571428571428,3.0,8.439393939393941,0.3484848484848485,0.0
4,COPOC,OCDF,0.13,0.7878787878787878,2.4242424242424243,1.4242424242424243,1.7142857142857142,3.0,7.018648018648019,0.36363636363636365,0.0
4,COPOC,OCDF,0.15000000000000002,0.7727272727272727,2.409090909090909,1.4090909090909092,1.6666666666666667,3.0,6.459595959595959,0.3787878787878788,0.0
4,COPOC,OCDF,0.18000000000000005,0.7575757575757576,2.3333333333333335,1.3333333333333333,1.6875,3.0,5.878787878787878,0.4090909090909091,0.0
4,COPOC,OCDF,0.19999999999999996,0.7575757575757576,2.3333333333333335,1.3333333333333333,1.6875,3.0,5.424242424242425,0.4090909090909091,0.0
4,COPOC,APS,0.020000000000000018,0.9545454545454546,3.0,2.0,2.3333333333333335,3.0,12.606060606060597,0.10606060606060606,0.0
4,COPOC,APS,0.030000000000000027,0.9545454545454546,3.0,2.0,2.3333333333333335,3.0,9.070707070707066,0.10606060606060606,0.0
4,COPOC,APS,0.050000000000000044,0.8787878787878788,2.272727272727273,1.2727272727272727,1.75,3.0,9.75757575757575,0.21212121212121213,0.0
4,COPOC,APS,0.07999999999999996,0.8787878787878788,2.090909090909091,1.0909090909090908,1.875,3.0,6.772727272727276,0.22727272727272727,0.0
4,COPOC,APS,0.09999999999999998,0.8333333333333334,1.893939393939394,0.8939393939393939,1.7272727272727273,3.0,6.651515151515153,0.2878787878787879,0.0
4,COPOC,APS,0.13,0.803030303030303,1.7575757575757576,0.7575757575757576,1.6923076923076923,3.0,5.8857808857808855,0.3333333333333333,0.0
4,COPOC,APS,0.15000000000000002,0.7121212121212122,1.5303030303030303,0.5454545454545454,1.5789473684210527,3.0,6.6060606060606055,0.45454545454545453,0.0
4,COPOC,APS,0.18000000000000005,0.6818181818181818,1.4545454545454546,0.48484848484848486,1.6666666666666667,3.0,6.377104377104376,0.5303030303030303,0.0
4,COPOC,APS,0.19999999999999996,0.6363636363636364,1.3333333333333333,0.3939393939393939,1.6666666666666667,3.0,5.545454545454547,0.6060606060606061,0.0
4,COPOC,LAC,0.020000000000000018,0.9545454545454546,2.787878787878788,1.7878787878787878,2.6666666666666665,3.0,13.9090909090909,0.12121212121212122,0.0
4,COPOC,LAC,0.030000000000000027,0.9545454545454546,2.787878787878788,1.7878787878787878,2.6666666666666665,3.0,9.868686868686861,0.12121212121212122,0.0
4,COPOC,LAC,0.050000000000000044,0.8939393939393939,2.0454545454545454,1.0454545454545454,2.2857142857142856,3.0,10.742424242424233,0.24242424242424243,0.0
4,COPOC,LAC,0.07999999999999996,0.7878787878787878,1.6818181818181819,0.6818181818181818,1.6428571428571428,3.0,9.3939393939394,0.3484848484848485,0.0
4,COPOC,LAC,0.09999999999999998,0.7424242424242424,1.5757575757575757,0.5757575757575758,1.5294117647058822,3.0,8.454545454545457,0.3939393939393939,0.0
4,COPOC,LAC,0.13,0.6666666666666666,1.3636363636363635,0.36363636363636365,1.4545454545454546,3.0,7.822843822843822,0.48484848484848486,0.0
4,COPOC,LAC,0.15000000000000002,0.6666666666666666,1.3636363636363635,0.36363636363636365,1.4545454545454546,3.0,6.828282828282828,0.48484848484848486,0.0
4,COPOC,LAC,0.18000000000000005,0.6515151515151515,1.3181818181818181,0.3181818181818182,1.434782608695652,3.0,5.873737373737373,0.5,0.0
4,COPOC,LAC,0.19999999999999996,0.6515151515151515,1.2727272727272727,0.2727272727272727,1.4782608695652173,3.0,5.424242424242426,0.5151515151515151,0.0
5,COPOC,min-CPS,0.020000000000000018,1.0,3.772727272727273,2.772727272727273,,0.0,2.772727272727273,0.0,0.0
5,COPOC,min-CPS,0.030000000000000027,0.9848484848484849,2.8181818181818183,1.8181818181818181,3.0,3.0,4.848484848484846,0.045454545454545456,0.0
5,COPOC,min-CPS,0.050000000000000044,0.9242424242424242,2.3636363636363638,1.3636363636363635,1.8,3.0,6.818181818181813,0.13636363636363635,0.0
5,COPOC,min-CPS,0.07999999999999996,0.9242424242424242,1.9848484848484849,0.9848484848484849,2.2,3.0,5.151515151515154,0.16666666666666666,0.0
5,COPOC,min-CPS,0.09999999999999998,0.9242424242424242,1.9848484848484849,0.9848484848484849,2.2,3.0,4.318181818181819,0.16666666666666666,0.0
5,COPOC,min-CPS,0.13,0.9242424242424242,1.8181818181818181,0.8181818181818182,2.4,3.0,3.615384615384615,0.18181818181818182,0.0
5,COPOC,min-CPS,0.15000000000000002,0.9090909090909091,1.7575757575757576,0.7575757575757576,2.1666666666666665,3.0,3.3838383838383836,0.19696969696969696,0.0
5,COPOC,min-CPS,0.18000000000000005,0.8787878787878788,1.606060606060606,0.6060606060606061,1.875,3.0,3.1313131313131306,0.22727272727272727,0.0
5,COPOC,min-CPS,0.19999999999999996,0.8333333333333334,1.5151515151515151,0.5151515151515151,1.6363636363636365,3.0,3.242424242424243,0.2727272727272727,0.0
5,COPOC,RPS,0.020000000000000018,1.0,3.9242424242424243,2.9242424242424243,,0.0,2.9242424242424243,0.0,0.0
5,COPOC,RPS,0.030000000000000027,1.0,3.9242424242424243,2.9242424242424243,,0.0,2.9242424242424243,0.0,0.0
5,COPOC,RPS,0.050000000000000044,0.9393939393939394,3.0454545454545454,2.0454545454545454,1.5,2.0,5.681818181818178,0.09090909090909091,0.0
5,COPOC,RPS,0.07999999999999996,0.9393939393939394,2.8181818181818183,1.8181818181818181,1.75,2.0,4.4696969696969715,0.10606060606060606,0.0
5,COPOC,RPS,0.09999999999999998,0.9393939393939394,2.772727272727273,1.7727272727272727,1.75,2.0,3.893939393939394,0.10606060606060606,0.0
5,COPOC,RPS,0.13,0.8484848484848485,2.5757575757575757,1.5757575757575757,1.3,2.0,4.6060606060606055,0.19696969696969696,0.0
5,COPOC,RPS,0.15000000000000002,0.8484848484848485,2.5606060606060606,1.5606060606060606,1.3,2.0,4.186868686868687,0.19696969696969696,0.0
5,COPOC,RPS,0.18000000000000005,0.8484848484848485,2.5454545454545454,1.5454545454545454,1.3,2.0,3.7340067340067336,0.19696969696969696,0.0
5,COPOC,RPS,0.19999999999999996,0.8181818181818182,1.5,0.5,1.5833333333333333,3.0,3.37878787878788,0.2878787878787879,0.0
5,COPOC,OCDF,0.020000000000000018,1.0,3.9393939393939394,2.9393939393939394,,0.0,2.9393939393939394,0.0,0.0
5,COPOC,OCDF,0.030000000000000027,1.0,3.9393939393939394,2.9393939393939394,,0.0,2.9393939393939394,0.0,0.0
5,COPOC,OCDF,0.050000000000000044,0.9393939393939394,3.090909090909091,2.090909090909091,2.0,3.0,6.939393939393935,0.12121212121212122,0.0
5,COPOC,OCDF,0.07999999999999996,0.9393939393939394,2.712121212121212,1.7121212121212122,2.75,3.0,5.878787878787882,0.16666666666666666,0.0
5,COPOC,OCDF,0.09999999999999998,0.9090909090909091,2.5757575757575757,1.5757575757575757,2.1666666666666665,3.0,5.515151515151516,0.19696969696969696,0.0
5,COPOC,OCDF,0.13,0.9090909090909091,2.5454545454545454,1.5454545454545454,2.1666666666666665,3.0,4.575757575757575,0.19696969696969696,0.0
5,COPOC,OCDF,0.15000000000000002,0.9090909090909091,2.5454545454545454,1.5454545454545454,2.1666666666666665,3.0,4.171717171717171,0.19696969696969696,0.0
5,COPOC,OCDF,0.18000000000000005,0.8636363636363636,2.4545454545454546,1.4545454545454546,1.7777777777777777,3.0,4.148148148148147,0.24242424242424243,0.0
5,COPOC,OCDF,0.19999999999999996,0.8636363636363636,2.409090909090909,1.4090909090909092,1.7777777777777777,3.0,3.833333333333334,0.24242424242424243,0.0
5,COPOC,APS,0.020000000000000018,1.0,3.6666666666666665,2.6666666666666665,,0.0,2.6666666666666665,0.0,0.0
5,COPOC,APS,0.030000000000000027,1.0,3.6666666666666665,2.6666666666666665,,0.0,2.6666666666666665,0.0,0.0
5,COPOC,APS,0.050000000000000044,0.8787878787878788,2.1818181818181817,1.1818181818181819,1.5,3.0,8.454545454545448,0.18181818181818182,0.0
5,COPOC,APS,0.07999999999999996,0.8787878787878788,2.0606060606060606,1.0606060606060606,1.5,3.0,5.606060606060608,0.18181818181818182,0.0
5,COPOC,APS,0.09999999999999998,0.8787878787878788,2.0454545454545454,1.0454545454545454,1.5,3.0,4.6818181818181825,0.18181818181818182,0.0
5,COPOC,APS,0.13,0.8484848484848485,1.7424242424242424,0.7424242424242424,1.6,3.0,4.472027972027971,0.24242424242424243,0.0
5,COPOC,APS,0.15000000000000002,0.8484848484848485,1.7121212121212122,0.7121212121212122,1.6,3.0,3.944444444444444,0.24242424242424243,0.0
5,COPOC,APS,0.18000000000000005,0.8484848484848485,1.6515151515151516,0.6515151515151515,1.7,3.0,3.513468013468013,0.25757575757575757,0.0
5,COPOC,APS,0.19999999999999996,0.8333333333333334,1.5757575757575757,0.5757575757575758,1.6363636363636365,3.0,3.303030303030304,0.2727272727272727,0.0
5,COPOC,LAC,0.020000000000000018,1.0,3.727272727272727,2.727272727272727,,0.0,2.727272727272727,0.0,0.0
5,COPOC,LAC,0.030000000000000027,1.0,3.727272727272727,2.727272727272727,,0.0,2.727272727272727,0.0,0.0
5,COPOC,LAC,0.050000000000000044,0.9242424242424242,2.3333333333333335,1.3333333333333333,2.0,3.0,7.393939393939389,0.15151515151515152,0.0
5,COPOC,LAC,0.07999999999999996,0.9242424242424242,1.893939393939394,0.8939393939393939,2.4,3.0,5.439393939393942,0.18181818181818182,0.0
5,COPOC,LAC,0.09999999999999998,0.9242424242424242,1.8484848484848484,0.8484848484848485,2.4,3.0,4.484848484848485,0.18181818181818182,0.0
5,COPOC,LAC,0.13,0.9242424242424242,1.7878787878787878,0.7878787878787878,2.4,3.0,3.5850815850815847,0.18181818181818182,0.0
5,COPOC,LAC,0.15000000000000002,0.9242424242424242,1.7727272727272727,0.7727272727272727,2.4,3.0,3.196969696969697,0.18181818181818182,0.0
5,COPOC,LAC,0.18000000000000005,0.9090909090909091,1.696969696969697,0.696969696969697,2.1666666666666665,3.0,2.885521885521885,0.19696969696969696,0.0
5,COPOC,LAC,0.19999999999999996,0.8787878787878788,1.6363636363636365,0.6363636363636364,1.875,3.0,2.90909090909091,0.22727272727272727,0.0
6,COPOC,min-CPS,0.020000000000000018,1.0,3.772727272727273,2.772727272727273,,0.0,2.772727272727273,0.0,0.0
6,COPOC,min-CPS,0.030000000000000027,0.9696969696969697,2.803030303030303,1.803030303030303,2.0,3.0,5.84343434343434,0.06060606060606061,0.0
6,COPOC,min-CPS,0.050000000000000044,0.9696969696969697,2.727272727272727,1.7272727272727273,2.0,3.0,4.15151515151515,0.06060606060606061,0.0
6,COPOC,min-CPS,0.07999999999999996,0.9242424242424242,2.0454545454545454,1.0454545454545454,1.8,3.0,4.454545454545456,0.13636363636363635,0.0
6,COPOC,min-CPS,0.09999999999999998,0.9242424242424242,2.0454545454545454,1.0454545454545454,1.8,3.0,3.7727272727272734,0.13636363636363635,0.0
6,COPOC,min-CPS,0.13,0.8636363636363636,1.8333333333333333,0.8333333333333334,1.4444444444444444,3.0,3.8636363636363638,0.19696969696969696,0.0
6,COPOC,min-CPS,0.15000000000000002,0.8333333333333334,1.6363636363636365,0.6363636363636364,1.3636363636363635,3.0,3.666666666666666,0.22727272727272727,0.0
6,COPOC,min-CPS,0.18000000000000005,0.7878787878787878,1.4393939393939394,0.4393939393939394,1.3571428571428572,3.0,3.6380471380471375,0.2878787878787879,0.0
6,COPOC,min-CPS,0.19999999999999996,0.7727272727272727,1.4242424242424243,0.42424242424242425,1.3333333333333333,3.0,3.454545454545455,0.30303030303030304,0.0
6,COPOC,RPS,0.020000000000000018,1.0,3.9242424242424243,2.9242424242424243,,0.0,2.9242424242424243,0.0,0.0
6,COPOC,RPS,0.030000000000000027,1.0,3.9242424242424243,2.9242424242424243,,0.0,2.9242424242424243,0.0,0.0
6,COPOC,RPS,0.050000000000000044,0.9848484848484849,3.742424242424242,2.742424242424242,1.0,1.0,3.348484848484848,0.015151515151515152,0.0
6,COPOC,RPS,0.07999999999999996,0.9242424242424242,2.8181818181818183,1.8181818181818181,1.2,2.0,4.090909090909093,0.09090909090909091,0.0
6,COPOC,RPS,0.09999999999999998,0.9090909090909091,2.772727272727273,1.7727272727272727,1.1666666666666667,2.0,3.893939393939394,0.10606060606060606,0.0
6,COPOC,RPS,0.13,0.8333333333333334,2.606060606060606,1.606060606060606,1.0909090909090908,2.0,4.403263403263403,0.18181818181818182,0.0
6,COPOC,RPS,0.15000000000000002,0.8333333333333334,2.590909090909091,1.5909090909090908,1.0909090909090908,2.0,4.015151515151516,0.18181818181818182,0.0
6,COPOC,RPS,0.18000000000000005,0.7878787878787878,1.5606060606060606,0.5606060606060606,1.2857142857142858,3.0,3.59090909090909,0.2727272727272727,0.0
6,COPOC,RPS,0.19999999999999996,0.7575757575757576,1.4090909090909092,0.4090909090909091,1.3125,3.0,3.5909090909090917,0.3181818181818182,0.0
6,COPOC,OCDF,0.020000000000000018,1.0,3.909090909090909,2.909090909090909,,0.0,2.909090909090909,0.0,0.0
6,COPOC,OCDF,0.030000000000000027,1.0,3.909090909090909,2.909090909090909,,0.0,2.909090909090909,0.0,0.0
6,COPOC,OCDF,0.050000000000000044,0.9696969696969697,3.3484848484848486,2.3484848484848486,2.0,3.0,4.772727272727271,0.06060606060606061,0.0
6,COPOC,OCDF,0.07999999999999996,0.9545454545454546,2.9545454545454546,1.9545454545454546,2.3333333333333335,3.0,4.606060606060608,0.10606060606060606,0.0
6,COPOC,OCDF,0.09999999999999998,0.8787878787878788,2.606060606060606,1.606060606060606,1.5,3.0,5.242424242424242,0.18181818181818182,0.0
6,COPOC,OCDF,0.13,0.8636363636363636,2.590909090909091,1.5909090909090908,1.4444444444444444,3.0,4.62121212121212,0.19696969696969696,0.0
6,COPOC,OCDF,0.15000000000000002,0.8333333333333334,2.5,1.5,1.3636363636363635,3.0,4.53030303030303,0.22727272727272727,0.0
6,COPOC,OCDF,0.18000000000000005,0.803030303030303,2.393939393939394,1.393939393939394,1.3846153846153846,3.0,4.424242424242423,0.2727272727272727,0.0
6,COPOC,OCDF,0.19999999999999996,0.7878787878787878,2.3636363636363638,1.3636363636363635,1.4285714285714286,3.0,4.393939393939394,0.30303030303030304,0.0
6,COPOC,APS,0.020000000000000018,0.9848484848484849,3.727272727272727,2.727272727272727,1.0,1.0,4.24242424242424,0.015151515151515152,0.0
6,COPOC,APS,0.030000000000000027,0.9848484848484849,3.727272727272727,2.727272727272727,1.0,1.0,3.737373737373737,0.015151515151515152,0.0
6,COPOC,APS,0.050000000000000044,0.9696969696969697,2.757575757575758,1.7575757575757576,2.0,3.0,4.18181818181818,0.06060606060606061,0.0
6,COPOC,APS,0.07999999999999996,0.8787878787878788,2.0,1.0,1.5,3.0,5.545454545454548,0.18181818181818182,0.0
6,COPOC,APS,0.09999999999999998,0.8787878787878788,1.9696969696969697,0.9696969696969697,1.5,3.0,4.606060606060607,0.18181818181818182,0.0
6,COPOC,APS,0.13,0.8636363636363636,1.9090909090909092,0.9090909090909091,1.4444444444444444,3.0,3.9393939393939394,0.19696969696969696,0.0
6,COPOC,APS,0.15000000000000002,0.8333333333333334,1.7121212121212122,0.7121212121212122,1.3636363636363635,3.0,3.742424242424242,0.22727272727272727,0.0
6,COPOC,APS,0.18000000000000005,0.7878787878787878,1.6363636363636365,0.6363636363636364,1.3571428571428572,3.0,3.8350168350168348,0.2878787878787879,0.0
6,COPOC,APS,0.19999999999999996,0.7575757575757576,1.5606060606060606,0.5606060606060606,1.375,3.0,3.893939393939395,0.3333333333333333,0.0
6,COPOC,LAC,0.020000000000000018,1.0,3.742424242424242,2.742424242424242,,0.0,2.742424242424242,0.0,0.0
6,COPOC,LAC,0.030000000000000027,1.0,3.742424242424242,2.742424242424242,,0.0,2.742424242424242,0.0,0.0
6,COPOC,LAC,0.050000000000000044,0.9696969696969697,2.621212121212121,1.621212121212121,2.5,3.0,4.651515151515149,0.07575757575757576,0.0
6,COPOC,LAC,0.07999999999999996,0.9242424242424242,2.015151515151515,1.0151515151515151,1.8,3.0,4.424242424242426,0.13636363636363635,0.0
6,COPOC,LAC,0.09999999999999998,0.9242424242424242,1.9848484848484849,0.9848484848484849,1.8,3.0,3.712121212121213,0.13636363636363635,0.0
6,COPOC,LAC,0.13,0.8787878787878788,1.8484848484848484,0.8484848484848485,1.5,3.0,3.6456876456876453,0.18181818181818182,0.0
6,COPOC,LAC,0.15000000000000002,0.8636363636363636,1.7727272727272727,0.7727272727272727,1.4444444444444444,3.0,3.398989898989899,0.19696969696969696,0.0
6,COPOC,LAC,0.18000000000000005,0.8181818181818182,1.621212121212121,0.6212121212121212,1.3333333333333333,3.0,3.314814814814814,0.24242424242424243,0.0
6,COPOC,LAC,0.19999999999999996,0.7424242424242424,1.3333333333333333,0.3333333333333333,1.2941176470588236,3.0,3.6666666666666674,0.3333333333333333,0.0
7,COPOC,min-CPS,0.020000000000000018,0.9848484848484849,3.742424242424242,2.742424242424242,1.0,1.0,4.257575757575756,0.015151515151515152,0.0
7,COPOC,min-CPS,0.030000000000000027,0.9696969696969697,2.727272727272727,1.7272727272727273,2.0,3.0,5.767676767676765,0.06060606060606061,0.0
7,COPOC,min-CPS,0.050000000000000044,0.9696969696969697,2.696969696969697,1.696969696969697,2.0,3.0,4.121212121212119,0.06060606060606061,0.0
7,COPOC,min-CPS,0.07999999999999996,0.9545454545454546,2.287878787878788,1.2878787878787878,2.0,3.0,3.560606060606062,0.09090909090909091,0.0
7,COPOC,min-CPS,0.09999999999999998,0.9393939393939394,1.8484848484848484,0.8484848484848485,1.75,3.0,2.9696969696969697,0.10606060606060606,0.0
7,COPOC,min-CPS,0.13,0.9090909090909091,1.7575757575757576,0.7575757575757576,1.5,3.0,2.8554778554778553,0.13636363636363635,0.0
7,COPOC,min-CPS,0.15000000000000002,0.9090909090909091,1.696969696969697,0.696969696969697,1.5,3.0,2.515151515151515,0.13636363636363635,0.0
7,COPOC,min-CPS,0.18000000000000005,0.9090909090909091,1.6666666666666667,0.6666666666666666,1.5,3.0,2.1818181818181817,0.13636363636363635,0.0
7,COPOC,min-CPS,0.19999999999999996,0.8787878787878788,1.5454545454545454,0.5454545454545454,1.375,3.0,2.212121212121212,0.16666666666666666,0.0
7,COPOC,RPS,0.020000000000000018,0.9848484848484849,3.909090909090909,2.909090909090909,1.0,1.0,4.424242424242422,0.015151515151515152,0.0
7,COPOC,RPS,0.030000000000000027,0.9848484848484849,3.909090909090909,2.909090909090909,1.0,1.0,3.9191919191919187,0.015151515151515152,0.0
7,COPOC,RPS,0.050000000000000044,0.9848484848484849,3.712121212121212,2.712121212121212,1.0,1.0,3.318181818181818,0.015151515151515152,0.0
7,COPOC,RPS,0.07999999999999996,0.9696969696969697,3.0454545454545454,2.0454545454545454,1.5,2.0,3.1818181818181825,0.045454545454545456,0.0
7,COPOC,RPS,0.09999999999999998,0.9393939393939394,2.696969696969697,1.696969696969697,1.25,2.0,3.212121212121212,0.07575757575757576,0.0
7,COPOC,RPS,0.13,0.9393939393939394,2.6666666666666665,1.6666666666666667,1.25,2.0,2.8321678321678325,0.07575757575757576,0.0
7,COPOC,RPS,0.15000000000000002,0.9393939393939394,2.6363636363636362,1.6363636363636365,1.25,2.0,2.646464646464646,0.07575757575757576,0.0
7,COPOC,RPS,0.18000000000000005,0.9393939393939394,2.606060606060606,1.606060606060606,1.25,2.0,2.4478114478114477,0.07575757575757576,0.0
7,COPOC,RPS,0.19999999999999996,0.9242424242424242,2.5757575757575757,1.5757575757575757,1.2,2.0,2.484848484848485,0.09090909090909091,0.0
7,COPOC,OCDF,0.020000000000000018,0.9848484848484849,3.9242424242424243,2.9242424242424243,1.0,1.0,4.439393939393938,0.015151515151515152,0.0
7,COPOC,OCDF,0.030000000000000027,0.9848484848484849,3.9242424242424243,2.9242424242424243,1.0,1.0,3.934343434343434,0.015151515151515152,0.0
7,COPOC,OCDF,0.050000000000000044,0.9696969696969697,3.378787878787879,2.378787878787879,2.0,3.0,4.803030303030301,0.06060606060606061,0.0
7,COPOC,OCDF,0.07999999999999996,0.9696969696969697,3.0757575757575757,2.0757575757575757,2.5,3.0,3.9696969696969715,0.07575757575757576,0.0
7,COPOC,OCDF,0.09999999999999998,0.9696969696969697,2.8333333333333335,1.8333333333333333,2.5,3.0,3.3484848484848486,0.07575757575757576,0.0
7,COPOC,OCDF,0.13,0.9696969696969697,2.712121212121212,1.7121212121212122,2.5,3.0,2.8776223776223775,0.07575757575757576,0.0
7,COPOC,OCDF,0.15000000000000002,0.9696969696969697,2.696969696969697,1.696969696969697,2.5,3.0,2.7070707070707067,0.07575757575757576,0.0
7,COPOC,OCDF,0.18000000000000005,0.9393939393939394,2.621212121212121,1.621212121212121,1.75,3.0,2.7996632996632993,0.10606060606060606,0.0
7,COPOC,OCDF,0.19999999999999996,0.8939393939393939,2.5303030303030303,1.5303030303030303,1.4285714285714286,3.0,3.0454545454545454,0.15151515151515152,0.0
7,COPOC,APS,0.020000000000000018,1.0,3.878787878787879,2.878787878787879,,0.0,2.878787878787879,0.0,0.0
7,COPOC,APS,0.030000000000000027,1.0,3.878787878787879,2.878787878787879,,0.0,2.878787878787879,0.0,0.0
7,COPOC,APS,0.050000000000000044,0.9696969696969697,2.5303030303030303,1.5303030303030303,2.5,3.0,4.560606060606058,0.07575757575757576,0.0
7,COPOC,APS,0.07999999999999996,0.9545454545454546,2.257575757575758,1.2575757575757576,2.0,3.0,3.5303030303030316,0.09090909090909091,0.0
7,COPOC,APS,0.09999999999999998,0.9242424242424242,2.121212121212121,1.121212121212121,1.6,3.0,3.5454545454545454,0.12121212121212122,0.0
7,COPOC,APS,0.13,0.9242424242424242,1.9242424242424243,0.9242424242424242,1.6,3.0,2.789044289044289,0.12121212121212122,0.0
7,COPOC,APS,0.15000000000000002,0.9090909090909091,1.8636363636363635,0.8636363636363636,1.5,3.0,2.6818181818181817,0.13636363636363635,0.0
7,COPOC,APS,0.18000000000000005,0.9090909090909091,1.696969696969697,0.696969696969697,1.5,3.0,2.212121212121212,0.13636363636363635,0.0
7,COPOC,APS,0.19999999999999996,0.8939393939393939,1.6363636363636365,0.6363636363636364,1.4285714285714286,3.0,2.1515151515151514,0.15151515151515152,0.0
7,COPOC,LAC,0.020000000000000018,0.9848484848484849,3.696969696969697,2.696969696969697,1.0,1.0,4.21212121212121,0.015151515151515152,0.0
7,COPOC,LAC,0.030000000000000027,0.9848484848484849,3.696969696969697,2.696969696969697,1.0,1.0,3.7070707070707063,0.015151515151515152,0.0
7,COPOC,LAC,0.050000000000000044,0.9696969696969697,2.5757575757575757,1.5757575757575757,2.5,3.0,4.606060606060604,0.07575757575757576,0.0
7,COPOC,LAC,0.07999999999999996,0.9545454545454546,2.242424242424242,1.2424242424242424,2.0,3.0,3.5151515151515165,0.09090909090909091,0.0
7,COPOC,LAC,0.09999999999999998,0.9393939393939394,1.8484848484848484,0.8484848484848485,1.75,3.0,2.9696969696969697,0.10606060606060606,0.0
7,COPOC,LAC,0.13,0.9242424242424242,1.7575757575757576,0.7575757575757576,1.6,3.0,2.622377622377622,0.12121212121212122,0.0
7,COPOC,LAC,0.15000000000000002,0.9090909090909091,1.7424242424242424,0.7424242424242424,1.5,3.0,2.5606060606060606,0.13636363636363635,0.0
7,COPOC,LAC,0.18000000000000005,0.8939393939393939,1.606060606060606,0.6060606060606061,1.4285714285714286,3.0,2.2895622895622894,0.15151515151515152,0.0
7,COPOC,LAC,0.19999999999999996,0.8939393939393939,1.5606060606060606,0.5606060606060606,1.4285714285714286,3.0,2.0757575757575757,0.15151515151515152,0.0
8,COPOC,min-CPS,0.020000000000000018,1.0,3.878787878787879,2.878787878787879,,0.0,2.878787878787879,0.0,0.0
8,COPOC,min-CPS,0.030000000000000027,1.0,3.878787878787879,2.878787878787879,,0.0,2.878787878787879,0.0,0.0
8,COPOC,min-CPS,0.050000000000000044,0.9696969696969697,2.757575757575758,1.7575757575757576,1.0,1.0,2.969696969696969,0.030303030303030304,0.0
8,COPOC,min-CPS,0.07999999999999996,0.9090909090909091,1.9393939393939394,0.9393939393939394,1.6666666666666667,2.0,4.727272727272729,0.15151515151515152,0.0
8,COPOC,min-CPS,0.09999999999999998,0.9090909090909091,1.9242424242424243,0.9242424242424242,1.6666666666666667,2.0,3.9545454545454555,0.15151515151515152,0.0
8,COPOC,min-CPS,0.13,0.9090909090909091,1.7878787878787878,0.7878787878787878,1.8333333333333333,3.0,3.3519813519813515,0.16666666666666666,0.0
8,COPOC,min-CPS,0.15000000000000002,0.8787878787878788,1.7424242424242424,0.7424242424242424,1.625,3.0,3.3686868686868685,0.19696969696969696,0.0
8,COPOC,min-CPS,0.18000000000000005,0.8636363636363636,1.5606060606060606,0.5606060606060606,1.5555555555555556,3.0,2.9175084175084174,0.21212121212121213,0.0
8,COPOC,min-CPS,0.19999999999999996,0.8636363636363636,1.5606060606060606,0.5606060606060606,1.5555555555555556,3.0,2.681818181818182,0.21212121212121213,0.0
8,COPOC,RPS,0.020000000000000018,1.0,3.9545454545454546,2.9545454545454546,,0.0,2.9545454545454546,0.0,0.0
8,COPOC,RPS,0.030000000000000027,1.0,3.9545454545454546,2.9545454545454546,,0.0,2.9545454545454546,0.0,0.0
8,COPOC,RPS,0.050000000000000044,1.0,3.803030303030303,2.803030303030303,,0.0,2.803030303030303,0.0,0.0
8,COPOC,RPS,0.07999999999999996,0.9393939393939394,2.8181818181818183,1.8181818181818181,1.25,2.0,3.7121212121212133,0.07575757575757576,0.0
8,COPOC,RPS,0.09999999999999998,0.9242424242424242,2.742424242424242,1.7424242424242424,1.2,2.0,3.5606060606060606,0.09090909090909091,0.0
8,COPOC,RPS,0.13,0.8939393939393939,2.6818181818181817,1.6818181818181819,1.1428571428571428,2.0,3.5466200466200464,0.12121212121212122,0.0
8,COPOC,RPS,0.15000000000000002,0.8939393939393939,2.6666666666666665,1.6666666666666667,1.1428571428571428,2.0,3.282828282828283,0.12121212121212122,0.0
8,COPOC,RPS,0.18000000000000005,0.8787878787878788,2.621212121212121,1.621212121212121,1.125,2.0,3.1363636363636354,0.13636363636363635,0.0
8,COPOC,RPS,0.19999999999999996,0.8484848484848485,1.7121212121212122,0.7121212121212122,1.3,2.0,2.681818181818182,0.19696969696969696,0.0
8,COPOC,OCDF,0.020000000000000018,1.0,3.9545454545454546,2.9545454545454546,,0.0,2.9545454545454546,0.0,0.0
8,COPOC,OCDF,0.030000000000000027,1.0,3.9545454545454546,2.9545454545454546,,0.0,2.9545454545454546,0.0,0.0
8,COPOC,OCDF,0.050000000000000044,0.9696969696969697,3.409090909090909,2.409090909090909,1.0,1.0,3.62121212121212,0.030303030303030304,0.0
8,COPOC,OCDF,0.07999999999999996,0.9242424242424242,2.6666666666666665,1.6666666666666667,2.0,3.0,5.454545454545456,0.15151515151515152,0.0
8,COPOC,OCDF,0.09999999999999998,0.8484848484848485,2.5,1.5,1.5,3.0,6.045454545454547,0.22727272727272727,0.0
8,COPOC,OCDF,0.13,0.803030303030303,2.3636363636363638,1.3636363636363635,1.4615384615384615,3.0,5.792540792540792,0.2878787878787879,0.0
8,COPOC,OCDF,0.15000000000000002,0.803030303030303,2.3636363636363638,1.3636363636363635,1.4615384615384615,3.0,5.2020202020202015,0.2878787878787879,0.0
8,COPOC,OCDF,0.18000000000000005,0.7878787878787878,2.3484848484848486,1.3484848484848484,1.4285714285714286,3.0,4.7154882154882145,0.30303030303030304,0.0
8,COPOC,OCDF,0.19999999999999996,0.7878787878787878,2.3333333333333335,1.3333333333333333,1.5,3.0,4.515151515151516,0.3181818181818182,0.0
8,COPOC,APS,0.020000000000000018,1.0,3.8484848484848486,2.8484848484848486,,0.0,2.8484848484848486,0.0,0.0
8,COPOC,APS,0.030000000000000027,1.0,3.8484848484848486,2.8484848484848486,,0.0,2.8484848484848486,0.0,0.0
8,COPOC,APS,0.050000000000000044,0.9848484848484849,2.893939393939394,1.893939393939394,1.0,1.0,2.4999999999999996,0.015151515151515152,0.0
8,COPOC,APS,0.07999999999999996,0.9393939393939394,2.4696969696969697,1.4696969696969697,1.25,2.0,3.3636363636363646,0.07575757575757576,0.0
8,COPOC,APS,0.09999999999999998,0.9393939393939394,2.4696969696969697,1.4696969696969697,1.25,2.0,2.984848484848485,0.07575757575757576,0.0
8,COPOC,APS,0.13,0.9242424242424242,2.0454545454545454,1.0454545454545454,1.8,2.0,3.1433566433566433,0.13636363636363635,0.0
8,COPOC,APS,0.15000000000000002,0.9242424242424242,2.015151515151515,1.0151515151515151,1.8,2.0,2.8333333333333335,0.13636363636363635,0.0
8,COPOC,APS,0.18000000000000005,0.8939393939393939,1.8636363636363635,0.8636363636363636,1.5714285714285714,2.0,2.7154882154882145,0.16666666666666666,0.0
8,COPOC,APS,0.19999999999999996,0.8333333333333334,1.5909090909090908,0.5909090909090909,1.4545454545454546,3.0,3.015151515151515,0.24242424242424243,0.0
8,COPOC,LAC,0.020000000000000018,1.0,3.8484848484848486,2.8484848484848486,,0.0,2.8484848484848486,0.0,0.0
8,COPOC,LAC,0.030000000000000027,1.0,3.8484848484848486,2.8484848484848486,,0.0,2.8484848484848486,0.0,0.0
8,COPOC,LAC,0.050000000000000044,0.9696969696969697,2.6363636363636362,1.6363636363636365,1.5,2.0,3.454545454545453,0.045454545454545456,0.0
8,COPOC,LAC,0.07999999999999996,0.9090909090909091,1.8484848484848484,0.8484848484848485,1.8333333333333333,3.0,5.0151515151515165,0.16666666666666666,0.0
8,COPOC,LAC,0.09999999999999998,0.9090909090909091,1.8484848484848484,0.8484848484848485,1.8333333333333333,3.0,4.1818181818181825,0.16666666666666666,0.0
8,COPOC,LAC,0.13,0.9090909090909091,1.803030303030303,0.803030303030303,1.8333333333333333,3.0,3.3671328671328666,0.16666666666666666,0.0
8,COPOC,LAC,0.15000000000000002,0.9090909090909091,1.803030303030303,0.803030303030303,1.8333333333333333,3.0,3.025252525252525,0.16666666666666666,0.0
8,COPOC,LAC,0.18000000000000005,0.8787878787878788,1.6666666666666667,0.6666666666666666,1.625,3.0,2.8552188552188547,0.19696969696969696,0.0
8,COPOC,LAC,0.19999999999999996,0.8484848484848485,1.5454545454545454,0.5454545454545454,1.5,3.0,2.818181818181819,0.22727272727272727,0.0
9,COPOC,min-CPS,0.020000000000000018,0.9848484848484849,3.8333333333333335,2.8333333333333335,1.0,1.0,4.348484848484847,0.015151515151515152,0.0
9,COPOC,min-CPS,0.030000000000000027,0.9848484848484849,2.9242424242424243,1.9242424242424243,3.0,3.0,4.954545454545452,0.045454545454545456,0.0
9,COPOC,min-CPS,0.050000000000000044,0.9696969696969697,2.727272727272727,1.7272727272727273,2.0,3.0,4.15151515151515,0.06060606060606061,0.0
9,COPOC,min-CPS,0.07999999999999996,0.9545454545454546,2.409090909090909,1.4090909090909092,2.0,3.0,3.6818181818181834,0.09090909090909091,0.0
9,COPOC,min-CPS,0.09999999999999998,0.9545454545454546,2.287878787878788,1.2878787878787878,2.0,3.0,3.106060606060606,0.09090909090909091,0.0
9,COPOC,min-CPS,0.13,0.9393939393939394,2.0757575757575757,1.0757575757575757,2.0,3.0,2.94055944055944,0.12121212121212122,0.0
9,COPOC,min-CPS,0.15000000000000002,0.9242424242424242,1.8636363636363635,0.8636363636363636,2.0,3.0,2.8838383838383836,0.15151515151515152,0.0
9,COPOC,min-CPS,0.18000000000000005,0.8484848484848485,1.621212121212121,0.6212121212121212,1.5,3.0,3.1464646464646457,0.22727272727272727,0.0
9,COPOC,min-CPS,0.19999999999999996,0.8484848484848485,1.606060606060606,0.6060606060606061,1.5,3.0,2.87878787878788,0.22727272727272727,0.0
9,COPOC,RPS,0.020000000000000018,0.9848484848484849,3.9393939393939394,2.9393939393939394,1.0,1.0,4.454545454545453,0.015151515151515152,0.0
9,COPOC,RPS,0.030000000000000027,0.9848484848484849,3.9393939393939394,2.9393939393939394,1.0,1.0,3.949494949494949,0.015151515151515152,0.0
9,COPOC,RPS,0.050000000000000044,0.9696969696969697,3.196969696969697,2.196969696969697,1.5,2.0,4.015151515151514,0.045454545454545456,0.0
9,COPOC,RPS,0.07999999999999996,0.9545454545454546,2.8181818181818183,1.8181818181818181,1.6666666666666667,2.0,3.7121212121212133,0.07575757575757576,0.0
9,COPOC,RPS,0.09999999999999998,0.9242424242424242,2.6818181818181817,1.6818181818181819,1.4,2.0,3.803030303030303,0.10606060606060606,0.0
9,COPOC,RPS,0.13,0.9090909090909091,2.621212121212121,1.621212121212121,1.3333333333333333,2.0,3.486013986013986,0.12121212121212122,0.0
9,COPOC,RPS,0.15000000000000002,0.9090909090909091,2.606060606060606,1.606060606060606,1.3333333333333333,2.0,3.222222222222222,0.12121212121212122,0.0
9,COPOC,RPS,0.18000000000000005,0.8787878787878788,2.5303030303030303,1.5303030303030303,1.25,2.0,3.213804713804713,0.15151515151515152,0.0
9,COPOC,RPS,0.19999999999999996,0.8787878787878788,2.5,1.5,1.25,2.0,3.015151515151515,0.15151515151515152,0.0
9,COPOC,OCDF,0.020000000000000018,0.9848484848484849,3.9242424242424243,2.9242424242424243,1.0,1.0,4.439393939393938,0.015151515151515152,0.0
9,COPOC,OCDF,0.030000000000000027,0.9848484848484849,3.9242424242424243,2.9242424242424243,1.0,1.0,3.934343434343434,0.015151515151515152,0.0
9,COPOC,OCDF,0.050000000000000044,0.9696969696969697,3.287878787878788,2.287878787878788,2.0,3.0,4.71212121212121,0.06060606060606061,0.0
9,COPOC,OCDF,0.07999999999999996,0.9393939393939394,2.712121212121212,1.7121212121212122,2.25,3.0,5.121212121212123,0.13636363636363635,0.0
9,COPOC,OCDF,0.09999999999999998,0.9393939393939394,2.6515151515151514,1.6515151515151516,2.25,3.0,4.37878787878788,0.13636363636363635,0.0
9,COPOC,OCDF,0.13,0.9090909090909091,2.5454545454545454,1.5454545454545454,1.8333333333333333,3.0,4.10955710955711,0.16666666666666666,0.0
9,COPOC,OCDF,0.15000000000000002,0.8484848484848485,2.4393939393939394,1.4393939393939394,1.6,3.0,4.671717171717171,0.24242424242424243,0.0
9,COPOC,OCDF,0.18000000000000005,0.8181818181818182,2.3484848484848486,1.3484848484848484,1.5,3.0,4.378787878787878,0.2727272727272727,0.0
9,COPOC,OCDF,0.19999999999999996,0.803030303030303,2.3333333333333335,1.3333333333333333,1.4615384615384615,3.0,4.212121212121212,0.2878787878787879,0.0
9,COPOC,APS,0.020000000000000018,0.9848484848484849,3.8636363636363638,2.8636363636363638,1.0,1.0,4.378787878787877,0.015151515151515152,0.0
9,COPOC,APS,0.030000000000000027,0.9848484848484849,3.8636363636363638,2.8636363636363638,1.0,1.0,3.8737373737373733,0.015151515151515152,0.0
9,COPOC,APS,0.050000000000000044,0.9696969696969697,2.772727272727273,1.7727272727272727,2.0,3.0,4.1969696969696955,0.06060606060606061,0.0
9,COPOC,APS,0.07999999999999996,0.9696969696969697,2.4696969696969697,1.4696969696969697,2.5,3.0,3.3636363636363646,0.07575757575757576,0.0
9,COPOC,APS,0.09999999999999998,0.9696969696969697,2.4393939393939394,1.4393939393939394,2.5,3.0,2.9545454545454546,0.07575757575757576,0.0
9,COPOC,APS,0.13,0.9393939393939394,2.212121212121212,1.2121212121212122,1.75,3.0,2.8438228438228434,0.10606060606060606,0.0
9,COPOC,APS,0.15000000000000002,0.9242424242424242,2.0303030303030303,1.0303030303030303,1.6,3.0,2.646464646464646,0.12121212121212122,0.0
9,COPOC,APS,0.18000000000000005,0.8484848484848485,1.696969696969697,0.696969696969697,1.5,3.0,3.2222222222222214,0.22727272727272727,0.0
9,COPOC,APS,0.19999999999999996,0.8484848484848485,1.6666666666666667,0.6666666666666666,1.5,3.0,2.93939393939394,0.22727272727272727,0.0
9,COPOC,LAC,0.020000000000000018,0.9848484848484849,3.803030303030303,2.803030303030303,1.0,1.0,4.318181818181817,0.015151515151515152,0.0
9,COPOC,LAC,0.030000000000000027,0.9848484848484849,3.803030303030303,2.803030303030303,1.0,1.0,3.8131313131313127,0.015151515151515152,0.0
9,COPOC,LAC,0.050000000000000044,0.9696969696969697,2.6666666666666665,1.6666666666666667,2.0,3.0,4.090909090909089,0.06060606060606061,0.0
9,COPOC,LAC,0.07999999999999996,0.9545454545454546,2.378787878787879,1.378787878787879,2.0,3.0,3.651515151515153,0.09090909090909091,0.0
9,COPOC,LAC,0.09999999999999998,0.9545454545454546,2.1363636363636362,1.1363636363636365,2.3333333333333335,3.0,3.257575757575758,0.10606060606060606,0.0
9,COPOC,LAC,0.13,0.9393939393939394,1.9242424242424243,0.9242424242424242,2.25,3.0,3.0221445221445222,0.13636363636363635,0.0
9,COPOC,LAC,0.15000000000000002,0.9393939393939394,1.878787878787879,0.8787878787878788,2.25,3.0,2.696969696969697,0.13636363636363635,0.0
9,COPOC,LAC,0.18000000000000005,0.9242424242424242,1.803030303030303,0.803030303030303,2.0,3.0,2.486531986531986,0.15151515151515152,0.0
9,COPOC,LAC,0.19999999999999996,0.803030303030303,1.5606060606060606,0.5606060606060606,1.3846153846153846,3.0,3.287878787878789,0.2727272727272727,0.0
10,COPOC,min-CPS,0.020000000000000018,0.9848484848484849,3.8181818181818183,2.8181818181818183,1.0,1.0,4.333333333333331,0.015151515151515152,0.0
10,COPOC,min-CPS,0.030000000000000027,0.9696969696969697,2.878787878787879,1.878787878787879,2.0,3.0,5.919191919191916,0.06060606060606061,0.0
10,COPOC,min-CPS,0.050000000000000044,0.8939393939393939,2.015151515151515,1.0151515151515151,2.0,3.0,9.499999999999993,0.21212121212121213,0.0
10,COPOC,min-CPS,0.07999999999999996,0.8939393939393939,2.015151515151515,1.0151515151515151,2.0,3.0,6.318181818181821,0.21212121212121213,0.0
10,COPOC,min-CPS,0.09999999999999998,0.8939393939393939,1.9090909090909092,0.9090909090909091,2.142857142857143,3.0,5.454545454545455,0.22727272727272727,0.0
10,COPOC,min-CPS,0.13,0.8787878787878788,1.8484848484848484,0.8484848484848485,2.0,3.0,4.578088578088578,0.24242424242424243,0.0
10,COPOC,min-CPS,0.15000000000000002,0.8484848484848485,1.696969696969697,0.696969696969697,1.8,3.0,4.333333333333333,0.2727272727272727,0.0
10,COPOC,min-CPS,0.18000000000000005,0.8181818181818182,1.606060606060606,0.6060606060606061,1.75,3.0,4.14141414141414,0.3181818181818182,0.0
10,COPOC,min-CPS,0.19999999999999996,0.803030303030303,1.5757575757575757,0.5757575757575758,1.6923076923076923,3.0,3.909090909090909,0.3333333333333333,0.0
10,COPOC,RPS,0.020000000000000018,0.9848484848484849,3.9242424242424243,2.9242424242424243,1.0,1.0,4.439393939393938,0.015151515151515152,0.0
10,COPOC,RPS,0.030000000000000027,0.9848484848484849,3.9242424242424243,2.9242424242424243,1.0,1.0,3.934343434343434,0.015151515151515152,0.0
10,COPOC,RPS,0.050000000000000044,0.9090909090909091,2.8333333333333335,1.8333333333333333,1.5,2.0,7.287878787878784,0.13636363636363635,0.0
10,COPOC,RPS,0.07999999999999996,0.8939393939393939,2.757575757575758,1.7575757575757576,1.4285714285714286,2.0,5.545454545454547,0.15151515151515152,0.0
10,COPOC,RPS,0.09999999999999998,0.8939393939393939,2.696969696969697,1.696969696969697,1.4285714285714286,2.0,4.7272727272727275,0.15151515151515152,0.0
10,COPOC,RPS,0.13,0.8484848484848485,2.590909090909091,1.5909090909090908,1.3,2.0,4.621212121212121,0.19696969696969696,0.0
10,COPOC,RPS,0.15000000000000002,0.8484848484848485,2.590909090909091,1.5909090909090908,1.3,2.0,4.217171717171717,0.19696969696969696,0.0
10,COPOC,RPS,0.18000000000000005,0.803030303030303,1.5909090909090908,0.5909090909090909,1.6153846153846154,3.0,4.126262626262626,0.3181818181818182,0.0
10,COPOC,RPS,0.19999999999999996,0.7878787878787878,1.5303030303030303,0.5303030303030303,1.5714285714285714,3.0,3.8636363636363646,0.3333333333333333,0.0
10,COPOC,OCDF,0.020000000000000018,0.9848484848484849,3.9242424242424243,2.9242424242424243,1.0,1.0,4.439393939393938,0.015151515151515152,0.0
10,COPOC,OCDF,0.030000000000000027,0.9848484848484849,3.9242424242424243,2.9242424242424243,1.0,1.0,3.934343434343434,0.015151515151515152,0.0
10,COPOC,OCDF,0.050000000000000044,0.9242424242424242,2.878787878787879,1.878787878787879,2.4,3.0,9.151515151515145,0.18181818181818182,0.0
10,COPOC,OCDF,0.07999999999999996,0.8939393939393939,2.6363636363636362,1.6363636363636365,2.142857142857143,3.0,7.318181818181821,0.22727272727272727,0.0
10,COPOC,OCDF,0.09999999999999998,0.8939393939393939,2.590909090909091,1.5909090909090908,2.142857142857143,3.0,6.136363636363638,0.22727272727272727,0.0
10,COPOC,OCDF,0.13,0.8939393939393939,2.590909090909091,1.5909090909090908,2.142857142857143,3.0,5.087412587412587,0.22727272727272727,0.0
10,COPOC,OCDF,0.15000000000000002,0.8636363636363636,2.5454545454545454,1.5454545454545454,1.8888888888888888,3.0,4.979797979797979,0.25757575757575757,0.0
10,COPOC,OCDF,0.18000000000000005,0.8333333333333334,2.4393939393939394,1.4393939393939394,1.8181818181818181,3.0,4.806397306397305,0.30303030303030304,0.0
10,COPOC,OCDF,0.19999999999999996,0.803030303030303,2.3484848484848486,1.3484848484848484,1.7692307692307692,3.0,4.833333333333333,0.3484848484848485,0.0
10,COPOC,APS,0.020000000000000018,0.9848484848484849,3.8333333333333335,2.8333333333333335,1.0,1.0,4.348484848484847,0.015151515151515152,0.0
10,COPOC,APS,0.030000000000000027,0.9848484848484849,3.8333333333333335,2.8333333333333335,1.0,1.0,3.843434343434343,0.015151515151515152,0.0
10,COPOC,APS,0.050000000000000044,0.9393939393939394,2.5606060606060606,1.5606060606060606,1.5,3.0,5.196969696969694,0.09090909090909091,0.0
10,COPOC,APS,0.07999999999999996,0.8939393939393939,2.0454545454545454,1.0454545454545454,1.7142857142857142,3.0,5.5909090909090935,0.18181818181818182,0.0
10,COPOC,APS,0.09999999999999998,0.8939393939393939,2.015151515151515,1.0151515151515151,1.8571428571428572,3.0,4.954545454545455,0.19696969696969696,0.0
10,COPOC,APS,0.13,0.8787878787878788,1.8484848484848484,0.8484848484848485,2.0,3.0,4.578088578088578,0.24242424242424243,0.0
10,COPOC,APS,0.15000000000000002,0.8636363636363636,1.7727272727272727,0.7727272727272727,1.8888888888888888,3.0,4.207070707070707,0.25757575757575757,0.0
10,COPOC,APS,0.18000000000000005,0.8333333333333334,1.6818181818181819,0.6818181818181818,1.7272727272727273,3.0,3.88047138047138,0.2878787878787879,0.0
10,COPOC,APS,0.19999999999999996,0.7727272727272727,1.5454545454545454,0.5757575757575758,1.8,3.0,4.515151515151516,0.4090909090909091,0.0
10,COPOC,LAC,0.020000000000000018,0.9848484848484849,3.772727272727273,2.772727272727273,1.0,1.0,4.287878787878786,0.015151515151515152,0.0
10,COPOC,LAC,0.030000000000000027,0.9848484848484849,3.772727272727273,2.772727272727273,1.0,1.0,3.7828282828282824,0.015151515151515152,0.0
10,COPOC,LAC,0.050000000000000044,0.8939393939393939,1.9696969696969697,0.9696969696969697,2.142857142857143,3.0,10.060606060606052,0.22727272727272727,0.0
10,COPOC,LAC,0.07999999999999996,0.8939393939393939,1.9090909090909092,0.9090909090909091,2.142857142857143,3.0,6.5909090909090935,0.22727272727272727,0.0
10,COPOC,LAC,0.09999999999999998,0.8787878787878788,1.8636363636363635,0.8636363636363636,2.0,3.0,5.712121212121213,0.24242424242424243,0.0
10,COPOC,LAC,0.13,0.8636363636363636,1.803030303030303,0.803030303030303,1.8888888888888888,3.0,4.765734265734266,0.25757575757575757,0.0
10,COPOC,LAC,0.15000000000000002,0.8636363636363636,1.7575757575757576,0.7575757575757576,1.8888888888888888,3.0,4.191919191919191,0.25757575757575757,0.0
10,COPOC,LAC,0.18000000000000005,0.8333333333333334,1.6666666666666667,0.6666666666666666,1.7272727272727273,3.0,3.8653198653198646,0.2878787878787879,0.0
10,COPOC,LAC,0.19999999999999996,0.8333333333333334,1.6515151515151516,0.6515151515151515,1.7272727272727273,3.0,3.5303030303030307,0.2878787878787879,0.0
11,COPOC,min-CPS,0.020000000000000018,0.9848484848484849,3.712121212121212,2.712121212121212,1.0,1.0,4.227272727272726,0.015151515151515152,0.0
11,COPOC,min-CPS,0.030000000000000027,0.9545454545454546,2.606060606060606,1.606060606060606,1.6666666666666667,3.0,6.656565656565653,0.07575757575757576,0.0
11,COPOC,min-CPS,0.050000000000000044,0.9545454545454546,2.3333333333333335,1.3333333333333333,2.0,3.0,4.969696969696966,0.09090909090909091,0.0
11,COPOC,min-CPS,0.07999999999999996,0.9545454545454546,2.257575757575758,1.2575757575757576,2.3333333333333335,3.0,3.909090909090911,0.10606060606060606,0.0
11,COPOC,min-CPS,0.09999999999999998,0.9393939393939394,1.9545454545454546,0.9545454545454546,2.0,3.0,3.3787878787878793,0.12121212121212122,0.0
11,COPOC,min-CPS,0.13,0.9242424242424242,1.8636363636363635,0.8636363636363636,1.8,3.0,2.9615384615384612,0.13636363636363635,0.0
11,COPOC,min-CPS,0.15000000000000002,0.9090909090909091,1.7727272727272727,0.7727272727272727,1.6666666666666667,3.0,2.792929292929293,0.15151515151515152,0.0
11,COPOC,min-CPS,0.18000000000000005,0.8787878787878788,1.5757575757575757,0.5757575757575758,1.5,3.0,2.5959595959595956,0.18181818181818182,0.0
11,COPOC,min-CPS,0.19999999999999996,0.8787878787878788,1.5757575757575757,0.5757575757575758,1.5,3.0,2.393939393939394,0.18181818181818182,0.0
11,COPOC,RPS,0.020000000000000018,0.9848484848484849,3.878787878787879,2.878787878787879,1.0,1.0,4.393939393939392,0.015151515151515152,0.0
11,COPOC,RPS,0.030000000000000027,0.9848484848484849,3.878787878787879,2.878787878787879,1.0,1.0,3.8888888888888884,0.015151515151515152,0.0
11,COPOC,RPS,0.050000000000000044,0.9848484848484849,3.6818181818181817,2.6818181818181817,1.0,1.0,3.2878787878787876,0.015151515151515152,0.0
11,COPOC,RPS,0.07999999999999996,0.9393939393939394,2.803030303030303,1.803030303030303,1.25,2.0,3.696969696969698,0.07575757575757576,0.0
11,COPOC,RPS,0.09999999999999998,0.9393939393939394,2.787878787878788,1.7878787878787878,1.25,2.0,3.303030303030303,0.07575757575757576,0.0
11,COPOC,RPS,0.13,0.9393939393939394,2.772727272727273,1.7727272727272727,1.25,2.0,2.9382284382284385,0.07575757575757576,0.0
11,COPOC,RPS,0.15000000000000002,0.9242424242424242,2.696969696969697,1.696969696969697,1.2,2.0,2.909090909090909,0.09090909090909091,0.0
11,COPOC,RPS,0.18000000000000005,0.8484848484848485,2.5606060606060606,1.5606060606060606,1.1,2.0,3.4124579124579117,0.16666666666666666,0.0
11,COPOC,RPS,0.19999999999999996,0.8333333333333334,1.5606060606060606,0.5606060606060606,1.3636363636363635,3.0,2.8333333333333344,0.22727272727272727,0.0
11,COPOC,OCDF,0.020000000000000018,0.9848484848484849,3.909090909090909,2.909090909090909,1.0,1.0,4.424242424242422,0.015151515151515152,0.0
11,COPOC,OCDF,0.030000000000000027,0.9848484848484849,3.909090909090909,2.909090909090909,1.0,1.0,3.9191919191919187,0.015151515151515152,0.0
11,COPOC,OCDF,0.050000000000000044,0.9545454545454546,3.1363636363636362,2.1363636363636362,2.0,3.0,5.772727272727269,0.09090909090909091,0.0
11,COPOC,OCDF,0.07999999999999996,0.9545454545454546,2.878787878787879,1.878787878787879,2.3333333333333335,3.0,4.530303030303032,0.10606060606060606,0.0
11,COPOC,OCDF,0.09999999999999998,0.9545454545454546,2.8181818181818183,1.8181818181818181,2.3333333333333335,3.0,3.9393939393939394,0.10606060606060606,0.0
11,COPOC,OCDF,0.13,0.9545454545454546,2.6818181818181817,1.6818181818181819,2.3333333333333335,3.0,3.313519813519813,0.10606060606060606,0.0
11,COPOC,OCDF,0.15000000000000002,0.9393939393939394,2.6363636363636362,1.6363636363636365,2.0,3.0,3.2525252525252526,0.12121212121212122,0.0
11,COPOC,OCDF,0.18000000000000005,0.9393939393939394,2.621212121212121,1.621212121212121,2.0,3.0,2.9680134680134675,0.12121212121212122,0.0
11,COPOC,OCDF,0.19999999999999996,0.9090909090909091,2.5757575757575757,1.5757575757575757,1.6666666666666667,3.0,3.090909090909091,0.15151515151515152,0.0
11,COPOC,APS,0.020000000000000018,0.9848484848484849,3.606060606060606,2.606060606060606,1.0,1.0,4.121212121212119,0.015151515151515152,0.0
11,COPOC,APS,0.030000000000000027,0.9848484848484849,3.606060606060606,2.606060606060606,1.0,1.0,3.6161616161616155,0.015151515151515152,0.0
11,COPOC,APS,0.050000000000000044,0.9848484848484849,2.878787878787879,1.878787878787879,3.0,3.0,3.6969696969696955,0.045454545454545456,0.0
11,COPOC,APS,0.07999999999999996,0.9393939393939394,2.3181818181818183,1.3181818181818181,1.75,3.0,3.9696969696969715,0.10606060606060606,0.0
11,COPOC,APS,0.09999999999999998,0.9393939393939394,2.1515151515151514,1.1515151515151516,2.0,3.0,3.575757575757576,0.12121212121212122,0.0
11,COPOC,APS,0.13,0.9242424242424242,1.8484848484848484,0.8484848484848485,1.8,3.0,2.946386946386946,0.13636363636363635,0.0
11,COPOC,APS,0.15000000000000002,0.9242424242424242,1.7575757575757576,0.7575757575757576,1.8,3.0,2.5757575757575757,0.13636363636363635,0.0
11,COPOC,APS,0.18000000000000005,0.9242424242424242,1.696969696969697,0.696969696969697,1.8,3.0,2.2121212121212115,0.13636363636363635,0.0
11,COPOC,APS,0.19999999999999996,0.9242424242424242,1.6818181818181819,0.6818181818181818,1.8,3.0,2.0454545454545454,0.13636363636363635,0.0
11,COPOC,LAC,0.020000000000000018,0.9848484848484849,3.6818181818181817,2.6818181818181817,1.0,1.0,4.1969696969696955,0.015151515151515152,0.0
11,COPOC,LAC,0.030000000000000027,0.9848484848484849,3.6818181818181817,2.6818181818181817,1.0,1.0,3.691919191919191,0.015151515151515152,0.0
11,COPOC,LAC,0.050000000000000044,0.9545454545454546,2.272727272727273,1.2727272727272727,2.3333333333333335,3.0,5.515151515151512,0.10606060606060606,0.0
11,COPOC,LAC,0.07999999999999996,0.9545454545454546,2.212121212121212,1.2121212121212122,2.3333333333333335,3.0,3.863636363636365,0.10606060606060606,0.0
11,COPOC,LAC,0.09999999999999998,0.9393939393939394,1.9242424242424243,0.9242424242424242,2.0,3.0,3.348484848484849,0.12121212121212122,0.0
11,COPOC,LAC,0.13,0.9242424242424242,1.8181818181818181,0.8181818181818182,1.8,3.0,2.916083916083916,0.13636363636363635,0.0
11,COPOC,LAC,0.15000000000000002,0.9242424242424242,1.8181818181818181,0.8181818181818182,1.8,3.0,2.6363636363636362,0.13636363636363635,0.0
11,COPOC,LAC,0.18000000000000005,0.9090909090909091,1.7272727272727273,0.7272727272727273,1.6666666666666667,3.0,2.4107744107744105,0.15151515151515152,0.0
11,COPOC,LAC,0.19999999999999996,0.8636363636363636,1.5,0.5,1.4444444444444444,3.0,2.46969696969697,0.19696969696969696,0.0
12,COPOC,min-CPS,0.020000000000000018,1.0,3.742424242424242,2.742424242424242,,0.0,2.742424242424242,0.0,0.0
12,COPOC,min-CPS,0.030000000000000027,0.9848484848484849,2.8181818181818183,1.8181818181818181,3.0,3.0,4.848484848484846,0.045454545454545456,0.0
12,COPOC,min-CPS,0.050000000000000044,0.9848484848484849,2.757575757575758,1.7575757575757576,3.0,3.0,3.575757575757574,0.045454545454545456,0.0
12,COPOC,min-CPS,0.07999999999999996,0.9696969696969697,2.5303030303030303,1.5303030303030303,2.0,3.0,3.0454545454545463,0.06060606060606061,0.0
12,COPOC,min-CPS,0.09999999999999998,0.9393939393939394,2.0757575757575757,1.0757575757575757,2.0,3.0,3.5000000000000004,0.12121212121212122,0.0
12,COPOC,min-CPS,0.13,0.8333333333333334,1.7121212121212122,0.7121212121212122,1.4545454545454546,3.0,4.441724941724941,0.24242424242424243,0.0
12,COPOC,min-CPS,0.15000000000000002,0.8484848484848485,1.6363636363636365,0.6363636363636364,1.5,3.0,3.6666666666666665,0.22727272727272727,0.0
12,COPOC,min-CPS,0.18000000000000005,0.7727272727272727,1.5,0.5,1.4,3.0,4.035353535353535,0.3181818181818182,0.0
12,COPOC,min-CPS,0.19999999999999996,0.7878787878787878,1.4545454545454546,0.45454545454545453,1.4285714285714286,3.0,3.4848484848484858,0.30303030303030304,0.0
12,COPOC,RPS,0.020000000000000018,1.0,3.893939393939394,2.893939393939394,,0.0,2.893939393939394,0.0,0.0
12,COPOC,RPS,0.030000000000000027,1.0,3.893939393939394,2.893939393939394,,0.0,2.893939393939394,0.0,0.0
12,COPOC,RPS,0.050000000000000044,0.9696969696969697,3.212121212121212,2.212121212121212,1.5,2.0,4.0303030303030285,0.045454545454545456,0.0
12,COPOC,RPS,0.07999999999999996,0.9242424242424242,2.757575757575758,1.7575757575757576,1.4,2.0,4.409090909090911,0.10606060606060606,0.0
12,COPOC,RPS,0.09999999999999998,0.9242424242424242,2.742424242424242,1.7424242424242424,1.4,2.0,3.8636363636363638,0.10606060606060606,0.0
12,COPOC,RPS,0.13,0.8787878787878788,2.621212121212121,1.621212121212121,1.25,2.0,3.952214452214452,0.15151515151515152,0.0
12,COPOC,RPS,0.15000000000000002,0.8636363636363636,2.590909090909091,1.5909090909090908,1.2222222222222223,2.0,3.8131313131313127,0.16666666666666666,0.0
12,COPOC,RPS,0.18000000000000005,0.7878787878787878,1.5606060606060606,0.5606060606060606,1.3571428571428572,3.0,3.759259259259259,0.2878787878787879,0.0
12,COPOC,RPS,0.19999999999999996,0.7878787878787878,1.5,0.5,1.3571428571428572,3.0,3.37878787878788,0.2878787878787879,0.0
12,COPOC,OCDF,0.020000000000000018,1.0,3.893939393939394,2.893939393939394,,0.0,2.893939393939394,0.0,0.0
12,COPOC,OCDF,0.030000000000000027,1.0,3.893939393939394,2.893939393939394,,0.0,2.893939393939394,0.0,0.0
12,COPOC,OCDF,0.050000000000000044,0.9848484848484849,3.393939393939394,2.393939393939394,3.0,3.0,4.21212121212121,0.045454545454545456,0.0
12,COPOC,OCDF,0.07999999999999996,0.9545454545454546,2.9696969696969697,1.9696969696969697,2.3333333333333335,3.0,4.621212121212123,0.10606060606060606,0.0
12,COPOC,OCDF,0.09999999999999998,0.9545454545454546,2.893939393939394,1.893939393939394,2.6666666666666665,3.0,4.318181818181818,0.12121212121212122,0.0
12,COPOC,OCDF,0.13,0.9393939393939394,2.772727272727273,1.7727272727272727,2.25,3.0,3.8706293706293704,0.13636363636363635,0.0
12,COPOC,OCDF,0.15000000000000002,0.9393939393939394,2.712121212121212,1.7121212121212122,2.25,3.0,3.5303030303030303,0.13636363636363635,0.0
12,COPOC,OCDF,0.18000000000000005,0.8939393939393939,2.606060606060606,1.606060606060606,1.7142857142857142,3.0,3.626262626262626,0.18181818181818182,0.0
12,COPOC,OCDF,0.19999999999999996,0.8484848484848485,2.5,1.5,1.5,3.0,3.772727272727273,0.22727272727272727,0.0
12,COPOC,APS,0.020000000000000018,1.0,3.757575757575758,2.757575757575758,,0.0,2.757575757575758,0.0,0.0
12,COPOC,APS,0.030000000000000027,1.0,3.757575757575758,2.757575757575758,,0.0,2.757575757575758,0.0,0.0
12,COPOC,APS,0.050000000000000044,0.9848484848484849,2.6515151515151514,1.6515151515151516,3.0,3.0,3.469696969696968,0.045454545454545456,0.0
12,COPOC,APS,0.07999999999999996,0.9848484848484849,2.5,1.5,3.0,3.0,2.636363636363637,0.045454545454545456,0.0
12,COPOC,APS,0.09999999999999998,0.9242424242424242,2.1363636363636362,1.1363636363636365,1.4,3.0,3.257575757575758,0.10606060606060606,0.0
12,COPOC,APS,0.13,0.8636363636363636,1.893939393939394,0.8939393939393939,1.4444444444444444,3.0,3.9242424242424243,0.19696969696969696,0.0
12,COPOC,APS,0.15000000000000002,0.8333333333333334,1.7424242424242424,0.7424242424242424,1.4545454545454546,3.0,3.9747474747474745,0.24242424242424243,0.0
12,COPOC,APS,0.18000000000000005,0.8181818181818182,1.606060606060606,0.6212121212121212,1.5833333333333333,3.0,3.8198653198653196,0.2878787878787879,0.0
12,COPOC,APS,0.19999999999999996,0.8181818181818182,1.5909090909090908,0.6060606060606061,1.5833333333333333,3.0,3.4848484848484858,0.2878787878787879,0.0
12,COPOC,LAC,0.020000000000000018,1.0,3.696969696969697,2.696969696969697,,0.0,2.696969696969697,0.0,0.0
12,COPOC,LAC,0.030000000000000027,1.0,3.696969696969697,2.696969696969697,,0.0,2.696969696969697,0.0,0.0
12,COPOC,LAC,0.050000000000000044,0.9848484848484849,2.772727272727273,1.7727272727272727,3.0,3.0,3.590909090909089,0.045454545454545456,0.0
12,COPOC,LAC,0.07999999999999996,0.9848484848484849,2.5303030303030303,1.5303030303030303,3.0,3.0,2.6666666666666674,0.045454545454545456,0.0
12,COPOC,LAC,0.09999999999999998,0.9393939393939394,2.0303030303030303,1.0303030303030303,2.25,3.0,3.757575757575758,0.13636363636363635,0.0
12,COPOC,LAC,0.13,0.8787878787878788,1.7727272727272727,0.7727272727272727,1.625,3.0,3.803030303030303,0.19696969696969696,0.0
12,COPOC,LAC,0.15000000000000002,0.8333333333333334,1.6363636363636365,0.6363636363636364,1.4545454545454546,3.0,3.8686868686868685,0.24242424242424243,0.0
12,COPOC,LAC,0.18000000000000005,0.803030303030303,1.5303030303030303,0.5303030303030303,1.3846153846153846,3.0,3.56060606060606,0.2727272727272727,0.0
12,COPOC,LAC,0.19999999999999996,0.803030303030303,1.5,0.5,1.4615384615384615,3.0,3.37878787878788,0.2878787878787879,0.0
13,COPOC,min-CPS,0.020000000000000018,1.0,3.803030303030303,2.803030303030303,,0.0,2.803030303030303,0.0,0.0
13,COPOC,min-CPS,0.030000000000000027,1.0,3.803030303030303,2.803030303030303,,0.0,2.803030303030303,0.0,0.0
13,COPOC,min-CPS,0.050000000000000044,0.9545454545454546,2.6515151515151514,1.6515151515151516,1.3333333333333333,2.0,4.075757575757574,0.06060606060606061,0.0
13,COPOC,min-CPS,0.07999999999999996,0.9090909090909091,2.1515151515151514,1.1515151515151516,1.8333333333333333,3.0,5.31818181818182,0.16666666666666666,0.0
13,COPOC,min-CPS,0.09999999999999998,0.9090909090909091,2.1363636363636362,1.1363636363636365,1.8333333333333333,3.0,4.46969696969697,0.16666666666666666,0.0
13,COPOC,min-CPS,0.13,0.8939393939393939,1.9848484848484849,0.9848484848484849,1.7142857142857142,3.0,3.7820512820512815,0.18181818181818182,0.0
13,COPOC,min-CPS,0.15000000000000002,0.8484848484848485,1.7727272727272727,0.7727272727272727,1.5,3.0,3.803030303030303,0.22727272727272727,0.0
13,COPOC,min-CPS,0.18000000000000005,0.8181818181818182,1.6666666666666667,0.6666666666666666,1.4166666666666667,3.0,3.528619528619528,0.25757575757575757,0.0
13,COPOC,min-CPS,0.19999999999999996,0.803030303030303,1.6363636363636365,0.6363636363636364,1.3846153846153846,3.0,3.3636363636363646,0.2727272727272727,0.0
13,COPOC,RPS,0.020000000000000018,1.0,3.909090909090909,2.909090909090909,,0.0,2.909090909090909,0.0,0.0
13,COPOC,RPS,0.030000000000000027,1.0,3.909090909090909,2.909090909090909,,0.0,2.909090909090909,0.0,0.0
13,COPOC,RPS,0.050000000000000044,0.9848484848484849,3.787878787878788,2.787878787878788,1.0,1.0,3.3939393939393936,0.015151515151515152,0.0
13,COPOC,RPS,0.07999999999999996,0.9090909090909091,2.787878787878788,1.7878787878787878,1.1666666666666667,2.0,4.439393939393941,0.10606060606060606,0.0
13,COPOC,RPS,0.09999999999999998,0.8939393939393939,2.742424242424242,1.7424242424242424,1.1428571428571428,2.0,4.166666666666667,0.12121212121212122,0.0
13,COPOC,RPS,0.13,0.8333333333333334,2.621212121212121,1.621212121212121,1.0909090909090908,2.0,4.418414918414919,0.18181818181818182,0.0
13,COPOC,RPS,0.15000000000000002,0.8181818181818182,2.5757575757575757,1.5757575757575757,1.0833333333333333,2.0,4.2020202020202015,0.19696969696969696,0.0
13,COPOC,RPS,0.18000000000000005,0.803030303030303,1.6818181818181819,0.6818181818181818,1.3846153846153846,3.0,3.712121212121211,0.2727272727272727,0.0
13,COPOC,RPS,0.19999999999999996,0.7878787878787878,1.5909090909090908,0.5909090909090909,1.3571428571428572,3.0,3.4696969696969697,0.2878787878787879,0.0
13,COPOC,OCDF,0.020000000000000018,1.0,3.878787878787879,2.878787878787879,,0.0,2.878787878787879,0.0,0.0
13,COPOC,OCDF,0.030000000000000027,1.0,3.878787878787879,2.878787878787879,,0.0,2.878787878787879,0.0,0.0
13,COPOC,OCDF,0.050000000000000044,0.9545454545454546,3.272727272727273,2.272727272727273,1.3333333333333333,2.0,4.6969696969696955,0.06060606060606061,0.0
13,COPOC,OCDF,0.07999999999999996,0.9242424242424242,2.772727272727273,1.7727272727272727,2.0,3.0,5.560606060606062,0.15151515151515152,0.0
13,COPOC,OCDF,0.09999999999999998,0.8939393939393939,2.696969696969697,1.696969696969697,1.7142857142857142,3.0,5.333333333333333,0.18181818181818182,0.0
13,COPOC,OCDF,0.13,0.8939393939393939,2.6666666666666665,1.6666666666666667,1.7142857142857142,3.0,4.463869463869464,0.18181818181818182,0.0
13,COPOC,OCDF,0.15000000000000002,0.8787878787878788,2.6363636363636362,1.6363636363636365,1.625,3.0,4.262626262626262,0.19696969696969696,0.0
13,COPOC,OCDF,0.18000000000000005,0.8333333333333334,2.4696969696969697,1.4696969696969697,1.5454545454545454,3.0,4.33164983164983,0.25757575757575757,0.0
13,COPOC,OCDF,0.19999999999999996,0.8181818181818182,2.4545454545454546,1.4545454545454546,1.5,3.0,4.181818181818182,0.2727272727272727,0.0
13,COPOC,APS,0.020000000000000018,1.0,3.878787878787879,2.878787878787879,,0.0,2.878787878787879,0.0,0.0
13,COPOC,APS,0.030000000000000027,1.0,3.878787878787879,2.878787878787879,,0.0,2.878787878787879,0.0,0.0
13,COPOC,APS,0.050000000000000044,0.9393939393939394,2.5,1.5,1.5,2.0,5.136363636363633,0.09090909090909091,0.0
13,COPOC,APS,0.07999999999999996,0.9090909090909091,2.1818181818181817,1.1818181818181819,1.6666666666666667,3.0,4.9696969696969715,0.15151515151515152,0.0
13,COPOC,APS,0.09999999999999998,0.8939393939393939,2.090909090909091,1.0909090909090908,1.5714285714285714,3.0,4.424242424242424,0.16666666666666666,0.0
13,COPOC,APS,0.13,0.8939393939393939,1.9545454545454546,0.9545454545454546,1.7142857142857142,3.0,3.751748251748251,0.18181818181818182,0.0
13,COPOC,APS,0.15000000000000002,0.8484848484848485,1.8333333333333333,0.8333333333333334,1.5,3.0,3.8636363636363633,0.22727272727272727,0.0
13,COPOC,APS,0.18000000000000005,0.8181818181818182,1.7727272727272727,0.7727272727272727,1.4166666666666667,3.0,3.6346801346801336,0.25757575757575757,0.0
13,COPOC,APS,0.19999999999999996,0.7878787878787878,1.6666666666666667,0.6666666666666666,1.3571428571428572,3.0,3.545454545454546,0.2878787878787879,0.0
13,COPOC,LAC,0.020000000000000018,1.0,3.787878787878788,2.787878787878788,,0.0,2.787878787878788,0.0,0.0
13,COPOC,LAC,0.030000000000000027,1.0,3.787878787878788,2.787878787878788,,0.0,2.787878787878788,0.0,0.0
13,COPOC,LAC,0.050000000000000044,0.9393939393939394,2.5606060606060606,1.5606060606060606,1.75,2.0,5.803030303030299,0.10606060606060606,0.0
13,COPOC,LAC,0.07999999999999996,0.9090909090909091,2.106060606060606,1.106060606060606,1.8333333333333333,3.0,5.272727272727274,0.16666666666666666,0.0
13,COPOC,LAC,0.09999999999999998,0.9090909090909091,2.090909090909091,1.0909090909090908,1.8333333333333333,3.0,4.424242424242424,0.16666666666666666,0.0
13,COPOC,LAC,0.13,0.8939393939393939,2.0,1.0,1.7142857142857142,3.0,3.7972027972027966,0.18181818181818182,0.0
13,COPOC,LAC,0.15000000000000002,0.8787878787878788,1.893939393939394,0.8939393939393939,1.625,3.0,3.52020202020202,0.19696969696969696,0.0
13,COPOC,LAC,0.18000000000000005,0.8333333333333334,1.7272727272727273,0.7272727272727273,1.4545454545454546,3.0,3.4208754208754204,0.24242424242424243,0.0
13,COPOC,LAC,0.19999999999999996,0.7878787878787878,1.6363636363636365,0.6363636363636364,1.3571428571428572,3.0,3.515151515151516,0.2878787878787879,0.0
14,COPOC,min-CPS,0.020000000000000018,0.9545454545454546,2.696969696969697,1.696969696969697,2.3333333333333335,3.0,12.303030303030294,0.10606060606060606,0.0
14,COPOC,min-CPS,0.030000000000000027,0.9393939393939394,2.393939393939394,1.393939393939394,2.25,3.0,10.484848484848477,0.13636363636363635,0.0
14,COPOC,min-CPS,0.050000000000000044,0.9242424242424242,2.287878787878788,1.2878787878787878,2.2,3.0,7.954545454545448,0.16666666666666666,0.0
14,COPOC,min-CPS,0.07999999999999996,0.9242424242424242,1.9242424242424243,0.9242424242424242,2.4,3.0,5.469696969696972,0.18181818181818182,0.0
14,COPOC,min-CPS,0.09999999999999998,0.9242424242424242,1.9242424242424243,0.9242424242424242,2.4,3.0,4.560606060606061,0.18181818181818182,0.0
14,COPOC,min-CPS,0.13,0.9090909090909091,1.7727272727272727,0.7727272727272727,2.1666666666666665,3.0,3.803030303030303,0.19696969696969696,0.0
14,COPOC,min-CPS,0.15000000000000002,0.8939393939393939,1.696969696969697,0.696969696969697,2.0,3.0,3.5252525252525246,0.21212121212121213,0.0
14,COPOC,min-CPS,0.18000000000000005,0.8939393939393939,1.6363636363636365,0.6363636363636364,2.0,3.0,2.9932659932659926,0.21212121212121213,0.0
14,COPOC,min-CPS,0.19999999999999996,0.8939393939393939,1.5303030303030303,0.5303030303030303,2.0,3.0,2.651515151515152,0.21212121212121213,0.0
14,COPOC,RPS,0.020000000000000018,0.9545454545454546,3.712121212121212,2.712121212121212,1.0,1.0,7.257575757575754,0.045454545454545456,0.0
14,COPOC,RPS,0.030000000000000027,0.9545454545454546,3.712121212121212,2.712121212121212,1.0,1.0,5.74242424242424,0.045454545454545456,0.0
14,COPOC,RPS,0.050000000000000044,0.9393939393939394,3.090909090909091,2.090909090909091,1.75,2.0,6.3333333333333295,0.10606060606060606,0.0
14,COPOC,RPS,0.07999999999999996,0.9393939393939394,2.772727272727273,1.7727272727272727,1.75,2.0,4.424242424242426,0.10606060606060606,0.0
14,COPOC,RPS,0.09999999999999998,0.9393939393939394,2.727272727272727,1.7272727272727273,1.75,2.0,3.8484848484848486,0.10606060606060606,0.0
14,COPOC,RPS,0.13,0.9393939393939394,2.712121212121212,1.7121212121212122,1.75,2.0,3.3438228438228434,0.10606060606060606,0.0
14,COPOC,RPS,0.15000000000000002,0.9393939393939394,2.6818181818181817,1.6818181818181819,1.75,2.0,3.0959595959595956,0.10606060606060606,0.0
14,COPOC,RPS,0.18000000000000005,0.9242424242424242,2.6363636363636362,1.6363636363636365,1.6,2.0,2.9831649831649827,0.12121212121212122,0.0
14,COPOC,RPS,0.19999999999999996,0.9242424242424242,2.6363636363636362,1.6363636363636365,1.6,2.0,2.8484848484848486,0.12121212121212122,0.0
14,COPOC,OCDF,0.020000000000000018,0.9545454545454546,3.3636363636363638,2.3636363636363638,2.3333333333333335,3.0,12.969696969696962,0.10606060606060606,0.0
14,COPOC,OCDF,0.030000000000000027,0.9545454545454546,3.3636363636363638,2.3636363636363638,2.3333333333333335,3.0,9.434343434343429,0.10606060606060606,0.0
14,COPOC,OCDF,0.050000000000000044,0.9393939393939394,3.0454545454545454,2.0454545454545454,2.5,3.0,8.1060606060606,0.15151515151515152,0.0
14,COPOC,OCDF,0.07999999999999996,0.9393939393939394,2.757575757575758,1.7575757575757576,2.75,3.0,5.9242424242424265,0.16666666666666666,0.0
14,COPOC,OCDF,0.09999999999999998,0.9242424242424242,2.5454545454545454,1.5454545454545454,2.4,3.0,5.181818181818182,0.18181818181818182,0.0
14,COPOC,OCDF,0.13,0.9242424242424242,2.5303030303030303,1.5303030303030303,2.4,3.0,4.327505827505827,0.18181818181818182,0.0
14,COPOC,OCDF,0.15000000000000002,0.8939393939393939,2.484848484848485,1.4848484848484849,2.0,3.0,4.313131313131312,0.21212121212121213,0.0
14,COPOC,OCDF,0.18000000000000005,0.8484848484848485,2.378787878787879,1.378787878787879,1.7,3.0,4.24074074074074,0.25757575757575757,0.0
14,COPOC,OCDF,0.19999999999999996,0.8484848484848485,2.3636363636363638,1.3636363636363635,1.7,3.0,3.9393939393939394,0.25757575757575757,0.0
14,COPOC,APS,0.020000000000000018,0.9545454545454546,2.984848484848485,1.9848484848484849,2.3333333333333335,3.0,12.590909090909083,0.10606060606060606,0.0
14,COPOC,APS,0.030000000000000027,0.9545454545454546,2.984848484848485,1.9848484848484849,2.3333333333333335,3.0,9.05555555555555,0.10606060606060606,0.0
14,COPOC,APS,0.050000000000000044,0.9242424242424242,2.515151515151515,1.5151515151515151,1.8,3.0,6.969696969696964,0.13636363636363635,0.0
14,COPOC,APS,0.07999999999999996,0.9242424242424242,2.1363636363636362,1.1363636363636365,2.2,3.0,5.3030303030303045,0.16666666666666666,0.0
14,COPOC,APS,0.09999999999999998,0.9242424242424242,2.121212121212121,1.121212121212121,2.2,3.0,4.454545454545454,0.16666666666666666,0.0
14,COPOC,APS,0.13,0.9242424242424242,2.0303030303030303,1.0303030303030303,2.4,3.0,3.827505827505827,0.18181818181818182,0.0
14,COPOC,APS,0.15000000000000002,0.9090909090909091,1.9696969696969697,0.9696969696969697,2.1666666666666665,3.0,3.5959595959595956,0.19696969696969696,0.0
14,COPOC,APS,0.18000000000000005,0.8939393939393939,1.696969696969697,0.696969696969697,2.0,3.0,3.053872053872053,0.21212121212121213,0.0
14,COPOC,APS,0.19999999999999996,0.8939393939393939,1.6666666666666667,0.6666666666666666,2.0,3.0,2.7878787878787885,0.21212121212121213,0.0
14,COPOC,LAC,0.020000000000000018,0.9545454545454546,2.6818181818181817,1.6818181818181819,2.6666666666666665,3.0,13.803030303030292,0.12121212121212122,0.0
14,COPOC,LAC,0.030000000000000027,0.9545454545454546,2.6818181818181817,1.6818181818181819,2.6666666666666665,3.0,9.762626262626256,0.12121212121212122,0.0
14,COPOC,LAC,0.050000000000000044,0.9242424242424242,2.212121212121212,1.2121212121212122,2.4,3.0,8.484848484848477,0.18181818181818182,0.0
14,COPOC,LAC,0.07999999999999996,0.9242424242424242,1.8636363636363635,0.8636363636363636,2.4,3.0,5.409090909090912,0.18181818181818182,0.0
14,COPOC,LAC,0.09999999999999998,0.9242424242424242,1.8333333333333333,0.8333333333333334,2.4,3.0,4.469696969696971,0.18181818181818182,0.0
14,COPOC,LAC,0.13,0.9090909090909091,1.7424242424242424,0.7424242424242424,2.1666666666666665,3.0,3.772727272727273,0.19696969696969696,0.0
14,COPOC,LAC,0.15000000000000002,0.9090909090909091,1.7424242424242424,0.7424242424242424,2.1666666666666665,3.0,3.3686868686868685,0.19696969696969696,0.0
14,COPOC,LAC,0.18000000000000005,0.8939393939393939,1.5909090909090908,0.5909090909090909,2.0,3.0,2.947811447811447,0.21212121212121213,0.0
14,COPOC,LAC,0.19999999999999996,0.8939393939393939,1.5454545454545454,0.5454545454545454,2.0,3.0,2.666666666666667,0.21212121212121213,0.0
15,COPOC,min-CPS,0.020000000000000018,0.9090909090909091,2.5606060606060606,1.5606060606060606,1.8333333333333333,3.0,18.227272727272712,0.16666666666666666,0.0
15,COPOC,min-CPS,0.030000000000000027,0.8939393939393939,2.3333333333333335,1.3333333333333333,2.0,3.0,15.474747474747463,0.21212121212121213,0.0
15,COPOC,min-CPS,0.050000000000000044,0.8484848484848485,1.8636363636363635,0.8636363636363636,2.1,3.0,13.590909090909081,0.3181818181818182,0.0
15,COPOC,min-CPS,0.07999999999999996,0.8181818181818182,1.7575757575757576,0.7575757575757576,1.9166666666666667,3.0,9.469696969696972,0.3484848484848485,0.0
15,COPOC,min-CPS,0.09999999999999998,0.8181818181818182,1.7272727272727273,0.7272727272727273,1.9166666666666667,3.0,7.696969696969699,0.3484848484848485,0.0
15,COPOC,min-CPS,0.13,0.7727272727272727,1.4545454545454546,0.45454545454545453,1.7333333333333334,3.0,6.515151515151514,0.3939393939393939,0.0
15,COPOC,min-CPS,0.15000000000000002,0.7424242424242424,1.4242424242424243,0.42424242424242425,1.6470588235294117,3.0,6.08080808080808,0.42424242424242425,0.0
15,COPOC,min-CPS,0.18000000000000005,0.7424242424242424,1.378787878787879,0.3787878787878788,1.6470588235294117,3.0,5.092592592592592,0.42424242424242425,0.0
15,COPOC,min-CPS,0.19999999999999996,0.7272727272727273,1.2727272727272727,0.2727272727272727,1.6666666666666667,3.0,4.818181818181819,0.45454545454545453,0.0
15,COPOC,RPS,0.020000000000000018,0.8939393939393939,2.803030303030303,1.803030303030303,1.5714285714285714,2.0,18.469696969696955,0.16666666666666666,0.0
15,COPOC,RPS,0.030000000000000027,0.8939393939393939,2.803030303030303,1.803030303030303,1.5714285714285714,2.0,12.914141414141406,0.16666666666666666,0.0
15,COPOC,RPS,0.050000000000000044,0.8636363636363636,2.6515151515151514,1.6515151515151516,1.4444444444444444,2.0,9.530303030303024,0.19696969696969696,0.0
15,COPOC,RPS,0.07999999999999996,0.8484848484848485,2.5606060606060606,1.5606060606060606,1.4,2.0,6.863636363636366,0.21212121212121213,0.0
15,COPOC,RPS,0.09999999999999998,0.8333333333333334,2.5454545454545454,1.5454545454545454,1.3636363636363635,2.0,6.090909090909092,0.22727272727272727,0.0
15,COPOC,RPS,0.13,0.8181818181818182,2.515151515151515,1.5151515151515151,1.3333333333333333,2.0,5.244755244755244,0.24242424242424243,0.0
15,COPOC,RPS,0.15000000000000002,0.803030303030303,2.4696969696969697,1.4696969696969697,1.3076923076923077,2.0,4.904040404040403,0.25757575757575757,0.0
15,COPOC,RPS,0.18000000000000005,0.803030303030303,1.5909090909090908,0.5909090909090909,1.8461538461538463,3.0,4.631313131313131,0.36363636363636365,0.0
15,COPOC,RPS,0.19999999999999996,0.696969696969697,1.303030303030303,0.30303030303030304,1.55,3.0,5.000000000000001,0.4696969696969697,0.0
15,COPOC,OCDF,0.020000000000000018,0.8636363636363636,2.5454545454545454,1.5454545454545454,2.2222222222222223,3.0,31.84848484848482,0.30303030303030304,0.0
15,COPOC,OCDF,0.030000000000000027,0.8636363636363636,2.5454545454545454,1.5454545454545454,2.2222222222222223,3.0,21.74747474747473,0.30303030303030304,0.0
15,COPOC,OCDF,0.050000000000000044,0.8636363636363636,2.5303030303030303,1.5303030303030303,2.2222222222222223,3.0,13.651515151515142,0.30303030303030304,0.0
15,COPOC,OCDF,0.07999999999999996,0.8484848484848485,2.484848484848485,1.4848484848484849,2.1,3.0,9.439393939393943,0.3181818181818182,0.0
15,COPOC,OCDF,0.09999999999999998,0.8484848484848485,2.4696969696969697,1.4696969696969697,2.1,3.0,7.833333333333335,0.3181818181818182,0.0
15,COPOC,OCDF,0.13,0.8181818181818182,2.409090909090909,1.4090909090909092,2.0,3.0,7.003496503496502,0.36363636363636365,0.0
15,COPOC,OCDF,0.15000000000000002,0.8181818181818182,2.3636363636363638,1.3636363636363635,2.0833333333333335,3.0,6.4141414141414135,0.3787878787878788,0.0
15,COPOC,OCDF,0.18000000000000005,0.7878787878787878,2.303030303030303,1.303030303030303,1.9285714285714286,3.0,5.848484848484848,0.4090909090909091,0.0
15,COPOC,OCDF,0.19999999999999996,0.7424242424242424,2.242424242424242,1.2424242424242424,1.7647058823529411,3.0,5.787878787878789,0.45454545454545453,0.0
15,COPOC,APS,0.020000000000000018,0.9696969696969697,2.8484848484848486,1.8484848484848484,3.0,3.0,10.939393939393932,0.09090909090909091,0.0
15,COPOC,APS,0.030000000000000027,0.9696969696969697,2.8484848484848486,1.8484848484848484,3.0,3.0,7.909090909090904,0.09090909090909091,0.0
15,COPOC,APS,0.050000000000000044,0.8787878787878788,2.227272727272727,1.2272727272727273,1.875,3.0,10.318181818181811,0.22727272727272727,0.0
15,COPOC,APS,0.07999999999999996,0.8636363636363636,2.015151515151515,1.0151515151515151,2.0,3.0,7.833333333333337,0.2727272727272727,0.0
15,COPOC,APS,0.09999999999999998,0.8636363636363636,1.9090909090909092,0.9090909090909091,2.111111111111111,3.0,6.666666666666669,0.2878787878787879,0.0
15,COPOC,APS,0.13,0.8333333333333334,1.8333333333333333,0.8333333333333334,2.0,3.0,5.961538461538461,0.3333333333333333,0.0
15,COPOC,APS,0.15000000000000002,0.7575757575757576,1.5606060606060606,0.5606060606060606,1.6875,3.0,6.015151515151515,0.4090909090909091,0.0
15,COPOC,APS,0.18000000000000005,0.7575757575757576,1.4545454545454546,0.45454545454545453,1.6875,3.0,4.999999999999998,0.4090909090909091,0.0
15,COPOC,APS,0.19999999999999996,0.6666666666666666,1.2878787878787878,0.3484848484848485,1.9090909090909092,3.0,5.8030303030303045,0.6363636363636364,0.0
15,COPOC,LAC,0.020000000000000018,0.9242424242424242,2.5606060606060606,1.5606060606060606,2.4,3.0,19.742424242424228,0.18181818181818182,0.0
15,COPOC,LAC,0.030000000000000027,0.9242424242424242,2.5606060606060606,1.5606060606060606,2.4,3.0,13.681818181818171,0.18181818181818182,0.0
15,COPOC,LAC,0.050000000000000044,0.8333333333333334,1.803030303030303,0.803030303030303,2.0,3.0,14.136363636363626,0.3333333333333333,0.0
15,COPOC,LAC,0.07999999999999996,0.803030303030303,1.6515151515151516,0.6515151515151515,1.8461538461538463,3.0,9.742424242424246,0.36363636363636365,0.0
15,COPOC,LAC,0.09999999999999998,0.803030303030303,1.6515151515151516,0.6515151515151515,1.8461538461538463,3.0,7.924242424242426,0.36363636363636365,0.0
15,COPOC,LAC,0.13,0.803030303030303,1.5757575757575757,0.5757575757575758,1.8461538461538463,3.0,6.170163170163169,0.36363636363636365,0.0
15,COPOC,LAC,0.15000000000000002,0.7575757575757576,1.4393939393939394,0.4393939393939394,1.6875,3.0,5.893939393939393,0.4090909090909091,0.0
15,COPOC,LAC,0.18000000000000005,0.7272727272727273,1.3484848484848484,0.3484848484848485,1.6111111111111112,3.0,5.230639730639729,0.4393939393939394,0.0
15,COPOC,LAC,0.19999999999999996,0.696969696969697,1.2878787878787878,0.2878787878787879,1.55,3.0,4.984848484848485,0.4696969696969697,0.0
16,COPOC,min-CPS,0.020000000000000018,0.9848484848484849,3.8333333333333335,2.8333333333333335,1.0,1.0,4.348484848484847,0.015151515151515152,0.0
16,COPOC,min-CPS,0.030000000000000027,0.9848484848484849,3.0606060606060606,2.0606060606060606,3.0,3.0,5.090909090909088,0.045454545454545456,0.0
16,COPOC,min-CPS,0.050000000000000044,0.9848484848484849,2.9393939393939394,1.9393939393939394,3.0,3.0,3.757575757575756,0.045454545454545456,0.0
16,COPOC,min-CPS,0.07999999999999996,0.9696969696969697,2.5757575757575757,1.5757575757575757,2.0,3.0,3.0909090909090917,0.06060606060606061,0.0
16,COPOC,min-CPS,0.09999999999999998,0.9545454545454546,2.378787878787879,1.378787878787879,1.6666666666666667,3.0,2.893939393939394,0.07575757575757576,0.0
16,COPOC,min-CPS,0.13,0.9545454545454546,2.090909090909091,1.0909090909090908,2.3333333333333335,3.0,2.7226107226107223,0.10606060606060606,0.0
16,COPOC,min-CPS,0.15000000000000002,0.9242424242424242,1.9090909090909092,0.9090909090909091,2.0,3.0,2.929292929292929,0.15151515151515152,0.0
16,COPOC,min-CPS,0.18000000000000005,0.8636363636363636,1.6666666666666667,0.6666666666666666,1.5555555555555556,3.0,3.0235690235690234,0.21212121212121213,0.0
16,COPOC,min-CPS,0.19999999999999996,0.8787878787878788,1.6363636363636365,0.6363636363636364,1.625,3.0,2.6060606060606064,0.19696969696969696,0.0
16,COPOC,RPS,0.020000000000000018,0.9848484848484849,3.9545454545454546,2.9545454545454546,1.0,1.0,4.469696969696968,0.015151515151515152,0.0
16,COPOC,RPS,0.030000000000000027,0.9848484848484849,3.9545454545454546,2.9545454545454546,1.0,1.0,3.964646464646464,0.015151515151515152,0.0
16,COPOC,RPS,0.050000000000000044,0.9696969696969697,3.3181818181818183,2.3181818181818183,1.5,2.0,4.136363636363635,0.045454545454545456,0.0
16,COPOC,RPS,0.07999999999999996,0.9545454545454546,2.9242424242424243,1.9242424242424243,1.6666666666666667,2.0,3.8181818181818192,0.07575757575757576,0.0
16,COPOC,RPS,0.09999999999999998,0.9393939393939394,2.8484848484848486,1.8484848484848484,1.5,2.0,3.6666666666666665,0.09090909090909091,0.0
16,COPOC,RPS,0.13,0.9242424242424242,2.742424242424242,1.7424242424242424,1.4,2.0,3.3741258741258737,0.10606060606060606,0.0
16,COPOC,RPS,0.15000000000000002,0.9090909090909091,2.696969696969697,1.696969696969697,1.3333333333333333,2.0,3.313131313131313,0.12121212121212122,0.0
16,COPOC,RPS,0.18000000000000005,0.8484848484848485,2.5757575757575757,1.5757575757575757,1.2,2.0,3.5959595959595956,0.18181818181818182,0.0
16,COPOC,RPS,0.19999999999999996,0.8181818181818182,1.5303030303030303,0.5303030303030303,1.4166666666666667,3.0,3.1060606060606064,0.25757575757575757,0.0
16,COPOC,OCDF,0.020000000000000018,0.9848484848484849,3.9545454545454546,2.9545454545454546,1.0,1.0,4.469696969696968,0.015151515151515152,0.0
16,COPOC,OCDF,0.030000000000000027,0.9848484848484849,3.9545454545454546,2.9545454545454546,1.0,1.0,3.964646464646464,0.015151515151515152,0.0
16,COPOC,OCDF,0.050000000000000044,0.9848484848484849,3.4696969696969697,2.4696969696969697,3.0,3.0,4.287878787878786,0.045454545454545456,0.0
16,COPOC,OCDF,0.07999999999999996,0.9545454545454546,2.9393939393939394,1.9393939393939394,2.3333333333333335,3.0,4.590909090909093,0.10606060606060606,0.0
16,COPOC,OCDF,0.09999999999999998,0.9545454545454546,2.8181818181818183,1.8181818181818181,2.6666666666666665,3.0,4.242424242424242,0.12121212121212122,0.0
16,COPOC,OCDF,0.13,0.9242424242424242,2.621212121212121,1.621212121212121,2.0,3.0,3.952214452214452,0.15151515151515152,0.0
16,COPOC,OCDF,0.15000000000000002,0.8939393939393939,2.590909090909091,1.5909090909090908,1.7142857142857142,3.0,4.015151515151516,0.18181818181818182,0.0
16,COPOC,OCDF,0.18000000000000005,0.8787878787878788,2.5454545454545454,1.5454545454545454,1.625,3.0,3.7340067340067336,0.19696969696969696,0.0
16,COPOC,OCDF,0.19999999999999996,0.803030303030303,2.378787878787879,1.378787878787879,1.4615384615384615,3.0,4.257575757575758,0.2878787878787879,0.0
16,COPOC,APS,0.020000000000000018,1.0,3.8333333333333335,2.8333333333333335,,0.0,2.8333333333333335,0.0,0.0
16,COPOC,APS,0.030000000000000027,1.0,3.8333333333333335,2.8333333333333335,,0.0,2.8333333333333335,0.0,0.0
16,COPOC,APS,0.050000000000000044,0.9545454545454546,2.8636363636363638,1.8636363636363635,1.6666666666666667,3.0,4.893939393939391,0.07575757575757576,0.0
16,COPOC,APS,0.07999999999999996,0.9545454545454546,2.742424242424242,1.7424242424242424,1.6666666666666667,3.0,3.636363636363637,0.07575757575757576,0.0
16,COPOC,APS,0.09999999999999998,0.9545454545454546,2.590909090909091,1.5909090909090908,1.6666666666666667,3.0,3.106060606060606,0.07575757575757576,0.0
16,COPOC,APS,0.13,0.8939393939393939,1.878787878787879,0.8787878787878788,1.7142857142857142,3.0,3.6759906759906755,0.18181818181818182,0.0
16,COPOC,APS,0.15000000000000002,0.8939393939393939,1.8484848484848484,0.8484848484848485,1.7142857142857142,3.0,3.272727272727273,0.18181818181818182,0.0
16,COPOC,APS,0.18000000000000005,0.8787878787878788,1.7878787878787878,0.7878787878787878,1.625,3.0,2.976430976430976,0.19696969696969696,0.0
16,COPOC,APS,0.19999999999999996,0.8333333333333334,1.6818181818181819,0.6818181818181818,1.4545454545454546,3.0,3.1060606060606064,0.24242424242424243,0.0
16,COPOC,LAC,0.020000000000000018,0.9848484848484849,3.8181818181818183,2.8181818181818183,1.0,1.0,4.333333333333331,0.015151515151515152,0.0
16,COPOC,LAC,0.030000000000000027,0.9848484848484849,3.8181818181818183,2.8181818181818183,1.0,1.0,3.828282828282828,0.015151515151515152,0.0
16,COPOC,LAC,0.050000000000000044,0.9848484848484849,2.893939393939394,1.893939393939394,3.0,3.0,3.7121212121212106,0.045454545454545456,0.0
16,COPOC,LAC,0.07999999999999996,0.9848484848484849,2.5606060606060606,1.5606060606060606,3.0,3.0,2.6969696969696977,0.045454545454545456,0.0
16,COPOC,LAC,0.09999999999999998,0.9545454545454546,2.1363636363636362,1.1363636363636365,2.3333333333333335,3.0,3.257575757575758,0.10606060606060606,0.0
16,COPOC,LAC,0.13,0.9545454545454546,1.9696969696969697,0.9696969696969697,2.6666666666666665,3.0,2.8344988344988344,0.12121212121212122,0.0
16,COPOC,LAC,0.15000000000000002,0.9393939393939394,1.9090909090909092,0.9090909090909091,2.25,3.0,2.727272727272727,0.13636363636363635,0.0
16,COPOC,LAC,0.18000000000000005,0.9242424242424242,1.8484848484848484,0.8484848484848485,2.0,3.0,2.5319865319865316,0.15151515151515152,0.0
16,COPOC,LAC,0.19999999999999996,0.8484848484848485,1.621212121212121,0.6212121212121212,1.5,3.0,2.8939393939393945,0.22727272727272727,0.0
17,COPOC,min-CPS,0.020000000000000018,0.9848484848484849,3.742424242424242,2.742424242424242,1.0,1.0,4.257575757575756,0.015151515151515152,0.0
17,COPOC,min-CPS,0.030000000000000027,0.9848484848484849,2.803030303030303,1.803030303030303,3.0,3.0,4.83333333333333,0.045454545454545456,0.0
17,COPOC,min-CPS,0.050000000000000044,0.9848484848484849,2.772727272727273,1.7727272727272727,3.0,3.0,3.590909090909089,0.045454545454545456,0.0
17,COPOC,min-CPS,0.07999999999999996,0.9242424242424242,1.9545454545454546,0.9545454545454546,2.2,3.0,5.121212121212124,0.16666666666666666,0.0
17,COPOC,min-CPS,0.09999999999999998,0.9242424242424242,1.9545454545454546,0.9545454545454546,2.2,3.0,4.287878787878789,0.16666666666666666,0.0
17,COPOC,min-CPS,0.13,0.9242424242424242,1.8484848484848484,0.8484848484848485,2.4,3.0,3.6456876456876453,0.18181818181818182,0.0
17,COPOC,min-CPS,0.15000000000000002,0.9090909090909091,1.803030303030303,0.803030303030303,2.1666666666666665,3.0,3.429292929292929,0.19696969696969696,0.0
17,COPOC,min-CPS,0.18000000000000005,0.8333333333333334,1.5606060606060606,0.5606060606060606,1.6363636363636365,3.0,3.59090909090909,0.2727272727272727,0.0
17,COPOC,min-CPS,0.19999999999999996,0.7727272727272727,1.4242424242424243,0.42424242424242425,1.4666666666666666,3.0,3.7575757575757582,0.3333333333333333,0.0
17,COPOC,RPS,0.020000000000000018,0.9848484848484849,3.893939393939394,2.893939393939394,1.0,1.0,4.409090909090907,0.015151515151515152,0.0
17,COPOC,RPS,0.030000000000000027,0.9848484848484849,3.893939393939394,2.893939393939394,1.0,1.0,3.9040404040404035,0.015151515151515152,0.0
17,COPOC,RPS,0.050000000000000044,0.9545454545454546,3.1515151515151514,2.1515151515151514,1.3333333333333333,2.0,4.575757575757574,0.06060606060606061,0.0
17,COPOC,RPS,0.07999999999999996,0.9393939393939394,2.757575757575758,1.7575757575757576,1.75,2.0,4.409090909090911,0.10606060606060606,0.0
17,COPOC,RPS,0.09999999999999998,0.9393939393939394,2.727272727272727,1.7272727272727273,1.75,2.0,3.8484848484848486,0.10606060606060606,0.0
17,COPOC,RPS,0.13,0.8939393939393939,2.6363636363636362,1.6363636363636365,1.4285714285714286,2.0,3.967365967365967,0.15151515151515152,0.0
17,COPOC,RPS,0.15000000000000002,0.8787878787878788,2.606060606060606,1.606060606060606,1.375,2.0,3.828282828282828,0.16666666666666666,0.0
17,COPOC,RPS,0.18000000000000005,0.8636363636363636,2.5454545454545454,1.5454545454545454,1.3333333333333333,2.0,3.5656565656565653,0.18181818181818182,0.0
17,COPOC,RPS,0.19999999999999996,0.8333333333333334,1.606060606060606,0.6060606060606061,1.6363636363636365,3.0,3.3333333333333344,0.2727272727272727,0.0
17,COPOC,OCDF,0.020000000000000018,0.9848484848484849,3.878787878787879,2.878787878787879,1.0,1.0,4.393939393939392,0.015151515151515152,0.0
17,COPOC,OCDF,0.030000000000000027,0.9848484848484849,3.878787878787879,2.878787878787879,1.0,1.0,3.8888888888888884,0.015151515151515152,0.0
17,COPOC,OCDF,0.050000000000000044,0.9848484848484849,3.3636363636363638,2.3636363636363638,3.0,3.0,4.18181818181818,0.045454545454545456,0.0
17,COPOC,OCDF,0.07999999999999996,0.9242424242424242,2.6363636363636362,1.6363636363636365,2.4,3.0,6.181818181818184,0.18181818181818182,0.0
17,COPOC,OCDF,0.09999999999999998,0.8787878787878788,2.515151515151515,1.5151515151515151,1.875,3.0,6.060606060606061,0.22727272727272727,0.0
17,COPOC,OCDF,0.13,0.8787878787878788,2.5,1.5,1.875,3.0,4.996503496503496,0.22727272727272727,0.0
17,COPOC,OCDF,0.15000000000000002,0.8787878787878788,2.5,1.5,1.875,3.0,4.53030303030303,0.22727272727272727,0.0
17,COPOC,OCDF,0.18000000000000005,0.8636363636363636,2.409090909090909,1.4090909090909092,1.7777777777777777,3.0,4.102693602693602,0.24242424242424243,0.0
17,COPOC,OCDF,0.19999999999999996,0.8333333333333334,2.3181818181818183,1.3181818181818181,1.7272727272727273,3.0,4.196969696969697,0.2878787878787879,0.0
17,COPOC,APS,0.020000000000000018,0.9848484848484849,3.712121212121212,2.712121212121212,1.0,1.0,4.227272727272726,0.015151515151515152,0.0
17,COPOC,APS,0.030000000000000027,0.9848484848484849,3.712121212121212,2.712121212121212,1.0,1.0,3.7222222222222214,0.015151515151515152,0.0
17,COPOC,APS,0.050000000000000044,0.9545454545454546,2.742424242424242,1.7424242424242424,1.6666666666666667,3.0,4.77272727272727,0.07575757575757576,0.0
17,COPOC,APS,0.07999999999999996,0.9393939393939394,2.5606060606060606,1.5606060606060606,1.5,3.0,3.833333333333335,0.09090909090909091,0.0
17,COPOC,APS,0.09999999999999998,0.9242424242424242,2.287878787878788,1.2878787878787878,1.6,3.0,3.7121212121212124,0.12121212121212122,0.0
17,COPOC,APS,0.13,0.9242424242424242,2.121212121212121,1.121212121212121,2.0,3.0,3.452214452214452,0.15151515151515152,0.0
17,COPOC,APS,0.15000000000000002,0.9242424242424242,2.121212121212121,1.121212121212121,2.0,3.0,3.141414141414141,0.15151515151515152,0.0
17,COPOC,APS,0.18000000000000005,0.9242424242424242,2.0303030303030303,1.0303030303030303,2.2,3.0,2.8821548821548815,0.16666666666666666,0.0
17,COPOC,APS,0.19999999999999996,0.803030303030303,1.5454545454545454,0.5606060606060606,1.6923076923076923,3.0,3.893939393939395,0.3333333333333333,0.0
17,COPOC,LAC,0.020000000000000018,0.9848484848484849,3.696969696969697,2.696969696969697,1.0,1.0,4.21212121212121,0.015151515151515152,0.0
17,COPOC,LAC,0.030000000000000027,0.9848484848484849,3.696969696969697,2.696969696969697,1.0,1.0,3.7070707070707063,0.015151515151515152,0.0
17,COPOC,LAC,0.050000000000000044,0.9848484848484849,2.757575757575758,1.7575757575757576,3.0,3.0,3.575757575757574,0.045454545454545456,0.0
17,COPOC,LAC,0.07999999999999996,0.9242424242424242,1.9545454545454546,0.9545454545454546,2.4,3.0,5.500000000000003,0.18181818181818182,0.0
17,COPOC,LAC,0.09999999999999998,0.9242424242424242,1.893939393939394,0.8939393939393939,2.4,3.0,4.530303030303031,0.18181818181818182,0.0
17,COPOC,LAC,0.13,0.9090909090909091,1.8181818181818181,0.8181818181818182,2.1666666666666665,3.0,3.8484848484848486,0.19696969696969696,0.0
17,COPOC,LAC,0.15000000000000002,0.9090909090909091,1.8181818181818181,0.8181818181818182,2.1666666666666665,3.0,3.444444444444444,0.19696969696969696,0.0
17,COPOC,LAC,0.18000000000000005,0.8181818181818182,1.5606060606060606,0.5606060606060606,1.5833333333333333,3.0,3.759259259259259,0.2878787878787879,0.0
17,COPOC,LAC,0.19999999999999996,0.7878787878787878,1.5,0.5,1.5,3.0,3.6818181818181825,0.3181818181818182,0.0
18,COPOC,min-CPS,0.020000000000000018,0.9848484848484849,3.803030303030303,2.803030303030303,1.0,1.0,4.318181818181817,0.015151515151515152,0.0
18,COPOC,min-CPS,0.030000000000000027,0.9848484848484849,2.893939393939394,1.893939393939394,3.0,3.0,4.924242424242422,0.045454545454545456,0.0
18,COPOC,min-CPS,0.050000000000000044,0.9545454545454546,2.515151515151515,1.5151515151515151,1.6666666666666667,3.0,4.545454545454543,0.07575757575757576,0.0
18,COPOC,min-CPS,0.07999999999999996,0.8939393939393939,2.015151515151515,1.0151515151515151,1.8571428571428572,3.0,5.939393939393943,0.19696969696969696,0.0
18,COPOC,min-CPS,0.09999999999999998,0.8787878787878788,1.878787878787879,0.8787878787878788,1.75,3.0,5.121212121212121,0.21212121212121213,0.0
18,COPOC,min-CPS,0.13,0.8636363636363636,1.8484848484848484,0.8484848484848485,1.6666666666666667,3.0,4.344988344988344,0.22727272727272727,0.0
18,COPOC,min-CPS,0.15000000000000002,0.8636363636363636,1.7878787878787878,0.7878787878787878,1.6666666666666667,3.0,3.818181818181818,0.22727272727272727,0.0
18,COPOC,min-CPS,0.18000000000000005,0.8181818181818182,1.606060606060606,0.6060606060606061,1.5833333333333333,3.0,3.8047138047138045,0.2878787878787879,0.0
18,COPOC,min-CPS,0.19999999999999996,0.8181818181818182,1.5909090909090908,0.5909090909090909,1.5833333333333333,3.0,3.46969696969697,0.2878787878787879,0.0
18,COPOC,RPS,0.020000000000000018,0.9848484848484849,3.909090909090909,2.909090909090909,1.0,1.0,4.424242424242422,0.015151515151515152,0.0
18,COPOC,RPS,0.030000000000000027,0.9848484848484849,3.909090909090909,2.909090909090909,1.0,1.0,3.9191919191919187,0.015151515151515152,0.0
18,COPOC,RPS,0.050000000000000044,0.9696969696969697,3.303030303030303,2.303030303030303,1.5,2.0,4.121212121212119,0.045454545454545456,0.0
18,COPOC,RPS,0.07999999999999996,0.8939393939393939,2.8333333333333335,1.8333333333333333,1.2857142857142858,2.0,5.242424242424244,0.13636363636363635,0.0
18,COPOC,RPS,0.09999999999999998,0.8939393939393939,2.787878787878788,1.7878787878787878,1.2857142857142858,2.0,4.515151515151516,0.13636363636363635,0.0
18,COPOC,RPS,0.13,0.8636363636363636,2.6818181818181817,1.6818181818181819,1.2222222222222223,2.0,4.245920745920745,0.16666666666666666,0.0
18,COPOC,RPS,0.15000000000000002,0.8636363636363636,2.6666666666666665,1.6666666666666667,1.2222222222222223,2.0,3.8888888888888884,0.16666666666666666,0.0
18,COPOC,RPS,0.18000000000000005,0.8181818181818182,1.7272727272727273,0.7272727272727273,1.4166666666666667,3.0,3.5892255892255887,0.25757575757575757,0.0
18,COPOC,RPS,0.19999999999999996,0.8181818181818182,1.5757575757575757,0.5757575757575758,1.5,3.0,3.3030303030303036,0.2727272727272727,0.0
18,COPOC,OCDF,0.020000000000000018,0.9848484848484849,3.878787878787879,2.878787878787879,1.0,1.0,4.393939393939392,0.015151515151515152,0.0
18,COPOC,OCDF,0.030000000000000027,0.9848484848484849,3.878787878787879,2.878787878787879,1.0,1.0,3.8888888888888884,0.015151515151515152,0.0
18,COPOC,OCDF,0.050000000000000044,0.9545454545454546,3.1363636363636362,2.1363636363636362,1.6666666666666667,3.0,5.166666666666664,0.07575757575757576,0.0
18,COPOC,OCDF,0.07999999999999996,0.9090909090909091,2.6515151515151514,1.6515151515151516,2.0,3.0,6.196969696969699,0.18181818181818182,0.0
18,COPOC,OCDF,0.09999999999999998,0.9090909090909091,2.6515151515151514,1.6515151515151516,2.0,3.0,5.287878787878789,0.18181818181818182,0.0
18,COPOC,OCDF,0.13,0.8787878787878788,2.5606060606060606,1.5606060606060606,1.75,3.0,4.824009324009324,0.21212121212121213,0.0
18,COPOC,OCDF,0.15000000000000002,0.8787878787878788,2.5606060606060606,1.5606060606060606,1.75,3.0,4.388888888888889,0.21212121212121213,0.0
18,COPOC,OCDF,0.18000000000000005,0.7878787878787878,2.393939393939394,1.393939393939394,1.5,3.0,4.929292929292929,0.3181818181818182,0.0
18,COPOC,OCDF,0.19999999999999996,0.7272727272727273,2.257575757575758,1.2575757575757576,1.5,3.0,5.348484848484849,0.4090909090909091,0.0
18,COPOC,APS,0.020000000000000018,1.0,3.8636363636363638,2.8636363636363638,,0.0,2.8636363636363638,0.0,0.0
18,COPOC,APS,0.030000000000000027,1.0,3.8636363636363638,2.8636363636363638,,0.0,2.8636363636363638,0.0,0.0
18,COPOC,APS,0.050000000000000044,0.9696969696969697,2.8636363636363638,1.8636363636363635,2.0,3.0,4.287878787878786,0.06060606060606061,0.0
18,COPOC,APS,0.07999999999999996,0.8787878787878788,2.0757575757575757,1.0757575757575757,1.5,3.0,5.621212121212123,0.18181818181818182,0.0
18,COPOC,APS,0.09999999999999998,0.8787878787878788,1.9848484848484849,0.9848484848484849,1.625,3.0,4.924242424242424,0.19696969696969696,0.0
18,COPOC,APS,0.13,0.8787878787878788,1.9393939393939394,0.9393939393939394,1.75,3.0,4.2027972027972025,0.21212121212121213,0.0
18,COPOC,APS,0.15000000000000002,0.8636363636363636,1.8636363636363635,0.8636363636363636,1.6666666666666667,3.0,3.893939393939394,0.22727272727272727,0.0
18,COPOC,APS,0.18000000000000005,0.8484848484848485,1.7727272727272727,0.7727272727272727,1.6,3.0,3.466329966329966,0.24242424242424243,0.0
18,COPOC,APS,0.19999999999999996,0.8484848484848485,1.7575757575757576,0.7575757575757576,1.6,3.0,3.1818181818181817,0.24242424242424243,0.0
18,COPOC,LAC,0.020000000000000018,0.9848484848484849,3.757575757575758,2.757575757575758,1.0,1.0,4.272727272727271,0.015151515151515152,0.0
18,COPOC,LAC,0.030000000000000027,0.9848484848484849,3.757575757575758,2.757575757575758,1.0,1.0,3.7676767676767673,0.015151515151515152,0.0
18,COPOC,LAC,0.050000000000000044,0.9393939393939394,2.409090909090909,1.4090909090909092,2.0,3.0,6.257575757575754,0.12121212121212122,0.0
18,COPOC,LAC,0.07999999999999996,0.8939393939393939,1.9696969696969697,0.9696969696969697,1.8571428571428572,3.0,5.893939393939397,0.19696969696969696,0.0
18,COPOC,LAC,0.09999999999999998,0.8636363636363636,1.878787878787879,0.8787878787878788,1.6666666666666667,3.0,5.424242424242425,0.22727272727272727,0.0
18,COPOC,LAC,0.13,0.8636363636363636,1.8181818181818181,0.8181818181818182,1.6666666666666667,3.0,4.314685314685314,0.22727272727272727,0.0
18,COPOC,LAC,0.15000000000000002,0.8636363636363636,1.7575757575757576,0.7575757575757576,1.6666666666666667,3.0,3.7878787878787876,0.22727272727272727,0.0
18,COPOC,LAC,0.18000000000000005,0.8636363636363636,1.7424242424242424,0.7424242424242424,1.6666666666666667,3.0,3.2676767676767673,0.22727272727272727,0.0
18,COPOC,LAC,0.19999999999999996,0.8181818181818182,1.621212121212121,0.6212121212121212,1.5,3.0,3.348484848484849,0.2727272727272727,0.0
19,COPOC,min-CPS,0.020000000000000018,0.9242424242424242,2.4696969696969697,1.4696969696969697,2.0,3.0,16.621212121212107,0.15151515151515152,0.0
19,COPOC,min-CPS,0.030000000000000027,0.8787878787878788,1.9848484848484849,0.9848484848484849,2.125,3.0,18.156565656565647,0.25757575757575757,0.0
19,COPOC,min-CPS,0.050000000000000044,0.8787878787878788,1.9848484848484849,0.9848484848484849,2.125,3.0,11.287878787878778,0.25757575757575757,0.0
19,COPOC,min-CPS,0.07999999999999996,0.7575757575757576,1.5606060606060606,0.5606060606060606,1.5625,3.0,10.030303030303033,0.3787878787878788,0.0
19,COPOC,min-CPS,0.09999999999999998,0.7424242424242424,1.5303030303030303,0.5303030303030303,1.5294117647058822,3.0,8.40909090909091,0.3939393939393939,0.0
19,COPOC,min-CPS,0.13,0.7575757575757576,1.5303030303030303,0.5303030303030303,1.625,3.0,6.59090909090909,0.3939393939393939,0.0
19,COPOC,min-CPS,0.15000000000000002,0.7272727272727273,1.4393939393939394,0.4393939393939394,1.5555555555555556,3.0,6.095959595959595,0.42424242424242425,0.0
19,COPOC,min-CPS,0.18000000000000005,0.7121212121212122,1.4090909090909092,0.4090909090909091,1.5263157894736843,3.0,5.29124579124579,0.4393939393939394,0.0
19,COPOC,min-CPS,0.19999999999999996,0.7121212121212122,1.393939393939394,0.3939393939393939,1.5789473684210527,3.0,4.939393939393941,0.45454545454545453,0.0
19,COPOC,RPS,0.020000000000000018,0.9545454545454546,3.712121212121212,2.712121212121212,1.0,1.0,7.257575757575754,0.045454545454545456,0.0
19,COPOC,RPS,0.030000000000000027,0.9545454545454546,3.712121212121212,2.712121212121212,1.0,1.0,5.74242424242424,0.045454545454545456,0.0
19,COPOC,RPS,0.050000000000000044,0.8333333333333334,2.6818181818181817,1.6818181818181819,1.2727272727272727,2.0,10.166666666666659,0.21212121212121213,0.0
19,COPOC,RPS,0.07999999999999996,0.8181818181818182,2.621212121212121,1.621212121212121,1.25,2.0,7.303030303030305,0.22727272727272727,0.0
19,COPOC,RPS,0.09999999999999998,0.803030303030303,2.590909090909091,1.5909090909090908,1.2307692307692308,2.0,6.43939393939394,0.24242424242424243,0.0
19,COPOC,RPS,0.13,0.803030303030303,2.5606060606060606,1.5606060606060606,1.2307692307692308,2.0,5.290209790209789,0.24242424242424243,0.0
19,COPOC,RPS,0.15000000000000002,0.7424242424242424,1.5151515151515151,0.5151515151515151,1.5294117647058822,3.0,5.767676767676767,0.3939393939393939,0.0
19,COPOC,RPS,0.18000000000000005,0.7272727272727273,1.4393939393939394,0.4393939393939394,1.5555555555555556,3.0,5.153198653198651,0.42424242424242425,0.0
19,COPOC,RPS,0.19999999999999996,0.7272727272727273,1.4242424242424243,0.42424242424242425,1.5555555555555556,3.0,4.666666666666668,0.42424242424242425,0.0
19,COPOC,OCDF,0.020000000000000018,0.9242424242424242,3.090909090909091,2.090909090909091,2.0,3.0,17.242424242424228,0.15151515151515152,0.0
19,COPOC,OCDF,0.030000000000000027,0.9242424242424242,3.090909090909091,2.090909090909091,2.0,3.0,12.191919191919183,0.15151515151515152,0.0
19,COPOC,OCDF,0.050000000000000044,0.8939393939393939,2.621212121212121,1.621212121212121,2.2857142857142856,3.0,11.318181818181811,0.24242424242424243,0.0
19,COPOC,OCDF,0.07999999999999996,0.8636363636363636,2.5303030303030303,1.5303030303030303,2.0,3.0,8.348484848484851,0.2727272727272727,0.0
19,COPOC,OCDF,0.09999999999999998,0.8484848484848485,2.5,1.5,1.9,3.0,7.25757575757576,0.2878787878787879,0.0
19,COPOC,OCDF,0.13,0.8484848484848485,2.5,1.5,1.9,3.0,5.928904428904429,0.2878787878787879,0.0
19,COPOC,OCDF,0.15000000000000002,0.8333333333333334,2.484848484848485,1.4848484848484849,1.8181818181818181,3.0,5.525252525252524,0.30303030303030304,0.0
19,COPOC,OCDF,0.18000000000000005,0.7575757575757576,2.287878787878788,1.2878787878787878,1.625,3.0,5.664983164983164,0.3939393939393939,0.0
19,COPOC,OCDF,0.19999999999999996,0.7272727272727273,2.227272727272727,1.2272727272727273,1.6111111111111112,3.0,5.621212121212122,0.4393939393939394,0.0
19,COPOC,APS,0.020000000000000018,0.9696969696969697,3.0,2.0,3.0,3.0,11.090909090909085,0.09090909090909091,0.0
19,COPOC,APS,0.030000000000000027,0.9696969696969697,3.0,2.0,3.0,3.0,8.060606060606055,0.09090909090909091,0.0
19,COPOC,APS,0.050000000000000044,0.803030303030303,1.8636363636363635,0.8636363636363636,1.6923076923076923,3.0,14.196969696969687,0.3333333333333333,0.0
19,COPOC,APS,0.07999999999999996,0.803030303030303,1.803030303030303,0.803030303030303,1.6923076923076923,3.0,9.13636363636364,0.3333333333333333,0.0
19,COPOC,APS,0.09999999999999998,0.7878787878787878,1.7575757575757576,0.7575757575757576,1.6428571428571428,3.0,7.727272727272729,0.3484848484848485,0.0
19,COPOC,APS,0.13,0.696969696969697,1.4848484848484849,0.5151515151515151,1.6,3.0,7.2750582750582735,0.48484848484848486,0.0
19,COPOC,APS,0.15000000000000002,0.6818181818181818,1.393939393939394,0.45454545454545453,1.7142857142857142,3.0,6.313131313131311,0.5454545454545454,0.0
19,COPOC,APS,0.18000000000000005,0.6818181818181818,1.378787878787879,0.4393939393939394,1.7142857142857142,3.0,5.32154882154882,0.5454545454545454,0.0
19,COPOC,APS,0.19999999999999996,0.6818181818181818,1.3484848484848484,0.42424242424242425,1.7142857142857142,3.0,4.363636363636365,0.5454545454545454,0.0
19,COPOC,LAC,0.020000000000000018,0.9090909090909091,2.3484848484848486,1.3484848484848484,2.1666666666666665,3.0,21.045454545454533,0.19696969696969696,0.0
19,COPOC,LAC,0.030000000000000027,0.9090909090909091,2.3484848484848486,1.3484848484848484,2.1666666666666665,3.0,14.47979797979797,0.19696969696969696,0.0
19,COPOC,LAC,0.050000000000000044,0.8787878787878788,1.9090909090909092,0.9090909090909091,2.125,3.0,11.212121212121202,0.25757575757575757,0.0
19,COPOC,LAC,0.07999999999999996,0.7575757575757576,1.5757575757575757,0.5757575757575758,1.5625,3.0,10.04545454545455,0.3787878787878788,0.0
19,COPOC,LAC,0.09999999999999998,0.7424242424242424,1.5454545454545454,0.5454545454545454,1.5294117647058822,3.0,8.424242424242426,0.3939393939393939,0.0
19,COPOC,LAC,0.13,0.7424242424242424,1.5303030303030303,0.5303030303030303,1.5294117647058822,3.0,6.590909090909089,0.3939393939393939,0.0
19,COPOC,LAC,0.15000000000000002,0.7272727272727273,1.5,0.5,1.5555555555555556,3.0,6.156565656565656,0.42424242424242425,0.0
19,COPOC,LAC,0.18000000000000005,0.7121212121212122,1.4090909090909092,0.4090909090909091,1.5263157894736843,3.0,5.29124579124579,0.4393939393939394,0.0
19,COPOC,LAC,0.19999999999999996,0.7121212121212122,1.4090909090909092,0.4090909090909091,1.5263157894736843,3.0,4.803030303030304,0.4393939393939394,0.0
20,COPOC,min-CPS,0.020000000000000018,0.9545454545454546,2.757575757575758,1.7575757575757576,2.3333333333333335,3.0,12.363636363636354,0.10606060606060606,0.0
20,COPOC,min-CPS,0.030000000000000027,0.8939393939393939,2.1515151515151514,1.1515151515151516,1.8571428571428572,3.0,14.282828282828271,0.19696969696969696,0.0
20,COPOC,min-CPS,0.050000000000000044,0.8939393939393939,1.8484848484848484,0.8484848484848485,2.2857142857142856,3.0,10.545454545454536,0.24242424242424243,0.0
20,COPOC,min-CPS,0.07999999999999996,0.8939393939393939,1.8484848484848484,0.8484848484848485,2.2857142857142856,3.0,6.909090909090913,0.24242424242424243,0.0
20,COPOC,min-CPS,0.09999999999999998,0.8939393939393939,1.7272727272727273,0.7272727272727273,2.4285714285714284,3.0,5.878787878787881,0.25757575757575757,0.0
20,COPOC,min-CPS,0.13,0.8636363636363636,1.6666666666666667,0.6666666666666666,2.111111111111111,3.0,5.095571095571095,0.2878787878787879,0.0
20,COPOC,min-CPS,0.15000000000000002,0.8484848484848485,1.5606060606060606,0.5606060606060606,2.0,3.0,4.6010101010101,0.30303030303030304,0.0
20,COPOC,min-CPS,0.18000000000000005,0.8484848484848485,1.5151515151515151,0.5151515151515151,2.0,3.0,3.8821548821548815,0.30303030303030304,0.0
20,COPOC,min-CPS,0.19999999999999996,0.8333333333333334,1.4696969696969697,0.4696969696969697,1.9090909090909092,3.0,3.6515151515151523,0.3181818181818182,0.0
20,COPOC,RPS,0.020000000000000018,0.9242424242424242,3.106060606060606,2.106060606060606,1.4,2.0,12.712121212121204,0.10606060606060606,0.0
20,COPOC,RPS,0.030000000000000027,0.9242424242424242,3.106060606060606,2.106060606060606,1.4,2.0,9.176767676767671,0.10606060606060606,0.0
20,COPOC,RPS,0.050000000000000044,0.9090909090909091,2.727272727272727,1.7272727272727273,1.6666666666666667,2.0,7.787878787878783,0.15151515151515152,0.0
20,COPOC,RPS,0.07999999999999996,0.8939393939393939,2.6666666666666665,1.6666666666666667,1.5714285714285714,2.0,5.833333333333336,0.16666666666666666,0.0
20,COPOC,RPS,0.09999999999999998,0.8939393939393939,2.606060606060606,1.606060606060606,1.5714285714285714,2.0,4.9393939393939394,0.16666666666666666,0.0
20,COPOC,RPS,0.13,0.8787878787878788,2.5757575757575757,1.5757575757575757,1.5,2.0,4.372960372960373,0.18181818181818182,0.0
20,COPOC,RPS,0.15000000000000002,0.8636363636363636,2.5606060606060606,1.5606060606060606,1.4444444444444444,2.0,4.186868686868687,0.19696969696969696,0.0
20,COPOC,RPS,0.18000000000000005,0.8636363636363636,2.5606060606060606,1.5606060606060606,1.4444444444444444,2.0,3.7491582491582487,0.19696969696969696,0.0
20,COPOC,RPS,0.19999999999999996,0.8181818181818182,1.4545454545454546,0.45454545454545453,1.8333333333333333,3.0,3.787878787878789,0.3333333333333333,0.0
20,COPOC,OCDF,0.020000000000000018,0.9545454545454546,3.303030303030303,2.303030303030303,2.3333333333333335,3.0,12.909090909090901,0.10606060606060606,0.0
20,COPOC,OCDF,0.030000000000000027,0.9545454545454546,3.303030303030303,2.303030303030303,2.3333333333333335,3.0,9.373737373737368,0.10606060606060606,0.0
20,COPOC,OCDF,0.050000000000000044,0.8939393939393939,2.4393939393939394,1.4393939393939394,2.4285714285714284,3.0,11.742424242424233,0.25757575757575757,0.0
20,COPOC,OCDF,0.07999999999999996,0.8787878787878788,2.378787878787879,1.378787878787879,2.25,3.0,8.1969696969697,0.2727272727272727,0.0
20,COPOC,OCDF,0.09999999999999998,0.8333333333333334,2.3181818181818183,1.3181818181818181,1.9090909090909092,3.0,7.681818181818183,0.3181818181818182,0.0
20,COPOC,OCDF,0.13,0.8181818181818182,2.257575757575758,1.2575757575757576,1.8333333333333333,3.0,6.3857808857808855,0.3333333333333333,0.0
20,COPOC,OCDF,0.15000000000000002,0.8181818181818182,2.212121212121212,1.2121212121212122,1.9166666666666667,3.0,5.858585858585858,0.3484848484848485,0.0
20,COPOC,OCDF,0.18000000000000005,0.803030303030303,2.1666666666666665,1.1666666666666667,1.8461538461538463,3.0,5.207070707070706,0.36363636363636365,0.0
20,COPOC,OCDF,0.19999999999999996,0.7424242424242424,2.090909090909091,1.0909090909090908,1.7058823529411764,3.0,5.484848484848485,0.4393939393939394,0.0
20,COPOC,APS,0.020000000000000018,0.9393939393939394,2.757575757575758,1.7575757575757576,2.0,3.0,13.878787878787868,0.12121212121212122,0.0
20,COPOC,APS,0.030000000000000027,0.9393939393939394,2.757575757575758,1.7575757575757576,2.0,3.0,9.838383838383832,0.12121212121212122,0.0
20,COPOC,APS,0.050000000000000044,0.8939393939393939,2.106060606060606,1.106060606060606,1.8571428571428572,3.0,8.984848484848477,0.19696969696969696,0.0
20,COPOC,APS,0.07999999999999996,0.8787878787878788,1.9696969696969697,0.9696969696969697,1.875,3.0,6.651515151515155,0.22727272727272727,0.0
20,COPOC,APS,0.09999999999999998,0.8636363636363636,1.878787878787879,0.8787878787878788,1.8888888888888888,3.0,6.030303030303032,0.25757575757575757,0.0
20,COPOC,APS,0.13,0.8636363636363636,1.7121212121212122,0.7121212121212122,2.0,3.0,4.907925407925408,0.2727272727272727,0.0
20,COPOC,APS,0.15000000000000002,0.8636363636363636,1.696969696969697,0.696969696969697,2.0,3.0,4.333333333333333,0.2727272727272727,0.0
20,COPOC,APS,0.18000000000000005,0.8636363636363636,1.6515151515151516,0.6515151515151515,2.111111111111111,3.0,3.85016835016835,0.2878787878787879,0.0
20,COPOC,APS,0.19999999999999996,0.8636363636363636,1.606060606060606,0.6060606060606061,2.111111111111111,3.0,3.4848484848484858,0.2878787878787879,0.0
20,COPOC,LAC,0.020000000000000018,0.9545454545454546,2.696969696969697,1.696969696969697,2.6666666666666665,3.0,13.818181818181808,0.12121212121212122,0.0
20,COPOC,LAC,0.030000000000000027,0.9545454545454546,2.696969696969697,1.696969696969697,2.6666666666666665,3.0,9.77777777777777,0.12121212121212122,0.0
20,COPOC,LAC,0.050000000000000044,0.8939393939393939,1.8181818181818181,0.8181818181818182,2.4285714285714284,3.0,11.121212121212112,0.25757575757575757,0.0
20,COPOC,LAC,0.07999999999999996,0.8939393939393939,1.7424242424242424,0.7424242424242424,2.4285714285714284,3.0,7.181818181818185,0.25757575757575757,0.0
20,COPOC,LAC,0.09999999999999998,0.8787878787878788,1.696969696969697,0.696969696969697,2.25,3.0,6.151515151515153,0.2727272727272727,0.0
20,COPOC,LAC,0.13,0.8787878787878788,1.6515151515151516,0.6515151515151515,2.25,3.0,4.847319347319347,0.2727272727272727,0.0
20,COPOC,LAC,0.15000000000000002,0.8636363636363636,1.5909090909090908,0.5909090909090909,2.111111111111111,3.0,4.429292929292929,0.2878787878787879,0.0
20,COPOC,LAC,0.18000000000000005,0.8333333333333334,1.4848484848484849,0.48484848484848486,1.9090909090909092,3.0,4.02020202020202,0.3181818181818182,0.0
20,COPOC,LAC,0.19999999999999996,0.8333333333333334,1.4848484848484849,0.48484848484848486,1.9090909090909092,3.0,3.6666666666666674,0.3181818181818182,0.0
21,COPOC,min-CPS,0.020000000000000018,0.9696969696969697,3.0454545454545454,2.0454545454545454,3.0,3.0,11.13636363636363,0.09090909090909091,0.0
21,COPOC,min-CPS,0.030000000000000027,0.9696969696969697,2.9696969696969697,1.9696969696969697,3.0,3.0,8.030303030303026,0.09090909090909091,0.0
21,COPOC,min-CPS,0.050000000000000044,0.9696969696969697,2.8484848484848486,1.8484848484848484,3.0,3.0,5.484848484848482,0.09090909090909091,0.0
21,COPOC,min-CPS,0.07999999999999996,0.9545454545454546,2.5606060606060606,1.5606060606060606,2.3333333333333335,3.0,4.212121212121214,0.10606060606060606,0.0
21,COPOC,min-CPS,0.09999999999999998,0.9545454545454546,2.409090909090909,1.4090909090909092,2.3333333333333335,3.0,3.5303030303030307,0.10606060606060606,0.0
21,COPOC,min-CPS,0.13,0.9545454545454546,2.1666666666666665,1.1666666666666667,2.3333333333333335,3.0,2.798368298368298,0.10606060606060606,0.0
21,COPOC,min-CPS,0.15000000000000002,0.8787878787878788,1.8636363636363635,0.8636363636363636,1.5,3.0,3.2878787878787876,0.18181818181818182,0.0
21,COPOC,min-CPS,0.18000000000000005,0.8636363636363636,1.7424242424242424,0.7424242424242424,1.4444444444444444,3.0,2.9309764309764303,0.19696969696969696,0.0
21,COPOC,min-CPS,0.19999999999999996,0.8333333333333334,1.6515151515151516,0.6515151515151515,1.3636363636363635,3.0,2.9242424242424248,0.22727272727272727,0.0
21,COPOC,RPS,0.020000000000000018,0.9696969696969697,3.787878787878788,2.787878787878788,1.0,1.0,5.818181818181816,0.030303030303030304,0.0
21,COPOC,RPS,0.030000000000000027,0.9696969696969697,3.787878787878788,2.787878787878788,1.0,1.0,4.808080808080807,0.030303030303030304,0.0
21,COPOC,RPS,0.050000000000000044,0.9696969696969697,3.303030303030303,2.303030303030303,2.0,2.0,4.727272727272726,0.06060606060606061,0.0
21,COPOC,RPS,0.07999999999999996,0.9696969696969697,3.121212121212121,2.121212121212121,2.0,2.0,3.636363636363637,0.06060606060606061,0.0
21,COPOC,RPS,0.09999999999999998,0.9696969696969697,2.9545454545454546,1.9545454545454546,2.0,2.0,3.1666666666666665,0.06060606060606061,0.0
21,COPOC,RPS,0.13,0.8939393939393939,2.6515151515151514,1.6515151515151516,1.2857142857142858,2.0,3.7494172494172493,0.13636363636363635,0.0
21,COPOC,RPS,0.15000000000000002,0.8636363636363636,2.590909090909091,1.5909090909090908,1.2222222222222223,2.0,3.8131313131313127,0.16666666666666666,0.0
21,COPOC,RPS,0.18000000000000005,0.8636363636363636,2.5757575757575757,1.5757575757575757,1.2222222222222223,2.0,3.4276094276094273,0.16666666666666666,0.0
21,COPOC,RPS,0.19999999999999996,0.8484848484848485,1.7727272727272727,0.7727272727272727,1.4,3.0,2.8939393939393945,0.21212121212121213,0.0
21,COPOC,OCDF,0.020000000000000018,0.9696969696969697,3.5606060606060606,2.5606060606060606,3.0,3.0,11.651515151515145,0.09090909090909091,0.0
21,COPOC,OCDF,0.030000000000000027,0.9696969696969697,3.5606060606060606,2.5606060606060606,3.0,3.0,8.621212121212116,0.09090909090909091,0.0
21,COPOC,OCDF,0.050000000000000044,0.9696969696969697,3.4242424242424243,2.4242424242424243,3.0,3.0,6.060606060606057,0.09090909090909091,0.0
21,COPOC,OCDF,0.07999999999999996,0.9696969696969697,3.1818181818181817,2.1818181818181817,3.0,3.0,4.454545454545456,0.09090909090909091,0.0
21,COPOC,OCDF,0.09999999999999998,0.9696969696969697,2.9545454545454546,1.9545454545454546,3.0,3.0,3.7727272727272734,0.09090909090909091,0.0
21,COPOC,OCDF,0.13,0.9393939393939394,2.712121212121212,1.7121212121212122,2.0,3.0,3.5769230769230766,0.12121212121212122,0.0
21,COPOC,OCDF,0.15000000000000002,0.9393939393939394,2.6818181818181817,1.6818181818181819,2.0,3.0,3.2979797979797976,0.12121212121212122,0.0
21,COPOC,OCDF,0.18000000000000005,0.7878787878787878,2.4393939393939394,1.4393939393939394,1.3571428571428572,3.0,4.638047138047137,0.2878787878787879,0.0
21,COPOC,OCDF,0.19999999999999996,0.7878787878787878,2.393939393939394,1.393939393939394,1.4285714285714286,3.0,4.424242424242424,0.30303030303030304,0.0
21,COPOC,APS,0.020000000000000018,0.9696969696969697,3.121212121212121,2.121212121212121,3.0,3.0,11.212121212121206,0.09090909090909091,0.0
21,COPOC,APS,0.030000000000000027,0.9696969696969697,3.121212121212121,2.121212121212121,3.0,3.0,8.181818181818176,0.09090909090909091,0.0
21,COPOC,APS,0.050000000000000044,0.9545454545454546,2.8333333333333335,1.8333333333333333,2.3333333333333335,3.0,6.075757575757573,0.10606060606060606,0.0
21,COPOC,APS,0.07999999999999996,0.9242424242424242,2.409090909090909,1.4090909090909092,1.8,3.0,4.81818181818182,0.13636363636363635,0.0
21,COPOC,APS,0.09999999999999998,0.9242424242424242,2.3636363636363638,1.3636363636363635,1.8,3.0,4.090909090909091,0.13636363636363635,0.0
21,COPOC,APS,0.13,0.9242424242424242,2.287878787878788,1.2878787878787878,1.8,3.0,3.3857808857808855,0.13636363636363635,0.0
21,COPOC,APS,0.15000000000000002,0.9242424242424242,2.212121212121212,1.2121212121212122,1.8,3.0,3.0303030303030303,0.13636363636363635,0.0
21,COPOC,APS,0.18000000000000005,0.9242424242424242,2.0757575757575757,1.0757575757575757,1.8,3.0,2.5909090909090904,0.13636363636363635,0.0
21,COPOC,APS,0.19999999999999996,0.8484848484848485,1.7727272727272727,0.7727272727272727,1.4,3.0,2.8939393939393945,0.21212121212121213,0.0
21,COPOC,LAC,0.020000000000000018,0.9696969696969697,3.0454545454545454,2.0454545454545454,3.0,3.0,11.13636363636363,0.09090909090909091,0.0
21,COPOC,LAC,0.030000000000000027,0.9696969696969697,3.0454545454545454,2.0454545454545454,3.0,3.0,8.1060606060606,0.09090909090909091,0.0
21,COPOC,LAC,0.050000000000000044,0.9696969696969697,2.772727272727273,1.7727272727272727,3.0,3.0,5.409090909090906,0.09090909090909091,0.0
21,COPOC,LAC,0.07999999999999996,0.9545454545454546,2.5454545454545454,1.5454545454545454,2.3333333333333335,3.0,4.196969696969699,0.10606060606060606,0.0
21,COPOC,LAC,0.09999999999999998,0.9545454545454546,2.257575757575758,1.2575757575757576,2.3333333333333335,3.0,3.3787878787878793,0.10606060606060606,0.0
21,COPOC,LAC,0.13,0.9545454545454546,2.090909090909091,1.0909090909090908,2.3333333333333335,3.0,2.7226107226107223,0.10606060606060606,0.0
21,COPOC,LAC,0.15000000000000002,0.9545454545454546,2.0757575757575757,1.0757575757575757,2.3333333333333335,3.0,2.4898989898989896,0.10606060606060606,0.0
21,COPOC,LAC,0.18000000000000005,0.8636363636363636,1.7424242424242424,0.7424242424242424,1.4444444444444444,3.0,2.9309764309764303,0.19696969696969696,0.0
21,COPOC,LAC,0.19999999999999996,0.8484848484848485,1.6818181818181819,0.6818181818181818,1.4,3.0,2.8030303030303036,0.21212121212121213,0.0
22,COPOC,min-CPS,0.020000000000000018,0.9545454545454546,2.8333333333333335,1.8333333333333333,2.3333333333333335,3.0,12.43939393939393,0.10606060606060606,0.0
22,COPOC,min-CPS,0.030000000000000027,0.9545454545454546,2.757575757575758,1.7575757575757576,2.3333333333333335,3.0,8.828282828282823,0.10606060606060606,0.0
22,COPOC,min-CPS,0.050000000000000044,0.9545454545454546,2.515151515151515,1.5151515151515151,2.6666666666666665,3.0,6.36363636363636,0.12121212121212122,0.0
22,COPOC,min-CPS,0.07999999999999996,0.9242424242424242,2.0606060606060606,1.0606060606060606,2.2,3.0,5.227272727272729,0.16666666666666666,0.0
22,COPOC,min-CPS,0.09999999999999998,0.9242424242424242,2.0606060606060606,1.0606060606060606,2.2,3.0,4.3939393939393945,0.16666666666666666,0.0
22,COPOC,min-CPS,0.13,0.9090909090909091,1.878787878787879,0.8787878787878788,2.0,3.0,3.6759906759906755,0.18181818181818182,0.0
22,COPOC,min-CPS,0.15000000000000002,0.8333333333333334,1.6363636363636365,0.6363636363636364,1.5454545454545454,3.0,4.07070707070707,0.25757575757575757,0.0
22,COPOC,min-CPS,0.18000000000000005,0.8333333333333334,1.5757575757575757,0.5757575757575758,1.6363636363636365,3.0,3.6060606060606055,0.2727272727272727,0.0
22,COPOC,min-CPS,0.19999999999999996,0.8333333333333334,1.5606060606060606,0.5606060606060606,1.6363636363636365,3.0,3.287878787878789,0.2727272727272727,0.0
22,COPOC,RPS,0.020000000000000018,0.9696969696969697,3.787878787878788,2.787878787878788,1.0,1.0,5.818181818181816,0.030303030303030304,0.0
22,COPOC,RPS,0.030000000000000027,0.9696969696969697,3.787878787878788,2.787878787878788,1.0,1.0,4.808080808080807,0.030303030303030304,0.0
22,COPOC,RPS,0.050000000000000044,0.9545454545454546,3.1818181818181817,2.1818181818181817,1.6666666666666667,2.0,5.212121212121209,0.07575757575757576,0.0
22,COPOC,RPS,0.07999999999999996,0.8939393939393939,2.6818181818181817,1.6818181818181819,1.2857142857142858,2.0,5.090909090909093,0.13636363636363635,0.0
22,COPOC,RPS,0.09999999999999998,0.8939393939393939,2.6515151515151514,1.6515151515151516,1.2857142857142858,2.0,4.378787878787879,0.13636363636363635,0.0
22,COPOC,RPS,0.13,0.8636363636363636,2.606060606060606,1.606060606060606,1.2222222222222223,2.0,4.170163170163169,0.16666666666666666,0.0
22,COPOC,RPS,0.15000000000000002,0.8636363636363636,2.606060606060606,1.606060606060606,1.2222222222222223,2.0,3.8282828282828283,0.16666666666666666,0.0
22,COPOC,RPS,0.18000000000000005,0.8484848484848485,2.5606060606060606,1.5606060606060606,1.2,2.0,3.58080808080808,0.18181818181818182,0.0
22,COPOC,RPS,0.19999999999999996,0.7727272727272727,1.4848484848484849,0.48484848484848486,1.4,3.0,3.6666666666666674,0.3181818181818182,0.0
22,COPOC,OCDF,0.020000000000000018,0.9545454545454546,3.409090909090909,2.409090909090909,2.3333333333333335,3.0,13.015151515151507,0.10606060606060606,0.0
22,COPOC,OCDF,0.030000000000000027,0.9545454545454546,3.409090909090909,2.409090909090909,2.3333333333333335,3.0,9.479797979797974,0.10606060606060606,0.0
22,COPOC,OCDF,0.050000000000000044,0.9545454545454546,3.212121212121212,2.212121212121212,2.6666666666666665,3.0,7.060606060606056,0.12121212121212122,0.0
22,COPOC,OCDF,0.07999999999999996,0.8939393939393939,2.621212121212121,1.621212121212121,1.8571428571428572,3.0,6.5454545454545485,0.19696969696969696,0.0
22,COPOC,OCDF,0.09999999999999998,0.8787878787878788,2.5303030303030303,1.5303030303030303,1.75,3.0,5.7727272727272725,0.21212121212121213,0.0
22,COPOC,OCDF,0.13,0.8333333333333334,2.4242424242424243,1.4242424242424243,1.5454545454545454,3.0,5.386946386946386,0.25757575757575757,0.0
22,COPOC,OCDF,0.15000000000000002,0.7878787878787878,2.287878787878788,1.2878787878787878,1.5,3.0,5.53030303030303,0.3181818181818182,0.0
22,COPOC,OCDF,0.18000000000000005,0.7424242424242424,2.227272727272727,1.2272727272727273,1.4705882352941178,3.0,5.436026936026935,0.3787878787878788,0.0
22,COPOC,OCDF,0.19999999999999996,0.7272727272727273,2.1666666666666665,1.1666666666666667,1.5555555555555556,3.0,5.409090909090909,0.42424242424242425,0.0
22,COPOC,APS,0.020000000000000018,0.9545454545454546,2.9393939393939394,1.9393939393939394,2.3333333333333335,3.0,12.545454545454536,0.10606060606060606,0.0
22,COPOC,APS,0.030000000000000027,0.9545454545454546,2.9393939393939394,1.9393939393939394,2.3333333333333335,3.0,9.010101010101005,0.10606060606060606,0.0
22,COPOC,APS,0.050000000000000044,0.9545454545454546,2.727272727272727,1.7272727272727273,2.3333333333333335,3.0,5.969696969696966,0.10606060606060606,0.0
22,COPOC,APS,0.07999999999999996,0.9242424242424242,2.303030303030303,1.303030303030303,2.0,3.0,5.090909090909093,0.15151515151515152,0.0
22,COPOC,APS,0.09999999999999998,0.9090909090909091,2.287878787878788,1.2878787878787878,1.8333333333333333,3.0,4.621212121212122,0.16666666666666666,0.0
22,COPOC,APS,0.13,0.9090909090909091,2.1666666666666665,1.1666666666666667,1.8333333333333333,3.0,3.7307692307692304,0.16666666666666666,0.0
22,COPOC,APS,0.15000000000000002,0.9090909090909091,2.0,1.0,1.8333333333333333,3.0,3.222222222222222,0.16666666666666666,0.0
22,COPOC,APS,0.18000000000000005,0.9090909090909091,1.9848484848484849,0.9848484848484849,2.0,3.0,3.0050505050505047,0.18181818181818182,0.0
22,COPOC,APS,0.19999999999999996,0.8636363636363636,1.6666666666666667,0.6666666666666666,1.6666666666666667,3.0,2.93939393939394,0.22727272727272727,0.0
22,COPOC,LAC,0.020000000000000018,0.9545454545454546,2.803030303030303,1.803030303030303,2.6666666666666665,3.0,13.924242424242413,0.12121212121212122,0.0
22,COPOC,LAC,0.030000000000000027,0.9545454545454546,2.803030303030303,1.803030303030303,2.6666666666666665,3.0,9.883838383838375,0.12121212121212122,0.0
22,COPOC,LAC,0.050000000000000044,0.9545454545454546,2.5,1.5,2.6666666666666665,3.0,6.348484848484844,0.12121212121212122,0.0
22,COPOC,LAC,0.07999999999999996,0.9242424242424242,2.0303030303030303,1.0303030303030303,2.2,3.0,5.196969696969699,0.16666666666666666,0.0
22,COPOC,LAC,0.09999999999999998,0.9242424242424242,1.9848484848484849,0.9848484848484849,2.2,3.0,4.318181818181819,0.16666666666666666,0.0
22,COPOC,LAC,0.13,0.8939393939393939,1.8636363636363635,0.8636363636363636,1.8571428571428572,3.0,3.893939393939394,0.19696969696969696,0.0
22,COPOC,LAC,0.15000000000000002,0.8636363636363636,1.7121212121212122,0.7121212121212122,1.6666666666666667,3.0,3.742424242424242,0.22727272727272727,0.0
22,COPOC,LAC,0.18000000000000005,0.8484848484848485,1.6515151515151516,0.6515151515151515,1.6,3.0,3.3451178451178447,0.24242424242424243,0.0
22,COPOC,LAC,0.19999999999999996,0.803030303030303,1.5303030303030303,0.5303030303030303,1.5384615384615385,3.0,3.5606060606060614,0.30303030303030304,0.0
23,COPOC,min-CPS,0.020000000000000018,1.0,3.772727272727273,2.772727272727273,,0.0,2.772727272727273,0.0,0.0
23,COPOC,min-CPS,0.030000000000000027,0.9545454545454546,2.696969696969697,1.696969696969697,1.6666666666666667,3.0,6.747474747474743,0.07575757575757576,0.0
23,COPOC,min-CPS,0.050000000000000044,0.9545454545454546,2.409090909090909,1.4090909090909092,2.0,3.0,5.045454545454542,0.09090909090909091,0.0
23,COPOC,min-CPS,0.07999999999999996,0.8939393939393939,1.9242424242424243,0.9242424242424242,1.7142857142857142,3.0,5.469696969696972,0.18181818181818182,0.0
23,COPOC,min-CPS,0.09999999999999998,0.8636363636363636,1.7424242424242424,0.7424242424242424,1.5555555555555556,3.0,4.984848484848485,0.21212121212121213,0.0
23,COPOC,min-CPS,0.13,0.8484848484848485,1.7121212121212122,0.7121212121212122,1.5,3.0,4.208624708624708,0.22727272727272727,0.0
23,COPOC,min-CPS,0.15000000000000002,0.803030303030303,1.5303030303030303,0.5303030303030303,1.3846153846153846,3.0,4.166666666666667,0.2727272727272727,0.0
23,COPOC,min-CPS,0.18000000000000005,0.803030303030303,1.5151515151515151,0.5151515151515151,1.3846153846153846,3.0,3.5454545454545445,0.2727272727272727,0.0
23,COPOC,min-CPS,0.19999999999999996,0.7878787878787878,1.5,0.5,1.3571428571428572,3.0,3.37878787878788,0.2878787878787879,0.0
23,COPOC,RPS,0.020000000000000018,1.0,3.878787878787879,2.878787878787879,,0.0,2.878787878787879,0.0,0.0
23,COPOC,RPS,0.030000000000000027,1.0,3.878787878787879,2.878787878787879,,0.0,2.878787878787879,0.0,0.0
23,COPOC,RPS,0.050000000000000044,0.9848484848484849,3.712121212121212,2.712121212121212,1.0,1.0,3.318181818181818,0.015151515151515152,0.0
23,COPOC,RPS,0.07999999999999996,0.9090909090909091,2.696969696969697,1.696969696969697,1.1666666666666667,2.0,4.34848484848485,0.10606060606060606,0.0
23,COPOC,RPS,0.09999999999999998,0.9090909090909091,2.696969696969697,1.696969696969697,1.1666666666666667,2.0,3.8181818181818183,0.10606060606060606,0.0
23,COPOC,RPS,0.13,0.8939393939393939,2.606060606060606,1.606060606060606,1.1428571428571428,2.0,3.4708624708624707,0.12121212121212122,0.0
23,COPOC,RPS,0.15000000000000002,0.8636363636363636,2.5606060606060606,1.5606060606060606,1.1111111111111112,2.0,3.5808080808080804,0.15151515151515152,0.0
23,COPOC,RPS,0.18000000000000005,0.8636363636363636,2.5454545454545454,1.5454545454545454,1.1111111111111112,2.0,3.2289562289562284,0.15151515151515152,0.0
23,COPOC,RPS,0.19999999999999996,0.7727272727272727,1.4848484848484849,0.48484848484848486,1.3333333333333333,3.0,3.515151515151516,0.30303030303030304,0.0
23,COPOC,OCDF,0.020000000000000018,1.0,3.878787878787879,2.878787878787879,,0.0,2.878787878787879,0.0,0.0
23,COPOC,OCDF,0.030000000000000027,1.0,3.878787878787879,2.878787878787879,,0.0,2.878787878787879,0.0,0.0
23,COPOC,OCDF,0.050000000000000044,0.9545454545454546,3.0757575757575757,2.0757575757575757,2.0,3.0,5.712121212121208,0.09090909090909091,0.0
23,COPOC,OCDF,0.07999999999999996,0.9242424242424242,2.6818181818181817,1.6818181818181819,2.0,3.0,5.469696969696972,0.15151515151515152,0.0
23,COPOC,OCDF,0.09999999999999998,0.9242424242424242,2.6666666666666665,1.6666666666666667,2.0,3.0,4.696969696969697,0.15151515151515152,0.0
23,COPOC,OCDF,0.13,0.8181818181818182,2.4242424242424243,1.4242424242424243,1.5,3.0,5.620046620046619,0.2727272727272727,0.0
23,COPOC,OCDF,0.15000000000000002,0.803030303030303,2.378787878787879,1.378787878787879,1.4615384615384615,3.0,5.217171717171717,0.2878787878787879,0.0
23,COPOC,OCDF,0.18000000000000005,0.7878787878787878,2.3636363636363638,1.3636363636363635,1.4285714285714286,3.0,4.73063973063973,0.30303030303030304,0.0
23,COPOC,OCDF,0.19999999999999996,0.7727272727272727,2.3181818181818183,1.3181818181818181,1.4,3.0,4.5,0.3181818181818182,0.0
23,COPOC,APS,0.020000000000000018,1.0,3.742424242424242,2.742424242424242,,0.0,2.742424242424242,0.0,0.0
23,COPOC,APS,0.030000000000000027,1.0,3.742424242424242,2.742424242424242,,0.0,2.742424242424242,0.0,0.0
23,COPOC,APS,0.050000000000000044,0.9393939393939394,2.257575757575758,1.2575757575757576,2.0,3.0,6.106060606060602,0.12121212121212122,0.0
23,COPOC,APS,0.07999999999999996,0.9090909090909091,2.0606060606060606,1.0606060606060606,1.6666666666666667,3.0,4.84848484848485,0.15151515151515152,0.0
23,COPOC,APS,0.09999999999999998,0.9090909090909091,2.0606060606060606,1.0606060606060606,1.6666666666666667,3.0,4.090909090909091,0.15151515151515152,0.0
23,COPOC,APS,0.13,0.8484848484848485,1.696969696969697,0.696969696969697,1.5,3.0,4.193473193473193,0.22727272727272727,0.0
23,COPOC,APS,0.15000000000000002,0.8181818181818182,1.621212121212121,0.6363636363636364,1.5833333333333333,3.0,4.474747474747474,0.2878787878787879,0.0
23,COPOC,APS,0.18000000000000005,0.7727272727272727,1.5,0.5151515151515151,1.4666666666666666,3.0,4.218855218855218,0.3333333333333333,0.0
23,COPOC,APS,0.19999999999999996,0.7424242424242424,1.4393939393939394,0.4696969696969697,1.5294117647058822,3.0,3.9545454545454555,0.3939393939393939,0.0
23,COPOC,LAC,0.020000000000000018,1.0,3.742424242424242,2.742424242424242,,0.0,2.742424242424242,0.0,0.0
23,COPOC,LAC,0.030000000000000027,1.0,3.742424242424242,2.742424242424242,,0.0,2.742424242424242,0.0,0.0
23,COPOC,LAC,0.050000000000000044,0.9393939393939394,2.3333333333333335,1.3333333333333333,2.0,3.0,6.181818181818177,0.12121212121212122,0.0
23,COPOC,LAC,0.07999999999999996,0.8939393939393939,1.8333333333333333,0.8333333333333334,1.7142857142857142,3.0,5.378787878787882,0.18181818181818182,0.0
23,COPOC,LAC,0.09999999999999998,0.8939393939393939,1.7727272727272727,0.7727272727272727,1.7142857142857142,3.0,4.40909090909091,0.18181818181818182,0.0
23,COPOC,LAC,0.13,0.8333333333333334,1.6666666666666667,0.6666666666666666,1.4545454545454546,3.0,4.3962703962703955,0.24242424242424243,0.0
23,COPOC,LAC,0.15000000000000002,0.8333333333333334,1.6363636363636365,0.6363636363636364,1.4545454545454546,3.0,3.8686868686868685,0.24242424242424243,0.0
23,COPOC,LAC,0.18000000000000005,0.8181818181818182,1.5454545454545454,0.5454545454545454,1.4166666666666667,3.0,3.407407407407407,0.25757575757575757,0.0
23,COPOC,LAC,0.19999999999999996,0.7727272727272727,1.4696969696969697,0.4696969696969697,1.3333333333333333,3.0,3.500000000000001,0.30303030303030304,0.0
24,COPOC,min-CPS,0.020000000000000018,1.0,3.772727272727273,2.772727272727273,,0.0,2.772727272727273,0.0,0.0
24,COPOC,min-CPS,0.030000000000000027,0.9696969696969697,2.893939393939394,1.893939393939394,2.0,3.0,5.934343434343432,0.06060606060606061,0.0
24,COPOC,min-CPS,0.050000000000000044,0.9696969696969697,2.8181818181818183,1.8181818181818181,2.0,3.0,4.24242424242424,0.06060606060606061,0.0
24,COPOC,min-CPS,0.07999999999999996,0.8787878787878788,1.878787878787879,0.8787878787878788,1.75,3.0,6.181818181818184,0.21212121212121213,0.0
24,COPOC,min-CPS,0.09999999999999998,0.8333333333333334,1.7878787878787878,0.7878787878787878,1.5454545454545454,3.0,5.939393939393941,0.25757575757575757,0.0
24,COPOC,min-CPS,0.13,0.803030303030303,1.621212121212121,0.6212121212121212,1.4615384615384615,3.0,5.05011655011655,0.2878787878787879,0.0
24,COPOC,min-CPS,0.15000000000000002,0.7272727272727273,1.4545454545454546,0.45454545454545453,1.3888888888888888,3.0,5.505050505050504,0.3787878787878788,0.0
24,COPOC,min-CPS,0.18000000000000005,0.696969696969697,1.4090909090909092,0.4090909090909091,1.35,3.0,4.954545454545453,0.4090909090909091,0.0
24,COPOC,min-CPS,0.19999999999999996,0.7121212121212122,1.393939393939394,0.3939393939393939,1.368421052631579,3.0,4.333333333333334,0.3939393939393939,0.0
24,COPOC,RPS,0.020000000000000018,1.0,3.9242424242424243,2.9242424242424243,,0.0,2.9242424242424243,0.0,0.0
24,COPOC,RPS,0.030000000000000027,1.0,3.9242424242424243,2.9242424242424243,,0.0,2.9242424242424243,0.0,0.0
24,COPOC,RPS,0.050000000000000044,0.9545454545454546,3.196969696969697,2.196969696969697,1.3333333333333333,2.0,4.621212121212119,0.06060606060606061,0.0
24,COPOC,RPS,0.07999999999999996,0.8939393939393939,2.727272727272727,1.7272727272727273,1.2857142857142858,2.0,5.1363636363636385,0.13636363636363635,0.0
24,COPOC,RPS,0.09999999999999998,0.8333333333333334,2.5757575757575757,1.5757575757575757,1.1818181818181819,2.0,5.515151515151516,0.19696969696969696,0.0
24,COPOC,RPS,0.13,0.803030303030303,2.484848484848485,1.4848484848484849,1.1538461538461537,2.0,4.98135198135198,0.22727272727272727,0.0
24,COPOC,RPS,0.15000000000000002,0.7878787878787878,1.7575757575757576,0.7575757575757576,1.2857142857142858,3.0,4.393939393939394,0.2727272727272727,0.0
24,COPOC,RPS,0.18000000000000005,0.7424242424242424,1.5151515151515151,0.5151515151515151,1.3529411764705883,3.0,4.387205387205387,0.3484848484848485,0.0
24,COPOC,RPS,0.19999999999999996,0.7272727272727273,1.4393939393939394,0.4393939393939394,1.3888888888888888,3.0,4.227272727272728,0.3787878787878788,0.0
24,COPOC,OCDF,0.020000000000000018,1.0,3.9242424242424243,2.9242424242424243,,0.0,2.9242424242424243,0.0,0.0
24,COPOC,OCDF,0.030000000000000027,1.0,3.9242424242424243,2.9242424242424243,,0.0,2.9242424242424243,0.0,0.0
24,COPOC,OCDF,0.050000000000000044,0.9696969696969697,3.4696969696969697,2.4696969696969697,2.0,3.0,4.893939393939392,0.06060606060606061,0.0
24,COPOC,OCDF,0.07999999999999996,0.8333333333333334,2.5606060606060606,1.5606060606060606,1.5454545454545454,3.0,8.000000000000004,0.25757575757575757,0.0
24,COPOC,OCDF,0.09999999999999998,0.8333333333333334,2.5606060606060606,1.5606060606060606,1.5454545454545454,3.0,6.712121212121214,0.25757575757575757,0.0
24,COPOC,OCDF,0.13,0.8181818181818182,2.5,1.5,1.5833333333333333,3.0,5.928904428904429,0.2878787878787879,0.0
24,COPOC,OCDF,0.15000000000000002,0.8181818181818182,2.4545454545454546,1.4545454545454546,1.6666666666666667,3.0,5.494949494949495,0.30303030303030304,0.0
24,COPOC,OCDF,0.18000000000000005,0.803030303030303,2.4242424242424243,1.4242424242424243,1.6153846153846154,3.0,4.9595959595959584,0.3181818181818182,0.0
24,COPOC,OCDF,0.19999999999999996,0.803030303030303,2.3636363636363638,1.3636363636363635,1.6923076923076923,3.0,4.696969696969697,0.3333333333333333,0.0
24,COPOC,APS,0.020000000000000018,1.0,3.787878787878788,2.787878787878788,,0.0,2.787878787878788,0.0,0.0
24,COPOC,APS,0.030000000000000027,1.0,3.787878787878788,2.787878787878788,,0.0,2.787878787878788,0.0,0.0
24,COPOC,APS,0.050000000000000044,0.9545454545454546,2.606060606060606,1.606060606060606,1.6666666666666667,3.0,4.636363636363634,0.07575757575757576,0.0
24,COPOC,APS,0.07999999999999996,0.8787878787878788,1.9696969696969697,0.9696969696969697,1.5,3.0,5.515151515151517,0.18181818181818182,0.0
24,COPOC,APS,0.09999999999999998,0.8636363636363636,1.8636363636363635,0.8636363636363636,1.5555555555555556,3.0,5.106060606060607,0.21212121212121213,0.0
24,COPOC,APS,0.13,0.7575757575757576,1.5909090909090908,0.5909090909090909,1.375,3.0,5.719114219114219,0.3333333333333333,0.0
24,COPOC,APS,0.15000000000000002,0.7575757575757576,1.5909090909090908,0.5909090909090909,1.375,3.0,5.035353535353535,0.3333333333333333,0.0
24,COPOC,APS,0.18000000000000005,0.7121212121212122,1.5,0.5151515151515151,1.4210526315789473,3.0,4.723905723905723,0.4090909090909091,0.0
24,COPOC,APS,0.19999999999999996,0.6818181818181818,1.4393939393939394,0.4696969696969697,1.5714285714285714,3.0,5.0151515151515165,0.5,0.0
24,COPOC,LAC,0.020000000000000018,1.0,3.727272727272727,2.727272727272727,,0.0,2.727272727272727,0.0,0.0
24,COPOC,LAC,0.030000000000000027,1.0,3.727272727272727,2.727272727272727,,0.0,2.727272727272727,0.0,0.0
24,COPOC,LAC,0.050000000000000044,0.9696969696969697,2.772727272727273,1.7727272727272727,2.5,3.0,4.8030303030303,0.07575757575757576,0.0
24,COPOC,LAC,0.07999999999999996,0.8636363636363636,1.8484848484848484,0.8484848484848485,1.6666666666666667,3.0,6.530303030303033,0.22727272727272727,0.0
24,COPOC,LAC,0.09999999999999998,0.8181818181818182,1.696969696969697,0.696969696969697,1.5,3.0,6.151515151515153,0.2727272727272727,0.0
24,COPOC,LAC,0.13,0.803030303030303,1.6363636363636365,0.6363636363636364,1.4615384615384615,3.0,5.065268065268064,0.2878787878787879,0.0
24,COPOC,LAC,0.15000000000000002,0.7878787878787878,1.621212121212121,0.6212121212121212,1.4285714285714286,3.0,4.661616161616161,0.30303030303030304,0.0
24,COPOC,LAC,0.18000000000000005,0.7121212121212122,1.393939393939394,0.3939393939393939,1.368421052631579,3.0,4.77104377104377,0.3939393939393939,0.0
24,COPOC,LAC,0.19999999999999996,0.696969696969697,1.3484848484848484,0.3484848484848485,1.35,3.0,4.43939393939394,0.4090909090909091,0.0
25,COPOC,min-CPS,0.020000000000000018,1.0,3.8181818181818183,2.8181818181818183,,0.0,2.8181818181818183,0.0,0.0
25,COPOC,min-CPS,0.030000000000000027,1.0,3.8181818181818183,2.8181818181818183,,0.0,2.8181818181818183,0.0,0.0
25,COPOC,min-CPS,0.050000000000000044,1.0,3.0757575757575757,2.0757575757575757,,0.0,2.0757575757575757,0.0,0.0
25,COPOC,min-CPS,0.07999999999999996,0.9242424242424242,2.090909090909091,1.0909090909090908,2.0,3.0,4.878787878787881,0.15151515151515152,0.0
25,COPOC,min-CPS,0.09999999999999998,0.9090909090909091,2.0606060606060606,1.0606060606060606,1.8333333333333333,3.0,4.3939393939393945,0.16666666666666666,0.0
25,COPOC,min-CPS,0.13,0.8939393939393939,1.9090909090909092,0.9090909090909091,1.8571428571428572,3.0,3.9393939393939394,0.19696969696969696,0.0
25,COPOC,min-CPS,0.15000000000000002,0.8181818181818182,1.606060606060606,0.6060606060606061,1.5,3.0,4.242424242424242,0.2727272727272727,0.0
25,COPOC,min-CPS,0.18000000000000005,0.8333333333333334,1.5757575757575757,0.5757575757575758,1.5454545454545454,3.0,3.4377104377104373,0.25757575757575757,0.0
25,COPOC,min-CPS,0.19999999999999996,0.8333333333333334,1.5606060606060606,0.5606060606060606,1.5454545454545454,3.0,3.136363636363637,0.25757575757575757,0.0
25,COPOC,RPS,0.020000000000000018,1.0,3.9393939393939394,2.9393939393939394,,0.0,2.9393939393939394,0.0,0.0
25,COPOC,RPS,0.030000000000000027,1.0,3.9393939393939394,2.9393939393939394,,0.0,2.9393939393939394,0.0,0.0
25,COPOC,RPS,0.050000000000000044,0.9696969696969697,3.3636363636363638,2.3636363636363638,1.0,1.0,3.575757575757575,0.030303030303030304,0.0
25,COPOC,RPS,0.07999999999999996,0.9242424242424242,2.8333333333333335,1.8333333333333333,1.4,2.0,4.484848484848486,0.10606060606060606,0.0
25,COPOC,RPS,0.09999999999999998,0.9242424242424242,2.8333333333333335,1.8333333333333333,1.4,2.0,3.9545454545454546,0.10606060606060606,0.0
25,COPOC,RPS,0.13,0.8939393939393939,2.712121212121212,1.7121212121212122,1.2857142857142858,2.0,3.81002331002331,0.13636363636363635,0.0
25,COPOC,RPS,0.15000000000000002,0.8939393939393939,2.696969696969697,1.696969696969697,1.2857142857142858,2.0,3.515151515151515,0.13636363636363635,0.0
25,COPOC,RPS,0.18000000000000005,0.8636363636363636,2.590909090909091,1.5909090909090908,1.2222222222222223,2.0,3.442760942760942,0.16666666666666666,0.0
25,COPOC,RPS,0.19999999999999996,0.7727272727272727,1.5151515151515151,0.5151515151515151,1.4,3.0,3.6969696969696977,0.3181818181818182,0.0
25,COPOC,OCDF,0.020000000000000018,1.0,3.9393939393939394,2.9393939393939394,,0.0,2.9393939393939394,0.0,0.0
25,COPOC,OCDF,0.030000000000000027,1.0,3.9393939393939394,2.9393939393939394,,0.0,2.9393939393939394,0.0,0.0
25,COPOC,OCDF,0.050000000000000044,1.0,3.5606060606060606,2.5606060606060606,,0.0,2.5606060606060606,0.0,0.0
25,COPOC,OCDF,0.07999999999999996,0.9393939393939394,2.772727272727273,1.7727272727272727,2.5,3.0,5.560606060606062,0.15151515151515152,0.0
25,COPOC,OCDF,0.09999999999999998,0.9393939393939394,2.6818181818181817,1.6818181818181819,2.5,3.0,4.712121212121213,0.15151515151515152,0.0
25,COPOC,OCDF,0.13,0.8484848484848485,2.4696969696969697,1.4696969696969697,1.6,3.0,5.199300699300699,0.24242424242424243,0.0
25,COPOC,OCDF,0.15000000000000002,0.8333333333333334,2.4242424242424243,1.4242424242424243,1.5454545454545454,3.0,4.858585858585858,0.25757575757575757,0.0
25,COPOC,OCDF,0.18000000000000005,0.7575757575757576,2.303030303030303,1.303030303030303,1.4375,3.0,5.175084175084174,0.3484848484848485,0.0
25,COPOC,OCDF,0.19999999999999996,0.6515151515151515,2.0303030303030303,1.0303030303030303,1.5217391304347827,3.0,6.333333333333334,0.5303030303030303,0.0
25,COPOC,APS,0.020000000000000018,1.0,3.803030303030303,2.803030303030303,,0.0,2.803030303030303,0.0,0.0
25,COPOC,APS,0.030000000000000027,1.0,3.803030303030303,2.803030303030303,,0.0,2.803030303030303,0.0,0.0
25,COPOC,APS,0.050000000000000044,0.9696969696969697,2.8333333333333335,1.8333333333333333,1.0,1.0,3.0454545454545445,0.030303030303030304,0.0
25,COPOC,APS,0.07999999999999996,0.9242424242424242,2.5,1.5,1.0,1.0,3.393939393939395,0.07575757575757576,0.0
25,COPOC,APS,0.09999999999999998,0.9242424242424242,2.4545454545454546,1.4545454545454546,1.2,2.0,3.272727272727273,0.09090909090909091,0.0
25,COPOC,APS,0.13,0.8787878787878788,2.1666666666666665,1.1666666666666667,1.375,3.0,3.730769230769231,0.16666666666666666,0.0
25,COPOC,APS,0.15000000000000002,0.8484848484848485,1.8181818181818181,0.8181818181818182,1.5,3.0,3.8484848484848477,0.22727272727272727,0.0
25,COPOC,APS,0.18000000000000005,0.8333333333333334,1.7121212121212122,0.7121212121212122,1.5454545454545454,3.0,3.5740740740740735,0.25757575757575757,0.0
25,COPOC,APS,0.19999999999999996,0.803030303030303,1.6363636363636365,0.6363636363636364,1.4615384615384615,3.0,3.515151515151516,0.2878787878787879,0.0
25,COPOC,LAC,0.020000000000000018,1.0,3.803030303030303,2.803030303030303,,0.0,2.803030303030303,0.0,0.0
25,COPOC,LAC,0.030000000000000027,1.0,3.803030303030303,2.803030303030303,,0.0,2.803030303030303,0.0,0.0
25,COPOC,LAC,0.050000000000000044,1.0,3.0606060606060606,2.0606060606060606,,0.0,2.0606060606060606,0.0,0.0
25,COPOC,LAC,0.07999999999999996,0.9242424242424242,2.0606060606060606,1.0606060606060606,2.2,3.0,5.227272727272729,0.16666666666666666,0.0
25,COPOC,LAC,0.09999999999999998,0.9090909090909091,2.015151515151515,1.0151515151515151,2.0,3.0,4.651515151515152,0.18181818181818182,0.0
25,COPOC,LAC,0.13,0.8939393939393939,1.9393939393939394,0.9393939393939394,1.8571428571428572,3.0,3.9696969696969697,0.19696969696969696,0.0
25,COPOC,LAC,0.15000000000000002,0.8181818181818182,1.6515151515151516,0.6515151515151515,1.5,3.0,4.287878787878788,0.2727272727272727,0.0
25,COPOC,LAC,0.18000000000000005,0.803030303030303,1.5909090909090908,0.5909090909090909,1.4615384615384615,3.0,3.7895622895622894,0.2878787878787879,0.0
25,COPOC,LAC,0.19999999999999996,0.7878787878787878,1.5606060606060606,0.5606060606060606,1.4285714285714286,3.0,3.5909090909090917,0.30303030303030304,0.0
26,COPOC,min-CPS,0.020000000000000018,0.9696969696969697,2.6666666666666665,1.6666666666666667,3.0,3.0,10.75757575757575,0.09090909090909091,0.0
26,COPOC,min-CPS,0.030000000000000027,0.9393939393939394,2.3333333333333335,1.3333333333333333,2.0,3.0,9.414141414141408,0.12121212121212122,0.0
26,COPOC,min-CPS,0.050000000000000044,0.9393939393939394,2.3181818181818183,1.3181818181818181,2.0,3.0,6.166666666666663,0.12121212121212122,0.0
26,COPOC,min-CPS,0.07999999999999996,0.8787878787878788,1.803030303030303,0.803030303030303,2.0,3.0,6.863636363636367,0.24242424242424243,0.0
26,COPOC,min-CPS,0.09999999999999998,0.8787878787878788,1.7878787878787878,0.7878787878787878,2.0,3.0,5.6363636363636385,0.24242424242424243,0.0
26,COPOC,min-CPS,0.13,0.8484848484848485,1.7121212121212122,0.7121212121212122,1.8,3.0,4.907925407925407,0.2727272727272727,0.0
26,COPOC,min-CPS,0.15000000000000002,0.8333333333333334,1.5757575757575757,0.5757575757575758,1.7272727272727273,3.0,4.4141414141414135,0.2878787878787879,0.0
26,COPOC,min-CPS,0.18000000000000005,0.803030303030303,1.5,0.5,1.6923076923076923,3.0,4.203703703703702,0.3333333333333333,0.0
26,COPOC,min-CPS,0.19999999999999996,0.7727272727272727,1.378787878787879,0.3787878787878788,1.6,3.0,4.015151515151516,0.36363636363636365,0.0
26,COPOC,RPS,0.020000000000000018,0.9545454545454546,3.696969696969697,2.696969696969697,1.0,1.0,7.242424242424239,0.045454545454545456,0.0
26,COPOC,RPS,0.030000000000000027,0.9545454545454546,3.696969696969697,2.696969696969697,1.0,1.0,5.727272727272726,0.045454545454545456,0.0
26,COPOC,RPS,0.050000000000000044,0.9090909090909091,2.8333333333333335,1.8333333333333333,1.5,2.0,7.287878787878783,0.13636363636363635,0.0
26,COPOC,RPS,0.07999999999999996,0.8787878787878788,2.742424242424242,1.7424242424242424,1.375,2.0,5.909090909090912,0.16666666666666666,0.0
26,COPOC,RPS,0.09999999999999998,0.8787878787878788,2.742424242424242,1.7424242424242424,1.375,2.0,5.075757575757576,0.16666666666666666,0.0
26,COPOC,RPS,0.13,0.803030303030303,2.5757575757575757,1.5757575757575757,1.2307692307692308,2.0,5.305361305361305,0.24242424242424243,0.0
26,COPOC,RPS,0.15000000000000002,0.803030303030303,2.5606060606060606,1.5606060606060606,1.2307692307692308,2.0,4.792929292929292,0.24242424242424243,0.0
26,COPOC,RPS,0.18000000000000005,0.7878787878787878,1.5303030303030303,0.5303030303030303,1.5714285714285714,3.0,4.234006734006733,0.3333333333333333,0.0
26,COPOC,RPS,0.19999999999999996,0.7424242424242424,1.378787878787879,0.3787878787878788,1.5294117647058822,3.0,4.318181818181819,0.3939393939393939,0.0
26,COPOC,OCDF,0.020000000000000018,0.9696969696969697,3.287878787878788,2.287878787878788,3.0,3.0,11.378787878787872,0.09090909090909091,0.0
26,COPOC,OCDF,0.030000000000000027,0.9696969696969697,3.287878787878788,2.287878787878788,3.0,3.0,8.348484848484844,0.09090909090909091,0.0
26,COPOC,OCDF,0.050000000000000044,0.9090909090909091,2.712121212121212,1.7121212121212122,2.3333333333333335,3.0,10.19696969696969,0.21212121212121213,0.0
26,COPOC,OCDF,0.07999999999999996,0.8636363636363636,2.5,1.5,1.8888888888888888,3.0,7.939393939393943,0.25757575757575757,0.0
26,COPOC,OCDF,0.09999999999999998,0.8333333333333334,2.4696969696969697,1.4696969696969697,1.7272727272727273,3.0,7.227272727272729,0.2878787878787879,0.0
26,COPOC,OCDF,0.13,0.8181818181818182,2.4242424242424243,1.4242424242424243,1.75,3.0,6.319347319347318,0.3181818181818182,0.0
26,COPOC,OCDF,0.15000000000000002,0.8181818181818182,2.409090909090909,1.4090909090909092,1.75,3.0,5.6515151515151505,0.3181818181818182,0.0
26,COPOC,OCDF,0.18000000000000005,0.7878787878787878,2.3636363636363638,1.3636363636363635,1.6428571428571428,3.0,5.235690235690234,0.3484848484848485,0.0
26,COPOC,OCDF,0.19999999999999996,0.7878787878787878,2.3181818181818183,1.3181818181818181,1.6428571428571428,3.0,4.803030303030303,0.3484848484848485,0.0
26,COPOC,APS,0.020000000000000018,0.9393939393939394,2.606060606060606,1.606060606060606,2.0,3.0,13.727272727272718,0.12121212121212122,0.0
26,COPOC,APS,0.030000000000000027,0.9393939393939394,2.606060606060606,1.606060606060606,2.0,3.0,9.68686868686868,0.12121212121212122,0.0
26,COPOC,APS,0.050000000000000044,0.9242424242424242,2.257575757575758,1.2575757575757576,2.2,3.0,7.924242424242418,0.16666666666666666,0.0
26,COPOC,APS,0.07999999999999996,0.8787878787878788,1.8636363636363635,0.8636363636363636,2.0,3.0,6.924242424242427,0.24242424242424243,0.0
26,COPOC,APS,0.09999999999999998,0.8636363636363636,1.8484848484848484,0.8484848484848485,1.8888888888888888,3.0,6.000000000000002,0.25757575757575757,0.0
26,COPOC,APS,0.13,0.803030303030303,1.606060606060606,0.6060606060606061,1.6923076923076923,3.0,5.734265734265733,0.3333333333333333,0.0
26,COPOC,APS,0.15000000000000002,0.803030303030303,1.5909090909090908,0.5909090909090909,1.6923076923076923,3.0,5.0353535353535355,0.3333333333333333,0.0
26,COPOC,APS,0.18000000000000005,0.803030303030303,1.5757575757575757,0.5757575757575758,1.6923076923076923,3.0,4.279461279461278,0.3333333333333333,0.0
26,COPOC,APS,0.19999999999999996,0.7575757575757576,1.4545454545454546,0.4696969696969697,1.6875,3.0,4.560606060606061,0.4090909090909091,0.0
26,COPOC,LAC,0.020000000000000018,0.9696969696969697,2.6666666666666665,1.6666666666666667,3.0,3.0,10.75757575757575,0.09090909090909091,0.0
26,COPOC,LAC,0.030000000000000027,0.9696969696969697,2.6666666666666665,1.6666666666666667,3.0,3.0,7.727272727272722,0.09090909090909091,0.0
26,COPOC,LAC,0.050000000000000044,0.9393939393939394,2.242424242424242,1.2424242424242424,2.5,3.0,7.303030303030297,0.15151515151515152,0.0
26,COPOC,LAC,0.07999999999999996,0.8787878787878788,1.7878787878787878,0.7878787878787878,2.0,3.0,6.848484848484852,0.24242424242424243,0.0
26,COPOC,LAC,0.09999999999999998,0.8787878787878788,1.7878787878787878,0.7878787878787878,2.0,3.0,5.6363636363636385,0.24242424242424243,0.0
26,COPOC,LAC,0.13,0.8787878787878788,1.7575757575757576,0.7575757575757576,2.0,3.0,4.487179487179487,0.24242424242424243,0.0
26,COPOC,LAC,0.15000000000000002,0.8484848484848485,1.6515151515151516,0.6515151515151515,1.8,3.0,4.287878787878787,0.2727272727272727,0.0
26,COPOC,LAC,0.18000000000000005,0.7878787878787878,1.5,0.5,1.5714285714285714,3.0,4.203703703703702,0.3333333333333333,0.0
26,COPOC,LAC,0.19999999999999996,0.7424242424242424,1.3181818181818181,0.3181818181818182,1.5294117647058822,3.0,4.25757575757576,0.3939393939393939,0.0
27,COPOC,min-CPS,0.020000000000000018,0.9848484848484849,3.8333333333333335,2.8333333333333335,1.0,1.0,4.348484848484847,0.015151515151515152,0.0
27,COPOC,min-CPS,0.030000000000000027,0.9696969696969697,2.9545454545454546,1.9545454545454546,2.0,3.0,5.994949494949492,0.06060606060606061,0.0
27,COPOC,min-CPS,0.050000000000000044,0.9696969696969697,2.878787878787879,1.878787878787879,2.0,3.0,4.303030303030301,0.06060606060606061,0.0
27,COPOC,min-CPS,0.07999999999999996,0.9696969696969697,2.621212121212121,1.621212121212121,2.5,3.0,3.515151515151516,0.07575757575757576,0.0
27,COPOC,min-CPS,0.09999999999999998,0.8939393939393939,2.0606060606060606,1.0606060606060606,1.5714285714285714,3.0,4.3939393939393945,0.16666666666666666,0.0
27,COPOC,min-CPS,0.13,0.8939393939393939,2.0454545454545454,1.0454545454545454,1.5714285714285714,3.0,3.6095571095571093,0.16666666666666666,0.0
27,COPOC,min-CPS,0.15000000000000002,0.8787878787878788,1.9393939393939394,0.9393939393939394,1.5,3.0,3.3636363636363638,0.18181818181818182,0.0
27,COPOC,min-CPS,0.18000000000000005,0.8333333333333334,1.7121212121212122,0.7121212121212122,1.3636363636363635,3.0,3.237373737373737,0.22727272727272727,0.0
27,COPOC,min-CPS,0.19999999999999996,0.7878787878787878,1.621212121212121,0.6212121212121212,1.3571428571428572,3.0,3.5000000000000004,0.2878787878787879,0.0
27,COPOC,RPS,0.020000000000000018,0.9848484848484849,3.909090909090909,2.909090909090909,1.0,1.0,4.424242424242422,0.015151515151515152,0.0
27,COPOC,RPS,0.030000000000000027,0.9848484848484849,3.909090909090909,2.909090909090909,1.0,1.0,3.9191919191919187,0.015151515151515152,0.0
27,COPOC,RPS,0.050000000000000044,0.9848484848484849,3.742424242424242,2.742424242424242,1.0,1.0,3.348484848484848,0.015151515151515152,0.0
27,COPOC,RPS,0.07999999999999996,0.9393939393939394,2.8484848484848486,1.8484848484848484,1.25,2.0,3.742424242424243,0.07575757575757576,0.0
27,COPOC,RPS,0.09999999999999998,0.9242424242424242,2.787878787878788,1.7878787878787878,1.2,2.0,3.606060606060606,0.09090909090909091,0.0
27,COPOC,RPS,0.13,0.9242424242424242,2.727272727272727,1.7272727272727273,1.2,2.0,3.125874125874126,0.09090909090909091,0.0
27,COPOC,RPS,0.15000000000000002,0.9090909090909091,2.6666666666666665,1.6666666666666667,1.1666666666666667,2.0,3.0808080808080804,0.10606060606060606,0.0
27,COPOC,RPS,0.18000000000000005,0.8333333333333334,2.5,1.5,1.0909090909090908,2.0,3.5202020202020194,0.18181818181818182,0.0
27,COPOC,RPS,0.19999999999999996,0.8181818181818182,1.6666666666666667,0.6666666666666666,1.3333333333333333,3.0,3.090909090909091,0.24242424242424243,0.0
27,COPOC,OCDF,0.020000000000000018,0.9848484848484849,3.9393939393939394,2.9393939393939394,1.0,1.0,4.454545454545453,0.015151515151515152,0.0
27,COPOC,OCDF,0.030000000000000027,0.9848484848484849,3.9393939393939394,2.9393939393939394,1.0,1.0,3.949494949494949,0.015151515151515152,0.0
27,COPOC,OCDF,0.050000000000000044,0.9696969696969697,3.484848484848485,2.484848484848485,2.0,3.0,4.909090909090907,0.06060606060606061,0.0
27,COPOC,OCDF,0.07999999999999996,0.9393939393939394,2.909090909090909,1.9090909090909092,2.0,3.0,4.939393939393941,0.12121212121212122,0.0
27,COPOC,OCDF,0.09999999999999998,0.9393939393939394,2.803030303030303,1.803030303030303,2.0,3.0,4.2272727272727275,0.12121212121212122,0.0
27,COPOC,OCDF,0.13,0.9090909090909091,2.6666666666666665,1.6666666666666667,1.6666666666666667,3.0,3.997668997668997,0.15151515151515152,0.0
27,COPOC,OCDF,0.15000000000000002,0.8484848484848485,2.5454545454545454,1.5454545454545454,1.5,3.0,4.575757575757575,0.22727272727272727,0.0
27,COPOC,OCDF,0.18000000000000005,0.803030303030303,2.4696969696969697,1.4696969696969697,1.3846153846153846,3.0,4.499999999999999,0.2727272727272727,0.0
27,COPOC,OCDF,0.19999999999999996,0.7424242424242424,2.3484848484848486,1.3484848484848484,1.3529411764705883,3.0,4.833333333333334,0.3484848484848485,0.0
27,COPOC,APS,0.020000000000000018,0.9848484848484849,3.696969696969697,2.696969696969697,1.0,1.0,4.21212121212121,0.015151515151515152,0.0
27,COPOC,APS,0.030000000000000027,0.9848484848484849,3.696969696969697,2.696969696969697,1.0,1.0,3.7070707070707063,0.015151515151515152,0.0
27,COPOC,APS,0.050000000000000044,0.9545454545454546,2.909090909090909,1.9090909090909092,1.6666666666666667,3.0,4.939393939393937,0.07575757575757576,0.0
27,COPOC,APS,0.07999999999999996,0.9545454545454546,2.5757575757575757,1.5757575757575757,2.0,3.0,3.8484848484848495,0.09090909090909091,0.0
27,COPOC,APS,0.09999999999999998,0.9393939393939394,2.3484848484848486,1.3484848484848484,1.75,3.0,3.46969696969697,0.10606060606060606,0.0
27,COPOC,APS,0.13,0.8939393939393939,2.106060606060606,1.106060606060606,1.4285714285714286,3.0,3.437062937062937,0.15151515151515152,0.0
27,COPOC,APS,0.15000000000000002,0.8636363636363636,1.8636363636363635,0.8636363636363636,1.4444444444444444,3.0,3.48989898989899,0.19696969696969696,0.0
27,COPOC,APS,0.18000000000000005,0.8636363636363636,1.8484848484848484,0.8484848484848485,1.4444444444444444,3.0,3.0370370370370368,0.19696969696969696,0.0
27,COPOC,APS,0.19999999999999996,0.8484848484848485,1.8181818181818181,0.8181818181818182,1.4,3.0,2.93939393939394,0.21212121212121213,0.0
27,COPOC,LAC,0.020000000000000018,0.9848484848484849,3.787878787878788,2.787878787878788,1.0,1.0,4.303030303030301,0.015151515151515152,0.0
27,COPOC,LAC,0.030000000000000027,0.9848484848484849,3.787878787878788,2.787878787878788,1.0,1.0,3.7979797979797976,0.015151515151515152,0.0
27,COPOC,LAC,0.050000000000000044,0.9696969696969697,2.772727272727273,1.7727272727272727,2.5,3.0,4.8030303030303,0.07575757575757576,0.0
27,COPOC,LAC,0.07999999999999996,0.9696969696969697,2.515151515151515,1.5151515151515151,2.5,3.0,3.40909090909091,0.07575757575757576,0.0
27,COPOC,LAC,0.09999999999999998,0.8939393939393939,2.0454545454545454,1.0454545454545454,1.5714285714285714,3.0,4.37878787878788,0.16666666666666666,0.0
27,COPOC,LAC,0.13,0.8939393939393939,2.0303030303030303,1.0303030303030303,1.5714285714285714,3.0,3.594405594405594,0.16666666666666666,0.0
27,COPOC,LAC,0.15000000000000002,0.8939393939393939,1.9696969696969697,0.9696969696969697,1.5714285714285714,3.0,3.1919191919191916,0.16666666666666666,0.0
27,COPOC,LAC,0.18000000000000005,0.8787878787878788,1.878787878787879,0.8787878787878788,1.5,3.0,2.898989898989899,0.18181818181818182,0.0
27,COPOC,LAC,0.19999999999999996,0.7727272727272727,1.621212121212121,0.6212121212121212,1.3333333333333333,3.0,3.651515151515152,0.30303030303030304,0.0
28,COPOC,min-CPS,0.020000000000000018,1.0,3.803030303030303,2.803030303030303,,0.0,2.803030303030303,0.0,0.0
28,COPOC,min-CPS,0.030000000000000027,0.9696969696969697,2.8636363636363638,1.8636363636363635,2.0,3.0,5.904040404040401,0.06060606060606061,0.0
28,COPOC,min-CPS,0.050000000000000044,0.9393939393939394,2.5,1.5,1.75,3.0,5.742424242424239,0.10606060606060606,0.0
28,COPOC,min-CPS,0.07999999999999996,0.9393939393939394,2.3484848484848486,1.3484848484848484,2.0,3.0,4.378787878787881,0.12121212121212122,0.0
28,COPOC,min-CPS,0.09999999999999998,0.9393939393939394,2.0606060606060606,1.0606060606060606,2.5,3.0,4.090909090909092,0.15151515151515152,0.0
28,COPOC,min-CPS,0.13,0.8939393939393939,1.893939393939394,0.8939393939393939,2.0,3.0,4.157342657342657,0.21212121212121213,0.0
28,COPOC,min-CPS,0.15000000000000002,0.8333333333333334,1.621212121212121,0.6212121212121212,1.6363636363636365,3.0,4.257575757575758,0.2727272727272727,0.0
28,COPOC,min-CPS,0.18000000000000005,0.803030303030303,1.5606060606060606,0.5606060606060606,1.5384615384615385,3.0,3.927609427609427,0.30303030303030304,0.0
28,COPOC,min-CPS,0.19999999999999996,0.7272727272727273,1.3484848484848484,0.3484848484848485,1.4444444444444444,3.0,4.287878787878789,0.3939393939393939,0.0
28,COPOC,RPS,0.020000000000000018,1.0,3.9393939393939394,2.9393939393939394,,0.0,2.9393939393939394,0.0,0.0
28,COPOC,RPS,0.030000000000000027,1.0,3.9393939393939394,2.9393939393939394,,0.0,2.9393939393939394,0.0,0.0
28,COPOC,RPS,0.050000000000000044,0.9393939393939394,3.106060606060606,2.106060606060606,1.5,2.0,5.742424242424239,0.09090909090909091,0.0
28,COPOC,RPS,0.07999999999999996,0.9242424242424242,2.803030303030303,1.803030303030303,1.6,2.0,4.833333333333335,0.12121212121212122,0.0
28,COPOC,RPS,0.09999999999999998,0.9242424242424242,2.787878787878788,1.7878787878787878,1.6,2.0,4.212121212121212,0.12121212121212122,0.0
28,COPOC,RPS,0.13,0.9090909090909091,2.727272727272727,1.7272727272727273,1.5,2.0,3.825174825174825,0.13636363636363635,0.0
28,COPOC,RPS,0.15000000000000002,0.8333333333333334,2.5303030303030303,1.5303030303030303,1.2727272727272727,2.0,4.358585858585858,0.21212121212121213,0.0
28,COPOC,RPS,0.18000000000000005,0.8333333333333334,2.5,1.5,1.2727272727272727,2.0,3.856902356902356,0.21212121212121213,0.0
28,COPOC,RPS,0.19999999999999996,0.7575757575757576,1.4848484848484849,0.48484848484848486,1.4375,3.0,3.9696969696969706,0.3484848484848485,0.0
28,COPOC,OCDF,0.020000000000000018,1.0,3.909090909090909,2.909090909090909,,0.0,2.909090909090909,0.0,0.0
28,COPOC,OCDF,0.030000000000000027,1.0,3.909090909090909,2.909090909090909,,0.0,2.909090909090909,0.0,0.0
28,COPOC,OCDF,0.050000000000000044,0.9393939393939394,3.1363636363636362,2.1363636363636362,2.0,3.0,6.984848484848481,0.12121212121212122,0.0
28,COPOC,OCDF,0.07999999999999996,0.9393939393939394,2.893939393939394,1.893939393939394,2.75,3.0,6.060606060606063,0.16666666666666666,0.0
28,COPOC,OCDF,0.09999999999999998,0.9242424242424242,2.712121212121212,1.7121212121212122,2.4,3.0,5.3484848484848495,0.18181818181818182,0.0
28,COPOC,OCDF,0.13,0.8333333333333334,2.5454545454545454,1.5454545454545454,1.6363636363636365,3.0,5.741258741258741,0.2727272727272727,0.0
28,COPOC,OCDF,0.15000000000000002,0.8333333333333334,2.5454545454545454,1.5454545454545454,1.6363636363636365,3.0,5.181818181818182,0.2727272727272727,0.0
28,COPOC,OCDF,0.18000000000000005,0.7878787878787878,2.4393939393939394,1.4393939393939394,1.5,3.0,4.974747474747474,0.3181818181818182,0.0
28,COPOC,OCDF,0.19999999999999996,0.7878787878787878,2.409090909090909,1.4090909090909092,1.5,3.0,4.590909090909091,0.3181818181818182,0.0
28,COPOC,APS,0.020000000000000018,0.9848484848484849,3.742424242424242,2.742424242424242,1.0,1.0,4.257575757575756,0.015151515151515152,0.0
28,COPOC,APS,0.030000000000000027,0.9848484848484849,3.742424242424242,2.742424242424242,1.0,1.0,3.752525252525252,0.015151515151515152,0.0
28,COPOC,APS,0.050000000000000044,0.9545454545454546,2.5757575757575757,1.5757575757575757,2.0,3.0,5.212121212121208,0.09090909090909091,0.0
28,COPOC,APS,0.07999999999999996,0.9242424242424242,2.393939393939394,1.393939393939394,1.6,3.0,4.424242424242426,0.12121212121212122,0.0
28,COPOC,APS,0.09999999999999998,0.9242424242424242,2.227272727272727,1.2272727272727273,1.8,3.0,3.9545454545454546,0.13636363636363635,0.0
28,COPOC,APS,0.13,0.8787878787878788,1.803030303030303,0.803030303030303,1.875,3.0,4.2995337995337986,0.22727272727272727,0.0
28,COPOC,APS,0.15000000000000002,0.8636363636363636,1.7727272727272727,0.7727272727272727,1.7777777777777777,3.0,4.005050505050505,0.24242424242424243,0.0
28,COPOC,APS,0.18000000000000005,0.7878787878787878,1.5909090909090908,0.5909090909090909,1.5,3.0,4.126262626262625,0.3181818181818182,0.0
28,COPOC,APS,0.19999999999999996,0.7727272727272727,1.5606060606060606,0.5606060606060606,1.4666666666666666,3.0,3.893939393939395,0.3333333333333333,0.0
28,COPOC,LAC,0.020000000000000018,1.0,3.772727272727273,2.772727272727273,,0.0,2.772727272727273,0.0,0.0
28,COPOC,LAC,0.030000000000000027,1.0,3.772727272727273,2.772727272727273,,0.0,2.772727272727273,0.0,0.0
28,COPOC,LAC,0.050000000000000044,0.9545454545454546,2.5303030303030303,1.5303030303030303,2.3333333333333335,3.0,5.772727272727269,0.10606060606060606,0.0
28,COPOC,LAC,0.07999999999999996,0.9393939393939394,2.1515151515151514,1.1515151515151516,2.5,3.0,4.939393939393942,0.15151515151515152,0.0
28,COPOC,LAC,0.09999999999999998,0.9393939393939394,2.0,1.0,2.75,3.0,4.333333333333334,0.16666666666666666,0.0
28,COPOC,LAC,0.13,0.9242424242424242,1.893939393939394,0.8939393939393939,2.4,3.0,3.6911421911421907,0.18181818181818182,0.0
28,COPOC,LAC,0.15000000000000002,0.8636363636363636,1.7272727272727273,0.7272727272727273,1.7777777777777777,3.0,3.9595959595959593,0.24242424242424243,0.0
28,COPOC,LAC,0.18000000000000005,0.8484848484848485,1.6666666666666667,0.6666666666666666,1.7,3.0,3.528619528619528,0.25757575757575757,0.0
28,COPOC,LAC,0.19999999999999996,0.7272727272727273,1.4090909090909092,0.4090909090909091,1.3888888888888888,3.0,4.196969696969698,0.3787878787878788,0.0
29,COPOC,min-CPS,0.020000000000000018,0.9545454545454546,2.6666666666666665,1.6666666666666667,2.3333333333333335,3.0,12.272727272727264,0.10606060606060606,0.0
29,COPOC,min-CPS,0.030000000000000027,0.9545454545454546,2.621212121212121,1.621212121212121,2.3333333333333335,3.0,8.691919191919187,0.10606060606060606,0.0
29,COPOC,min-CPS,0.050000000000000044,0.9242424242424242,2.272727272727273,1.2727272727272727,2.0,3.0,7.333333333333328,0.15151515151515152,0.0
29,COPOC,min-CPS,0.07999999999999996,0.9090909090909091,1.893939393939394,0.8939393939393939,2.0,3.0,5.439393939393942,0.18181818181818182,0.0
29,COPOC,min-CPS,0.09999999999999998,0.8787878787878788,1.7575757575757576,0.7575757575757576,1.875,3.0,5.303030303030304,0.22727272727272727,0.0
29,COPOC,min-CPS,0.13,0.8636363636363636,1.7272727272727273,0.7272727272727273,1.7777777777777777,3.0,4.456876456876456,0.24242424242424243,0.0
29,COPOC,min-CPS,0.15000000000000002,0.8636363636363636,1.6818181818181819,0.6818181818181818,1.7777777777777777,3.0,3.914141414141414,0.24242424242424243,0.0
29,COPOC,min-CPS,0.18000000000000005,0.8636363636363636,1.606060606060606,0.6060606060606061,1.7777777777777777,3.0,3.2996632996632993,0.24242424242424243,0.0
29,COPOC,min-CPS,0.19999999999999996,0.803030303030303,1.5,0.5,1.5384615384615385,3.0,3.5303030303030307,0.30303030303030304,0.0
29,COPOC,RPS,0.020000000000000018,0.9696969696969697,3.742424242424242,2.742424242424242,1.0,1.0,5.772727272727269,0.030303030303030304,0.0
29,COPOC,RPS,0.030000000000000027,0.9696969696969697,3.742424242424242,2.742424242424242,1.0,1.0,4.762626262626261,0.030303030303030304,0.0
29,COPOC,RPS,0.050000000000000044,0.9393939393939394,3.015151515151515,2.015151515151515,1.5,2.0,5.651515151515149,0.09090909090909091,0.0
29,COPOC,RPS,0.07999999999999996,0.9090909090909091,2.742424242424242,1.7424242424242424,1.5,2.0,5.151515151515153,0.13636363636363635,0.0
29,COPOC,RPS,0.09999999999999998,0.9090909090909091,2.742424242424242,1.7424242424242424,1.5,2.0,4.46969696969697,0.13636363636363635,0.0
29,COPOC,RPS,0.13,0.9090909090909091,2.727272727272727,1.7272727272727273,1.5,2.0,3.825174825174825,0.13636363636363635,0.0
29,COPOC,RPS,0.15000000000000002,0.8636363636363636,2.606060606060606,1.606060606060606,1.3333333333333333,2.0,4.03030303030303,0.18181818181818182,0.0
29,COPOC,RPS,0.18000000000000005,0.8181818181818182,1.6818181818181819,0.6818181818181818,1.5,3.0,3.7121212121212115,0.2727272727272727,0.0
29,COPOC,RPS,0.19999999999999996,0.803030303030303,1.4545454545454546,0.45454545454545453,1.5384615384615385,3.0,3.4848484848484858,0.30303030303030304,0.0
29,COPOC,OCDF,0.020000000000000018,0.9545454545454546,3.272727272727273,2.272727272727273,2.3333333333333335,3.0,12.87878787878787,0.10606060606060606,0.0
29,COPOC,OCDF,0.030000000000000027,0.9545454545454546,3.272727272727273,2.272727272727273,2.3333333333333335,3.0,9.343434343434337,0.10606060606060606,0.0
29,COPOC,OCDF,0.050000000000000044,0.9393939393939394,2.984848484848485,1.9848484848484849,2.25,3.0,7.439393939393934,0.13636363636363635,0.0
29,COPOC,OCDF,0.07999999999999996,0.9090909090909091,2.590909090909091,1.5909090909090908,2.1666666666666665,3.0,6.515151515151517,0.19696969696969696,0.0
29,COPOC,OCDF,0.09999999999999998,0.9090909090909091,2.590909090909091,1.5909090909090908,2.1666666666666665,3.0,5.53030303030303,0.19696969696969696,0.0
29,COPOC,OCDF,0.13,0.9090909090909091,2.5454545454545454,1.5454545454545454,2.1666666666666665,3.0,4.575757575757575,0.19696969696969696,0.0
29,COPOC,OCDF,0.15000000000000002,0.8636363636363636,2.5,1.5,1.7777777777777777,3.0,4.732323232323232,0.24242424242424243,0.0
29,COPOC,OCDF,0.18000000000000005,0.803030303030303,2.393939393939394,1.393939393939394,1.6153846153846154,3.0,4.929292929292928,0.3181818181818182,0.0
29,COPOC,OCDF,0.19999999999999996,0.803030303030303,2.378787878787879,1.378787878787879,1.6153846153846154,3.0,4.5606060606060606,0.3181818181818182,0.0
29,COPOC,APS,0.020000000000000018,0.9696969696969697,2.9696969696969697,1.9696969696969697,3.0,3.0,11.060606060606053,0.09090909090909091,0.0
29,COPOC,APS,0.030000000000000027,0.9696969696969697,2.9696969696969697,1.9696969696969697,3.0,3.0,8.030303030303026,0.09090909090909091,0.0
29,COPOC,APS,0.050000000000000044,0.9393939393939394,2.3636363636363638,1.3636363636363635,2.0,3.0,6.2121212121212075,0.12121212121212122,0.0
29,COPOC,APS,0.07999999999999996,0.9242424242424242,2.0454545454545454,1.0454545454545454,2.2,3.0,5.212121212121215,0.16666666666666666,0.0
29,COPOC,APS,0.09999999999999998,0.9090909090909091,1.9545454545454546,0.9545454545454546,2.0,3.0,4.590909090909092,0.18181818181818182,0.0
29,COPOC,APS,0.13,0.8787878787878788,1.7727272727272727,0.7727272727272727,1.875,3.0,4.269230769230768,0.22727272727272727,0.0
29,COPOC,APS,0.15000000000000002,0.8787878787878788,1.7727272727272727,0.7727272727272727,1.875,3.0,3.803030303030303,0.22727272727272727,0.0
29,COPOC,APS,0.18000000000000005,0.7878787878787878,1.5454545454545454,0.5606060606060606,1.6428571428571428,3.0,4.264309764309764,0.3484848484848485,0.0
29,COPOC,APS,0.19999999999999996,0.7727272727272727,1.5303030303030303,0.5454545454545454,1.6,3.0,4.03030303030303,0.36363636363636365,0.0
29,COPOC,LAC,0.020000000000000018,0.9545454545454546,2.6666666666666665,1.6666666666666667,2.6666666666666665,3.0,13.787878787878778,0.12121212121212122,0.0
29,COPOC,LAC,0.030000000000000027,0.9545454545454546,2.6666666666666665,1.6666666666666667,2.6666666666666665,3.0,9.74747474747474,0.12121212121212122,0.0
29,COPOC,LAC,0.050000000000000044,0.9242424242424242,2.227272727272727,1.2272727272727273,2.0,3.0,7.287878787878782,0.15151515151515152,0.0
29,COPOC,LAC,0.07999999999999996,0.9090909090909091,1.8181818181818181,0.8181818181818182,2.1666666666666665,3.0,5.742424242424245,0.19696969696969696,0.0
29,COPOC,LAC,0.09999999999999998,0.8939393939393939,1.7727272727272727,0.7727272727272727,2.0,3.0,5.015151515151516,0.21212121212121213,0.0
29,COPOC,LAC,0.13,0.8787878787878788,1.696969696969697,0.696969696969697,1.875,3.0,4.193473193473193,0.22727272727272727,0.0
29,COPOC,LAC,0.15000000000000002,0.8636363636363636,1.6363636363636365,0.6363636363636364,1.7777777777777777,3.0,3.868686868686869,0.24242424242424243,0.0
29,COPOC,LAC,0.18000000000000005,0.8636363636363636,1.6363636363636365,0.6363636363636364,1.7777777777777777,3.0,3.3299663299663296,0.24242424242424243,0.0
29,COPOC,LAC,0.19999999999999996,0.8484848484848485,1.5606060606060606,0.5606060606060606,1.7,3.0,3.1363636363636362,0.25757575757575757,0.0
30,COPOC,min-CPS,0.020000000000000018,1.0,3.8333333333333335,2.8333333333333335,,0.0,2.8333333333333335,0.0,0.0
30,COPOC,min-CPS,0.030000000000000027,0.9696969696969697,2.772727272727273,1.7727272727272727,2.0,3.0,5.81313131313131,0.06060606060606061,0.0
30,COPOC,min-CPS,0.050000000000000044,0.9545454545454546,2.5,1.5,2.0,3.0,5.136363636363633,0.09090909090909091,0.0
30,COPOC,min-CPS,0.07999999999999996,0.8636363636363636,1.878787878787879,0.8787878787878788,1.6666666666666667,3.0,6.560606060606064,0.22727272727272727,0.0
30,COPOC,min-CPS,0.09999999999999998,0.8636363636363636,1.878787878787879,0.8787878787878788,1.6666666666666667,3.0,5.424242424242425,0.22727272727272727,0.0
30,COPOC,min-CPS,0.13,0.8484848484848485,1.803030303030303,0.803030303030303,1.6,3.0,4.532634032634032,0.24242424242424243,0.0
30,COPOC,min-CPS,0.15000000000000002,0.803030303030303,1.606060606060606,0.6060606060606061,1.4615384615384615,3.0,4.444444444444444,0.2878787878787879,0.0
30,COPOC,min-CPS,0.18000000000000005,0.7575757575757576,1.4848484848484849,0.48484848484848486,1.4375,3.0,4.356902356902356,0.3484848484848485,0.0
30,COPOC,min-CPS,0.19999999999999996,0.7121212121212122,1.4242424242424243,0.42424242424242425,1.4210526315789473,3.0,4.515151515151516,0.4090909090909091,0.0
30,COPOC,RPS,0.020000000000000018,1.0,3.9393939393939394,2.9393939393939394,,0.0,2.9393939393939394,0.0,0.0
30,COPOC,RPS,0.030000000000000027,1.0,3.9393939393939394,2.9393939393939394,,0.0,2.9393939393939394,0.0,0.0
30,COPOC,RPS,0.050000000000000044,0.9545454545454546,3.212121212121212,2.212121212121212,1.3333333333333333,2.0,4.636363636363635,0.06060606060606061,0.0
30,COPOC,RPS,0.07999999999999996,0.8939393939393939,2.772727272727273,1.7727272727272727,1.2857142857142858,2.0,5.181818181818183,0.13636363636363635,0.0
30,COPOC,RPS,0.09999999999999998,0.8939393939393939,2.727272727272727,1.7272727272727273,1.2857142857142858,2.0,4.454545454545454,0.13636363636363635,0.0
30,COPOC,RPS,0.13,0.8939393939393939,2.6818181818181817,1.6818181818181819,1.2857142857142858,2.0,3.7797202797202796,0.13636363636363635,0.0
30,COPOC,RPS,0.15000000000000002,0.8484848484848485,2.606060606060606,1.606060606060606,1.2,2.0,4.03030303030303,0.18181818181818182,0.0
30,COPOC,RPS,0.18000000000000005,0.8181818181818182,1.7424242424242424,0.7424242424242424,1.4166666666666667,3.0,3.604377104377104,0.25757575757575757,0.0
30,COPOC,RPS,0.19999999999999996,0.7727272727272727,1.5454545454545454,0.5454545454545454,1.4,3.0,3.727272727272728,0.3181818181818182,0.0
30,COPOC,OCDF,0.020000000000000018,1.0,3.909090909090909,2.909090909090909,,0.0,2.909090909090909,0.0,0.0
30,COPOC,OCDF,0.030000000000000027,1.0,3.909090909090909,2.909090909090909,,0.0,2.909090909090909,0.0,0.0
30,COPOC,OCDF,0.050000000000000044,0.9545454545454546,3.1515151515151514,2.1515151515151514,2.0,3.0,5.7878787878787845,0.09090909090909091,0.0
30,COPOC,OCDF,0.07999999999999996,0.9242424242424242,2.712121212121212,1.7121212121212122,2.2,3.0,5.878787878787881,0.16666666666666666,0.0
30,COPOC,OCDF,0.09999999999999998,0.9242424242424242,2.6818181818181817,1.6818181818181819,2.2,3.0,5.015151515151516,0.16666666666666666,0.0
30,COPOC,OCDF,0.13,0.8636363636363636,2.5757575757575757,1.5757575757575757,1.6666666666666667,3.0,5.072261072261071,0.22727272727272727,0.0
30,COPOC,OCDF,0.15000000000000002,0.8636363636363636,2.5606060606060606,1.5606060606060606,1.6666666666666667,3.0,4.590909090909091,0.22727272727272727,0.0
30,COPOC,OCDF,0.18000000000000005,0.7878787878787878,2.409090909090909,1.4090909090909092,1.5,3.0,4.944444444444443,0.3181818181818182,0.0
30,COPOC,OCDF,0.19999999999999996,0.7424242424242424,2.3181818181818183,1.3181818181818181,1.411764705882353,3.0,4.954545454545454,0.36363636363636365,0.0
30,COPOC,APS,0.020000000000000018,1.0,3.909090909090909,2.909090909090909,,0.0,2.909090909090909,0.0,0.0
30,COPOC,APS,0.030000000000000027,1.0,3.909090909090909,2.909090909090909,,0.0,2.909090909090909,0.0,0.0
30,COPOC,APS,0.050000000000000044,0.9242424242424242,2.3181818181818183,1.3181818181818181,1.8,3.0,6.772727272727267,0.13636363636363635,0.0
30,COPOC,APS,0.07999999999999996,0.8636363636363636,1.9393939393939394,0.9393939393939394,1.6666666666666667,3.0,6.621212121212125,0.22727272727272727,0.0
30,COPOC,APS,0.09999999999999998,0.8484848484848485,1.9090909090909092,0.9090909090909091,1.6,3.0,5.757575757575759,0.24242424242424243,0.0
30,COPOC,APS,0.13,0.8484848484848485,1.8636363636363635,0.8636363636363636,1.6,3.0,4.593240093240093,0.24242424242424243,0.0
30,COPOC,APS,0.15000000000000002,0.803030303030303,1.7424242424242424,0.7424242424242424,1.4615384615384615,3.0,4.58080808080808,0.2878787878787879,0.0
30,COPOC,APS,0.18000000000000005,0.7272727272727273,1.4696969696969697,0.5,1.6666666666666667,3.0,4.877104377104376,0.45454545454545453,0.0
30,COPOC,APS,0.19999999999999996,0.7272727272727273,1.4393939393939394,0.4696969696969697,1.6666666666666667,3.0,4.409090909090909,0.45454545454545453,0.0
30,COPOC,LAC,0.020000000000000018,1.0,3.772727272727273,2.772727272727273,,0.0,2.772727272727273,0.0,0.0
30,COPOC,LAC,0.030000000000000027,1.0,3.772727272727273,2.772727272727273,,0.0,2.772727272727273,0.0,0.0
30,COPOC,LAC,0.050000000000000044,0.9393939393939394,2.409090909090909,1.4090909090909092,2.0,3.0,6.257575757575753,0.12121212121212122,0.0
30,COPOC,LAC,0.07999999999999996,0.8787878787878788,1.9090909090909092,0.9090909090909091,1.75,3.0,6.2121212121212155,0.21212121212121213,0.0
30,COPOC,LAC,0.09999999999999998,0.8636363636363636,1.878787878787879,0.8787878787878788,1.6666666666666667,3.0,5.424242424242425,0.22727272727272727,0.0
30,COPOC,LAC,0.13,0.8333333333333334,1.7575757575757576,0.7575757575757576,1.5454545454545454,3.0,4.72027972027972,0.25757575757575757,0.0
30,COPOC,LAC,0.15000000000000002,0.7878787878787878,1.606060606060606,0.6060606060606061,1.4285714285714286,3.0,4.646464646464646,0.30303030303030304,0.0
30,COPOC,LAC,0.18000000000000005,0.7878787878787878,1.5909090909090908,0.5909090909090909,1.4285714285714286,3.0,3.957912457912457,0.30303030303030304,0.0
30,COPOC,LAC,0.19999999999999996,0.7424242424242424,1.4393939393939394,0.4393939393939394,1.411764705882353,3.0,4.075757575757577,0.36363636363636365,0.0
31,COPOC,min-CPS,0.020000000000000018,1.0,3.9242424242424243,2.9242424242424243,,0.0,2.9242424242424243,0.0,0.0
31,COPOC,min-CPS,0.030000000000000027,1.0,3.9242424242424243,2.9242424242424243,,0.0,2.9242424242424243,0.0,0.0
31,COPOC,min-CPS,0.050000000000000044,1.0,3.1818181818181817,2.1818181818181817,,0.0,2.1818181818181817,0.0,0.0
31,COPOC,min-CPS,0.07999999999999996,0.9393939393939394,2.4393939393939394,1.4393939393939394,1.25,2.0,3.3333333333333344,0.07575757575757576,0.0
31,COPOC,min-CPS,0.09999999999999998,0.9090909090909091,2.090909090909091,1.0909090909090908,1.5,2.0,3.818181818181819,0.13636363636363635,0.0
31,COPOC,min-CPS,0.13,0.9090909090909091,1.9848484848484849,0.9848484848484849,1.6666666666666667,3.0,3.3158508158508155,0.15151515151515152,0.0
31,COPOC,min-CPS,0.15000000000000002,0.8484848484848485,1.7575757575757576,0.7575757575757576,1.4,3.0,3.5858585858585856,0.21212121212121213,0.0
31,COPOC,min-CPS,0.18000000000000005,0.803030303030303,1.621212121212121,0.6212121212121212,1.3076923076923077,3.0,3.4831649831649827,0.25757575757575757,0.0
31,COPOC,min-CPS,0.19999999999999996,0.7878787878787878,1.5606060606060606,0.5606060606060606,1.2857142857142858,3.0,3.287878787878789,0.2727272727272727,0.0
31,COPOC,RPS,0.020000000000000018,1.0,3.984848484848485,2.984848484848485,,0.0,2.984848484848485,0.0,0.0
31,COPOC,RPS,0.030000000000000027,1.0,3.984848484848485,2.984848484848485,,0.0,2.984848484848485,0.0,0.0
31,COPOC,RPS,0.050000000000000044,1.0,3.878787878787879,2.878787878787879,,0.0,2.878787878787879,0.0,0.0
31,COPOC,RPS,0.07999999999999996,0.9545454545454546,2.9393939393939394,1.9393939393939394,1.3333333333333333,2.0,3.4545454545454555,0.06060606060606061,0.0
31,COPOC,RPS,0.09999999999999998,0.9545454545454546,2.878787878787879,1.878787878787879,1.3333333333333333,2.0,3.090909090909091,0.06060606060606061,0.0
31,COPOC,RPS,0.13,0.9090909090909091,2.727272727272727,1.7272727272727273,1.1666666666666667,2.0,3.3589743589743586,0.10606060606060606,0.0
31,COPOC,RPS,0.15000000000000002,0.8939393939393939,2.696969696969697,1.696969696969697,1.1428571428571428,2.0,3.313131313131313,0.12121212121212122,0.0
31,COPOC,RPS,0.18000000000000005,0.7878787878787878,1.5909090909090908,0.5909090909090909,1.2857142857142858,3.0,3.62121212121212,0.2727272727272727,0.0
31,COPOC,RPS,0.19999999999999996,0.7575757575757576,1.5151515151515151,0.5151515151515151,1.25,3.0,3.5454545454545463,0.30303030303030304,0.0
31,COPOC,OCDF,0.020000000000000018,1.0,4.0,3.0,,0.0,3.0,0.0,0.0
31,COPOC,OCDF,0.030000000000000027,1.0,4.0,3.0,,0.0,3.0,0.0,0.0
31,COPOC,OCDF,0.050000000000000044,1.0,3.6666666666666665,2.6666666666666665,,0.0,2.6666666666666665,0.0,0.0
31,COPOC,OCDF,0.07999999999999996,0.9090909090909091,2.6666666666666665,1.6666666666666667,1.6666666666666667,3.0,5.454545454545456,0.15151515151515152,0.0
31,COPOC,OCDF,0.09999999999999998,0.8939393939393939,2.6363636363636362,1.6363636363636365,1.5714285714285714,3.0,4.96969696969697,0.16666666666666666,0.0
31,COPOC,OCDF,0.13,0.803030303030303,2.409090909090909,1.4090909090909092,1.4615384615384615,3.0,5.837995337995338,0.2878787878787879,0.0
31,COPOC,OCDF,0.15000000000000002,0.7878787878787878,2.378787878787879,1.378787878787879,1.4285714285714286,3.0,5.419191919191919,0.30303030303030304,0.0
31,COPOC,OCDF,0.18000000000000005,0.7575757575757576,2.3181818181818183,1.3181818181818181,1.375,3.0,5.021885521885522,0.3333333333333333,0.0
31,COPOC,OCDF,0.19999999999999996,0.7121212121212122,2.1818181818181817,1.1818181818181819,1.4736842105263157,3.0,5.424242424242425,0.42424242424242425,0.0
31,COPOC,APS,0.020000000000000018,1.0,3.9545454545454546,2.9545454545454546,,0.0,2.9545454545454546,0.0,0.0
31,COPOC,APS,0.030000000000000027,1.0,3.9545454545454546,2.9545454545454546,,0.0,2.9545454545454546,0.0,0.0
31,COPOC,APS,0.050000000000000044,0.9848484848484849,3.1818181818181817,2.1818181818181817,1.0,1.0,2.7878787878787876,0.015151515151515152,0.0
31,COPOC,APS,0.07999999999999996,0.9242424242424242,2.409090909090909,1.4090909090909092,1.2,2.0,3.6818181818181825,0.09090909090909091,0.0
31,COPOC,APS,0.09999999999999998,0.8939393939393939,2.121212121212121,1.121212121212121,1.4285714285714286,2.0,4.151515151515152,0.15151515151515152,0.0
31,COPOC,APS,0.13,0.8181818181818182,1.803030303030303,0.803030303030303,1.3333333333333333,3.0,4.532634032634032,0.24242424242424243,0.0
31,COPOC,APS,0.15000000000000002,0.8181818181818182,1.7878787878787878,0.7878787878787878,1.3333333333333333,3.0,4.02020202020202,0.24242424242424243,0.0
31,COPOC,APS,0.18000000000000005,0.7727272727272727,1.6666666666666667,0.6818181818181818,1.4,3.0,4.048821548821548,0.3181818181818182,0.0
31,COPOC,APS,0.19999999999999996,0.7727272727272727,1.6515151515151516,0.6666666666666666,1.4,3.0,3.6969696969696977,0.3181818181818182,0.0
31,COPOC,LAC,0.020000000000000018,1.0,3.9242424242424243,2.9242424242424243,,0.0,2.9242424242424243,0.0,0.0
31,COPOC,LAC,0.030000000000000027,1.0,3.9242424242424243,2.9242424242424243,,0.0,2.9242424242424243,0.0,0.0
31,COPOC,LAC,0.050000000000000044,1.0,3.1666666666666665,2.1666666666666665,,0.0,2.1666666666666665,0.0,0.0
31,COPOC,LAC,0.07999999999999996,0.9393939393939394,2.1515151515151514,1.1515151515151516,1.75,2.0,3.8030303030303045,0.10606060606060606,0.0
31,COPOC,LAC,0.09999999999999998,0.9090909090909091,1.9848484848484849,0.9848484848484849,1.6666666666666667,3.0,4.015151515151516,0.15151515151515152,0.0
31,COPOC,LAC,0.13,0.8939393939393939,1.9545454545454546,0.9545454545454546,1.5714285714285714,3.0,3.5186480186480185,0.16666666666666666,0.0
31,COPOC,LAC,0.15000000000000002,0.8939393939393939,1.9242424242424243,0.9242424242424242,1.5714285714285714,3.0,3.146464646464646,0.16666666666666666,0.0
31,COPOC,LAC,0.18000000000000005,0.8333333333333334,1.696969696969697,0.696969696969697,1.3636363636363635,3.0,3.2222222222222214,0.22727272727272727,0.0
31,COPOC,LAC,0.19999999999999996,0.803030303030303,1.6515151515151516,0.6515151515151515,1.3076923076923077,3.0,3.2272727272727275,0.25757575757575757,0.0
32,COPOC,min-CPS,0.020000000000000018,1.0,3.787878787878788,2.787878787878788,,0.0,2.787878787878788,0.0,0.0
32,COPOC,min-CPS,0.030000000000000027,1.0,3.787878787878788,2.787878787878788,,0.0,2.787878787878788,0.0,0.0
32,COPOC,min-CPS,0.050000000000000044,1.0,2.878787878787879,1.878787878787879,,0.0,1.878787878787879,0.0,0.0
32,COPOC,min-CPS,0.07999999999999996,0.9242424242424242,2.0303030303030303,1.0303030303030303,1.8,3.0,4.439393939393941,0.13636363636363635,0.0
32,COPOC,min-CPS,0.09999999999999998,0.9242424242424242,2.0303030303030303,1.0303030303030303,1.8,3.0,3.7575757575757582,0.13636363636363635,0.0
32,COPOC,min-CPS,0.13,0.9242424242424242,1.8636363636363635,0.8636363636363636,2.0,3.0,3.194638694638694,0.15151515151515152,0.0
32,COPOC,min-CPS,0.15000000000000002,0.9242424242424242,1.8333333333333333,0.8333333333333334,2.0,3.0,2.8535353535353534,0.15151515151515152,0.0
32,COPOC,min-CPS,0.18000000000000005,0.8636363636363636,1.606060606060606,0.6060606060606061,1.5555555555555556,3.0,2.9629629629629624,0.21212121212121213,0.0
32,COPOC,min-CPS,0.19999999999999996,0.8636363636363636,1.606060606060606,0.6060606060606061,1.5555555555555556,3.0,2.727272727272727,0.21212121212121213,0.0
32,COPOC,RPS,0.020000000000000018,1.0,3.893939393939394,2.893939393939394,,0.0,2.893939393939394,0.0,0.0
32,COPOC,RPS,0.030000000000000027,1.0,3.893939393939394,2.893939393939394,,0.0,2.893939393939394,0.0,0.0
32,COPOC,RPS,0.050000000000000044,0.9696969696969697,3.257575757575758,2.257575757575758,1.0,1.0,3.469696969696969,0.030303030303030304,0.0
32,COPOC,RPS,0.07999999999999996,0.9393939393939394,2.8181818181818183,1.8181818181818181,1.5,2.0,4.090909090909093,0.09090909090909091,0.0
32,COPOC,RPS,0.09999999999999998,0.9393939393939394,2.772727272727273,1.7727272727272727,1.5,2.0,3.590909090909091,0.09090909090909091,0.0
32,COPOC,RPS,0.13,0.9242424242424242,2.696969696969697,1.696969696969697,1.4,2.0,3.3286713286713283,0.10606060606060606,0.0
32,COPOC,RPS,0.15000000000000002,0.9090909090909091,2.6666666666666665,1.6666666666666667,1.3333333333333333,2.0,3.282828282828283,0.12121212121212122,0.0
32,COPOC,RPS,0.18000000000000005,0.8787878787878788,2.606060606060606,1.606060606060606,1.25,2.0,3.289562289562289,0.15151515151515152,0.0
32,COPOC,RPS,0.19999999999999996,0.8484848484848485,1.7121212121212122,0.7121212121212122,1.4,3.0,2.833333333333334,0.21212121212121213,0.0
32,COPOC,OCDF,0.020000000000000018,1.0,3.909090909090909,2.909090909090909,,0.0,2.909090909090909,0.0,0.0
32,COPOC,OCDF,0.030000000000000027,1.0,3.909090909090909,2.909090909090909,,0.0,2.909090909090909,0.0,0.0
32,COPOC,OCDF,0.050000000000000044,1.0,3.5303030303030303,2.5303030303030303,,0.0,2.5303030303030303,0.0,0.0
32,COPOC,OCDF,0.07999999999999996,0.9545454545454546,3.015151515151515,2.015151515151515,2.3333333333333335,3.0,4.666666666666669,0.10606060606060606,0.0
32,COPOC,OCDF,0.09999999999999998,0.9545454545454546,2.878787878787879,1.878787878787879,2.6666666666666665,3.0,4.303030303030303,0.12121212121212122,0.0
32,COPOC,OCDF,0.13,0.8636363636363636,2.621212121212121,1.621212121212121,1.5555555555555556,3.0,4.884615384615384,0.21212121212121213,0.0
32,COPOC,OCDF,0.15000000000000002,0.8181818181818182,2.5,1.5,1.4166666666666667,3.0,4.934343434343433,0.25757575757575757,0.0
32,COPOC,OCDF,0.18000000000000005,0.8181818181818182,2.4696969696969697,1.4696969696969697,1.4166666666666667,3.0,4.33164983164983,0.25757575757575757,0.0
32,COPOC,OCDF,0.19999999999999996,0.803030303030303,2.409090909090909,1.4090909090909092,1.4615384615384615,3.0,4.287878787878788,0.2878787878787879,0.0
32,COPOC,APS,0.020000000000000018,1.0,3.8181818181818183,2.8181818181818183,,0.0,2.8181818181818183,0.0,0.0
32,COPOC,APS,0.030000000000000027,1.0,3.8181818181818183,2.8181818181818183,,0.0,2.8181818181818183,0.0,0.0
32,COPOC,APS,0.050000000000000044,0.9242424242424242,2.606060606060606,1.606060606060606,1.0,1.0,4.636363636363634,0.07575757575757576,0.0
32,COPOC,APS,0.07999999999999996,0.9090909090909091,2.484848484848485,1.4848484848484849,1.0,1.0,3.7575757575757587,0.09090909090909091,0.0
32,COPOC,APS,0.09999999999999998,0.9090909090909091,2.3181818181818183,1.3181818181818181,1.3333333333333333,2.0,3.742424242424242,0.12121212121212122,0.0
32,COPOC,APS,0.13,0.9090909090909091,1.9545454545454546,0.9545454545454546,1.6666666666666667,3.0,3.285547785547785,0.15151515151515152,0.0
32,COPOC,APS,0.15000000000000002,0.9090909090909091,1.893939393939394,0.8939393939393939,1.6666666666666667,3.0,2.914141414141414,0.15151515151515152,0.0
32,COPOC,APS,0.18000000000000005,0.9090909090909091,1.8333333333333333,0.8333333333333334,1.8333333333333333,3.0,2.6851851851851847,0.16666666666666666,0.0
32,COPOC,APS,0.19999999999999996,0.8636363636363636,1.606060606060606,0.6060606060606061,1.5555555555555556,3.0,2.7272727272727275,0.21212121212121213,0.0
32,COPOC,LAC,0.020000000000000018,1.0,3.757575757575758,2.757575757575758,,0.0,2.757575757575758,0.0,0.0
32,COPOC,LAC,0.030000000000000027,1.0,3.757575757575758,2.757575757575758,,0.0,2.757575757575758,0.0,0.0
32,COPOC,LAC,0.050000000000000044,1.0,2.878787878787879,1.878787878787879,,0.0,1.878787878787879,0.0,0.0
32,COPOC,LAC,0.07999999999999996,0.9242424242424242,1.9393939393939394,0.9393939393939394,2.0,3.0,4.727272727272729,0.15151515151515152,0.0
32,COPOC,LAC,0.09999999999999998,0.9242424242424242,1.9242424242424243,0.9242424242424242,2.0,3.0,3.9545454545454555,0.15151515151515152,0.0
32,COPOC,LAC,0.13,0.9242424242424242,1.8484848484848484,0.8484848484848485,2.0,3.0,3.179487179487179,0.15151515151515152,0.0
32,COPOC,LAC,0.15000000000000002,0.9242424242424242,1.8484848484848484,0.8484848484848485,2.0,3.0,2.8686868686868685,0.15151515151515152,0.0
32,COPOC,LAC,0.18000000000000005,0.8787878787878788,1.7121212121212122,0.7121212121212122,1.625,3.0,2.9006734006734,0.19696969696969696,0.0
32,COPOC,LAC,0.19999999999999996,0.803030303030303,1.5303030303030303,0.5303030303030303,1.4615384615384615,3.0,3.40909090909091,0.2878787878787879,0.0
33,COPOC,min-CPS,0.020000000000000018,1.0,3.803030303030303,2.803030303030303,,0.0,2.803030303030303,0.0,0.0
33,COPOC,min-CPS,0.030000000000000027,0.9696969696969697,2.727272727272727,1.7272727272727273,2.0,3.0,5.767676767676765,0.06060606060606061,0.0
33,COPOC,min-CPS,0.050000000000000044,0.9696969696969697,2.6666666666666665,1.6666666666666667,2.0,3.0,4.090909090909089,0.06060606060606061,0.0
33,COPOC,min-CPS,0.07999999999999996,0.8939393939393939,1.9242424242424243,0.9242424242424242,1.7142857142857142,3.0,5.4696969696969715,0.18181818181818182,0.0
33,COPOC,min-CPS,0.09999999999999998,0.8939393939393939,1.8484848484848484,0.8484848484848485,1.8571428571428572,3.0,4.787878787878788,0.19696969696969696,0.0
33,COPOC,min-CPS,0.13,0.8787878787878788,1.7575757575757576,0.7575757575757576,1.75,3.0,4.020979020979021,0.21212121212121213,0.0
33,COPOC,min-CPS,0.15000000000000002,0.8787878787878788,1.7272727272727273,0.7272727272727273,1.75,3.0,3.5555555555555554,0.21212121212121213,0.0
33,COPOC,min-CPS,0.18000000000000005,0.8787878787878788,1.7121212121212122,0.7121212121212122,1.75,3.0,3.0690235690235688,0.21212121212121213,0.0
33,COPOC,min-CPS,0.19999999999999996,0.8939393939393939,1.6666666666666667,0.6666666666666666,1.8571428571428572,3.0,2.6363636363636362,0.19696969696969696,0.0
33,COPOC,RPS,0.020000000000000018,1.0,3.9242424242424243,2.9242424242424243,,0.0,2.9242424242424243,0.0,0.0
33,COPOC,RPS,0.030000000000000027,1.0,3.9242424242424243,2.9242424242424243,,0.0,2.9242424242424243,0.0,0.0
33,COPOC,RPS,0.050000000000000044,0.9545454545454546,3.1666666666666665,2.1666666666666665,1.3333333333333333,2.0,4.590909090909089,0.06060606060606061,0.0
33,COPOC,RPS,0.07999999999999996,0.9393939393939394,2.8484848484848486,1.8484848484848484,1.5,2.0,4.121212121212123,0.09090909090909091,0.0
33,COPOC,RPS,0.09999999999999998,0.9242424242424242,2.757575757575758,1.7575757575757576,1.4,2.0,3.878787878787879,0.10606060606060606,0.0
33,COPOC,RPS,0.13,0.9090909090909091,2.696969696969697,1.696969696969697,1.3333333333333333,2.0,3.5617715617715615,0.12121212121212122,0.0
33,COPOC,RPS,0.15000000000000002,0.8939393939393939,2.6363636363636362,1.6363636363636365,1.2857142857142858,2.0,3.4545454545454546,0.13636363636363635,0.0
33,COPOC,RPS,0.18000000000000005,0.8939393939393939,2.621212121212121,1.621212121212121,1.2857142857142858,2.0,3.136363636363636,0.13636363636363635,0.0
33,COPOC,RPS,0.19999999999999996,0.8484848484848485,1.7121212121212122,0.7121212121212122,1.4,3.0,2.8333333333333335,0.21212121212121213,0.0
33,COPOC,OCDF,0.020000000000000018,1.0,3.9242424242424243,2.9242424242424243,,0.0,2.9242424242424243,0.0,0.0
33,COPOC,OCDF,0.030000000000000027,1.0,3.9242424242424243,2.9242424242424243,,0.0,2.9242424242424243,0.0,0.0
33,COPOC,OCDF,0.050000000000000044,0.9696969696969697,3.393939393939394,2.393939393939394,2.0,3.0,4.818181818181817,0.06060606060606061,0.0
33,COPOC,OCDF,0.07999999999999996,0.9090909090909091,2.6666666666666665,1.6666666666666667,2.0,3.0,6.212121212121214,0.18181818181818182,0.0
33,COPOC,OCDF,0.09999999999999998,0.9090909090909091,2.6666666666666665,1.6666666666666667,2.0,3.0,5.303030303030303,0.18181818181818182,0.0
33,COPOC,OCDF,0.13,0.8939393939393939,2.621212121212121,1.621212121212121,1.8571428571428572,3.0,4.6515151515151505,0.19696969696969696,0.0
33,COPOC,OCDF,0.15000000000000002,0.8939393939393939,2.606060606060606,1.606060606060606,1.8571428571428572,3.0,4.232323232323232,0.19696969696969696,0.0
33,COPOC,OCDF,0.18000000000000005,0.8484848484848485,2.5,1.5,1.7,3.0,4.361952861952862,0.25757575757575757,0.0
33,COPOC,OCDF,0.19999999999999996,0.8333333333333334,2.4696969696969697,1.4696969696969697,1.6363636363636365,3.0,4.196969696969697,0.2727272727272727,0.0
33,COPOC,APS,0.020000000000000018,1.0,3.757575757575758,2.757575757575758,,0.0,2.757575757575758,0.0,0.0
33,COPOC,APS,0.030000000000000027,1.0,3.757575757575758,2.757575757575758,,0.0,2.757575757575758,0.0,0.0
33,COPOC,APS,0.050000000000000044,0.9393939393939394,2.5757575757575757,1.5757575757575757,1.5,3.0,5.212121212121208,0.09090909090909091,0.0
33,COPOC,APS,0.07999999999999996,0.9090909090909091,2.0757575757575757,1.0757575757575757,1.6666666666666667,3.0,4.863636363636365,0.15151515151515152,0.0
33,COPOC,APS,0.09999999999999998,0.9090909090909091,2.0454545454545454,1.0454545454545454,1.6666666666666667,3.0,4.075757575757577,0.15151515151515152,0.0
33,COPOC,APS,0.13,0.9090909090909091,1.8181818181818181,0.8181818181818182,2.0,3.0,3.615384615384615,0.18181818181818182,0.0
33,COPOC,APS,0.15000000000000002,0.8636363636363636,1.7424242424242424,0.7424242424242424,1.6666666666666667,3.0,3.7727272727272725,0.22727272727272727,0.0
33,COPOC,APS,0.18000000000000005,0.8636363636363636,1.7272727272727273,0.7272727272727273,1.6666666666666667,3.0,3.252525252525252,0.22727272727272727,0.0
33,COPOC,APS,0.19999999999999996,0.8636363636363636,1.6818181818181819,0.6818181818181818,1.6666666666666667,3.0,2.9545454545454546,0.22727272727272727,0.0
33,COPOC,LAC,0.020000000000000018,1.0,3.757575757575758,2.757575757575758,,0.0,2.757575757575758,0.0,0.0
33,COPOC,LAC,0.030000000000000027,1.0,3.757575757575758,2.757575757575758,,0.0,2.757575757575758,0.0,0.0
33,COPOC,LAC,0.050000000000000044,0.9696969696969697,2.590909090909091,1.5909090909090908,2.5,3.0,4.621212121212118,0.07575757575757576,0.0
33,COPOC,LAC,0.07999999999999996,0.8939393939393939,1.8484848484848484,0.8484848484848485,1.8571428571428572,3.0,5.772727272727274,0.19696969696969696,0.0
33,COPOC,LAC,0.09999999999999998,0.8939393939393939,1.803030303030303,0.803030303030303,1.8571428571428572,3.0,4.742424242424243,0.19696969696969696,0.0
33,COPOC,LAC,0.13,0.8787878787878788,1.7575757575757576,0.7575757575757576,1.75,3.0,4.020979020979021,0.21212121212121213,0.0
33,COPOC,LAC,0.15000000000000002,0.8787878787878788,1.7424242424242424,0.7424242424242424,1.75,3.0,3.5707070707070705,0.21212121212121213,0.0
33,COPOC,LAC,0.18000000000000005,0.8787878787878788,1.696969696969697,0.696969696969697,1.75,3.0,3.0538720538720536,0.21212121212121213,0.0
33,COPOC,LAC,0.19999999999999996,0.8636363636363636,1.606060606060606,0.6060606060606061,1.6666666666666667,3.0,2.878787878787879,0.22727272727272727,0.0
34,COPOC,min-CPS,0.020000000000000018,1.0,3.772727272727273,2.772727272727273,,0.0,2.772727272727273,0.0,0.0
34,COPOC,min-CPS,0.030000000000000027,1.0,3.772727272727273,2.772727272727273,,0.0,2.772727272727273,0.0,0.0
34,COPOC,min-CPS,0.050000000000000044,0.9545454545454546,2.484848484848485,1.4848484848484849,1.3333333333333333,2.0,3.9090909090909074,0.06060606060606061,0.0
34,COPOC,min-CPS,0.07999999999999996,0.9545454545454546,2.409090909090909,1.4090909090909092,2.0,2.0,3.681818181818183,0.09090909090909091,0.0
34,COPOC,min-CPS,0.09999999999999998,0.9545454545454546,2.272727272727273,1.2727272727272727,2.0,2.0,3.090909090909091,0.09090909090909091,0.0
34,COPOC,min-CPS,0.13,0.9090909090909091,1.878787878787879,0.8787878787878788,1.6666666666666667,3.0,3.2097902097902096,0.15151515151515152,0.0
34,COPOC,min-CPS,0.15000000000000002,0.9090909090909091,1.8636363636363635,0.8636363636363636,1.6666666666666667,3.0,2.8838383838383836,0.15151515151515152,0.0
34,COPOC,min-CPS,0.18000000000000005,0.8333333333333334,1.5757575757575757,0.5757575757575758,1.3636363636363635,3.0,3.1010101010101003,0.22727272727272727,0.0
34,COPOC,min-CPS,0.19999999999999996,0.8484848484848485,1.5757575757575757,0.5757575757575758,1.4,3.0,2.6969696969696977,0.21212121212121213,0.0
34,COPOC,RPS,0.020000000000000018,1.0,3.893939393939394,2.893939393939394,,0.0,2.893939393939394,0.0,0.0
34,COPOC,RPS,0.030000000000000027,1.0,3.893939393939394,2.893939393939394,,0.0,2.893939393939394,0.0,0.0
34,COPOC,RPS,0.050000000000000044,0.9848484848484849,3.6818181818181817,2.6818181818181817,1.0,1.0,3.2878787878787876,0.015151515151515152,0.0
34,COPOC,RPS,0.07999999999999996,0.9545454545454546,2.8484848484848486,1.8484848484848484,1.3333333333333333,2.0,3.3636363636363646,0.06060606060606061,0.0
34,COPOC,RPS,0.09999999999999998,0.9242424242424242,2.757575757575758,1.7575757575757576,1.2,2.0,3.5757575757575757,0.09090909090909091,0.0
34,COPOC,RPS,0.13,0.9090909090909091,2.696969696969697,1.696969696969697,1.1666666666666667,2.0,3.3286713286713283,0.10606060606060606,0.0
34,COPOC,RPS,0.15000000000000002,0.9090909090909091,2.6515151515151514,1.6515151515151516,1.1666666666666667,2.0,3.0656565656565653,0.10606060606060606,0.0
34,COPOC,RPS,0.18000000000000005,0.8636363636363636,2.515151515151515,1.5151515151515151,1.1111111111111112,2.0,3.198653198653198,0.15151515151515152,0.0
34,COPOC,RPS,0.19999999999999996,0.8636363636363636,2.4696969696969697,1.4696969696969697,1.1111111111111112,2.0,2.984848484848485,0.15151515151515152,0.0
34,COPOC,OCDF,0.020000000000000018,1.0,3.878787878787879,2.878787878787879,,0.0,2.878787878787879,0.0,0.0
34,COPOC,OCDF,0.030000000000000027,1.0,3.878787878787879,2.878787878787879,,0.0,2.878787878787879,0.0,0.0
34,COPOC,OCDF,0.050000000000000044,0.9545454545454546,3.196969696969697,2.196969696969697,1.3333333333333333,2.0,4.621212121212119,0.06060606060606061,0.0
34,COPOC,OCDF,0.07999999999999996,0.9393939393939394,2.8484848484848486,1.8484848484848484,2.0,3.0,4.878787878787881,0.12121212121212122,0.0
34,COPOC,OCDF,0.09999999999999998,0.9393939393939394,2.742424242424242,1.7424242424242424,2.0,3.0,4.166666666666667,0.12121212121212122,0.0
34,COPOC,OCDF,0.13,0.9090909090909091,2.621212121212121,1.621212121212121,1.6666666666666667,3.0,3.952214452214452,0.15151515151515152,0.0
34,COPOC,OCDF,0.15000000000000002,0.9090909090909091,2.621212121212121,1.621212121212121,1.6666666666666667,3.0,3.641414141414141,0.15151515151515152,0.0
34,COPOC,OCDF,0.18000000000000005,0.8939393939393939,2.5757575757575757,1.5757575757575757,1.5714285714285714,3.0,3.427609427609427,0.16666666666666666,0.0
34,COPOC,OCDF,0.19999999999999996,0.8939393939393939,2.5303030303030303,1.5303030303030303,1.7142857142857142,3.0,3.3484848484848486,0.18181818181818182,0.0
34,COPOC,APS,0.020000000000000018,1.0,3.6818181818181817,2.6818181818181817,,0.0,2.6818181818181817,0.0,0.0
34,COPOC,APS,0.030000000000000027,1.0,3.6818181818181817,2.6818181818181817,,0.0,2.6818181818181817,0.0,0.0
34,COPOC,APS,0.050000000000000044,0.9696969696969697,2.757575757575758,1.7575757575757576,1.0,1.0,2.969696969696969,0.030303030303030304,0.0
34,COPOC,APS,0.07999999999999996,0.9545454545454546,2.393939393939394,1.393939393939394,2.0,2.0,3.666666666666668,0.09090909090909091,0.0
34,COPOC,APS,0.09999999999999998,0.9545454545454546,2.393939393939394,1.393939393939394,2.0,2.0,3.212121212121212,0.09090909090909091,0.0
34,COPOC,APS,0.13,0.8939393939393939,2.015151515151515,1.0151515151515151,1.5714285714285714,3.0,3.5792540792540786,0.16666666666666666,0.0
34,COPOC,APS,0.15000000000000002,0.8636363636363636,1.8636363636363635,0.8636363636363636,1.4444444444444444,3.0,3.4898989898989896,0.19696969696969696,0.0
34,COPOC,APS,0.18000000000000005,0.8333333333333334,1.7575757575757576,0.7575757575757576,1.3636363636363635,3.0,3.2828282828282824,0.22727272727272727,0.0
34,COPOC,APS,0.19999999999999996,0.8181818181818182,1.6515151515151516,0.6515151515151515,1.3333333333333333,3.0,3.0757575757575766,0.24242424242424243,0.0
34,COPOC,LAC,0.020000000000000018,1.0,3.742424242424242,2.742424242424242,,0.0,2.742424242424242,0.0,0.0
34,COPOC,LAC,0.030000000000000027,1.0,3.742424242424242,2.742424242424242,,0.0,2.742424242424242,0.0,0.0
34,COPOC,LAC,0.050000000000000044,0.9545454545454546,2.4393939393939394,1.4393939393939394,2.0,2.0,5.075757575757573,0.09090909090909091,0.0
34,COPOC,LAC,0.07999999999999996,0.9545454545454546,2.378787878787879,1.378787878787879,2.3333333333333335,3.0,4.030303030303032,0.10606060606060606,0.0
34,COPOC,LAC,0.09999999999999998,0.9545454545454546,2.1515151515151514,1.1515151515151516,2.3333333333333335,3.0,3.2727272727272734,0.10606060606060606,0.0
34,COPOC,LAC,0.13,0.9242424242424242,1.9090909090909092,0.9090909090909091,1.8,3.0,3.0069930069930066,0.13636363636363635,0.0
34,COPOC,LAC,0.15000000000000002,0.9090909090909091,1.893939393939394,0.8939393939393939,1.6666666666666667,3.0,2.914141414141414,0.15151515151515152,0.0
34,COPOC,LAC,0.18000000000000005,0.9090909090909091,1.8181818181818181,0.8181818181818182,1.6666666666666667,3.0,2.5016835016835013,0.15151515151515152,0.0
34,COPOC,LAC,0.19999999999999996,0.8333333333333334,1.5909090909090908,0.5909090909090909,1.3636363636363635,3.0,2.863636363636364,0.22727272727272727,0.0
35,COPOC,min-CPS,0.020000000000000018,1.0,3.8484848484848486,2.8484848484848486,,0.0,2.8484848484848486,0.0,0.0
35,COPOC,min-CPS,0.030000000000000027,0.9848484848484849,3.015151515151515,2.015151515151515,3.0,3.0,5.045454545454543,0.045454545454545456,0.0
35,COPOC,min-CPS,0.050000000000000044,0.9848484848484849,2.909090909090909,1.9090909090909092,3.0,3.0,3.7272727272727257,0.045454545454545456,0.0
35,COPOC,min-CPS,0.07999999999999996,0.9696969696969697,2.6363636363636362,1.6363636363636365,2.0,3.0,3.1515151515151523,0.06060606060606061,0.0
35,COPOC,min-CPS,0.09999999999999998,0.9242424242424242,2.0757575757575757,1.0757575757575757,2.0,3.0,4.106060606060607,0.15151515151515152,0.0
35,COPOC,min-CPS,0.13,0.9090909090909091,1.9393939393939394,0.9393939393939394,1.8333333333333333,3.0,3.5034965034965033,0.16666666666666666,0.0
35,COPOC,min-CPS,0.15000000000000002,0.9090909090909091,1.893939393939394,0.8939393939393939,1.8333333333333333,3.0,3.116161616161616,0.16666666666666666,0.0
35,COPOC,min-CPS,0.18000000000000005,0.8636363636363636,1.6666666666666667,0.6666666666666666,1.5555555555555556,3.0,3.023569023569023,0.21212121212121213,0.0
35,COPOC,min-CPS,0.19999999999999996,0.8636363636363636,1.6515151515151516,0.6515151515151515,1.5555555555555556,3.0,2.7727272727272734,0.21212121212121213,0.0
35,COPOC,RPS,0.020000000000000018,1.0,3.9393939393939394,2.9393939393939394,,0.0,2.9393939393939394,0.0,0.0
35,COPOC,RPS,0.030000000000000027,1.0,3.9393939393939394,2.9393939393939394,,0.0,2.9393939393939394,0.0,0.0
35,COPOC,RPS,0.050000000000000044,0.9696969696969697,3.3484848484848486,2.3484848484848486,1.5,2.0,4.166666666666665,0.045454545454545456,0.0
35,COPOC,RPS,0.07999999999999996,0.9090909090909091,2.8484848484848486,1.8484848484848484,1.3333333333333333,2.0,4.878787878787881,0.12121212121212122,0.0
35,COPOC,RPS,0.09999999999999998,0.8939393939393939,2.787878787878788,1.7878787878787878,1.2857142857142858,2.0,4.515151515151516,0.13636363636363635,0.0
35,COPOC,RPS,0.13,0.8787878787878788,2.742424242424242,1.7424242424242424,1.25,2.0,4.073426573426573,0.15151515151515152,0.0
35,COPOC,RPS,0.15000000000000002,0.8484848484848485,2.6515151515151514,1.6515151515151516,1.2,2.0,4.075757575757576,0.18181818181818182,0.0
35,COPOC,RPS,0.18000000000000005,0.8333333333333334,2.590909090909091,1.5909090909090908,1.1818181818181819,2.0,3.7794612794612794,0.19696969696969696,0.0
35,COPOC,RPS,0.19999999999999996,0.8181818181818182,1.5757575757575757,0.5757575757575758,1.4166666666666667,3.0,3.1515151515151523,0.25757575757575757,0.0
35,COPOC,OCDF,0.020000000000000018,1.0,3.9545454545454546,2.9545454545454546,,0.0,2.9545454545454546,0.0,0.0
35,COPOC,OCDF,0.030000000000000027,1.0,3.9545454545454546,2.9545454545454546,,0.0,2.9545454545454546,0.0,0.0
35,COPOC,OCDF,0.050000000000000044,0.9848484848484849,3.4696969696969697,2.4696969696969697,3.0,3.0,4.287878787878786,0.045454545454545456,0.0
35,COPOC,OCDF,0.07999999999999996,0.9393939393939394,2.8333333333333335,1.8333333333333333,2.25,3.0,5.242424242424244,0.13636363636363635,0.0
35,COPOC,OCDF,0.09999999999999998,0.9242424242424242,2.712121212121212,1.7121212121212122,2.0,3.0,4.742424242424242,0.15151515151515152,0.0
35,COPOC,OCDF,0.13,0.8333333333333334,2.4696969696969697,1.4696969696969697,1.5454545454545454,3.0,5.432400932400932,0.25757575757575757,0.0
35,COPOC,OCDF,0.15000000000000002,0.7878787878787878,2.378787878787879,1.378787878787879,1.4285714285714286,3.0,5.419191919191919,0.30303030303030304,0.0
35,COPOC,OCDF,0.18000000000000005,0.7727272727272727,2.3636363636363638,1.3636363636363635,1.4,3.0,4.898989898989898,0.3181818181818182,0.0
35,COPOC,OCDF,0.19999999999999996,0.7575757575757576,2.3484848484848486,1.3484848484848484,1.375,3.0,4.681818181818182,0.3333333333333333,0.0
35,COPOC,APS,0.020000000000000018,0.9848484848484849,3.772727272727273,2.772727272727273,1.0,1.0,4.287878787878786,0.015151515151515152,0.0
35,COPOC,APS,0.030000000000000027,0.9848484848484849,3.772727272727273,2.772727272727273,1.0,1.0,3.7828282828282824,0.015151515151515152,0.0
35,COPOC,APS,0.050000000000000044,0.9848484848484849,3.0606060606060606,2.0606060606060606,3.0,3.0,3.878787878787877,0.045454545454545456,0.0
35,COPOC,APS,0.07999999999999996,0.9393939393939394,2.6818181818181817,1.6818181818181819,1.5,3.0,3.9545454545454564,0.09090909090909091,0.0
35,COPOC,APS,0.09999999999999998,0.9393939393939394,2.5303030303030303,1.5303030303030303,1.5,3.0,3.3484848484848486,0.09090909090909091,0.0
35,COPOC,APS,0.13,0.9242424242424242,2.242424242424242,1.2424242424242424,1.8,3.0,3.34032634032634,0.13636363636363635,0.0
35,COPOC,APS,0.15000000000000002,0.9090909090909091,2.0454545454545454,1.0454545454545454,1.6666666666666667,3.0,3.0656565656565653,0.15151515151515152,0.0
35,COPOC,APS,0.18000000000000005,0.8939393939393939,1.878787878787879,0.8787878787878788,1.7142857142857142,3.0,2.898989898989899,0.18181818181818182,0.0
35,COPOC,APS,0.19999999999999996,0.8787878787878788,1.8333333333333333,0.8333333333333334,1.625,3.0,2.803030303030303,0.19696969696969696,0.0
35,COPOC,LAC,0.020000000000000018,1.0,3.8333333333333335,2.8333333333333335,,0.0,2.8333333333333335,0.0,0.0
35,COPOC,LAC,0.030000000000000027,1.0,3.8333333333333335,2.8333333333333335,,0.0,2.8333333333333335,0.0,0.0
35,COPOC,LAC,0.050000000000000044,0.9848484848484849,2.909090909090909,1.9090909090909092,3.0,3.0,3.7272727272727257,0.045454545454545456,0.0
35,COPOC,LAC,0.07999999999999996,0.9696969696969697,2.5606060606060606,1.5606060606060606,2.5,3.0,3.454545454545456,0.07575757575757576,0.0
35,COPOC,LAC,0.09999999999999998,0.9242424242424242,1.9696969696969697,0.9696969696969697,2.0,3.0,4.000000000000001,0.15151515151515152,0.0
35,COPOC,LAC,0.13,0.9242424242424242,1.9393939393939394,0.9393939393939394,2.0,3.0,3.2703962703962697,0.15151515151515152,0.0
35,COPOC,LAC,0.15000000000000002,0.9090909090909091,1.9242424242424243,0.9242424242424242,1.8333333333333333,3.0,3.146464646464646,0.16666666666666666,0.0
35,COPOC,LAC,0.18000000000000005,0.9090909090909091,1.8181818181818181,0.8181818181818182,1.8333333333333333,3.0,2.6700336700336695,0.16666666666666666,0.0
35,COPOC,LAC,0.19999999999999996,0.8484848484848485,1.6515151515151516,0.6515151515151515,1.5,3.0,2.9242424242424243,0.22727272727272727,0.0
36,COPOC,min-CPS,0.020000000000000018,0.9848484848484849,3.757575757575758,2.757575757575758,1.0,1.0,4.272727272727271,0.015151515151515152,0.0
36,COPOC,min-CPS,0.030000000000000027,0.9696969696969697,2.742424242424242,1.7424242424242424,2.0,3.0,5.782828282828279,0.06060606060606061,0.0
36,COPOC,min-CPS,0.050000000000000044,0.9696969696969697,2.6363636363636362,1.6363636363636365,2.0,3.0,4.060606060606059,0.06060606060606061,0.0
36,COPOC,min-CPS,0.07999999999999996,0.9696969696969697,2.4545454545454546,1.4545454545454546,2.5,3.0,3.3484848484848495,0.07575757575757576,0.0
36,COPOC,min-CPS,0.09999999999999998,0.9393939393939394,1.9545454545454546,0.9545454545454546,2.0,3.0,3.3787878787878793,0.12121212121212122,0.0
36,COPOC,min-CPS,0.13,0.9393939393939394,1.9393939393939394,0.9393939393939394,2.0,3.0,2.8041958041958037,0.12121212121212122,0.0
36,COPOC,min-CPS,0.15000000000000002,0.9393939393939394,1.8333333333333333,0.8333333333333334,2.0,3.0,2.4494949494949494,0.12121212121212122,0.0
36,COPOC,min-CPS,0.18000000000000005,0.8636363636363636,1.5606060606060606,0.5606060606060606,1.4444444444444444,3.0,2.7491582491582487,0.19696969696969696,0.0
36,COPOC,min-CPS,0.19999999999999996,0.8636363636363636,1.5606060606060606,0.5606060606060606,1.4444444444444444,3.0,2.5303030303030307,0.19696969696969696,0.0
36,COPOC,RPS,0.020000000000000018,0.9848484848484849,3.878787878787879,2.878787878787879,1.0,1.0,4.393939393939392,0.015151515151515152,0.0
36,COPOC,RPS,0.030000000000000027,0.9848484848484849,3.878787878787879,2.878787878787879,1.0,1.0,3.8888888888888884,0.015151515151515152,0.0
36,COPOC,RPS,0.050000000000000044,0.9848484848484849,3.6818181818181817,2.6818181818181817,1.0,1.0,3.2878787878787876,0.015151515151515152,0.0
36,COPOC,RPS,0.07999999999999996,0.9393939393939394,2.8181818181818183,1.8181818181818181,1.25,2.0,3.7121212121212133,0.07575757575757576,0.0
36,COPOC,RPS,0.09999999999999998,0.9393939393939394,2.787878787878788,1.7878787878787878,1.25,2.0,3.303030303030303,0.07575757575757576,0.0
36,COPOC,RPS,0.13,0.9090909090909091,2.6515151515151514,1.6515151515151516,1.1666666666666667,2.0,3.283216783216783,0.10606060606060606,0.0
36,COPOC,RPS,0.15000000000000002,0.8939393939393939,2.621212121212121,1.621212121212121,1.1428571428571428,2.0,3.237373737373737,0.12121212121212122,0.0
36,COPOC,RPS,0.18000000000000005,0.8636363636363636,2.5606060606060606,1.5606060606060606,1.1111111111111112,2.0,3.244107744107744,0.15151515151515152,0.0
36,COPOC,RPS,0.19999999999999996,0.8636363636363636,2.5303030303030303,1.5303030303030303,1.1111111111111112,2.0,3.0454545454545454,0.15151515151515152,0.0
36,COPOC,OCDF,0.020000000000000018,0.9848484848484849,3.8636363636363638,2.8636363636363638,1.0,1.0,4.378787878787877,0.015151515151515152,0.0
36,COPOC,OCDF,0.030000000000000027,0.9848484848484849,3.8636363636363638,2.8636363636363638,1.0,1.0,3.8737373737373733,0.015151515151515152,0.0
36,COPOC,OCDF,0.050000000000000044,0.9696969696969697,3.227272727272727,2.227272727272727,2.0,3.0,4.65151515151515,0.06060606060606061,0.0
36,COPOC,OCDF,0.07999999999999996,0.9545454545454546,2.803030303030303,1.803030303030303,2.3333333333333335,3.0,4.454545454545456,0.10606060606060606,0.0
36,COPOC,OCDF,0.09999999999999998,0.9242424242424242,2.6666666666666665,1.6666666666666667,1.8,3.0,4.3939393939393945,0.13636363636363635,0.0
36,COPOC,OCDF,0.13,0.8636363636363636,2.5303030303030303,1.5303030303030303,1.4444444444444444,3.0,4.5606060606060606,0.19696969696969696,0.0
36,COPOC,OCDF,0.15000000000000002,0.8484848484848485,2.4696969696969697,1.4696969696969697,1.4,3.0,4.297979797979798,0.21212121212121213,0.0
36,COPOC,OCDF,0.18000000000000005,0.8484848484848485,2.4242424242424243,1.4242424242424243,1.5,3.0,3.949494949494949,0.22727272727272727,0.0
36,COPOC,OCDF,0.19999999999999996,0.8484848484848485,2.393939393939394,1.393939393939394,1.5,3.0,3.6666666666666665,0.22727272727272727,0.0
36,COPOC,APS,0.020000000000000018,0.9848484848484849,3.8333333333333335,2.8333333333333335,1.0,1.0,4.348484848484847,0.015151515151515152,0.0
36,COPOC,APS,0.030000000000000027,0.9848484848484849,3.8333333333333335,2.8333333333333335,1.0,1.0,3.843434343434343,0.015151515151515152,0.0
36,COPOC,APS,0.050000000000000044,0.9696969696969697,2.4393939393939394,1.4393939393939394,2.5,3.0,4.469696969696967,0.07575757575757576,0.0
36,COPOC,APS,0.07999999999999996,0.9696969696969697,2.378787878787879,1.378787878787879,2.5,3.0,3.2727272727272734,0.07575757575757576,0.0
36,COPOC,APS,0.09999999999999998,0.9393939393939394,2.0757575757575757,1.0757575757575757,1.75,3.0,3.1969696969696972,0.10606060606060606,0.0
36,COPOC,APS,0.13,0.9242424242424242,1.9242424242424243,0.9242424242424242,1.8,3.0,3.0221445221445222,0.13636363636363635,0.0
36,COPOC,APS,0.15000000000000002,0.9242424242424242,1.893939393939394,0.8939393939393939,1.8,3.0,2.712121212121212,0.13636363636363635,0.0
36,COPOC,APS,0.18000000000000005,0.9090909090909091,1.7121212121212122,0.7121212121212122,1.6666666666666667,3.0,2.3956228956228953,0.15151515151515152,0.0
36,COPOC,APS,0.19999999999999996,0.8636363636363636,1.6666666666666667,0.6818181818181818,1.6666666666666667,3.0,2.8030303030303036,0.22727272727272727,0.0
36,COPOC,LAC,0.020000000000000018,0.9848484848484849,3.727272727272727,2.727272727272727,1.0,1.0,4.24242424242424,0.015151515151515152,0.0
36,COPOC,LAC,0.030000000000000027,0.9848484848484849,3.727272727272727,2.727272727272727,1.0,1.0,3.737373737373737,0.015151515151515152,0.0
36,COPOC,LAC,0.050000000000000044,0.9696969696969697,2.5606060606060606,1.5606060606060606,2.5,3.0,4.590909090909088,0.07575757575757576,0.0
36,COPOC,LAC,0.07999999999999996,0.9696969696969697,2.409090909090909,1.4090909090909092,2.5,3.0,3.303030303030304,0.07575757575757576,0.0
36,COPOC,LAC,0.09999999999999998,0.9393939393939394,1.9545454545454546,0.9545454545454546,2.0,3.0,3.3787878787878793,0.12121212121212122,0.0
36,COPOC,LAC,0.13,0.9393939393939394,1.8636363636363635,0.8636363636363636,2.0,3.0,2.728438228438228,0.12121212121212122,0.0
36,COPOC,LAC,0.15000000000000002,0.9242424242424242,1.803030303030303,0.803030303030303,1.8,3.0,2.621212121212121,0.13636363636363635,0.0
36,COPOC,LAC,0.18000000000000005,0.8333333333333334,1.5454545454545454,0.5454545454545454,1.3636363636363635,3.0,3.07070707070707,0.22727272727272727,0.0
36,COPOC,LAC,0.19999999999999996,0.8181818181818182,1.5,0.5,1.3333333333333333,3.0,2.9242424242424248,0.24242424242424243,0.0
37,COPOC,min-CPS,0.020000000000000018,0.9848484848484849,3.803030303030303,2.803030303030303,1.0,1.0,4.318181818181817,0.015151515151515152,0.0
37,COPOC,min-CPS,0.030000000000000027,0.9242424242424242,2.4696969696969697,1.4696969696969697,1.6,3.0,9.550505050505045,0.12121212121212122,0.0
37,COPOC,min-CPS,0.050000000000000044,0.9242424242424242,2.378787878787879,1.378787878787879,2.0,3.0,7.439393939393934,0.15151515151515152,0.0
37,COPOC,min-CPS,0.07999999999999996,0.9090909090909091,1.9696969696969697,0.9696969696969697,2.1666666666666665,3.0,5.893939393939397,0.19696969696969696,0.0
37,COPOC,min-CPS,0.09999999999999998,0.9090909090909091,1.9696969696969697,0.9696969696969697,2.1666666666666665,3.0,4.90909090909091,0.19696969696969696,0.0
37,COPOC,min-CPS,0.13,0.8787878787878788,1.7878787878787878,0.7878787878787878,2.0,3.0,4.5174825174825175,0.24242424242424243,0.0
37,COPOC,min-CPS,0.15000000000000002,0.8787878787878788,1.7727272727272727,0.7727272727272727,2.0,3.0,4.005050505050505,0.24242424242424243,0.0
37,COPOC,min-CPS,0.18000000000000005,0.8333333333333334,1.5909090909090908,0.5909090909090909,1.7272727272727273,3.0,3.7895622895622894,0.2878787878787879,0.0
37,COPOC,min-CPS,0.19999999999999996,0.8333333333333334,1.5909090909090908,0.5909090909090909,1.7272727272727273,3.0,3.46969696969697,0.2878787878787879,0.0
37,COPOC,RPS,0.020000000000000018,0.9848484848484849,3.909090909090909,2.909090909090909,1.0,1.0,4.424242424242422,0.015151515151515152,0.0
37,COPOC,RPS,0.030000000000000027,0.9848484848484849,3.909090909090909,2.909090909090909,1.0,1.0,3.9191919191919187,0.015151515151515152,0.0
37,COPOC,RPS,0.050000000000000044,0.9242424242424242,2.8484848484848486,1.8484848484848484,1.6,2.0,6.696969696969693,0.12121212121212122,0.0
37,COPOC,RPS,0.07999999999999996,0.8939393939393939,2.742424242424242,1.7424242424242424,1.4285714285714286,2.0,5.530303030303032,0.15151515151515152,0.0
37,COPOC,RPS,0.09999999999999998,0.8181818181818182,2.5606060606060606,1.5606060606060606,1.25,2.0,6.106060606060607,0.22727272727272727,0.0
37,COPOC,RPS,0.13,0.803030303030303,2.515151515151515,1.5151515151515151,1.2307692307692308,2.0,5.244755244755244,0.24242424242424243,0.0
37,COPOC,RPS,0.15000000000000002,0.803030303030303,2.484848484848485,1.4848484848484849,1.2307692307692308,2.0,4.717171717171717,0.24242424242424243,0.0
37,COPOC,RPS,0.18000000000000005,0.803030303030303,1.5909090909090908,0.5909090909090909,1.6153846153846154,3.0,4.126262626262625,0.3181818181818182,0.0
37,COPOC,RPS,0.19999999999999996,0.7727272727272727,1.4848484848484849,0.48484848484848486,1.5333333333333334,3.0,3.9696969696969706,0.3484848484848485,0.0
37,COPOC,OCDF,0.020000000000000018,0.9848484848484849,3.909090909090909,2.909090909090909,1.0,1.0,4.424242424242422,0.015151515151515152,0.0
37,COPOC,OCDF,0.030000000000000027,0.9848484848484849,3.909090909090909,2.909090909090909,1.0,1.0,3.9191919191919187,0.015151515151515152,0.0
37,COPOC,OCDF,0.050000000000000044,0.8636363636363636,2.606060606060606,1.606060606060606,1.8888888888888888,3.0,11.9090909090909,0.25757575757575757,0.0
37,COPOC,OCDF,0.07999999999999996,0.8181818181818182,2.515151515151515,1.5151515151515151,1.6666666666666667,3.0,9.090909090909093,0.30303030303030304,0.0
37,COPOC,OCDF,0.09999999999999998,0.8181818181818182,2.5,1.5,1.6666666666666667,3.0,7.5606060606060606,0.30303030303030304,0.0
37,COPOC,OCDF,0.13,0.803030303030303,2.409090909090909,1.4090909090909092,1.7692307692307692,3.0,6.77039627039627,0.3484848484848485,0.0
37,COPOC,OCDF,0.15000000000000002,0.803030303030303,2.378787878787879,1.378787878787879,1.7692307692307692,3.0,6.025252525252525,0.3484848484848485,0.0
37,COPOC,OCDF,0.18000000000000005,0.7878787878787878,2.3636363636363638,1.3636363636363635,1.7142857142857142,3.0,5.404040404040403,0.36363636363636365,0.0
37,COPOC,OCDF,0.19999999999999996,0.7424242424242424,2.272727272727273,1.2727272727272727,1.7058823529411764,3.0,5.666666666666669,0.4393939393939394,0.0
37,COPOC,APS,0.020000000000000018,0.9848484848484849,3.6818181818181817,2.6818181818181817,1.0,1.0,4.1969696969696955,0.015151515151515152,0.0
37,COPOC,APS,0.030000000000000027,0.9848484848484849,3.6818181818181817,2.6818181818181817,1.0,1.0,3.691919191919191,0.015151515151515152,0.0
37,COPOC,APS,0.050000000000000044,0.9242424242424242,2.484848484848485,1.4848484848484849,1.6,3.0,6.3333333333333295,0.12121212121212122,0.0
37,COPOC,APS,0.07999999999999996,0.9090909090909091,1.9696969696969697,0.9696969696969697,2.1666666666666665,3.0,5.893939393939397,0.19696969696969696,0.0
37,COPOC,APS,0.09999999999999998,0.8939393939393939,1.8636363636363635,0.8636363636363636,2.142857142857143,3.0,5.40909090909091,0.22727272727272727,0.0
37,COPOC,APS,0.13,0.8636363636363636,1.696969696969697,0.696969696969697,1.8888888888888888,3.0,4.659673659673659,0.25757575757575757,0.0
37,COPOC,APS,0.15000000000000002,0.8636363636363636,1.6818181818181819,0.6818181818181818,1.8888888888888888,3.0,4.116161616161616,0.25757575757575757,0.0
37,COPOC,APS,0.18000000000000005,0.8484848484848485,1.6515151515151516,0.6515151515151515,1.8,3.0,3.6818181818181808,0.2727272727272727,0.0
37,COPOC,APS,0.19999999999999996,0.8484848484848485,1.5757575757575757,0.5757575757575758,1.8,3.0,3.303030303030303,0.2727272727272727,0.0
37,COPOC,LAC,0.020000000000000018,0.9848484848484849,3.772727272727273,2.772727272727273,1.0,1.0,4.287878787878786,0.015151515151515152,0.0
37,COPOC,LAC,0.030000000000000027,0.9848484848484849,3.772727272727273,2.772727272727273,1.0,1.0,3.7828282828282824,0.015151515151515152,0.0
37,COPOC,LAC,0.050000000000000044,0.9242424242424242,2.3484848484848486,1.3484848484848484,2.2,3.0,8.01515151515151,0.16666666666666666,0.0
37,COPOC,LAC,0.07999999999999996,0.9090909090909091,1.893939393939394,0.8939393939393939,2.3333333333333335,3.0,6.196969696969701,0.21212121212121213,0.0
37,COPOC,LAC,0.09999999999999998,0.9090909090909091,1.878787878787879,0.8787878787878788,2.3333333333333335,3.0,5.121212121212122,0.21212121212121213,0.0
37,COPOC,LAC,0.13,0.8636363636363636,1.7424242424242424,0.7424242424242424,1.8888888888888888,3.0,4.705128205128204,0.25757575757575757,0.0
37,COPOC,LAC,0.15000000000000002,0.8636363636363636,1.7121212121212122,0.7121212121212122,1.8888888888888888,3.0,4.146464646464646,0.25757575757575757,0.0
37,COPOC,LAC,0.18000000000000005,0.8636363636363636,1.7121212121212122,0.7121212121212122,1.8888888888888888,3.0,3.5740740740740735,0.25757575757575757,0.0
37,COPOC,LAC,0.19999999999999996,0.8484848484848485,1.621212121212121,0.6212121212121212,1.8,3.0,3.3484848484848486,0.2727272727272727,0.0
38,COPOC,min-CPS,0.020000000000000018,0.9848484848484849,3.909090909090909,2.909090909090909,1.0,1.0,4.424242424242422,0.015151515151515152,0.0
38,COPOC,min-CPS,0.030000000000000027,0.9696969696969697,3.0757575757575757,2.0757575757575757,2.0,3.0,6.116161616161613,0.06060606060606061,0.0
38,COPOC,min-CPS,0.050000000000000044,0.9393939393939394,2.787878787878788,1.7878787878787878,1.75,3.0,6.030303030303027,0.10606060606060606,0.0
38,COPOC,min-CPS,0.07999999999999996,0.803030303030303,1.8636363636363635,0.8636363636363636,1.5384615384615385,3.0,8.439393939393943,0.30303030303030304,0.0
38,COPOC,min-CPS,0.09999999999999998,0.803030303030303,1.8333333333333333,0.8333333333333334,1.5384615384615385,3.0,6.893939393939395,0.30303030303030304,0.0
38,COPOC,min-CPS,0.13,0.7121212121212122,1.5909090909090908,0.5909090909090909,1.4210526315789473,3.0,6.884615384615384,0.4090909090909091,0.0
38,COPOC,min-CPS,0.15000000000000002,0.6060606060606061,1.2727272727272727,0.2727272727272727,1.3846153846153846,3.0,7.545454545454545,0.5454545454545454,0.0
38,COPOC,min-CPS,0.18000000000000005,0.5909090909090909,1.1515151515151516,0.15151515151515152,1.4814814814814814,3.0,6.885521885521884,0.6060606060606061,0.0
38,COPOC,min-CPS,0.19999999999999996,0.5909090909090909,1.1515151515151516,0.15151515151515152,1.4814814814814814,3.0,6.212121212121214,0.6060606060606061,0.0
38,COPOC,RPS,0.020000000000000018,0.9848484848484849,3.9696969696969697,2.9696969696969697,1.0,1.0,4.4848484848484835,0.015151515151515152,0.0
38,COPOC,RPS,0.030000000000000027,0.9848484848484849,3.9696969696969697,2.9696969696969697,1.0,1.0,3.9797979797979792,0.015151515151515152,0.0
38,COPOC,RPS,0.050000000000000044,0.9393939393939394,3.1818181818181817,2.1818181818181817,1.5,2.0,5.818181818181815,0.09090909090909091,0.0
38,COPOC,RPS,0.07999999999999996,0.803030303030303,2.621212121212121,1.621212121212121,1.2307692307692308,2.0,7.681818181818185,0.24242424242424243,0.0
38,COPOC,RPS,0.09999999999999998,0.7878787878787878,2.606060606060606,1.606060606060606,1.2142857142857142,2.0,6.757575757575758,0.25757575757575757,0.0
38,COPOC,RPS,0.13,0.7727272727272727,1.878787878787879,0.8787878787878788,1.4,3.0,5.773892773892773,0.3181818181818182,0.0
38,COPOC,RPS,0.15000000000000002,0.7272727272727273,1.5757575757575757,0.5757575757575758,1.3888888888888888,3.0,5.626262626262625,0.3787878787878788,0.0
38,COPOC,RPS,0.18000000000000005,0.6363636363636364,1.3636363636363635,0.36363636363636365,1.375,3.0,5.919191919191919,0.5,0.0
38,COPOC,RPS,0.19999999999999996,0.5909090909090909,1.0909090909090908,0.09090909090909091,1.5555555555555556,3.0,6.454545454545456,0.6363636363636364,0.0
38,COPOC,OCDF,0.020000000000000018,0.9848484848484849,3.984848484848485,2.984848484848485,1.0,1.0,4.499999999999998,0.015151515151515152,0.0
38,COPOC,OCDF,0.030000000000000027,0.9848484848484849,3.984848484848485,2.984848484848485,1.0,1.0,3.9949494949494944,0.015151515151515152,0.0
38,COPOC,OCDF,0.050000000000000044,0.9393939393939394,3.242424242424242,2.242424242424242,2.0,3.0,7.090909090909086,0.12121212121212122,0.0
38,COPOC,OCDF,0.07999999999999996,0.8939393939393939,2.6818181818181817,1.6818181818181819,2.0,3.0,6.984848484848488,0.21212121212121213,0.0
38,COPOC,OCDF,0.09999999999999998,0.8939393939393939,2.6515151515151514,1.6515151515151516,2.0,3.0,5.893939393939394,0.21212121212121213,0.0
38,COPOC,OCDF,0.13,0.8181818181818182,2.484848484848485,1.4848484848484849,1.6666666666666667,3.0,6.146853146853147,0.30303030303030304,0.0
38,COPOC,OCDF,0.15000000000000002,0.7575757575757576,2.393939393939394,1.393939393939394,1.5625,3.0,6.444444444444443,0.3787878787878788,0.0
38,COPOC,OCDF,0.18000000000000005,0.7272727272727273,2.3181818181818183,1.3181818181818181,1.5555555555555556,3.0,6.031986531986532,0.42424242424242425,0.0
38,COPOC,OCDF,0.19999999999999996,0.696969696969697,2.1666666666666665,1.1666666666666667,1.7,3.0,6.318181818181819,0.5151515151515151,0.0
38,COPOC,APS,0.020000000000000018,0.9848484848484849,3.8181818181818183,2.8181818181818183,1.0,1.0,4.333333333333331,0.015151515151515152,0.0
38,COPOC,APS,0.030000000000000027,0.9848484848484849,3.8181818181818183,2.8181818181818183,1.0,1.0,3.828282828282828,0.015151515151515152,0.0
38,COPOC,APS,0.050000000000000044,0.9393939393939394,2.757575757575758,1.7575757575757576,1.5,3.0,5.393939393939391,0.09090909090909091,0.0
38,COPOC,APS,0.07999999999999996,0.8333333333333334,2.272727272727273,1.2727272727272727,1.3636363636363635,3.0,6.954545454545458,0.22727272727272727,0.0
38,COPOC,APS,0.09999999999999998,0.8333333333333334,2.0303030303030303,1.0303030303030303,1.5454545454545454,3.0,6.1818181818181825,0.25757575757575757,0.0
38,COPOC,APS,0.13,0.8181818181818182,1.8484848484848484,0.8484848484848485,1.5833333333333333,3.0,5.277389277389276,0.2878787878787879,0.0
38,COPOC,APS,0.15000000000000002,0.7575757575757576,1.6515151515151516,0.6515151515151515,1.5,3.0,5.499999999999999,0.36363636363636365,0.0
38,COPOC,APS,0.18000000000000005,0.7272727272727273,1.5909090909090908,0.5909090909090909,1.4444444444444444,3.0,4.968013468013467,0.3939393939393939,0.0
38,COPOC,APS,0.19999999999999996,0.6212121212121212,1.378787878787879,0.4090909090909091,1.6,3.0,6.31818181818182,0.6060606060606061,0.0
38,COPOC,LAC,0.020000000000000018,0.9848484848484849,3.893939393939394,2.893939393939394,1.0,1.0,4.409090909090907,0.015151515151515152,0.0
38,COPOC,LAC,0.030000000000000027,0.9848484848484849,3.893939393939394,2.893939393939394,1.0,1.0,3.9040404040404035,0.015151515151515152,0.0
38,COPOC,LAC,0.050000000000000044,0.9545454545454546,2.787878787878788,1.7878787878787878,2.3333333333333335,3.0,6.030303030303027,0.10606060606060606,0.0
38,COPOC,LAC,0.07999999999999996,0.7878787878787878,1.7727272727272727,0.7727272727272727,1.5,3.0,8.72727272727273,0.3181818181818182,0.0
38,COPOC,LAC,0.09999999999999998,0.7878787878787878,1.7424242424242424,0.7424242424242424,1.5,3.0,7.106060606060608,0.3181818181818182,0.0
38,COPOC,LAC,0.13,0.7121212121212122,1.5909090909090908,0.5909090909090909,1.4210526315789473,3.0,6.884615384615384,0.4090909090909091,0.0
38,COPOC,LAC,0.15000000000000002,0.7121212121212122,1.5909090909090908,0.5909090909090909,1.4210526315789473,3.0,6.045454545454546,0.4090909090909091,0.0
38,COPOC,LAC,0.18000000000000005,0.6060606060606061,1.2424242424242424,0.24242424242424243,1.4230769230769231,3.0,6.471380471380471,0.5606060606060606,0.0
38,COPOC,LAC,0.19999999999999996,0.5909090909090909,1.0757575757575757,0.07575757575757576,1.6296296296296295,3.0,6.742424242424244,0.6666666666666666,0.0
39,COPOC,min-CPS,0.020000000000000018,0.9848484848484849,3.893939393939394,2.893939393939394,1.0,1.0,4.409090909090907,0.015151515151515152,0.0
39,COPOC,min-CPS,0.030000000000000027,0.8939393939393939,2.3333333333333335,1.3333333333333333,1.7142857142857142,3.0,13.454545454545444,0.18181818181818182,0.0
39,COPOC,min-CPS,0.050000000000000044,0.8939393939393939,2.0757575757575757,1.0757575757575757,2.142857142857143,3.0,10.166666666666657,0.22727272727272727,0.0
39,COPOC,min-CPS,0.07999999999999996,0.8787878787878788,1.9090909090909092,0.9090909090909091,2.125,3.0,7.348484848484852,0.25757575757575757,0.0
39,COPOC,min-CPS,0.09999999999999998,0.8484848484848485,1.8484848484848484,0.8484848484848485,1.9,3.0,6.606060606060608,0.2878787878787879,0.0
39,COPOC,min-CPS,0.13,0.8333333333333334,1.7575757575757576,0.7575757575757576,1.8181818181818181,3.0,5.419580419580418,0.30303030303030304,0.0
39,COPOC,min-CPS,0.15000000000000002,0.8484848484848485,1.6818181818181819,0.6818181818181818,1.9,3.0,4.520202020202021,0.2878787878787879,0.0
39,COPOC,min-CPS,0.18000000000000005,0.7878787878787878,1.5757575757575757,0.5757575757575758,1.6428571428571428,3.0,4.447811447811447,0.3484848484848485,0.0
39,COPOC,min-CPS,0.19999999999999996,0.7727272727272727,1.5303030303030303,0.5303030303030303,1.6,3.0,4.166666666666668,0.36363636363636365,0.0
39,COPOC,RPS,0.020000000000000018,0.9848484848484849,3.9545454545454546,2.9545454545454546,1.0,1.0,4.469696969696968,0.015151515151515152,0.0
39,COPOC,RPS,0.030000000000000027,0.9848484848484849,3.9545454545454546,2.9545454545454546,1.0,1.0,3.964646464646464,0.015151515151515152,0.0
39,COPOC,RPS,0.050000000000000044,0.9090909090909091,2.878787878787879,1.878787878787879,1.5,2.0,7.333333333333329,0.13636363636363635,0.0
39,COPOC,RPS,0.07999999999999996,0.8939393939393939,2.757575757575758,1.7575757575757576,1.4285714285714286,2.0,5.545454545454548,0.15151515151515152,0.0
39,COPOC,RPS,0.09999999999999998,0.8484848484848485,2.590909090909091,1.5909090909090908,1.3,2.0,5.53030303030303,0.19696969696969696,0.0
39,COPOC,RPS,0.13,0.8333333333333334,2.5606060606060606,1.5606060606060606,1.2727272727272727,2.0,4.824009324009324,0.21212121212121213,0.0
39,COPOC,RPS,0.15000000000000002,0.8333333333333334,2.5454545454545454,1.5454545454545454,1.2727272727272727,2.0,4.373737373737373,0.21212121212121213,0.0
39,COPOC,RPS,0.18000000000000005,0.7878787878787878,1.5151515151515151,0.5151515151515151,1.6428571428571428,3.0,4.387205387205386,0.3484848484848485,0.0
39,COPOC,RPS,0.19999999999999996,0.7878787878787878,1.5151515151515151,0.5151515151515151,1.6428571428571428,3.0,4.000000000000001,0.3484848484848485,0.0
39,COPOC,OCDF,0.020000000000000018,0.9848484848484849,3.9545454545454546,2.9545454545454546,1.0,1.0,4.469696969696968,0.015151515151515152,0.0
39,COPOC,OCDF,0.030000000000000027,0.9848484848484849,3.9545454545454546,2.9545454545454546,1.0,1.0,3.964646464646464,0.015151515151515152,0.0
39,COPOC,OCDF,0.050000000000000044,0.8636363636363636,2.590909090909091,1.5909090909090908,2.0,3.0,12.49999999999999,0.2727272727272727,0.0
39,COPOC,OCDF,0.07999999999999996,0.8636363636363636,2.5606060606060606,1.5606060606060606,2.0,3.0,8.378787878787882,0.2727272727272727,0.0
39,COPOC,OCDF,0.09999999999999998,0.8636363636363636,2.5606060606060606,1.5606060606060606,2.0,3.0,7.0151515151515165,0.2727272727272727,0.0
39,COPOC,OCDF,0.13,0.8181818181818182,2.4545454545454546,1.4545454545454546,1.75,3.0,6.349650349650348,0.3181818181818182,0.0
39,COPOC,OCDF,0.15000000000000002,0.8181818181818182,2.393939393939394,1.393939393939394,1.8333333333333333,3.0,5.838383838383838,0.3333333333333333,0.0
39,COPOC,OCDF,0.18000000000000005,0.8181818181818182,2.3636363636363638,1.3636363636363635,1.8333333333333333,3.0,5.067340067340066,0.3333333333333333,0.0
39,COPOC,OCDF,0.19999999999999996,0.7424242424242424,2.196969696969697,1.196969696969697,1.7058823529411764,3.0,5.590909090909092,0.4393939393939394,0.0
39,COPOC,APS,0.020000000000000018,0.9848484848484849,3.8333333333333335,2.8333333333333335,1.0,1.0,4.348484848484847,0.015151515151515152,0.0
39,COPOC,APS,0.030000000000000027,0.9848484848484849,3.8333333333333335,2.8333333333333335,1.0,1.0,3.843434343434343,0.015151515151515152,0.0
39,COPOC,APS,0.050000000000000044,0.8939393939393939,2.227272727272727,1.2272727272727273,1.7142857142857142,3.0,8.499999999999993,0.18181818181818182,0.0
39,COPOC,APS,0.07999999999999996,0.8787878787878788,1.9393939393939394,0.9393939393939394,2.0,3.0,7.0000000000000036,0.24242424242424243,0.0
39,COPOC,APS,0.09999999999999998,0.8787878787878788,1.9090909090909092,0.9090909090909091,2.0,3.0,5.757575757575759,0.24242424242424243,0.0
39,COPOC,APS,0.13,0.8787878787878788,1.8333333333333333,0.8333333333333334,2.125,3.0,4.796037296037296,0.25757575757575757,0.0
39,COPOC,APS,0.15000000000000002,0.8636363636363636,1.7575757575757576,0.7575757575757576,2.0,3.0,4.393939393939394,0.2727272727272727,0.0
39,COPOC,APS,0.18000000000000005,0.8333333333333334,1.6363636363636365,0.6363636363636364,1.8181818181818181,3.0,4.003367003367003,0.30303030303030304,0.0
39,COPOC,APS,0.19999999999999996,0.8181818181818182,1.621212121212121,0.6212121212121212,1.75,3.0,3.803030303030304,0.3181818181818182,0.0
39,COPOC,LAC,0.020000000000000018,0.9848484848484849,3.878787878787879,2.878787878787879,1.0,1.0,4.393939393939392,0.015151515151515152,0.0
39,COPOC,LAC,0.030000000000000027,0.9848484848484849,3.878787878787879,2.878787878787879,1.0,1.0,3.8888888888888884,0.015151515151515152,0.0
39,COPOC,LAC,0.050000000000000044,0.8939393939393939,2.0303030303030303,1.0303030303030303,2.2857142857142856,3.0,10.727272727272718,0.24242424242424243,0.0
39,COPOC,LAC,0.07999999999999996,0.8636363636363636,1.8484848484848484,0.8484848484848485,2.0,3.0,7.6666666666666705,0.2727272727272727,0.0
39,COPOC,LAC,0.09999999999999998,0.8484848484848485,1.7878787878787878,0.7878787878787878,1.9,3.0,6.545454545454547,0.2878787878787879,0.0
39,COPOC,LAC,0.13,0.8484848484848485,1.7424242424242424,0.7424242424242424,1.9,3.0,5.171328671328671,0.2878787878787879,0.0
39,COPOC,LAC,0.15000000000000002,0.8333333333333334,1.7121212121212122,0.7121212121212122,1.8181818181818181,3.0,4.752525252525252,0.30303030303030304,0.0
39,COPOC,LAC,0.18000000000000005,0.8181818181818182,1.6363636363636365,0.6363636363636364,1.75,3.0,4.17171717171717,0.3181818181818182,0.0
39,COPOC,LAC,0.19999999999999996,0.803030303030303,1.621212121212121,0.6212121212121212,1.6923076923076923,3.0,3.9545454545454555,0.3333333333333333,0.0
40,COPOC,min-CPS,0.020000000000000018,0.9848484848484849,3.772727272727273,2.772727272727273,1.0,1.0,4.287878787878786,0.015151515151515152,0.0
40,COPOC,min-CPS,0.030000000000000027,0.8939393939393939,2.196969696969697,1.196969696969697,1.7142857142857142,3.0,13.318181818181808,0.18181818181818182,0.0
40,COPOC,min-CPS,0.050000000000000044,0.8939393939393939,1.9090909090909092,0.9090909090909091,2.142857142857143,3.0,9.999999999999991,0.22727272727272727,0.0
40,COPOC,min-CPS,0.07999999999999996,0.8787878787878788,1.7878787878787878,0.7878787878787878,2.125,3.0,7.227272727272731,0.25757575757575757,0.0
40,COPOC,min-CPS,0.09999999999999998,0.8636363636363636,1.7575757575757576,0.7575757575757576,2.0,3.0,6.212121212121214,0.2727272727272727,0.0
40,COPOC,min-CPS,0.13,0.8333333333333334,1.6515151515151516,0.6515151515151515,1.8181818181818181,3.0,5.313519813519813,0.30303030303030304,0.0
40,COPOC,min-CPS,0.15000000000000002,0.803030303030303,1.4848484848484849,0.48484848484848486,1.6923076923076923,3.0,4.929292929292929,0.3333333333333333,0.0
40,COPOC,min-CPS,0.18000000000000005,0.7727272727272727,1.4393939393939394,0.4393939393939394,1.6,3.0,4.479797979797979,0.36363636363636365,0.0
40,COPOC,min-CPS,0.19999999999999996,0.7727272727272727,1.378787878787879,0.3787878787878788,1.6,3.0,4.015151515151516,0.36363636363636365,0.0
40,COPOC,RPS,0.020000000000000018,0.9848484848484849,3.909090909090909,2.909090909090909,1.0,1.0,4.424242424242422,0.015151515151515152,0.0
40,COPOC,RPS,0.030000000000000027,0.9848484848484849,3.909090909090909,2.909090909090909,1.0,1.0,3.9191919191919187,0.015151515151515152,0.0
40,COPOC,RPS,0.050000000000000044,0.9090909090909091,2.772727272727273,1.7727272727272727,1.5,2.0,7.227272727272722,0.13636363636363635,0.0
40,COPOC,RPS,0.07999999999999996,0.9090909090909091,2.696969696969697,1.696969696969697,1.5,2.0,5.106060606060608,0.13636363636363635,0.0
40,COPOC,RPS,0.09999999999999998,0.8636363636363636,2.590909090909091,1.5909090909090908,1.3333333333333333,2.0,5.2272727272727275,0.18181818181818182,0.0
40,COPOC,RPS,0.13,0.8636363636363636,2.5757575757575757,1.5757575757575757,1.3333333333333333,2.0,4.372960372960373,0.18181818181818182,0.0
40,COPOC,RPS,0.15000000000000002,0.8636363636363636,2.5757575757575757,1.5757575757575757,1.3333333333333333,2.0,3.999999999999999,0.18181818181818182,0.0
40,COPOC,RPS,0.18000000000000005,0.8636363636363636,2.5606060606060606,1.5606060606060606,1.3333333333333333,2.0,3.58080808080808,0.18181818181818182,0.0
40,COPOC,RPS,0.19999999999999996,0.803030303030303,1.4393939393939394,0.4393939393939394,1.6923076923076923,3.0,3.7727272727272734,0.3333333333333333,0.0
40,COPOC,OCDF,0.020000000000000018,0.9848484848484849,3.893939393939394,2.893939393939394,1.0,1.0,4.409090909090907,0.015151515151515152,0.0
40,COPOC,OCDF,0.030000000000000027,0.9848484848484849,3.893939393939394,2.893939393939394,1.0,1.0,3.9040404040404035,0.015151515151515152,0.0
40,COPOC,OCDF,0.050000000000000044,0.9090909090909091,2.727272727272727,1.7272727272727273,2.5,3.0,10.818181818181811,0.22727272727272727,0.0
40,COPOC,OCDF,0.07999999999999996,0.8939393939393939,2.590909090909091,1.5909090909090908,2.2857142857142856,3.0,7.651515151515155,0.24242424242424243,0.0
40,COPOC,OCDF,0.09999999999999998,0.8787878787878788,2.5303030303030303,1.5303030303030303,2.125,3.0,6.681818181818183,0.25757575757575757,0.0
40,COPOC,OCDF,0.13,0.8636363636363636,2.515151515151515,1.5151515151515151,2.0,3.0,5.71095571095571,0.2727272727272727,0.0
40,COPOC,OCDF,0.15000000000000002,0.8636363636363636,2.5,1.5,2.0,3.0,5.136363636363636,0.2727272727272727,0.0
40,COPOC,OCDF,0.18000000000000005,0.8484848484848485,2.409090909090909,1.4090909090909092,1.9,3.0,4.607744107744107,0.2878787878787879,0.0
40,COPOC,OCDF,0.19999999999999996,0.8484848484848485,2.393939393939394,1.393939393939394,1.9,3.0,4.272727272727273,0.2878787878787879,0.0
40,COPOC,APS,0.020000000000000018,0.9848484848484849,3.6515151515151514,2.6515151515151514,1.0,1.0,4.166666666666665,0.015151515151515152,0.0
40,COPOC,APS,0.030000000000000027,0.9848484848484849,3.6515151515151514,2.6515151515151514,1.0,1.0,3.661616161616161,0.015151515151515152,0.0
40,COPOC,APS,0.050000000000000044,0.8787878787878788,2.121212121212121,1.121212121212121,1.625,3.0,8.999999999999993,0.19696969696969696,0.0
40,COPOC,APS,0.07999999999999996,0.8333333333333334,1.7424242424242424,0.7424242424242424,1.7272727272727273,3.0,7.939393939393943,0.2878787878787879,0.0
40,COPOC,APS,0.09999999999999998,0.8333333333333334,1.7272727272727273,0.7272727272727273,1.7272727272727273,3.0,6.484848484848486,0.2878787878787879,0.0
40,COPOC,APS,0.13,0.7878787878787878,1.6515151515151516,0.6515151515151515,1.6428571428571428,3.0,6.012820512820512,0.3484848484848485,0.0
40,COPOC,APS,0.15000000000000002,0.7575757575757576,1.4848484848484849,0.48484848484848486,1.5625,3.0,5.5353535353535355,0.3787878787878788,0.0
40,COPOC,APS,0.18000000000000005,0.7272727272727273,1.4090909090909092,0.42424242424242425,1.6111111111111112,3.0,5.306397306397305,0.4393939393939394,0.0
40,COPOC,APS,0.19999999999999996,0.696969696969697,1.3181818181818181,0.36363636363636365,1.65,3.0,4.90909090909091,0.5,0.0
40,COPOC,LAC,0.020000000000000018,0.9848484848484849,3.727272727272727,2.727272727272727,1.0,1.0,4.24242424242424,0.015151515151515152,0.0
40,COPOC,LAC,0.030000000000000027,0.9848484848484849,3.727272727272727,2.727272727272727,1.0,1.0,3.737373737373737,0.015151515151515152,0.0
40,COPOC,LAC,0.050000000000000044,0.8939393939393939,1.878787878787879,0.8787878787878788,2.2857142857142856,3.0,10.575757575757567,0.24242424242424243,0.0
40,COPOC,LAC,0.07999999999999996,0.8787878787878788,1.7575757575757576,0.7575757575757576,2.125,3.0,7.196969696969701,0.25757575757575757,0.0
40,COPOC,LAC,0.09999999999999998,0.8787878787878788,1.7424242424242424,0.7424242424242424,2.125,3.0,5.893939393939395,0.25757575757575757,0.0
40,COPOC,LAC,0.13,0.8181818181818182,1.5909090909090908,0.5909090909090909,1.75,3.0,5.486013986013986,0.3181818181818182,0.0
40,COPOC,LAC,0.15000000000000002,0.8181818181818182,1.5909090909090908,0.5909090909090909,1.75,3.0,4.833333333333333,0.3181818181818182,0.0
40,COPOC,LAC,0.18000000000000005,0.7727272727272727,1.4696969696969697,0.4696969696969697,1.6,3.0,4.510101010101009,0.36363636363636365,0.0
40,COPOC,LAC,0.19999999999999996,0.7575757575757576,1.3333333333333333,0.3333333333333333,1.5625,3.0,4.121212121212122,0.3787878787878788,0.0
41,COPOC,min-CPS,0.020000000000000018,0.9848484848484849,3.878787878787879,2.878787878787879,1.0,1.0,4.393939393939392,0.015151515151515152,0.0
41,COPOC,min-CPS,0.030000000000000027,0.9696969696969697,2.984848484848485,1.9848484848484849,2.0,3.0,6.025252525252522,0.06060606060606061,0.0
41,COPOC,min-CPS,0.050000000000000044,0.9242424242424242,2.5,1.5,1.8,3.0,6.95454545454545,0.13636363636363635,0.0
41,COPOC,min-CPS,0.07999999999999996,0.9242424242424242,2.0303030303030303,1.0303030303030303,2.2,3.0,5.1969696969697,0.16666666666666666,0.0
41,COPOC,min-CPS,0.09999999999999998,0.9242424242424242,2.0303030303030303,1.0303030303030303,2.2,3.0,4.363636363636364,0.16666666666666666,0.0
41,COPOC,min-CPS,0.13,0.9090909090909091,1.8484848484848484,0.8484848484848485,2.1666666666666665,3.0,3.878787878787879,0.19696969696969696,0.0
41,COPOC,min-CPS,0.15000000000000002,0.8787878787878788,1.7575757575757576,0.7575757575757576,1.875,3.0,3.787878787878788,0.22727272727272727,0.0
41,COPOC,min-CPS,0.18000000000000005,0.8484848484848485,1.5606060606060606,0.5606060606060606,1.7,3.0,3.422558922558922,0.25757575757575757,0.0
41,COPOC,min-CPS,0.19999999999999996,0.8484848484848485,1.5606060606060606,0.5606060606060606,1.7,3.0,3.136363636363637,0.25757575757575757,0.0
41,COPOC,RPS,0.020000000000000018,0.9848484848484849,3.9545454545454546,2.9545454545454546,1.0,1.0,4.469696969696968,0.015151515151515152,0.0
41,COPOC,RPS,0.030000000000000027,0.9848484848484849,3.9545454545454546,2.9545454545454546,1.0,1.0,3.964646464646464,0.015151515151515152,0.0
41,COPOC,RPS,0.050000000000000044,0.9393939393939394,3.121212121212121,2.121212121212121,1.5,2.0,5.757575757575754,0.09090909090909091,0.0
41,COPOC,RPS,0.07999999999999996,0.9242424242424242,2.742424242424242,1.7424242424242424,1.6,2.0,4.772727272727274,0.12121212121212122,0.0
41,COPOC,RPS,0.09999999999999998,0.9090909090909091,2.6818181818181817,1.6818181818181819,1.5,2.0,4.40909090909091,0.13636363636363635,0.0
41,COPOC,RPS,0.13,0.9090909090909091,2.6363636363636362,1.6363636363636365,1.5,2.0,3.734265734265734,0.13636363636363635,0.0
41,COPOC,RPS,0.15000000000000002,0.9090909090909091,2.606060606060606,1.606060606060606,1.5,2.0,3.4242424242424243,0.13636363636363635,0.0
41,COPOC,RPS,0.18000000000000005,0.8787878787878788,2.5606060606060606,1.5606060606060606,1.375,2.0,3.4124579124579117,0.16666666666666666,0.0
41,COPOC,RPS,0.19999999999999996,0.8787878787878788,2.5606060606060606,1.5606060606060606,1.375,2.0,3.227272727272727,0.16666666666666666,0.0
41,COPOC,OCDF,0.020000000000000018,0.9848484848484849,3.9696969696969697,2.9696969696969697,1.0,1.0,4.4848484848484835,0.015151515151515152,0.0
41,COPOC,OCDF,0.030000000000000027,0.9848484848484849,3.9696969696969697,2.9696969696969697,1.0,1.0,3.9797979797979792,0.015151515151515152,0.0
41,COPOC,OCDF,0.050000000000000044,0.9393939393939394,3.1818181818181817,2.1818181818181817,2.0,3.0,7.030303030303026,0.12121212121212122,0.0
41,COPOC,OCDF,0.07999999999999996,0.9242424242424242,2.6515151515151514,1.6515151515151516,2.4,3.0,6.1969696969697,0.18181818181818182,0.0
41,COPOC,OCDF,0.09999999999999998,0.9242424242424242,2.6363636363636362,1.6363636363636365,2.4,3.0,5.272727272727273,0.18181818181818182,0.0
41,COPOC,OCDF,0.13,0.8181818181818182,2.4393939393939394,1.4393939393939394,1.5833333333333333,3.0,5.868298368298368,0.2878787878787879,0.0
41,COPOC,OCDF,0.15000000000000002,0.7878787878787878,2.3333333333333335,1.3333333333333333,1.5714285714285714,3.0,5.777777777777778,0.3333333333333333,0.0
41,COPOC,OCDF,0.18000000000000005,0.7727272727272727,2.272727272727273,1.2727272727272727,1.5333333333333334,3.0,5.1447811447811445,0.3484848484848485,0.0
41,COPOC,OCDF,0.19999999999999996,0.7575757575757576,2.257575757575758,1.2575757575757576,1.5,3.0,4.893939393939394,0.36363636363636365,0.0
41,COPOC,APS,0.020000000000000018,1.0,3.787878787878788,2.787878787878788,,0.0,2.787878787878788,0.0,0.0
41,COPOC,APS,0.030000000000000027,1.0,3.787878787878788,2.787878787878788,,0.0,2.787878787878788,0.0,0.0
41,COPOC,APS,0.050000000000000044,0.9393939393939394,2.757575757575758,1.7575757575757576,1.5,3.0,5.393939393939391,0.09090909090909091,0.0
41,COPOC,APS,0.07999999999999996,0.9393939393939394,2.4545454545454546,1.4545454545454546,2.0,3.0,4.484848484848486,0.12121212121212122,0.0
41,COPOC,APS,0.09999999999999998,0.9393939393939394,2.409090909090909,1.4090909090909092,2.0,3.0,3.8333333333333335,0.12121212121212122,0.0
41,COPOC,APS,0.13,0.9090909090909091,1.9696969696969697,0.9696969696969697,2.0,3.0,3.7668997668997664,0.18181818181818182,0.0
41,COPOC,APS,0.15000000000000002,0.9090909090909091,1.9090909090909092,0.9090909090909091,2.0,3.0,3.3333333333333335,0.18181818181818182,0.0
41,COPOC,APS,0.18000000000000005,0.8939393939393939,1.7575757575757576,0.7575757575757576,2.0,3.0,3.1144781144781137,0.21212121212121213,0.0
41,COPOC,APS,0.19999999999999996,0.8787878787878788,1.6818181818181819,0.6818181818181818,1.875,3.0,2.954545454545455,0.22727272727272727,0.0
41,COPOC,LAC,0.020000000000000018,0.9848484848484849,3.878787878787879,2.878787878787879,1.0,1.0,4.393939393939392,0.015151515151515152,0.0
41,COPOC,LAC,0.030000000000000027,0.9848484848484849,3.878787878787879,2.878787878787879,1.0,1.0,3.8888888888888884,0.015151515151515152,0.0
41,COPOC,LAC,0.050000000000000044,0.9242424242424242,2.484848484848485,1.4848484848484849,2.0,3.0,7.5454545454545405,0.15151515151515152,0.0
41,COPOC,LAC,0.07999999999999996,0.9242424242424242,1.9848484848484849,0.9848484848484849,2.4,3.0,5.530303030303033,0.18181818181818182,0.0
41,COPOC,LAC,0.09999999999999998,0.9242424242424242,1.9242424242424243,0.9242424242424242,2.4,3.0,4.560606060606061,0.18181818181818182,0.0
41,COPOC,LAC,0.13,0.8939393939393939,1.8333333333333333,0.8333333333333334,2.0,3.0,4.096736596736596,0.21212121212121213,0.0
41,COPOC,LAC,0.15000000000000002,0.8939393939393939,1.7727272727272727,0.7727272727272727,2.0,3.0,3.6010101010101008,0.21212121212121213,0.0
41,COPOC,LAC,0.18000000000000005,0.8787878787878788,1.7121212121212122,0.7121212121212122,1.875,3.0,3.237373737373737,0.22727272727272727,0.0
41,COPOC,LAC,0.19999999999999996,0.8181818181818182,1.5303030303030303,0.5303030303030303,1.5833333333333333,3.0,3.40909090909091,0.2878787878787879,0.0
42,COPOC,min-CPS,0.020000000000000018,0.9545454545454546,2.8484848484848486,1.8484848484848484,2.3333333333333335,3.0,12.454545454545446,0.10606060606060606,0.0
42,COPOC,min-CPS,0.030000000000000027,0.8939393939393939,2.409090909090909,1.4090909090909092,1.8571428571428572,3.0,14.54040404040403,0.19696969696969696,0.0
42,COPOC,min-CPS,0.050000000000000044,0.8787878787878788,2.106060606060606,1.106060606060606,2.125,3.0,11.409090909090901,0.25757575757575757,0.0
42,COPOC,min-CPS,0.07999999999999996,0.8181818181818182,1.8484848484848484,0.8484848484848485,1.8333333333333333,3.0,9.181818181818185,0.3333333333333333,0.0
42,COPOC,min-CPS,0.09999999999999998,0.8181818181818182,1.8333333333333333,0.8333333333333334,1.8333333333333333,3.0,7.500000000000002,0.3333333333333333,0.0
42,COPOC,min-CPS,0.13,0.803030303030303,1.7121212121212122,0.7121212121212122,1.7692307692307692,3.0,6.073426573426573,0.3484848484848485,0.0
42,COPOC,min-CPS,0.15000000000000002,0.8181818181818182,1.6666666666666667,0.6666666666666666,1.8333333333333333,3.0,5.111111111111111,0.3333333333333333,0.0
42,COPOC,min-CPS,0.18000000000000005,0.7878787878787878,1.5909090909090908,0.5909090909090909,1.7142857142857142,3.0,4.63131313131313,0.36363636363636365,0.0
42,COPOC,min-CPS,0.19999999999999996,0.7878787878787878,1.5303030303030303,0.5303030303030303,1.7142857142857142,3.0,4.166666666666668,0.36363636363636365,0.0
42,COPOC,RPS,0.020000000000000018,0.9242424242424242,3.272727272727273,2.272727272727273,1.4,2.0,12.87878787878787,0.10606060606060606,0.0
42,COPOC,RPS,0.030000000000000027,0.9242424242424242,3.272727272727273,2.272727272727273,1.4,2.0,9.343434343434337,0.10606060606060606,0.0
42,COPOC,RPS,0.050000000000000044,0.8787878787878788,2.8333333333333335,1.8333333333333333,1.5,2.0,9.106060606060598,0.18181818181818182,0.0
42,COPOC,RPS,0.07999999999999996,0.8333333333333334,2.696969696969697,1.696969696969697,1.3636363636363635,2.0,7.3787878787878824,0.22727272727272727,0.0
42,COPOC,RPS,0.09999999999999998,0.7727272727272727,2.5757575757575757,1.5757575757575757,1.2666666666666666,2.0,7.333333333333335,0.2878787878787879,0.0
42,COPOC,RPS,0.13,0.7424242424242424,1.5454545454545454,0.5454545454545454,1.588235294117647,3.0,6.839160839160838,0.4090909090909091,0.0
42,COPOC,RPS,0.15000000000000002,0.7424242424242424,1.5303030303030303,0.5303030303030303,1.588235294117647,3.0,5.984848484848484,0.4090909090909091,0.0
42,COPOC,RPS,0.18000000000000005,0.7424242424242424,1.5151515151515151,0.5151515151515151,1.588235294117647,3.0,5.06060606060606,0.4090909090909091,0.0
42,COPOC,RPS,0.19999999999999996,0.7424242424242424,1.4696969696969697,0.4696969696969697,1.588235294117647,3.0,4.560606060606061,0.4090909090909091,0.0
42,COPOC,OCDF,0.020000000000000018,0.9545454545454546,3.3333333333333335,2.3333333333333335,2.3333333333333335,3.0,12.93939393939393,0.10606060606060606,0.0
42,COPOC,OCDF,0.030000000000000027,0.9545454545454546,3.3333333333333335,2.3333333333333335,2.3333333333333335,3.0,9.404040404040398,0.10606060606060606,0.0
42,COPOC,OCDF,0.050000000000000044,0.8484848484848485,2.5,1.5,2.0,3.0,13.62121212121211,0.30303030303030304,0.0
42,COPOC,OCDF,0.07999999999999996,0.8181818181818182,2.4696969696969697,1.4696969696969697,1.8333333333333333,3.0,9.803030303030306,0.3333333333333333,0.0
42,COPOC,OCDF,0.09999999999999998,0.8181818181818182,2.4545454545454546,1.4545454545454546,1.8333333333333333,3.0,8.121212121212123,0.3333333333333333,0.0
42,COPOC,OCDF,0.13,0.7727272727272727,2.3333333333333335,1.3333333333333333,1.7333333333333334,3.0,7.393939393939393,0.3939393939393939,0.0
42,COPOC,OCDF,0.15000000000000002,0.7575757575757576,2.3181818181818183,1.3181818181818181,1.6875,3.0,6.772727272727272,0.4090909090909091,0.0
42,COPOC,OCDF,0.18000000000000005,0.7575757575757576,2.287878787878788,1.2878787878787878,1.75,3.0,6.001683501683501,0.42424242424242425,0.0
42,COPOC,OCDF,0.19999999999999996,0.7424242424242424,2.257575757575758,1.2575757575757576,1.7647058823529411,3.0,5.803030303030304,0.45454545454545453,0.0
42,COPOC,APS,0.020000000000000018,0.9696969696969697,3.212121212121212,2.212121212121212,2.5,3.0,9.787878787878782,0.07575757575757576,0.0
42,COPOC,APS,0.030000000000000027,0.9696969696969697,3.212121212121212,2.212121212121212,2.5,3.0,7.262626262626258,0.07575757575757576,0.0
42,COPOC,APS,0.050000000000000044,0.8484848484848485,2.0606060606060606,1.0606060606060606,1.8,3.0,11.96969696969696,0.2727272727272727,0.0
42,COPOC,APS,0.07999999999999996,0.8181818181818182,1.8636363636363635,0.8636363636363636,1.8333333333333333,3.0,9.196969696969703,0.3333333333333333,0.0
42,COPOC,APS,0.09999999999999998,0.803030303030303,1.8333333333333333,0.8333333333333334,1.7692307692307692,3.0,7.8030303030303045,0.3484848484848485,0.0
42,COPOC,APS,0.13,0.7727272727272727,1.6666666666666667,0.6818181818181818,1.6666666666666667,3.0,5.810023310023309,0.3787878787878788,0.0
42,COPOC,APS,0.15000000000000002,0.7727272727272727,1.6363636363636365,0.6515151515151515,1.6666666666666667,3.0,5.095959595959596,0.3787878787878788,0.0
42,COPOC,APS,0.18000000000000005,0.7424242424242424,1.5757575757575757,0.6060606060606061,1.7058823529411764,3.0,4.814814814814814,0.4393939393939394,0.0
42,COPOC,APS,0.19999999999999996,0.7424242424242424,1.5606060606060606,0.5909090909090909,1.7058823529411764,3.0,4.37878787878788,0.4393939393939394,0.0
42,COPOC,LAC,0.020000000000000018,0.9545454545454546,2.8333333333333335,1.8333333333333333,2.6666666666666665,3.0,13.954545454545444,0.12121212121212122,0.0
42,COPOC,LAC,0.030000000000000027,0.9545454545454546,2.8333333333333335,1.8333333333333333,2.6666666666666665,3.0,9.914141414141408,0.12121212121212122,0.0
42,COPOC,LAC,0.050000000000000044,0.8787878787878788,2.015151515151515,1.0151515151515151,2.25,3.0,11.924242424242413,0.2727272727272727,0.0
42,COPOC,LAC,0.07999999999999996,0.8333333333333334,1.8181818181818181,0.8181818181818182,1.9090909090909092,3.0,8.772727272727277,0.3181818181818182,0.0
42,COPOC,LAC,0.09999999999999998,0.8181818181818182,1.7878787878787878,0.7878787878787878,1.8333333333333333,3.0,7.454545454545456,0.3333333333333333,0.0
42,COPOC,LAC,0.13,0.803030303030303,1.7272727272727273,0.7272727272727273,1.7692307692307692,3.0,6.088578088578088,0.3484848484848485,0.0
42,COPOC,LAC,0.15000000000000002,0.803030303030303,1.6818181818181819,0.6818181818181818,1.7692307692307692,3.0,5.328282828282828,0.3484848484848485,0.0
42,COPOC,LAC,0.18000000000000005,0.803030303030303,1.6666666666666667,0.6666666666666666,1.7692307692307692,3.0,4.538720538720539,0.3484848484848485,0.0
42,COPOC,LAC,0.19999999999999996,0.7878787878787878,1.621212121212121,0.6212121212121212,1.7142857142857142,3.0,4.257575757575759,0.36363636363636365,0.0
43,COPOC,min-CPS,0.020000000000000018,1.0,3.803030303030303,2.803030303030303,,0.0,2.803030303030303,0.0,0.0
43,COPOC,min-CPS,0.030000000000000027,1.0,3.803030303030303,2.803030303030303,,0.0,2.803030303030303,0.0,0.0
43,COPOC,min-CPS,0.050000000000000044,0.9848484848484849,2.9393939393939394,1.9393939393939394,1.0,1.0,2.545454545454545,0.015151515151515152,0.0
43,COPOC,min-CPS,0.07999999999999996,0.9696969696969697,2.590909090909091,1.5909090909090908,1.5,2.0,2.727272727272728,0.045454545454545456,0.0
43,COPOC,min-CPS,0.09999999999999998,0.9696969696969697,2.515151515151515,1.5151515151515151,1.5,2.0,2.4242424242424243,0.045454545454545456,0.0
43,COPOC,min-CPS,0.13,0.9242424242424242,1.9848484848484849,0.9848484848484849,1.6,3.0,2.8496503496503496,0.12121212121212122,0.0
43,COPOC,min-CPS,0.15000000000000002,0.8333333333333334,1.7424242424242424,0.7424242424242424,1.2727272727272727,3.0,3.5707070707070705,0.21212121212121213,0.0
43,COPOC,min-CPS,0.18000000000000005,0.8484848484848485,1.6666666666666667,0.6666666666666666,1.3,3.0,2.8552188552188547,0.19696969696969696,0.0
43,COPOC,min-CPS,0.19999999999999996,0.8484848484848485,1.6666666666666667,0.6666666666666666,1.3,3.0,2.6363636363636367,0.19696969696969696,0.0
43,COPOC,RPS,0.020000000000000018,1.0,3.909090909090909,2.909090909090909,,0.0,2.909090909090909,0.0,0.0
43,COPOC,RPS,0.030000000000000027,1.0,3.909090909090909,2.909090909090909,,0.0,2.909090909090909,0.0,0.0
43,COPOC,RPS,0.050000000000000044,1.0,3.803030303030303,2.803030303030303,,0.0,2.803030303030303,0.0,0.0
43,COPOC,RPS,0.07999999999999996,0.9696969696969697,3.090909090909091,2.090909090909091,1.0,1.0,2.848484848484849,0.030303030303030304,0.0
43,COPOC,RPS,0.09999999999999998,0.9545454545454546,2.8484848484848486,1.8484848484848484,1.3333333333333333,2.0,3.0606060606060606,0.06060606060606061,0.0
43,COPOC,RPS,0.13,0.8787878787878788,2.6363636363636362,1.6363636363636365,1.125,2.0,3.734265734265734,0.13636363636363635,0.0
43,COPOC,RPS,0.15000000000000002,0.8181818181818182,2.5454545454545454,1.5454545454545454,1.0833333333333333,2.0,4.171717171717171,0.19696969696969696,0.0
43,COPOC,RPS,0.18000000000000005,0.8181818181818182,1.8181818181818181,0.8181818181818182,1.1666666666666667,2.0,3.1750841750841743,0.21212121212121213,0.0
43,COPOC,RPS,0.19999999999999996,0.803030303030303,1.621212121212121,0.6212121212121212,1.2307692307692308,3.0,3.045454545454546,0.24242424242424243,0.0
43,COPOC,OCDF,0.020000000000000018,1.0,3.893939393939394,2.893939393939394,,0.0,2.893939393939394,0.0,0.0
43,COPOC,OCDF,0.030000000000000027,1.0,3.893939393939394,2.893939393939394,,0.0,2.893939393939394,0.0,0.0
43,COPOC,OCDF,0.050000000000000044,0.9848484848484849,3.5454545454545454,2.5454545454545454,1.0,1.0,3.151515151515151,0.015151515151515152,0.0
43,COPOC,OCDF,0.07999999999999996,0.9696969696969697,3.257575757575758,2.257575757575758,1.5,2.0,3.393939393939395,0.045454545454545456,0.0
43,COPOC,OCDF,0.09999999999999998,0.9393939393939394,2.8181818181818183,1.8181818181818181,1.75,3.0,3.9393939393939394,0.10606060606060606,0.0
43,COPOC,OCDF,0.13,0.8333333333333334,2.5757575757575757,1.5757575757575757,1.3636363636363635,3.0,5.072261072261071,0.22727272727272727,0.0
43,COPOC,OCDF,0.15000000000000002,0.8181818181818182,2.5,1.5,1.4166666666666667,3.0,4.934343434343433,0.25757575757575757,0.0
43,COPOC,OCDF,0.18000000000000005,0.803030303030303,2.4545454545454546,1.4545454545454546,1.3846153846153846,3.0,4.484848484848484,0.2727272727272727,0.0
43,COPOC,OCDF,0.19999999999999996,0.803030303030303,2.409090909090909,1.4090909090909092,1.4615384615384615,3.0,4.287878787878788,0.2878787878787879,0.0
43,COPOC,APS,0.020000000000000018,1.0,3.787878787878788,2.787878787878788,,0.0,2.787878787878788,0.0,0.0
43,COPOC,APS,0.030000000000000027,1.0,3.787878787878788,2.787878787878788,,0.0,2.787878787878788,0.0,0.0
43,COPOC,APS,0.050000000000000044,0.9848484848484849,2.696969696969697,1.696969696969697,2.0,2.0,2.9090909090909083,0.030303030303030304,0.0
43,COPOC,APS,0.07999999999999996,0.9848484848484849,2.515151515151515,1.5151515151515151,2.0,2.0,2.2727272727272734,0.030303030303030304,0.0
43,COPOC,APS,0.09999999999999998,0.9848484848484849,2.4696969696969697,1.4696969696969697,2.0,2.0,2.0757575757575757,0.030303030303030304,0.0
43,COPOC,APS,0.13,0.9545454545454546,2.287878787878788,1.2878787878787878,1.3333333333333333,2.0,2.2202797202797204,0.06060606060606061,0.0
43,COPOC,APS,0.15000000000000002,0.9090909090909091,2.212121212121212,1.2121212121212122,1.1666666666666667,2.0,2.626262626262626,0.10606060606060606,0.0
43,COPOC,APS,0.18000000000000005,0.8333333333333334,1.7424242424242424,0.7424242424242424,1.2727272727272727,3.0,3.099326599326599,0.21212121212121213,0.0
43,COPOC,APS,0.19999999999999996,0.8181818181818182,1.6515151515151516,0.6515151515151515,1.25,3.0,2.9242424242424243,0.22727272727272727,0.0
43,COPOC,LAC,0.020000000000000018,1.0,3.772727272727273,2.772727272727273,,0.0,2.772727272727273,0.0,0.0
43,COPOC,LAC,0.030000000000000027,1.0,3.772727272727273,2.772727272727273,,0.0,2.772727272727273,0.0,0.0
43,COPOC,LAC,0.050000000000000044,0.9848484848484849,2.909090909090909,1.9090909090909092,2.0,2.0,3.12121212121212,0.030303030303030304,0.0
43,COPOC,LAC,0.07999999999999996,0.9848484848484849,2.606060606060606,1.606060606060606,2.0,2.0,2.363636363636364,0.030303030303030304,0.0
43,COPOC,LAC,0.09999999999999998,0.9696969696969697,2.5303030303030303,1.5303030303030303,1.5,2.0,2.4393939393939394,0.045454545454545456,0.0
43,COPOC,LAC,0.13,0.9090909090909091,1.9393939393939394,0.9393939393939394,1.5,3.0,3.0372960372960374,0.13636363636363635,0.0
43,COPOC,LAC,0.15000000000000002,0.8939393939393939,1.893939393939394,0.8939393939393939,1.4285714285714286,3.0,2.914141414141414,0.15151515151515152,0.0
43,COPOC,LAC,0.18000000000000005,0.8181818181818182,1.6515151515151516,0.6515151515151515,1.25,3.0,3.1767676767676756,0.22727272727272727,0.0
43,COPOC,LAC,0.19999999999999996,0.803030303030303,1.5909090909090908,0.5909090909090909,1.3076923076923077,3.0,3.166666666666667,0.25757575757575757,0.0
44,COPOC,min-CPS,0.020000000000000018,0.9848484848484849,3.742424242424242,2.742424242424242,1.0,1.0,4.257575757575756,0.015151515151515152,0.0
44,COPOC,min-CPS,0.030000000000000027,0.9848484848484849,2.8484848484848486,1.8484848484848484,3.0,3.0,4.878787878787876,0.045454545454545456,0.0
44,COPOC,min-CPS,0.050000000000000044,0.9848484848484849,2.757575757575758,1.7575757575757576,3.0,3.0,3.575757575757574,0.045454545454545456,0.0
44,COPOC,min-CPS,0.07999999999999996,0.9393939393939394,2.272727272727273,1.2727272727272727,1.75,3.0,3.924242424242426,0.10606060606060606,0.0
44,COPOC,min-CPS,0.09999999999999998,0.9393939393939394,2.0454545454545454,1.0454545454545454,2.25,3.0,3.7727272727272734,0.13636363636363635,0.0
44,COPOC,min-CPS,0.13,0.8787878787878788,1.8636363636363635,0.8636363636363636,1.625,3.0,3.893939393939394,0.19696969696969696,0.0
44,COPOC,min-CPS,0.15000000000000002,0.8636363636363636,1.7575757575757576,0.7575757575757576,1.5555555555555556,3.0,3.585858585858585,0.21212121212121213,0.0
44,COPOC,min-CPS,0.18000000000000005,0.7424242424242424,1.4393939393939394,0.4393939393939394,1.2941176470588236,3.0,4.143097643097642,0.3333333333333333,0.0
44,COPOC,min-CPS,0.19999999999999996,0.7424242424242424,1.4393939393939394,0.4393939393939394,1.2941176470588236,3.0,3.7727272727272734,0.3333333333333333,0.0
44,COPOC,RPS,0.020000000000000018,0.9848484848484849,3.893939393939394,2.893939393939394,1.0,1.0,4.409090909090907,0.015151515151515152,0.0
44,COPOC,RPS,0.030000000000000027,0.9848484848484849,3.893939393939394,2.893939393939394,1.0,1.0,3.9040404040404035,0.015151515151515152,0.0
44,COPOC,RPS,0.050000000000000044,0.9696969696969697,3.1818181818181817,2.1818181818181817,1.5,2.0,3.9999999999999982,0.045454545454545456,0.0
44,COPOC,RPS,0.07999999999999996,0.9545454545454546,2.8333333333333335,1.8333333333333333,1.6666666666666667,2.0,3.7272727272727284,0.07575757575757576,0.0
44,COPOC,RPS,0.09999999999999998,0.9393939393939394,2.757575757575758,1.7575757575757576,1.5,2.0,3.5757575757575757,0.09090909090909091,0.0
44,COPOC,RPS,0.13,0.9393939393939394,2.757575757575758,1.7575757575757576,1.5,2.0,3.1561771561771566,0.09090909090909091,0.0
44,COPOC,RPS,0.15000000000000002,0.8939393939393939,2.590909090909091,1.5909090909090908,1.2857142857142858,2.0,3.409090909090909,0.13636363636363635,0.0
44,COPOC,RPS,0.18000000000000005,0.8636363636363636,2.515151515151515,1.5151515151515151,1.2222222222222223,2.0,3.3670033670033663,0.16666666666666666,0.0
44,COPOC,RPS,0.19999999999999996,0.803030303030303,1.5303030303030303,0.5303030303030303,1.3846153846153846,3.0,3.2575757575757582,0.2727272727272727,0.0
44,COPOC,OCDF,0.020000000000000018,0.9848484848484849,3.893939393939394,2.893939393939394,1.0,1.0,4.409090909090907,0.015151515151515152,0.0
44,COPOC,OCDF,0.030000000000000027,0.9848484848484849,3.893939393939394,2.893939393939394,1.0,1.0,3.9040404040404035,0.015151515151515152,0.0
44,COPOC,OCDF,0.050000000000000044,0.9848484848484849,3.4242424242424243,2.4242424242424243,3.0,3.0,4.24242424242424,0.045454545454545456,0.0
44,COPOC,OCDF,0.07999999999999996,0.9545454545454546,3.0303030303030303,2.0303030303030303,2.6666666666666665,3.0,5.060606060606062,0.12121212121212122,0.0
44,COPOC,OCDF,0.09999999999999998,0.9545454545454546,2.9545454545454546,1.9545454545454546,2.6666666666666665,3.0,4.378787878787879,0.12121212121212122,0.0
44,COPOC,OCDF,0.13,0.9242424242424242,2.757575757575758,1.7575757575757576,2.0,3.0,4.088578088578088,0.15151515151515152,0.0
44,COPOC,OCDF,0.15000000000000002,0.9090909090909091,2.727272727272727,1.7272727272727273,1.8333333333333333,3.0,3.949494949494949,0.16666666666666666,0.0
44,COPOC,OCDF,0.18000000000000005,0.8939393939393939,2.696969696969697,1.696969696969697,1.7142857142857142,3.0,3.7171717171717167,0.18181818181818182,0.0
44,COPOC,OCDF,0.19999999999999996,0.8636363636363636,2.5757575757575757,1.5757575757575757,1.5555555555555556,3.0,3.696969696969697,0.21212121212121213,0.0
44,COPOC,APS,0.020000000000000018,0.9848484848484849,3.772727272727273,2.772727272727273,1.0,1.0,4.287878787878786,0.015151515151515152,0.0
44,COPOC,APS,0.030000000000000027,0.9848484848484849,3.772727272727273,2.772727272727273,1.0,1.0,3.7828282828282824,0.015151515151515152,0.0
44,COPOC,APS,0.050000000000000044,0.9696969696969697,2.9696969696969697,1.9696969696969697,2.0,3.0,4.393939393939392,0.06060606060606061,0.0
44,COPOC,APS,0.07999999999999996,0.9545454545454546,2.409090909090909,1.4090909090909092,1.6666666666666667,3.0,3.303030303030304,0.07575757575757576,0.0
44,COPOC,APS,0.09999999999999998,0.9545454545454546,2.3636363636363638,1.3636363636363635,2.0,3.0,3.1818181818181817,0.09090909090909091,0.0
44,COPOC,APS,0.13,0.9242424242424242,1.9545454545454546,0.9545454545454546,2.0,3.0,3.285547785547785,0.15151515151515152,0.0
44,COPOC,APS,0.15000000000000002,0.9242424242424242,1.9393939393939394,0.9393939393939394,2.0,3.0,2.9595959595959593,0.15151515151515152,0.0
44,COPOC,APS,0.18000000000000005,0.8181818181818182,1.6666666666666667,0.6666666666666666,1.4166666666666667,3.0,3.528619528619528,0.25757575757575757,0.0
44,COPOC,APS,0.19999999999999996,0.8181818181818182,1.606060606060606,0.6060606060606061,1.4166666666666667,3.0,3.181818181818182,0.25757575757575757,0.0
44,COPOC,LAC,0.020000000000000018,0.9848484848484849,3.712121212121212,2.712121212121212,1.0,1.0,4.227272727272726,0.015151515151515152,0.0
44,COPOC,LAC,0.030000000000000027,0.9848484848484849,3.712121212121212,2.712121212121212,1.0,1.0,3.7222222222222214,0.015151515151515152,0.0
44,COPOC,LAC,0.050000000000000044,0.9848484848484849,2.742424242424242,1.7424242424242424,3.0,3.0,3.5606060606060588,0.045454545454545456,0.0
44,COPOC,LAC,0.07999999999999996,0.9393939393939394,2.1363636363636362,1.1363636363636365,2.25,3.0,4.545454545454547,0.13636363636363635,0.0
44,COPOC,LAC,0.09999999999999998,0.9393939393939394,2.0,1.0,2.25,3.0,3.727272727272728,0.13636363636363635,0.0
44,COPOC,LAC,0.13,0.8636363636363636,1.7727272727272727,0.7727272727272727,1.5555555555555556,3.0,4.0361305361305355,0.21212121212121213,0.0
44,COPOC,LAC,0.15000000000000002,0.8636363636363636,1.7121212121212122,0.7121212121212122,1.5555555555555556,3.0,3.5404040404040398,0.21212121212121213,0.0
44,COPOC,LAC,0.18000000000000005,0.8333333333333334,1.621212121212121,0.6212121212121212,1.4545454545454546,3.0,3.3148148148148144,0.24242424242424243,0.0
44,COPOC,LAC,0.19999999999999996,0.803030303030303,1.5757575757575757,0.5757575757575758,1.3846153846153846,3.0,3.3030303030303036,0.2727272727272727,0.0
45,COPOC,min-CPS,0.020000000000000018,0.9848484848484849,3.772727272727273,2.772727272727273,1.0,1.0,4.287878787878786,0.015151515151515152,0.0
45,COPOC,min-CPS,0.030000000000000027,0.9696969696969697,2.803030303030303,1.803030303030303,2.0,3.0,5.84343434343434,0.06060606060606061,0.0
45,COPOC,min-CPS,0.050000000000000044,0.9696969696969697,2.742424242424242,1.7424242424242424,2.0,3.0,4.166666666666665,0.06060606060606061,0.0
45,COPOC,min-CPS,0.07999999999999996,0.9090909090909091,2.1363636363636362,1.1363636363636365,1.8333333333333333,3.0,5.3030303030303045,0.16666666666666666,0.0
45,COPOC,min-CPS,0.09999999999999998,0.9090909090909091,2.121212121212121,1.121212121212121,1.8333333333333333,3.0,4.454545454545455,0.16666666666666666,0.0
45,COPOC,min-CPS,0.13,0.8939393939393939,1.9696969696969697,0.9696969696969697,1.8571428571428572,3.0,3.999999999999999,0.19696969696969696,0.0
45,COPOC,min-CPS,0.15000000000000002,0.8787878787878788,1.893939393939394,0.8939393939393939,1.75,3.0,3.722222222222222,0.21212121212121213,0.0
45,COPOC,min-CPS,0.18000000000000005,0.8333333333333334,1.6363636363636365,0.6363636363636364,1.6363636363636365,3.0,3.666666666666666,0.2727272727272727,0.0
45,COPOC,min-CPS,0.19999999999999996,0.8333333333333334,1.6363636363636365,0.6363636363636364,1.6363636363636365,3.0,3.363636363636364,0.2727272727272727,0.0
45,COPOC,RPS,0.020000000000000018,0.9848484848484849,3.878787878787879,2.878787878787879,1.0,1.0,4.393939393939392,0.015151515151515152,0.0
45,COPOC,RPS,0.030000000000000027,0.9848484848484849,3.878787878787879,2.878787878787879,1.0,1.0,3.8888888888888884,0.015151515151515152,0.0
45,COPOC,RPS,0.050000000000000044,0.9545454545454546,3.242424242424242,2.242424242424242,1.3333333333333333,2.0,4.666666666666665,0.06060606060606061,0.0
45,COPOC,RPS,0.07999999999999996,0.8787878787878788,2.757575757575758,1.7575757575757576,1.25,2.0,5.545454545454548,0.15151515151515152,0.0
45,COPOC,RPS,0.09999999999999998,0.8787878787878788,2.757575757575758,1.7575757575757576,1.25,2.0,4.787878787878788,0.15151515151515152,0.0
45,COPOC,RPS,0.13,0.8181818181818182,2.621212121212121,1.621212121212121,1.1666666666666667,2.0,4.884615384615384,0.21212121212121213,0.0
45,COPOC,RPS,0.15000000000000002,0.8181818181818182,2.606060606060606,1.606060606060606,1.1666666666666667,2.0,4.434343434343433,0.21212121212121213,0.0
45,COPOC,RPS,0.18000000000000005,0.8181818181818182,1.7878787878787878,0.7878787878787878,1.3333333333333333,3.0,3.481481481481481,0.24242424242424243,0.0
45,COPOC,RPS,0.19999999999999996,0.8181818181818182,1.606060606060606,0.6060606060606061,1.5,3.0,3.3333333333333344,0.2727272727272727,0.0
45,COPOC,OCDF,0.020000000000000018,0.9848484848484849,3.8636363636363638,2.8636363636363638,1.0,1.0,4.378787878787877,0.015151515151515152,0.0
45,COPOC,OCDF,0.030000000000000027,0.9848484848484849,3.8636363636363638,2.8636363636363638,1.0,1.0,3.8737373737373733,0.015151515151515152,0.0
45,COPOC,OCDF,0.050000000000000044,0.9696969696969697,3.272727272727273,2.272727272727273,2.0,3.0,4.6969696969696955,0.06060606060606061,0.0
45,COPOC,OCDF,0.07999999999999996,0.9090909090909091,2.6515151515151514,1.6515151515151516,2.0,3.0,6.196969696969699,0.18181818181818182,0.0
45,COPOC,OCDF,0.09999999999999998,0.8636363636363636,2.5757575757575757,1.5757575757575757,1.6666666666666667,3.0,6.121212121212122,0.22727272727272727,0.0
45,COPOC,OCDF,0.13,0.8333333333333334,2.484848484848485,1.4848484848484849,1.6363636363636365,3.0,5.68065268065268,0.2727272727272727,0.0
45,COPOC,OCDF,0.15000000000000002,0.8333333333333334,2.484848484848485,1.4848484848484849,1.6363636363636365,3.0,5.121212121212121,0.2727272727272727,0.0
45,COPOC,OCDF,0.18000000000000005,0.7727272727272727,2.3484848484848486,1.3484848484848484,1.4666666666666666,3.0,5.052188552188552,0.3333333333333333,0.0
45,COPOC,OCDF,0.19999999999999996,0.7272727272727273,2.272727272727273,1.2727272727272727,1.5,3.0,5.363636363636363,0.4090909090909091,0.0
45,COPOC,APS,0.020000000000000018,0.9848484848484849,3.6666666666666665,2.6666666666666665,1.0,1.0,4.18181818181818,0.015151515151515152,0.0
45,COPOC,APS,0.030000000000000027,0.9848484848484849,3.6666666666666665,2.6666666666666665,1.0,1.0,3.676767676767676,0.015151515151515152,0.0
45,COPOC,APS,0.050000000000000044,0.9545454545454546,2.696969696969697,1.696969696969697,1.6666666666666667,3.0,4.727272727272725,0.07575757575757576,0.0
45,COPOC,APS,0.07999999999999996,0.9545454545454546,2.4696969696969697,1.4696969696969697,2.0,3.0,3.742424242424243,0.09090909090909091,0.0
45,COPOC,APS,0.09999999999999998,0.9242424242424242,2.3636363636363638,1.3636363636363635,1.6,3.0,3.7878787878787885,0.12121212121212122,0.0
45,COPOC,APS,0.13,0.9090909090909091,2.1515151515151514,1.1515151515151516,1.5,3.0,3.2494172494172493,0.13636363636363635,0.0
45,COPOC,APS,0.15000000000000002,0.8939393939393939,2.015151515151515,1.0151515151515151,1.5714285714285714,3.0,3.237373737373737,0.16666666666666666,0.0
45,COPOC,APS,0.18000000000000005,0.8636363636363636,1.803030303030303,0.803030303030303,1.6666666666666667,3.0,3.328282828282828,0.22727272727272727,0.0
45,COPOC,APS,0.19999999999999996,0.8181818181818182,1.696969696969697,0.7121212121212122,1.6666666666666667,3.0,3.5909090909090917,0.30303030303030304,0.0
45,COPOC,LAC,0.020000000000000018,0.9848484848484849,3.757575757575758,2.757575757575758,1.0,1.0,4.272727272727271,0.015151515151515152,0.0
45,COPOC,LAC,0.030000000000000027,0.9848484848484849,3.757575757575758,2.757575757575758,1.0,1.0,3.7676767676767673,0.015151515151515152,0.0
45,COPOC,LAC,0.050000000000000044,0.9696969696969697,2.6818181818181817,1.6818181818181819,2.5,3.0,4.712121212121209,0.07575757575757576,0.0
45,COPOC,LAC,0.07999999999999996,0.9090909090909091,2.0303030303030303,1.0303030303030303,2.0,3.0,5.575757575757578,0.18181818181818182,0.0
45,COPOC,LAC,0.09999999999999998,0.9090909090909091,2.015151515151515,1.0151515151515151,2.0,3.0,4.651515151515152,0.18181818181818182,0.0
45,COPOC,LAC,0.13,0.8939393939393939,1.9545454545454546,0.9545454545454546,1.8571428571428572,3.0,3.984848484848484,0.19696969696969696,0.0
45,COPOC,LAC,0.15000000000000002,0.8939393939393939,1.9090909090909092,0.9090909090909091,1.8571428571428572,3.0,3.535353535353535,0.19696969696969696,0.0
45,COPOC,LAC,0.18000000000000005,0.8787878787878788,1.8333333333333333,0.8333333333333334,1.75,3.0,3.1902356902356894,0.21212121212121213,0.0
45,COPOC,LAC,0.19999999999999996,0.8181818181818182,1.6363636363636365,0.6363636363636364,1.5,3.0,3.363636363636364,0.2727272727272727,0.0
46,COPOC,min-CPS,0.020000000000000018,1.0,3.8636363636363638,2.8636363636363638,,0.0,2.8636363636363638,0.0,0.0
46,COPOC,min-CPS,0.030000000000000027,0.9545454545454546,2.6818181818181817,1.6818181818181819,1.6666666666666667,3.0,6.732323232323227,0.07575757575757576,0.0
46,COPOC,min-CPS,0.050000000000000044,0.9545454545454546,2.4696969696969697,1.4696969696969697,2.0,3.0,5.106060606060603,0.09090909090909091,0.0
46,COPOC,min-CPS,0.07999999999999996,0.9393939393939394,2.287878787878788,1.2878787878787878,2.0,3.0,4.31818181818182,0.12121212121212122,0.0
46,COPOC,min-CPS,0.09999999999999998,0.9242424242424242,2.015151515151515,1.0151515151515151,2.0,3.0,4.045454545454547,0.15151515151515152,0.0
46,COPOC,min-CPS,0.13,0.8939393939393939,1.8333333333333333,0.8333333333333334,1.7142857142857142,3.0,3.63053613053613,0.18181818181818182,0.0
46,COPOC,min-CPS,0.15000000000000002,0.8333333333333334,1.606060606060606,0.6060606060606061,1.4545454545454546,3.0,3.8383838383838382,0.24242424242424243,0.0
46,COPOC,min-CPS,0.18000000000000005,0.8333333333333334,1.606060606060606,0.6060606060606061,1.4545454545454546,3.0,3.2996632996632993,0.24242424242424243,0.0
46,COPOC,min-CPS,0.19999999999999996,0.8484848484848485,1.5909090909090908,0.5909090909090909,1.5,3.0,2.8636363636363638,0.22727272727272727,0.0
46,COPOC,RPS,0.020000000000000018,1.0,3.9545454545454546,2.9545454545454546,,0.0,2.9545454545454546,0.0,0.0
46,COPOC,RPS,0.030000000000000027,1.0,3.9545454545454546,2.9545454545454546,,0.0,2.9545454545454546,0.0,0.0
46,COPOC,RPS,0.050000000000000044,0.9848484848484849,3.727272727272727,2.727272727272727,1.0,1.0,3.333333333333333,0.015151515151515152,0.0
46,COPOC,RPS,0.07999999999999996,0.9393939393939394,2.8333333333333335,1.8333333333333333,1.25,2.0,3.7272727272727284,0.07575757575757576,0.0
46,COPOC,RPS,0.09999999999999998,0.9242424242424242,2.787878787878788,1.7878787878787878,1.2,2.0,3.606060606060606,0.09090909090909091,0.0
46,COPOC,RPS,0.13,0.8787878787878788,2.6363636363636362,1.6363636363636365,1.125,2.0,3.734265734265734,0.13636363636363635,0.0
46,COPOC,RPS,0.15000000000000002,0.8787878787878788,2.6363636363636362,1.6363636363636365,1.125,2.0,3.4545454545454546,0.13636363636363635,0.0
46,COPOC,RPS,0.18000000000000005,0.8333333333333334,2.5,1.5,1.0909090909090908,2.0,3.5202020202020194,0.18181818181818182,0.0
46,COPOC,RPS,0.19999999999999996,0.7727272727272727,1.4545454545454546,0.45454545454545453,1.3333333333333333,3.0,3.4848484848484858,0.30303030303030304,0.0
46,COPOC,OCDF,0.020000000000000018,1.0,3.9545454545454546,2.9545454545454546,,0.0,2.9545454545454546,0.0,0.0
46,COPOC,OCDF,0.030000000000000027,1.0,3.9545454545454546,2.9545454545454546,,0.0,2.9545454545454546,0.0,0.0
46,COPOC,OCDF,0.050000000000000044,0.9545454545454546,3.1515151515151514,2.1515151515151514,2.0,3.0,5.7878787878787845,0.09090909090909091,0.0
46,COPOC,OCDF,0.07999999999999996,0.9242424242424242,2.696969696969697,1.696969696969697,2.0,3.0,5.484848484848486,0.15151515151515152,0.0
46,COPOC,OCDF,0.09999999999999998,0.8787878787878788,2.5454545454545454,1.5454545454545454,1.625,3.0,5.484848484848484,0.19696969696969696,0.0
46,COPOC,OCDF,0.13,0.8333333333333334,2.4545454545454546,1.4545454545454546,1.5454545454545454,3.0,5.417249417249417,0.25757575757575757,0.0
46,COPOC,OCDF,0.15000000000000002,0.8181818181818182,2.409090909090909,1.4090909090909092,1.5,3.0,5.045454545454546,0.2727272727272727,0.0
46,COPOC,OCDF,0.18000000000000005,0.8181818181818182,2.393939393939394,1.393939393939394,1.5,3.0,4.424242424242424,0.2727272727272727,0.0
46,COPOC,OCDF,0.19999999999999996,0.803030303030303,2.3636363636363638,1.3636363636363635,1.5384615384615385,3.0,4.393939393939394,0.30303030303030304,0.0
46,COPOC,APS,0.020000000000000018,0.9848484848484849,3.8181818181818183,2.8181818181818183,1.0,1.0,4.333333333333331,0.015151515151515152,0.0
46,COPOC,APS,0.030000000000000027,0.9848484848484849,3.8181818181818183,2.8181818181818183,1.0,1.0,3.828282828282828,0.015151515151515152,0.0
46,COPOC,APS,0.050000000000000044,0.9696969696969697,2.6666666666666665,1.6666666666666667,2.0,3.0,4.090909090909089,0.06060606060606061,0.0
46,COPOC,APS,0.07999999999999996,0.9393939393939394,2.409090909090909,1.4090909090909092,1.75,3.0,4.060606060606062,0.10606060606060606,0.0
46,COPOC,APS,0.09999999999999998,0.9090909090909091,2.272727272727273,1.2727272727272727,1.6666666666666667,3.0,4.303030303030303,0.15151515151515152,0.0
46,COPOC,APS,0.13,0.8636363636363636,1.8333333333333333,0.8333333333333334,1.5555555555555556,3.0,4.096736596736596,0.21212121212121213,0.0
46,COPOC,APS,0.15000000000000002,0.8484848484848485,1.7424242424242424,0.7424242424242424,1.5,3.0,3.7727272727272725,0.22727272727272727,0.0
46,COPOC,APS,0.18000000000000005,0.8333333333333334,1.696969696969697,0.696969696969697,1.4545454545454546,3.0,3.3905723905723897,0.24242424242424243,0.0
46,COPOC,APS,0.19999999999999996,0.8181818181818182,1.6363636363636365,0.6363636363636364,1.5,3.0,3.363636363636364,0.2727272727272727,0.0
46,COPOC,LAC,0.020000000000000018,1.0,3.8333333333333335,2.8333333333333335,,0.0,2.8333333333333335,0.0,0.0
46,COPOC,LAC,0.030000000000000027,1.0,3.8333333333333335,2.8333333333333335,,0.0,2.8333333333333335,0.0,0.0
46,COPOC,LAC,0.050000000000000044,0.9545454545454546,2.4393939393939394,1.4393939393939394,2.3333333333333335,3.0,5.681818181818178,0.10606060606060606,0.0
46,COPOC,LAC,0.07999999999999996,0.9393939393939394,2.0757575757575757,1.0757575757575757,2.25,3.0,4.484848484848486,0.13636363636363635,0.0
46,COPOC,LAC,0.09999999999999998,0.9242424242424242,1.893939393939394,0.8939393939393939,2.0,3.0,3.924242424242425,0.15151515151515152,0.0
46,COPOC,LAC,0.13,0.9090909090909091,1.8333333333333333,0.8333333333333334,1.8333333333333333,3.0,3.3974358974358974,0.16666666666666666,0.0
46,COPOC,LAC,0.15000000000000002,0.8484848484848485,1.7121212121212122,0.7121212121212122,1.5,3.0,3.742424242424242,0.22727272727272727,0.0
46,COPOC,LAC,0.18000000000000005,0.8181818181818182,1.606060606060606,0.6060606060606061,1.4166666666666667,3.0,3.4680134680134675,0.25757575757575757,0.0
46,COPOC,LAC,0.19999999999999996,0.7878787878787878,1.5454545454545454,0.5454545454545454,1.3571428571428572,3.0,3.4242424242424248,0.2878787878787879,0.0
47,COPOC,min-CPS,0.020000000000000018,1.0,3.8636363636363638,2.8636363636363638,,0.0,2.8636363636363638,0.0,0.0
47,COPOC,min-CPS,0.030000000000000027,0.9696969696969697,2.9393939393939394,1.9393939393939394,2.0,3.0,5.979797979797977,0.06060606060606061,0.0
47,COPOC,min-CPS,0.050000000000000044,0.9696969696969697,2.893939393939394,1.893939393939394,2.0,3.0,4.318181818181817,0.06060606060606061,0.0
47,COPOC,min-CPS,0.07999999999999996,0.9545454545454546,2.5454545454545454,1.5454545454545454,2.0,3.0,3.81818181818182,0.09090909090909091,0.0
47,COPOC,min-CPS,0.09999999999999998,0.9090909090909091,2.0606060606060606,1.0606060606060606,1.6666666666666667,3.0,4.090909090909092,0.15151515151515152,0.0
47,COPOC,min-CPS,0.13,0.8939393939393939,1.878787878787879,0.8787878787878788,1.7142857142857142,3.0,3.6759906759906755,0.18181818181818182,0.0
47,COPOC,min-CPS,0.15000000000000002,0.8939393939393939,1.8333333333333333,0.8333333333333334,1.7142857142857142,3.0,3.257575757575758,0.18181818181818182,0.0
47,COPOC,min-CPS,0.18000000000000005,0.8333333333333334,1.5909090909090908,0.5909090909090909,1.5454545454545454,3.0,3.4528619528619524,0.25757575757575757,0.0
47,COPOC,min-CPS,0.19999999999999996,0.8333333333333334,1.5757575757575757,0.5757575757575758,1.5454545454545454,3.0,3.1515151515151523,0.25757575757575757,0.0
47,COPOC,RPS,0.020000000000000018,1.0,3.9545454545454546,2.9545454545454546,,0.0,2.9545454545454546,0.0,0.0
47,COPOC,RPS,0.030000000000000027,1.0,3.9545454545454546,2.9545454545454546,,0.0,2.9545454545454546,0.0,0.0
47,COPOC,RPS,0.050000000000000044,0.9545454545454546,3.1818181818181817,2.1818181818181817,1.3333333333333333,2.0,4.606060606060605,0.06060606060606061,0.0
47,COPOC,RPS,0.07999999999999996,0.9393939393939394,2.803030303030303,1.803030303030303,1.5,2.0,4.075757575757578,0.09090909090909091,0.0
47,COPOC,RPS,0.09999999999999998,0.9242424242424242,2.727272727272727,1.7272727272727273,1.4,2.0,3.8484848484848486,0.10606060606060606,0.0
47,COPOC,RPS,0.13,0.8939393939393939,2.606060606060606,1.606060606060606,1.2857142857142858,2.0,3.703962703962704,0.13636363636363635,0.0
47,COPOC,RPS,0.15000000000000002,0.8636363636363636,2.5757575757575757,1.5757575757575757,1.2222222222222223,2.0,3.797979797979798,0.16666666666666666,0.0
47,COPOC,RPS,0.18000000000000005,0.8333333333333334,2.5454545454545454,1.5454545454545454,1.1818181818181819,2.0,3.7340067340067336,0.19696969696969696,0.0
47,COPOC,RPS,0.19999999999999996,0.7878787878787878,1.5454545454545454,0.5454545454545454,1.3571428571428572,3.0,3.424242424242425,0.2878787878787879,0.0
47,COPOC,OCDF,0.020000000000000018,1.0,3.984848484848485,2.984848484848485,,0.0,2.984848484848485,0.0,0.0
47,COPOC,OCDF,0.030000000000000027,1.0,3.984848484848485,2.984848484848485,,0.0,2.984848484848485,0.0,0.0
47,COPOC,OCDF,0.050000000000000044,0.9696969696969697,3.4696969696969697,2.4696969696969697,2.0,3.0,4.893939393939392,0.06060606060606061,0.0
47,COPOC,OCDF,0.07999999999999996,0.9393939393939394,2.8484848484848486,1.8484848484848484,2.25,3.0,5.25757575757576,0.13636363636363635,0.0
47,COPOC,OCDF,0.09999999999999998,0.9393939393939394,2.742424242424242,1.7424242424242424,2.25,3.0,4.469696969696971,0.13636363636363635,0.0
47,COPOC,OCDF,0.13,0.9242424242424242,2.6818181818181817,1.6818181818181819,2.0,3.0,4.012820512820512,0.15151515151515152,0.0
47,COPOC,OCDF,0.15000000000000002,0.9090909090909091,2.6515151515151514,1.6515151515151516,1.8333333333333333,3.0,3.8737373737373733,0.16666666666666666,0.0
47,COPOC,OCDF,0.18000000000000005,0.8484848484848485,2.5454545454545454,1.5454545454545454,1.6,3.0,4.239057239057238,0.24242424242424243,0.0
47,COPOC,OCDF,0.19999999999999996,0.8333333333333334,2.5,1.5,1.5454545454545454,3.0,4.075757575757576,0.25757575757575757,0.0
47,COPOC,APS,0.020000000000000018,0.9848484848484849,3.772727272727273,2.772727272727273,1.0,1.0,4.287878787878786,0.015151515151515152,0.0
47,COPOC,APS,0.030000000000000027,0.9848484848484849,3.772727272727273,2.772727272727273,1.0,1.0,3.7828282828282824,0.015151515151515152,0.0
47,COPOC,APS,0.050000000000000044,0.9545454545454546,2.606060606060606,1.606060606060606,2.0,3.0,5.242424242424239,0.09090909090909091,0.0
47,COPOC,APS,0.07999999999999996,0.9393939393939394,2.4393939393939394,1.4393939393939394,1.75,3.0,4.090909090909093,0.10606060606060606,0.0
47,COPOC,APS,0.09999999999999998,0.9393939393939394,2.3636363636363638,1.3636363636363635,1.75,3.0,3.484848484848485,0.10606060606060606,0.0
47,COPOC,APS,0.13,0.9242424242424242,2.1515151515151514,1.1515151515151516,1.8,3.0,3.2494172494172493,0.13636363636363635,0.0
47,COPOC,APS,0.15000000000000002,0.8636363636363636,1.9242424242424243,0.9242424242424242,1.5555555555555556,3.0,3.752525252525252,0.21212121212121213,0.0
47,COPOC,APS,0.18000000000000005,0.8484848484848485,1.8484848484848484,0.8484848484848485,1.5,3.0,3.3737373737373733,0.22727272727272727,0.0
47,COPOC,APS,0.19999999999999996,0.8333333333333334,1.7878787878787878,0.7878787878787878,1.4545454545454546,3.0,3.2121212121212124,0.24242424242424243,0.0
47,COPOC,LAC,0.020000000000000018,1.0,3.8484848484848486,2.8484848484848486,,0.0,2.8484848484848486,0.0,0.0
47,COPOC,LAC,0.030000000000000027,1.0,3.8484848484848486,2.8484848484848486,,0.0,2.8484848484848486,0.0,0.0
47,COPOC,LAC,0.050000000000000044,0.9696969696969697,2.757575757575758,1.7575757575757576,2.5,3.0,4.787878787878785,0.07575757575757576,0.0
47,COPOC,LAC,0.07999999999999996,0.9545454545454546,2.5,1.5,2.0,3.0,3.7727272727272743,0.09090909090909091,0.0
47,COPOC,LAC,0.09999999999999998,0.9090909090909091,1.9393939393939394,0.9393939393939394,1.8333333333333333,3.0,4.272727272727273,0.16666666666666666,0.0
47,COPOC,LAC,0.13,0.9090909090909091,1.893939393939394,0.8939393939393939,1.8333333333333333,3.0,3.458041958041958,0.16666666666666666,0.0
47,COPOC,LAC,0.15000000000000002,0.8787878787878788,1.7575757575757576,0.7575757575757576,1.625,3.0,3.3838383838383836,0.19696969696969696,0.0
47,COPOC,LAC,0.18000000000000005,0.8636363636363636,1.6666666666666667,0.6666666666666666,1.5555555555555556,3.0,3.023569023569023,0.21212121212121213,0.0
47,COPOC,LAC,0.19999999999999996,0.8636363636363636,1.6363636363636365,0.6363636363636364,1.5555555555555556,3.0,2.757575757575758,0.21212121212121213,0.0
48,COPOC,min-CPS,0.020000000000000018,1.0,3.757575757575758,2.757575757575758,,0.0,2.757575757575758,0.0,0.0
48,COPOC,min-CPS,0.030000000000000027,1.0,3.757575757575758,2.757575757575758,,0.0,2.757575757575758,0.0,0.0
48,COPOC,min-CPS,0.050000000000000044,0.9848484848484849,2.8333333333333335,1.8333333333333333,1.0,1.0,2.439393939393939,0.015151515151515152,0.0
48,COPOC,min-CPS,0.07999999999999996,0.9545454545454546,2.4242424242424243,1.4242424242424243,1.6666666666666667,2.0,3.3181818181818192,0.07575757575757576,0.0
48,COPOC,min-CPS,0.09999999999999998,0.9242424242424242,1.9696969696969697,0.9696969696969697,1.8,3.0,3.6969696969696977,0.13636363636363635,0.0
48,COPOC,min-CPS,0.13,0.9242424242424242,1.8333333333333333,0.8333333333333334,2.0,3.0,3.1643356643356637,0.15151515151515152,0.0
48,COPOC,min-CPS,0.15000000000000002,0.9090909090909091,1.7575757575757576,0.7575757575757576,1.8333333333333333,3.0,2.9797979797979797,0.16666666666666666,0.0
48,COPOC,min-CPS,0.18000000000000005,0.8787878787878788,1.606060606060606,0.6060606060606061,1.625,3.0,2.7946127946127945,0.19696969696969696,0.0
48,COPOC,min-CPS,0.19999999999999996,0.8787878787878788,1.606060606060606,0.6060606060606061,1.625,3.0,2.575757575757576,0.19696969696969696,0.0
48,COPOC,RPS,0.020000000000000018,1.0,3.893939393939394,2.893939393939394,,0.0,2.893939393939394,0.0,0.0
48,COPOC,RPS,0.030000000000000027,1.0,3.893939393939394,2.893939393939394,,0.0,2.893939393939394,0.0,0.0
48,COPOC,RPS,0.050000000000000044,0.9545454545454546,3.121212121212121,2.121212121212121,1.0,1.0,3.9393939393939377,0.045454545454545456,0.0
48,COPOC,RPS,0.07999999999999996,0.9393939393939394,2.696969696969697,1.696969696969697,1.5,2.0,3.9696969696969715,0.09090909090909091,0.0
48,COPOC,RPS,0.09999999999999998,0.9242424242424242,2.6515151515151514,1.6515151515151516,1.4,2.0,3.7727272727272734,0.10606060606060606,0.0
48,COPOC,RPS,0.13,0.8939393939393939,2.5757575757575757,1.5757575757575757,1.2857142857142858,2.0,3.6736596736596736,0.13636363636363635,0.0
48,COPOC,RPS,0.15000000000000002,0.8939393939393939,2.5606060606060606,1.5606060606060606,1.2857142857142858,2.0,3.378787878787879,0.13636363636363635,0.0
48,COPOC,RPS,0.18000000000000005,0.8484848484848485,2.4696969696969697,1.4696969696969697,1.2,2.0,3.4898989898989896,0.18181818181818182,0.0
48,COPOC,RPS,0.19999999999999996,0.8484848484848485,1.6818181818181819,0.6818181818181818,1.4,3.0,2.8030303030303036,0.21212121212121213,0.0
48,COPOC,OCDF,0.020000000000000018,1.0,3.9242424242424243,2.9242424242424243,,0.0,2.9242424242424243,0.0,0.0
48,COPOC,OCDF,0.030000000000000027,1.0,3.9242424242424243,2.9242424242424243,,0.0,2.9242424242424243,0.0,0.0
48,COPOC,OCDF,0.050000000000000044,0.9848484848484849,3.515151515151515,2.515151515151515,1.0,1.0,3.1212121212121207,0.015151515151515152,0.0
48,COPOC,OCDF,0.07999999999999996,0.9393939393939394,2.772727272727273,1.7727272727272727,2.25,3.0,5.181818181818183,0.13636363636363635,0.0
48,COPOC,OCDF,0.09999999999999998,0.9393939393939394,2.712121212121212,1.7121212121212122,2.25,3.0,4.43939393939394,0.13636363636363635,0.0
48,COPOC,OCDF,0.13,0.9090909090909091,2.606060606060606,1.606060606060606,1.8333333333333333,3.0,4.170163170163169,0.16666666666666666,0.0
48,COPOC,OCDF,0.15000000000000002,0.9090909090909091,2.606060606060606,1.606060606060606,1.8333333333333333,3.0,3.8282828282828283,0.16666666666666666,0.0
48,COPOC,OCDF,0.18000000000000005,0.8787878787878788,2.515151515151515,1.5151515151515151,1.75,3.0,3.872053872053872,0.21212121212121213,0.0
48,COPOC,OCDF,0.19999999999999996,0.8484848484848485,2.4545454545454546,1.4545454545454546,1.6,3.0,3.878787878787879,0.24242424242424243,0.0
48,COPOC,APS,0.020000000000000018,1.0,3.803030303030303,2.803030303030303,,0.0,2.803030303030303,0.0,0.0
48,COPOC,APS,0.030000000000000027,1.0,3.803030303030303,2.803030303030303,,0.0,2.803030303030303,0.0,0.0
48,COPOC,APS,0.050000000000000044,0.9848484848484849,2.8333333333333335,1.8333333333333333,1.0,1.0,2.439393939393939,0.015151515151515152,0.0
48,COPOC,APS,0.07999999999999996,0.9393939393939394,2.4393939393939394,1.4393939393939394,1.25,2.0,3.3333333333333344,0.07575757575757576,0.0
48,COPOC,APS,0.09999999999999998,0.9393939393939394,2.3484848484848486,1.3484848484848484,1.25,2.0,2.8636363636363638,0.07575757575757576,0.0
48,COPOC,APS,0.13,0.9393939393939394,2.196969696969697,1.196969696969697,1.5,2.0,2.5955710955710956,0.09090909090909091,0.0
48,COPOC,APS,0.15000000000000002,0.9242424242424242,1.9848484848484849,0.9848484848484849,1.8,3.0,2.803030303030303,0.13636363636363635,0.0
48,COPOC,APS,0.18000000000000005,0.9242424242424242,1.9242424242424243,0.9242424242424242,1.8,3.0,2.4393939393939394,0.13636363636363635,0.0
48,COPOC,APS,0.19999999999999996,0.9242424242424242,1.7878787878787878,0.7878787878787878,2.0,3.0,2.3030303030303036,0.15151515151515152,0.0
48,COPOC,LAC,0.020000000000000018,1.0,3.727272727272727,2.727272727272727,,0.0,2.727272727272727,0.0,0.0
48,COPOC,LAC,0.030000000000000027,1.0,3.727272727272727,2.727272727272727,,0.0,2.727272727272727,0.0,0.0
48,COPOC,LAC,0.050000000000000044,0.9848484848484849,2.803030303030303,1.803030303030303,2.0,2.0,3.0151515151515142,0.030303030303030304,0.0
48,COPOC,LAC,0.07999999999999996,0.9545454545454546,2.378787878787879,1.378787878787879,2.0,3.0,3.6515151515151523,0.09090909090909091,0.0
48,COPOC,LAC,0.09999999999999998,0.9242424242424242,1.8333333333333333,0.8333333333333334,2.0,3.0,3.8636363636363646,0.15151515151515152,0.0
48,COPOC,LAC,0.13,0.9242424242424242,1.7878787878787878,0.7878787878787878,2.0,3.0,3.1188811188811183,0.15151515151515152,0.0
48,COPOC,LAC,0.15000000000000002,0.9242424242424242,1.7878787878787878,0.7878787878787878,2.0,3.0,2.808080808080808,0.15151515151515152,0.0
48,COPOC,LAC,0.18000000000000005,0.8939393939393939,1.6363636363636365,0.6363636363636364,1.7142857142857142,3.0,2.656565656565656,0.18181818181818182,0.0
48,COPOC,LAC,0.19999999999999996,0.8636363636363636,1.5454545454545454,0.5454545454545454,1.5555555555555556,3.0,2.666666666666667,0.21212121212121213,0.0
49,COPOC,min-CPS,0.020000000000000018,0.9090909090909091,2.6818181818181817,1.6818181818181819,1.8333333333333333,3.0,18.348484848484834,0.16666666666666666,0.0
49,COPOC,min-CPS,0.030000000000000027,0.9090909090909091,2.590909090909091,1.5909090909090908,2.1666666666666665,3.0,14.72222222222221,0.19696969696969696,0.0
49,COPOC,min-CPS,0.050000000000000044,0.8939393939393939,2.1666666666666665,1.1666666666666667,2.2857142857142856,3.0,10.863636363636354,0.24242424242424243,0.0
49,COPOC,min-CPS,0.07999999999999996,0.7878787878787878,1.8484848484848484,0.8484848484848485,1.7142857142857142,3.0,9.939393939393943,0.36363636363636365,0.0
49,COPOC,min-CPS,0.09999999999999998,0.7727272727272727,1.7424242424242424,0.7424242424242424,1.6666666666666667,3.0,8.31818181818182,0.3787878787878788,0.0
49,COPOC,min-CPS,0.13,0.7727272727272727,1.696969696969697,0.696969696969697,1.6666666666666667,3.0,6.524475524475524,0.3787878787878788,0.0
49,COPOC,min-CPS,0.15000000000000002,0.7575757575757576,1.5454545454545454,0.5454545454545454,1.6875,3.0,5.999999999999999,0.4090909090909091,0.0
49,COPOC,min-CPS,0.18000000000000005,0.696969696969697,1.2727272727272727,0.2727272727272727,1.6,3.0,5.659932659932659,0.48484848484848486,0.0
49,COPOC,min-CPS,0.19999999999999996,0.696969696969697,1.2727272727272727,0.2727272727272727,1.6,3.0,5.121212121212122,0.48484848484848486,0.0
49,COPOC,RPS,0.020000000000000018,0.9090909090909091,3.1363636363636362,2.1363636363636362,1.5,2.0,15.772727272727263,0.13636363636363635,0.0
49,COPOC,RPS,0.030000000000000027,0.9090909090909091,3.1363636363636362,2.1363636363636362,1.5,2.0,11.22727272727272,0.13636363636363635,0.0
49,COPOC,RPS,0.050000000000000044,0.8181818181818182,2.6818181818181817,1.6818181818181819,1.3333333333333333,2.0,11.37878787878787,0.24242424242424243,0.0
49,COPOC,RPS,0.07999999999999996,0.8181818181818182,2.6515151515151514,1.6515151515151516,1.3333333333333333,2.0,7.7121212121212155,0.24242424242424243,0.0
49,COPOC,RPS,0.09999999999999998,0.8181818181818182,2.6363636363636362,1.6363636363636365,1.3333333333333333,2.0,6.484848484848484,0.24242424242424243,0.0
49,COPOC,RPS,0.13,0.7878787878787878,2.5303030303030303,1.5303030303030303,1.2857142857142858,2.0,5.726107226107226,0.2727272727272727,0.0
49,COPOC,RPS,0.15000000000000002,0.7575757575757576,1.606060606060606,0.6060606060606061,1.625,3.0,5.858585858585858,0.3939393939393939,0.0
49,COPOC,RPS,0.18000000000000005,0.6818181818181818,1.4393939393939394,0.4393939393939394,1.5238095238095237,3.0,5.826599326599325,0.48484848484848486,0.0
49,COPOC,RPS,0.19999999999999996,0.6515151515151515,1.3636363636363635,0.36363636363636365,1.5217391304347827,3.0,5.666666666666669,0.5303030303030303,0.0
49,COPOC,OCDF,0.020000000000000018,0.9090909090909091,3.1818181818181817,2.1818181818181817,2.1666666666666665,3.0,21.878787878787865,0.19696969696969696,0.0
49,COPOC,OCDF,0.030000000000000027,0.9090909090909091,3.1818181818181817,2.1818181818181817,2.1666666666666665,3.0,15.313131313131302,0.19696969696969696,0.0
49,COPOC,OCDF,0.050000000000000044,0.8939393939393939,2.757575757575758,1.7575757575757576,2.4285714285714284,3.0,12.060606060606052,0.25757575757575757,0.0
49,COPOC,OCDF,0.07999999999999996,0.8333333333333334,2.590909090909091,1.5909090909090908,1.9090909090909092,3.0,9.545454545454549,0.3181818181818182,0.0
49,COPOC,OCDF,0.09999999999999998,0.8333333333333334,2.590909090909091,1.5909090909090908,1.9090909090909092,3.0,7.954545454545456,0.3181818181818182,0.0
49,COPOC,OCDF,0.13,0.7878787878787878,2.409090909090909,1.4090909090909092,1.7857142857142858,3.0,7.236596736596735,0.3787878787878788,0.0
49,COPOC,OCDF,0.15000000000000002,0.7878787878787878,2.409090909090909,1.4090909090909092,1.7857142857142858,3.0,6.4595959595959584,0.3787878787878788,0.0
49,COPOC,OCDF,0.18000000000000005,0.7727272727272727,2.378787878787879,1.378787878787879,1.8,3.0,5.924242424242422,0.4090909090909091,0.0
49,COPOC,OCDF,0.19999999999999996,0.7575757575757576,2.3636363636363638,1.3636363636363635,1.75,3.0,5.606060606060607,0.42424242424242425,0.0
49,COPOC,APS,0.020000000000000018,0.8939393939393939,2.621212121212121,1.621212121212121,1.8571428571428572,3.0,21.318181818181806,0.19696969696969696,0.0
49,COPOC,APS,0.030000000000000027,0.8939393939393939,2.621212121212121,1.621212121212121,1.8571428571428572,3.0,14.752525252525242,0.19696969696969696,0.0
49,COPOC,APS,0.050000000000000044,0.8787878787878788,2.378787878787879,1.378787878787879,1.875,3.0,10.469696969696964,0.22727272727272727,0.0
49,COPOC,APS,0.07999999999999996,0.8787878787878788,2.0454545454545454,1.0454545454545454,2.125,3.0,7.484848484848488,0.25757575757575757,0.0
49,COPOC,APS,0.09999999999999998,0.8636363636363636,2.015151515151515,1.0151515151515151,2.111111111111111,3.0,6.772727272727274,0.2878787878787879,0.0
49,COPOC,APS,0.13,0.803030303030303,1.803030303030303,0.803030303030303,1.7692307692307692,3.0,6.164335664335664,0.3484848484848485,0.0
49,COPOC,APS,0.15000000000000002,0.7727272727272727,1.7575757575757576,0.7575757575757576,1.6666666666666667,3.0,5.808080808080807,0.3787878787878788,0.0
49,COPOC,APS,0.18000000000000005,0.696969696969697,1.5,0.5151515151515151,1.7,3.0,5.902356902356901,0.5151515151515151,0.0
49,COPOC,APS,0.19999999999999996,0.6666666666666666,1.4696969696969697,0.5,1.7272727272727273,3.0,5.954545454545456,0.5757575757575758,0.0
49,COPOC,LAC,0.020000000000000018,0.9242424242424242,2.621212121212121,1.621212121212121,2.4,3.0,19.80303030303029,0.18181818181818182,0.0
49,COPOC,LAC,0.030000000000000027,0.9242424242424242,2.621212121212121,1.621212121212121,2.4,3.0,13.742424242424232,0.18181818181818182,0.0
49,COPOC,LAC,0.050000000000000044,0.8939393939393939,2.1363636363636362,1.1363636363636365,2.4285714285714284,3.0,11.43939393939393,0.25757575757575757,0.0
49,COPOC,LAC,0.07999999999999996,0.8333333333333334,1.9090909090909092,0.9090909090909091,1.9090909090909092,3.0,8.863636363636367,0.3181818181818182,0.0
49,COPOC,LAC,0.09999999999999998,0.7878787878787878,1.7878787878787878,0.7878787878787878,1.7142857142857142,3.0,8.060606060606062,0.36363636363636365,0.0
49,COPOC,LAC,0.13,0.7272727272727273,1.6363636363636365,0.6363636363636364,1.6111111111111112,3.0,7.3962703962703955,0.4393939393939394,0.0
49,COPOC,LAC,0.15000000000000002,0.7121212121212122,1.606060606060606,0.6060606060606061,1.5789473684210527,3.0,6.666666666666666,0.45454545454545453,0.0
49,COPOC,LAC,0.18000000000000005,0.696969696969697,1.4090909090909092,0.4090909090909091,1.55,3.0,5.627946127946126,0.4696969696969697,0.0
49,COPOC,LAC,0.19999999999999996,0.696969696969697,1.378787878787879,0.3787878787878788,1.6,3.0,5.227272727272728,0.48484848484848486,0.0
0,CrossEntropyLoss,min-CPS,0.020000000000000018,1.0,3.3484848484848486,2.3484848484848486,,0.0,2.3484848484848486,0.0,0.0
0,CrossEntropyLoss,min-CPS,0.030000000000000027,1.0,2.272727272727273,1.2727272727272727,,0.0,1.2727272727272727,0.0,0.0
0,CrossEntropyLoss,min-CPS,0.050000000000000044,1.0,2.196969696969697,1.196969696969697,,0.0,1.196969696969697,0.0,0.0
0,CrossEntropyLoss,min-CPS,0.07999999999999996,0.9848484848484849,2.015151515151515,1.0151515151515151,1.0,1.0,1.3939393939393943,0.015151515151515152,0.0
0,CrossEntropyLoss,min-CPS,0.09999999999999998,0.9696969696969697,1.9696969696969697,0.9696969696969697,1.0,1.0,1.5757575757575757,0.030303030303030304,0.0
0,CrossEntropyLoss,min-CPS,0.13,0.9393939393939394,1.5757575757575757,0.5757575757575758,1.25,2.0,1.7412587412587412,0.07575757575757576,0.0
0,CrossEntropyLoss,min-CPS,0.15000000000000002,0.8181818181818182,1.0,0.0,1.5,3.0,3.6363636363636354,0.2727272727272727,0.0
0,CrossEntropyLoss,min-CPS,0.18000000000000005,0.8181818181818182,1.0,0.0,1.5,3.0,3.0303030303030294,0.2727272727272727,0.0
0,CrossEntropyLoss,min-CPS,0.19999999999999996,0.8181818181818182,1.0,0.0,1.5,3.0,2.727272727272728,0.2727272727272727,0.0
0,CrossEntropyLoss,RPS,0.020000000000000018,0.9848484848484849,3.3636363636363638,2.3636363636363638,1.0,1.0,3.8787878787878776,0.015151515151515152,0.0
0,CrossEntropyLoss,RPS,0.030000000000000027,0.9848484848484849,3.3636363636363638,2.3636363636363638,1.0,1.0,3.3737373737373733,0.015151515151515152,0.0
0,CrossEntropyLoss,RPS,0.050000000000000044,0.9848484848484849,2.9393939393939394,1.9393939393939394,1.0,1.0,2.545454545454545,0.015151515151515152,0.0
0,CrossEntropyLoss,RPS,0.07999999999999996,0.9848484848484849,2.909090909090909,1.9090909090909092,1.0,1.0,2.287878787878788,0.015151515151515152,0.0
0,CrossEntropyLoss,RPS,0.09999999999999998,0.9696969696969697,2.772727272727273,1.7727272727272727,1.5,2.0,2.6818181818181817,0.045454545454545456,0.0
0,CrossEntropyLoss,RPS,0.13,0.9242424242424242,1.4545454545454546,0.45454545454545453,1.2,2.0,1.853146853146853,0.09090909090909091,0.0
0,CrossEntropyLoss,RPS,0.15000000000000002,0.9242424242424242,1.4545454545454546,0.45454545454545453,1.2,2.0,1.6666666666666667,0.09090909090909091,0.0
0,CrossEntropyLoss,RPS,0.18000000000000005,0.8181818181818182,0.9848484848484849,0.015151515151515152,1.75,3.0,3.213804713804713,0.3181818181818182,0.0
0,CrossEntropyLoss,RPS,0.19999999999999996,0.7727272727272727,0.8787878787878788,0.0,2.3333333333333335,3.0,3.1818181818181825,0.5303030303030303,0.0
0,CrossEntropyLoss,OCDF,0.020000000000000018,1.0,3.6666666666666665,2.6666666666666665,,0.0,2.6666666666666665,0.0,0.0
0,CrossEntropyLoss,OCDF,0.030000000000000027,1.0,3.6666666666666665,2.6666666666666665,,0.0,2.6666666666666665,0.0,0.0
0,CrossEntropyLoss,OCDF,0.050000000000000044,1.0,3.121212121212121,2.121212121212121,,0.0,2.121212121212121,0.0,0.0
0,CrossEntropyLoss,OCDF,0.07999999999999996,1.0,3.0606060606060606,2.0606060606060606,,0.0,2.0606060606060606,0.0,0.0
0,CrossEntropyLoss,OCDF,0.09999999999999998,1.0,2.9545454545454546,1.9545454545454546,,0.0,1.9545454545454546,0.0,0.0
0,CrossEntropyLoss,OCDF,0.13,0.9696969696969697,2.8181818181818183,1.8181818181818181,1.0,1.0,2.2843822843822843,0.030303030303030304,0.0
0,CrossEntropyLoss,OCDF,0.15000000000000002,0.9090909090909091,2.4696969696969697,1.4696969696969697,1.5,2.0,3.287878787878788,0.13636363636363635,0.0
0,CrossEntropyLoss,OCDF,0.18000000000000005,0.8181818181818182,1.0,0.0,1.5,3.0,3.0303030303030294,0.2727272727272727,0.0
0,CrossEntropyLoss,OCDF,0.19999999999999996,0.8181818181818182,1.0,0.0,1.5,3.0,2.727272727272728,0.2727272727272727,0.0
0,CrossEntropyLoss,APS,0.020000000000000018,1.0,3.1515151515151514,2.3484848484848486,,0.0,2.3484848484848486,0.0,0.19696969696969702
0,CrossEntropyLoss,APS,0.030000000000000027,1.0,3.1515151515151514,2.3484848484848486,,0.0,2.3484848484848486,0.0,0.19696969696969702
0,CrossEntropyLoss,APS,0.050000000000000044,0.9848484848484849,1.803030303030303,1.0757575757575757,1.0,1.0,1.0757575757575757,0.015151515151515152,0.24242424242424243
0,CrossEntropyLoss,APS,0.07999999999999996,0.9848484848484849,1.7727272727272727,1.0303030303030303,1.0,1.0,1.0303030303030303,0.015151515151515152,0.2272727272727273
0,CrossEntropyLoss,APS,0.09999999999999998,0.9696969696969697,1.7424242424242424,1.0,1.0,1.0,1.303030303030303,0.030303030303030304,0.2272727272727273
0,CrossEntropyLoss,APS,0.13,0.9545454545454546,1.606060606060606,0.803030303030303,1.0,1.0,1.5023310023310024,0.045454545454545456,0.16666666666666663
0,CrossEntropyLoss,APS,0.15000000000000002,0.9242424242424242,1.378787878787879,0.48484848484848486,1.6,3.0,2.1010101010101008,0.12121212121212122,0.09090909090909094
0,CrossEntropyLoss,APS,0.18000000000000005,0.9090909090909091,1.303030303030303,0.4393939393939394,1.8333333333333333,3.0,2.291245791245791,0.16666666666666666,0.10606060606060608
0,CrossEntropyLoss,APS,0.19999999999999996,0.8484848484848485,1.196969696969697,0.3484848484848485,1.9,3.0,2.318181818181819,0.2878787878787879,0.09090909090909094
0,CrossEntropyLoss,LAC,0.020000000000000018,1.0,3.1515151515151514,2.303030303030303,,0.0,2.303030303030303,0.0,0.1515151515151515
0,CrossEntropyLoss,LAC,0.030000000000000027,1.0,3.1515151515151514,2.303030303030303,,0.0,2.303030303030303,0.0,0.1515151515151515
0,CrossEntropyLoss,LAC,0.050000000000000044,1.0,1.9393939393939394,1.1818181818181819,,0.0,1.1818181818181819,0.0,0.2272727272727273
0,CrossEntropyLoss,LAC,0.07999999999999996,0.9696969696969697,1.7424242424242424,0.9848484848484849,1.0,1.0,1.7424242424242429,0.030303030303030304,0.21212121212121215
0,CrossEntropyLoss,LAC,0.09999999999999998,0.9696969696969697,1.696969696969697,0.9393939393939394,1.0,1.0,1.5454545454545454,0.030303030303030304,0.21212121212121215
0,CrossEntropyLoss,LAC,0.13,0.9545454545454546,1.6515151515151516,0.8636363636363636,1.0,1.0,1.5629370629370631,0.045454545454545456,0.18181818181818177
0,CrossEntropyLoss,LAC,0.15000000000000002,0.9393939393939394,1.378787878787879,0.5151515151515151,1.75,3.0,1.9292929292929293,0.10606060606060606,0.12121212121212122
0,CrossEntropyLoss,LAC,0.18000000000000005,0.8181818181818182,0.9393939393939394,0.0,2.0833333333333335,3.0,3.3670033670033663,0.3787878787878788,0.0
0,CrossEntropyLoss,LAC,0.19999999999999996,0.7878787878787878,0.8787878787878788,0.0,2.4285714285714284,3.0,3.3333333333333344,0.5151515151515151,0.0
1,CrossEntropyLoss,min-CPS,0.020000000000000018,1.0,3.242424242424242,2.242424242424242,,0.0,2.242424242424242,0.0,0.0
1,CrossEntropyLoss,min-CPS,0.030000000000000027,0.9696969696969697,2.0606060606060606,1.0606060606060606,2.0,2.0,5.101010101010098,0.06060606060606061,0.0
1,CrossEntropyLoss,min-CPS,0.050000000000000044,0.9393939393939394,1.8484848484848484,0.8484848484848485,1.75,2.0,5.090909090909087,0.10606060606060606,0.0
1,CrossEntropyLoss,min-CPS,0.07999999999999996,0.9393939393939394,1.8181818181818181,0.8181818181818182,1.75,2.0,3.4696969696969715,0.10606060606060606,0.0
1,CrossEntropyLoss,min-CPS,0.09999999999999998,0.9242424242424242,1.7878787878787878,0.7878787878787878,1.6,2.0,3.2121212121212124,0.12121212121212122,0.0
1,CrossEntropyLoss,min-CPS,0.13,0.9242424242424242,1.4090909090909092,0.4090909090909091,2.0,3.0,2.7400932400932394,0.15151515151515152,0.0
1,CrossEntropyLoss,min-CPS,0.15000000000000002,0.9090909090909091,1.1666666666666667,0.16666666666666666,1.8333333333333333,3.0,2.3888888888888884,0.16666666666666666,0.0
1,CrossEntropyLoss,min-CPS,0.18000000000000005,0.8636363636363636,1.0,0.0,1.7777777777777777,3.0,2.693602693602693,0.24242424242424243,0.0
1,CrossEntropyLoss,min-CPS,0.19999999999999996,0.8636363636363636,1.0,0.0,1.7777777777777777,3.0,2.424242424242425,0.24242424242424243,0.0
1,CrossEntropyLoss,RPS,0.020000000000000018,0.9848484848484849,3.3333333333333335,2.3333333333333335,1.0,1.0,3.8484848484848473,0.015151515151515152,0.0
1,CrossEntropyLoss,RPS,0.030000000000000027,0.9848484848484849,3.3333333333333335,2.3333333333333335,1.0,1.0,3.343434343434343,0.015151515151515152,0.0
1,CrossEntropyLoss,RPS,0.050000000000000044,0.9393939393939394,2.8636363636363638,1.8636363636363635,1.0,1.0,4.287878787878786,0.06060606060606061,0.0
1,CrossEntropyLoss,RPS,0.07999999999999996,0.9393939393939394,2.590909090909091,1.5909090909090908,1.25,2.0,3.4848484848484858,0.07575757575757576,0.0
1,CrossEntropyLoss,RPS,0.09999999999999998,0.9393939393939394,1.4696969696969697,0.4696969696969697,2.0,2.0,2.8939393939393945,0.12121212121212122,0.0
1,CrossEntropyLoss,RPS,0.13,0.9242424242424242,1.4090909090909092,0.4090909090909091,1.8,2.0,2.5069930069930066,0.13636363636363635,0.0
1,CrossEntropyLoss,RPS,0.15000000000000002,0.9242424242424242,1.4090909090909092,0.4090909090909091,1.8,2.0,2.227272727272727,0.13636363636363635,0.0
1,CrossEntropyLoss,RPS,0.18000000000000005,0.8939393939393939,1.106060606060606,0.10606060606060606,1.7142857142857142,3.0,2.126262626262626,0.18181818181818182,0.0
1,CrossEntropyLoss,RPS,0.19999999999999996,0.8787878787878788,1.0,0.015151515151515152,2.0,3.0,2.1363636363636367,0.24242424242424243,0.0
1,CrossEntropyLoss,OCDF,0.020000000000000018,1.0,3.6515151515151514,2.6515151515151514,,0.0,2.6515151515151514,0.0,0.0
1,CrossEntropyLoss,OCDF,0.030000000000000027,1.0,3.6515151515151514,2.6515151515151514,,0.0,2.6515151515151514,0.0,0.0
1,CrossEntropyLoss,OCDF,0.050000000000000044,0.9545454545454546,2.787878787878788,1.7878787878787878,2.0,2.0,5.424242424242421,0.09090909090909091,0.0
1,CrossEntropyLoss,OCDF,0.07999999999999996,0.9393939393939394,2.727272727272727,1.7272727272727273,1.75,2.0,4.378787878787881,0.10606060606060606,0.0
1,CrossEntropyLoss,OCDF,0.09999999999999998,0.9393939393939394,2.6515151515151514,1.6515151515151516,1.75,2.0,3.772727272727273,0.10606060606060606,0.0
1,CrossEntropyLoss,OCDF,0.13,0.8939393939393939,2.378787878787879,1.378787878787879,1.7142857142857142,2.0,4.1759906759906755,0.18181818181818182,0.0
1,CrossEntropyLoss,OCDF,0.15000000000000002,0.8939393939393939,2.3636363636363638,1.3636363636363635,1.7142857142857142,2.0,3.787878787878788,0.18181818181818182,0.0
1,CrossEntropyLoss,OCDF,0.18000000000000005,0.8939393939393939,2.303030303030303,1.303030303030303,1.7142857142857142,2.0,3.3232323232323226,0.18181818181818182,0.0
1,CrossEntropyLoss,OCDF,0.19999999999999996,0.8636363636363636,2.0454545454545454,1.0454545454545454,1.6666666666666667,2.0,3.3181818181818183,0.22727272727272727,0.0
1,CrossEntropyLoss,APS,0.020000000000000018,1.0,2.909090909090909,2.106060606060606,,0.0,2.106060606060606,0.0,0.18181818181818177
1,CrossEntropyLoss,APS,0.030000000000000027,1.0,2.909090909090909,2.106060606060606,,0.0,2.106060606060606,0.0,0.18181818181818177
1,CrossEntropyLoss,APS,0.050000000000000044,0.9848484848484849,2.0606060606060606,1.3484848484848484,2.0,2.0,2.5606060606060597,0.030303030303030304,0.2727272727272727
1,CrossEntropyLoss,APS,0.07999999999999996,0.9242424242424242,1.5606060606060606,0.696969696969697,1.6,2.0,3.727272727272729,0.12121212121212122,0.12121212121212122
1,CrossEntropyLoss,APS,0.09999999999999998,0.9242424242424242,1.5303030303030303,0.6666666666666666,1.6,2.0,3.0909090909090913,0.12121212121212122,0.12121212121212122
1,CrossEntropyLoss,APS,0.13,0.9242424242424242,1.3181818181818181,0.4393939393939394,2.0,3.0,2.7703962703962697,0.15151515151515152,0.09090909090909094
1,CrossEntropyLoss,APS,0.15000000000000002,0.9090909090909091,1.2575757575757576,0.3787878787878788,2.1666666666666665,3.0,3.0050505050505047,0.19696969696969696,0.09090909090909094
1,CrossEntropyLoss,APS,0.18000000000000005,0.8939393939393939,1.1666666666666667,0.2878787878787879,2.2857142857142856,3.0,2.4764309764309758,0.24242424242424243,0.06060606060606055
1,CrossEntropyLoss,APS,0.19999999999999996,0.8636363636363636,1.0909090909090908,0.25757575757575757,2.3333333333333335,3.0,2.2272727272727275,0.3181818181818182,0.0757575757575758
1,CrossEntropyLoss,LAC,0.020000000000000018,1.0,3.106060606060606,2.212121212121212,,0.0,2.212121212121212,0.0,0.10606060606060608
1,CrossEntropyLoss,LAC,0.030000000000000027,1.0,3.106060606060606,2.212121212121212,,0.0,2.212121212121212,0.0,0.10606060606060608
1,CrossEntropyLoss,LAC,0.050000000000000044,0.9696969696969697,1.8333333333333333,1.0303030303030303,2.0,2.0,3.4545454545454524,0.06060606060606061,0.18181818181818177
1,CrossEntropyLoss,LAC,0.07999999999999996,0.9242424242424242,1.621212121212121,0.7878787878787878,1.6,2.0,3.81818181818182,0.12121212121212122,0.1515151515151515
1,CrossEntropyLoss,LAC,0.09999999999999998,0.9242424242424242,1.621212121212121,0.7878787878787878,1.6,2.0,3.2121212121212124,0.12121212121212122,0.1515151515151515
1,CrossEntropyLoss,LAC,0.13,0.9242424242424242,1.2878787878787878,0.3787878787878788,2.0,3.0,2.709790209790209,0.15151515151515152,0.0757575757575758
1,CrossEntropyLoss,LAC,0.15000000000000002,0.9090909090909091,1.121212121212121,0.18181818181818182,1.8333333333333333,3.0,2.4040404040404035,0.16666666666666666,0.045454545454545414
1,CrossEntropyLoss,LAC,0.18000000000000005,0.9090909090909091,1.0454545454545454,0.07575757575757576,1.8333333333333333,3.0,1.9276094276094273,0.16666666666666666,0.030303030303030276
1,CrossEntropyLoss,LAC,0.19999999999999996,0.8787878787878788,1.0151515151515151,0.015151515151515152,1.875,3.0,2.2878787878787885,0.22727272727272727,0.0
2,CrossEntropyLoss,min-CPS,0.020000000000000018,0.9848484848484849,2.1818181818181817,1.1818181818181819,2.0,2.0,4.212121212121209,0.030303030303030304,0.0
2,CrossEntropyLoss,min-CPS,0.030000000000000027,0.9848484848484849,2.1515151515151514,1.1515151515151516,2.0,2.0,3.17171717171717,0.030303030303030304,0.0
2,CrossEntropyLoss,min-CPS,0.050000000000000044,0.9393939393939394,1.8181818181818181,0.8181818181818182,1.75,2.0,5.060606060606057,0.10606060606060606,0.0
2,CrossEntropyLoss,min-CPS,0.07999999999999996,0.9242424242424242,1.7121212121212122,0.7121212121212122,1.6,2.0,3.742424242424244,0.12121212121212122,0.0
2,CrossEntropyLoss,min-CPS,0.09999999999999998,0.9242424242424242,1.7121212121212122,0.7121212121212122,1.6,2.0,3.1363636363636367,0.12121212121212122,0.0
2,CrossEntropyLoss,min-CPS,0.13,0.9242424242424242,1.3636363636363635,0.36363636363636365,2.0,3.0,2.694638694638694,0.15151515151515152,0.0
2,CrossEntropyLoss,min-CPS,0.15000000000000002,0.9090909090909091,1.196969696969697,0.19696969696969696,1.8333333333333333,3.0,2.419191919191919,0.16666666666666666,0.0
2,CrossEntropyLoss,min-CPS,0.18000000000000005,0.8939393939393939,1.0454545454545454,0.045454545454545456,1.7142857142857142,3.0,2.0656565656565653,0.18181818181818182,0.0
2,CrossEntropyLoss,min-CPS,0.19999999999999996,0.8939393939393939,1.0454545454545454,0.045454545454545456,1.7142857142857142,3.0,1.863636363636364,0.18181818181818182,0.0
2,CrossEntropyLoss,RPS,0.020000000000000018,0.9696969696969697,2.9696969696969697,1.9696969696969697,1.0,1.0,4.999999999999997,0.030303030303030304,0.0
2,CrossEntropyLoss,RPS,0.030000000000000027,0.9696969696969697,2.9696969696969697,1.9696969696969697,1.0,1.0,3.9898989898989887,0.030303030303030304,0.0
2,CrossEntropyLoss,RPS,0.050000000000000044,0.9393939393939394,2.8484848484848486,1.8484848484848484,1.0,1.0,4.272727272727271,0.06060606060606061,0.0
2,CrossEntropyLoss,RPS,0.07999999999999996,0.9393939393939394,2.590909090909091,1.5909090909090908,1.25,2.0,3.4848484848484858,0.07575757575757576,0.0
2,CrossEntropyLoss,RPS,0.09999999999999998,0.9242424242424242,1.4848484848484849,0.48484848484848486,1.8,2.0,3.2121212121212124,0.13636363636363635,0.0
2,CrossEntropyLoss,RPS,0.13,0.9242424242424242,1.4393939393939394,0.4393939393939394,1.8,2.0,2.5372960372960374,0.13636363636363635,0.0
2,CrossEntropyLoss,RPS,0.15000000000000002,0.9242424242424242,1.4242424242424243,0.42424242424242425,1.8,2.0,2.242424242424242,0.13636363636363635,0.0
2,CrossEntropyLoss,RPS,0.18000000000000005,0.9242424242424242,1.1363636363636365,0.13636363636363635,2.0,3.0,1.8198653198653194,0.15151515151515152,0.0
2,CrossEntropyLoss,RPS,0.19999999999999996,0.8787878787878788,1.0,0.0,1.625,3.0,1.9696969696969702,0.19696969696969696,0.0
2,CrossEntropyLoss,OCDF,0.020000000000000018,0.9848484848484849,3.0606060606060606,2.0606060606060606,2.0,2.0,5.090909090909088,0.030303030303030304,0.0
2,CrossEntropyLoss,OCDF,0.030000000000000027,0.9848484848484849,3.0606060606060606,2.0606060606060606,2.0,2.0,4.0808080808080796,0.030303030303030304,0.0
2,CrossEntropyLoss,OCDF,0.050000000000000044,0.9545454545454546,2.8484848484848486,1.8484848484848484,2.0,2.0,5.484848484848483,0.09090909090909091,0.0
2,CrossEntropyLoss,OCDF,0.07999999999999996,0.9545454545454546,2.8181818181818183,1.8181818181818181,2.0,2.0,4.090909090909093,0.09090909090909091,0.0
2,CrossEntropyLoss,OCDF,0.09999999999999998,0.9545454545454546,2.772727272727273,1.7727272727272727,2.0,2.0,3.590909090909091,0.09090909090909091,0.0
2,CrossEntropyLoss,OCDF,0.13,0.9393939393939394,2.5454545454545454,1.5454545454545454,1.75,2.0,3.1771561771561774,0.10606060606060606,0.0
2,CrossEntropyLoss,OCDF,0.15000000000000002,0.9393939393939394,2.5,1.5,1.75,2.0,2.914141414141414,0.10606060606060606,0.0
2,CrossEntropyLoss,OCDF,0.18000000000000005,0.8787878787878788,2.272727272727273,1.2727272727272727,1.375,2.0,3.124579124579124,0.16666666666666666,0.0
2,CrossEntropyLoss,OCDF,0.19999999999999996,0.8636363636363636,2.090909090909091,1.0909090909090908,1.4444444444444444,2.0,3.0606060606060606,0.19696969696969696,0.0
2,CrossEntropyLoss,APS,0.020000000000000018,0.9848484848484849,2.257575757575758,1.5454545454545454,2.0,2.0,4.5757575757575735,0.030303030303030304,0.24242424242424243
2,CrossEntropyLoss,APS,0.030000000000000027,0.9848484848484849,2.257575757575758,1.5454545454545454,2.0,2.0,3.565656565656564,0.030303030303030304,0.24242424242424243
2,CrossEntropyLoss,APS,0.050000000000000044,0.9393939393939394,1.6818181818181819,0.9090909090909091,1.5,2.0,4.545454545454542,0.09090909090909091,0.19696969696969702
2,CrossEntropyLoss,APS,0.07999999999999996,0.9242424242424242,1.5,0.6515151515151515,1.6,2.0,3.6818181818181834,0.12121212121212122,0.13636363636363635
2,CrossEntropyLoss,APS,0.09999999999999998,0.9242424242424242,1.5,0.6515151515151515,1.6,2.0,3.075757575757576,0.12121212121212122,0.13636363636363635
2,CrossEntropyLoss,APS,0.13,0.9242424242424242,1.3333333333333333,0.4393939393939394,2.0,3.0,2.7703962703962697,0.15151515151515152,0.10606060606060608
2,CrossEntropyLoss,APS,0.15000000000000002,0.9242424242424242,1.303030303030303,0.4090909090909091,2.0,3.0,2.429292929292929,0.15151515151515152,0.10606060606060608
2,CrossEntropyLoss,APS,0.18000000000000005,0.8939393939393939,1.2121212121212122,0.3484848484848485,2.2857142857142856,3.0,2.5370370370370368,0.24242424242424243,0.10606060606060608
2,CrossEntropyLoss,APS,0.19999999999999996,0.8787878787878788,1.1666666666666667,0.3181818181818182,2.375,3.0,2.5909090909090913,0.2878787878787879,0.10606060606060608
2,CrossEntropyLoss,LAC,0.020000000000000018,0.9848484848484849,1.8636363636363635,1.0757575757575757,2.0,2.0,4.106060606060604,0.030303030303030304,0.21212121212121215
2,CrossEntropyLoss,LAC,0.030000000000000027,0.9848484848484849,1.8636363636363635,1.0757575757575757,2.0,2.0,3.0959595959595942,0.030303030303030304,0.21212121212121215
2,CrossEntropyLoss,LAC,0.050000000000000044,0.9696969696969697,1.7727272727272727,1.0151515151515151,2.0,2.0,3.4393939393939372,0.06060606060606061,0.21212121212121215
2,CrossEntropyLoss,LAC,0.07999999999999996,0.9242424242424242,1.5454545454545454,0.7272727272727273,1.6,2.0,3.757575757575759,0.12121212121212122,0.16666666666666663
2,CrossEntropyLoss,LAC,0.09999999999999998,0.9242424242424242,1.5454545454545454,0.7272727272727273,1.6,2.0,3.151515151515152,0.12121212121212122,0.16666666666666663
2,CrossEntropyLoss,LAC,0.13,0.9242424242424242,1.2575757575757576,0.36363636363636365,2.0,3.0,2.694638694638694,0.15151515151515152,0.10606060606060608
2,CrossEntropyLoss,LAC,0.15000000000000002,0.9242424242424242,1.1666666666666667,0.22727272727272727,2.0,3.0,2.2474747474747474,0.15151515151515152,0.06060606060606055
2,CrossEntropyLoss,LAC,0.18000000000000005,0.8787878787878788,1.0303030303030303,0.06060606060606061,1.625,3.0,2.249158249158249,0.19696969696969696,0.030303030303030276
2,CrossEntropyLoss,LAC,0.19999999999999996,0.8636363636363636,0.9848484848484849,0.0,1.7777777777777777,3.0,2.2727272727272734,0.24242424242424243,0.0
3,CrossEntropyLoss,min-CPS,0.020000000000000018,0.9848484848484849,2.3484848484848486,1.3484848484848484,2.0,2.0,4.378787878787876,0.030303030303030304,0.0
3,CrossEntropyLoss,min-CPS,0.030000000000000027,0.9696969696969697,2.272727272727273,1.2727272727272727,2.0,2.0,5.31313131313131,0.06060606060606061,0.0
3,CrossEntropyLoss,min-CPS,0.050000000000000044,0.9696969696969697,2.1363636363636362,1.1363636363636365,2.0,2.0,3.5606060606060583,0.06060606060606061,0.0
3,CrossEntropyLoss,min-CPS,0.07999999999999996,0.9242424242424242,1.9242424242424243,0.9242424242424242,1.6,2.0,3.9545454545454564,0.12121212121212122,0.0
3,CrossEntropyLoss,min-CPS,0.09999999999999998,0.9090909090909091,1.893939393939394,0.8939393939393939,1.5,2.0,3.6212121212121215,0.13636363636363635,0.0
3,CrossEntropyLoss,min-CPS,0.13,0.8484848484848485,1.0606060606060606,0.06060606060606061,1.6,2.0,3.79020979020979,0.24242424242424243,0.0
3,CrossEntropyLoss,min-CPS,0.15000000000000002,0.8181818181818182,1.0,0.0,1.5,2.0,3.636363636363636,0.2727272727272727,0.0
3,CrossEntropyLoss,min-CPS,0.18000000000000005,0.8181818181818182,1.0,0.0,1.5,2.0,3.03030303030303,0.2727272727272727,0.0
3,CrossEntropyLoss,min-CPS,0.19999999999999996,0.8181818181818182,1.0,0.0,1.5,2.0,2.7272727272727275,0.2727272727272727,0.0
3,CrossEntropyLoss,RPS,0.020000000000000018,1.0,3.712121212121212,2.712121212121212,,0.0,2.712121212121212,0.0,0.0
3,CrossEntropyLoss,RPS,0.030000000000000027,1.0,3.712121212121212,2.712121212121212,,0.0,2.712121212121212,0.0,0.0
3,CrossEntropyLoss,RPS,0.050000000000000044,0.9696969696969697,3.106060606060606,2.106060606060606,1.0,1.0,3.3181818181818175,0.030303030303030304,0.0
3,CrossEntropyLoss,RPS,0.07999999999999996,0.9090909090909091,1.5606060606060606,0.5606060606060606,1.5,2.0,3.9696969696969715,0.13636363636363635,0.0
3,CrossEntropyLoss,RPS,0.09999999999999998,0.9090909090909091,1.5606060606060606,0.5606060606060606,1.5,2.0,3.287878787878789,0.13636363636363635,0.0
3,CrossEntropyLoss,RPS,0.13,0.8333333333333334,1.0757575757575757,0.07575757575757576,1.4545454545454546,2.0,3.8053613053613047,0.24242424242424243,0.0
3,CrossEntropyLoss,RPS,0.15000000000000002,0.8333333333333334,1.0151515151515151,0.015151515151515152,1.5454545454545454,2.0,3.4494949494949494,0.25757575757575757,0.0
3,CrossEntropyLoss,RPS,0.18000000000000005,0.7424242424242424,0.8787878787878788,0.0,2.235294117647059,3.0,4.208754208754208,0.5757575757575758,0.0
3,CrossEntropyLoss,RPS,0.19999999999999996,0.6818181818181818,0.7878787878787878,0.0,2.5238095238095237,3.0,4.090909090909092,0.803030303030303,0.0
3,CrossEntropyLoss,OCDF,0.020000000000000018,0.9848484848484849,3.1515151515151514,2.1515151515151514,2.0,2.0,5.181818181818179,0.030303030303030304,0.0
3,CrossEntropyLoss,OCDF,0.030000000000000027,0.9848484848484849,3.1515151515151514,2.1515151515151514,2.0,2.0,4.17171717171717,0.030303030303030304,0.0
3,CrossEntropyLoss,OCDF,0.050000000000000044,0.9393939393939394,2.909090909090909,1.9090909090909092,1.75,2.0,6.151515151515148,0.10606060606060606,0.0
3,CrossEntropyLoss,OCDF,0.07999999999999996,0.8787878787878788,2.4242424242424243,1.4242424242424243,1.625,2.0,6.34848484848485,0.19696969696969696,0.0
3,CrossEntropyLoss,OCDF,0.09999999999999998,0.8636363636363636,2.378787878787879,1.378787878787879,1.5555555555555556,2.0,5.621212121212122,0.21212121212121213,0.0
3,CrossEntropyLoss,OCDF,0.13,0.8333333333333334,2.212121212121212,1.2121212121212122,1.4545454545454546,2.0,4.9417249417249405,0.24242424242424243,0.0
3,CrossEntropyLoss,OCDF,0.15000000000000002,0.8181818181818182,2.0606060606060606,1.0606060606060606,1.4166666666666667,2.0,4.494949494949495,0.25757575757575757,0.0
3,CrossEntropyLoss,OCDF,0.18000000000000005,0.8181818181818182,1.0,0.0,1.5,2.0,3.03030303030303,0.2727272727272727,0.0
3,CrossEntropyLoss,OCDF,0.19999999999999996,0.8181818181818182,1.0,0.0,1.5,2.0,2.7272727272727275,0.2727272727272727,0.0
3,CrossEntropyLoss,APS,0.020000000000000018,0.9696969696969697,2.1666666666666665,1.5303030303030303,2.0,2.0,7.5909090909090855,0.06060606060606061,0.31818181818181823
3,CrossEntropyLoss,APS,0.030000000000000027,0.9696969696969697,2.1666666666666665,1.5303030303030303,2.0,2.0,5.570707070707067,0.06060606060606061,0.31818181818181823
3,CrossEntropyLoss,APS,0.050000000000000044,0.9545454545454546,1.9393939393939394,1.2878787878787878,1.6666666666666667,2.0,4.318181818181816,0.07575757575757576,0.31818181818181823
3,CrossEntropyLoss,APS,0.07999999999999996,0.9242424242424242,1.7424242424242424,1.0151515151515151,1.6,2.0,4.045454545454547,0.12121212121212122,0.25757575757575757
3,CrossEntropyLoss,APS,0.09999999999999998,0.9090909090909091,1.4545454545454546,0.6666666666666666,1.5,2.0,3.3939393939393945,0.13636363636363635,0.16666666666666663
3,CrossEntropyLoss,APS,0.13,0.8787878787878788,1.2272727272727273,0.4090909090909091,1.875,3.0,3.206293706293706,0.22727272727272727,0.12121212121212122
3,CrossEntropyLoss,APS,0.15000000000000002,0.8484848484848485,1.1818181818181819,0.36363636363636365,2.0,3.0,3.5959595959595956,0.30303030303030304,0.10606060606060608
3,CrossEntropyLoss,APS,0.18000000000000005,0.8181818181818182,1.106060606060606,0.21212121212121213,2.0,3.0,3.5791245791245783,0.36363636363636365,0.045454545454545414
3,CrossEntropyLoss,APS,0.19999999999999996,0.803030303030303,1.0606060606060606,0.16666666666666666,1.9230769230769231,3.0,3.3484848484848495,0.3787878787878788,0.045454545454545414
3,CrossEntropyLoss,LAC,0.020000000000000018,0.9848484848484849,2.0,1.303030303030303,2.0,2.0,4.33333333333333,0.030303030303030304,0.28787878787878785
3,CrossEntropyLoss,LAC,0.030000000000000027,0.9848484848484849,2.0,1.303030303030303,2.0,2.0,3.3232323232323218,0.030303030303030304,0.28787878787878785
3,CrossEntropyLoss,LAC,0.050000000000000044,0.9696969696969697,1.9393939393939394,1.2424242424242424,2.0,2.0,3.6666666666666643,0.06060606060606061,0.28787878787878785
3,CrossEntropyLoss,LAC,0.07999999999999996,0.9393939393939394,1.7121212121212122,0.9696969696969697,1.75,2.0,3.621212121212123,0.10606060606060606,0.2272727272727273
3,CrossEntropyLoss,LAC,0.09999999999999998,0.9090909090909091,1.621212121212121,0.8939393939393939,1.5,2.0,3.6212121212121215,0.13636363636363635,0.2272727272727273
3,CrossEntropyLoss,LAC,0.13,0.8636363636363636,1.0909090909090908,0.16666666666666666,1.5555555555555556,2.0,3.4300699300699296,0.21212121212121213,0.06060606060606055
3,CrossEntropyLoss,LAC,0.15000000000000002,0.8484848484848485,1.0606060606060606,0.12121212121212122,1.5,2.0,3.151515151515151,0.22727272727272727,0.045454545454545414
3,CrossEntropyLoss,LAC,0.18000000000000005,0.7575757575757576,0.8939393939393939,0.0,2.1875,3.0,4.208754208754208,0.5303030303030303,0.0
3,CrossEntropyLoss,LAC,0.19999999999999996,0.696969696969697,0.803030303030303,0.0,2.5,3.0,4.090909090909092,0.7575757575757576,0.0
4,CrossEntropyLoss,min-CPS,0.020000000000000018,1.0,3.4242424242424243,2.4242424242424243,,0.0,2.4242424242424243,0.0,0.0
4,CrossEntropyLoss,min-CPS,0.030000000000000027,0.9545454545454546,2.015151515151515,1.0151515151515151,2.0,2.0,7.075757575757571,0.09090909090909091,0.0
4,CrossEntropyLoss,min-CPS,0.050000000000000044,0.9393939393939394,1.9393939393939394,0.9393939393939394,2.0,2.0,5.787878787878784,0.12121212121212122,0.0
4,CrossEntropyLoss,min-CPS,0.07999999999999996,0.9393939393939394,1.8636363636363635,0.8636363636363636,2.0,2.0,3.893939393939396,0.12121212121212122,0.0
4,CrossEntropyLoss,min-CPS,0.09999999999999998,0.9090909090909091,1.5151515151515151,0.5151515151515151,1.8333333333333333,2.0,3.8484848484848495,0.16666666666666666,0.0
4,CrossEntropyLoss,min-CPS,0.13,0.8787878787878788,1.1818181818181819,0.18181818181818182,1.75,2.0,3.4452214452214447,0.21212121212121213,0.0
4,CrossEntropyLoss,min-CPS,0.15000000000000002,0.8333333333333334,1.0,0.0,1.6363636363636365,2.0,3.6363636363636354,0.2727272727272727,0.0
4,CrossEntropyLoss,min-CPS,0.18000000000000005,0.8333333333333334,1.0,0.0,1.6363636363636365,2.0,3.0303030303030294,0.2727272727272727,0.0
4,CrossEntropyLoss,min-CPS,0.19999999999999996,0.8333333333333334,1.0,0.0,1.6363636363636365,2.0,2.727272727272728,0.2727272727272727,0.0
4,CrossEntropyLoss,RPS,0.020000000000000018,1.0,3.6818181818181817,2.6818181818181817,,0.0,2.6818181818181817,0.0,0.0
4,CrossEntropyLoss,RPS,0.030000000000000027,1.0,3.6818181818181817,2.6818181818181817,,0.0,2.6818181818181817,0.0,0.0
4,CrossEntropyLoss,RPS,0.050000000000000044,0.9090909090909091,2.621212121212121,1.621212121212121,1.0,1.0,5.257575757575754,0.09090909090909091,0.0
4,CrossEntropyLoss,RPS,0.07999999999999996,0.9090909090909091,1.4848484848484849,0.48484848484848486,1.6666666666666667,2.0,4.272727272727274,0.15151515151515152,0.0
4,CrossEntropyLoss,RPS,0.09999999999999998,0.8939393939393939,1.4242424242424243,0.42424242424242425,1.5714285714285714,2.0,3.7575757575757582,0.16666666666666666,0.0
4,CrossEntropyLoss,RPS,0.13,0.8636363636363636,1.1363636363636365,0.13636363636363635,1.6666666666666667,2.0,3.6328671328671325,0.22727272727272727,0.0
4,CrossEntropyLoss,RPS,0.15000000000000002,0.8636363636363636,1.0909090909090908,0.09090909090909091,1.6666666666666667,2.0,3.1212121212121207,0.22727272727272727,0.0
4,CrossEntropyLoss,RPS,0.18000000000000005,0.8484848484848485,1.0151515151515151,0.015151515151515152,1.7,2.0,2.8771043771043767,0.25757575757575757,0.0
4,CrossEntropyLoss,RPS,0.19999999999999996,0.8484848484848485,1.0151515151515151,0.015151515151515152,1.7,2.0,2.5909090909090913,0.25757575757575757,0.0
4,CrossEntropyLoss,OCDF,0.020000000000000018,1.0,3.6818181818181817,2.6818181818181817,,0.0,2.6818181818181817,0.0,0.0
4,CrossEntropyLoss,OCDF,0.030000000000000027,1.0,3.6818181818181817,2.6818181818181817,,0.0,2.6818181818181817,0.0,0.0
4,CrossEntropyLoss,OCDF,0.050000000000000044,0.9242424242424242,2.803030303030303,1.803030303030303,1.8,2.0,7.2575757575757525,0.13636363636363635,0.0
4,CrossEntropyLoss,OCDF,0.07999999999999996,0.9242424242424242,2.6666666666666665,1.6666666666666667,1.8,2.0,5.075757575757578,0.13636363636363635,0.0
4,CrossEntropyLoss,OCDF,0.09999999999999998,0.9242424242424242,2.515151515151515,1.5151515151515151,1.8,2.0,4.242424242424242,0.13636363636363635,0.0
4,CrossEntropyLoss,OCDF,0.13,0.8939393939393939,2.409090909090909,1.4090909090909092,1.7142857142857142,2.0,4.206293706293706,0.18181818181818182,0.0
4,CrossEntropyLoss,OCDF,0.15000000000000002,0.8939393939393939,2.393939393939394,1.393939393939394,1.7142857142857142,2.0,3.8181818181818183,0.18181818181818182,0.0
4,CrossEntropyLoss,OCDF,0.18000000000000005,0.8484848484848485,2.1666666666666665,1.1666666666666667,1.5,2.0,3.691919191919191,0.22727272727272727,0.0
4,CrossEntropyLoss,OCDF,0.19999999999999996,0.8333333333333334,1.0,0.0,1.6363636363636365,2.0,2.727272727272728,0.2727272727272727,0.0
4,CrossEntropyLoss,APS,0.020000000000000018,1.0,3.0303030303030303,2.303030303030303,,0.0,2.303030303030303,0.0,0.2727272727272727
4,CrossEntropyLoss,APS,0.030000000000000027,1.0,3.0303030303030303,2.303030303030303,,0.0,2.303030303030303,0.0,0.2727272727272727
4,CrossEntropyLoss,APS,0.050000000000000044,0.9545454545454546,1.878787878787879,1.2272727272727273,2.0,2.0,4.86363636363636,0.09090909090909091,0.303030303030303
4,CrossEntropyLoss,APS,0.07999999999999996,0.9393939393939394,1.5303030303030303,0.7575757575757576,2.0,2.0,3.7878787878787894,0.12121212121212122,0.16666666666666663
4,CrossEntropyLoss,APS,0.09999999999999998,0.9393939393939394,1.5303030303030303,0.7575757575757576,2.0,2.0,3.181818181818182,0.12121212121212122,0.16666666666666663
4,CrossEntropyLoss,APS,0.13,0.8787878787878788,1.196969696969697,0.3484848484848485,2.0,3.0,4.078088578088578,0.24242424242424243,0.09090909090909094
4,CrossEntropyLoss,APS,0.15000000000000002,0.8787878787878788,1.196969696969697,0.3484848484848485,2.0,3.0,3.5808080808080804,0.24242424242424243,0.09090909090909094
4,CrossEntropyLoss,APS,0.18000000000000005,0.8333333333333334,1.106060606060606,0.2727272727272727,2.3636363636363638,3.0,3.134680134680134,0.3939393939393939,0.06060606060606055
4,CrossEntropyLoss,APS,0.19999999999999996,0.8181818181818182,1.0606060606060606,0.21212121212121213,2.4166666666666665,3.0,3.0909090909090917,0.4393939393939394,0.045454545454545414
4,CrossEntropyLoss,LAC,0.020000000000000018,1.0,3.196969696969697,2.393939393939394,,0.0,2.393939393939394,0.0,0.19696969696969702
4,CrossEntropyLoss,LAC,0.030000000000000027,1.0,3.196969696969697,2.393939393939394,,0.0,2.393939393939394,0.0,0.19696969696969702
4,CrossEntropyLoss,LAC,0.050000000000000044,0.9545454545454546,1.7575757575757576,1.0,2.0,2.0,4.636363636363633,0.09090909090909091,0.21212121212121215
4,CrossEntropyLoss,LAC,0.07999999999999996,0.9242424242424242,1.606060606060606,0.8484848484848485,1.8,2.0,4.25757575757576,0.13636363636363635,0.19696969696969702
4,CrossEntropyLoss,LAC,0.09999999999999998,0.9242424242424242,1.5909090909090908,0.8333333333333334,1.8,2.0,3.5606060606060614,0.13636363636363635,0.19696969696969702
4,CrossEntropyLoss,LAC,0.13,0.8787878787878788,1.0909090909090908,0.15151515151515152,1.75,2.0,3.4149184149184144,0.21212121212121213,0.045454545454545414
4,CrossEntropyLoss,LAC,0.15000000000000002,0.8636363636363636,1.0303030303030303,0.045454545454545456,1.6666666666666667,2.0,3.0757575757575752,0.22727272727272727,0.015151515151515138
4,CrossEntropyLoss,LAC,0.18000000000000005,0.8484848484848485,1.0151515151515151,0.015151515151515152,1.7,2.0,2.8771043771043767,0.25757575757575757,0.0
4,CrossEntropyLoss,LAC,0.19999999999999996,0.8333333333333334,0.9545454545454546,0.0,2.1818181818181817,3.0,2.87878787878788,0.36363636363636365,0.0
5,CrossEntropyLoss,min-CPS,0.020000000000000018,1.0,3.3181818181818183,2.3181818181818183,,0.0,2.3181818181818183,0.0,0.0
5,CrossEntropyLoss,min-CPS,0.030000000000000027,1.0,2.303030303030303,1.303030303030303,,0.0,1.303030303030303,0.0,0.0
5,CrossEntropyLoss,min-CPS,0.050000000000000044,0.9848484848484849,2.1363636363636362,1.1363636363636365,2.0,2.0,2.3484848484848477,0.030303030303030304,0.0
5,CrossEntropyLoss,min-CPS,0.07999999999999996,0.9393939393939394,1.7878787878787878,0.7878787878787878,1.5,2.0,3.060606060606062,0.09090909090909091,0.0
5,CrossEntropyLoss,min-CPS,0.09999999999999998,0.9090909090909091,1.4848484848484849,0.48484848484848486,1.3333333333333333,2.0,2.9090909090909096,0.12121212121212122,0.0
5,CrossEntropyLoss,min-CPS,0.13,0.8939393939393939,1.2727272727272727,0.2727272727272727,1.5714285714285714,3.0,2.836829836829837,0.16666666666666666,0.0
5,CrossEntropyLoss,min-CPS,0.15000000000000002,0.8787878787878788,1.0454545454545454,0.045454545454545456,1.625,3.0,2.6717171717171713,0.19696969696969696,0.0
5,CrossEntropyLoss,min-CPS,0.18000000000000005,0.8787878787878788,1.0151515151515151,0.015151515151515152,1.625,3.0,2.2037037037037033,0.19696969696969696,0.0
5,CrossEntropyLoss,min-CPS,0.19999999999999996,0.8636363636363636,1.0,0.0,1.5555555555555556,3.0,2.121212121212122,0.21212121212121213,0.0
5,CrossEntropyLoss,RPS,0.020000000000000018,0.9848484848484849,3.3636363636363638,2.3636363636363638,1.0,1.0,3.8787878787878776,0.015151515151515152,0.0
5,CrossEntropyLoss,RPS,0.030000000000000027,0.9848484848484849,3.3636363636363638,2.3636363636363638,1.0,1.0,3.3737373737373733,0.015151515151515152,0.0
5,CrossEntropyLoss,RPS,0.050000000000000044,0.9696969696969697,2.9696969696969697,1.9696969696969697,1.0,1.0,3.1818181818181808,0.030303030303030304,0.0
5,CrossEntropyLoss,RPS,0.07999999999999996,0.9545454545454546,2.772727272727273,1.7727272727272727,1.3333333333333333,2.0,3.287878787878789,0.06060606060606061,0.0
5,CrossEntropyLoss,RPS,0.09999999999999998,0.9393939393939394,1.5,0.5,1.75,2.0,2.6212121212121215,0.10606060606060606,0.0
5,CrossEntropyLoss,RPS,0.13,0.8939393939393939,1.2575757575757576,0.25757575757575757,1.5714285714285714,3.0,2.8216783216783217,0.16666666666666666,0.0
5,CrossEntropyLoss,RPS,0.15000000000000002,0.8939393939393939,1.1515151515151516,0.15151515151515152,1.5714285714285714,3.0,2.3737373737373737,0.16666666666666666,0.0
5,CrossEntropyLoss,RPS,0.18000000000000005,0.8636363636363636,1.0,0.0,1.5555555555555556,3.0,2.356902356902357,0.21212121212121213,0.0
5,CrossEntropyLoss,RPS,0.19999999999999996,0.8333333333333334,0.9696969696969697,0.0,1.8181818181818181,3.0,3.030303030303031,0.30303030303030304,0.0
5,CrossEntropyLoss,OCDF,0.020000000000000018,1.0,3.696969696969697,2.696969696969697,,0.0,2.696969696969697,0.0,0.0
5,CrossEntropyLoss,OCDF,0.030000000000000027,1.0,3.696969696969697,2.696969696969697,,0.0,2.696969696969697,0.0,0.0
5,CrossEntropyLoss,OCDF,0.050000000000000044,0.9848484848484849,3.090909090909091,2.090909090909091,2.0,2.0,3.3030303030303023,0.030303030303030304,0.0
5,CrossEntropyLoss,OCDF,0.07999999999999996,0.9242424242424242,2.757575757575758,1.7575757575757576,1.4,2.0,4.409090909090911,0.10606060606060606,0.0
5,CrossEntropyLoss,OCDF,0.09999999999999998,0.9090909090909091,2.5757575757575757,1.5757575757575757,1.5,2.0,4.303030303030303,0.13636363636363635,0.0
5,CrossEntropyLoss,OCDF,0.13,0.9090909090909091,2.5,1.5,1.5,2.0,3.597902097902098,0.13636363636363635,0.0
5,CrossEntropyLoss,OCDF,0.15000000000000002,0.9090909090909091,2.4696969696969697,1.4696969696969697,1.5,2.0,3.287878787878788,0.13636363636363635,0.0
5,CrossEntropyLoss,OCDF,0.18000000000000005,0.8787878787878788,2.3181818181818183,1.3181818181818181,1.375,2.0,3.1700336700336695,0.16666666666666666,0.0
5,CrossEntropyLoss,OCDF,0.19999999999999996,0.8636363636363636,2.1363636363636362,1.1363636363636365,1.4444444444444444,2.0,3.106060606060606,0.19696969696969696,0.0
5,CrossEntropyLoss,APS,0.020000000000000018,1.0,2.9696969696969697,2.1515151515151514,,0.0,2.1515151515151514,0.0,0.18181818181818177
5,CrossEntropyLoss,APS,0.030000000000000027,1.0,2.9696969696969697,2.1515151515151514,,0.0,2.1515151515151514,0.0,0.18181818181818177
5,CrossEntropyLoss,APS,0.050000000000000044,0.9696969696969697,1.7575757575757576,1.0303030303030303,1.5,2.0,2.2424242424242418,0.045454545454545456,0.2272727272727273
5,CrossEntropyLoss,APS,0.07999999999999996,0.9242424242424242,1.5,0.7575757575757576,1.4,2.0,3.409090909090911,0.10606060606060606,0.21212121212121215
5,CrossEntropyLoss,APS,0.09999999999999998,0.8939393939393939,1.3484848484848484,0.5606060606060606,1.2857142857142858,2.0,3.2878787878787885,0.13636363636363635,0.16666666666666663
5,CrossEntropyLoss,APS,0.13,0.8939393939393939,1.3333333333333333,0.5454545454545454,1.2857142857142858,2.0,2.6433566433566433,0.13636363636363635,0.16666666666666663
5,CrossEntropyLoss,APS,0.15000000000000002,0.8787878787878788,1.2272727272727273,0.4393939393939394,1.5,3.0,2.6616161616161613,0.18181818181818182,0.1515151515151515
5,CrossEntropyLoss,APS,0.18000000000000005,0.8333333333333334,1.0909090909090908,0.30303030303030304,2.272727272727273,3.0,3.1649831649831643,0.3787878787878788,0.09090909090909094
5,CrossEntropyLoss,APS,0.19999999999999996,0.8333333333333334,1.0757575757575757,0.2727272727272727,2.272727272727273,3.0,2.848484848484849,0.3787878787878788,0.0757575757575758
5,CrossEntropyLoss,LAC,0.020000000000000018,1.0,3.121212121212121,2.287878787878788,,0.0,2.287878787878788,0.0,0.16666666666666663
5,CrossEntropyLoss,LAC,0.030000000000000027,1.0,3.121212121212121,2.287878787878788,,0.0,2.287878787878788,0.0,0.16666666666666663
5,CrossEntropyLoss,LAC,0.050000000000000044,0.9848484848484849,1.8181818181818181,1.0757575757575757,2.0,2.0,2.287878787878787,0.030303030303030304,0.21212121212121215
5,CrossEntropyLoss,LAC,0.07999999999999996,0.9090909090909091,1.5,0.7424242424242424,1.3333333333333333,2.0,3.7727272727272743,0.12121212121212122,0.19696969696969702
5,CrossEntropyLoss,LAC,0.09999999999999998,0.9090909090909091,1.4545454545454546,0.6818181818181818,1.3333333333333333,2.0,3.1060606060606064,0.12121212121212122,0.18181818181818177
5,CrossEntropyLoss,LAC,0.13,0.9090909090909091,1.1818181818181819,0.3333333333333333,1.6666666666666667,3.0,2.6643356643356637,0.15151515151515152,0.10606060606060608
5,CrossEntropyLoss,LAC,0.15000000000000002,0.8787878787878788,1.0454545454545454,0.09090909090909091,1.625,3.0,2.7171717171717167,0.19696969696969696,0.030303030303030276
5,CrossEntropyLoss,LAC,0.18000000000000005,0.8636363636363636,1.0303030303030303,0.07575757575757576,1.5555555555555556,3.0,2.4326599326599325,0.21212121212121213,0.030303030303030276
5,CrossEntropyLoss,LAC,0.19999999999999996,0.8636363636363636,1.0,0.0,1.5555555555555556,3.0,2.121212121212122,0.21212121212121213,0.0
6,CrossEntropyLoss,min-CPS,0.020000000000000018,0.9696969696969697,2.287878787878788,1.2878787878787878,2.0,2.0,7.348484848484843,0.06060606060606061,0.0
6,CrossEntropyLoss,min-CPS,0.030000000000000027,0.9696969696969697,2.227272727272727,1.2272727272727273,2.0,2.0,5.267676767676765,0.06060606060606061,0.0
6,CrossEntropyLoss,min-CPS,0.050000000000000044,0.8787878787878788,1.8484848484848484,0.8484848484848485,1.375,2.0,7.515151515151509,0.16666666666666666,0.0
6,CrossEntropyLoss,min-CPS,0.07999999999999996,0.8636363636363636,1.2424242424242424,0.24242424242424243,1.6666666666666667,3.0,5.924242424242427,0.22727272727272727,0.0
6,CrossEntropyLoss,min-CPS,0.09999999999999998,0.8636363636363636,1.2272727272727273,0.22727272727272727,1.6666666666666667,3.0,4.772727272727273,0.22727272727272727,0.0
6,CrossEntropyLoss,min-CPS,0.13,0.8484848484848485,1.0757575757575757,0.07575757575757576,1.7,3.0,4.038461538461538,0.25757575757575757,0.0
6,CrossEntropyLoss,min-CPS,0.15000000000000002,0.8333333333333334,1.0303030303030303,0.030303030303030304,1.6363636363636365,3.0,3.666666666666666,0.2727272727272727,0.0
6,CrossEntropyLoss,min-CPS,0.18000000000000005,0.8181818181818182,1.0,0.0,1.6666666666666667,3.0,3.3670033670033663,0.30303030303030304,0.0
6,CrossEntropyLoss,min-CPS,0.19999999999999996,0.8181818181818182,1.0,0.0,1.6666666666666667,3.0,3.030303030303031,0.30303030303030304,0.0
6,CrossEntropyLoss,RPS,0.020000000000000018,0.9545454545454546,3.0757575757575757,2.0757575757575757,1.0,1.0,6.6212121212121176,0.045454545454545456,0.0
6,CrossEntropyLoss,RPS,0.030000000000000027,0.9545454545454546,3.0757575757575757,2.0757575757575757,1.0,1.0,5.106060606060605,0.045454545454545456,0.0
6,CrossEntropyLoss,RPS,0.050000000000000044,0.9242424242424242,2.8484848484848486,1.8484848484848484,1.2,2.0,5.484848484848482,0.09090909090909091,0.0
6,CrossEntropyLoss,RPS,0.07999999999999996,0.8636363636363636,1.4848484848484849,0.48484848484848486,1.4444444444444444,2.0,5.409090909090912,0.19696969696969696,0.0
6,CrossEntropyLoss,RPS,0.09999999999999998,0.8484848484848485,1.1363636363636365,0.13636363636363635,1.6,3.0,4.984848484848485,0.24242424242424243,0.0
6,CrossEntropyLoss,RPS,0.13,0.8484848484848485,1.0606060606060606,0.06060606060606061,1.6,3.0,3.79020979020979,0.24242424242424243,0.0
6,CrossEntropyLoss,RPS,0.15000000000000002,0.8484848484848485,1.0606060606060606,0.06060606060606061,1.6,3.0,3.292929292929293,0.24242424242424243,0.0
6,CrossEntropyLoss,RPS,0.18000000000000005,0.7878787878787878,0.9545454545454546,0.0,1.9285714285714286,3.0,4.377104377104375,0.4090909090909091,0.0
6,CrossEntropyLoss,RPS,0.19999999999999996,0.7878787878787878,0.9242424242424242,0.0,2.142857142857143,3.0,3.636363636363637,0.45454545454545453,0.0
6,CrossEntropyLoss,OCDF,0.020000000000000018,0.9696969696969697,3.0757575757575757,2.0757575757575757,2.0,2.0,8.136363636363631,0.06060606060606061,0.0
6,CrossEntropyLoss,OCDF,0.030000000000000027,0.9696969696969697,3.0757575757575757,2.0757575757575757,2.0,2.0,6.116161616161613,0.06060606060606061,0.0
6,CrossEntropyLoss,OCDF,0.050000000000000044,0.9242424242424242,2.8636363636363638,1.8636363636363635,1.6,2.0,6.712121212121208,0.12121212121212122,0.0
6,CrossEntropyLoss,OCDF,0.07999999999999996,0.8787878787878788,2.378787878787879,1.378787878787879,1.5,2.0,5.9242424242424265,0.18181818181818182,0.0
6,CrossEntropyLoss,OCDF,0.09999999999999998,0.8484848484848485,2.3484848484848486,1.3484848484848484,1.4,2.0,5.590909090909092,0.21212121212121213,0.0
6,CrossEntropyLoss,OCDF,0.13,0.8484848484848485,2.287878787878788,1.2878787878787878,1.4,2.0,4.551282051282051,0.21212121212121213,0.0
6,CrossEntropyLoss,OCDF,0.15000000000000002,0.8484848484848485,2.242424242424242,1.2424242424242424,1.4,2.0,4.07070707070707,0.21212121212121213,0.0
6,CrossEntropyLoss,OCDF,0.18000000000000005,0.8181818181818182,1.0,0.0,1.6666666666666667,3.0,3.3670033670033663,0.30303030303030304,0.0
6,CrossEntropyLoss,OCDF,0.19999999999999996,0.8181818181818182,1.0,0.0,1.6666666666666667,3.0,3.030303030303031,0.30303030303030304,0.0
6,CrossEntropyLoss,APS,0.020000000000000018,0.9696969696969697,2.0,1.3484848484848484,1.5,2.0,5.893939393939391,0.045454545454545456,0.303030303030303
6,CrossEntropyLoss,APS,0.030000000000000027,0.9696969696969697,2.0,1.3484848484848484,1.5,2.0,4.378787878787876,0.045454545454545456,0.303030303030303
6,CrossEntropyLoss,APS,0.050000000000000044,0.9090909090909091,1.7272727272727273,1.0,1.5,2.0,5.848484848484845,0.13636363636363635,0.2272727272727273
6,CrossEntropyLoss,APS,0.07999999999999996,0.8484848484848485,1.1666666666666667,0.2878787878787879,1.8,3.0,6.348484848484852,0.2727272727272727,0.09090909090909094
6,CrossEntropyLoss,APS,0.09999999999999998,0.8484848484848485,1.1666666666666667,0.2878787878787879,1.8,3.0,5.136363636363638,0.2727272727272727,0.09090909090909094
6,CrossEntropyLoss,APS,0.13,0.803030303030303,1.106060606060606,0.2727272727272727,2.076923076923077,3.0,5.1678321678321675,0.4090909090909091,0.09090909090909094
6,CrossEntropyLoss,APS,0.15000000000000002,0.7878787878787878,1.0757575757575757,0.22727272727272727,2.0714285714285716,3.0,4.873737373737373,0.4393939393939394,0.0757575757575758
6,CrossEntropyLoss,APS,0.18000000000000005,0.7424242424242424,1.0151515151515151,0.18181818181818182,2.1176470588235294,3.0,4.895622895622895,0.5454545454545454,0.06060606060606055
6,CrossEntropyLoss,APS,0.19999999999999996,0.7424242424242424,0.9545454545454546,0.10606060606060606,2.235294117647059,3.0,4.196969696969698,0.5757575757575758,0.045454545454545414
6,CrossEntropyLoss,LAC,0.020000000000000018,0.9696969696969697,1.9848484848484849,1.2575757575757576,2.0,2.0,7.318181818181813,0.06060606060606061,0.24242424242424243
6,CrossEntropyLoss,LAC,0.030000000000000027,0.9696969696969697,1.9848484848484849,1.2575757575757576,2.0,2.0,5.297979797979795,0.06060606060606061,0.24242424242424243
6,CrossEntropyLoss,LAC,0.050000000000000044,0.8939393939393939,1.6515151515151516,0.9090909090909091,1.4285714285714286,2.0,6.969696969696964,0.15151515151515152,0.2272727272727273
6,CrossEntropyLoss,LAC,0.07999999999999996,0.8636363636363636,1.1666666666666667,0.2878787878787879,1.6666666666666667,3.0,5.969696969696973,0.22727272727272727,0.09090909090909094
6,CrossEntropyLoss,LAC,0.09999999999999998,0.8636363636363636,1.1363636363636365,0.22727272727272727,1.6666666666666667,3.0,4.772727272727273,0.22727272727272727,0.0757575757575758
6,CrossEntropyLoss,LAC,0.13,0.8636363636363636,1.0757575757575757,0.15151515151515152,1.6666666666666667,3.0,3.648018648018648,0.22727272727272727,0.06060606060606055
6,CrossEntropyLoss,LAC,0.15000000000000002,0.8636363636363636,1.0757575757575757,0.15151515151515152,1.6666666666666667,3.0,3.1818181818181817,0.22727272727272727,0.06060606060606055
6,CrossEntropyLoss,LAC,0.18000000000000005,0.7878787878787878,0.9242424242424242,0.0,2.142857142857143,3.0,4.04040404040404,0.45454545454545453,0.0
6,CrossEntropyLoss,LAC,0.19999999999999996,0.7727272727272727,0.9090909090909091,0.0,2.2,3.0,3.787878787878789,0.5,0.0
7,CrossEntropyLoss,min-CPS,0.020000000000000018,1.0,3.3636363636363638,2.3636363636363638,,0.0,2.3636363636363638,0.0,0.0
7,CrossEntropyLoss,min-CPS,0.030000000000000027,0.9848484848484849,2.1666666666666665,1.1666666666666667,2.0,2.0,3.186868686868685,0.030303030303030304,0.0
7,CrossEntropyLoss,min-CPS,0.050000000000000044,0.9848484848484849,2.1363636363636362,1.1363636363636365,2.0,2.0,2.3484848484848477,0.030303030303030304,0.0
7,CrossEntropyLoss,min-CPS,0.07999999999999996,0.9848484848484849,1.9848484848484849,0.9848484848484849,2.0,2.0,1.7424242424242429,0.030303030303030304,0.0
7,CrossEntropyLoss,min-CPS,0.09999999999999998,0.9848484848484849,1.9545454545454546,0.9545454545454546,2.0,2.0,1.5606060606060606,0.030303030303030304,0.0
7,CrossEntropyLoss,min-CPS,0.13,0.9393939393939394,1.7727272727272727,0.7727272727272727,1.25,2.0,1.938228438228438,0.07575757575757576,0.0
7,CrossEntropyLoss,min-CPS,0.15000000000000002,0.9393939393939394,1.2878787878787878,0.2878787878787879,1.25,2.0,1.2979797979797978,0.07575757575757576,0.0
7,CrossEntropyLoss,min-CPS,0.18000000000000005,0.8939393939393939,1.0303030303030303,0.030303030303030304,1.2857142857142858,2.0,1.545454545454545,0.13636363636363635,0.0
7,CrossEntropyLoss,min-CPS,0.19999999999999996,0.8939393939393939,1.0151515151515151,0.015151515151515152,1.2857142857142858,2.0,1.3787878787878791,0.13636363636363635,0.0
7,CrossEntropyLoss,RPS,0.020000000000000018,1.0,3.6363636363636362,2.6363636363636362,,0.0,2.6363636363636362,0.0,0.0
7,CrossEntropyLoss,RPS,0.030000000000000027,1.0,3.6363636363636362,2.6363636363636362,,0.0,2.6363636363636362,0.0,0.0
7,CrossEntropyLoss,RPS,0.050000000000000044,0.9848484848484849,3.0,2.0,1.0,1.0,2.6060606060606055,0.015151515151515152,0.0
7,CrossEntropyLoss,RPS,0.07999999999999996,0.9848484848484849,2.9545454545454546,1.9545454545454546,1.0,1.0,2.3333333333333335,0.015151515151515152,0.0
7,CrossEntropyLoss,RPS,0.09999999999999998,0.9848484848484849,2.878787878787879,1.878787878787879,1.0,1.0,2.1818181818181817,0.015151515151515152,0.0
7,CrossEntropyLoss,RPS,0.13,0.9848484848484849,2.606060606060606,1.606060606060606,1.0,1.0,1.8391608391608392,0.015151515151515152,0.0
7,CrossEntropyLoss,RPS,0.15000000000000002,0.9696969696969697,1.5303030303030303,0.5303030303030303,1.5,2.0,1.1363636363636365,0.045454545454545456,0.0
7,CrossEntropyLoss,RPS,0.18000000000000005,0.9090909090909091,1.1515151515151516,0.15151515151515152,1.1666666666666667,2.0,1.3299663299663298,0.10606060606060606,0.0
7,CrossEntropyLoss,RPS,0.19999999999999996,0.8636363636363636,0.9848484848484849,0.0,1.4444444444444444,3.0,1.9696969696969702,0.19696969696969696,0.0
7,CrossEntropyLoss,OCDF,0.020000000000000018,1.0,3.727272727272727,2.727272727272727,,0.0,2.727272727272727,0.0,0.0
7,CrossEntropyLoss,OCDF,0.030000000000000027,1.0,3.727272727272727,2.727272727272727,,0.0,2.727272727272727,0.0,0.0
7,CrossEntropyLoss,OCDF,0.050000000000000044,0.9848484848484849,3.0757575757575757,2.0757575757575757,2.0,2.0,3.287878787878787,0.030303030303030304,0.0
7,CrossEntropyLoss,OCDF,0.07999999999999996,0.9696969696969697,2.878787878787879,1.878787878787879,1.5,2.0,3.015151515151516,0.045454545454545456,0.0
7,CrossEntropyLoss,OCDF,0.09999999999999998,0.9545454545454546,2.8181818181818183,1.8181818181818181,1.3333333333333333,2.0,3.0303030303030303,0.06060606060606061,0.0
7,CrossEntropyLoss,OCDF,0.13,0.9242424242424242,2.484848484848485,1.4848484848484849,1.4,2.0,3.1165501165501164,0.10606060606060606,0.0
7,CrossEntropyLoss,OCDF,0.15000000000000002,0.9242424242424242,2.4696969696969697,1.4696969696969697,1.4,2.0,2.8838383838383836,0.10606060606060606,0.0
7,CrossEntropyLoss,OCDF,0.18000000000000005,0.8939393939393939,2.287878787878788,1.2878787878787878,1.2857142857142858,2.0,2.8030303030303028,0.13636363636363635,0.0
7,CrossEntropyLoss,OCDF,0.19999999999999996,0.8787878787878788,2.1666666666666665,1.1666666666666667,1.25,2.0,2.6818181818181817,0.15151515151515152,0.0
7,CrossEntropyLoss,APS,0.020000000000000018,1.0,3.196969696969697,2.3636363636363638,,0.0,2.3636363636363638,0.0,0.16666666666666663
7,CrossEntropyLoss,APS,0.030000000000000027,1.0,3.196969696969697,2.3636363636363638,,0.0,2.3636363636363638,0.0,0.16666666666666663
7,CrossEntropyLoss,APS,0.050000000000000044,0.9848484848484849,2.0454545454545454,1.2424242424242424,2.0,2.0,2.4545454545454537,0.030303030303030304,0.16666666666666663
7,CrossEntropyLoss,APS,0.07999999999999996,0.9696969696969697,1.803030303030303,1.0454545454545454,1.5,2.0,2.1818181818181825,0.045454545454545456,0.2272727272727273
7,CrossEntropyLoss,APS,0.09999999999999998,0.9696969696969697,1.7878787878787878,1.0303030303030303,1.5,2.0,1.9393939393939394,0.045454545454545456,0.2272727272727273
7,CrossEntropyLoss,APS,0.13,0.9393939393939394,1.4696969696969697,0.6515151515151515,1.25,2.0,1.8170163170163167,0.07575757575757576,0.13636363636363635
7,CrossEntropyLoss,APS,0.15000000000000002,0.9393939393939394,1.3484848484848484,0.5151515151515151,1.25,2.0,1.525252525252525,0.07575757575757576,0.12121212121212122
7,CrossEntropyLoss,APS,0.18000000000000005,0.9090909090909091,1.2272727272727273,0.42424242424242425,1.8333333333333333,3.0,1.7710437710437708,0.16666666666666666,0.12121212121212122
7,CrossEntropyLoss,APS,0.19999999999999996,0.8939393939393939,1.1515151515151516,0.3787878787878788,2.4285714285714284,3.0,1.4393939393939397,0.25757575757575757,0.10606060606060608
7,CrossEntropyLoss,LAC,0.020000000000000018,1.0,3.242424242424242,2.3484848484848486,,0.0,2.3484848484848486,0.0,0.10606060606060608
7,CrossEntropyLoss,LAC,0.030000000000000027,1.0,3.242424242424242,2.3484848484848486,,0.0,2.3484848484848486,0.0,0.10606060606060608
7,CrossEntropyLoss,LAC,0.050000000000000044,0.9848484848484849,1.8636363636363635,1.0909090909090908,2.0,2.0,2.3030303030303023,0.030303030303030304,0.21212121212121215
7,CrossEntropyLoss,LAC,0.07999999999999996,0.9848484848484849,1.8181818181818181,1.0303030303030303,2.0,2.0,1.7878787878787883,0.030303030303030304,0.19696969696969702
7,CrossEntropyLoss,LAC,0.09999999999999998,0.9848484848484849,1.7424242424242424,0.9696969696969697,2.0,2.0,1.5757575757575757,0.030303030303030304,0.21212121212121215
7,CrossEntropyLoss,LAC,0.13,0.9393939393939394,1.5606060606060606,0.7575757575757576,1.25,2.0,1.923076923076923,0.07575757575757576,0.1515151515151515
7,CrossEntropyLoss,LAC,0.15000000000000002,0.9393939393939394,1.2878787878787878,0.4393939393939394,1.25,2.0,1.4494949494949494,0.07575757575757576,0.12121212121212122
7,CrossEntropyLoss,LAC,0.18000000000000005,0.9242424242424242,1.121212121212121,0.22727272727272727,1.2,2.0,1.2373737373737372,0.09090909090909091,0.0757575757575758
7,CrossEntropyLoss,LAC,0.19999999999999996,0.8787878787878788,1.0151515151515151,0.045454545454545456,1.25,2.0,1.560606060606061,0.15151515151515152,0.015151515151515138
8,CrossEntropyLoss,min-CPS,0.020000000000000018,0.9696969696969697,2.212121212121212,1.2121212121212122,2.0,2.0,7.272727272727267,0.06060606060606061,0.0
8,CrossEntropyLoss,min-CPS,0.030000000000000027,0.9696969696969697,2.1666666666666665,1.1666666666666667,2.0,2.0,5.207070707070704,0.06060606060606061,0.0
8,CrossEntropyLoss,min-CPS,0.050000000000000044,0.9696969696969697,2.0,1.0,2.0,2.0,3.424242424242422,0.06060606060606061,0.0
8,CrossEntropyLoss,min-CPS,0.07999999999999996,0.9696969696969697,1.9696969696969697,0.9696969696969697,2.0,2.0,2.4848484848484858,0.06060606060606061,0.0
8,CrossEntropyLoss,min-CPS,0.09999999999999998,0.9696969696969697,1.9696969696969697,0.9696969696969697,2.0,2.0,2.1818181818181817,0.06060606060606061,0.0
8,CrossEntropyLoss,min-CPS,0.13,0.9242424242424242,1.5454545454545454,0.5454545454545454,1.6,2.0,2.41025641025641,0.12121212121212122,0.0
8,CrossEntropyLoss,min-CPS,0.15000000000000002,0.9242424242424242,1.3484848484848484,0.3484848484848485,1.6,2.0,1.9646464646464645,0.12121212121212122,0.0
8,CrossEntropyLoss,min-CPS,0.18000000000000005,0.9090909090909091,1.106060606060606,0.10606060606060606,1.6666666666666667,2.0,1.7895622895622891,0.15151515151515152,0.0
8,CrossEntropyLoss,min-CPS,0.19999999999999996,0.8939393939393939,1.0606060606060606,0.06060606060606061,1.5714285714285714,2.0,1.7272727272727275,0.16666666666666666,0.0
8,CrossEntropyLoss,RPS,0.020000000000000018,1.0,3.6818181818181817,2.6818181818181817,,0.0,2.6818181818181817,0.0,0.0
8,CrossEntropyLoss,RPS,0.030000000000000027,1.0,3.6818181818181817,2.6818181818181817,,0.0,2.6818181818181817,0.0,0.0
8,CrossEntropyLoss,RPS,0.050000000000000044,0.9696969696969697,3.0303030303030303,2.0303030303030303,1.0,1.0,3.2424242424242418,0.030303030303030304,0.0
8,CrossEntropyLoss,RPS,0.07999999999999996,0.9545454545454546,2.8484848484848486,1.8484848484848484,1.0,1.0,2.9848484848484858,0.045454545454545456,0.0
8,CrossEntropyLoss,RPS,0.09999999999999998,0.9393939393939394,1.5757575757575757,0.5757575757575758,1.5,2.0,2.3939393939393945,0.09090909090909091,0.0
8,CrossEntropyLoss,RPS,0.13,0.9393939393939394,1.5606060606060606,0.5606060606060606,1.5,2.0,1.9592074592074589,0.09090909090909091,0.0
8,CrossEntropyLoss,RPS,0.15000000000000002,0.9090909090909091,1.3484848484848484,0.3484848484848485,1.5,2.0,2.1666666666666665,0.13636363636363635,0.0
8,CrossEntropyLoss,RPS,0.18000000000000005,0.9090909090909091,1.1818181818181819,0.18181818181818182,1.5,2.0,1.6969696969696966,0.13636363636363635,0.0
8,CrossEntropyLoss,RPS,0.19999999999999996,0.8333333333333334,0.9393939393939394,0.0,2.090909090909091,3.0,3.030303030303031,0.3484848484848485,0.0
8,CrossEntropyLoss,OCDF,0.020000000000000018,0.9696969696969697,3.0757575757575757,2.0757575757575757,2.0,2.0,8.136363636363631,0.06060606060606061,0.0
8,CrossEntropyLoss,OCDF,0.030000000000000027,0.9696969696969697,3.0757575757575757,2.0757575757575757,2.0,2.0,6.116161616161613,0.06060606060606061,0.0
8,CrossEntropyLoss,OCDF,0.050000000000000044,0.9696969696969697,2.9696969696969697,1.9696969696969697,2.0,2.0,4.393939393939392,0.06060606060606061,0.0
8,CrossEntropyLoss,OCDF,0.07999999999999996,0.9393939393939394,2.8484848484848486,1.8484848484848484,1.5,2.0,4.121212121212123,0.09090909090909091,0.0
8,CrossEntropyLoss,OCDF,0.09999999999999998,0.9393939393939394,2.8181818181818183,1.8181818181818181,1.5,2.0,3.6363636363636362,0.09090909090909091,0.0
8,CrossEntropyLoss,OCDF,0.13,0.9090909090909091,2.4545454545454546,1.4545454545454546,1.5,2.0,3.5524475524475525,0.13636363636363635,0.0
8,CrossEntropyLoss,OCDF,0.15000000000000002,0.8787878787878788,2.3636363636363638,1.3636363636363635,1.5,2.0,3.787878787878788,0.18181818181818182,0.0
8,CrossEntropyLoss,OCDF,0.18000000000000005,0.8787878787878788,2.272727272727273,1.2727272727272727,1.5,2.0,3.2929292929292924,0.18181818181818182,0.0
8,CrossEntropyLoss,OCDF,0.19999999999999996,0.8787878787878788,2.1818181818181817,1.1818181818181819,1.5,2.0,3.0,0.18181818181818182,0.0
8,CrossEntropyLoss,APS,0.020000000000000018,0.9848484848484849,2.242424242424242,1.5,2.0,2.0,4.530303030303028,0.030303030303030304,0.24242424242424243
8,CrossEntropyLoss,APS,0.030000000000000027,0.9848484848484849,2.242424242424242,1.5,2.0,2.0,3.5202020202020186,0.030303030303030304,0.24242424242424243
8,CrossEntropyLoss,APS,0.050000000000000044,0.9848484848484849,2.0757575757575757,1.303030303030303,2.0,2.0,2.5151515151515142,0.030303030303030304,0.21212121212121215
8,CrossEntropyLoss,APS,0.07999999999999996,0.9848484848484849,1.9090909090909092,1.2121212121212122,2.0,2.0,1.9696969696969702,0.030303030303030304,0.25757575757575757
8,CrossEntropyLoss,APS,0.09999999999999998,0.9696969696969697,1.7424242424242424,1.0303030303030303,2.0,2.0,2.242424242424242,0.06060606060606061,0.24242424242424243
8,CrossEntropyLoss,APS,0.13,0.9242424242424242,1.3181818181818181,0.5,1.8,3.0,1.8986013986013983,0.13636363636363635,0.1515151515151515
8,CrossEntropyLoss,APS,0.15000000000000002,0.9242424242424242,1.3181818181818181,0.5,1.8,3.0,1.7121212121212122,0.13636363636363635,0.1515151515151515
8,CrossEntropyLoss,APS,0.18000000000000005,0.9090909090909091,1.2575757575757576,0.45454545454545453,2.0,3.0,1.9696969696969697,0.18181818181818182,0.1515151515151515
8,CrossEntropyLoss,APS,0.19999999999999996,0.8484848484848485,1.0909090909090908,0.2878787878787879,2.3,3.0,2.257575757575758,0.3484848484848485,0.10606060606060608
8,CrossEntropyLoss,LAC,0.020000000000000018,0.9696969696969697,1.9242424242424243,1.1818181818181819,2.0,2.0,7.242424242424237,0.06060606060606061,0.24242424242424243
8,CrossEntropyLoss,LAC,0.030000000000000027,0.9696969696969697,1.9242424242424243,1.1818181818181819,2.0,2.0,5.222222222222219,0.06060606060606061,0.24242424242424243
8,CrossEntropyLoss,LAC,0.050000000000000044,0.9696969696969697,1.8333333333333333,1.1363636363636365,2.0,2.0,3.5606060606060583,0.06060606060606061,0.25757575757575757
8,CrossEntropyLoss,LAC,0.07999999999999996,0.9696969696969697,1.696969696969697,0.9393939393939394,2.0,2.0,2.4545454545454555,0.06060606060606061,0.21212121212121215
8,CrossEntropyLoss,LAC,0.09999999999999998,0.9696969696969697,1.6515151515151516,0.9090909090909091,2.0,2.0,2.121212121212121,0.06060606060606061,0.2272727272727273
8,CrossEntropyLoss,LAC,0.13,0.9242424242424242,1.3484848484848484,0.5151515151515151,1.6,2.0,2.37995337995338,0.12121212121212122,0.1515151515151515
8,CrossEntropyLoss,LAC,0.15000000000000002,0.9242424242424242,1.196969696969697,0.3484848484848485,1.6,2.0,1.9646464646464645,0.12121212121212122,0.13636363636363635
8,CrossEntropyLoss,LAC,0.18000000000000005,0.9090909090909091,1.0909090909090908,0.18181818181818182,1.6666666666666667,2.0,1.865319865319865,0.15151515151515152,0.0757575757575758
8,CrossEntropyLoss,LAC,0.19999999999999996,0.8636363636363636,0.9848484848484849,0.0,1.7777777777777777,3.0,2.2727272727272734,0.24242424242424243,0.0
9,CrossEntropyLoss,min-CPS,0.020000000000000018,1.0,3.409090909090909,2.409090909090909,,0.0,2.409090909090909,0.0,0.0
9,CrossEntropyLoss,min-CPS,0.030000000000000027,1.0,2.3484848484848486,1.3484848484848484,,0.0,1.3484848484848484,0.0,0.0
9,CrossEntropyLoss,min-CPS,0.050000000000000044,0.9848484848484849,2.196969696969697,1.196969696969697,2.0,2.0,2.4090909090909083,0.030303030303030304,0.0
9,CrossEntropyLoss,min-CPS,0.07999999999999996,0.9242424242424242,1.7424242424242424,0.7424242424242424,1.2,2.0,3.015151515151516,0.09090909090909091,0.0
9,CrossEntropyLoss,min-CPS,0.09999999999999998,0.9242424242424242,1.7424242424242424,0.7424242424242424,1.2,2.0,2.5606060606060606,0.09090909090909091,0.0
9,CrossEntropyLoss,min-CPS,0.13,0.8484848484848485,1.0909090909090908,0.09090909090909091,1.6,3.0,3.8205128205128203,0.24242424242424243,0.0
9,CrossEntropyLoss,min-CPS,0.15000000000000002,0.8181818181818182,1.0,0.0,1.5833333333333333,3.0,3.8383838383838382,0.2878787878787879,0.0
9,CrossEntropyLoss,min-CPS,0.18000000000000005,0.8181818181818182,1.0,0.0,1.5833333333333333,3.0,3.198653198653197,0.2878787878787879,0.0
9,CrossEntropyLoss,min-CPS,0.19999999999999996,0.8181818181818182,1.0,0.0,1.5833333333333333,3.0,2.87878787878788,0.2878787878787879,0.0
9,CrossEntropyLoss,RPS,0.020000000000000018,0.9848484848484849,3.3484848484848486,2.3484848484848486,1.0,1.0,3.8636363636363624,0.015151515151515152,0.0
9,CrossEntropyLoss,RPS,0.030000000000000027,0.9848484848484849,3.3484848484848486,2.3484848484848486,1.0,1.0,3.358585858585858,0.015151515151515152,0.0
9,CrossEntropyLoss,RPS,0.050000000000000044,0.9696969696969697,2.9545454545454546,1.9545454545454546,1.0,1.0,3.1666666666666656,0.030303030303030304,0.0
9,CrossEntropyLoss,RPS,0.07999999999999996,0.9545454545454546,2.712121212121212,1.7121212121212122,1.3333333333333333,2.0,3.227272727272728,0.06060606060606061,0.0
9,CrossEntropyLoss,RPS,0.09999999999999998,0.9090909090909091,1.4696969696969697,0.4696969696969697,1.3333333333333333,2.0,2.8939393939393945,0.12121212121212122,0.0
9,CrossEntropyLoss,RPS,0.13,0.8484848484848485,1.0909090909090908,0.09090909090909091,1.5,3.0,3.5874125874125866,0.22727272727272727,0.0
9,CrossEntropyLoss,RPS,0.15000000000000002,0.8333333333333334,1.0,0.015151515151515152,1.7272727272727273,3.0,3.449494949494949,0.2878787878787879,0.0
9,CrossEntropyLoss,RPS,0.18000000000000005,0.8333333333333334,1.0,0.015151515151515152,1.7272727272727273,3.0,2.8771043771043767,0.2878787878787879,0.0
9,CrossEntropyLoss,RPS,0.19999999999999996,0.803030303030303,0.9393939393939394,0.0,2.0,3.0,2.87878787878788,0.3939393939393939,0.0
9,CrossEntropyLoss,OCDF,0.020000000000000018,1.0,3.727272727272727,2.727272727272727,,0.0,2.727272727272727,0.0,0.0
9,CrossEntropyLoss,OCDF,0.030000000000000027,1.0,3.727272727272727,2.727272727272727,,0.0,2.727272727272727,0.0,0.0
9,CrossEntropyLoss,OCDF,0.050000000000000044,0.9848484848484849,3.1363636363636362,2.1363636363636362,2.0,2.0,3.3484848484848477,0.030303030303030304,0.0
9,CrossEntropyLoss,OCDF,0.07999999999999996,0.9696969696969697,2.893939393939394,1.893939393939394,1.5,2.0,3.030303030303031,0.045454545454545456,0.0
9,CrossEntropyLoss,OCDF,0.09999999999999998,0.9696969696969697,2.893939393939394,1.893939393939394,1.5,2.0,2.803030303030303,0.045454545454545456,0.0
9,CrossEntropyLoss,OCDF,0.13,0.8787878787878788,2.4242424242424243,1.4242424242424243,1.5,2.0,4.221445221445221,0.18181818181818182,0.0
9,CrossEntropyLoss,OCDF,0.15000000000000002,0.8787878787878788,2.4242424242424243,1.4242424242424243,1.5,2.0,3.848484848484848,0.18181818181818182,0.0
9,CrossEntropyLoss,OCDF,0.18000000000000005,0.8181818181818182,1.0,0.0,1.5833333333333333,3.0,3.198653198653197,0.2878787878787879,0.0
9,CrossEntropyLoss,OCDF,0.19999999999999996,0.8181818181818182,1.0,0.0,1.5833333333333333,3.0,2.87878787878788,0.2878787878787879,0.0
9,CrossEntropyLoss,APS,0.020000000000000018,1.0,3.121212121212121,2.378787878787879,,0.0,2.378787878787879,0.0,0.24242424242424243
9,CrossEntropyLoss,APS,0.030000000000000027,1.0,3.121212121212121,2.378787878787879,,0.0,2.378787878787879,0.0,0.24242424242424243
9,CrossEntropyLoss,APS,0.050000000000000044,0.9545454545454546,1.7575757575757576,1.0151515151515151,1.3333333333333333,2.0,2.833333333333332,0.06060606060606061,0.21212121212121215
9,CrossEntropyLoss,APS,0.07999999999999996,0.9393939393939394,1.5909090909090908,0.803030303030303,1.25,2.0,2.6969696969696977,0.07575757575757576,0.16666666666666663
9,CrossEntropyLoss,APS,0.09999999999999998,0.9393939393939394,1.5909090909090908,0.803030303030303,1.25,2.0,2.3181818181818183,0.07575757575757576,0.16666666666666663
9,CrossEntropyLoss,APS,0.13,0.8636363636363636,1.1515151515151516,0.24242424242424243,2.0,3.0,3.9720279720279716,0.2727272727272727,0.06060606060606055
9,CrossEntropyLoss,APS,0.15000000000000002,0.8636363636363636,1.1515151515151516,0.24242424242424243,2.0,3.0,3.4747474747474745,0.2727272727272727,0.06060606060606055
9,CrossEntropyLoss,APS,0.18000000000000005,0.8484848484848485,1.0757575757575757,0.19696969696969696,2.4,3.0,3.563973063973063,0.36363636363636365,0.045454545454545414
9,CrossEntropyLoss,APS,0.19999999999999996,0.8333333333333334,1.0303030303030303,0.15151515151515152,2.272727272727273,3.0,3.3333333333333344,0.3787878787878788,0.045454545454545414
9,CrossEntropyLoss,LAC,0.020000000000000018,1.0,3.196969696969697,2.3636363636363638,,0.0,2.3636363636363638,0.0,0.16666666666666663
9,CrossEntropyLoss,LAC,0.030000000000000027,1.0,3.196969696969697,2.3636363636363638,,0.0,2.3636363636363638,0.0,0.16666666666666663
9,CrossEntropyLoss,LAC,0.050000000000000044,0.9848484848484849,1.893939393939394,1.1818181818181819,2.0,2.0,2.393939393939393,0.030303030303030304,0.2727272727272727
9,CrossEntropyLoss,LAC,0.07999999999999996,0.9393939393939394,1.5757575757575757,0.7575757575757576,1.25,2.0,2.6515151515151523,0.07575757575757576,0.1515151515151515
9,CrossEntropyLoss,LAC,0.09999999999999998,0.9393939393939394,1.5757575757575757,0.7575757575757576,1.25,2.0,2.2727272727272734,0.07575757575757576,0.1515151515151515
9,CrossEntropyLoss,LAC,0.13,0.8636363636363636,1.0606060606060606,0.10606060606060606,1.5555555555555556,3.0,3.369463869463869,0.21212121212121213,0.045454545454545414
9,CrossEntropyLoss,LAC,0.15000000000000002,0.8636363636363636,1.0606060606060606,0.10606060606060606,1.5555555555555556,3.0,2.9343434343434343,0.21212121212121213,0.045454545454545414
9,CrossEntropyLoss,LAC,0.18000000000000005,0.803030303030303,0.9393939393939394,0.0,2.076923076923077,3.0,3.703703703703703,0.4090909090909091,0.0
9,CrossEntropyLoss,LAC,0.19999999999999996,0.803030303030303,0.9242424242424242,0.0,2.1538461538461537,3.0,3.030303030303031,0.42424242424242425,0.0
10,CrossEntropyLoss,min-CPS,0.020000000000000018,0.9696969696969697,2.1515151515151514,1.1515151515151516,2.0,2.0,7.212121212121207,0.06060606060606061,0.0
10,CrossEntropyLoss,min-CPS,0.030000000000000027,0.9696969696969697,2.090909090909091,1.0909090909090908,2.0,2.0,5.131313131313128,0.06060606060606061,0.0
10,CrossEntropyLoss,min-CPS,0.050000000000000044,0.9696969696969697,1.9090909090909092,0.9090909090909091,2.0,2.0,3.3333333333333313,0.06060606060606061,0.0
10,CrossEntropyLoss,min-CPS,0.07999999999999996,0.9545454545454546,1.878787878787879,0.8787878787878788,1.6666666666666667,2.0,2.7727272727272734,0.07575757575757576,0.0
10,CrossEntropyLoss,min-CPS,0.09999999999999998,0.9545454545454546,1.7878787878787878,0.7878787878787878,1.6666666666666667,2.0,2.303030303030303,0.07575757575757576,0.0
10,CrossEntropyLoss,min-CPS,0.13,0.9393939393939394,1.4696969696969697,0.4696969696969697,1.5,2.0,1.8682983682983683,0.09090909090909091,0.0
10,CrossEntropyLoss,min-CPS,0.15000000000000002,0.9242424242424242,1.2121212121212122,0.21212121212121213,1.6,2.0,1.828282828282828,0.12121212121212122,0.0
10,CrossEntropyLoss,min-CPS,0.18000000000000005,0.9242424242424242,1.0757575757575757,0.07575757575757576,1.6,2.0,1.4225589225589226,0.12121212121212122,0.0
10,CrossEntropyLoss,min-CPS,0.19999999999999996,0.9090909090909091,1.0303030303030303,0.030303030303030304,1.5,2.0,1.3939393939393943,0.13636363636363635,0.0
10,CrossEntropyLoss,RPS,0.020000000000000018,1.0,3.6363636363636362,2.6363636363636362,,0.0,2.6363636363636362,0.0,0.0
10,CrossEntropyLoss,RPS,0.030000000000000027,1.0,3.6363636363636362,2.6363636363636362,,0.0,2.6363636363636362,0.0,0.0
10,CrossEntropyLoss,RPS,0.050000000000000044,0.9696969696969697,2.9393939393939394,1.9393939393939394,1.0,1.0,3.1515151515151505,0.030303030303030304,0.0
10,CrossEntropyLoss,RPS,0.07999999999999996,0.9696969696969697,2.8333333333333335,1.8333333333333333,1.0,1.0,2.5909090909090913,0.030303030303030304,0.0
10,CrossEntropyLoss,RPS,0.09999999999999998,0.9545454545454546,2.621212121212121,1.621212121212121,1.0,1.0,2.5303030303030303,0.045454545454545456,0.0
10,CrossEntropyLoss,RPS,0.13,0.9242424242424242,1.4242424242424243,0.42424242424242425,1.4,2.0,2.055944055944056,0.10606060606060606,0.0
10,CrossEntropyLoss,RPS,0.15000000000000002,0.9242424242424242,1.4090909090909092,0.4090909090909091,1.4,2.0,1.8232323232323229,0.10606060606060606,0.0
10,CrossEntropyLoss,RPS,0.18000000000000005,0.9242424242424242,1.1363636363636365,0.13636363636363635,1.6,2.0,1.4831649831649831,0.12121212121212122,0.0
10,CrossEntropyLoss,RPS,0.19999999999999996,0.9242424242424242,1.0606060606060606,0.06060606060606061,1.6,2.0,1.272727272727273,0.12121212121212122,0.0
10,CrossEntropyLoss,OCDF,0.020000000000000018,0.9696969696969697,2.984848484848485,1.9848484848484849,2.0,2.0,8.04545454545454,0.06060606060606061,0.0
10,CrossEntropyLoss,OCDF,0.030000000000000027,0.9696969696969697,2.984848484848485,1.9848484848484849,2.0,2.0,6.025252525252522,0.06060606060606061,0.0
10,CrossEntropyLoss,OCDF,0.050000000000000044,0.9696969696969697,2.878787878787879,1.878787878787879,2.0,2.0,4.303030303030301,0.06060606060606061,0.0
10,CrossEntropyLoss,OCDF,0.07999999999999996,0.9545454545454546,2.772727272727273,1.7727272727272727,1.6666666666666667,2.0,3.6666666666666674,0.07575757575757576,0.0
10,CrossEntropyLoss,OCDF,0.09999999999999998,0.9393939393939394,2.6666666666666665,1.6666666666666667,1.5,2.0,3.484848484848485,0.09090909090909091,0.0
10,CrossEntropyLoss,OCDF,0.13,0.9393939393939394,2.484848484848485,1.4848484848484849,1.5,2.0,2.8834498834498836,0.09090909090909091,0.0
10,CrossEntropyLoss,OCDF,0.15000000000000002,0.9393939393939394,2.4393939393939394,1.4393939393939394,1.5,2.0,2.6515151515151514,0.09090909090909091,0.0
10,CrossEntropyLoss,OCDF,0.18000000000000005,0.9242424242424242,2.393939393939394,1.393939393939394,1.4,2.0,2.5723905723905722,0.10606060606060606,0.0
10,CrossEntropyLoss,OCDF,0.19999999999999996,0.9090909090909091,2.242424242424242,1.2424242424242424,1.3333333333333333,2.0,2.4545454545454546,0.12121212121212122,0.0
10,CrossEntropyLoss,APS,0.020000000000000018,0.9848484848484849,2.1363636363636362,1.4848484848484849,2.0,2.0,4.515151515151513,0.030303030303030304,0.31818181818181823
10,CrossEntropyLoss,APS,0.030000000000000027,0.9848484848484849,2.1363636363636362,1.4848484848484849,2.0,2.0,3.5050505050505034,0.030303030303030304,0.31818181818181823
10,CrossEntropyLoss,APS,0.050000000000000044,0.9696969696969697,1.7727272727272727,1.1363636363636365,1.5,2.0,2.3484848484848477,0.045454545454545456,0.31818181818181823
10,CrossEntropyLoss,APS,0.07999999999999996,0.9393939393939394,1.5303030303030303,0.7424242424242424,1.75,2.0,3.393939393939396,0.10606060606060606,0.18181818181818177
10,CrossEntropyLoss,APS,0.09999999999999998,0.9393939393939394,1.5303030303030303,0.7424242424242424,1.75,2.0,2.863636363636364,0.10606060606060606,0.18181818181818177
10,CrossEntropyLoss,APS,0.13,0.9393939393939394,1.5303030303030303,0.7424242424242424,1.75,2.0,2.3741258741258737,0.10606060606060606,0.18181818181818177
10,CrossEntropyLoss,APS,0.15000000000000002,0.8939393939393939,1.1515151515151516,0.2727272727272727,2.0,3.0,2.898989898989899,0.21212121212121213,0.09090909090909094
10,CrossEntropyLoss,APS,0.18000000000000005,0.8787878787878788,1.121212121212121,0.24242424242424243,2.125,3.0,2.7676767676767673,0.25757575757575757,0.0757575757575758
10,CrossEntropyLoss,APS,0.19999999999999996,0.8484848484848485,1.0454545454545454,0.18181818181818182,2.3,3.0,2.9090909090909096,0.3484848484848485,0.06060606060606055
10,CrossEntropyLoss,LAC,0.020000000000000018,0.9696969696969697,1.8484848484848484,1.0909090909090908,2.0,2.0,7.151515151515146,0.06060606060606061,0.24242424242424243
10,CrossEntropyLoss,LAC,0.030000000000000027,0.9696969696969697,1.8484848484848484,1.0909090909090908,2.0,2.0,5.131313131313128,0.06060606060606061,0.24242424242424243
10,CrossEntropyLoss,LAC,0.050000000000000044,0.9545454545454546,1.6666666666666667,0.8939393939393939,1.6666666666666667,2.0,3.9242424242424216,0.07575757575757576,0.21212121212121215
10,CrossEntropyLoss,LAC,0.07999999999999996,0.9545454545454546,1.621212121212121,0.8484848484848485,1.6666666666666667,2.0,2.742424242424243,0.07575757575757576,0.21212121212121215
10,CrossEntropyLoss,LAC,0.09999999999999998,0.9393939393939394,1.5606060606060606,0.7727272727272727,1.5,2.0,2.590909090909091,0.09090909090909091,0.19696969696969702
10,CrossEntropyLoss,LAC,0.13,0.9393939393939394,1.4545454545454546,0.6666666666666666,1.5,2.0,2.0652680652680653,0.09090909090909091,0.18181818181818177
10,CrossEntropyLoss,LAC,0.15000000000000002,0.9242424242424242,1.1515151515151516,0.22727272727272727,1.6,2.0,1.8434343434343432,0.12121212121212122,0.0757575757575758
10,CrossEntropyLoss,LAC,0.18000000000000005,0.9242424242424242,1.0909090909090908,0.15151515151515152,1.6,2.0,1.4983164983164983,0.12121212121212122,0.06060606060606055
10,CrossEntropyLoss,LAC,0.19999999999999996,0.9090909090909091,1.0303030303030303,0.06060606060606061,1.5,2.0,1.4242424242424245,0.13636363636363635,0.030303030303030276
11,CrossEntropyLoss,min-CPS,0.020000000000000018,1.0,3.257575757575758,2.257575757575758,,0.0,2.257575757575758,0.0,0.0
11,CrossEntropyLoss,min-CPS,0.030000000000000027,0.9696969696969697,1.7878787878787878,0.7878787878787878,2.0,2.0,4.828282828282825,0.06060606060606061,0.0
11,CrossEntropyLoss,min-CPS,0.050000000000000044,0.9696969696969697,1.6818181818181819,0.6818181818181818,2.0,2.0,3.1060606060606037,0.06060606060606061,0.0
11,CrossEntropyLoss,min-CPS,0.07999999999999996,0.9545454545454546,1.6363636363636365,0.6363636363636364,1.6666666666666667,2.0,2.530303030303031,0.07575757575757576,0.0
11,CrossEntropyLoss,min-CPS,0.09999999999999998,0.9090909090909091,1.3636363636363635,0.36363636363636365,1.3333333333333333,2.0,2.787878787878789,0.12121212121212122,0.0
11,CrossEntropyLoss,min-CPS,0.13,0.9090909090909091,1.1666666666666667,0.16666666666666666,1.3333333333333333,2.0,2.031468531468531,0.12121212121212122,0.0
11,CrossEntropyLoss,min-CPS,0.15000000000000002,0.8939393939393939,1.0454545454545454,0.045454545454545456,1.4285714285714286,2.0,2.0656565656565653,0.15151515151515152,0.0
11,CrossEntropyLoss,min-CPS,0.18000000000000005,0.8939393939393939,1.0151515151515151,0.015151515151515152,1.4285714285714286,2.0,1.6986531986531983,0.15151515151515152,0.0
11,CrossEntropyLoss,min-CPS,0.19999999999999996,0.8787878787878788,1.0,0.0,1.375,2.0,1.6666666666666672,0.16666666666666666,0.0
11,CrossEntropyLoss,RPS,0.020000000000000018,1.0,3.606060606060606,2.606060606060606,,0.0,2.606060606060606,0.0,0.0
11,CrossEntropyLoss,RPS,0.030000000000000027,1.0,3.606060606060606,2.606060606060606,,0.0,2.606060606060606,0.0,0.0
11,CrossEntropyLoss,RPS,0.050000000000000044,0.9696969696969697,2.8484848484848486,1.8484848484848484,1.0,1.0,3.0606060606060597,0.030303030303030304,0.0
11,CrossEntropyLoss,RPS,0.07999999999999996,0.9696969696969697,2.757575757575758,1.7575757575757576,1.0,1.0,2.5151515151515156,0.030303030303030304,0.0
11,CrossEntropyLoss,RPS,0.09999999999999998,0.9696969696969697,2.712121212121212,1.7121212121212122,1.0,1.0,2.3181818181818183,0.030303030303030304,0.0
11,CrossEntropyLoss,RPS,0.13,0.8939393939393939,1.2121212121212122,0.21212121212121213,1.2857142857142858,2.0,2.31002331002331,0.13636363636363635,0.0
11,CrossEntropyLoss,RPS,0.15000000000000002,0.8939393939393939,1.0909090909090908,0.09090909090909091,1.2857142857142858,2.0,1.909090909090909,0.13636363636363635,0.0
11,CrossEntropyLoss,RPS,0.18000000000000005,0.8939393939393939,1.0454545454545454,0.045454545454545456,1.4285714285714286,2.0,1.7289562289562286,0.15151515151515152,0.0
11,CrossEntropyLoss,RPS,0.19999999999999996,0.8939393939393939,1.0151515151515151,0.015151515151515152,1.4285714285714286,2.0,1.5303030303030307,0.15151515151515152,0.0
11,CrossEntropyLoss,OCDF,0.020000000000000018,1.0,3.6515151515151514,2.6515151515151514,,0.0,2.6515151515151514,0.0,0.0
11,CrossEntropyLoss,OCDF,0.030000000000000027,1.0,3.6515151515151514,2.6515151515151514,,0.0,2.6515151515151514,0.0,0.0
11,CrossEntropyLoss,OCDF,0.050000000000000044,0.9696969696969697,2.742424242424242,1.7424242424242424,2.0,2.0,4.166666666666665,0.06060606060606061,0.0
11,CrossEntropyLoss,OCDF,0.07999999999999996,0.8939393939393939,2.393939393939394,1.393939393939394,1.4285714285714286,2.0,5.181818181818183,0.15151515151515152,0.0
11,CrossEntropyLoss,OCDF,0.09999999999999998,0.8939393939393939,2.3636363636363638,1.3636363636363635,1.4285714285714286,2.0,4.393939393939394,0.15151515151515152,0.0
11,CrossEntropyLoss,OCDF,0.13,0.8787878787878788,2.3333333333333335,1.3333333333333333,1.375,2.0,3.8974358974358965,0.16666666666666666,0.0
11,CrossEntropyLoss,OCDF,0.15000000000000002,0.8787878787878788,2.3333333333333335,1.3333333333333333,1.375,2.0,3.5555555555555554,0.16666666666666666,0.0
11,CrossEntropyLoss,OCDF,0.18000000000000005,0.8787878787878788,2.272727272727273,1.2727272727272727,1.375,2.0,3.124579124579124,0.16666666666666666,0.0
11,CrossEntropyLoss,OCDF,0.19999999999999996,0.8787878787878788,2.1666666666666665,1.1666666666666667,1.375,2.0,2.8333333333333335,0.16666666666666666,0.0
11,CrossEntropyLoss,APS,0.020000000000000018,1.0,3.090909090909091,2.303030303030303,,0.0,2.303030303030303,0.0,0.19696969696969702
11,CrossEntropyLoss,APS,0.030000000000000027,1.0,3.090909090909091,2.303030303030303,,0.0,2.303030303030303,0.0,0.19696969696969702
11,CrossEntropyLoss,APS,0.050000000000000044,0.9393939393939394,1.5,0.6363636363636364,1.5,2.0,3.6666666666666643,0.09090909090909091,0.12121212121212122
11,CrossEntropyLoss,APS,0.07999999999999996,0.9393939393939394,1.4696969696969697,0.6212121212121212,1.5,2.0,2.515151515151516,0.09090909090909091,0.13636363636363635
11,CrossEntropyLoss,APS,0.09999999999999998,0.9393939393939394,1.393939393939394,0.5151515151515151,1.5,2.0,2.333333333333334,0.09090909090909091,0.10606060606060608
11,CrossEntropyLoss,APS,0.13,0.8787878787878788,1.121212121212121,0.30303030303030304,2.0,3.0,2.6340326340326334,0.24242424242424243,0.10606060606060608
11,CrossEntropyLoss,APS,0.15000000000000002,0.8787878787878788,1.121212121212121,0.30303030303030304,2.0,3.0,2.323232323232323,0.24242424242424243,0.10606060606060608
11,CrossEntropyLoss,APS,0.18000000000000005,0.8484848484848485,1.0303030303030303,0.16666666666666666,2.1,3.0,2.691919191919191,0.3181818181818182,0.06060606060606055
11,CrossEntropyLoss,APS,0.19999999999999996,0.8333333333333334,1.0,0.15151515151515152,2.1818181818181817,3.0,2.727272727272728,0.36363636363636365,0.06060606060606055
11,CrossEntropyLoss,LAC,0.020000000000000018,1.0,3.0606060606060606,2.212121212121212,,0.0,2.212121212121212,0.0,0.1515151515151515
11,CrossEntropyLoss,LAC,0.030000000000000027,1.0,3.0606060606060606,2.212121212121212,,0.0,2.212121212121212,0.0,0.1515151515151515
11,CrossEntropyLoss,LAC,0.050000000000000044,0.9545454545454546,1.5606060606060606,0.6515151515151515,1.6666666666666667,2.0,3.6818181818181794,0.07575757575757576,0.09090909090909094
11,CrossEntropyLoss,LAC,0.07999999999999996,0.9545454545454546,1.5151515151515151,0.6060606060606061,1.6666666666666667,2.0,2.500000000000001,0.07575757575757576,0.09090909090909094
11,CrossEntropyLoss,LAC,0.09999999999999998,0.9090909090909091,1.378787878787879,0.48484848484848486,1.3333333333333333,2.0,2.90909090909091,0.12121212121212122,0.09090909090909094
11,CrossEntropyLoss,LAC,0.13,0.9090909090909091,1.0909090909090908,0.16666666666666666,1.3333333333333333,2.0,2.031468531468531,0.12121212121212122,0.06060606060606055
11,CrossEntropyLoss,LAC,0.15000000000000002,0.9090909090909091,1.0757575757575757,0.15151515151515152,1.3333333333333333,2.0,1.7676767676767675,0.12121212121212122,0.06060606060606055
11,CrossEntropyLoss,LAC,0.18000000000000005,0.8939393939393939,1.0303030303030303,0.045454545454545456,1.4285714285714286,2.0,1.7289562289562286,0.15151515151515152,0.015151515151515138
11,CrossEntropyLoss,LAC,0.19999999999999996,0.8939393939393939,1.0303030303030303,0.045454545454545456,1.4285714285714286,2.0,1.560606060606061,0.15151515151515152,0.015151515151515138
12,CrossEntropyLoss,min-CPS,0.020000000000000018,0.9848484848484849,2.257575757575758,1.2575757575757576,2.0,2.0,4.287878787878785,0.030303030303030304,0.0
12,CrossEntropyLoss,min-CPS,0.030000000000000027,0.9545454545454546,1.9242424242424243,0.9242424242424242,2.0,2.0,6.98484848484848,0.09090909090909091,0.0
12,CrossEntropyLoss,min-CPS,0.050000000000000044,0.9090909090909091,1.7878787878787878,0.7878787878787878,1.6666666666666667,2.0,6.848484848484842,0.15151515151515152,0.0
12,CrossEntropyLoss,min-CPS,0.07999999999999996,0.9090909090909091,1.7272727272727273,0.7272727272727273,1.6666666666666667,2.0,4.515151515151517,0.15151515151515152,0.0
12,CrossEntropyLoss,min-CPS,0.09999999999999998,0.9090909090909091,1.6818181818181819,0.6818181818181818,1.6666666666666667,2.0,3.712121212121213,0.15151515151515152,0.0
12,CrossEntropyLoss,min-CPS,0.13,0.8636363636363636,1.0303030303030303,0.030303030303030304,1.5555555555555556,2.0,3.2937062937062933,0.21212121212121213,0.0
12,CrossEntropyLoss,min-CPS,0.15000000000000002,0.8636363636363636,1.0303030303030303,0.030303030303030304,1.5555555555555556,2.0,2.8585858585858586,0.21212121212121213,0.0
12,CrossEntropyLoss,min-CPS,0.18000000000000005,0.8484848484848485,1.0,0.0,1.5,2.0,2.5252525252525246,0.22727272727272727,0.0
12,CrossEntropyLoss,min-CPS,0.19999999999999996,0.8484848484848485,1.0,0.0,1.5,2.0,2.2727272727272734,0.22727272727272727,0.0
12,CrossEntropyLoss,RPS,0.020000000000000018,1.0,3.6515151515151514,2.6515151515151514,,0.0,2.6515151515151514,0.0,0.0
12,CrossEntropyLoss,RPS,0.030000000000000027,1.0,3.6515151515151514,2.6515151515151514,,0.0,2.6515151515151514,0.0,0.0
12,CrossEntropyLoss,RPS,0.050000000000000044,0.9393939393939394,2.8333333333333335,1.8333333333333333,1.0,1.0,4.257575757575756,0.06060606060606061,0.0
12,CrossEntropyLoss,RPS,0.07999999999999996,0.8939393939393939,1.4393939393939394,0.4393939393939394,1.5714285714285714,2.0,4.606060606060609,0.16666666666666666,0.0
12,CrossEntropyLoss,RPS,0.09999999999999998,0.8939393939393939,1.4393939393939394,0.4393939393939394,1.5714285714285714,2.0,3.7727272727272734,0.16666666666666666,0.0
12,CrossEntropyLoss,RPS,0.13,0.8939393939393939,1.2121212121212122,0.21212121212121213,1.7142857142857142,2.0,3.009324009324009,0.18181818181818182,0.0
12,CrossEntropyLoss,RPS,0.15000000000000002,0.8484848484848485,1.0151515151515151,0.015151515151515152,1.5,2.0,3.0454545454545454,0.22727272727272727,0.0
12,CrossEntropyLoss,RPS,0.18000000000000005,0.8484848484848485,1.0,0.0,1.5,2.0,2.5252525252525246,0.22727272727272727,0.0
12,CrossEntropyLoss,RPS,0.19999999999999996,0.8484848484848485,1.0,0.0,1.5,2.0,2.2727272727272734,0.22727272727272727,0.0
12,CrossEntropyLoss,OCDF,0.020000000000000018,0.9848484848484849,3.1515151515151514,2.1515151515151514,2.0,2.0,5.181818181818179,0.030303030303030304,0.0
12,CrossEntropyLoss,OCDF,0.030000000000000027,0.9848484848484849,3.1515151515151514,2.1515151515151514,2.0,2.0,4.17171717171717,0.030303030303030304,0.0
12,CrossEntropyLoss,OCDF,0.050000000000000044,0.9393939393939394,2.8333333333333335,1.8333333333333333,2.0,2.0,6.681818181818177,0.12121212121212122,0.0
12,CrossEntropyLoss,OCDF,0.07999999999999996,0.9090909090909091,2.5,1.5,1.6666666666666667,2.0,5.287878787878791,0.15151515151515152,0.0
12,CrossEntropyLoss,OCDF,0.09999999999999998,0.9090909090909091,2.484848484848485,1.4848484848484849,1.6666666666666667,2.0,4.515151515151516,0.15151515151515152,0.0
12,CrossEntropyLoss,OCDF,0.13,0.9090909090909091,2.4696969696969697,1.4696969696969697,1.6666666666666667,2.0,3.8006993006993004,0.15151515151515152,0.0
12,CrossEntropyLoss,OCDF,0.15000000000000002,0.9090909090909091,2.4393939393939394,1.4393939393939394,1.6666666666666667,2.0,3.4595959595959593,0.15151515151515152,0.0
12,CrossEntropyLoss,OCDF,0.18000000000000005,0.8484848484848485,2.1818181818181817,1.1818181818181819,1.4,2.0,3.5387205387205376,0.21212121212121213,0.0
12,CrossEntropyLoss,OCDF,0.19999999999999996,0.8484848484848485,1.0,0.0,1.5,2.0,2.2727272727272734,0.22727272727272727,0.0
12,CrossEntropyLoss,APS,0.020000000000000018,0.9545454545454546,2.015151515151515,1.3484848484848484,1.6666666666666667,2.0,7.409090909090904,0.07575757575757576,0.303030303030303
12,CrossEntropyLoss,APS,0.030000000000000027,0.9545454545454546,2.015151515151515,1.3484848484848484,1.6666666666666667,2.0,5.388888888888886,0.07575757575757576,0.303030303030303
12,CrossEntropyLoss,APS,0.050000000000000044,0.9242424242424242,1.5606060606060606,0.7575757575757576,1.6,2.0,5.606060606060602,0.12121212121212122,0.1515151515151515
12,CrossEntropyLoss,APS,0.07999999999999996,0.8939393939393939,1.393939393939394,0.5303030303030303,1.7142857142857142,2.0,5.075757575757578,0.18181818181818182,0.09090909090909094
12,CrossEntropyLoss,APS,0.09999999999999998,0.8939393939393939,1.303030303030303,0.4090909090909091,1.7142857142857142,2.0,4.045454545454547,0.18181818181818182,0.0757575757575758
12,CrossEntropyLoss,APS,0.13,0.8787878787878788,1.196969696969697,0.2727272727272727,1.875,3.0,3.5361305361305355,0.22727272727272727,0.045454545454545414
12,CrossEntropyLoss,APS,0.15000000000000002,0.8636363636363636,1.1515151515151516,0.25757575757575757,2.0,3.0,3.4898989898989896,0.2727272727272727,0.045454545454545414
12,CrossEntropyLoss,APS,0.18000000000000005,0.803030303030303,0.9696969696969697,0.09090909090909091,2.3076923076923075,3.0,3.962962962962962,0.45454545454545453,0.015151515151515138
12,CrossEntropyLoss,APS,0.19999999999999996,0.7878787878787878,0.9393939393939394,0.09090909090909091,2.4285714285714284,3.0,3.87878787878788,0.5151515151515151,0.015151515151515138
12,CrossEntropyLoss,LAC,0.020000000000000018,0.9848484848484849,1.9242424242424243,1.196969696969697,2.0,2.0,4.227272727272725,0.030303030303030304,0.25757575757575757
12,CrossEntropyLoss,LAC,0.030000000000000027,0.9848484848484849,1.9242424242424243,1.196969696969697,2.0,2.0,3.217171717171716,0.030303030303030304,0.25757575757575757
12,CrossEntropyLoss,LAC,0.050000000000000044,0.9090909090909091,1.5757575757575757,0.7727272727272727,1.6666666666666667,2.0,6.833333333333328,0.15151515151515152,0.1515151515151515
12,CrossEntropyLoss,LAC,0.07999999999999996,0.9090909090909091,1.5757575757575757,0.7727272727272727,1.6666666666666667,2.0,4.560606060606063,0.15151515151515152,0.1515151515151515
12,CrossEntropyLoss,LAC,0.09999999999999998,0.9090909090909091,1.4696969696969697,0.6515151515151515,1.6666666666666667,2.0,3.6818181818181825,0.15151515151515152,0.13636363636363635
12,CrossEntropyLoss,LAC,0.13,0.8636363636363636,1.0151515151515151,0.015151515151515152,1.5555555555555556,2.0,3.278554778554778,0.21212121212121213,0.0
12,CrossEntropyLoss,LAC,0.15000000000000002,0.8484848484848485,1.0,0.0,1.5,2.0,3.0303030303030303,0.22727272727272727,0.0
12,CrossEntropyLoss,LAC,0.18000000000000005,0.8484848484848485,1.0,0.0,1.5,2.0,2.5252525252525246,0.22727272727272727,0.0
12,CrossEntropyLoss,LAC,0.19999999999999996,0.8484848484848485,0.9696969696969697,0.0,1.9,3.0,2.727272727272728,0.2878787878787879,0.0
13,CrossEntropyLoss,min-CPS,0.020000000000000018,0.9696969696969697,2.409090909090909,1.4090909090909092,2.0,2.0,7.469696969696964,0.06060606060606061,0.0
13,CrossEntropyLoss,min-CPS,0.030000000000000027,0.9696969696969697,2.3484848484848486,1.3484848484848484,2.0,2.0,5.388888888888886,0.06060606060606061,0.0
13,CrossEntropyLoss,min-CPS,0.050000000000000044,0.9696969696969697,2.1666666666666665,1.1666666666666667,2.0,2.0,3.5909090909090886,0.06060606060606061,0.0
13,CrossEntropyLoss,min-CPS,0.07999999999999996,0.9696969696969697,2.121212121212121,1.121212121212121,2.0,2.0,2.636363636363637,0.06060606060606061,0.0
13,CrossEntropyLoss,min-CPS,0.09999999999999998,0.9545454545454546,2.0454545454545454,1.0454545454545454,1.6666666666666667,2.0,2.5606060606060606,0.07575757575757576,0.0
13,CrossEntropyLoss,min-CPS,0.13,0.8636363636363636,1.1666666666666667,0.16666666666666666,1.5555555555555556,2.0,3.4300699300699296,0.21212121212121213,0.0
13,CrossEntropyLoss,min-CPS,0.15000000000000002,0.803030303030303,1.0,0.0,1.4615384615384615,2.0,3.8383838383838382,0.2878787878787879,0.0
13,CrossEntropyLoss,min-CPS,0.18000000000000005,0.803030303030303,1.0,0.0,1.4615384615384615,2.0,3.198653198653198,0.2878787878787879,0.0
13,CrossEntropyLoss,min-CPS,0.19999999999999996,0.803030303030303,1.0,0.0,1.4615384615384615,2.0,2.87878787878788,0.2878787878787879,0.0
13,CrossEntropyLoss,RPS,0.020000000000000018,1.0,3.696969696969697,2.696969696969697,,0.0,2.696969696969697,0.0,0.0
13,CrossEntropyLoss,RPS,0.030000000000000027,1.0,3.696969696969697,2.696969696969697,,0.0,2.696969696969697,0.0,0.0
13,CrossEntropyLoss,RPS,0.050000000000000044,0.9696969696969697,3.090909090909091,2.090909090909091,1.0,1.0,3.3030303030303023,0.030303030303030304,0.0
13,CrossEntropyLoss,RPS,0.07999999999999996,0.9090909090909091,1.621212121212121,0.6212121212121212,1.3333333333333333,2.0,3.651515151515153,0.12121212121212122,0.0
13,CrossEntropyLoss,RPS,0.09999999999999998,0.8939393939393939,1.5757575757575757,0.5757575757575758,1.2857142857142858,2.0,3.303030303030304,0.13636363636363635,0.0
13,CrossEntropyLoss,RPS,0.13,0.8939393939393939,1.3484848484848484,0.3484848484848485,1.5714285714285714,2.0,2.9125874125874125,0.16666666666666666,0.0
13,CrossEntropyLoss,RPS,0.15000000000000002,0.803030303030303,0.9848484848484849,0.015151515151515152,1.6923076923076923,3.0,4.055555555555555,0.3333333333333333,0.0
13,CrossEntropyLoss,RPS,0.18000000000000005,0.7272727272727273,0.8333333333333334,0.0,2.4444444444444446,3.0,4.377104377104375,0.6666666666666666,0.0
13,CrossEntropyLoss,RPS,0.19999999999999996,0.696969696969697,0.7878787878787878,0.0,2.6,3.0,4.242424242424244,0.7878787878787878,0.0
13,CrossEntropyLoss,OCDF,0.020000000000000018,0.9696969696969697,3.242424242424242,2.242424242424242,2.0,2.0,8.303030303030297,0.06060606060606061,0.0
13,CrossEntropyLoss,OCDF,0.030000000000000027,0.9696969696969697,3.242424242424242,2.242424242424242,2.0,2.0,6.282828282828279,0.06060606060606061,0.0
13,CrossEntropyLoss,OCDF,0.050000000000000044,0.9696969696969697,3.090909090909091,2.090909090909091,2.0,2.0,4.515151515151514,0.06060606060606061,0.0
13,CrossEntropyLoss,OCDF,0.07999999999999996,0.9545454545454546,3.0,2.0,1.6666666666666667,2.0,3.893939393939395,0.07575757575757576,0.0
13,CrossEntropyLoss,OCDF,0.09999999999999998,0.9545454545454546,2.984848484848485,1.9848484848484849,1.6666666666666667,2.0,3.5,0.07575757575757576,0.0
13,CrossEntropyLoss,OCDF,0.13,0.8939393939393939,2.4393939393939394,1.4393939393939394,1.5714285714285714,2.0,4.003496503496503,0.16666666666666666,0.0
13,CrossEntropyLoss,OCDF,0.15000000000000002,0.8181818181818182,2.106060606060606,1.106060606060606,1.3333333333333333,2.0,4.338383838383838,0.24242424242424243,0.0
13,CrossEntropyLoss,OCDF,0.18000000000000005,0.803030303030303,1.0,0.0,1.4615384615384615,2.0,3.198653198653198,0.2878787878787879,0.0
13,CrossEntropyLoss,OCDF,0.19999999999999996,0.803030303030303,1.0,0.0,1.4615384615384615,2.0,2.87878787878788,0.2878787878787879,0.0
13,CrossEntropyLoss,APS,0.020000000000000018,0.9848484848484849,2.257575757575758,1.5909090909090908,2.0,2.0,4.621212121212118,0.030303030303030304,0.31818181818181823
13,CrossEntropyLoss,APS,0.030000000000000027,0.9848484848484849,2.257575757575758,1.5909090909090908,2.0,2.0,3.6111111111111094,0.030303030303030304,0.31818181818181823
13,CrossEntropyLoss,APS,0.050000000000000044,0.9696969696969697,2.0454545454545454,1.4090909090909092,2.0,2.0,3.8333333333333313,0.06060606060606061,0.33333333333333337
13,CrossEntropyLoss,APS,0.07999999999999996,0.9393939393939394,1.7272727272727273,0.9696969696969697,1.5,2.0,3.2424242424242435,0.09090909090909091,0.2272727272727273
13,CrossEntropyLoss,APS,0.09999999999999998,0.9393939393939394,1.7121212121212122,0.9545454545454546,1.5,2.0,2.772727272727273,0.09090909090909091,0.2272727272727273
13,CrossEntropyLoss,APS,0.13,0.9242424242424242,1.4242424242424243,0.6363636363636364,1.6,2.0,2.501165501165501,0.12121212121212122,0.16666666666666663
13,CrossEntropyLoss,APS,0.15000000000000002,0.9090909090909091,1.378787878787879,0.5909090909090909,1.8333333333333333,3.0,2.409090909090909,0.16666666666666666,0.1515151515151515
13,CrossEntropyLoss,APS,0.18000000000000005,0.8636363636363636,1.2575757575757576,0.4393939393939394,1.8888888888888888,3.0,2.7962962962962963,0.25757575757575757,0.12121212121212122
13,CrossEntropyLoss,APS,0.19999999999999996,0.8181818181818182,1.1363636363636365,0.3181818181818182,2.0,3.0,3.0454545454545463,0.36363636363636365,0.09090909090909094
13,CrossEntropyLoss,LAC,0.020000000000000018,0.9696969696969697,2.0606060606060606,1.3333333333333333,2.0,2.0,7.393939393939389,0.06060606060606061,0.25757575757575757
13,CrossEntropyLoss,LAC,0.030000000000000027,0.9696969696969697,2.0606060606060606,1.3333333333333333,2.0,2.0,5.37373737373737,0.06060606060606061,0.25757575757575757
13,CrossEntropyLoss,LAC,0.050000000000000044,0.9696969696969697,2.0303030303030303,1.3181818181818181,2.0,2.0,3.7424242424242404,0.06060606060606061,0.2727272727272727
13,CrossEntropyLoss,LAC,0.07999999999999996,0.9696969696969697,1.8484848484848484,1.106060606060606,2.0,2.0,2.621212121212122,0.06060606060606061,0.24242424242424243
13,CrossEntropyLoss,LAC,0.09999999999999998,0.9393939393939394,1.7727272727272727,1.0454545454545454,1.5,2.0,2.8636363636363638,0.09090909090909091,0.24242424242424243
13,CrossEntropyLoss,LAC,0.13,0.8181818181818182,1.0454545454545454,0.09090909090909091,1.5,2.0,4.286713286713287,0.2727272727272727,0.030303030303030276
13,CrossEntropyLoss,LAC,0.15000000000000002,0.8181818181818182,1.0454545454545454,0.09090909090909091,1.5,2.0,3.7272727272727266,0.2727272727272727,0.030303030303030276
13,CrossEntropyLoss,LAC,0.18000000000000005,0.696969696969697,0.803030303030303,0.0,2.5,3.0,4.713804713804714,0.7575757575757576,0.0
13,CrossEntropyLoss,LAC,0.19999999999999996,0.696969696969697,0.7878787878787878,0.0,2.6,3.0,4.242424242424244,0.7878787878787878,0.0
14,CrossEntropyLoss,min-CPS,0.020000000000000018,1.0,3.3636363636363638,2.3636363636363638,,0.0,2.3636363636363638,0.0,0.0
14,CrossEntropyLoss,min-CPS,0.030000000000000027,0.9696969696969697,2.242424242424242,1.2424242424242424,2.0,2.0,5.282828282828279,0.06060606060606061,0.0
14,CrossEntropyLoss,min-CPS,0.050000000000000044,0.9696969696969697,1.9848484848484849,0.9848484848484849,2.0,2.0,3.409090909090907,0.06060606060606061,0.0
14,CrossEntropyLoss,min-CPS,0.07999999999999996,0.9545454545454546,1.9393939393939394,0.9393939393939394,2.0,2.0,3.2121212121212133,0.09090909090909091,0.0
14,CrossEntropyLoss,min-CPS,0.09999999999999998,0.9545454545454546,1.8181818181818181,0.8181818181818182,2.0,2.0,2.6363636363636367,0.09090909090909091,0.0
14,CrossEntropyLoss,min-CPS,0.13,0.9090909090909091,1.2272727272727273,0.22727272727272727,1.8333333333333333,2.0,2.7913752913752914,0.16666666666666666,0.0
14,CrossEntropyLoss,min-CPS,0.15000000000000002,0.9090909090909091,1.2121212121212122,0.21212121212121213,1.8333333333333333,2.0,2.4343434343434343,0.16666666666666666,0.0
14,CrossEntropyLoss,min-CPS,0.18000000000000005,0.8939393939393939,1.0303030303030303,0.030303030303030304,1.8571428571428572,2.0,2.218855218855218,0.19696969696969696,0.0
14,CrossEntropyLoss,min-CPS,0.19999999999999996,0.8636363636363636,1.0,0.0,1.6666666666666667,2.0,2.2727272727272734,0.22727272727272727,0.0
14,CrossEntropyLoss,RPS,0.020000000000000018,1.0,3.6666666666666665,2.6666666666666665,,0.0,2.6666666666666665,0.0,0.0
14,CrossEntropyLoss,RPS,0.030000000000000027,1.0,3.6666666666666665,2.6666666666666665,,0.0,2.6666666666666665,0.0,0.0
14,CrossEntropyLoss,RPS,0.050000000000000044,0.9696969696969697,3.0606060606060606,2.0606060606060606,1.0,1.0,3.272727272727272,0.030303030303030304,0.0
14,CrossEntropyLoss,RPS,0.07999999999999996,0.9242424242424242,1.5,0.5,1.6,2.0,3.530303030303032,0.12121212121212122,0.0
14,CrossEntropyLoss,RPS,0.09999999999999998,0.9242424242424242,1.5,0.5,1.6,2.0,2.9242424242424248,0.12121212121212122,0.0
14,CrossEntropyLoss,RPS,0.13,0.9242424242424242,1.4090909090909092,0.4090909090909091,1.6,2.0,2.273892773892774,0.12121212121212122,0.0
14,CrossEntropyLoss,RPS,0.15000000000000002,0.8939393939393939,1.106060606060606,0.10606060606060606,1.7142857142857142,2.0,2.53030303030303,0.18181818181818182,0.0
14,CrossEntropyLoss,RPS,0.18000000000000005,0.8787878787878788,1.0303030303030303,0.030303030303030304,1.625,2.0,2.218855218855218,0.19696969696969696,0.0
14,CrossEntropyLoss,RPS,0.19999999999999996,0.8636363636363636,1.0,0.015151515151515152,1.8888888888888888,3.0,2.5909090909090917,0.25757575757575757,0.0
14,CrossEntropyLoss,OCDF,0.020000000000000018,1.0,3.727272727272727,2.727272727272727,,0.0,2.727272727272727,0.0,0.0
14,CrossEntropyLoss,OCDF,0.030000000000000027,1.0,3.727272727272727,2.727272727272727,,0.0,2.727272727272727,0.0,0.0
14,CrossEntropyLoss,OCDF,0.050000000000000044,0.9545454545454546,2.8181818181818183,1.8181818181818181,2.0,2.0,5.4545454545454515,0.09090909090909091,0.0
14,CrossEntropyLoss,OCDF,0.07999999999999996,0.9393939393939394,2.727272727272727,1.7272727272727273,1.75,2.0,4.378787878787881,0.10606060606060606,0.0
14,CrossEntropyLoss,OCDF,0.09999999999999998,0.9393939393939394,2.696969696969697,1.696969696969697,1.75,2.0,3.8181818181818183,0.10606060606060606,0.0
14,CrossEntropyLoss,OCDF,0.13,0.9242424242424242,2.4393939393939394,1.4393939393939394,1.8,2.0,3.5372960372960374,0.13636363636363635,0.0
14,CrossEntropyLoss,OCDF,0.15000000000000002,0.9090909090909091,2.393939393939394,1.393939393939394,1.6666666666666667,2.0,3.414141414141414,0.15151515151515152,0.0
14,CrossEntropyLoss,OCDF,0.18000000000000005,0.8939393939393939,2.3333333333333335,1.3333333333333333,1.5714285714285714,2.0,3.1851851851851842,0.16666666666666666,0.0
14,CrossEntropyLoss,OCDF,0.19999999999999996,0.8787878787878788,2.1666666666666665,1.1666666666666667,1.5,2.0,2.984848484848485,0.18181818181818182,0.0
14,CrossEntropyLoss,APS,0.020000000000000018,1.0,3.272727272727273,2.484848484848485,,0.0,2.484848484848485,0.0,0.19696969696969702
14,CrossEntropyLoss,APS,0.030000000000000027,1.0,3.272727272727273,2.484848484848485,,0.0,2.484848484848485,0.0,0.19696969696969702
14,CrossEntropyLoss,APS,0.050000000000000044,0.9545454545454546,1.6515151515151516,0.9242424242424242,2.0,2.0,4.560606060606057,0.09090909090909091,0.2272727272727273
14,CrossEntropyLoss,APS,0.07999999999999996,0.9393939393939394,1.5909090909090908,0.8484848484848485,1.75,2.0,3.5000000000000018,0.10606060606060606,0.21212121212121215
14,CrossEntropyLoss,APS,0.09999999999999998,0.9393939393939394,1.5,0.7575757575757576,1.75,2.0,2.8787878787878793,0.10606060606060606,0.19696969696969702
14,CrossEntropyLoss,APS,0.13,0.9393939393939394,1.378787878787879,0.5909090909090909,1.75,2.0,2.2226107226107223,0.10606060606060606,0.16666666666666663
14,CrossEntropyLoss,APS,0.15000000000000002,0.9090909090909091,1.303030303030303,0.5303030303030303,2.0,3.0,2.9545454545454546,0.18181818181818182,0.1515151515151515
14,CrossEntropyLoss,APS,0.18000000000000005,0.9090909090909091,1.2272727272727273,0.4696969696969697,2.0,3.0,2.489898989898989,0.18181818181818182,0.16666666666666663
14,CrossEntropyLoss,APS,0.19999999999999996,0.803030303030303,0.9696969696969697,0.18181818181818182,2.6153846153846154,3.0,3.060606060606061,0.5151515151515151,0.06060606060606055
14,CrossEntropyLoss,LAC,0.020000000000000018,1.0,3.1818181818181817,2.3333333333333335,,0.0,2.3333333333333335,0.0,0.1515151515151515
14,CrossEntropyLoss,LAC,0.030000000000000027,1.0,3.1818181818181817,2.3333333333333335,,0.0,2.3333333333333335,0.0,0.1515151515151515
14,CrossEntropyLoss,LAC,0.050000000000000044,0.9696969696969697,1.8484848484848484,1.1818181818181819,2.0,2.0,3.6060606060606037,0.06060606060606061,0.28787878787878785
14,CrossEntropyLoss,LAC,0.07999999999999996,0.9545454545454546,1.606060606060606,0.8787878787878788,2.0,2.0,3.1515151515151527,0.09090909090909091,0.2272727272727273
14,CrossEntropyLoss,LAC,0.09999999999999998,0.9545454545454546,1.5606060606060606,0.803030303030303,2.0,2.0,2.6212121212121215,0.09090909090909091,0.19696969696969702
14,CrossEntropyLoss,LAC,0.13,0.9090909090909091,1.1363636363636365,0.2727272727272727,1.8333333333333333,2.0,2.836829836829837,0.16666666666666666,0.09090909090909094
14,CrossEntropyLoss,LAC,0.15000000000000002,0.9090909090909091,1.106060606060606,0.21212121212121213,1.8333333333333333,2.0,2.4343434343434343,0.16666666666666666,0.0757575757575758
14,CrossEntropyLoss,LAC,0.18000000000000005,0.9090909090909091,1.0606060606060606,0.10606060606060606,1.8333333333333333,2.0,1.9579124579124576,0.16666666666666666,0.030303030303030276
14,CrossEntropyLoss,LAC,0.19999999999999996,0.8787878787878788,1.0303030303030303,0.06060606060606061,1.75,2.0,2.181818181818182,0.21212121212121213,0.015151515151515138
15,CrossEntropyLoss,min-CPS,0.020000000000000018,0.9696969696969697,2.242424242424242,1.2424242424242424,2.0,2.0,7.303030303030297,0.06060606060606061,0.0
15,CrossEntropyLoss,min-CPS,0.030000000000000027,0.9545454545454546,1.9545454545454546,0.9545454545454546,2.0,2.0,7.01515151515151,0.09090909090909091,0.0
15,CrossEntropyLoss,min-CPS,0.050000000000000044,0.9545454545454546,1.9242424242424243,0.9242424242424242,2.0,2.0,4.560606060606057,0.09090909090909091,0.0
15,CrossEntropyLoss,min-CPS,0.07999999999999996,0.9545454545454546,1.893939393939394,0.8939393939393939,2.0,2.0,3.166666666666668,0.09090909090909091,0.0
15,CrossEntropyLoss,min-CPS,0.09999999999999998,0.9545454545454546,1.8636363636363635,0.8636363636363636,2.0,2.0,2.6818181818181817,0.09090909090909091,0.0
15,CrossEntropyLoss,min-CPS,0.13,0.9242424242424242,1.5151515151515151,0.5151515151515151,1.6,2.0,2.37995337995338,0.12121212121212122,0.0
15,CrossEntropyLoss,min-CPS,0.15000000000000002,0.8333333333333334,1.0,0.0,1.5454545454545454,2.0,3.434343434343434,0.25757575757575757,0.0
15,CrossEntropyLoss,min-CPS,0.18000000000000005,0.8333333333333334,1.0,0.0,1.5454545454545454,2.0,2.8619528619528616,0.25757575757575757,0.0
15,CrossEntropyLoss,min-CPS,0.19999999999999996,0.8333333333333334,1.0,0.0,1.5454545454545454,2.0,2.575757575757576,0.25757575757575757,0.0
15,CrossEntropyLoss,RPS,0.020000000000000018,1.0,3.696969696969697,2.696969696969697,,0.0,2.696969696969697,0.0,0.0
15,CrossEntropyLoss,RPS,0.030000000000000027,1.0,3.696969696969697,2.696969696969697,,0.0,2.696969696969697,0.0,0.0
15,CrossEntropyLoss,RPS,0.050000000000000044,0.9545454545454546,2.9393939393939394,1.9393939393939394,1.0,1.0,3.7575757575757565,0.045454545454545456,0.0
15,CrossEntropyLoss,RPS,0.07999999999999996,0.9545454545454546,2.8181818181818183,1.8181818181818181,1.0,1.0,2.9545454545454555,0.045454545454545456,0.0
15,CrossEntropyLoss,RPS,0.09999999999999998,0.9393939393939394,1.5,0.5,1.75,2.0,2.6212121212121215,0.10606060606060606,0.0
15,CrossEntropyLoss,RPS,0.13,0.9242424242424242,1.4545454545454546,0.45454545454545453,1.6,2.0,2.3193473193473193,0.12121212121212122,0.0
15,CrossEntropyLoss,RPS,0.15000000000000002,0.8939393939393939,1.1818181818181819,0.18181818181818182,1.4285714285714286,2.0,2.2020202020202015,0.15151515151515152,0.0
15,CrossEntropyLoss,RPS,0.18000000000000005,0.8333333333333334,0.9848484848484849,0.015151515151515152,1.8181818181818181,3.0,3.045454545454545,0.30303030303030304,0.0
15,CrossEntropyLoss,RPS,0.19999999999999996,0.7878787878787878,0.8939393939393939,0.0,2.2857142857142856,3.0,3.030303030303031,0.48484848484848486,0.0
15,CrossEntropyLoss,OCDF,0.020000000000000018,0.9696969696969697,3.0757575757575757,2.0757575757575757,2.0,2.0,8.136363636363631,0.06060606060606061,0.0
15,CrossEntropyLoss,OCDF,0.030000000000000027,0.9696969696969697,3.0757575757575757,2.0757575757575757,2.0,2.0,6.116161616161613,0.06060606060606061,0.0
15,CrossEntropyLoss,OCDF,0.050000000000000044,0.9545454545454546,2.8181818181818183,1.8181818181818181,2.0,2.0,5.4545454545454515,0.09090909090909091,0.0
15,CrossEntropyLoss,OCDF,0.07999999999999996,0.9242424242424242,2.6515151515151514,1.6515151515151516,1.6,2.0,4.681818181818183,0.12121212121212122,0.0
15,CrossEntropyLoss,OCDF,0.09999999999999998,0.8636363636363636,2.3181818181818183,1.3181818181818181,1.6666666666666667,2.0,5.863636363636363,0.22727272727272727,0.0
15,CrossEntropyLoss,OCDF,0.13,0.8333333333333334,2.1666666666666665,1.1666666666666667,1.5454545454545454,2.0,5.129370629370628,0.25757575757575757,0.0
15,CrossEntropyLoss,OCDF,0.15000000000000002,0.8333333333333334,2.090909090909091,1.0909090909090908,1.5454545454545454,2.0,4.525252525252526,0.25757575757575757,0.0
15,CrossEntropyLoss,OCDF,0.18000000000000005,0.8333333333333334,2.0,1.0,1.5454545454545454,2.0,3.8619528619528616,0.25757575757575757,0.0
15,CrossEntropyLoss,OCDF,0.19999999999999996,0.8333333333333334,1.0,0.0,1.5454545454545454,2.0,2.575757575757576,0.25757575757575757,0.0
15,CrossEntropyLoss,APS,0.020000000000000018,0.9848484848484849,2.196969696969697,1.5,2.0,2.0,4.530303030303028,0.030303030303030304,0.28787878787878785
15,CrossEntropyLoss,APS,0.030000000000000027,0.9848484848484849,2.196969696969697,1.5,2.0,2.0,3.5202020202020186,0.030303030303030304,0.28787878787878785
15,CrossEntropyLoss,APS,0.050000000000000044,0.9696969696969697,1.6818181818181819,0.9242424242424242,2.0,2.0,3.3484848484848464,0.06060606060606061,0.19696969696969702
15,CrossEntropyLoss,APS,0.07999999999999996,0.9696969696969697,1.6666666666666667,0.9090909090909091,2.0,2.0,2.424242424242425,0.06060606060606061,0.19696969696969702
15,CrossEntropyLoss,APS,0.09999999999999998,0.9696969696969697,1.6666666666666667,0.9090909090909091,2.0,2.0,2.121212121212121,0.06060606060606061,0.19696969696969702
15,CrossEntropyLoss,APS,0.13,0.9242424242424242,1.4090909090909092,0.5757575757575758,1.6,2.0,2.4405594405594404,0.12121212121212122,0.12121212121212122
15,CrossEntropyLoss,APS,0.15000000000000002,0.9242424242424242,1.3181818181818181,0.48484848484848486,1.6,2.0,2.1010101010101008,0.12121212121212122,0.10606060606060608
15,CrossEntropyLoss,APS,0.18000000000000005,0.8939393939393939,1.196969696969697,0.3787878787878788,2.0,3.0,2.398989898989899,0.21212121212121213,0.10606060606060608
15,CrossEntropyLoss,APS,0.19999999999999996,0.8181818181818182,1.0757575757575757,0.25757575757575757,1.9166666666666667,3.0,2.8333333333333344,0.3484848484848485,0.09090909090909094
15,CrossEntropyLoss,LAC,0.020000000000000018,0.9696969696969697,1.878787878787879,1.1818181818181819,2.0,2.0,7.242424242424237,0.06060606060606061,0.2727272727272727
15,CrossEntropyLoss,LAC,0.030000000000000027,0.9696969696969697,1.878787878787879,1.1818181818181819,2.0,2.0,5.222222222222219,0.06060606060606061,0.2727272727272727
15,CrossEntropyLoss,LAC,0.050000000000000044,0.9545454545454546,1.7121212121212122,0.9393939393939394,2.0,2.0,4.575757575757573,0.09090909090909091,0.18181818181818177
15,CrossEntropyLoss,LAC,0.07999999999999996,0.9545454545454546,1.6363636363636365,0.8636363636363636,2.0,2.0,3.1363636363636376,0.09090909090909091,0.18181818181818177
15,CrossEntropyLoss,LAC,0.09999999999999998,0.9242424242424242,1.5909090909090908,0.8181818181818182,1.6,2.0,3.2424242424242427,0.12121212121212122,0.18181818181818177
15,CrossEntropyLoss,LAC,0.13,0.9242424242424242,1.3181818181818181,0.48484848484848486,1.6,2.0,2.3496503496503496,0.12121212121212122,0.12121212121212122
15,CrossEntropyLoss,LAC,0.15000000000000002,0.9242424242424242,1.1818181818181819,0.3333333333333333,1.6,2.0,1.9494949494949494,0.12121212121212122,0.10606060606060608
15,CrossEntropyLoss,LAC,0.18000000000000005,0.8484848484848485,1.0454545454545454,0.09090909090909091,1.6,2.0,2.7845117845117846,0.24242424242424243,0.030303030303030276
15,CrossEntropyLoss,LAC,0.19999999999999996,0.7878787878787878,0.8939393939393939,0.0,2.2857142857142856,3.0,3.030303030303031,0.48484848484848486,0.0
16,CrossEntropyLoss,min-CPS,0.020000000000000018,0.9848484848484849,2.287878787878788,1.2878787878787878,2.0,2.0,4.318181818181816,0.030303030303030304,0.0
16,CrossEntropyLoss,min-CPS,0.030000000000000027,0.9848484848484849,2.257575757575758,1.2575757575757576,2.0,2.0,3.2777777777777763,0.030303030303030304,0.0
16,CrossEntropyLoss,min-CPS,0.050000000000000044,0.9848484848484849,2.196969696969697,1.196969696969697,2.0,2.0,2.4090909090909083,0.030303030303030304,0.0
16,CrossEntropyLoss,min-CPS,0.07999999999999996,0.8939393939393939,1.7424242424242424,0.7424242424242424,1.1428571428571428,2.0,3.7727272727272743,0.12121212121212122,0.0
16,CrossEntropyLoss,min-CPS,0.09999999999999998,0.8939393939393939,1.4393939393939394,0.4393939393939394,1.4285714285714286,3.0,3.4696969696969706,0.15151515151515152,0.0
16,CrossEntropyLoss,min-CPS,0.13,0.8939393939393939,1.2727272727272727,0.2727272727272727,1.4285714285714286,3.0,2.603729603729603,0.15151515151515152,0.0
16,CrossEntropyLoss,min-CPS,0.15000000000000002,0.8787878787878788,1.0606060606060606,0.06060606060606061,1.5,3.0,2.4848484848484844,0.18181818181818182,0.0
16,CrossEntropyLoss,min-CPS,0.18000000000000005,0.8787878787878788,1.0303030303030303,0.030303030303030304,1.5,3.0,2.05050505050505,0.18181818181818182,0.0
16,CrossEntropyLoss,min-CPS,0.19999999999999996,0.8787878787878788,1.0303030303030303,0.030303030303030304,1.5,3.0,1.8484848484848488,0.18181818181818182,0.0
16,CrossEntropyLoss,RPS,0.020000000000000018,0.9696969696969697,3.0757575757575757,2.0757575757575757,1.0,1.0,5.106060606060604,0.030303030303030304,0.0
16,CrossEntropyLoss,RPS,0.030000000000000027,0.9696969696969697,3.0757575757575757,2.0757575757575757,1.0,1.0,4.095959595959595,0.030303030303030304,0.0
16,CrossEntropyLoss,RPS,0.050000000000000044,0.9696969696969697,3.0303030303030303,2.0303030303030303,1.0,1.0,3.2424242424242418,0.030303030303030304,0.0
16,CrossEntropyLoss,RPS,0.07999999999999996,0.9696969696969697,2.9242424242424243,1.9242424242424243,1.0,1.0,2.681818181818182,0.030303030303030304,0.0
16,CrossEntropyLoss,RPS,0.09999999999999998,0.9696969696969697,2.8333333333333335,1.8333333333333333,1.5,2.0,2.742424242424242,0.045454545454545456,0.0
16,CrossEntropyLoss,RPS,0.13,0.8787878787878788,1.1515151515151516,0.15151515151515152,1.375,3.0,2.7156177156177157,0.16666666666666666,0.0
16,CrossEntropyLoss,RPS,0.15000000000000002,0.8787878787878788,1.1363636363636365,0.13636363636363635,1.375,3.0,2.3585858585858586,0.16666666666666666,0.0
16,CrossEntropyLoss,RPS,0.18000000000000005,0.8787878787878788,1.0606060606060606,0.06060606060606061,1.375,3.0,1.912457912457912,0.16666666666666666,0.0
16,CrossEntropyLoss,RPS,0.19999999999999996,0.8333333333333334,0.9545454545454546,0.0,1.9090909090909092,3.0,3.030303030303031,0.3181818181818182,0.0
16,CrossEntropyLoss,OCDF,0.020000000000000018,0.9848484848484849,3.121212121212121,2.121212121212121,2.0,2.0,5.151515151515149,0.030303030303030304,0.0
16,CrossEntropyLoss,OCDF,0.030000000000000027,0.9848484848484849,3.121212121212121,2.121212121212121,2.0,2.0,4.14141414141414,0.030303030303030304,0.0
16,CrossEntropyLoss,OCDF,0.050000000000000044,0.9848484848484849,3.090909090909091,2.090909090909091,2.0,2.0,3.3030303030303023,0.030303030303030304,0.0
16,CrossEntropyLoss,OCDF,0.07999999999999996,0.9090909090909091,2.5757575757575757,1.5757575757575757,1.1666666666666667,2.0,4.227272727272729,0.10606060606060606,0.0
16,CrossEntropyLoss,OCDF,0.09999999999999998,0.8939393939393939,2.4242424242424243,1.4242424242424243,1.2857142857142858,2.0,4.151515151515151,0.13636363636363635,0.0
16,CrossEntropyLoss,OCDF,0.13,0.8787878787878788,2.393939393939394,1.393939393939394,1.25,2.0,3.7249417249417243,0.15151515151515152,0.0
16,CrossEntropyLoss,OCDF,0.15000000000000002,0.8787878787878788,2.393939393939394,1.393939393939394,1.25,2.0,3.414141414141414,0.15151515151515152,0.0
16,CrossEntropyLoss,OCDF,0.18000000000000005,0.8787878787878788,2.272727272727273,1.2727272727272727,1.25,2.0,2.956228956228956,0.15151515151515152,0.0
16,CrossEntropyLoss,OCDF,0.19999999999999996,0.8636363636363636,2.090909090909091,1.0909090909090908,1.3333333333333333,2.0,2.909090909090909,0.18181818181818182,0.0
16,CrossEntropyLoss,APS,0.020000000000000018,0.9848484848484849,2.106060606060606,1.378787878787879,2.0,2.0,4.4090909090909065,0.030303030303030304,0.24242424242424243
16,CrossEntropyLoss,APS,0.030000000000000027,0.9848484848484849,2.106060606060606,1.378787878787879,2.0,2.0,3.3989898989898975,0.030303030303030304,0.24242424242424243
16,CrossEntropyLoss,APS,0.050000000000000044,0.9393939393939394,1.8333333333333333,1.1515151515151516,1.25,2.0,3.5757575757575735,0.07575757575757576,0.2727272727272727
16,CrossEntropyLoss,APS,0.07999999999999996,0.8939393939393939,1.3636363636363635,0.5606060606060606,1.1428571428571428,2.0,3.5909090909090926,0.12121212121212122,0.16666666666666663
16,CrossEntropyLoss,APS,0.09999999999999998,0.8939393939393939,1.3181818181818181,0.5,1.4285714285714286,3.0,3.530303030303031,0.15151515151515152,0.1515151515151515
16,CrossEntropyLoss,APS,0.13,0.8484848484848485,1.1818181818181819,0.4090909090909091,1.9,3.0,4.371794871794871,0.2878787878787879,0.1515151515151515
16,CrossEntropyLoss,APS,0.15000000000000002,0.8484848484848485,1.1818181818181819,0.4090909090909091,1.9,3.0,3.843434343434343,0.2878787878787879,0.1515151515151515
16,CrossEntropyLoss,APS,0.18000000000000005,0.803030303030303,1.0303030303030303,0.21212121212121213,2.1538461538461537,3.0,4.4208754208754195,0.42424242424242425,0.0757575757575758
16,CrossEntropyLoss,APS,0.19999999999999996,0.7727272727272727,0.9848484848484849,0.16666666666666666,2.2666666666666666,3.0,4.257575757575759,0.5151515151515151,0.06060606060606055
16,CrossEntropyLoss,LAC,0.020000000000000018,0.9848484848484849,1.9848484848484849,1.2575757575757576,2.0,2.0,4.287878787878785,0.030303030303030304,0.25757575757575757
16,CrossEntropyLoss,LAC,0.030000000000000027,0.9848484848484849,1.9848484848484849,1.2575757575757576,2.0,2.0,3.2777777777777763,0.030303030303030304,0.25757575757575757
16,CrossEntropyLoss,LAC,0.050000000000000044,0.9848484848484849,1.878787878787879,1.1666666666666667,2.0,2.0,2.378787878787878,0.030303030303030304,0.25757575757575757
16,CrossEntropyLoss,LAC,0.07999999999999996,0.8939393939393939,1.5,0.7272727272727273,1.1428571428571428,2.0,3.757575757575759,0.12121212121212122,0.18181818181818177
16,CrossEntropyLoss,LAC,0.09999999999999998,0.8939393939393939,1.2424242424242424,0.4393939393939394,1.4285714285714286,3.0,3.4696969696969706,0.15151515151515152,0.16666666666666663
16,CrossEntropyLoss,LAC,0.13,0.8939393939393939,1.1515151515151516,0.2727272727272727,1.4285714285714286,3.0,2.603729603729603,0.15151515151515152,0.10606060606060608
16,CrossEntropyLoss,LAC,0.15000000000000002,0.8939393939393939,1.106060606060606,0.21212121212121213,1.4285714285714286,3.0,2.232323232323232,0.15151515151515152,0.09090909090909094
16,CrossEntropyLoss,LAC,0.18000000000000005,0.8939393939393939,1.0757575757575757,0.16666666666666666,1.4285714285714286,3.0,1.8501683501683497,0.15151515151515152,0.0757575757575758
16,CrossEntropyLoss,LAC,0.19999999999999996,0.8636363636363636,0.9848484848484849,0.0,1.6666666666666667,3.0,2.1212121212121215,0.22727272727272727,0.0
17,CrossEntropyLoss,min-CPS,0.020000000000000018,0.9848484848484849,2.1666666666666665,1.1666666666666667,2.0,2.0,4.196969696969695,0.030303030303030304,0.0
17,CrossEntropyLoss,min-CPS,0.030000000000000027,0.9696969696969697,2.0454545454545454,1.0454545454545454,2.0,2.0,5.085858585858583,0.06060606060606061,0.0
17,CrossEntropyLoss,min-CPS,0.050000000000000044,0.9696969696969697,1.9242424242424243,0.9242424242424242,2.0,2.0,3.3484848484848464,0.06060606060606061,0.0
17,CrossEntropyLoss,min-CPS,0.07999999999999996,0.9545454545454546,1.8484848484848484,0.8484848484848485,1.6666666666666667,2.0,2.742424242424243,0.07575757575757576,0.0
17,CrossEntropyLoss,min-CPS,0.09999999999999998,0.9545454545454546,1.7727272727272727,0.7727272727272727,1.6666666666666667,2.0,2.287878787878788,0.07575757575757576,0.0
17,CrossEntropyLoss,min-CPS,0.13,0.9242424242424242,1.393939393939394,0.3939393939393939,1.6,2.0,2.2587412587412588,0.12121212121212122,0.0
17,CrossEntropyLoss,min-CPS,0.15000000000000002,0.9090909090909091,1.2121212121212122,0.21212121212121213,1.5,2.0,2.0303030303030303,0.13636363636363635,0.0
17,CrossEntropyLoss,min-CPS,0.18000000000000005,0.8939393939393939,1.0151515151515151,0.015151515151515152,1.4285714285714286,2.0,1.6986531986531983,0.15151515151515152,0.0
17,CrossEntropyLoss,min-CPS,0.19999999999999996,0.8939393939393939,1.0,0.0,1.4285714285714286,2.0,1.5151515151515156,0.15151515151515152,0.0
17,CrossEntropyLoss,RPS,0.020000000000000018,1.0,3.606060606060606,2.606060606060606,,0.0,2.606060606060606,0.0,0.0
17,CrossEntropyLoss,RPS,0.030000000000000027,1.0,3.606060606060606,2.606060606060606,,0.0,2.606060606060606,0.0,0.0
17,CrossEntropyLoss,RPS,0.050000000000000044,0.9696969696969697,2.9393939393939394,1.9393939393939394,1.0,1.0,3.1515151515151505,0.030303030303030304,0.0
17,CrossEntropyLoss,RPS,0.07999999999999996,0.9545454545454546,2.712121212121212,1.7121212121212122,1.0,1.0,2.8484848484848495,0.045454545454545456,0.0
17,CrossEntropyLoss,RPS,0.09999999999999998,0.9545454545454546,2.590909090909091,1.5909090909090908,1.0,1.0,2.5,0.045454545454545456,0.0
17,CrossEntropyLoss,RPS,0.13,0.9242424242424242,1.4090909090909092,0.4090909090909091,1.4,2.0,2.0407925407925407,0.10606060606060606,0.0
17,CrossEntropyLoss,RPS,0.15000000000000002,0.9242424242424242,1.4090909090909092,0.4090909090909091,1.4,2.0,1.823232323232323,0.10606060606060606,0.0
17,CrossEntropyLoss,RPS,0.18000000000000005,0.9090909090909091,1.121212121212121,0.12121212121212122,1.5,2.0,1.636363636363636,0.13636363636363635,0.0
17,CrossEntropyLoss,RPS,0.19999999999999996,0.9090909090909091,1.0606060606060606,0.06060606060606061,1.5,2.0,1.4242424242424248,0.13636363636363635,0.0
17,CrossEntropyLoss,OCDF,0.020000000000000018,0.9848484848484849,3.106060606060606,2.106060606060606,2.0,2.0,5.136363636363634,0.030303030303030304,0.0
17,CrossEntropyLoss,OCDF,0.030000000000000027,0.9848484848484849,3.106060606060606,2.106060606060606,2.0,2.0,4.126262626262625,0.030303030303030304,0.0
17,CrossEntropyLoss,OCDF,0.050000000000000044,0.9696969696969697,2.9545454545454546,1.9545454545454546,2.0,2.0,4.378787878787877,0.06060606060606061,0.0
17,CrossEntropyLoss,OCDF,0.07999999999999996,0.9545454545454546,2.8333333333333335,1.8333333333333333,1.6666666666666667,2.0,3.727272727272728,0.07575757575757576,0.0
17,CrossEntropyLoss,OCDF,0.09999999999999998,0.9393939393939394,2.6363636363636362,1.6363636363636365,1.5,2.0,3.4545454545454546,0.09090909090909091,0.0
17,CrossEntropyLoss,OCDF,0.13,0.9393939393939394,2.5303030303030303,1.5303030303030303,1.5,2.0,2.928904428904429,0.09090909090909091,0.0
17,CrossEntropyLoss,OCDF,0.15000000000000002,0.9393939393939394,2.4545454545454546,1.4545454545454546,1.5,2.0,2.6666666666666665,0.09090909090909091,0.0
17,CrossEntropyLoss,OCDF,0.18000000000000005,0.9393939393939394,2.4242424242424243,1.4242424242424243,1.5,2.0,2.434343434343434,0.09090909090909091,0.0
17,CrossEntropyLoss,OCDF,0.19999999999999996,0.9242424242424242,2.3333333333333335,1.3333333333333333,1.4,2.0,2.393939393939394,0.10606060606060606,0.0
17,CrossEntropyLoss,APS,0.020000000000000018,0.9848484848484849,1.9696969696969697,1.2727272727272727,2.0,2.0,4.3030303030303,0.030303030303030304,0.25757575757575757
17,CrossEntropyLoss,APS,0.030000000000000027,0.9848484848484849,1.9696969696969697,1.2727272727272727,2.0,2.0,3.2929292929292915,0.030303030303030304,0.25757575757575757
17,CrossEntropyLoss,APS,0.050000000000000044,0.9545454545454546,1.7272727272727273,1.0454545454545454,1.6666666666666667,2.0,3.4696969696969675,0.07575757575757576,0.28787878787878785
17,CrossEntropyLoss,APS,0.07999999999999996,0.9545454545454546,1.6666666666666667,0.9696969696969697,1.6666666666666667,2.0,2.4848484848484858,0.07575757575757576,0.2727272727272727
17,CrossEntropyLoss,APS,0.09999999999999998,0.9393939393939394,1.4393939393939394,0.6818181818181818,1.5,2.0,2.5000000000000004,0.09090909090909091,0.19696969696969702
17,CrossEntropyLoss,APS,0.13,0.9242424242424242,1.2272727272727273,0.3939393939393939,1.6,2.0,2.2587412587412588,0.12121212121212122,0.12121212121212122
17,CrossEntropyLoss,APS,0.15000000000000002,0.9242424242424242,1.2272727272727273,0.3939393939393939,1.6,2.0,2.01010101010101,0.12121212121212122,0.12121212121212122
17,CrossEntropyLoss,APS,0.18000000000000005,0.8939393939393939,1.121212121212121,0.25757575757575757,2.0,3.0,2.109427609427609,0.21212121212121213,0.0757575757575758
17,CrossEntropyLoss,APS,0.19999999999999996,0.8484848484848485,1.0757575757575757,0.25757575757575757,2.3,3.0,2.2272727272727275,0.3484848484848485,0.0757575757575758
17,CrossEntropyLoss,LAC,0.020000000000000018,0.9848484848484849,1.8333333333333333,1.121212121212121,2.0,2.0,4.151515151515149,0.030303030303030304,0.2727272727272727
17,CrossEntropyLoss,LAC,0.030000000000000027,0.9848484848484849,1.8333333333333333,1.121212121212121,2.0,2.0,3.1414141414141397,0.030303030303030304,0.2727272727272727
17,CrossEntropyLoss,LAC,0.050000000000000044,0.9545454545454546,1.6363636363636365,0.8939393939393939,1.6666666666666667,2.0,3.9242424242424216,0.07575757575757576,0.2272727272727273
17,CrossEntropyLoss,LAC,0.07999999999999996,0.9545454545454546,1.5454545454545454,0.803030303030303,1.6666666666666667,2.0,2.6969696969696977,0.07575757575757576,0.2272727272727273
17,CrossEntropyLoss,LAC,0.09999999999999998,0.9393939393939394,1.5151515151515151,0.7575757575757576,1.5,2.0,2.5757575757575757,0.09090909090909091,0.21212121212121215
17,CrossEntropyLoss,LAC,0.13,0.9242424242424242,1.2272727272727273,0.36363636363636365,1.6,2.0,2.2284382284382285,0.12121212121212122,0.10606060606060608
17,CrossEntropyLoss,LAC,0.15000000000000002,0.9090909090909091,1.121212121212121,0.22727272727272727,1.5,2.0,2.0454545454545454,0.13636363636363635,0.0757575757575758
17,CrossEntropyLoss,LAC,0.18000000000000005,0.8939393939393939,1.0454545454545454,0.10606060606060606,1.4285714285714286,2.0,1.7895622895622891,0.15151515151515152,0.045454545454545414
17,CrossEntropyLoss,LAC,0.19999999999999996,0.8939393939393939,1.0303030303030303,0.07575757575757576,1.4285714285714286,2.0,1.5909090909090913,0.15151515151515152,0.030303030303030276
18,CrossEntropyLoss,min-CPS,0.020000000000000018,0.9848484848484849,2.257575757575758,1.2575757575757576,2.0,2.0,4.287878787878785,0.030303030303030304,0.0
18,CrossEntropyLoss,min-CPS,0.030000000000000027,0.9848484848484849,2.227272727272727,1.2272727272727273,2.0,2.0,3.247474747474746,0.030303030303030304,0.0
18,CrossEntropyLoss,min-CPS,0.050000000000000044,0.9393939393939394,1.9545454545454546,0.9545454545454546,1.75,2.0,5.196969696969694,0.10606060606060606,0.0
18,CrossEntropyLoss,min-CPS,0.07999999999999996,0.8787878787878788,1.4545454545454546,0.45454545454545453,1.75,3.0,5.75757575757576,0.21212121212121213,0.0
18,CrossEntropyLoss,min-CPS,0.09999999999999998,0.8787878787878788,1.2575757575757576,0.25757575757575757,1.75,3.0,4.500000000000001,0.21212121212121213,0.0
18,CrossEntropyLoss,min-CPS,0.13,0.8333333333333334,1.0606060606060606,0.06060606060606061,1.7272727272727273,3.0,4.48951048951049,0.2878787878787879,0.0
18,CrossEntropyLoss,min-CPS,0.15000000000000002,0.803030303030303,1.0,0.0,1.6923076923076923,3.0,4.444444444444444,0.3333333333333333,0.0
18,CrossEntropyLoss,min-CPS,0.18000000000000005,0.803030303030303,1.0,0.0,1.6923076923076923,3.0,3.703703703703703,0.3333333333333333,0.0
18,CrossEntropyLoss,min-CPS,0.19999999999999996,0.803030303030303,1.0,0.0,1.6923076923076923,3.0,3.3333333333333344,0.3333333333333333,0.0
18,CrossEntropyLoss,RPS,0.020000000000000018,0.9696969696969697,3.106060606060606,2.106060606060606,1.0,1.0,5.136363636363634,0.030303030303030304,0.0
18,CrossEntropyLoss,RPS,0.030000000000000027,0.9696969696969697,3.106060606060606,2.106060606060606,1.0,1.0,4.126262626262625,0.030303030303030304,0.0
18,CrossEntropyLoss,RPS,0.050000000000000044,0.9242424242424242,2.8484848484848486,1.8484848484848484,1.2,2.0,5.484848484848482,0.09090909090909091,0.0
18,CrossEntropyLoss,RPS,0.07999999999999996,0.8787878787878788,1.5,0.5,1.5,2.0,5.045454545454547,0.18181818181818182,0.0
18,CrossEntropyLoss,RPS,0.09999999999999998,0.8333333333333334,1.1363636363636365,0.13636363636363635,1.5454545454545454,3.0,5.287878787878789,0.25757575757575757,0.0
18,CrossEntropyLoss,RPS,0.13,0.8333333333333334,1.0757575757575757,0.07575757575757576,1.6363636363636365,3.0,4.271561771561771,0.2727272727272727,0.0
18,CrossEntropyLoss,RPS,0.15000000000000002,0.8333333333333334,1.0151515151515151,0.015151515151515152,1.7272727272727273,3.0,3.853535353535353,0.2878787878787879,0.0
18,CrossEntropyLoss,RPS,0.18000000000000005,0.7878787878787878,0.9696969696969697,0.0,1.8571428571428572,3.0,4.208754208754208,0.3939393939393939,0.0
18,CrossEntropyLoss,RPS,0.19999999999999996,0.7727272727272727,0.9242424242424242,0.0,2.1333333333333333,3.0,3.4848484848484858,0.48484848484848486,0.0
18,CrossEntropyLoss,OCDF,0.020000000000000018,0.9848484848484849,3.0606060606060606,2.0606060606060606,2.0,2.0,5.090909090909088,0.030303030303030304,0.0
18,CrossEntropyLoss,OCDF,0.030000000000000027,0.9848484848484849,3.0606060606060606,2.0606060606060606,2.0,2.0,4.0808080808080796,0.030303030303030304,0.0
18,CrossEntropyLoss,OCDF,0.050000000000000044,0.9545454545454546,2.8484848484848486,1.8484848484848484,2.0,2.0,5.484848484848483,0.09090909090909091,0.0
18,CrossEntropyLoss,OCDF,0.07999999999999996,0.8787878787878788,2.4393939393939394,1.4393939393939394,1.625,2.0,6.363636363636365,0.19696969696969696,0.0
18,CrossEntropyLoss,OCDF,0.09999999999999998,0.8484848484848485,2.393939393939394,1.393939393939394,1.5,2.0,5.9393939393939394,0.22727272727272727,0.0
18,CrossEntropyLoss,OCDF,0.13,0.8484848484848485,2.303030303030303,1.303030303030303,1.5,2.0,4.799533799533799,0.22727272727272727,0.0
18,CrossEntropyLoss,OCDF,0.15000000000000002,0.8333333333333334,2.212121212121212,1.2121212121212122,1.4545454545454546,2.0,4.444444444444444,0.24242424242424243,0.0
18,CrossEntropyLoss,OCDF,0.18000000000000005,0.803030303030303,1.0,0.0,1.6923076923076923,3.0,3.703703703703703,0.3333333333333333,0.0
18,CrossEntropyLoss,OCDF,0.19999999999999996,0.803030303030303,1.0,0.0,1.6923076923076923,3.0,3.3333333333333344,0.3333333333333333,0.0
18,CrossEntropyLoss,APS,0.020000000000000018,0.9848484848484849,2.227272727272727,1.4848484848484849,2.0,2.0,4.515151515151513,0.030303030303030304,0.24242424242424243
18,CrossEntropyLoss,APS,0.030000000000000027,0.9848484848484849,2.227272727272727,1.4848484848484849,2.0,2.0,3.5050505050505034,0.030303030303030304,0.24242424242424243
18,CrossEntropyLoss,APS,0.050000000000000044,0.9545454545454546,1.8333333333333333,1.0303030303030303,1.6666666666666667,2.0,4.060606060606058,0.07575757575757576,0.19696969696969702
18,CrossEntropyLoss,APS,0.07999999999999996,0.8636363636363636,1.2727272727272727,0.42424242424242425,1.8888888888888888,3.0,6.863636363636367,0.25757575757575757,0.12121212121212122
18,CrossEntropyLoss,APS,0.09999999999999998,0.8636363636363636,1.2727272727272727,0.42424242424242425,1.8888888888888888,3.0,5.575757575757577,0.25757575757575757,0.12121212121212122
18,CrossEntropyLoss,APS,0.13,0.8333333333333334,1.1515151515151516,0.3181818181818182,2.1818181818181817,3.0,4.513986013986013,0.36363636363636365,0.10606060606060608
18,CrossEntropyLoss,APS,0.15000000000000002,0.8333333333333334,1.106060606060606,0.24242424242424243,2.1818181818181817,3.0,3.8787878787878785,0.36363636363636365,0.0757575757575758
18,CrossEntropyLoss,APS,0.18000000000000005,0.7575757575757576,1.0151515151515151,0.19696969696969696,2.375,3.0,5.415824915824915,0.5757575757575758,0.06060606060606055
18,CrossEntropyLoss,APS,0.19999999999999996,0.7121212121212122,0.9393939393939394,0.15151515151515152,2.3684210526315788,3.0,5.3030303030303045,0.6818181818181818,0.06060606060606055
18,CrossEntropyLoss,LAC,0.020000000000000018,0.9848484848484849,2.015151515151515,1.2575757575757576,2.0,2.0,4.287878787878785,0.030303030303030304,0.24242424242424243
18,CrossEntropyLoss,LAC,0.030000000000000027,0.9848484848484849,2.015151515151515,1.2575757575757576,2.0,2.0,3.2777777777777763,0.030303030303030304,0.24242424242424243
18,CrossEntropyLoss,LAC,0.050000000000000044,0.9696969696969697,1.9242424242424243,1.1363636363636365,2.0,2.0,3.5606060606060588,0.06060606060606061,0.21212121212121215
18,CrossEntropyLoss,LAC,0.07999999999999996,0.8787878787878788,1.2878787878787878,0.42424242424242425,1.75,3.0,5.727272727272729,0.21212121212121213,0.12121212121212122
18,CrossEntropyLoss,LAC,0.09999999999999998,0.8636363636363636,1.1515151515151516,0.22727272727272727,1.6666666666666667,3.0,4.772727272727273,0.22727272727272727,0.0757575757575758
18,CrossEntropyLoss,LAC,0.13,0.8484848484848485,1.0606060606060606,0.10606060606060606,1.7,3.0,4.068764568764569,0.25757575757575757,0.045454545454545414
18,CrossEntropyLoss,LAC,0.15000000000000002,0.8484848484848485,1.0606060606060606,0.10606060606060606,1.7,3.0,3.5404040404040393,0.25757575757575757,0.045454545454545414
18,CrossEntropyLoss,LAC,0.18000000000000005,0.7878787878787878,0.9242424242424242,0.0,2.2142857142857144,3.0,4.04040404040404,0.4696969696969697,0.0
18,CrossEntropyLoss,LAC,0.19999999999999996,0.7878787878787878,0.9242424242424242,0.0,2.2142857142857144,3.0,3.636363636363637,0.4696969696969697,0.0
19,CrossEntropyLoss,min-CPS,0.020000000000000018,0.9545454545454546,2.212121212121212,1.2121212121212122,2.0,2.0,10.303030303030296,0.09090909090909091,0.0
19,CrossEntropyLoss,min-CPS,0.030000000000000027,0.9545454545454546,2.0303030303030303,1.0303030303030303,2.0,2.0,7.0909090909090855,0.09090909090909091,0.0
19,CrossEntropyLoss,min-CPS,0.050000000000000044,0.9545454545454546,1.9848484848484849,0.9848484848484849,2.0,2.0,4.6212121212121176,0.09090909090909091,0.0
19,CrossEntropyLoss,min-CPS,0.07999999999999996,0.8636363636363636,1.2121212121212122,0.21212121212121213,1.5555555555555556,2.0,5.515151515151518,0.21212121212121213,0.0
19,CrossEntropyLoss,min-CPS,0.09999999999999998,0.8636363636363636,1.196969696969697,0.19696969696969696,1.5555555555555556,2.0,4.43939393939394,0.21212121212121213,0.0
19,CrossEntropyLoss,min-CPS,0.13,0.8333333333333334,1.0606060606060606,0.06060606060606061,1.5454545454545454,2.0,4.023310023310024,0.25757575757575757,0.0
19,CrossEntropyLoss,min-CPS,0.15000000000000002,0.7878787878787878,1.0,0.0,1.5,2.0,4.242424242424241,0.3181818181818182,0.0
19,CrossEntropyLoss,min-CPS,0.18000000000000005,0.7878787878787878,1.0,0.0,1.5,2.0,3.5353535353535346,0.3181818181818182,0.0
19,CrossEntropyLoss,min-CPS,0.19999999999999996,0.7878787878787878,1.0,0.0,1.5,2.0,3.1818181818181825,0.3181818181818182,0.0
19,CrossEntropyLoss,RPS,0.020000000000000018,1.0,3.6515151515151514,2.6515151515151514,,0.0,2.6515151515151514,0.0,0.0
19,CrossEntropyLoss,RPS,0.030000000000000027,1.0,3.6515151515151514,2.6515151515151514,,0.0,2.6515151515151514,0.0,0.0
19,CrossEntropyLoss,RPS,0.050000000000000044,0.9545454545454546,2.9393939393939394,1.9393939393939394,1.0,1.0,3.7575757575757565,0.045454545454545456,0.0
19,CrossEntropyLoss,RPS,0.07999999999999996,0.8484848484848485,1.2424242424242424,0.24242424242424243,1.5,2.0,5.924242424242427,0.22727272727272727,0.0
19,CrossEntropyLoss,RPS,0.09999999999999998,0.8484848484848485,1.1363636363636365,0.13636363636363635,1.5,2.0,4.6818181818181825,0.22727272727272727,0.0
19,CrossEntropyLoss,RPS,0.13,0.8333333333333334,1.0454545454545454,0.045454545454545456,1.5454545454545454,2.0,4.008158508158508,0.25757575757575757,0.0
19,CrossEntropyLoss,RPS,0.15000000000000002,0.8181818181818182,1.0151515151515151,0.015151515151515152,1.5,2.0,3.6515151515151505,0.2727272727272727,0.0
19,CrossEntropyLoss,RPS,0.18000000000000005,0.7878787878787878,0.9848484848484849,0.0,1.5714285714285714,3.0,3.5353535353535346,0.3333333333333333,0.0
19,CrossEntropyLoss,RPS,0.19999999999999996,0.7878787878787878,0.9393939393939394,0.0,2.0,3.0,3.4848484848484858,0.42424242424242425,0.0
19,CrossEntropyLoss,OCDF,0.020000000000000018,0.9545454545454546,3.106060606060606,2.106060606060606,2.0,2.0,11.19696969696969,0.09090909090909091,0.0
19,CrossEntropyLoss,OCDF,0.030000000000000027,0.9545454545454546,3.106060606060606,2.106060606060606,2.0,2.0,8.16666666666666,0.09090909090909091,0.0
19,CrossEntropyLoss,OCDF,0.050000000000000044,0.9545454545454546,2.909090909090909,1.9090909090909092,2.0,2.0,5.545454545454542,0.09090909090909091,0.0
19,CrossEntropyLoss,OCDF,0.07999999999999996,0.8787878787878788,2.484848484848485,1.4848484848484849,1.5,2.0,6.030303030303032,0.18181818181818182,0.0
19,CrossEntropyLoss,OCDF,0.09999999999999998,0.8181818181818182,2.3181818181818183,1.3181818181818181,1.3333333333333333,2.0,6.166666666666669,0.24242424242424243,0.0
19,CrossEntropyLoss,OCDF,0.13,0.803030303030303,2.212121212121212,1.2121212121212122,1.3076923076923077,2.0,5.174825174825175,0.25757575757575757,0.0
19,CrossEntropyLoss,OCDF,0.15000000000000002,0.7878787878787878,1.0,0.0,1.5,2.0,4.242424242424241,0.3181818181818182,0.0
19,CrossEntropyLoss,OCDF,0.18000000000000005,0.7878787878787878,1.0,0.0,1.5,2.0,3.5353535353535346,0.3181818181818182,0.0
19,CrossEntropyLoss,OCDF,0.19999999999999996,0.7878787878787878,1.0,0.0,1.5,2.0,3.1818181818181825,0.3181818181818182,0.0
19,CrossEntropyLoss,APS,0.020000000000000018,0.9242424242424242,1.9242424242424243,1.303030303030303,1.6,2.0,11.909090909090901,0.12121212121212122,0.31818181818181823
19,CrossEntropyLoss,APS,0.030000000000000027,0.9242424242424242,1.9242424242424243,1.303030303030303,1.6,2.0,8.373737373737368,0.12121212121212122,0.31818181818181823
19,CrossEntropyLoss,APS,0.050000000000000044,0.9242424242424242,1.7575757575757576,1.0606060606060606,1.6,2.0,5.303030303030299,0.12121212121212122,0.2727272727272727
19,CrossEntropyLoss,APS,0.07999999999999996,0.8636363636363636,1.196969696969697,0.2878787878787879,1.6666666666666667,3.0,4.833333333333336,0.22727272727272727,0.0757575757575758
19,CrossEntropyLoss,APS,0.09999999999999998,0.8484848484848485,1.1666666666666667,0.2727272727272727,1.8,3.0,4.515151515151516,0.2727272727272727,0.0757575757575758
19,CrossEntropyLoss,APS,0.13,0.803030303030303,1.0151515151515151,0.12121212121212122,2.076923076923077,3.0,4.783216783216783,0.4090909090909091,0.030303030303030276
19,CrossEntropyLoss,APS,0.15000000000000002,0.803030303030303,1.0151515151515151,0.12121212121212122,2.076923076923077,3.0,4.161616161616161,0.4090909090909091,0.030303030303030276
19,CrossEntropyLoss,APS,0.18000000000000005,0.7727272727272727,0.9848484848484849,0.12121212121212122,2.2,3.0,3.993265993265993,0.5,0.030303030303030276
19,CrossEntropyLoss,APS,0.19999999999999996,0.7575757575757576,0.9696969696969697,0.12121212121212122,2.25,3.0,3.606060606060607,0.5454545454545454,0.030303030303030276
19,CrossEntropyLoss,LAC,0.020000000000000018,0.9545454545454546,1.893939393939394,1.1666666666666667,2.0,2.0,10.25757575757575,0.09090909090909091,0.25757575757575757
19,CrossEntropyLoss,LAC,0.030000000000000027,0.9545454545454546,1.893939393939394,1.1666666666666667,2.0,2.0,7.227272727272722,0.09090909090909091,0.25757575757575757
19,CrossEntropyLoss,LAC,0.050000000000000044,0.9393939393939394,1.7272727272727273,0.9545454545454546,1.75,2.0,5.196969696969694,0.10606060606060606,0.21212121212121215
19,CrossEntropyLoss,LAC,0.07999999999999996,0.8636363636363636,1.1818181818181819,0.25757575757575757,1.5555555555555556,2.0,5.560606060606064,0.21212121212121213,0.06060606060606055
19,CrossEntropyLoss,LAC,0.09999999999999998,0.8636363636363636,1.1515151515151516,0.19696969696969696,1.5555555555555556,2.0,4.43939393939394,0.21212121212121213,0.045454545454545414
19,CrossEntropyLoss,LAC,0.13,0.8181818181818182,1.0303030303030303,0.045454545454545456,1.5,2.0,4.241258741258741,0.2727272727272727,0.015151515151515138
19,CrossEntropyLoss,LAC,0.15000000000000002,0.7878787878787878,0.9545454545454546,0.0,1.8571428571428572,3.0,4.646464646464646,0.3939393939393939,0.0
19,CrossEntropyLoss,LAC,0.18000000000000005,0.7878787878787878,0.9393939393939394,0.0,2.0,3.0,3.8720538720538715,0.42424242424242425,0.0
19,CrossEntropyLoss,LAC,0.19999999999999996,0.7878787878787878,0.9393939393939394,0.0,2.0,3.0,3.4848484848484858,0.42424242424242425,0.0
20,CrossEntropyLoss,min-CPS,0.020000000000000018,0.9545454545454546,2.015151515151515,1.0151515151515151,2.0,2.0,10.106060606060598,0.09090909090909091,0.0
20,CrossEntropyLoss,min-CPS,0.030000000000000027,0.9393939393939394,1.7727272727272727,0.7727272727272727,1.75,2.0,7.843434343434338,0.10606060606060606,0.0
20,CrossEntropyLoss,min-CPS,0.050000000000000044,0.9242424242424242,1.7272727272727273,0.7272727272727273,1.6,2.0,5.575757575757573,0.12121212121212122,0.0
20,CrossEntropyLoss,min-CPS,0.07999999999999996,0.9242424242424242,1.696969696969697,0.696969696969697,1.6,2.0,3.727272727272729,0.12121212121212122,0.0
20,CrossEntropyLoss,min-CPS,0.09999999999999998,0.9090909090909091,1.393939393939394,0.3939393939393939,1.6666666666666667,2.0,3.424242424242425,0.15151515151515152,0.0
20,CrossEntropyLoss,min-CPS,0.13,0.9090909090909091,1.1818181818181819,0.18181818181818182,2.0,3.0,2.9790209790209787,0.18181818181818182,0.0
20,CrossEntropyLoss,min-CPS,0.15000000000000002,0.9090909090909091,1.1666666666666667,0.16666666666666666,2.0,3.0,2.590909090909091,0.18181818181818182,0.0
20,CrossEntropyLoss,min-CPS,0.18000000000000005,0.9090909090909091,1.0151515151515151,0.015151515151515152,2.0,3.0,2.035353535353535,0.18181818181818182,0.0
20,CrossEntropyLoss,min-CPS,0.19999999999999996,0.9090909090909091,1.0151515151515151,0.015151515151515152,2.0,3.0,1.8333333333333337,0.18181818181818182,0.0
20,CrossEntropyLoss,RPS,0.020000000000000018,0.9393939393939394,2.909090909090909,1.9090909090909092,1.0,1.0,7.969696969696964,0.06060606060606061,0.0
20,CrossEntropyLoss,RPS,0.030000000000000027,0.9393939393939394,2.909090909090909,1.9090909090909092,1.0,1.0,5.949494949494946,0.06060606060606061,0.0
20,CrossEntropyLoss,RPS,0.050000000000000044,0.9242424242424242,2.696969696969697,1.696969696969697,1.2,2.0,5.3333333333333295,0.09090909090909091,0.0
20,CrossEntropyLoss,RPS,0.07999999999999996,0.9242424242424242,1.4090909090909092,0.4090909090909091,1.8,2.0,3.81818181818182,0.13636363636363635,0.0
20,CrossEntropyLoss,RPS,0.09999999999999998,0.9090909090909091,1.393939393939394,0.3939393939393939,1.6666666666666667,2.0,3.4242424242424248,0.15151515151515152,0.0
20,CrossEntropyLoss,RPS,0.13,0.9090909090909091,1.393939393939394,0.3939393939393939,1.6666666666666667,2.0,2.7249417249417247,0.15151515151515152,0.0
20,CrossEntropyLoss,RPS,0.15000000000000002,0.9090909090909091,1.1818181818181819,0.18181818181818182,2.0,3.0,2.606060606060606,0.18181818181818182,0.0
20,CrossEntropyLoss,RPS,0.18000000000000005,0.9090909090909091,1.0909090909090908,0.09090909090909091,2.0,3.0,2.1111111111111107,0.18181818181818182,0.0
20,CrossEntropyLoss,RPS,0.19999999999999996,0.8939393939393939,1.0,0.0,1.8571428571428572,3.0,1.9696969696969702,0.19696969696969696,0.0
20,CrossEntropyLoss,OCDF,0.020000000000000018,0.9545454545454546,2.984848484848485,1.9848484848484849,2.0,2.0,11.075757575757569,0.09090909090909091,0.0
20,CrossEntropyLoss,OCDF,0.030000000000000027,0.9545454545454546,2.984848484848485,1.9848484848484849,2.0,2.0,8.04545454545454,0.09090909090909091,0.0
20,CrossEntropyLoss,OCDF,0.050000000000000044,0.9545454545454546,2.8636363636363638,1.8636363636363635,2.0,2.0,5.4999999999999964,0.09090909090909091,0.0
20,CrossEntropyLoss,OCDF,0.07999999999999996,0.9545454545454546,2.8636363636363638,1.8636363636363635,2.0,2.0,4.1363636363636385,0.09090909090909091,0.0
20,CrossEntropyLoss,OCDF,0.09999999999999998,0.9393939393939394,2.696969696969697,1.696969696969697,1.75,2.0,3.8181818181818183,0.10606060606060606,0.0
20,CrossEntropyLoss,OCDF,0.13,0.9393939393939394,2.5454545454545454,1.5454545454545454,1.75,2.0,3.177156177156177,0.10606060606060606,0.0
20,CrossEntropyLoss,OCDF,0.15000000000000002,0.9393939393939394,2.5,1.5,1.75,2.0,2.914141414141414,0.10606060606060606,0.0
20,CrossEntropyLoss,OCDF,0.18000000000000005,0.9393939393939394,2.4696969696969697,1.4696969696969697,1.75,2.0,2.6481481481481475,0.10606060606060606,0.0
20,CrossEntropyLoss,OCDF,0.19999999999999996,0.9242424242424242,2.4242424242424243,1.4242424242424243,1.6,2.0,2.6363636363636362,0.12121212121212122,0.0
20,CrossEntropyLoss,APS,0.020000000000000018,0.9545454545454546,1.7727272727272727,1.106060606060606,1.6666666666666667,2.0,8.681818181818175,0.07575757575757576,0.28787878787878785
20,CrossEntropyLoss,APS,0.030000000000000027,0.9545454545454546,1.7727272727272727,1.106060606060606,1.6666666666666667,2.0,6.156565656565653,0.07575757575757576,0.28787878787878785
20,CrossEntropyLoss,APS,0.050000000000000044,0.9393939393939394,1.606060606060606,0.8636363636363636,1.75,2.0,5.106060606060603,0.10606060606060606,0.21212121212121215
20,CrossEntropyLoss,APS,0.07999999999999996,0.9242424242424242,1.5151515151515151,0.7575757575757576,1.6,2.0,3.409090909090911,0.12121212121212122,0.19696969696969702
20,CrossEntropyLoss,APS,0.09999999999999998,0.9242424242424242,1.5151515151515151,0.7575757575757576,1.6,2.0,2.8787878787878793,0.12121212121212122,0.19696969696969702
20,CrossEntropyLoss,APS,0.13,0.9090909090909091,1.3333333333333333,0.5303030303030303,2.0,3.0,3.327505827505827,0.18181818181818182,0.13636363636363635
20,CrossEntropyLoss,APS,0.15000000000000002,0.9090909090909091,1.2575757575757576,0.45454545454545453,2.0,3.0,2.878787878787879,0.18181818181818182,0.13636363636363635
20,CrossEntropyLoss,APS,0.18000000000000005,0.8636363636363636,1.121212121212121,0.3181818181818182,2.3333333333333335,3.0,3.1801346801346795,0.3181818181818182,0.10606060606060608
20,CrossEntropyLoss,APS,0.19999999999999996,0.8333333333333334,1.0454545454545454,0.2727272727272727,2.4545454545454546,3.0,3.4545454545454555,0.4090909090909091,0.09090909090909094
20,CrossEntropyLoss,LAC,0.020000000000000018,0.9545454545454546,1.696969696969697,0.9848484848484849,2.0,2.0,10.075757575757569,0.09090909090909091,0.24242424242424243
20,CrossEntropyLoss,LAC,0.030000000000000027,0.9545454545454546,1.696969696969697,0.9848484848484849,2.0,2.0,7.0454545454545405,0.09090909090909091,0.24242424242424243
20,CrossEntropyLoss,LAC,0.050000000000000044,0.9242424242424242,1.4848484848484849,0.7121212121212122,1.6,2.0,5.560606060606057,0.12121212121212122,0.18181818181818177
20,CrossEntropyLoss,LAC,0.07999999999999996,0.9242424242424242,1.4848484848484849,0.7121212121212122,1.6,2.0,3.742424242424244,0.12121212121212122,0.18181818181818177
20,CrossEntropyLoss,LAC,0.09999999999999998,0.9242424242424242,1.4696969696969697,0.696969696969697,1.6,2.0,3.1212121212121215,0.12121212121212122,0.18181818181818177
20,CrossEntropyLoss,LAC,0.13,0.9090909090909091,1.121212121212121,0.22727272727272727,2.0,3.0,3.024475524475524,0.18181818181818182,0.0757575757575758
20,CrossEntropyLoss,LAC,0.15000000000000002,0.9090909090909091,1.106060606060606,0.18181818181818182,2.0,3.0,2.606060606060606,0.18181818181818182,0.06060606060606055
20,CrossEntropyLoss,LAC,0.18000000000000005,0.9090909090909091,1.0454545454545454,0.09090909090909091,2.0,3.0,2.1111111111111107,0.18181818181818182,0.030303030303030276
20,CrossEntropyLoss,LAC,0.19999999999999996,0.8939393939393939,1.0151515151515151,0.045454545454545456,1.8571428571428572,3.0,2.0151515151515156,0.19696969696969696,0.015151515151515138
21,CrossEntropyLoss,min-CPS,0.020000000000000018,1.0,3.4393939393939394,2.4393939393939394,,0.0,2.4393939393939394,0.0,0.0
21,CrossEntropyLoss,min-CPS,0.030000000000000027,1.0,2.4242424242424243,1.4242424242424243,,0.0,1.4242424242424243,0.0,0.0
21,CrossEntropyLoss,min-CPS,0.050000000000000044,0.9848484848484849,2.257575757575758,1.2575757575757576,2.0,2.0,2.469696969696969,0.030303030303030304,0.0
21,CrossEntropyLoss,min-CPS,0.07999999999999996,0.9848484848484849,2.0454545454545454,1.0454545454545454,2.0,2.0,1.8030303030303034,0.030303030303030304,0.0
21,CrossEntropyLoss,min-CPS,0.09999999999999998,0.9848484848484849,2.0454545454545454,1.0454545454545454,2.0,2.0,1.6515151515151516,0.030303030303030304,0.0
21,CrossEntropyLoss,min-CPS,0.13,0.9393939393939394,1.8181818181818181,0.8181818181818182,1.25,2.0,1.9836829836829835,0.07575757575757576,0.0
21,CrossEntropyLoss,min-CPS,0.15000000000000002,0.9090909090909091,1.1818181818181819,0.18181818181818182,1.3333333333333333,2.0,1.7979797979797978,0.12121212121212122,0.0
21,CrossEntropyLoss,min-CPS,0.18000000000000005,0.8787878787878788,1.0,0.0,1.375,2.0,1.8518518518518514,0.16666666666666666,0.0
21,CrossEntropyLoss,min-CPS,0.19999999999999996,0.8787878787878788,1.0,0.0,1.375,2.0,1.6666666666666672,0.16666666666666666,0.0
21,CrossEntropyLoss,RPS,0.020000000000000018,1.0,3.6515151515151514,2.6515151515151514,,0.0,2.6515151515151514,0.0,0.0
21,CrossEntropyLoss,RPS,0.030000000000000027,1.0,3.6515151515151514,2.6515151515151514,,0.0,2.6515151515151514,0.0,0.0
21,CrossEntropyLoss,RPS,0.050000000000000044,1.0,3.106060606060606,2.106060606060606,,0.0,2.106060606060606,0.0,0.0
21,CrossEntropyLoss,RPS,0.07999999999999996,0.9848484848484849,2.9696969696969697,1.9696969696969697,1.0,1.0,2.3484848484848486,0.015151515151515152,0.0
21,CrossEntropyLoss,RPS,0.09999999999999998,0.9848484848484849,2.893939393939394,1.893939393939394,1.0,1.0,2.196969696969697,0.015151515151515152,0.0
21,CrossEntropyLoss,RPS,0.13,0.9545454545454546,1.5909090909090908,0.5909090909090909,1.3333333333333333,2.0,1.5233100233100232,0.06060606060606061,0.0
21,CrossEntropyLoss,RPS,0.15000000000000002,0.9393939393939394,1.5,0.5,1.25,2.0,1.51010101010101,0.07575757575757576,0.0
21,CrossEntropyLoss,RPS,0.18000000000000005,0.8939393939393939,1.0757575757575757,0.07575757575757576,1.2857142857142858,2.0,1.5909090909090906,0.13636363636363635,0.0
21,CrossEntropyLoss,RPS,0.19999999999999996,0.8636363636363636,0.9848484848484849,0.0,1.5555555555555556,3.0,2.1212121212121215,0.21212121212121213,0.0
21,CrossEntropyLoss,OCDF,0.020000000000000018,1.0,3.742424242424242,2.742424242424242,,0.0,2.742424242424242,0.0,0.0
21,CrossEntropyLoss,OCDF,0.030000000000000027,1.0,3.742424242424242,2.742424242424242,,0.0,2.742424242424242,0.0,0.0
21,CrossEntropyLoss,OCDF,0.050000000000000044,0.9848484848484849,3.212121212121212,2.212121212121212,2.0,2.0,3.4242424242424234,0.030303030303030304,0.0
21,CrossEntropyLoss,OCDF,0.07999999999999996,0.9848484848484849,2.984848484848485,1.9848484848484849,2.0,2.0,2.7424242424242427,0.030303030303030304,0.0
21,CrossEntropyLoss,OCDF,0.09999999999999998,0.9545454545454546,2.909090909090909,1.9090909090909092,1.3333333333333333,2.0,3.121212121212121,0.06060606060606061,0.0
21,CrossEntropyLoss,OCDF,0.13,0.9242424242424242,2.4696969696969697,1.4696969696969697,1.4,2.0,3.1013986013986012,0.10606060606060606,0.0
21,CrossEntropyLoss,OCDF,0.15000000000000002,0.9242424242424242,2.4545454545454546,1.4545454545454546,1.4,2.0,2.8686868686868685,0.10606060606060606,0.0
21,CrossEntropyLoss,OCDF,0.18000000000000005,0.9242424242424242,2.4393939393939394,1.4393939393939394,1.4,2.0,2.617845117845117,0.10606060606060606,0.0
21,CrossEntropyLoss,OCDF,0.19999999999999996,0.8787878787878788,2.242424242424242,1.2424242424242424,1.25,2.0,2.757575757575758,0.15151515151515152,0.0
21,CrossEntropyLoss,APS,0.020000000000000018,1.0,3.212121212121212,2.4242424242424243,,0.0,2.4242424242424243,0.0,0.21212121212121215
21,CrossEntropyLoss,APS,0.030000000000000027,1.0,3.212121212121212,2.4242424242424243,,0.0,2.4242424242424243,0.0,0.21212121212121215
21,CrossEntropyLoss,APS,0.050000000000000044,0.9848484848484849,2.1515151515151514,1.4696969696969697,2.0,2.0,2.6818181818181808,0.030303030303030304,0.2727272727272727
21,CrossEntropyLoss,APS,0.07999999999999996,0.9848484848484849,1.8333333333333333,1.196969696969697,2.0,2.0,1.954545454545455,0.030303030303030304,0.28787878787878785
21,CrossEntropyLoss,APS,0.09999999999999998,0.9848484848484849,1.8333333333333333,1.196969696969697,2.0,2.0,1.803030303030303,0.030303030303030304,0.28787878787878785
21,CrossEntropyLoss,APS,0.13,0.9393939393939394,1.5757575757575757,0.8333333333333334,1.25,2.0,1.9988344988344986,0.07575757575757576,0.19696969696969702
21,CrossEntropyLoss,APS,0.15000000000000002,0.9393939393939394,1.3181818181818181,0.5151515151515151,1.25,2.0,1.525252525252525,0.07575757575757576,0.1515151515151515
21,CrossEntropyLoss,APS,0.18000000000000005,0.8636363636363636,1.0909090909090908,0.2727272727272727,2.3333333333333335,3.0,2.292929292929293,0.3181818181818182,0.09090909090909094
21,CrossEntropyLoss,APS,0.19999999999999996,0.8636363636363636,1.0757575757575757,0.24242424242424243,2.3333333333333335,3.0,2.060606060606061,0.3181818181818182,0.0757575757575758
21,CrossEntropyLoss,LAC,0.020000000000000018,1.0,3.257575757575758,2.4242424242424243,,0.0,2.4242424242424243,0.0,0.16666666666666663
21,CrossEntropyLoss,LAC,0.030000000000000027,1.0,3.257575757575758,2.4242424242424243,,0.0,2.4242424242424243,0.0,0.16666666666666663
21,CrossEntropyLoss,LAC,0.050000000000000044,0.9848484848484849,1.9090909090909092,1.2121212121212122,2.0,2.0,2.4242424242424234,0.030303030303030304,0.2727272727272727
21,CrossEntropyLoss,LAC,0.07999999999999996,0.9848484848484849,1.7878787878787878,1.0454545454545454,2.0,2.0,1.8030303030303034,0.030303030303030304,0.2272727272727273
21,CrossEntropyLoss,LAC,0.09999999999999998,0.9848484848484849,1.7424242424242424,1.0,2.0,2.0,1.606060606060606,0.030303030303030304,0.2272727272727273
21,CrossEntropyLoss,LAC,0.13,0.9393939393939394,1.5606060606060606,0.8181818181818182,1.25,2.0,1.9836829836829835,0.07575757575757576,0.19696969696969702
21,CrossEntropyLoss,LAC,0.15000000000000002,0.9090909090909091,1.121212121212121,0.19696969696969696,1.3333333333333333,2.0,1.813131313131313,0.12121212121212122,0.06060606060606055
21,CrossEntropyLoss,LAC,0.18000000000000005,0.8939393939393939,1.0454545454545454,0.10606060606060606,1.2857142857142858,2.0,1.621212121212121,0.13636363636363635,0.045454545454545414
21,CrossEntropyLoss,LAC,0.19999999999999996,0.8787878787878788,1.0303030303030303,0.07575757575757576,1.375,2.0,1.7424242424242429,0.16666666666666666,0.030303030303030276
22,CrossEntropyLoss,min-CPS,0.020000000000000018,0.9696969696969697,2.393939393939394,1.393939393939394,2.0,2.0,7.45454545454545,0.06060606060606061,0.0
22,CrossEntropyLoss,min-CPS,0.030000000000000027,0.9696969696969697,2.3636363636363638,1.3636363636363635,2.0,2.0,5.404040404040401,0.06060606060606061,0.0
22,CrossEntropyLoss,min-CPS,0.050000000000000044,0.8939393939393939,1.9848484848484849,0.9848484848484849,1.4285714285714286,2.0,7.0454545454545405,0.15151515151515152,0.0
22,CrossEntropyLoss,min-CPS,0.07999999999999996,0.8787878787878788,1.606060606060606,0.6060606060606061,1.625,3.0,5.530303030303032,0.19696969696969696,0.0
22,CrossEntropyLoss,min-CPS,0.09999999999999998,0.8787878787878788,1.303030303030303,0.30303030303030304,1.625,3.0,4.242424242424243,0.19696969696969696,0.0
22,CrossEntropyLoss,min-CPS,0.13,0.8333333333333334,1.0454545454545454,0.045454545454545456,1.5454545454545454,3.0,4.008158508158507,0.25757575757575757,0.0
22,CrossEntropyLoss,min-CPS,0.15000000000000002,0.803030303030303,1.0,0.0,1.4615384615384615,3.0,3.838383838383838,0.2878787878787879,0.0
22,CrossEntropyLoss,min-CPS,0.18000000000000005,0.803030303030303,1.0,0.0,1.4615384615384615,3.0,3.198653198653198,0.2878787878787879,0.0
22,CrossEntropyLoss,min-CPS,0.19999999999999996,0.803030303030303,1.0,0.0,1.4615384615384615,3.0,2.87878787878788,0.2878787878787879,0.0
22,CrossEntropyLoss,RPS,0.020000000000000018,0.9545454545454546,3.090909090909091,2.090909090909091,1.0,1.0,6.636363636363633,0.045454545454545456,0.0
22,CrossEntropyLoss,RPS,0.030000000000000027,0.9545454545454546,3.090909090909091,2.090909090909091,1.0,1.0,5.121212121212119,0.045454545454545456,0.0
22,CrossEntropyLoss,RPS,0.050000000000000044,0.9393939393939394,2.9545454545454546,1.9545454545454546,1.0,1.0,4.378787878787877,0.06060606060606061,0.0
22,CrossEntropyLoss,RPS,0.07999999999999996,0.9393939393939394,2.6666666666666665,1.6666666666666667,1.25,2.0,3.5606060606060614,0.07575757575757576,0.0
22,CrossEntropyLoss,RPS,0.09999999999999998,0.9090909090909091,1.5606060606060606,0.5606060606060606,1.6666666666666667,2.0,3.5909090909090913,0.15151515151515152,0.0
22,CrossEntropyLoss,RPS,0.13,0.8333333333333334,1.0909090909090908,0.09090909090909091,1.4545454545454546,3.0,3.8205128205128203,0.24242424242424243,0.0
22,CrossEntropyLoss,RPS,0.15000000000000002,0.803030303030303,1.0,0.015151515151515152,1.6153846153846154,3.0,4.257575757575758,0.3181818181818182,0.0
22,CrossEntropyLoss,RPS,0.18000000000000005,0.7878787878787878,0.9848484848484849,0.0,1.5714285714285714,3.0,3.703703703703703,0.3333333333333333,0.0
22,CrossEntropyLoss,RPS,0.19999999999999996,0.6818181818181818,0.803030303030303,0.0,2.4761904761904763,3.0,4.090909090909093,0.7878787878787878,0.0
22,CrossEntropyLoss,OCDF,0.020000000000000018,0.9696969696969697,3.090909090909091,2.090909090909091,2.0,2.0,8.151515151515147,0.06060606060606061,0.0
22,CrossEntropyLoss,OCDF,0.030000000000000027,0.9696969696969697,3.090909090909091,2.090909090909091,2.0,2.0,6.131313131313129,0.06060606060606061,0.0
22,CrossEntropyLoss,OCDF,0.050000000000000044,0.9393939393939394,2.893939393939394,1.893939393939394,1.75,2.0,6.136363636363633,0.10606060606060606,0.0
22,CrossEntropyLoss,OCDF,0.07999999999999996,0.8787878787878788,2.4393939393939394,1.4393939393939394,1.5,2.0,5.984848484848486,0.18181818181818182,0.0
22,CrossEntropyLoss,OCDF,0.09999999999999998,0.8636363636363636,2.3636363636363638,1.3636363636363635,1.4444444444444444,2.0,5.303030303030303,0.19696969696969696,0.0
22,CrossEntropyLoss,OCDF,0.13,0.8181818181818182,2.121212121212121,1.121212121212121,1.3333333333333333,2.0,4.8508158508158505,0.24242424242424243,0.0
22,CrossEntropyLoss,OCDF,0.15000000000000002,0.803030303030303,1.9393939393939394,0.9393939393939394,1.3846153846153846,2.0,4.575757575757576,0.2727272727272727,0.0
22,CrossEntropyLoss,OCDF,0.18000000000000005,0.803030303030303,1.0,0.0,1.4615384615384615,3.0,3.198653198653198,0.2878787878787879,0.0
22,CrossEntropyLoss,OCDF,0.19999999999999996,0.803030303030303,1.0,0.0,1.4615384615384615,3.0,2.87878787878788,0.2878787878787879,0.0
22,CrossEntropyLoss,APS,0.020000000000000018,0.9696969696969697,2.196969696969697,1.5303030303030303,2.0,2.0,7.5909090909090855,0.06060606060606061,0.28787878787878785
22,CrossEntropyLoss,APS,0.030000000000000027,0.9696969696969697,2.196969696969697,1.5303030303030303,2.0,2.0,5.570707070707067,0.06060606060606061,0.28787878787878785
22,CrossEntropyLoss,APS,0.050000000000000044,0.8787878787878788,1.6363636363636365,0.8939393939393939,1.375,2.0,7.560606060606054,0.16666666666666666,0.19696969696969702
22,CrossEntropyLoss,APS,0.07999999999999996,0.8636363636363636,1.3181818181818181,0.5606060606060606,1.7777777777777777,3.0,6.242424242424246,0.24242424242424243,0.18181818181818177
22,CrossEntropyLoss,APS,0.09999999999999998,0.8636363636363636,1.3181818181818181,0.5606060606060606,1.7777777777777777,3.0,5.106060606060607,0.24242424242424243,0.18181818181818177
22,CrossEntropyLoss,APS,0.13,0.8636363636363636,1.3181818181818181,0.5606060606060606,1.7777777777777777,3.0,4.057109557109556,0.24242424242424243,0.18181818181818177
22,CrossEntropyLoss,APS,0.15000000000000002,0.8484848484848485,1.303030303030303,0.5606060606060606,1.9,3.0,3.9949494949494953,0.2878787878787879,0.18181818181818177
22,CrossEntropyLoss,APS,0.18000000000000005,0.8181818181818182,1.2121212121212122,0.42424242424242425,2.0,3.0,3.6228956228956224,0.36363636363636365,0.13636363636363635
22,CrossEntropyLoss,APS,0.19999999999999996,0.7575757575757576,1.0454545454545454,0.22727272727272727,2.125,3.0,4.31818181818182,0.5151515151515151,0.06060606060606055
22,CrossEntropyLoss,LAC,0.020000000000000018,0.9696969696969697,2.0303030303030303,1.3484848484848484,2.0,2.0,7.409090909090904,0.06060606060606061,0.28787878787878785
22,CrossEntropyLoss,LAC,0.030000000000000027,0.9696969696969697,2.0303030303030303,1.3484848484848484,2.0,2.0,5.388888888888886,0.06060606060606061,0.28787878787878785
22,CrossEntropyLoss,LAC,0.050000000000000044,0.9090909090909091,1.7727272727272727,1.0303030303030303,1.5,2.0,6.484848484848481,0.13636363636363635,0.21212121212121215
22,CrossEntropyLoss,LAC,0.07999999999999996,0.8787878787878788,1.3636363636363635,0.5757575757575758,1.625,3.0,5.500000000000002,0.19696969696969696,0.16666666666666663
22,CrossEntropyLoss,LAC,0.09999999999999998,0.8636363636363636,1.1818181818181819,0.2878787878787879,1.5555555555555556,3.0,4.530303030303031,0.21212121212121213,0.09090909090909094
22,CrossEntropyLoss,LAC,0.13,0.8333333333333334,1.0454545454545454,0.09090909090909091,1.4545454545454546,3.0,3.8205128205128203,0.24242424242424243,0.030303030303030276
22,CrossEntropyLoss,LAC,0.15000000000000002,0.8181818181818182,1.0303030303030303,0.06060606060606061,1.5,3.0,3.6969696969696964,0.2727272727272727,0.015151515151515138
22,CrossEntropyLoss,LAC,0.18000000000000005,0.7878787878787878,0.9090909090909091,0.0,2.2142857142857144,3.0,3.872053872053872,0.4696969696969697,0.0
22,CrossEntropyLoss,LAC,0.19999999999999996,0.7121212121212122,0.8333333333333334,0.0,2.4210526315789473,3.0,4.090909090909093,0.696969696969697,0.0
23,CrossEntropyLoss,min-CPS,0.020000000000000018,0.9393939393939394,2.0606060606060606,1.0606060606060606,2.0,2.0,13.181818181818171,0.12121212121212122,0.0
23,CrossEntropyLoss,min-CPS,0.030000000000000027,0.9393939393939394,2.0454545454545454,1.0454545454545454,2.0,2.0,9.12626262626262,0.12121212121212122,0.0
23,CrossEntropyLoss,min-CPS,0.050000000000000044,0.9393939393939394,2.0454545454545454,1.0454545454545454,2.0,2.0,5.89393939393939,0.12121212121212122,0.0
23,CrossEntropyLoss,min-CPS,0.07999999999999996,0.8939393939393939,1.878787878787879,0.8787878787878788,1.5714285714285714,2.0,5.045454545454547,0.16666666666666666,0.0
23,CrossEntropyLoss,min-CPS,0.09999999999999998,0.8787878787878788,1.2727272727272727,0.2727272727272727,1.625,2.0,4.212121212121213,0.19696969696969696,0.0
23,CrossEntropyLoss,min-CPS,0.13,0.7727272727272727,1.0,0.0,1.5333333333333334,2.0,5.3613053613053605,0.3484848484848485,0.0
23,CrossEntropyLoss,min-CPS,0.15000000000000002,0.7727272727272727,1.0,0.0,1.5333333333333334,2.0,4.646464646464646,0.3484848484848485,0.0
23,CrossEntropyLoss,min-CPS,0.18000000000000005,0.7727272727272727,1.0,0.0,1.5333333333333334,2.0,3.872053872053871,0.3484848484848485,0.0
23,CrossEntropyLoss,min-CPS,0.19999999999999996,0.7727272727272727,1.0,0.0,1.5333333333333334,2.0,3.4848484848484858,0.3484848484848485,0.0
23,CrossEntropyLoss,RPS,0.020000000000000018,1.0,3.6515151515151514,2.6515151515151514,,0.0,2.6515151515151514,0.0,0.0
23,CrossEntropyLoss,RPS,0.030000000000000027,1.0,3.6515151515151514,2.6515151515151514,,0.0,2.6515151515151514,0.0,0.0
23,CrossEntropyLoss,RPS,0.050000000000000044,0.9393939393939394,2.9696969696969697,1.9696969696969697,1.0,1.0,4.393939393939392,0.06060606060606061,0.0
23,CrossEntropyLoss,RPS,0.07999999999999996,0.8636363636363636,1.5151515151515151,0.5151515151515151,1.4444444444444444,2.0,5.439393939393942,0.19696969696969696,0.0
23,CrossEntropyLoss,RPS,0.09999999999999998,0.8333333333333334,1.1515151515151516,0.15151515151515152,1.4545454545454546,2.0,5.000000000000002,0.24242424242424243,0.0
23,CrossEntropyLoss,RPS,0.13,0.7727272727272727,0.9848484848484849,0.015151515151515152,1.7333333333333334,3.0,5.609557109557108,0.3939393939393939,0.0
23,CrossEntropyLoss,RPS,0.15000000000000002,0.7575757575757576,0.9696969696969697,0.0,1.6875,3.0,5.050505050505049,0.4090909090909091,0.0
23,CrossEntropyLoss,RPS,0.18000000000000005,0.7424242424242424,0.8939393939393939,0.0,2.176470588235294,3.0,4.377104377104375,0.5606060606060606,0.0
23,CrossEntropyLoss,RPS,0.19999999999999996,0.7272727272727273,0.8484848484848485,0.0,2.388888888888889,3.0,3.787878787878789,0.6515151515151515,0.0
23,CrossEntropyLoss,OCDF,0.020000000000000018,0.9393939393939394,2.9242424242424243,1.9242424242424243,2.0,2.0,14.045454545454534,0.12121212121212122,0.0
23,CrossEntropyLoss,OCDF,0.030000000000000027,0.9393939393939394,2.9242424242424243,1.9242424242424243,2.0,2.0,10.005050505050498,0.12121212121212122,0.0
23,CrossEntropyLoss,OCDF,0.050000000000000044,0.9090909090909091,2.803030303030303,1.803030303030303,1.6666666666666667,2.0,7.863636363636359,0.15151515151515152,0.0
23,CrossEntropyLoss,OCDF,0.07999999999999996,0.803030303030303,2.212121212121212,1.2121212121212122,1.5384615384615385,2.0,8.78787878787879,0.30303030303030304,0.0
23,CrossEntropyLoss,OCDF,0.09999999999999998,0.7727272727272727,2.0757575757575757,1.0757575757575757,1.4666666666666666,2.0,7.742424242424244,0.3333333333333333,0.0
23,CrossEntropyLoss,OCDF,0.13,0.7727272727272727,1.0,0.0,1.5333333333333334,2.0,5.3613053613053605,0.3484848484848485,0.0
23,CrossEntropyLoss,OCDF,0.15000000000000002,0.7727272727272727,1.0,0.0,1.5333333333333334,2.0,4.646464646464646,0.3484848484848485,0.0
23,CrossEntropyLoss,OCDF,0.18000000000000005,0.7727272727272727,1.0,0.0,1.5333333333333334,2.0,3.872053872053871,0.3484848484848485,0.0
23,CrossEntropyLoss,OCDF,0.19999999999999996,0.7727272727272727,1.0,0.0,1.5333333333333334,2.0,3.4848484848484858,0.3484848484848485,0.0
23,CrossEntropyLoss,APS,0.020000000000000018,0.9696969696969697,1.9090909090909092,1.2121212121212122,2.0,2.0,7.272727272727267,0.06060606060606061,0.25757575757575757
23,CrossEntropyLoss,APS,0.030000000000000027,0.9696969696969697,1.9090909090909092,1.2121212121212122,2.0,2.0,5.252525252525249,0.06060606060606061,0.25757575757575757
23,CrossEntropyLoss,APS,0.050000000000000044,0.9242424242424242,1.6363636363636365,0.8636363636363636,1.8,2.0,6.318181818181813,0.13636363636363635,0.19696969696969702
23,CrossEntropyLoss,APS,0.07999999999999996,0.9090909090909091,1.621212121212121,0.8484848484848485,1.6666666666666667,2.0,4.6363636363636385,0.15151515151515152,0.19696969696969702
23,CrossEntropyLoss,APS,0.09999999999999998,0.8484848484848485,1.2727272727272727,0.5,1.9,3.0,5.34848484848485,0.2878787878787879,0.16666666666666663
23,CrossEntropyLoss,APS,0.13,0.7878787878787878,1.1818181818181819,0.42424242424242425,1.9285714285714286,3.0,5.086247086247085,0.4090909090909091,0.1515151515151515
23,CrossEntropyLoss,APS,0.15000000000000002,0.7727272727272727,1.0909090909090908,0.25757575757575757,1.9333333333333333,3.0,4.7020202020202015,0.4393939393939394,0.09090909090909094
23,CrossEntropyLoss,APS,0.18000000000000005,0.7424242424242424,1.0,0.13636363636363635,2.0588235294117645,3.0,4.513468013468012,0.5303030303030303,0.045454545454545414
23,CrossEntropyLoss,APS,0.19999999999999996,0.7272727272727273,0.9696969696969697,0.10606060606060606,2.111111111111111,3.0,4.34848484848485,0.5757575757575758,0.030303030303030276
23,CrossEntropyLoss,LAC,0.020000000000000018,0.9393939393939394,1.9090909090909092,1.1666666666666667,2.0,2.0,13.287878787878778,0.12121212121212122,0.2272727272727273
23,CrossEntropyLoss,LAC,0.030000000000000027,0.9393939393939394,1.9090909090909092,1.1666666666666667,2.0,2.0,9.24747474747474,0.12121212121212122,0.2272727272727273
23,CrossEntropyLoss,LAC,0.050000000000000044,0.9393939393939394,1.803030303030303,1.0303030303030303,2.0,2.0,5.8787878787878745,0.12121212121212122,0.19696969696969702
23,CrossEntropyLoss,LAC,0.07999999999999996,0.8939393939393939,1.6363636363636365,0.8636363636363636,1.5714285714285714,2.0,5.030303030303032,0.16666666666666666,0.19696969696969702
23,CrossEntropyLoss,LAC,0.09999999999999998,0.8636363636363636,1.1515151515151516,0.25757575757575757,1.5555555555555556,2.0,4.500000000000001,0.21212121212121213,0.09090909090909094
23,CrossEntropyLoss,LAC,0.13,0.7727272727272727,0.9393939393939394,0.0,2.0,3.0,5.827505827505828,0.45454545454545453,0.0
23,CrossEntropyLoss,LAC,0.15000000000000002,0.7575757575757576,0.8939393939393939,0.0,2.25,3.0,5.252525252525252,0.5454545454545454,0.0
23,CrossEntropyLoss,LAC,0.18000000000000005,0.7424242424242424,0.8787878787878788,0.0,2.2941176470588234,3.0,4.545454545454545,0.5909090909090909,0.0
23,CrossEntropyLoss,LAC,0.19999999999999996,0.7424242424242424,0.8787878787878788,0.0,2.2941176470588234,3.0,4.090909090909092,0.5909090909090909,0.0
24,CrossEntropyLoss,min-CPS,0.020000000000000018,0.9545454545454546,2.106060606060606,1.106060606060606,2.0,2.0,10.19696969696969,0.09090909090909091,0.0
24,CrossEntropyLoss,min-CPS,0.030000000000000027,0.9242424242424242,1.8484848484848484,0.8484848484848485,1.8,2.0,9.939393939393932,0.13636363636363635,0.0
24,CrossEntropyLoss,min-CPS,0.050000000000000044,0.9242424242424242,1.8484848484848484,0.8484848484848485,1.8,2.0,6.303030303030297,0.13636363636363635,0.0
24,CrossEntropyLoss,min-CPS,0.07999999999999996,0.8939393939393939,1.4696969696969697,0.4696969696969697,1.5714285714285714,2.0,4.636363636363639,0.16666666666666666,0.0
24,CrossEntropyLoss,min-CPS,0.09999999999999998,0.8787878787878788,1.1363636363636365,0.13636363636363635,1.875,3.0,4.6818181818181825,0.22727272727272727,0.0
24,CrossEntropyLoss,min-CPS,0.13,0.8636363636363636,1.0606060606060606,0.06060606060606061,1.7777777777777777,3.0,3.79020979020979,0.24242424242424243,0.0
24,CrossEntropyLoss,min-CPS,0.15000000000000002,0.8333333333333334,1.0,0.0,1.7272727272727273,3.0,3.8383838383838382,0.2878787878787879,0.0
24,CrossEntropyLoss,min-CPS,0.18000000000000005,0.8333333333333334,1.0,0.0,1.7272727272727273,3.0,3.198653198653198,0.2878787878787879,0.0
24,CrossEntropyLoss,min-CPS,0.19999999999999996,0.8333333333333334,1.0,0.0,1.7272727272727273,3.0,2.8787878787878793,0.2878787878787879,0.0
24,CrossEntropyLoss,RPS,0.020000000000000018,0.9393939393939394,2.9696969696969697,1.9696969696969697,1.0,1.0,8.030303030303026,0.06060606060606061,0.0
24,CrossEntropyLoss,RPS,0.030000000000000027,0.9393939393939394,2.9696969696969697,1.9696969696969697,1.0,1.0,6.010101010101007,0.06060606060606061,0.0
24,CrossEntropyLoss,RPS,0.050000000000000044,0.9090909090909091,2.590909090909091,1.5909090909090908,1.1666666666666667,2.0,5.8333333333333295,0.10606060606060606,0.0
24,CrossEntropyLoss,RPS,0.07999999999999996,0.9090909090909091,1.4545454545454546,0.45454545454545453,1.8333333333333333,2.0,4.621212121212124,0.16666666666666666,0.0
24,CrossEntropyLoss,RPS,0.09999999999999998,0.8787878787878788,1.3484848484848484,0.3484848484848485,1.625,2.0,4.287878787878789,0.19696969696969696,0.0
24,CrossEntropyLoss,RPS,0.13,0.8636363636363636,1.106060606060606,0.10606060606060606,1.7777777777777777,3.0,3.8356643356643354,0.24242424242424243,0.0
24,CrossEntropyLoss,RPS,0.15000000000000002,0.8636363636363636,1.0757575757575757,0.07575757575757576,1.7777777777777777,3.0,3.308080808080808,0.24242424242424243,0.0
24,CrossEntropyLoss,RPS,0.18000000000000005,0.8333333333333334,0.9848484848484849,0.0,1.8181818181818181,3.0,3.03030303030303,0.30303030303030304,0.0
24,CrossEntropyLoss,RPS,0.19999999999999996,0.8333333333333334,0.9848484848484849,0.0,1.8181818181818181,3.0,2.7272727272727275,0.30303030303030304,0.0
24,CrossEntropyLoss,OCDF,0.020000000000000018,0.9545454545454546,3.0454545454545454,2.0454545454545454,2.0,2.0,11.13636363636363,0.09090909090909091,0.0
24,CrossEntropyLoss,OCDF,0.030000000000000027,0.9545454545454546,3.0454545454545454,2.0454545454545454,2.0,2.0,8.1060606060606,0.09090909090909091,0.0
24,CrossEntropyLoss,OCDF,0.050000000000000044,0.9090909090909091,2.727272727272727,1.7272727272727273,1.6666666666666667,2.0,7.787878787878783,0.15151515151515152,0.0
24,CrossEntropyLoss,OCDF,0.07999999999999996,0.9090909090909091,2.484848484848485,1.4848484848484849,1.6666666666666667,2.0,5.272727272727274,0.15151515151515152,0.0
24,CrossEntropyLoss,OCDF,0.09999999999999998,0.9090909090909091,2.4696969696969697,1.4696969696969697,1.6666666666666667,2.0,4.5,0.15151515151515152,0.0
24,CrossEntropyLoss,OCDF,0.13,0.8939393939393939,2.409090909090909,1.4090909090909092,1.7142857142857142,2.0,4.206293706293706,0.18181818181818182,0.0
24,CrossEntropyLoss,OCDF,0.15000000000000002,0.8939393939393939,2.409090909090909,1.4090909090909092,1.7142857142857142,2.0,3.8333333333333335,0.18181818181818182,0.0
24,CrossEntropyLoss,OCDF,0.18000000000000005,0.8333333333333334,2.121212121212121,1.121212121212121,1.5454545454545454,2.0,3.9831649831649827,0.25757575757575757,0.0
24,CrossEntropyLoss,OCDF,0.19999999999999996,0.8333333333333334,1.0,0.0,1.7272727272727273,3.0,2.8787878787878793,0.2878787878787879,0.0
24,CrossEntropyLoss,APS,0.020000000000000018,0.9545454545454546,1.7121212121212122,1.0909090909090908,1.6666666666666667,2.0,8.666666666666659,0.07575757575757576,0.33333333333333337
24,CrossEntropyLoss,APS,0.030000000000000027,0.9545454545454546,1.7121212121212122,1.0909090909090908,1.6666666666666667,2.0,6.141414141414137,0.07575757575757576,0.33333333333333337
24,CrossEntropyLoss,APS,0.050000000000000044,0.9393939393939394,1.5,0.7727272727272727,1.75,2.0,5.015151515151512,0.10606060606060606,0.2272727272727273
24,CrossEntropyLoss,APS,0.07999999999999996,0.8939393939393939,1.303030303030303,0.48484848484848486,1.8571428571428572,3.0,5.409090909090912,0.19696969696969696,0.13636363636363635
24,CrossEntropyLoss,APS,0.09999999999999998,0.8787878787878788,1.1666666666666667,0.25757575757575757,1.875,3.0,4.803030303030304,0.22727272727272727,0.0757575757575758
24,CrossEntropyLoss,APS,0.13,0.8636363636363636,1.121212121212121,0.19696969696969696,2.0,3.0,4.1596736596736585,0.2727272727272727,0.045454545454545414
24,CrossEntropyLoss,APS,0.15000000000000002,0.8636363636363636,1.121212121212121,0.19696969696969696,2.0,3.0,3.631313131313131,0.2727272727272727,0.045454545454545414
24,CrossEntropyLoss,APS,0.18000000000000005,0.7878787878787878,1.0151515151515151,0.10606060606060606,2.2142857142857144,3.0,3.978114478114477,0.4696969696969697,0.015151515151515138
24,CrossEntropyLoss,APS,0.19999999999999996,0.7575757575757576,0.9696969696969697,0.09090909090909091,2.3125,3.0,3.87878787878788,0.5606060606060606,0.015151515151515138
24,CrossEntropyLoss,LAC,0.020000000000000018,0.9545454545454546,1.7575757575757576,1.0909090909090908,2.0,2.0,10.181818181818175,0.09090909090909091,0.303030303030303
24,CrossEntropyLoss,LAC,0.030000000000000027,0.9545454545454546,1.7575757575757576,1.0909090909090908,2.0,2.0,7.151515151515146,0.09090909090909091,0.303030303030303
24,CrossEntropyLoss,LAC,0.050000000000000044,0.9242424242424242,1.5303030303030303,0.803030303030303,1.8,2.0,6.2575757575757525,0.13636363636363635,0.2272727272727273
24,CrossEntropyLoss,LAC,0.07999999999999996,0.8939393939393939,1.4090909090909092,0.6515151515151515,1.5714285714285714,2.0,4.818181818181821,0.16666666666666666,0.19696969696969702
24,CrossEntropyLoss,LAC,0.09999999999999998,0.8636363636363636,1.0909090909090908,0.12121212121212122,1.7777777777777777,3.0,4.969696969696971,0.24242424242424243,0.030303030303030276
24,CrossEntropyLoss,LAC,0.13,0.8484848484848485,1.0151515151515151,0.030303030303030304,1.7,3.0,3.9930069930069925,0.25757575757575757,0.015151515151515138
24,CrossEntropyLoss,LAC,0.15000000000000002,0.8333333333333334,1.0,0.0,1.7272727272727273,3.0,3.8383838383838382,0.2878787878787879,0.0
24,CrossEntropyLoss,LAC,0.18000000000000005,0.8333333333333334,1.0,0.0,1.7272727272727273,3.0,3.198653198653198,0.2878787878787879,0.0
24,CrossEntropyLoss,LAC,0.19999999999999996,0.8333333333333334,0.9545454545454546,0.0,2.1818181818181817,3.0,2.87878787878788,0.36363636363636365,0.0
25,CrossEntropyLoss,min-CPS,0.020000000000000018,0.9848484848484849,2.4545454545454546,1.4545454545454546,2.0,2.0,4.484848484848483,0.030303030303030304,0.0
25,CrossEntropyLoss,min-CPS,0.030000000000000027,0.9848484848484849,2.409090909090909,1.4090909090909092,2.0,2.0,3.4292929292929277,0.030303030303030304,0.0
25,CrossEntropyLoss,min-CPS,0.050000000000000044,0.9545454545454546,2.0,1.0,1.6666666666666667,2.0,4.030303030303028,0.07575757575757576,0.0
25,CrossEntropyLoss,min-CPS,0.07999999999999996,0.9242424242424242,1.8484848484848484,0.8484848484848485,1.4,2.0,3.5000000000000018,0.10606060606060606,0.0
25,CrossEntropyLoss,min-CPS,0.09999999999999998,0.8939393939393939,1.4393939393939394,0.4393939393939394,1.7142857142857142,3.0,4.075757575757577,0.18181818181818182,0.0
25,CrossEntropyLoss,min-CPS,0.13,0.8636363636363636,1.0909090909090908,0.09090909090909091,1.6666666666666667,3.0,3.587412587412587,0.22727272727272727,0.0
25,CrossEntropyLoss,min-CPS,0.15000000000000002,0.8484848484848485,1.0303030303030303,0.030303030303030304,1.6,3.0,3.262626262626262,0.24242424242424243,0.0
25,CrossEntropyLoss,min-CPS,0.18000000000000005,0.8333333333333334,1.0,0.0,1.6363636363636365,3.0,3.0303030303030303,0.2727272727272727,0.0
25,CrossEntropyLoss,min-CPS,0.19999999999999996,0.8333333333333334,1.0,0.0,1.6363636363636365,3.0,2.727272727272728,0.2727272727272727,0.0
25,CrossEntropyLoss,RPS,0.020000000000000018,0.9696969696969697,3.1363636363636362,2.1363636363636362,1.0,1.0,5.166666666666664,0.030303030303030304,0.0
25,CrossEntropyLoss,RPS,0.030000000000000027,0.9696969696969697,3.1363636363636362,2.1363636363636362,1.0,1.0,4.156565656565656,0.030303030303030304,0.0
25,CrossEntropyLoss,RPS,0.050000000000000044,0.9545454545454546,2.9696969696969697,1.9696969696969697,1.0,1.0,3.7878787878787863,0.045454545454545456,0.0
25,CrossEntropyLoss,RPS,0.07999999999999996,0.8939393939393939,1.5303030303030303,0.5303030303030303,1.4285714285714286,2.0,4.31818181818182,0.15151515151515152,0.0
25,CrossEntropyLoss,RPS,0.09999999999999998,0.8939393939393939,1.5151515151515151,0.5151515151515151,1.4285714285714286,2.0,3.545454545454546,0.15151515151515152,0.0
25,CrossEntropyLoss,RPS,0.13,0.8636363636363636,1.1363636363636365,0.13636363636363635,1.5555555555555556,3.0,3.3997668997668997,0.21212121212121213,0.0
25,CrossEntropyLoss,RPS,0.15000000000000002,0.8636363636363636,1.0606060606060606,0.06060606060606061,1.6666666666666667,3.0,3.0909090909090904,0.22727272727272727,0.0
25,CrossEntropyLoss,RPS,0.18000000000000005,0.8484848484848485,1.0,0.0,1.6,3.0,2.6936026936026933,0.24242424242424243,0.0
25,CrossEntropyLoss,RPS,0.19999999999999996,0.803030303030303,0.9545454545454546,0.0,1.9230769230769231,3.0,3.1818181818181825,0.3787878787878788,0.0
25,CrossEntropyLoss,OCDF,0.020000000000000018,0.9848484848484849,3.242424242424242,2.242424242424242,2.0,2.0,5.27272727272727,0.030303030303030304,0.0
25,CrossEntropyLoss,OCDF,0.030000000000000027,0.9848484848484849,3.242424242424242,2.242424242424242,2.0,2.0,4.262626262626261,0.030303030303030304,0.0
25,CrossEntropyLoss,OCDF,0.050000000000000044,0.9696969696969697,3.0303030303030303,2.0303030303030303,2.0,2.0,4.454545454545453,0.06060606060606061,0.0
25,CrossEntropyLoss,OCDF,0.07999999999999996,0.9696969696969697,2.9545454545454546,1.9545454545454546,2.0,2.0,3.4696969696969706,0.06060606060606061,0.0
25,CrossEntropyLoss,OCDF,0.09999999999999998,0.9090909090909091,2.5606060606060606,1.5606060606060606,1.5,2.0,4.287878787878789,0.13636363636363635,0.0
25,CrossEntropyLoss,OCDF,0.13,0.9090909090909091,2.5,1.5,1.5,2.0,3.597902097902098,0.13636363636363635,0.0
25,CrossEntropyLoss,OCDF,0.15000000000000002,0.8939393939393939,2.4545454545454546,1.4545454545454546,1.4285714285714286,2.0,3.4747474747474745,0.15151515151515152,0.0
25,CrossEntropyLoss,OCDF,0.18000000000000005,0.8636363636363636,2.3181818181818183,1.3181818181818181,1.3333333333333333,2.0,3.3383838383838382,0.18181818181818182,0.0
25,CrossEntropyLoss,OCDF,0.19999999999999996,0.8333333333333334,1.0,0.0,1.6363636363636365,3.0,2.727272727272728,0.2727272727272727,0.0
25,CrossEntropyLoss,APS,0.020000000000000018,0.9848484848484849,2.0,1.2878787878787878,2.0,2.0,4.318181818181816,0.030303030303030304,0.25757575757575757
25,CrossEntropyLoss,APS,0.030000000000000027,0.9848484848484849,2.0,1.2878787878787878,2.0,2.0,3.3080808080808066,0.030303030303030304,0.25757575757575757
25,CrossEntropyLoss,APS,0.050000000000000044,0.9242424242424242,1.6818181818181819,0.9242424242424242,1.4,2.0,4.560606060606057,0.10606060606060606,0.19696969696969702
25,CrossEntropyLoss,APS,0.07999999999999996,0.9242424242424242,1.621212121212121,0.8636363636363636,1.4,2.0,3.1363636363636376,0.10606060606060606,0.21212121212121215
25,CrossEntropyLoss,APS,0.09999999999999998,0.8939393939393939,1.5,0.7272727272727273,1.4285714285714286,2.0,3.757575757575758,0.15151515151515152,0.19696969696969702
25,CrossEntropyLoss,APS,0.13,0.8787878787878788,1.2121212121212122,0.36363636363636365,1.875,3.0,3.3939393939393936,0.22727272727272727,0.12121212121212122
25,CrossEntropyLoss,APS,0.15000000000000002,0.8636363636363636,1.196969696969697,0.36363636363636365,2.0,3.0,3.595959595959595,0.2727272727272727,0.12121212121212122
25,CrossEntropyLoss,APS,0.18000000000000005,0.8333333333333334,1.1363636363636365,0.3181818181818182,2.1818181818181817,3.0,3.348484848484848,0.36363636363636365,0.10606060606060608
25,CrossEntropyLoss,APS,0.19999999999999996,0.8181818181818182,1.0909090909090908,0.25757575757575757,2.25,3.0,3.287878787878789,0.4090909090909091,0.0757575757575758
25,CrossEntropyLoss,LAC,0.020000000000000018,0.9848484848484849,2.106060606060606,1.393939393939394,2.0,2.0,4.424242424242422,0.030303030303030304,0.28787878787878785
25,CrossEntropyLoss,LAC,0.030000000000000027,0.9848484848484849,2.106060606060606,1.393939393939394,2.0,2.0,3.4141414141414126,0.030303030303030304,0.28787878787878785
25,CrossEntropyLoss,LAC,0.050000000000000044,0.9393939393939394,1.7272727272727273,0.9393939393939394,1.5,2.0,4.575757575757573,0.09090909090909091,0.19696969696969702
25,CrossEntropyLoss,LAC,0.07999999999999996,0.9090909090909091,1.606060606060606,0.8484848484848485,1.3333333333333333,2.0,3.8787878787878807,0.12121212121212122,0.21212121212121215
25,CrossEntropyLoss,LAC,0.09999999999999998,0.8939393939393939,1.2878787878787878,0.4090909090909091,1.7142857142857142,3.0,4.045454545454547,0.18181818181818182,0.12121212121212122
25,CrossEntropyLoss,LAC,0.13,0.8484848484848485,1.0303030303030303,0.06060606060606061,1.6,3.0,3.79020979020979,0.24242424242424243,0.030303030303030276
25,CrossEntropyLoss,LAC,0.15000000000000002,0.8484848484848485,1.0303030303030303,0.06060606060606061,1.6,3.0,3.2929292929292924,0.24242424242424243,0.030303030303030276
25,CrossEntropyLoss,LAC,0.18000000000000005,0.8333333333333334,0.9848484848484849,0.0,1.7272727272727273,3.0,3.0303030303030303,0.2878787878787879,0.0
25,CrossEntropyLoss,LAC,0.19999999999999996,0.803030303030303,0.9242424242424242,0.0,2.230769230769231,3.0,3.3333333333333344,0.4393939393939394,0.0
26,CrossEntropyLoss,min-CPS,0.020000000000000018,0.9848484848484849,2.227272727272727,1.2272727272727273,2.0,2.0,4.257575757575755,0.030303030303030304,0.0
26,CrossEntropyLoss,min-CPS,0.030000000000000027,0.9696969696969697,2.090909090909091,1.0909090909090908,2.0,2.0,5.131313131313128,0.06060606060606061,0.0
26,CrossEntropyLoss,min-CPS,0.050000000000000044,0.9393939393939394,1.8484848484848484,0.8484848484848485,1.75,2.0,5.090909090909087,0.10606060606060606,0.0
26,CrossEntropyLoss,min-CPS,0.07999999999999996,0.9393939393939394,1.7878787878787878,0.7878787878787878,1.75,2.0,3.4393939393939412,0.10606060606060606,0.0
26,CrossEntropyLoss,min-CPS,0.09999999999999998,0.9242424242424242,1.7272727272727273,0.7272727272727273,1.6,2.0,3.1515151515151523,0.12121212121212122,0.0
26,CrossEntropyLoss,min-CPS,0.13,0.9090909090909091,1.2272727272727273,0.22727272727272727,2.0,3.0,3.024475524475524,0.18181818181818182,0.0
26,CrossEntropyLoss,min-CPS,0.15000000000000002,0.8484848484848485,1.0303030303030303,0.030303030303030304,1.8,3.0,3.666666666666666,0.2727272727272727,0.0
26,CrossEntropyLoss,min-CPS,0.18000000000000005,0.8333333333333334,1.0,0.0,1.8181818181818181,3.0,3.3670033670033663,0.30303030303030304,0.0
26,CrossEntropyLoss,min-CPS,0.19999999999999996,0.8333333333333334,1.0,0.0,1.8181818181818181,3.0,3.030303030303031,0.30303030303030304,0.0
26,CrossEntropyLoss,RPS,0.020000000000000018,0.9696969696969697,3.0757575757575757,2.0757575757575757,1.0,1.0,5.106060606060604,0.030303030303030304,0.0
26,CrossEntropyLoss,RPS,0.030000000000000027,0.9696969696969697,3.0757575757575757,2.0757575757575757,1.0,1.0,4.095959595959595,0.030303030303030304,0.0
26,CrossEntropyLoss,RPS,0.050000000000000044,0.9393939393939394,2.8484848484848486,1.8484848484848484,1.0,1.0,4.272727272727271,0.06060606060606061,0.0
26,CrossEntropyLoss,RPS,0.07999999999999996,0.9090909090909091,1.5,0.5,1.6666666666666667,2.0,4.28787878787879,0.15151515151515152,0.0
26,CrossEntropyLoss,RPS,0.09999999999999998,0.8939393939393939,1.4242424242424243,0.42424242424242425,1.5714285714285714,2.0,3.7575757575757582,0.16666666666666666,0.0
26,CrossEntropyLoss,RPS,0.13,0.8636363636363636,1.1363636363636365,0.13636363636363635,1.6666666666666667,3.0,3.632867132867132,0.22727272727272727,0.0
26,CrossEntropyLoss,RPS,0.15000000000000002,0.8333333333333334,0.9848484848484849,0.0,1.9090909090909092,3.0,3.838383838383838,0.3181818181818182,0.0
26,CrossEntropyLoss,RPS,0.18000000000000005,0.8333333333333334,0.9848484848484849,0.0,1.9090909090909092,3.0,3.198653198653198,0.3181818181818182,0.0
26,CrossEntropyLoss,RPS,0.19999999999999996,0.8333333333333334,0.9848484848484849,0.0,1.9090909090909092,3.0,2.87878787878788,0.3181818181818182,0.0
26,CrossEntropyLoss,OCDF,0.020000000000000018,0.9848484848484849,3.106060606060606,2.106060606060606,2.0,2.0,5.136363636363634,0.030303030303030304,0.0
26,CrossEntropyLoss,OCDF,0.030000000000000027,0.9848484848484849,3.106060606060606,2.106060606060606,2.0,2.0,4.126262626262625,0.030303030303030304,0.0
26,CrossEntropyLoss,OCDF,0.050000000000000044,0.9545454545454546,2.8636363636363638,1.8636363636363635,2.0,2.0,5.4999999999999964,0.09090909090909091,0.0
26,CrossEntropyLoss,OCDF,0.07999999999999996,0.9393939393939394,2.803030303030303,1.803030303030303,1.75,2.0,4.454545454545456,0.10606060606060606,0.0
26,CrossEntropyLoss,OCDF,0.09999999999999998,0.9393939393939394,2.727272727272727,1.7272727272727273,1.75,2.0,3.8484848484848486,0.10606060606060606,0.0
26,CrossEntropyLoss,OCDF,0.13,0.8939393939393939,2.4393939393939394,1.4393939393939394,1.8571428571428572,2.0,4.46969696969697,0.19696969696969696,0.0
26,CrossEntropyLoss,OCDF,0.15000000000000002,0.8787878787878788,2.409090909090909,1.4090909090909092,1.75,2.0,4.237373737373737,0.21212121212121213,0.0
26,CrossEntropyLoss,OCDF,0.18000000000000005,0.8333333333333334,2.1818181818181817,1.1818181818181819,1.6363636363636365,2.0,4.212121212121211,0.2727272727272727,0.0
26,CrossEntropyLoss,OCDF,0.19999999999999996,0.8333333333333334,1.0,0.0,1.8181818181818181,3.0,3.030303030303031,0.30303030303030304,0.0
26,CrossEntropyLoss,APS,0.020000000000000018,0.9848484848484849,1.8636363636363635,1.2121212121212122,2.0,2.0,4.2424242424242395,0.030303030303030304,0.31818181818181823
26,CrossEntropyLoss,APS,0.030000000000000027,0.9848484848484849,1.8636363636363635,1.2121212121212122,2.0,2.0,3.232323232323231,0.030303030303030304,0.31818181818181823
26,CrossEntropyLoss,APS,0.050000000000000044,0.9393939393939394,1.6515151515151516,0.8939393939393939,1.75,2.0,5.136363636363633,0.10606060606060606,0.2272727272727273
26,CrossEntropyLoss,APS,0.07999999999999996,0.9242424242424242,1.5,0.7272727272727273,1.6,2.0,3.757575757575759,0.12121212121212122,0.19696969696969702
26,CrossEntropyLoss,APS,0.09999999999999998,0.9242424242424242,1.4696969696969697,0.696969696969697,1.6,2.0,3.1212121212121215,0.12121212121212122,0.19696969696969702
26,CrossEntropyLoss,APS,0.13,0.9090909090909091,1.303030303030303,0.48484848484848486,2.0,3.0,3.2820512820512815,0.18181818181818182,0.1515151515151515
26,CrossEntropyLoss,APS,0.15000000000000002,0.8636363636363636,1.1666666666666667,0.3333333333333333,2.2222222222222223,3.0,3.9696969696969697,0.30303030303030304,0.10606060606060608
26,CrossEntropyLoss,APS,0.18000000000000005,0.8484848484848485,1.1363636363636365,0.3181818181818182,2.3,3.0,3.348484848484848,0.3484848484848485,0.10606060606060608
26,CrossEntropyLoss,APS,0.19999999999999996,0.803030303030303,1.0303030303030303,0.16666666666666666,2.3846153846153846,3.0,3.9545454545454555,0.4696969696969697,0.045454545454545414
26,CrossEntropyLoss,LAC,0.020000000000000018,0.9848484848484849,1.8181818181818181,1.1363636363636365,2.0,2.0,4.166666666666664,0.030303030303030304,0.303030303030303
26,CrossEntropyLoss,LAC,0.030000000000000027,0.9848484848484849,1.8181818181818181,1.1363636363636365,2.0,2.0,3.156565656565655,0.030303030303030304,0.303030303030303
26,CrossEntropyLoss,LAC,0.050000000000000044,0.9696969696969697,1.7575757575757576,1.0606060606060606,2.0,2.0,3.4848484848484826,0.06060606060606061,0.2727272727272727
26,CrossEntropyLoss,LAC,0.07999999999999996,0.9242424242424242,1.5606060606060606,0.7575757575757576,1.6,2.0,3.7878787878787894,0.12121212121212122,0.18181818181818177
26,CrossEntropyLoss,LAC,0.09999999999999998,0.9242424242424242,1.5606060606060606,0.7575757575757576,1.6,2.0,3.1818181818181825,0.12121212121212122,0.18181818181818177
26,CrossEntropyLoss,LAC,0.13,0.8939393939393939,1.1363636363636365,0.21212121212121213,1.8571428571428572,3.0,3.242424242424242,0.19696969696969696,0.0757575757575758
26,CrossEntropyLoss,LAC,0.15000000000000002,0.8787878787878788,1.0606060606060606,0.10606060606060606,1.875,3.0,3.1363636363636362,0.22727272727272727,0.045454545454545414
26,CrossEntropyLoss,LAC,0.18000000000000005,0.8333333333333334,1.0,0.0,1.8181818181818181,3.0,3.3670033670033663,0.30303030303030304,0.0
26,CrossEntropyLoss,LAC,0.19999999999999996,0.8333333333333334,0.9545454545454546,0.0,2.272727272727273,3.0,3.3333333333333344,0.3787878787878788,0.0
27,CrossEntropyLoss,min-CPS,0.020000000000000018,0.9696969696969697,2.272727272727273,1.2727272727272727,2.0,2.0,7.333333333333329,0.06060606060606061,0.0
27,CrossEntropyLoss,min-CPS,0.030000000000000027,0.9393939393939394,1.9848484848484849,0.9848484848484849,1.75,2.0,8.05555555555555,0.10606060606060606,0.0
27,CrossEntropyLoss,min-CPS,0.050000000000000044,0.9393939393939394,1.9545454545454546,0.9545454545454546,1.75,2.0,5.196969696969694,0.10606060606060606,0.0
27,CrossEntropyLoss,min-CPS,0.07999999999999996,0.9393939393939394,1.893939393939394,0.8939393939393939,1.75,2.0,3.545454545454547,0.10606060606060606,0.0
27,CrossEntropyLoss,min-CPS,0.09999999999999998,0.9242424242424242,1.8333333333333333,0.8333333333333334,1.6,2.0,3.257575757575758,0.12121212121212122,0.0
27,CrossEntropyLoss,min-CPS,0.13,0.9242424242424242,1.5757575757575757,0.5757575757575758,2.0,3.0,2.9067599067599064,0.15151515151515152,0.0
27,CrossEntropyLoss,min-CPS,0.15000000000000002,0.8787878787878788,1.121212121212121,0.12121212121212122,1.75,3.0,2.9494949494949494,0.21212121212121213,0.0
27,CrossEntropyLoss,min-CPS,0.18000000000000005,0.8333333333333334,1.0,0.0,1.7272727272727273,3.0,3.198653198653198,0.2878787878787879,0.0
27,CrossEntropyLoss,min-CPS,0.19999999999999996,0.8333333333333334,1.0,0.0,1.7272727272727273,3.0,2.87878787878788,0.2878787878787879,0.0
27,CrossEntropyLoss,RPS,0.020000000000000018,0.9545454545454546,3.015151515151515,2.015151515151515,1.0,1.0,6.560606060606057,0.045454545454545456,0.0
27,CrossEntropyLoss,RPS,0.030000000000000027,0.9545454545454546,3.015151515151515,2.015151515151515,1.0,1.0,5.045454545454544,0.045454545454545456,0.0
27,CrossEntropyLoss,RPS,0.050000000000000044,0.9393939393939394,2.893939393939394,1.893939393939394,1.0,1.0,4.318181818181817,0.06060606060606061,0.0
27,CrossEntropyLoss,RPS,0.07999999999999996,0.9393939393939394,2.6666666666666665,1.6666666666666667,1.25,2.0,3.560606060606062,0.07575757575757576,0.0
27,CrossEntropyLoss,RPS,0.09999999999999998,0.9393939393939394,1.5757575757575757,0.5757575757575758,2.0,2.0,3.0000000000000004,0.12121212121212122,0.0
27,CrossEntropyLoss,RPS,0.13,0.9242424242424242,1.5454545454545454,0.5454545454545454,1.8,2.0,2.6433566433566433,0.13636363636363635,0.0
27,CrossEntropyLoss,RPS,0.15000000000000002,0.9242424242424242,1.5303030303030303,0.5303030303030303,1.8,2.0,2.3484848484848486,0.13636363636363635,0.0
27,CrossEntropyLoss,RPS,0.18000000000000005,0.803030303030303,0.9393939393939394,0.0,2.076923076923077,3.0,4.04040404040404,0.4090909090909091,0.0
27,CrossEntropyLoss,RPS,0.19999999999999996,0.7575757575757576,0.8484848484848485,0.0,2.5625,3.0,4.090909090909093,0.6212121212121212,0.0
27,CrossEntropyLoss,OCDF,0.020000000000000018,0.9696969696969697,3.1666666666666665,2.1666666666666665,2.0,2.0,8.227272727272721,0.06060606060606061,0.0
27,CrossEntropyLoss,OCDF,0.030000000000000027,0.9696969696969697,3.1666666666666665,2.1666666666666665,2.0,2.0,6.207070707070704,0.06060606060606061,0.0
27,CrossEntropyLoss,OCDF,0.050000000000000044,0.9545454545454546,2.9545454545454546,1.9545454545454546,2.0,2.0,5.590909090909087,0.09090909090909091,0.0
27,CrossEntropyLoss,OCDF,0.07999999999999996,0.9393939393939394,2.878787878787879,1.878787878787879,1.75,2.0,4.530303030303032,0.10606060606060606,0.0
27,CrossEntropyLoss,OCDF,0.09999999999999998,0.9393939393939394,2.8484848484848486,1.8484848484848484,1.75,2.0,3.9696969696969697,0.10606060606060606,0.0
27,CrossEntropyLoss,OCDF,0.13,0.9090909090909091,2.484848484848485,1.4848484848484849,1.6666666666666667,2.0,3.8158508158508155,0.15151515151515152,0.0
27,CrossEntropyLoss,OCDF,0.15000000000000002,0.8787878787878788,2.393939393939394,1.393939393939394,1.625,2.0,4.02020202020202,0.19696969696969696,0.0
27,CrossEntropyLoss,OCDF,0.18000000000000005,0.8333333333333334,2.090909090909091,1.0909090909090908,1.5454545454545454,2.0,3.9528619528619524,0.25757575757575757,0.0
27,CrossEntropyLoss,OCDF,0.19999999999999996,0.8333333333333334,1.0,0.0,1.7272727272727273,3.0,2.87878787878788,0.2878787878787879,0.0
27,CrossEntropyLoss,APS,0.020000000000000018,0.9848484848484849,2.242424242424242,1.5606060606060606,2.0,2.0,4.590909090909088,0.030303030303030304,0.2727272727272727
27,CrossEntropyLoss,APS,0.030000000000000027,0.9848484848484849,2.242424242424242,1.5606060606060606,2.0,2.0,3.580808080808079,0.030303030303030304,0.2727272727272727
27,CrossEntropyLoss,APS,0.050000000000000044,0.9393939393939394,1.803030303030303,1.0303030303030303,1.75,2.0,5.272727272727269,0.10606060606060606,0.19696969696969702
27,CrossEntropyLoss,APS,0.07999999999999996,0.9393939393939394,1.5909090909090908,0.8333333333333334,1.75,2.0,3.4848484848484866,0.10606060606060606,0.19696969696969702
27,CrossEntropyLoss,APS,0.09999999999999998,0.9242424242424242,1.5757575757575757,0.8181818181818182,1.6,2.0,3.2424242424242427,0.12121212121212122,0.19696969696969702
27,CrossEntropyLoss,APS,0.13,0.9242424242424242,1.5303030303030303,0.7272727272727273,2.0,3.0,3.0582750582750577,0.15151515151515152,0.1515151515151515
27,CrossEntropyLoss,APS,0.15000000000000002,0.9242424242424242,1.4090909090909092,0.5757575757575758,2.0,3.0,2.5959595959595956,0.15151515151515152,0.13636363636363635
27,CrossEntropyLoss,APS,0.18000000000000005,0.8787878787878788,1.1818181818181819,0.3939393939393939,2.5,3.0,2.750841750841751,0.30303030303030304,0.13636363636363635
27,CrossEntropyLoss,APS,0.19999999999999996,0.8484848484848485,1.106060606060606,0.30303030303030304,2.6,3.0,2.8787878787878793,0.3939393939393939,0.10606060606060608
27,CrossEntropyLoss,LAC,0.020000000000000018,0.9696969696969697,1.9545454545454546,1.2121212121212122,2.0,2.0,7.272727272727267,0.06060606060606061,0.24242424242424243
27,CrossEntropyLoss,LAC,0.030000000000000027,0.9696969696969697,1.9545454545454546,1.2121212121212122,2.0,2.0,5.252525252525249,0.06060606060606061,0.24242424242424243
27,CrossEntropyLoss,LAC,0.050000000000000044,0.9393939393939394,1.7575757575757576,0.9696969696969697,1.75,2.0,5.212121212121208,0.10606060606060606,0.19696969696969702
27,CrossEntropyLoss,LAC,0.07999999999999996,0.9242424242424242,1.6666666666666667,0.8787878787878788,1.6,2.0,3.909090909090911,0.12121212121212122,0.18181818181818177
27,CrossEntropyLoss,LAC,0.09999999999999998,0.9242424242424242,1.6515151515151516,0.8636363636363636,1.6,2.0,3.2878787878787885,0.12121212121212122,0.18181818181818177
27,CrossEntropyLoss,LAC,0.13,0.9242424242424242,1.3636363636363635,0.5454545454545454,2.0,3.0,2.876456876456876,0.15151515151515152,0.1515151515151515
27,CrossEntropyLoss,LAC,0.15000000000000002,0.8939393939393939,1.1666666666666667,0.30303030303030304,1.7142857142857142,3.0,2.7272727272727266,0.18181818181818182,0.12121212121212122
27,CrossEntropyLoss,LAC,0.18000000000000005,0.8333333333333334,0.9848484848484849,0.0,1.8181818181818181,3.0,3.198653198653198,0.30303030303030304,0.0
27,CrossEntropyLoss,LAC,0.19999999999999996,0.7575757575757576,0.8484848484848485,0.0,2.5625,3.0,4.090909090909093,0.6212121212121212,0.0
28,CrossEntropyLoss,min-CPS,0.020000000000000018,1.0,3.3636363636363638,2.3636363636363638,,0.0,2.3636363636363638,0.0,0.0
28,CrossEntropyLoss,min-CPS,0.030000000000000027,0.9696969696969697,2.196969696969697,1.196969696969697,2.0,2.0,5.237373737373734,0.06060606060606061,0.0
28,CrossEntropyLoss,min-CPS,0.050000000000000044,0.9393939393939394,1.9090909090909092,0.9090909090909091,1.75,2.0,5.151515151515148,0.10606060606060606,0.0
28,CrossEntropyLoss,min-CPS,0.07999999999999996,0.8787878787878788,1.393939393939394,0.3939393939393939,1.625,3.0,5.318181818181821,0.19696969696969696,0.0
28,CrossEntropyLoss,min-CPS,0.09999999999999998,0.8636363636363636,1.2424242424242424,0.24242424242424243,1.5555555555555556,3.0,4.484848484848485,0.21212121212121213,0.0
28,CrossEntropyLoss,min-CPS,0.13,0.8333333333333334,1.0454545454545454,0.045454545454545456,1.5454545454545454,3.0,4.008158508158508,0.25757575757575757,0.0
28,CrossEntropyLoss,min-CPS,0.15000000000000002,0.803030303030303,1.0,0.0,1.5384615384615385,3.0,4.04040404040404,0.30303030303030304,0.0
28,CrossEntropyLoss,min-CPS,0.18000000000000005,0.803030303030303,1.0,0.0,1.5384615384615385,3.0,3.3670033670033663,0.30303030303030304,0.0
28,CrossEntropyLoss,min-CPS,0.19999999999999996,0.803030303030303,1.0,0.0,1.5384615384615385,3.0,3.030303030303031,0.30303030303030304,0.0
28,CrossEntropyLoss,RPS,0.020000000000000018,0.9848484848484849,3.393939393939394,2.393939393939394,1.0,1.0,3.9090909090909074,0.015151515151515152,0.0
28,CrossEntropyLoss,RPS,0.030000000000000027,0.9848484848484849,3.393939393939394,2.393939393939394,1.0,1.0,3.4040404040404035,0.015151515151515152,0.0
28,CrossEntropyLoss,RPS,0.050000000000000044,0.9393939393939394,2.8636363636363638,1.8636363636363635,1.0,1.0,4.287878787878786,0.06060606060606061,0.0
28,CrossEntropyLoss,RPS,0.07999999999999996,0.9393939393939394,2.621212121212121,1.621212121212121,1.25,2.0,3.515151515151516,0.07575757575757576,0.0
28,CrossEntropyLoss,RPS,0.09999999999999998,0.9242424242424242,1.4848484848484849,0.48484848484848486,1.8,2.0,3.2121212121212124,0.13636363636363635,0.0
28,CrossEntropyLoss,RPS,0.13,0.8484848484848485,1.106060606060606,0.10606060606060606,1.5,3.0,3.6025641025641026,0.22727272727272727,0.0
28,CrossEntropyLoss,RPS,0.15000000000000002,0.8484848484848485,1.0909090909090908,0.09090909090909091,1.5,3.0,3.121212121212121,0.22727272727272727,0.0
28,CrossEntropyLoss,RPS,0.18000000000000005,0.7575757575757576,0.8939393939393939,0.0,2.1875,3.0,3.703703703703703,0.5303030303030303,0.0
28,CrossEntropyLoss,RPS,0.19999999999999996,0.7272727272727273,0.8636363636363636,0.0,2.2777777777777777,3.0,3.3333333333333344,0.6212121212121212,0.0
28,CrossEntropyLoss,OCDF,0.020000000000000018,1.0,3.6666666666666665,2.6666666666666665,,0.0,2.6666666666666665,0.0,0.0
28,CrossEntropyLoss,OCDF,0.030000000000000027,1.0,3.6666666666666665,2.6666666666666665,,0.0,2.6666666666666665,0.0,0.0
28,CrossEntropyLoss,OCDF,0.050000000000000044,0.9090909090909091,2.727272727272727,1.7272727272727273,1.5,2.0,7.181818181818177,0.13636363636363635,0.0
28,CrossEntropyLoss,OCDF,0.07999999999999996,0.8787878787878788,2.4393939393939394,1.4393939393939394,1.5,2.0,5.984848484848486,0.18181818181818182,0.0
28,CrossEntropyLoss,OCDF,0.09999999999999998,0.8484848484848485,2.3636363636363638,1.3636363636363635,1.4,2.0,5.606060606060607,0.21212121212121213,0.0
28,CrossEntropyLoss,OCDF,0.13,0.8181818181818182,2.1818181818181817,1.1818181818181819,1.3333333333333333,2.0,4.911421911421911,0.24242424242424243,0.0
28,CrossEntropyLoss,OCDF,0.15000000000000002,0.803030303030303,2.0454545454545454,1.0454545454545454,1.3846153846153846,2.0,4.681818181818182,0.2727272727272727,0.0
28,CrossEntropyLoss,OCDF,0.18000000000000005,0.803030303030303,1.0,0.0,1.5384615384615385,3.0,3.3670033670033663,0.30303030303030304,0.0
28,CrossEntropyLoss,OCDF,0.19999999999999996,0.803030303030303,1.0,0.0,1.5384615384615385,3.0,3.030303030303031,0.30303030303030304,0.0
28,CrossEntropyLoss,APS,0.020000000000000018,1.0,3.0757575757575757,2.287878787878788,,0.0,2.287878787878788,0.0,0.21212121212121215
28,CrossEntropyLoss,APS,0.030000000000000027,1.0,3.0757575757575757,2.287878787878788,,0.0,2.287878787878788,0.0,0.21212121212121215
28,CrossEntropyLoss,APS,0.050000000000000044,0.9545454545454546,1.878787878787879,1.2121212121212122,1.6666666666666667,2.0,4.2424242424242395,0.07575757575757576,0.28787878787878785
28,CrossEntropyLoss,APS,0.07999999999999996,0.8787878787878788,1.4696969696969697,0.696969696969697,1.375,2.0,4.863636363636366,0.16666666666666666,0.19696969696969702
28,CrossEntropyLoss,APS,0.09999999999999998,0.8636363636363636,1.196969696969697,0.3787878787878788,1.7777777777777777,3.0,4.621212121212122,0.24242424242424243,0.12121212121212122
28,CrossEntropyLoss,APS,0.13,0.8484848484848485,1.1515151515151516,0.30303030303030304,1.9,3.0,4.265734265734265,0.2878787878787879,0.09090909090909094
28,CrossEntropyLoss,APS,0.15000000000000002,0.8333333333333334,1.1363636363636365,0.30303030303030304,2.0,3.0,3.9393939393939394,0.3333333333333333,0.09090909090909094
28,CrossEntropyLoss,APS,0.18000000000000005,0.803030303030303,1.0757575757575757,0.22727272727272727,2.1538461538461537,3.0,3.762626262626262,0.42424242424242425,0.06060606060606055
28,CrossEntropyLoss,APS,0.19999999999999996,0.7121212121212122,0.9545454545454546,0.13636363636363635,2.1052631578947367,3.0,4.227272727272728,0.6060606060606061,0.045454545454545414
28,CrossEntropyLoss,LAC,0.020000000000000018,1.0,3.212121212121212,2.3636363636363638,,0.0,2.3636363636363638,0.0,0.1515151515151515
28,CrossEntropyLoss,LAC,0.030000000000000027,1.0,3.212121212121212,2.3636363636363638,,0.0,2.3636363636363638,0.0,0.1515151515151515
28,CrossEntropyLoss,LAC,0.050000000000000044,0.9696969696969697,1.8484848484848484,1.1363636363636365,2.0,2.0,3.5606060606060583,0.06060606060606061,0.25757575757575757
28,CrossEntropyLoss,LAC,0.07999999999999996,0.8787878787878788,1.2272727272727273,0.36363636363636365,1.625,3.0,5.287878787878791,0.19696969696969696,0.12121212121212122
28,CrossEntropyLoss,LAC,0.09999999999999998,0.8787878787878788,1.1818181818181819,0.30303030303030304,1.625,3.0,4.242424242424243,0.19696969696969696,0.09090909090909094
28,CrossEntropyLoss,LAC,0.13,0.8484848484848485,1.0757575757575757,0.13636363636363635,1.5,3.0,3.632867132867133,0.22727272727272727,0.06060606060606055
28,CrossEntropyLoss,LAC,0.15000000000000002,0.8484848484848485,1.0606060606060606,0.10606060606060606,1.5,3.0,3.1363636363636362,0.22727272727272727,0.045454545454545414
28,CrossEntropyLoss,LAC,0.18000000000000005,0.7575757575757576,0.8939393939393939,0.0,2.1875,3.0,3.703703703703703,0.5303030303030303,0.0
28,CrossEntropyLoss,LAC,0.19999999999999996,0.7424242424242424,0.8787878787878788,0.0,2.235294117647059,3.0,3.3333333333333344,0.5757575757575758,0.0
29,CrossEntropyLoss,min-CPS,0.020000000000000018,1.0,3.287878787878788,2.287878787878788,,0.0,2.287878787878788,0.0,0.0
29,CrossEntropyLoss,min-CPS,0.030000000000000027,0.9848484848484849,2.1515151515151514,1.1515151515151516,2.0,2.0,3.17171717171717,0.030303030303030304,0.0
29,CrossEntropyLoss,min-CPS,0.050000000000000044,0.9848484848484849,2.090909090909091,1.0909090909090908,2.0,2.0,2.3030303030303023,0.030303030303030304,0.0
29,CrossEntropyLoss,min-CPS,0.07999999999999996,0.9696969696969697,1.878787878787879,0.8787878787878788,2.0,2.0,2.393939393939395,0.06060606060606061,0.0
29,CrossEntropyLoss,min-CPS,0.09999999999999998,0.9242424242424242,1.7272727272727273,0.7272727272727273,1.4,2.0,2.848484848484849,0.10606060606060606,0.0
29,CrossEntropyLoss,min-CPS,0.13,0.9090909090909091,1.2272727272727273,0.22727272727272727,1.5,2.0,2.325174825174825,0.13636363636363635,0.0
29,CrossEntropyLoss,min-CPS,0.15000000000000002,0.8939393939393939,1.0909090909090908,0.09090909090909091,1.4285714285714286,2.0,2.1111111111111107,0.15151515151515152,0.0
29,CrossEntropyLoss,min-CPS,0.18000000000000005,0.8787878787878788,1.0303030303030303,0.030303030303030304,1.375,2.0,1.882154882154882,0.16666666666666666,0.0
29,CrossEntropyLoss,min-CPS,0.19999999999999996,0.8636363636363636,1.0,0.0,1.4444444444444444,2.0,1.9696969696969702,0.19696969696969696,0.0
29,CrossEntropyLoss,RPS,0.020000000000000018,1.0,3.696969696969697,2.696969696969697,,0.0,2.696969696969697,0.0,0.0
29,CrossEntropyLoss,RPS,0.030000000000000027,1.0,3.696969696969697,2.696969696969697,,0.0,2.696969696969697,0.0,0.0
29,CrossEntropyLoss,RPS,0.050000000000000044,0.9848484848484849,3.0454545454545454,2.0454545454545454,1.0,1.0,2.651515151515151,0.015151515151515152,0.0
29,CrossEntropyLoss,RPS,0.07999999999999996,0.9545454545454546,2.787878787878788,1.7878787878787878,1.0,1.0,2.924242424242425,0.045454545454545456,0.0
29,CrossEntropyLoss,RPS,0.09999999999999998,0.9545454545454546,2.6515151515151514,1.6515151515151516,1.0,1.0,2.5606060606060606,0.045454545454545456,0.0
29,CrossEntropyLoss,RPS,0.13,0.9090909090909091,1.4242424242424243,0.42424242424242425,1.3333333333333333,2.0,2.2890442890442886,0.12121212121212122,0.0
29,CrossEntropyLoss,RPS,0.15000000000000002,0.9090909090909091,1.2575757575757576,0.25757575757575757,1.5,2.0,2.0757575757575757,0.13636363636363635,0.0
29,CrossEntropyLoss,RPS,0.18000000000000005,0.8636363636363636,0.9848484848484849,0.0,1.5555555555555556,3.0,2.02020202020202,0.21212121212121213,0.0
29,CrossEntropyLoss,RPS,0.19999999999999996,0.8636363636363636,0.9848484848484849,0.0,1.5555555555555556,3.0,1.8181818181818186,0.21212121212121213,0.0
29,CrossEntropyLoss,OCDF,0.020000000000000018,1.0,3.621212121212121,2.621212121212121,,0.0,2.621212121212121,0.0,0.0
29,CrossEntropyLoss,OCDF,0.030000000000000027,1.0,3.621212121212121,2.621212121212121,,0.0,2.621212121212121,0.0,0.0
29,CrossEntropyLoss,OCDF,0.050000000000000044,0.9848484848484849,3.0454545454545454,2.0454545454545454,2.0,2.0,3.257575757575757,0.030303030303030304,0.0
29,CrossEntropyLoss,OCDF,0.07999999999999996,0.9393939393939394,2.772727272727273,1.7727272727272727,1.5,2.0,4.045454545454547,0.09090909090909091,0.0
29,CrossEntropyLoss,OCDF,0.09999999999999998,0.9242424242424242,2.5606060606060606,1.5606060606060606,1.4,2.0,3.6818181818181817,0.10606060606060606,0.0
29,CrossEntropyLoss,OCDF,0.13,0.9090909090909091,2.484848484848485,1.4848484848484849,1.3333333333333333,2.0,3.3496503496503496,0.12121212121212122,0.0
29,CrossEntropyLoss,OCDF,0.15000000000000002,0.9090909090909091,2.4393939393939394,1.4393939393939394,1.5,2.0,3.2575757575757573,0.13636363636363635,0.0
29,CrossEntropyLoss,OCDF,0.18000000000000005,0.8939393939393939,2.3636363636363638,1.3636363636363635,1.4285714285714286,2.0,3.0471380471380467,0.15151515151515152,0.0
29,CrossEntropyLoss,OCDF,0.19999999999999996,0.8787878787878788,2.272727272727273,1.2727272727272727,1.375,2.0,2.9393939393939394,0.16666666666666666,0.0
29,CrossEntropyLoss,APS,0.020000000000000018,1.0,3.227272727272727,2.4545454545454546,,0.0,2.4545454545454546,0.0,0.21212121212121215
29,CrossEntropyLoss,APS,0.030000000000000027,1.0,3.227272727272727,2.4545454545454546,,0.0,2.4545454545454546,0.0,0.21212121212121215
29,CrossEntropyLoss,APS,0.050000000000000044,1.0,1.8181818181818181,1.0757575757575757,,0.0,1.0757575757575757,0.0,0.2272727272727273
29,CrossEntropyLoss,APS,0.07999999999999996,0.9696969696969697,1.621212121212121,0.8484848484848485,2.0,2.0,2.3636363636363646,0.06060606060606061,0.18181818181818177
29,CrossEntropyLoss,APS,0.09999999999999998,0.9545454545454546,1.5757575757575757,0.803030303030303,1.6666666666666667,2.0,2.3181818181818183,0.07575757575757576,0.18181818181818177
29,CrossEntropyLoss,APS,0.13,0.8939393939393939,1.2121212121212122,0.30303030303030304,1.7142857142857142,3.0,2.867132867132867,0.18181818181818182,0.06060606060606055
29,CrossEntropyLoss,APS,0.15000000000000002,0.8939393939393939,1.1818181818181819,0.2878787878787879,1.7142857142857142,3.0,2.5101010101010095,0.18181818181818182,0.0757575757575758
29,CrossEntropyLoss,APS,0.18000000000000005,0.8787878787878788,1.1666666666666667,0.2878787878787879,1.875,3.0,2.308080808080808,0.22727272727272727,0.0757575757575758
29,CrossEntropyLoss,APS,0.19999999999999996,0.8484848484848485,1.0606060606060606,0.18181818181818182,2.1,3.0,2.7575757575757582,0.3181818181818182,0.06060606060606055
29,CrossEntropyLoss,LAC,0.020000000000000018,1.0,3.121212121212121,2.257575757575758,,0.0,2.257575757575758,0.0,0.13636363636363635
29,CrossEntropyLoss,LAC,0.030000000000000027,1.0,3.121212121212121,2.257575757575758,,0.0,2.257575757575758,0.0,0.13636363636363635
29,CrossEntropyLoss,LAC,0.050000000000000044,0.9848484848484849,1.803030303030303,1.0454545454545454,2.0,2.0,2.257575757575757,0.030303030303030304,0.21212121212121215
29,CrossEntropyLoss,LAC,0.07999999999999996,0.9848484848484849,1.7424242424242424,0.9696969696969697,2.0,2.0,1.7272727272727277,0.030303030303030304,0.19696969696969702
29,CrossEntropyLoss,LAC,0.09999999999999998,0.9393939393939394,1.5909090909090908,0.7878787878787878,1.5,2.0,2.606060606060606,0.09090909090909091,0.16666666666666663
29,CrossEntropyLoss,LAC,0.13,0.8939393939393939,1.121212121212121,0.21212121212121213,1.4285714285714286,2.0,2.5431235431235426,0.15151515151515152,0.0757575757575758
29,CrossEntropyLoss,LAC,0.15000000000000002,0.8939393939393939,1.0909090909090908,0.16666666666666666,1.4285714285714286,2.0,2.1868686868686864,0.15151515151515152,0.06060606060606055
29,CrossEntropyLoss,LAC,0.18000000000000005,0.8636363636363636,1.0151515151515151,0.030303030303030304,1.4444444444444444,2.0,2.218855218855218,0.19696969696969696,0.015151515151515138
29,CrossEntropyLoss,LAC,0.19999999999999996,0.8636363636363636,1.0,0.0,1.4444444444444444,2.0,1.9696969696969702,0.19696969696969696,0.0
30,CrossEntropyLoss,min-CPS,0.020000000000000018,0.9696969696969697,2.1363636363636362,1.1363636363636365,2.0,2.0,7.196969696969692,0.06060606060606061,0.0
30,CrossEntropyLoss,min-CPS,0.030000000000000027,0.9545454545454546,1.9393939393939394,0.9393939393939394,2.0,2.0,6.999999999999995,0.09090909090909091,0.0
30,CrossEntropyLoss,min-CPS,0.050000000000000044,0.9545454545454546,1.9242424242424243,0.9242424242424242,2.0,2.0,4.560606060606057,0.09090909090909091,0.0
30,CrossEntropyLoss,min-CPS,0.07999999999999996,0.9393939393939394,1.8484848484848484,0.8484848484848485,1.75,2.0,3.5000000000000018,0.10606060606060606,0.0
30,CrossEntropyLoss,min-CPS,0.09999999999999998,0.8787878787878788,1.2424242424242424,0.24242424242424243,1.625,2.0,4.1818181818181825,0.19696969696969696,0.0
30,CrossEntropyLoss,min-CPS,0.13,0.8787878787878788,1.2272727272727273,0.22727272727272727,1.625,2.0,3.257575757575758,0.19696969696969696,0.0
30,CrossEntropyLoss,min-CPS,0.15000000000000002,0.8484848484848485,1.0151515151515151,0.015151515151515152,1.5,2.0,3.0454545454545454,0.22727272727272727,0.0
30,CrossEntropyLoss,min-CPS,0.18000000000000005,0.8484848484848485,1.0,0.0,1.6,2.0,2.6936026936026933,0.24242424242424243,0.0
30,CrossEntropyLoss,min-CPS,0.19999999999999996,0.8484848484848485,1.0,0.0,1.6,2.0,2.4242424242424248,0.24242424242424243,0.0
30,CrossEntropyLoss,RPS,0.020000000000000018,1.0,3.6818181818181817,2.6818181818181817,,0.0,2.6818181818181817,0.0,0.0
30,CrossEntropyLoss,RPS,0.030000000000000027,1.0,3.6818181818181817,2.6818181818181817,,0.0,2.6818181818181817,0.0,0.0
30,CrossEntropyLoss,RPS,0.050000000000000044,0.9545454545454546,2.9696969696969697,1.9696969696969697,1.0,1.0,3.7878787878787867,0.045454545454545456,0.0
30,CrossEntropyLoss,RPS,0.07999999999999996,0.9090909090909091,1.5,0.5,1.5,2.0,3.909090909090911,0.13636363636363635,0.0
30,CrossEntropyLoss,RPS,0.09999999999999998,0.8939393939393939,1.4393939393939394,0.4393939393939394,1.4285714285714286,2.0,3.4696969696969706,0.15151515151515152,0.0
30,CrossEntropyLoss,RPS,0.13,0.8787878787878788,1.1515151515151516,0.15151515151515152,1.625,2.0,3.1818181818181817,0.19696969696969696,0.0
30,CrossEntropyLoss,RPS,0.15000000000000002,0.8787878787878788,1.1363636363636365,0.13636363636363635,1.625,2.0,2.7626262626262625,0.19696969696969696,0.0
30,CrossEntropyLoss,RPS,0.18000000000000005,0.8333333333333334,0.9696969696969697,0.0,1.8181818181818181,3.0,3.03030303030303,0.30303030303030304,0.0
30,CrossEntropyLoss,RPS,0.19999999999999996,0.7878787878787878,0.9090909090909091,0.0,2.2142857142857144,3.0,3.3333333333333344,0.4696969696969697,0.0
30,CrossEntropyLoss,OCDF,0.020000000000000018,0.9696969696969697,3.015151515151515,2.015151515151515,2.0,2.0,8.07575757575757,0.06060606060606061,0.0
30,CrossEntropyLoss,OCDF,0.030000000000000027,0.9696969696969697,3.015151515151515,2.015151515151515,2.0,2.0,6.055555555555553,0.06060606060606061,0.0
30,CrossEntropyLoss,OCDF,0.050000000000000044,0.9545454545454546,2.878787878787879,1.878787878787879,2.0,2.0,5.515151515151512,0.09090909090909091,0.0
30,CrossEntropyLoss,OCDF,0.07999999999999996,0.9090909090909091,2.5303030303030303,1.5303030303030303,1.5,2.0,4.939393939393941,0.13636363636363635,0.0
30,CrossEntropyLoss,OCDF,0.09999999999999998,0.9090909090909091,2.5,1.5,1.5,2.0,4.2272727272727275,0.13636363636363635,0.0
30,CrossEntropyLoss,OCDF,0.13,0.8939393939393939,2.378787878787879,1.378787878787879,1.5714285714285714,2.0,3.942890442890442,0.16666666666666666,0.0
30,CrossEntropyLoss,OCDF,0.15000000000000002,0.8939393939393939,2.3484848484848486,1.3484848484848484,1.5714285714285714,2.0,3.5707070707070705,0.16666666666666666,0.0
30,CrossEntropyLoss,OCDF,0.18000000000000005,0.8787878787878788,2.227272727272727,1.2272727272727273,1.5,2.0,3.2474747474747474,0.18181818181818182,0.0
30,CrossEntropyLoss,OCDF,0.19999999999999996,0.8484848484848485,1.0,0.0,1.6,2.0,2.4242424242424248,0.24242424242424243,0.0
30,CrossEntropyLoss,APS,0.020000000000000018,0.9696969696969697,1.8181818181818181,1.1515151515151516,1.5,2.0,5.696969696969694,0.045454545454545456,0.303030303030303
30,CrossEntropyLoss,APS,0.030000000000000027,0.9696969696969697,1.8181818181818181,1.1515151515151516,1.5,2.0,4.181818181818179,0.045454545454545456,0.303030303030303
30,CrossEntropyLoss,APS,0.050000000000000044,0.9545454545454546,1.6818181818181819,0.9696969696969697,1.6666666666666667,2.0,3.9999999999999973,0.07575757575757576,0.25757575757575757
30,CrossEntropyLoss,APS,0.07999999999999996,0.9242424242424242,1.5606060606060606,0.803030303030303,1.6,2.0,3.8333333333333353,0.12121212121212122,0.21212121212121215
30,CrossEntropyLoss,APS,0.09999999999999998,0.8939393939393939,1.2727272727272727,0.4696969696969697,1.5714285714285714,2.0,3.803030303030304,0.16666666666666666,0.1515151515151515
30,CrossEntropyLoss,APS,0.13,0.8484848484848485,1.1666666666666667,0.36363636363636365,1.9,3.0,4.093240093240093,0.2878787878787879,0.12121212121212122
30,CrossEntropyLoss,APS,0.15000000000000002,0.8333333333333334,1.1363636363636365,0.3333333333333333,2.0,3.0,3.5656565656565653,0.3333333333333333,0.10606060606060608
30,CrossEntropyLoss,APS,0.18000000000000005,0.7878787878787878,1.0454545454545454,0.24242424242424243,2.2142857142857144,3.0,3.7777777777777777,0.4696969696969697,0.0757575757575758
30,CrossEntropyLoss,APS,0.19999999999999996,0.7878787878787878,1.0303030303030303,0.22727272727272727,2.2142857142857144,3.0,3.40909090909091,0.4696969696969697,0.0757575757575758
30,CrossEntropyLoss,LAC,0.020000000000000018,0.9696969696969697,1.8181818181818181,1.0909090909090908,2.0,2.0,7.151515151515146,0.06060606060606061,0.24242424242424243
30,CrossEntropyLoss,LAC,0.030000000000000027,0.9696969696969697,1.8181818181818181,1.0909090909090908,2.0,2.0,5.131313131313128,0.06060606060606061,0.24242424242424243
30,CrossEntropyLoss,LAC,0.050000000000000044,0.9545454545454546,1.696969696969697,0.9393939393939394,2.0,2.0,4.575757575757573,0.09090909090909091,0.21212121212121215
30,CrossEntropyLoss,LAC,0.07999999999999996,0.9090909090909091,1.5606060606060606,0.803030303030303,1.5,2.0,4.212121212121214,0.13636363636363635,0.21212121212121215
30,CrossEntropyLoss,LAC,0.09999999999999998,0.8787878787878788,1.1515151515151516,0.2878787878787879,1.625,2.0,4.227272727272728,0.19696969696969696,0.09090909090909094
30,CrossEntropyLoss,LAC,0.13,0.8787878787878788,1.0909090909090908,0.19696969696969696,1.625,2.0,3.227272727272727,0.19696969696969696,0.0757575757575758
30,CrossEntropyLoss,LAC,0.15000000000000002,0.8636363636363636,1.0606060606060606,0.13636363636363635,1.5555555555555556,2.0,2.9646464646464645,0.21212121212121213,0.06060606060606055
30,CrossEntropyLoss,LAC,0.18000000000000005,0.8484848484848485,1.0303030303030303,0.07575757575757576,1.6,2.0,2.7693602693602695,0.24242424242424243,0.030303030303030276
30,CrossEntropyLoss,LAC,0.19999999999999996,0.7878787878787878,0.9090909090909091,0.0,2.2142857142857144,3.0,3.3333333333333344,0.4696969696969697,0.0
31,CrossEntropyLoss,min-CPS,0.020000000000000018,0.9848484848484849,2.4545454545454546,1.4545454545454546,2.0,2.0,4.484848484848483,0.030303030303030304,0.0
31,CrossEntropyLoss,min-CPS,0.030000000000000027,0.9545454545454546,2.1363636363636362,1.1363636363636365,2.0,2.0,7.196969696969692,0.09090909090909091,0.0
31,CrossEntropyLoss,min-CPS,0.050000000000000044,0.9242424242424242,2.0606060606060606,1.0606060606060606,1.8,2.0,6.51515151515151,0.13636363636363635,0.0
31,CrossEntropyLoss,min-CPS,0.07999999999999996,0.8939393939393939,1.5757575757575757,0.5757575757575758,1.7142857142857142,2.0,5.121212121212124,0.18181818181818182,0.0
31,CrossEntropyLoss,min-CPS,0.09999999999999998,0.8939393939393939,1.4848484848484849,0.48484848484848486,1.7142857142857142,2.0,4.121212121212122,0.18181818181818182,0.0
31,CrossEntropyLoss,min-CPS,0.13,0.8181818181818182,1.0151515151515151,0.015151515151515152,1.5833333333333333,2.0,4.444055944055943,0.2878787878787879,0.0
31,CrossEntropyLoss,min-CPS,0.15000000000000002,0.8181818181818182,1.0,0.0,1.6666666666666667,2.0,4.04040404040404,0.30303030303030304,0.0
31,CrossEntropyLoss,min-CPS,0.18000000000000005,0.8181818181818182,1.0,0.0,1.6666666666666667,2.0,3.3670033670033663,0.30303030303030304,0.0
31,CrossEntropyLoss,min-CPS,0.19999999999999996,0.8181818181818182,1.0,0.0,1.6666666666666667,2.0,3.030303030303031,0.30303030303030304,0.0
31,CrossEntropyLoss,RPS,0.020000000000000018,1.0,3.6515151515151514,2.6515151515151514,,0.0,2.6515151515151514,0.0,0.0
31,CrossEntropyLoss,RPS,0.030000000000000027,1.0,3.6515151515151514,2.6515151515151514,,0.0,2.6515151515151514,0.0,0.0
31,CrossEntropyLoss,RPS,0.050000000000000044,0.9242424242424242,2.803030303030303,1.803030303030303,1.0,1.0,4.83333333333333,0.07575757575757576,0.0
31,CrossEntropyLoss,RPS,0.07999999999999996,0.8939393939393939,1.5757575757575757,0.5757575757575758,1.5714285714285714,2.0,4.742424242424245,0.16666666666666666,0.0
31,CrossEntropyLoss,RPS,0.09999999999999998,0.8787878787878788,1.5,0.5,1.5,2.0,4.136363636363638,0.18181818181818182,0.0
31,CrossEntropyLoss,RPS,0.13,0.8181818181818182,0.9848484848484849,0.0,1.75,3.0,4.428904428904429,0.3181818181818182,0.0
31,CrossEntropyLoss,RPS,0.15000000000000002,0.803030303030303,0.9696969696969697,0.0,1.8461538461538463,3.0,4.444444444444443,0.36363636363636365,0.0
31,CrossEntropyLoss,RPS,0.18000000000000005,0.803030303030303,0.9696969696969697,0.0,1.8461538461538463,3.0,3.703703703703703,0.36363636363636365,0.0
31,CrossEntropyLoss,RPS,0.19999999999999996,0.7727272727272727,0.9242424242424242,0.0,2.066666666666667,3.0,3.1818181818181825,0.4696969696969697,0.0
31,CrossEntropyLoss,OCDF,0.020000000000000018,0.9848484848484849,3.227272727272727,2.227272727272727,2.0,2.0,5.257575757575755,0.030303030303030304,0.0
31,CrossEntropyLoss,OCDF,0.030000000000000027,0.9848484848484849,3.227272727272727,2.227272727272727,2.0,2.0,4.2474747474747465,0.030303030303030304,0.0
31,CrossEntropyLoss,OCDF,0.050000000000000044,0.9242424242424242,2.9242424242424243,1.9242424242424243,1.8,2.0,7.378787878787874,0.13636363636363635,0.0
31,CrossEntropyLoss,OCDF,0.07999999999999996,0.8636363636363636,2.3636363636363638,1.3636363636363635,1.6666666666666667,2.0,7.0454545454545485,0.22727272727272727,0.0
31,CrossEntropyLoss,OCDF,0.09999999999999998,0.8636363636363636,2.3484848484848486,1.3484848484848484,1.7777777777777777,2.0,6.196969696969698,0.24242424242424243,0.0
31,CrossEntropyLoss,OCDF,0.13,0.8636363636363636,2.3333333333333335,1.3333333333333333,1.7777777777777777,2.0,5.0629370629370625,0.24242424242424243,0.0
31,CrossEntropyLoss,OCDF,0.15000000000000002,0.8333333333333334,2.1666666666666665,1.1666666666666667,1.6363636363636365,2.0,4.803030303030303,0.2727272727272727,0.0
31,CrossEntropyLoss,OCDF,0.18000000000000005,0.8181818181818182,1.0,0.0,1.6666666666666667,2.0,3.3670033670033663,0.30303030303030304,0.0
31,CrossEntropyLoss,OCDF,0.19999999999999996,0.8181818181818182,1.0,0.0,1.6666666666666667,2.0,3.030303030303031,0.30303030303030304,0.0
31,CrossEntropyLoss,APS,0.020000000000000018,0.9545454545454546,2.090909090909091,1.393939393939394,1.6666666666666667,2.0,7.45454545454545,0.07575757575757576,0.2727272727272727
31,CrossEntropyLoss,APS,0.030000000000000027,0.9545454545454546,2.090909090909091,1.393939393939394,1.6666666666666667,2.0,5.434343434343432,0.07575757575757576,0.2727272727272727
31,CrossEntropyLoss,APS,0.050000000000000044,0.9090909090909091,1.7121212121212122,0.9393939393939394,1.6666666666666667,2.0,6.999999999999995,0.15151515151515152,0.18181818181818177
31,CrossEntropyLoss,APS,0.07999999999999996,0.8939393939393939,1.5757575757575757,0.7727272727272727,1.7142857142857142,2.0,5.318181818181821,0.18181818181818182,0.1515151515151515
31,CrossEntropyLoss,APS,0.09999999999999998,0.8939393939393939,1.4696969696969697,0.6666666666666666,1.7142857142857142,2.0,4.303030303030304,0.18181818181818182,0.1515151515151515
31,CrossEntropyLoss,APS,0.13,0.8636363636363636,1.2575757575757576,0.3787878787878788,1.8888888888888888,3.0,4.108391608391608,0.25757575757575757,0.10606060606060608
31,CrossEntropyLoss,APS,0.15000000000000002,0.8333333333333334,1.1818181818181819,0.3181818181818182,2.090909090909091,3.0,3.7525252525252526,0.3484848484848485,0.09090909090909094
31,CrossEntropyLoss,APS,0.18000000000000005,0.8181818181818182,1.1515151515151516,0.30303030303030304,2.1666666666666665,3.0,3.3333333333333326,0.3939393939393939,0.09090909090909094
31,CrossEntropyLoss,APS,0.19999999999999996,0.7878787878787878,1.0303030303030303,0.16666666666666666,2.2857142857142856,3.0,3.500000000000001,0.48484848484848486,0.045454545454545414
31,CrossEntropyLoss,LAC,0.020000000000000018,0.9848484848484849,2.1363636363636362,1.4242424242424243,2.0,2.0,4.454545454545452,0.030303030303030304,0.2727272727272727
31,CrossEntropyLoss,LAC,0.030000000000000027,0.9848484848484849,2.1363636363636362,1.4242424242424243,2.0,2.0,3.444444444444443,0.030303030303030304,0.2727272727272727
31,CrossEntropyLoss,LAC,0.050000000000000044,0.9242424242424242,1.7575757575757576,1.0151515151515151,1.8,2.0,6.469696969696964,0.13636363636363635,0.21212121212121215
31,CrossEntropyLoss,LAC,0.07999999999999996,0.9242424242424242,1.7121212121212122,0.9393939393939394,1.8,2.0,4.34848484848485,0.13636363636363635,0.18181818181818177
31,CrossEntropyLoss,LAC,0.09999999999999998,0.8939393939393939,1.3484848484848484,0.48484848484848486,1.7142857142857142,2.0,4.121212121212122,0.18181818181818182,0.12121212121212122
31,CrossEntropyLoss,LAC,0.13,0.8484848484848485,1.0606060606060606,0.13636363636363635,1.6,2.0,3.8659673659673652,0.24242424242424243,0.06060606060606055
31,CrossEntropyLoss,LAC,0.15000000000000002,0.8181818181818182,1.0151515151515151,0.045454545454545456,1.6666666666666667,2.0,4.085858585858586,0.30303030303030304,0.015151515151515138
31,CrossEntropyLoss,LAC,0.18000000000000005,0.8181818181818182,0.9696969696969697,0.0,1.9166666666666667,3.0,3.3670033670033663,0.3484848484848485,0.0
31,CrossEntropyLoss,LAC,0.19999999999999996,0.7878787878787878,0.9242424242424242,0.0,2.142857142857143,3.0,3.3333333333333344,0.45454545454545453,0.0
32,CrossEntropyLoss,min-CPS,0.020000000000000018,1.0,3.4696969696969697,2.4696969696969697,,0.0,2.4696969696969697,0.0,0.0
32,CrossEntropyLoss,min-CPS,0.030000000000000027,1.0,2.4545454545454546,1.4545454545454546,,0.0,1.4545454545454546,0.0,0.0
32,CrossEntropyLoss,min-CPS,0.050000000000000044,1.0,2.4545454545454546,1.4545454545454546,,0.0,1.4545454545454546,0.0,0.0
32,CrossEntropyLoss,min-CPS,0.07999999999999996,0.9848484848484849,2.106060606060606,1.106060606060606,1.0,1.0,1.484848484848485,0.015151515151515152,0.0
32,CrossEntropyLoss,min-CPS,0.09999999999999998,0.9848484848484849,2.106060606060606,1.106060606060606,1.0,1.0,1.4090909090909092,0.015151515151515152,0.0
32,CrossEntropyLoss,min-CPS,0.13,0.9393939393939394,1.5606060606060606,0.5606060606060606,1.25,2.0,1.7261072261072261,0.07575757575757576,0.0
32,CrossEntropyLoss,min-CPS,0.15000000000000002,0.9242424242424242,1.3484848484848484,0.3484848484848485,1.8,3.0,2.1666666666666665,0.13636363636363635,0.0
32,CrossEntropyLoss,min-CPS,0.18000000000000005,0.8333333333333334,1.0,0.0,1.6363636363636365,3.0,3.03030303030303,0.2727272727272727,0.0
32,CrossEntropyLoss,min-CPS,0.19999999999999996,0.8333333333333334,1.0,0.0,1.6363636363636365,3.0,2.7272727272727275,0.2727272727272727,0.0
32,CrossEntropyLoss,RPS,0.020000000000000018,0.9848484848484849,3.4242424242424243,2.4242424242424243,1.0,1.0,3.9393939393939377,0.015151515151515152,0.0
32,CrossEntropyLoss,RPS,0.030000000000000027,0.9848484848484849,3.4242424242424243,2.4242424242424243,1.0,1.0,3.434343434343434,0.015151515151515152,0.0
32,CrossEntropyLoss,RPS,0.050000000000000044,0.9848484848484849,3.121212121212121,2.121212121212121,1.0,1.0,2.7272727272727266,0.015151515151515152,0.0
32,CrossEntropyLoss,RPS,0.07999999999999996,0.9848484848484849,3.0303030303030303,2.0303030303030303,1.0,1.0,2.409090909090909,0.015151515151515152,0.0
32,CrossEntropyLoss,RPS,0.09999999999999998,0.9393939393939394,1.621212121212121,0.6212121212121212,1.25,2.0,2.1363636363636362,0.07575757575757576,0.0
32,CrossEntropyLoss,RPS,0.13,0.9393939393939394,1.5909090909090908,0.5909090909090909,1.25,2.0,1.7564102564102564,0.07575757575757576,0.0
32,CrossEntropyLoss,RPS,0.15000000000000002,0.8939393939393939,1.196969696969697,0.19696969696969696,1.5714285714285714,3.0,2.419191919191919,0.16666666666666666,0.0
32,CrossEntropyLoss,RPS,0.18000000000000005,0.8787878787878788,1.0606060606060606,0.06060606060606061,1.625,3.0,2.2491582491582487,0.19696969696969696,0.0
32,CrossEntropyLoss,RPS,0.19999999999999996,0.8181818181818182,0.9696969696969697,0.0,1.8333333333333333,3.0,3.1818181818181825,0.3333333333333333,0.0
32,CrossEntropyLoss,OCDF,0.020000000000000018,1.0,3.696969696969697,2.696969696969697,,0.0,2.696969696969697,0.0,0.0
32,CrossEntropyLoss,OCDF,0.030000000000000027,1.0,3.696969696969697,2.696969696969697,,0.0,2.696969696969697,0.0,0.0
32,CrossEntropyLoss,OCDF,0.050000000000000044,1.0,3.287878787878788,2.287878787878788,,0.0,2.287878787878788,0.0,0.0
32,CrossEntropyLoss,OCDF,0.07999999999999996,1.0,3.1515151515151514,2.1515151515151514,,0.0,2.1515151515151514,0.0,0.0
32,CrossEntropyLoss,OCDF,0.09999999999999998,0.9848484848484849,3.0454545454545454,2.0454545454545454,1.0,1.0,2.3484848484848486,0.015151515151515152,0.0
32,CrossEntropyLoss,OCDF,0.13,0.9696969696969697,2.8636363636363638,1.8636363636363635,1.0,1.0,2.3298368298368297,0.030303030303030304,0.0
32,CrossEntropyLoss,OCDF,0.15000000000000002,0.9393939393939394,2.590909090909091,1.5909090909090908,1.5,2.0,2.803030303030303,0.09090909090909091,0.0
32,CrossEntropyLoss,OCDF,0.18000000000000005,0.8787878787878788,2.378787878787879,1.378787878787879,1.25,2.0,3.062289562289562,0.15151515151515152,0.0
32,CrossEntropyLoss,OCDF,0.19999999999999996,0.8333333333333334,1.0,0.0,1.6363636363636365,3.0,2.7272727272727275,0.2727272727272727,0.0
32,CrossEntropyLoss,APS,0.020000000000000018,1.0,3.515151515151515,2.6363636363636362,,0.0,2.6363636363636362,0.0,0.10606060606060608
32,CrossEntropyLoss,APS,0.030000000000000027,1.0,3.515151515151515,2.6363636363636362,,0.0,2.6363636363636362,0.0,0.10606060606060608
32,CrossEntropyLoss,APS,0.050000000000000044,0.9696969696969697,2.0454545454545454,1.4545454545454546,1.0,1.0,2.6666666666666656,0.030303030303030304,0.36363636363636365
32,CrossEntropyLoss,APS,0.07999999999999996,0.9696969696969697,1.9242424242424243,1.2878787878787878,1.0,1.0,2.045454545454546,0.030303030303030304,0.31818181818181823
32,CrossEntropyLoss,APS,0.09999999999999998,0.9696969696969697,1.9090909090909092,1.2878787878787878,1.0,1.0,1.893939393939394,0.030303030303030304,0.31818181818181823
32,CrossEntropyLoss,APS,0.13,0.9393939393939394,1.6363636363636365,0.8939393939393939,1.25,2.0,2.059440559440559,0.07575757575757576,0.2272727272727273
32,CrossEntropyLoss,APS,0.15000000000000002,0.9090909090909091,1.2575757575757576,0.42424242424242425,2.0,3.0,2.8484848484848486,0.18181818181818182,0.13636363636363635
32,CrossEntropyLoss,APS,0.18000000000000005,0.8787878787878788,1.2272727272727273,0.42424242424242425,2.25,3.0,2.7811447811447807,0.2727272727272727,0.13636363636363635
32,CrossEntropyLoss,APS,0.19999999999999996,0.8636363636363636,1.1818181818181819,0.3787878787878788,2.3333333333333335,3.0,2.8030303030303036,0.3181818181818182,0.12121212121212122
32,CrossEntropyLoss,LAC,0.020000000000000018,1.0,3.303030303030303,2.4242424242424243,,0.0,2.4242424242424243,0.0,0.12121212121212122
32,CrossEntropyLoss,LAC,0.030000000000000027,1.0,3.303030303030303,2.4242424242424243,,0.0,2.4242424242424243,0.0,0.12121212121212122
32,CrossEntropyLoss,LAC,0.050000000000000044,1.0,2.0606060606060606,1.393939393939394,,0.0,1.393939393939394,0.0,0.31818181818181823
32,CrossEntropyLoss,LAC,0.07999999999999996,1.0,1.9848484848484849,1.3484848484848484,,0.0,1.3484848484848484,0.0,0.31818181818181823
32,CrossEntropyLoss,LAC,0.09999999999999998,0.9848484848484849,1.7727272727272727,1.0606060606060606,1.0,1.0,1.3636363636363635,0.015151515151515152,0.25757575757575757
32,CrossEntropyLoss,LAC,0.13,0.9848484848484849,1.7272727272727273,1.0,1.0,1.0,1.2331002331002332,0.015151515151515152,0.24242424242424243
32,CrossEntropyLoss,LAC,0.15000000000000002,0.9242424242424242,1.2272727272727273,0.36363636363636365,1.8,3.0,2.1818181818181817,0.13636363636363635,0.12121212121212122
32,CrossEntropyLoss,LAC,0.18000000000000005,0.8787878787878788,1.0606060606060606,0.12121212121212122,1.625,3.0,2.3097643097643092,0.19696969696969696,0.045454545454545414
32,CrossEntropyLoss,LAC,0.19999999999999996,0.8181818181818182,0.9090909090909091,0.0,2.4166666666666665,3.0,3.1818181818181825,0.4393939393939394,0.0
33,CrossEntropyLoss,min-CPS,0.020000000000000018,0.9696969696969697,2.1818181818181817,1.1818181818181819,2.0,2.0,7.242424242424237,0.06060606060606061,0.0
33,CrossEntropyLoss,min-CPS,0.030000000000000027,0.9545454545454546,1.9393939393939394,0.9393939393939394,2.0,2.0,6.999999999999995,0.09090909090909091,0.0
33,CrossEntropyLoss,min-CPS,0.050000000000000044,0.9393939393939394,1.8484848484848484,0.8484848484848485,2.0,2.0,5.696969696969693,0.12121212121212122,0.0
33,CrossEntropyLoss,min-CPS,0.07999999999999996,0.9393939393939394,1.7878787878787878,0.7878787878787878,2.0,2.0,3.81818181818182,0.12121212121212122,0.0
33,CrossEntropyLoss,min-CPS,0.09999999999999998,0.9393939393939394,1.7727272727272727,0.7727272727272727,2.0,2.0,3.1969696969696972,0.12121212121212122,0.0
33,CrossEntropyLoss,min-CPS,0.13,0.8939393939393939,1.2727272727272727,0.2727272727272727,1.8571428571428572,2.0,3.303030303030303,0.19696969696969696,0.0
33,CrossEntropyLoss,min-CPS,0.15000000000000002,0.8939393939393939,1.121212121212121,0.12121212121212122,1.8571428571428572,2.0,2.7474747474747474,0.19696969696969696,0.0
33,CrossEntropyLoss,min-CPS,0.18000000000000005,0.8333333333333334,1.0,0.0,1.7272727272727273,2.0,3.198653198653198,0.2878787878787879,0.0
33,CrossEntropyLoss,min-CPS,0.19999999999999996,0.8333333333333334,1.0,0.0,1.7272727272727273,2.0,2.87878787878788,0.2878787878787879,0.0
33,CrossEntropyLoss,RPS,0.020000000000000018,1.0,3.696969696969697,2.696969696969697,,0.0,2.696969696969697,0.0,0.0
33,CrossEntropyLoss,RPS,0.030000000000000027,1.0,3.696969696969697,2.696969696969697,,0.0,2.696969696969697,0.0,0.0
33,CrossEntropyLoss,RPS,0.050000000000000044,0.9090909090909091,2.6666666666666665,1.6666666666666667,1.0,1.0,5.303030303030299,0.09090909090909091,0.0
33,CrossEntropyLoss,RPS,0.07999999999999996,0.9090909090909091,1.4848484848484849,0.48484848484848486,1.6666666666666667,2.0,4.272727272727274,0.15151515151515152,0.0
33,CrossEntropyLoss,RPS,0.09999999999999998,0.9090909090909091,1.4545454545454546,0.45454545454545453,1.6666666666666667,2.0,3.4848484848484853,0.15151515151515152,0.0
33,CrossEntropyLoss,RPS,0.13,0.9090909090909091,1.4090909090909092,0.4090909090909091,1.6666666666666667,2.0,2.74009324009324,0.15151515151515152,0.0
33,CrossEntropyLoss,RPS,0.15000000000000002,0.9090909090909091,1.303030303030303,0.30303030303030304,2.0,2.0,2.7272727272727266,0.18181818181818182,0.0
33,CrossEntropyLoss,RPS,0.18000000000000005,0.8636363636363636,1.0,0.015151515151515152,1.8888888888888888,3.0,2.54040404040404,0.25757575757575757,0.0
33,CrossEntropyLoss,RPS,0.19999999999999996,0.8181818181818182,0.9545454545454546,0.0,2.0,3.0,3.1818181818181825,0.36363636363636365,0.0
33,CrossEntropyLoss,OCDF,0.020000000000000018,0.9696969696969697,3.090909090909091,2.090909090909091,2.0,2.0,8.151515151515147,0.06060606060606061,0.0
33,CrossEntropyLoss,OCDF,0.030000000000000027,0.9696969696969697,3.090909090909091,2.090909090909091,2.0,2.0,6.131313131313129,0.06060606060606061,0.0
33,CrossEntropyLoss,OCDF,0.050000000000000044,0.9393939393939394,2.8181818181818183,1.8181818181818181,2.0,2.0,6.6666666666666625,0.12121212121212122,0.0
33,CrossEntropyLoss,OCDF,0.07999999999999996,0.9393939393939394,2.757575757575758,1.7575757575757576,2.0,2.0,4.78787878787879,0.12121212121212122,0.0
33,CrossEntropyLoss,OCDF,0.09999999999999998,0.9393939393939394,2.712121212121212,1.7121212121212122,2.0,2.0,4.136363636363638,0.12121212121212122,0.0
33,CrossEntropyLoss,OCDF,0.13,0.9393939393939394,2.5606060606060606,1.5606060606060606,2.0,2.0,3.4254079254079253,0.12121212121212122,0.0
33,CrossEntropyLoss,OCDF,0.15000000000000002,0.8787878787878788,2.393939393939394,1.393939393939394,1.625,2.0,4.02020202020202,0.19696969696969696,0.0
33,CrossEntropyLoss,OCDF,0.18000000000000005,0.8484848484848485,2.212121212121212,1.2121212121212122,1.5,2.0,3.737373737373737,0.22727272727272727,0.0
33,CrossEntropyLoss,OCDF,0.19999999999999996,0.8333333333333334,1.0,0.0,1.7272727272727273,2.0,2.87878787878788,0.2878787878787879,0.0
33,CrossEntropyLoss,APS,0.020000000000000018,0.9848484848484849,1.9848484848484849,1.2575757575757576,2.0,2.0,4.287878787878785,0.030303030303030304,0.25757575757575757
33,CrossEntropyLoss,APS,0.030000000000000027,0.9848484848484849,1.9848484848484849,1.2575757575757576,2.0,2.0,3.2777777777777763,0.030303030303030304,0.25757575757575757
33,CrossEntropyLoss,APS,0.050000000000000044,0.9696969696969697,1.893939393939394,1.196969696969697,2.0,2.0,3.6212121212121193,0.06060606060606061,0.2727272727272727
33,CrossEntropyLoss,APS,0.07999999999999996,0.9393939393939394,1.5757575757575757,0.8181818181818182,2.0,2.0,3.8484848484848504,0.12121212121212122,0.21212121212121215
33,CrossEntropyLoss,APS,0.09999999999999998,0.9393939393939394,1.5606060606060606,0.803030303030303,2.0,2.0,3.2272727272727275,0.12121212121212122,0.21212121212121215
33,CrossEntropyLoss,APS,0.13,0.8939393939393939,1.303030303030303,0.4393939393939394,2.142857142857143,3.0,3.2365967365967365,0.22727272727272727,0.10606060606060608
33,CrossEntropyLoss,APS,0.15000000000000002,0.8939393939393939,1.2575757575757576,0.3787878787878788,2.142857142857143,3.0,2.8030303030303028,0.22727272727272727,0.09090909090909094
33,CrossEntropyLoss,APS,0.18000000000000005,0.8333333333333334,1.1363636363636365,0.3333333333333333,2.5454545454545454,3.0,2.8585858585858586,0.42424242424242425,0.09090909090909094
33,CrossEntropyLoss,APS,0.19999999999999996,0.8181818181818182,1.106060606060606,0.2878787878787879,2.5833333333333335,3.0,2.863636363636364,0.4696969696969697,0.0757575757575758
33,CrossEntropyLoss,LAC,0.020000000000000018,0.9696969696969697,1.9090909090909092,1.1515151515151516,2.0,2.0,7.212121212121207,0.06060606060606061,0.2272727272727273
33,CrossEntropyLoss,LAC,0.030000000000000027,0.9696969696969697,1.9090909090909092,1.1515151515151516,2.0,2.0,5.1919191919191885,0.06060606060606061,0.2272727272727273
33,CrossEntropyLoss,LAC,0.050000000000000044,0.9545454545454546,1.6818181818181819,0.9090909090909091,2.0,2.0,4.545454545454542,0.09090909090909091,0.19696969696969702
33,CrossEntropyLoss,LAC,0.07999999999999996,0.9393939393939394,1.5454545454545454,0.7727272727272727,2.0,2.0,3.8030303030303045,0.12121212121212122,0.19696969696969702
33,CrossEntropyLoss,LAC,0.09999999999999998,0.9393939393939394,1.5454545454545454,0.7727272727272727,2.0,2.0,3.1969696969696972,0.12121212121212122,0.19696969696969702
33,CrossEntropyLoss,LAC,0.13,0.9090909090909091,1.2121212121212122,0.3333333333333333,2.0,2.0,3.1305361305361306,0.18181818181818182,0.10606060606060608
33,CrossEntropyLoss,LAC,0.15000000000000002,0.8939393939393939,1.121212121212121,0.19696969696969696,1.8571428571428572,2.0,2.823232323232323,0.19696969696969696,0.0757575757575758
33,CrossEntropyLoss,LAC,0.18000000000000005,0.8636363636363636,1.0454545454545454,0.07575757575757576,1.7777777777777777,2.0,2.7693602693602695,0.24242424242424243,0.030303030303030276
33,CrossEntropyLoss,LAC,0.19999999999999996,0.8181818181818182,0.9242424242424242,0.0,2.3333333333333335,3.0,3.4848484848484858,0.42424242424242425,0.0
34,CrossEntropyLoss,min-CPS,0.020000000000000018,1.0,3.3636363636363638,2.3636363636363638,,0.0,2.3636363636363638,0.0,0.0
34,CrossEntropyLoss,min-CPS,0.030000000000000027,0.9848484848484849,2.212121212121212,1.2121212121212122,2.0,2.0,3.232323232323231,0.030303030303030304,0.0
34,CrossEntropyLoss,min-CPS,0.050000000000000044,0.9848484848484849,2.1666666666666665,1.1666666666666667,2.0,2.0,2.378787878787878,0.030303030303030304,0.0
34,CrossEntropyLoss,min-CPS,0.07999999999999996,0.9090909090909091,1.8484848484848484,0.8484848484848485,1.1666666666666667,2.0,3.5000000000000018,0.10606060606060606,0.0
34,CrossEntropyLoss,min-CPS,0.09999999999999998,0.9090909090909091,1.8181818181818181,0.8181818181818182,1.1666666666666667,2.0,2.9393939393939394,0.10606060606060606,0.0
34,CrossEntropyLoss,min-CPS,0.13,0.8636363636363636,1.1818181818181819,0.18181818181818182,1.4444444444444444,3.0,3.212121212121211,0.19696969696969696,0.0
34,CrossEntropyLoss,min-CPS,0.15000000000000002,0.803030303030303,1.0,0.0,1.4615384615384615,3.0,3.8383838383838382,0.2878787878787879,0.0
34,CrossEntropyLoss,min-CPS,0.18000000000000005,0.803030303030303,1.0,0.0,1.4615384615384615,3.0,3.198653198653198,0.2878787878787879,0.0
34,CrossEntropyLoss,min-CPS,0.19999999999999996,0.803030303030303,1.0,0.0,1.4615384615384615,3.0,2.8787878787878793,0.2878787878787879,0.0
34,CrossEntropyLoss,RPS,0.020000000000000018,0.9848484848484849,3.4393939393939394,2.4393939393939394,1.0,1.0,3.954545454545453,0.015151515151515152,0.0
34,CrossEntropyLoss,RPS,0.030000000000000027,0.9848484848484849,3.4393939393939394,2.4393939393939394,1.0,1.0,3.449494949494949,0.015151515151515152,0.0
34,CrossEntropyLoss,RPS,0.050000000000000044,0.9696969696969697,3.0303030303030303,2.0303030303030303,1.0,1.0,3.2424242424242418,0.030303030303030304,0.0
34,CrossEntropyLoss,RPS,0.07999999999999996,0.9696969696969697,2.9545454545454546,1.9545454545454546,1.0,1.0,2.712121212121212,0.030303030303030304,0.0
34,CrossEntropyLoss,RPS,0.09999999999999998,0.9696969696969697,2.8636363636363638,1.8636363636363635,1.5,2.0,2.772727272727273,0.045454545454545456,0.0
34,CrossEntropyLoss,RPS,0.13,0.8939393939393939,1.3636363636363635,0.36363636363636365,1.4285714285714286,3.0,2.694638694638694,0.15151515151515152,0.0
34,CrossEntropyLoss,RPS,0.15000000000000002,0.8333333333333334,1.0,0.015151515151515152,1.5454545454545454,3.0,3.0454545454545454,0.25757575757575757,0.0
34,CrossEntropyLoss,RPS,0.18000000000000005,0.7575757575757576,0.8939393939393939,0.0,2.125,3.0,4.377104377104375,0.5151515151515151,0.0
34,CrossEntropyLoss,RPS,0.19999999999999996,0.7575757575757576,0.8636363636363636,0.0,2.3125,3.0,3.787878787878789,0.5606060606060606,0.0
34,CrossEntropyLoss,OCDF,0.020000000000000018,1.0,3.696969696969697,2.696969696969697,,0.0,2.696969696969697,0.0,0.0
34,CrossEntropyLoss,OCDF,0.030000000000000027,1.0,3.696969696969697,2.696969696969697,,0.0,2.696969696969697,0.0,0.0
34,CrossEntropyLoss,OCDF,0.050000000000000044,0.9848484848484849,3.0454545454545454,2.0454545454545454,2.0,2.0,3.257575757575757,0.030303030303030304,0.0
34,CrossEntropyLoss,OCDF,0.07999999999999996,0.9545454545454546,2.909090909090909,1.9090909090909092,1.3333333333333333,2.0,3.424242424242425,0.06060606060606061,0.0
34,CrossEntropyLoss,OCDF,0.09999999999999998,0.9090909090909091,2.590909090909091,1.5909090909090908,1.3333333333333333,2.0,4.015151515151516,0.12121212121212122,0.0
34,CrossEntropyLoss,OCDF,0.13,0.8181818181818182,2.1515151515151514,1.1515151515151516,1.25,2.0,4.648018648018647,0.22727272727272727,0.0
34,CrossEntropyLoss,OCDF,0.15000000000000002,0.803030303030303,1.9545454545454546,0.9545454545454546,1.3076923076923077,2.0,4.388888888888889,0.25757575757575757,0.0
34,CrossEntropyLoss,OCDF,0.18000000000000005,0.803030303030303,1.0,0.0,1.4615384615384615,3.0,3.198653198653198,0.2878787878787879,0.0
34,CrossEntropyLoss,OCDF,0.19999999999999996,0.803030303030303,1.0,0.0,1.4615384615384615,3.0,2.8787878787878793,0.2878787878787879,0.0
34,CrossEntropyLoss,APS,0.020000000000000018,1.0,3.1818181818181817,2.3636363636363638,,0.0,2.3636363636363638,0.0,0.16666666666666663
34,CrossEntropyLoss,APS,0.030000000000000027,1.0,3.1818181818181817,2.3636363636363638,,0.0,2.3636363636363638,0.0,0.16666666666666663
34,CrossEntropyLoss,APS,0.050000000000000044,0.9696969696969697,1.9696969696969697,1.2272727272727273,1.0,1.0,1.8333333333333328,0.030303030303030304,0.2272727272727273
34,CrossEntropyLoss,APS,0.07999999999999996,0.9242424242424242,1.696969696969697,0.8787878787878788,1.2,2.0,3.1515151515151523,0.09090909090909091,0.16666666666666663
34,CrossEntropyLoss,APS,0.09999999999999998,0.9090909090909091,1.5909090909090908,0.7424242424242424,1.1666666666666667,2.0,2.8636363636363638,0.10606060606060606,0.13636363636363635
34,CrossEntropyLoss,APS,0.13,0.8484848484848485,1.2575757575757576,0.42424242424242425,2.0,3.0,3.4545454545454537,0.30303030303030304,0.09090909090909094
34,CrossEntropyLoss,APS,0.15000000000000002,0.8484848484848485,1.2424242424242424,0.3787878787878788,2.0,3.0,3.0050505050505047,0.30303030303030304,0.0757575757575758
34,CrossEntropyLoss,APS,0.18000000000000005,0.8484848484848485,1.2272727272727273,0.3484848484848485,2.0,3.0,2.5370370370370363,0.30303030303030304,0.06060606060606055
34,CrossEntropyLoss,APS,0.19999999999999996,0.8333333333333334,1.1515151515151516,0.30303030303030304,2.090909090909091,3.0,2.575757575757576,0.3484848484848485,0.0757575757575758
34,CrossEntropyLoss,LAC,0.020000000000000018,1.0,3.212121212121212,2.3333333333333335,,0.0,2.3333333333333335,0.0,0.12121212121212122
34,CrossEntropyLoss,LAC,0.030000000000000027,1.0,3.212121212121212,2.3333333333333335,,0.0,2.3333333333333335,0.0,0.12121212121212122
34,CrossEntropyLoss,LAC,0.050000000000000044,0.9848484848484849,1.9848484848484849,1.1666666666666667,2.0,2.0,2.378787878787878,0.030303030303030304,0.16666666666666663
34,CrossEntropyLoss,LAC,0.07999999999999996,0.9242424242424242,1.7272727272727273,0.8939393939393939,1.2,2.0,3.1666666666666674,0.09090909090909091,0.1515151515151515
34,CrossEntropyLoss,LAC,0.09999999999999998,0.9090909090909091,1.621212121212121,0.7878787878787878,1.1666666666666667,2.0,2.909090909090909,0.10606060606060606,0.1515151515151515
34,CrossEntropyLoss,LAC,0.13,0.8636363636363636,1.0909090909090908,0.16666666666666666,1.4444444444444444,3.0,3.196969696969696,0.19696969696969696,0.06060606060606055
34,CrossEntropyLoss,LAC,0.15000000000000002,0.8333333333333334,1.0606060606060606,0.12121212121212122,1.4545454545454546,3.0,3.3535353535353534,0.24242424242424243,0.045454545454545414
34,CrossEntropyLoss,LAC,0.18000000000000005,0.7575757575757576,0.8787878787878788,0.0,2.25,3.0,4.545454545454545,0.5454545454545454,0.0
34,CrossEntropyLoss,LAC,0.19999999999999996,0.696969696969697,0.7878787878787878,0.0,2.55,3.0,4.545454545454547,0.7727272727272727,0.0
35,CrossEntropyLoss,min-CPS,0.020000000000000018,0.9848484848484849,2.272727272727273,1.2727272727272727,2.0,2.0,4.3030303030303,0.030303030303030304,0.0
35,CrossEntropyLoss,min-CPS,0.030000000000000027,0.9696969696969697,2.1515151515151514,1.1515151515151516,2.0,2.0,5.1919191919191885,0.06060606060606061,0.0
35,CrossEntropyLoss,min-CPS,0.050000000000000044,0.9696969696969697,2.015151515151515,1.0151515151515151,2.0,2.0,3.4393939393939372,0.06060606060606061,0.0
35,CrossEntropyLoss,min-CPS,0.07999999999999996,0.9242424242424242,1.8333333333333333,0.8333333333333334,1.6,2.0,3.863636363636365,0.12121212121212122,0.0
35,CrossEntropyLoss,min-CPS,0.09999999999999998,0.9242424242424242,1.8333333333333333,0.8333333333333334,1.6,2.0,3.257575757575758,0.12121212121212122,0.0
35,CrossEntropyLoss,min-CPS,0.13,0.9090909090909091,1.3484848484848484,0.3484848484848485,1.6666666666666667,2.0,2.6794871794871793,0.15151515151515152,0.0
35,CrossEntropyLoss,min-CPS,0.15000000000000002,0.8787878787878788,1.121212121212121,0.12121212121212122,1.625,2.0,2.747474747474747,0.19696969696969696,0.0
35,CrossEntropyLoss,min-CPS,0.18000000000000005,0.8333333333333334,1.0,0.0,1.6363636363636365,2.0,3.03030303030303,0.2727272727272727,0.0
35,CrossEntropyLoss,min-CPS,0.19999999999999996,0.8333333333333334,1.0,0.0,1.6363636363636365,2.0,2.727272727272728,0.2727272727272727,0.0
35,CrossEntropyLoss,RPS,0.020000000000000018,1.0,3.6666666666666665,2.6666666666666665,,0.0,2.6666666666666665,0.0,0.0
35,CrossEntropyLoss,RPS,0.030000000000000027,1.0,3.6666666666666665,2.6666666666666665,,0.0,2.6666666666666665,0.0,0.0
35,CrossEntropyLoss,RPS,0.050000000000000044,0.9696969696969697,3.0454545454545454,2.0454545454545454,1.0,1.0,3.257575757575757,0.030303030303030304,0.0
35,CrossEntropyLoss,RPS,0.07999999999999996,0.9393939393939394,2.6818181818181817,1.6818181818181819,1.0,1.0,3.1969696969696977,0.06060606060606061,0.0
35,CrossEntropyLoss,RPS,0.09999999999999998,0.9090909090909091,1.5151515151515151,0.5151515151515151,1.5,2.0,3.2424242424242427,0.13636363636363635,0.0
35,CrossEntropyLoss,RPS,0.13,0.9090909090909091,1.5,0.5,1.5,2.0,2.597902097902098,0.13636363636363635,0.0
35,CrossEntropyLoss,RPS,0.15000000000000002,0.8787878787878788,1.1666666666666667,0.16666666666666666,1.5,2.0,2.5909090909090904,0.18181818181818182,0.0
35,CrossEntropyLoss,RPS,0.18000000000000005,0.803030303030303,0.9393939393939394,0.0,2.0,3.0,3.872053872053871,0.3939393939393939,0.0
35,CrossEntropyLoss,RPS,0.19999999999999996,0.7727272727272727,0.8787878787878788,0.0,2.3333333333333335,3.0,3.636363636363637,0.5303030303030303,0.0
35,CrossEntropyLoss,OCDF,0.020000000000000018,0.9848484848484849,3.121212121212121,2.121212121212121,2.0,2.0,5.151515151515149,0.030303030303030304,0.0
35,CrossEntropyLoss,OCDF,0.030000000000000027,0.9848484848484849,3.121212121212121,2.121212121212121,2.0,2.0,4.14141414141414,0.030303030303030304,0.0
35,CrossEntropyLoss,OCDF,0.050000000000000044,0.9545454545454546,2.8636363636363638,1.8636363636363635,2.0,2.0,5.499999999999997,0.09090909090909091,0.0
35,CrossEntropyLoss,OCDF,0.07999999999999996,0.9545454545454546,2.8636363636363638,1.8636363636363635,2.0,2.0,4.1363636363636385,0.09090909090909091,0.0
35,CrossEntropyLoss,OCDF,0.09999999999999998,0.9242424242424242,2.606060606060606,1.606060606060606,1.6,2.0,4.03030303030303,0.12121212121212122,0.0
35,CrossEntropyLoss,OCDF,0.13,0.8636363636363636,2.3484848484848486,1.3484848484848484,1.5555555555555556,2.0,4.611888111888112,0.21212121212121213,0.0
35,CrossEntropyLoss,OCDF,0.15000000000000002,0.8636363636363636,2.257575757575758,1.2575757575757576,1.5555555555555556,2.0,4.0858585858585865,0.21212121212121213,0.0
35,CrossEntropyLoss,OCDF,0.18000000000000005,0.8484848484848485,2.1666666666666665,1.1666666666666667,1.5,2.0,3.691919191919191,0.22727272727272727,0.0
35,CrossEntropyLoss,OCDF,0.19999999999999996,0.8333333333333334,1.0,0.0,1.6363636363636365,2.0,2.727272727272728,0.2727272727272727,0.0
35,CrossEntropyLoss,APS,0.020000000000000018,0.9696969696969697,2.106060606060606,1.393939393939394,2.0,2.0,7.45454545454545,0.06060606060606061,0.2727272727272727
35,CrossEntropyLoss,APS,0.030000000000000027,0.9696969696969697,2.106060606060606,1.393939393939394,2.0,2.0,5.434343434343432,0.06060606060606061,0.2727272727272727
35,CrossEntropyLoss,APS,0.050000000000000044,0.9242424242424242,1.621212121212121,0.8787878787878788,1.6,2.0,5.1212121212121176,0.12121212121212122,0.21212121212121215
35,CrossEntropyLoss,APS,0.07999999999999996,0.9242424242424242,1.606060606060606,0.8484848484848485,1.6,2.0,3.5000000000000013,0.12121212121212122,0.19696969696969702
35,CrossEntropyLoss,APS,0.09999999999999998,0.9090909090909091,1.5454545454545454,0.7272727272727273,1.6666666666666667,2.0,3.757575757575758,0.15151515151515152,0.1515151515151515
35,CrossEntropyLoss,APS,0.13,0.9090909090909091,1.3636363636363635,0.5303030303030303,1.6666666666666667,2.0,2.8613053613053614,0.15151515151515152,0.13636363636363635
35,CrossEntropyLoss,APS,0.15000000000000002,0.8787878787878788,1.2727272727272727,0.45454545454545453,2.0,3.0,2.8787878787878785,0.24242424242424243,0.13636363636363635
35,CrossEntropyLoss,APS,0.18000000000000005,0.8787878787878788,1.2424242424242424,0.4090909090909091,2.0,3.0,2.429292929292929,0.24242424242424243,0.12121212121212122
35,CrossEntropyLoss,APS,0.19999999999999996,0.8484848484848485,1.196969696969697,0.3939393939393939,2.2,3.0,2.5151515151515156,0.3333333333333333,0.12121212121212122
35,CrossEntropyLoss,LAC,0.020000000000000018,0.9848484848484849,1.878787878787879,1.1666666666666667,2.0,2.0,4.196969696969695,0.030303030303030304,0.25757575757575757
35,CrossEntropyLoss,LAC,0.030000000000000027,0.9848484848484849,1.878787878787879,1.1666666666666667,2.0,2.0,3.186868686868685,0.030303030303030304,0.25757575757575757
35,CrossEntropyLoss,LAC,0.050000000000000044,0.9545454545454546,1.7272727272727273,0.9696969696969697,1.6666666666666667,2.0,3.9999999999999973,0.07575757575757576,0.21212121212121215
35,CrossEntropyLoss,LAC,0.07999999999999996,0.9242424242424242,1.6363636363636365,0.8484848484848485,1.6,2.0,3.8787878787878807,0.12121212121212122,0.18181818181818177
35,CrossEntropyLoss,LAC,0.09999999999999998,0.9242424242424242,1.6363636363636365,0.8484848484848485,1.6,2.0,3.272727272727273,0.12121212121212122,0.18181818181818177
35,CrossEntropyLoss,LAC,0.13,0.8939393939393939,1.1818181818181819,0.3181818181818182,1.5714285714285714,2.0,2.882284382284382,0.16666666666666666,0.12121212121212122
35,CrossEntropyLoss,LAC,0.15000000000000002,0.8939393939393939,1.1515151515151516,0.2727272727272727,1.5714285714285714,2.0,2.494949494949495,0.16666666666666666,0.10606060606060608
35,CrossEntropyLoss,LAC,0.18000000000000005,0.8333333333333334,0.9848484848484849,0.0,1.7272727272727273,3.0,3.03030303030303,0.2878787878787879,0.0
35,CrossEntropyLoss,LAC,0.19999999999999996,0.7878787878787878,0.8787878787878788,0.0,2.4285714285714284,3.0,3.787878787878789,0.5151515151515151,0.0
36,CrossEntropyLoss,min-CPS,0.020000000000000018,0.9545454545454546,1.9848484848484849,0.9848484848484849,2.0,2.0,10.075757575757569,0.09090909090909091,0.0
36,CrossEntropyLoss,min-CPS,0.030000000000000027,0.9090909090909091,1.7575757575757576,0.7575757575757576,1.6666666666666667,2.0,10.85858585858585,0.15151515151515152,0.0
36,CrossEntropyLoss,min-CPS,0.050000000000000044,0.9090909090909091,1.696969696969697,0.696969696969697,1.6666666666666667,2.0,6.7575757575757525,0.15151515151515152,0.0
36,CrossEntropyLoss,min-CPS,0.07999999999999996,0.9090909090909091,1.6666666666666667,0.6666666666666666,1.6666666666666667,2.0,4.454545454545456,0.15151515151515152,0.0
36,CrossEntropyLoss,min-CPS,0.09999999999999998,0.9090909090909091,1.4393939393939394,0.4393939393939394,1.6666666666666667,2.0,3.4696969696969706,0.15151515151515152,0.0
36,CrossEntropyLoss,min-CPS,0.13,0.8939393939393939,1.1666666666666667,0.16666666666666666,2.0,3.0,3.4300699300699296,0.21212121212121213,0.0
36,CrossEntropyLoss,min-CPS,0.15000000000000002,0.8636363636363636,1.0151515151515151,0.015151515151515152,1.8888888888888888,3.0,3.449494949494949,0.25757575757575757,0.0
36,CrossEntropyLoss,min-CPS,0.18000000000000005,0.8484848484848485,1.0,0.0,1.8,3.0,3.0303030303030294,0.2727272727272727,0.0
36,CrossEntropyLoss,min-CPS,0.19999999999999996,0.8484848484848485,1.0,0.0,1.8,3.0,2.727272727272728,0.2727272727272727,0.0
36,CrossEntropyLoss,RPS,0.020000000000000018,0.9393939393939394,2.9242424242424243,1.9242424242424243,1.0,1.0,7.98484848484848,0.06060606060606061,0.0
36,CrossEntropyLoss,RPS,0.030000000000000027,0.9393939393939394,2.9242424242424243,1.9242424242424243,1.0,1.0,5.964646464646462,0.06060606060606061,0.0
36,CrossEntropyLoss,RPS,0.050000000000000044,0.9090909090909091,2.5757575757575757,1.5757575757575757,1.1666666666666667,2.0,5.818181818181815,0.10606060606060606,0.0
36,CrossEntropyLoss,RPS,0.07999999999999996,0.8939393939393939,1.378787878787879,0.3787878787878788,1.7142857142857142,2.0,4.9242424242424265,0.18181818181818182,0.0
36,CrossEntropyLoss,RPS,0.09999999999999998,0.8939393939393939,1.3484848484848484,0.3484848484848485,1.7142857142857142,2.0,3.9848484848484858,0.18181818181818182,0.0
36,CrossEntropyLoss,RPS,0.13,0.8787878787878788,1.106060606060606,0.10606060606060606,1.875,3.0,3.602564102564102,0.22727272727272727,0.0
36,CrossEntropyLoss,RPS,0.15000000000000002,0.8787878787878788,1.0909090909090908,0.09090909090909091,1.875,3.0,3.121212121212121,0.22727272727272727,0.0
36,CrossEntropyLoss,RPS,0.18000000000000005,0.8484848484848485,1.0,0.0,1.8,3.0,3.0303030303030294,0.2727272727272727,0.0
36,CrossEntropyLoss,RPS,0.19999999999999996,0.8484848484848485,1.0,0.0,1.8,3.0,2.727272727272728,0.2727272727272727,0.0
36,CrossEntropyLoss,OCDF,0.020000000000000018,0.9545454545454546,2.9393939393939394,1.9393939393939394,2.0,2.0,11.030303030303024,0.09090909090909091,0.0
36,CrossEntropyLoss,OCDF,0.030000000000000027,0.9545454545454546,2.9393939393939394,1.9393939393939394,2.0,2.0,7.999999999999995,0.09090909090909091,0.0
36,CrossEntropyLoss,OCDF,0.050000000000000044,0.9393939393939394,2.757575757575758,1.7575757575757576,2.0,2.0,6.606060606060602,0.12121212121212122,0.0
36,CrossEntropyLoss,OCDF,0.07999999999999996,0.9242424242424242,2.6515151515151514,1.6515151515151516,1.8,2.0,5.060606060606062,0.13636363636363635,0.0
36,CrossEntropyLoss,OCDF,0.09999999999999998,0.9242424242424242,2.515151515151515,1.5151515151515151,1.8,2.0,4.242424242424242,0.13636363636363635,0.0
36,CrossEntropyLoss,OCDF,0.13,0.9090909090909091,2.4696969696969697,1.4696969696969697,1.8333333333333333,2.0,4.033799533799534,0.16666666666666666,0.0
36,CrossEntropyLoss,OCDF,0.15000000000000002,0.9090909090909091,2.4242424242424243,1.4242424242424243,1.8333333333333333,2.0,3.6464646464646457,0.16666666666666666,0.0
36,CrossEntropyLoss,OCDF,0.18000000000000005,0.8787878787878788,2.287878787878788,1.2878787878787878,1.625,2.0,3.4764309764309758,0.19696969696969696,0.0
36,CrossEntropyLoss,OCDF,0.19999999999999996,0.8484848484848485,1.0,0.0,1.8,3.0,2.727272727272728,0.2727272727272727,0.0
36,CrossEntropyLoss,APS,0.020000000000000018,0.9393939393939394,1.5757575757575757,0.7878787878787878,1.75,2.0,9.878787878787872,0.10606060606060606,0.18181818181818177
36,CrossEntropyLoss,APS,0.030000000000000027,0.9393939393939394,1.5757575757575757,0.7878787878787878,1.75,2.0,6.848484848484843,0.10606060606060606,0.18181818181818177
36,CrossEntropyLoss,APS,0.050000000000000044,0.9242424242424242,1.5303030303030303,0.7272727272727273,1.8,2.0,5.575757575757572,0.13636363636363635,0.16666666666666663
36,CrossEntropyLoss,APS,0.07999999999999996,0.9090909090909091,1.378787878787879,0.5606060606060606,1.6666666666666667,2.0,4.34848484848485,0.15151515151515152,0.16666666666666663
36,CrossEntropyLoss,APS,0.09999999999999998,0.9090909090909091,1.378787878787879,0.5606060606060606,1.6666666666666667,2.0,3.5909090909090917,0.15151515151515152,0.16666666666666663
36,CrossEntropyLoss,APS,0.13,0.8787878787878788,1.1515151515151516,0.30303030303030304,2.0,3.0,3.5664335664335662,0.24242424242424243,0.10606060606060608
36,CrossEntropyLoss,APS,0.15000000000000002,0.8636363636363636,1.121212121212121,0.2727272727272727,2.3333333333333335,3.0,3.5050505050505047,0.3181818181818182,0.09090909090909094
36,CrossEntropyLoss,APS,0.18000000000000005,0.8181818181818182,1.0454545454545454,0.19696969696969696,2.4166666666666665,3.0,3.732323232323232,0.4393939393939394,0.06060606060606055
36,CrossEntropyLoss,APS,0.19999999999999996,0.7878787878787878,1.0,0.18181818181818182,2.5,3.0,3.6666666666666674,0.5303030303030303,0.06060606060606055
36,CrossEntropyLoss,LAC,0.020000000000000018,0.9545454545454546,1.7575757575757576,0.9545454545454546,2.0,2.0,10.045454545454538,0.09090909090909091,0.19696969696969702
36,CrossEntropyLoss,LAC,0.030000000000000027,0.9545454545454546,1.7575757575757576,0.9545454545454546,2.0,2.0,7.01515151515151,0.09090909090909091,0.19696969696969702
36,CrossEntropyLoss,LAC,0.050000000000000044,0.9090909090909091,1.5303030303030303,0.696969696969697,1.6666666666666667,2.0,6.7575757575757525,0.15151515151515152,0.16666666666666663
36,CrossEntropyLoss,LAC,0.07999999999999996,0.9090909090909091,1.5303030303030303,0.696969696969697,1.6666666666666667,2.0,4.484848484848486,0.15151515151515152,0.16666666666666663
36,CrossEntropyLoss,LAC,0.09999999999999998,0.9090909090909091,1.4090909090909092,0.5757575757575758,1.6666666666666667,2.0,3.606060606060607,0.15151515151515152,0.1515151515151515
36,CrossEntropyLoss,LAC,0.13,0.8939393939393939,1.106060606060606,0.16666666666666666,2.0,3.0,3.4300699300699296,0.21212121212121213,0.045454545454545414
36,CrossEntropyLoss,LAC,0.15000000000000002,0.8939393939393939,1.0757575757575757,0.13636363636363635,2.0,3.0,2.964646464646464,0.21212121212121213,0.045454545454545414
36,CrossEntropyLoss,LAC,0.18000000000000005,0.8484848484848485,1.0,0.0,1.8,3.0,3.0303030303030294,0.2727272727272727,0.0
36,CrossEntropyLoss,LAC,0.19999999999999996,0.8484848484848485,0.9848484848484849,0.0,2.0,3.0,3.030303030303031,0.30303030303030304,0.0
37,CrossEntropyLoss,min-CPS,0.020000000000000018,1.0,3.393939393939394,2.393939393939394,,0.0,2.393939393939394,0.0,0.0
37,CrossEntropyLoss,min-CPS,0.030000000000000027,0.9848484848484849,2.3484848484848486,1.3484848484848484,2.0,2.0,3.368686868686867,0.030303030303030304,0.0
37,CrossEntropyLoss,min-CPS,0.050000000000000044,0.9848484848484849,2.287878787878788,1.2878787878787878,2.0,2.0,2.499999999999999,0.030303030303030304,0.0
37,CrossEntropyLoss,min-CPS,0.07999999999999996,0.9545454545454546,2.0454545454545454,1.0454545454545454,1.6666666666666667,2.0,2.9393939393939403,0.07575757575757576,0.0
37,CrossEntropyLoss,min-CPS,0.09999999999999998,0.9545454545454546,1.9393939393939394,0.9393939393939394,1.6666666666666667,2.0,2.454545454545455,0.07575757575757576,0.0
37,CrossEntropyLoss,min-CPS,0.13,0.9242424242424242,1.5757575757575757,0.5757575757575758,2.0,3.0,2.9067599067599064,0.15151515151515152,0.0
37,CrossEntropyLoss,min-CPS,0.15000000000000002,0.8939393939393939,1.1666666666666667,0.16666666666666666,1.8571428571428572,3.0,2.792929292929293,0.19696969696969696,0.0
37,CrossEntropyLoss,min-CPS,0.18000000000000005,0.8333333333333334,1.0,0.0,1.6363636363636365,3.0,3.03030303030303,0.2727272727272727,0.0
37,CrossEntropyLoss,min-CPS,0.19999999999999996,0.8333333333333334,1.0,0.0,1.6363636363636365,3.0,2.727272727272728,0.2727272727272727,0.0
37,CrossEntropyLoss,RPS,0.020000000000000018,0.9848484848484849,3.4393939393939394,2.4393939393939394,1.0,1.0,3.954545454545453,0.015151515151515152,0.0
37,CrossEntropyLoss,RPS,0.030000000000000027,0.9848484848484849,3.4393939393939394,2.4393939393939394,1.0,1.0,3.449494949494949,0.015151515151515152,0.0
37,CrossEntropyLoss,RPS,0.050000000000000044,0.9696969696969697,3.106060606060606,2.106060606060606,1.0,1.0,3.3181818181818175,0.030303030303030304,0.0
37,CrossEntropyLoss,RPS,0.07999999999999996,0.9242424242424242,1.5606060606060606,0.5606060606060606,1.6,2.0,3.5909090909090926,0.12121212121212122,0.0
37,CrossEntropyLoss,RPS,0.09999999999999998,0.9242424242424242,1.5606060606060606,0.5606060606060606,1.6,2.0,2.9848484848484853,0.12121212121212122,0.0
37,CrossEntropyLoss,RPS,0.13,0.9090909090909091,1.4848484848484849,0.48484848484848486,1.5,2.0,2.582750582750583,0.13636363636363635,0.0
37,CrossEntropyLoss,RPS,0.15000000000000002,0.9090909090909091,1.3181818181818181,0.3181818181818182,1.8333333333333333,3.0,2.54040404040404,0.16666666666666666,0.0
37,CrossEntropyLoss,RPS,0.18000000000000005,0.8333333333333334,0.9848484848484849,0.015151515151515152,1.9090909090909092,3.0,3.213804713804713,0.3181818181818182,0.0
37,CrossEntropyLoss,RPS,0.19999999999999996,0.7575757575757576,0.8333333333333334,0.0,2.6875,3.0,3.9393939393939403,0.6515151515151515,0.0
37,CrossEntropyLoss,OCDF,0.020000000000000018,1.0,3.6818181818181817,2.6818181818181817,,0.0,2.6818181818181817,0.0,0.0
37,CrossEntropyLoss,OCDF,0.030000000000000027,1.0,3.6818181818181817,2.6818181818181817,,0.0,2.6818181818181817,0.0,0.0
37,CrossEntropyLoss,OCDF,0.050000000000000044,0.9848484848484849,3.1363636363636362,2.1363636363636362,2.0,2.0,3.3484848484848477,0.030303030303030304,0.0
37,CrossEntropyLoss,OCDF,0.07999999999999996,0.9545454545454546,2.9242424242424243,1.9242424242424243,1.6666666666666667,2.0,3.8181818181818192,0.07575757575757576,0.0
37,CrossEntropyLoss,OCDF,0.09999999999999998,0.9545454545454546,2.893939393939394,1.893939393939394,1.6666666666666667,2.0,3.409090909090909,0.07575757575757576,0.0
37,CrossEntropyLoss,OCDF,0.13,0.9393939393939394,2.6515151515151514,1.6515151515151516,1.75,2.0,3.283216783216783,0.10606060606060606,0.0
37,CrossEntropyLoss,OCDF,0.15000000000000002,0.9090909090909091,2.4696969696969697,1.4696969696969697,1.6666666666666667,2.0,3.4898989898989896,0.15151515151515152,0.0
37,CrossEntropyLoss,OCDF,0.18000000000000005,0.8636363636363636,2.227272727272727,1.2272727272727273,1.4444444444444444,2.0,3.415824915824915,0.19696969696969696,0.0
37,CrossEntropyLoss,OCDF,0.19999999999999996,0.8333333333333334,1.0,0.0,1.6363636363636365,3.0,2.727272727272728,0.2727272727272727,0.0
37,CrossEntropyLoss,APS,0.020000000000000018,1.0,3.393939393939394,2.484848484848485,,0.0,2.484848484848485,0.0,0.09090909090909094
37,CrossEntropyLoss,APS,0.030000000000000027,1.0,3.393939393939394,2.484848484848485,,0.0,2.484848484848485,0.0,0.09090909090909094
37,CrossEntropyLoss,APS,0.050000000000000044,1.0,2.212121212121212,1.5606060606060606,,0.0,1.5606060606060606,0.0,0.303030303030303
37,CrossEntropyLoss,APS,0.07999999999999996,0.9848484848484849,1.7727272727272727,1.0606060606060606,2.0,2.0,1.8181818181818186,0.030303030303030304,0.25757575757575757
37,CrossEntropyLoss,APS,0.09999999999999998,0.9545454545454546,1.621212121212121,0.8636363636363636,1.6666666666666667,2.0,2.3787878787878793,0.07575757575757576,0.19696969696969702
37,CrossEntropyLoss,APS,0.13,0.9242424242424242,1.4545454545454546,0.6515151515151515,1.6,2.0,2.516317016317016,0.12121212121212122,0.16666666666666663
37,CrossEntropyLoss,APS,0.15000000000000002,0.8787878787878788,1.303030303030303,0.5,2.375,3.0,2.722222222222222,0.2878787878787879,0.13636363636363635
37,CrossEntropyLoss,APS,0.18000000000000005,0.8333333333333334,1.2121212121212122,0.4696969696969697,2.5454545454545454,3.0,3.668350168350168,0.42424242424242425,0.1515151515151515
37,CrossEntropyLoss,APS,0.19999999999999996,0.8333333333333334,1.1666666666666667,0.3939393939393939,2.5454545454545454,3.0,3.2727272727272734,0.42424242424242425,0.12121212121212122
37,CrossEntropyLoss,LAC,0.020000000000000018,1.0,3.287878787878788,2.393939393939394,,0.0,2.393939393939394,0.0,0.10606060606060608
37,CrossEntropyLoss,LAC,0.030000000000000027,1.0,3.287878787878788,2.393939393939394,,0.0,2.393939393939394,0.0,0.10606060606060608
37,CrossEntropyLoss,LAC,0.050000000000000044,0.9848484848484849,1.893939393939394,1.2575757575757576,2.0,2.0,2.469696969696969,0.030303030303030304,0.33333333333333337
37,CrossEntropyLoss,LAC,0.07999999999999996,0.9545454545454546,1.7272727272727273,1.0151515151515151,1.6666666666666667,2.0,2.90909090909091,0.07575757575757576,0.25757575757575757
37,CrossEntropyLoss,LAC,0.09999999999999998,0.9393939393939394,1.6666666666666667,0.9242424242424242,1.5,2.0,2.7424242424242427,0.09090909090909091,0.2272727272727273
37,CrossEntropyLoss,LAC,0.13,0.9242424242424242,1.3636363636363635,0.5454545454545454,2.0,3.0,2.876456876456876,0.15151515151515152,0.1515151515151515
37,CrossEntropyLoss,LAC,0.15000000000000002,0.9090909090909091,1.2272727272727273,0.36363636363636365,1.8333333333333333,3.0,2.5858585858585856,0.16666666666666666,0.12121212121212122
37,CrossEntropyLoss,LAC,0.18000000000000005,0.8484848484848485,1.0454545454545454,0.09090909090909091,1.7,3.0,2.9528619528619524,0.25757575757575757,0.030303030303030276
37,CrossEntropyLoss,LAC,0.19999999999999996,0.696969696969697,0.7727272727272727,0.0,2.75,3.0,4.696969696969699,0.8333333333333334,0.0
38,CrossEntropyLoss,min-CPS,0.020000000000000018,1.0,3.393939393939394,2.393939393939394,,0.0,2.393939393939394,0.0,0.0
38,CrossEntropyLoss,min-CPS,0.030000000000000027,0.9545454545454546,1.893939393939394,0.8939393939393939,2.0,2.0,6.95454545454545,0.09090909090909091,0.0
38,CrossEntropyLoss,min-CPS,0.050000000000000044,0.9545454545454546,1.8484848484848484,0.8484848484848485,2.0,2.0,4.484848484848482,0.09090909090909091,0.0
38,CrossEntropyLoss,min-CPS,0.07999999999999996,0.9393939393939394,1.7727272727272727,0.7727272727272727,1.75,2.0,3.4242424242424256,0.10606060606060606,0.0
38,CrossEntropyLoss,min-CPS,0.09999999999999998,0.8939393939393939,1.393939393939394,0.3939393939393939,1.5714285714285714,2.0,3.727272727272728,0.16666666666666666,0.0
38,CrossEntropyLoss,min-CPS,0.13,0.8787878787878788,1.1666666666666667,0.16666666666666666,1.5,2.0,2.9638694638694636,0.18181818181818182,0.0
38,CrossEntropyLoss,min-CPS,0.15000000000000002,0.8181818181818182,1.0,0.0,1.5,2.0,3.636363636363636,0.2727272727272727,0.0
38,CrossEntropyLoss,min-CPS,0.18000000000000005,0.8181818181818182,1.0,0.0,1.5,2.0,3.0303030303030294,0.2727272727272727,0.0
38,CrossEntropyLoss,min-CPS,0.19999999999999996,0.8181818181818182,1.0,0.0,1.5,2.0,2.727272727272728,0.2727272727272727,0.0
38,CrossEntropyLoss,RPS,0.020000000000000018,1.0,3.6363636363636362,2.6363636363636362,,0.0,2.6363636363636362,0.0,0.0
38,CrossEntropyLoss,RPS,0.030000000000000027,1.0,3.6363636363636362,2.6363636363636362,,0.0,2.6363636363636362,0.0,0.0
38,CrossEntropyLoss,RPS,0.050000000000000044,0.9545454545454546,2.909090909090909,1.9090909090909092,1.0,1.0,3.727272727272726,0.045454545454545456,0.0
38,CrossEntropyLoss,RPS,0.07999999999999996,0.9393939393939394,2.606060606060606,1.606060606060606,1.0,1.0,3.121212121212122,0.06060606060606061,0.0
38,CrossEntropyLoss,RPS,0.09999999999999998,0.9242424242424242,1.4848484848484849,0.48484848484848486,1.6,2.0,2.90909090909091,0.12121212121212122,0.0
38,CrossEntropyLoss,RPS,0.13,0.8787878787878788,1.1515151515151516,0.15151515151515152,1.5,2.0,2.9487179487179485,0.18181818181818182,0.0
38,CrossEntropyLoss,RPS,0.15000000000000002,0.8636363636363636,1.0909090909090908,0.09090909090909091,1.4444444444444444,2.0,2.7171717171717167,0.19696969696969696,0.0
38,CrossEntropyLoss,RPS,0.18000000000000005,0.8333333333333334,1.0,0.015151515151515152,1.6363636363636365,3.0,2.708754208754208,0.2727272727272727,0.0
38,CrossEntropyLoss,RPS,0.19999999999999996,0.803030303030303,0.9393939393939394,0.0,1.9230769230769231,3.0,2.7272727272727275,0.3787878787878788,0.0
38,CrossEntropyLoss,OCDF,0.020000000000000018,1.0,3.6818181818181817,2.6818181818181817,,0.0,2.6818181818181817,0.0,0.0
38,CrossEntropyLoss,OCDF,0.030000000000000027,1.0,3.6818181818181817,2.6818181818181817,,0.0,2.6818181818181817,0.0,0.0
38,CrossEntropyLoss,OCDF,0.050000000000000044,0.9545454545454546,2.8484848484848486,1.8484848484848484,2.0,2.0,5.484848484848482,0.09090909090909091,0.0
38,CrossEntropyLoss,OCDF,0.07999999999999996,0.9090909090909091,2.484848484848485,1.4848484848484849,1.5,2.0,4.893939393939395,0.13636363636363635,0.0
38,CrossEntropyLoss,OCDF,0.09999999999999998,0.8636363636363636,2.3333333333333335,1.3333333333333333,1.5555555555555556,2.0,5.575757575757576,0.21212121212121213,0.0
38,CrossEntropyLoss,OCDF,0.13,0.8333333333333334,2.242424242424242,1.2424242424242424,1.4545454545454546,2.0,4.972027972027972,0.24242424242424243,0.0
38,CrossEntropyLoss,OCDF,0.15000000000000002,0.8333333333333334,2.196969696969697,1.196969696969697,1.4545454545454546,2.0,4.429292929292929,0.24242424242424243,0.0
38,CrossEntropyLoss,OCDF,0.18000000000000005,0.8181818181818182,1.0,0.0,1.5,2.0,3.0303030303030294,0.2727272727272727,0.0
38,CrossEntropyLoss,OCDF,0.19999999999999996,0.8181818181818182,1.0,0.0,1.5,2.0,2.727272727272728,0.2727272727272727,0.0
38,CrossEntropyLoss,APS,0.020000000000000018,1.0,3.3484848484848486,2.515151515151515,,0.0,2.515151515151515,0.0,0.16666666666666663
38,CrossEntropyLoss,APS,0.030000000000000027,1.0,3.3484848484848486,2.515151515151515,,0.0,2.515151515151515,0.0,0.16666666666666663
38,CrossEntropyLoss,APS,0.050000000000000044,0.9848484848484849,1.9393939393939394,1.2424242424242424,1.0,1.0,1.848484848484848,0.015151515151515152,0.28787878787878785
38,CrossEntropyLoss,APS,0.07999999999999996,0.9090909090909091,1.5757575757575757,0.7575757575757576,1.5,2.0,4.166666666666669,0.13636363636363635,0.1515151515151515
38,CrossEntropyLoss,APS,0.09999999999999998,0.8939393939393939,1.3181818181818181,0.45454545454545453,1.5714285714285714,2.0,3.787878787878789,0.16666666666666666,0.10606060606060608
38,CrossEntropyLoss,APS,0.13,0.8787878787878788,1.1818181818181819,0.30303030303030304,1.75,3.0,3.3333333333333326,0.21212121212121213,0.09090909090909094
38,CrossEntropyLoss,APS,0.15000000000000002,0.8787878787878788,1.1818181818181819,0.30303030303030304,1.75,3.0,2.929292929292929,0.21212121212121213,0.09090909090909094
38,CrossEntropyLoss,APS,0.18000000000000005,0.8333333333333334,1.0909090909090908,0.24242424242424243,2.272727272727273,3.0,2.9360269360269355,0.3787878787878788,0.06060606060606055
38,CrossEntropyLoss,APS,0.19999999999999996,0.8333333333333334,1.0454545454545454,0.21212121212121213,2.4545454545454546,3.0,2.4848484848484853,0.4090909090909091,0.06060606060606055
38,CrossEntropyLoss,LAC,0.020000000000000018,1.0,3.212121212121212,2.378787878787879,,0.0,2.378787878787879,0.0,0.16666666666666663
38,CrossEntropyLoss,LAC,0.030000000000000027,1.0,3.212121212121212,2.378787878787879,,0.0,2.378787878787879,0.0,0.16666666666666663
38,CrossEntropyLoss,LAC,0.050000000000000044,0.9545454545454546,1.7121212121212122,0.8787878787878788,2.0,2.0,4.515151515151512,0.09090909090909091,0.1515151515151515
38,CrossEntropyLoss,LAC,0.07999999999999996,0.9090909090909091,1.5606060606060606,0.7272727272727273,1.5,2.0,4.1363636363636385,0.13636363636363635,0.1515151515151515
38,CrossEntropyLoss,LAC,0.09999999999999998,0.8939393939393939,1.2727272727272727,0.3939393939393939,1.5714285714285714,2.0,3.727272727272728,0.16666666666666666,0.10606060606060608
38,CrossEntropyLoss,LAC,0.13,0.8787878787878788,1.0909090909090908,0.15151515151515152,1.5,2.0,2.9487179487179485,0.18181818181818182,0.06060606060606055
38,CrossEntropyLoss,LAC,0.15000000000000002,0.8636363636363636,1.0606060606060606,0.10606060606060606,1.4444444444444444,2.0,2.732323232323232,0.19696969696969696,0.045454545454545414
38,CrossEntropyLoss,LAC,0.18000000000000005,0.803030303030303,0.9393939393939394,0.0,2.0,3.0,3.3670033670033663,0.3939393939393939,0.0
38,CrossEntropyLoss,LAC,0.19999999999999996,0.803030303030303,0.9242424242424242,0.0,2.076923076923077,3.0,2.7272727272727275,0.4090909090909091,0.0
39,CrossEntropyLoss,min-CPS,0.020000000000000018,0.9393939393939394,1.9393939393939394,0.9393939393939394,2.0,2.0,13.06060606060605,0.12121212121212122,0.0
39,CrossEntropyLoss,min-CPS,0.030000000000000027,0.9090909090909091,1.8484848484848484,0.8484848484848485,1.8333333333333333,2.0,11.959595959595951,0.16666666666666666,0.0
39,CrossEntropyLoss,min-CPS,0.050000000000000044,0.8636363636363636,1.4090909090909092,0.4090909090909091,1.6666666666666667,2.0,9.499999999999991,0.22727272727272727,0.0
39,CrossEntropyLoss,min-CPS,0.07999999999999996,0.8484848484848485,1.1818181818181819,0.18181818181818182,1.7,2.0,6.621212121212125,0.25757575757575757,0.0
39,CrossEntropyLoss,min-CPS,0.09999999999999998,0.8333333333333334,1.0757575757575757,0.07575757575757576,1.7272727272727273,2.0,5.833333333333334,0.2878787878787879,0.0
39,CrossEntropyLoss,min-CPS,0.13,0.8333333333333334,1.0303030303030303,0.030303030303030304,1.7272727272727273,2.0,4.45920745920746,0.2878787878787879,0.0
39,CrossEntropyLoss,min-CPS,0.15000000000000002,0.8333333333333334,1.0303030303030303,0.030303030303030304,1.7272727272727273,2.0,3.868686868686868,0.2878787878787879,0.0
39,CrossEntropyLoss,min-CPS,0.18000000000000005,0.8181818181818182,1.0,0.0,1.75,2.0,3.535353535353535,0.3181818181818182,0.0
39,CrossEntropyLoss,min-CPS,0.19999999999999996,0.8181818181818182,1.0,0.0,1.75,2.0,3.1818181818181825,0.3181818181818182,0.0
39,CrossEntropyLoss,RPS,0.020000000000000018,1.0,3.6515151515151514,2.6515151515151514,,0.0,2.6515151515151514,0.0,0.0
39,CrossEntropyLoss,RPS,0.030000000000000027,1.0,3.6515151515151514,2.6515151515151514,,0.0,2.6515151515151514,0.0,0.0
39,CrossEntropyLoss,RPS,0.050000000000000044,0.8636363636363636,1.4848484848484849,0.48484848484848486,1.5555555555555556,2.0,8.969696969696964,0.21212121212121213,0.0
39,CrossEntropyLoss,RPS,0.07999999999999996,0.8333333333333334,1.106060606060606,0.10606060606060606,1.6363636363636365,2.0,6.924242424242427,0.2727272727272727,0.0
39,CrossEntropyLoss,RPS,0.09999999999999998,0.8333333333333334,1.0909090909090908,0.09090909090909091,1.6363636363636365,2.0,5.545454545454547,0.2727272727272727,0.0
39,CrossEntropyLoss,RPS,0.13,0.8333333333333334,1.0,0.0,1.7272727272727273,2.0,4.4289044289044295,0.2878787878787879,0.0
39,CrossEntropyLoss,RPS,0.15000000000000002,0.8333333333333334,1.0,0.0,1.7272727272727273,2.0,3.838383838383838,0.2878787878787879,0.0
39,CrossEntropyLoss,RPS,0.18000000000000005,0.803030303030303,0.9696969696969697,0.0,1.9230769230769231,3.0,4.04040404040404,0.3787878787878788,0.0
39,CrossEntropyLoss,RPS,0.19999999999999996,0.803030303030303,0.9696969696969697,0.0,1.9230769230769231,3.0,3.636363636363637,0.3787878787878788,0.0
39,CrossEntropyLoss,OCDF,0.020000000000000018,0.9090909090909091,2.8484848484848486,1.8484848484848484,1.8333333333333333,2.0,18.5151515151515,0.16666666666666666,0.0
39,CrossEntropyLoss,OCDF,0.030000000000000027,0.9090909090909091,2.8484848484848486,1.8484848484848484,1.8333333333333333,2.0,12.959595959595951,0.16666666666666666,0.0
39,CrossEntropyLoss,OCDF,0.050000000000000044,0.8636363636363636,2.4242424242424243,1.4242424242424243,1.6666666666666667,2.0,10.515151515151507,0.22727272727272727,0.0
39,CrossEntropyLoss,OCDF,0.07999999999999996,0.8636363636363636,2.3636363636363638,1.3636363636363635,1.6666666666666667,2.0,7.0454545454545485,0.22727272727272727,0.0
39,CrossEntropyLoss,OCDF,0.09999999999999998,0.8484848484848485,2.3484848484848486,1.3484848484848484,1.6,2.0,6.196969696969698,0.24242424242424243,0.0
39,CrossEntropyLoss,OCDF,0.13,0.8484848484848485,2.3333333333333335,1.3333333333333333,1.6,2.0,5.0629370629370625,0.24242424242424243,0.0
39,CrossEntropyLoss,OCDF,0.15000000000000002,0.8484848484848485,2.303030303030303,1.303030303030303,1.6,2.0,4.535353535353536,0.24242424242424243,0.0
39,CrossEntropyLoss,OCDF,0.18000000000000005,0.8181818181818182,1.0,0.0,1.75,2.0,3.535353535353535,0.3181818181818182,0.0
39,CrossEntropyLoss,OCDF,0.19999999999999996,0.8181818181818182,1.0,0.0,1.75,2.0,3.1818181818181825,0.3181818181818182,0.0
39,CrossEntropyLoss,APS,0.020000000000000018,0.9393939393939394,1.606060606060606,0.8939393939393939,1.75,2.0,9.984848484848477,0.10606060606060606,0.24242424242424243
39,CrossEntropyLoss,APS,0.030000000000000027,0.9393939393939394,1.606060606060606,0.8939393939393939,1.75,2.0,6.95454545454545,0.10606060606060606,0.24242424242424243
39,CrossEntropyLoss,APS,0.050000000000000044,0.9090909090909091,1.5303030303030303,0.7575757575757576,1.8333333333333333,2.0,6.818181818181813,0.16666666666666666,0.18181818181818177
39,CrossEntropyLoss,APS,0.07999999999999996,0.8333333333333334,1.1515151515151516,0.24242424242424243,1.8181818181818181,3.0,7.439393939393943,0.30303030303030304,0.06060606060606055
39,CrossEntropyLoss,APS,0.09999999999999998,0.803030303030303,1.106060606060606,0.22727272727272727,2.0,3.0,7.196969696969699,0.3939393939393939,0.06060606060606055
39,CrossEntropyLoss,APS,0.13,0.7575757575757576,1.0,0.12121212121212122,2.1875,3.0,6.414918414918414,0.5303030303030303,0.030303030303030276
39,CrossEntropyLoss,APS,0.15000000000000002,0.7575757575757576,1.0,0.12121212121212122,2.1875,3.0,5.575757575757576,0.5303030303030303,0.030303030303030276
39,CrossEntropyLoss,APS,0.18000000000000005,0.7272727272727273,0.9393939393939394,0.06060606060606061,2.2222222222222223,3.0,5.447811447811446,0.6060606060606061,0.015151515151515138
39,CrossEntropyLoss,APS,0.19999999999999996,0.7121212121212122,0.9242424242424242,0.06060606060606061,2.263157894736842,3.0,5.212121212121214,0.6515151515151515,0.015151515151515138
39,CrossEntropyLoss,LAC,0.020000000000000018,0.9242424242424242,1.6818181818181819,0.9090909090909091,1.8,2.0,14.545454545454533,0.13636363636363635,0.19696969696969702
39,CrossEntropyLoss,LAC,0.030000000000000027,0.9242424242424242,1.6818181818181819,0.9090909090909091,1.8,2.0,9.999999999999993,0.13636363636363635,0.19696969696969702
39,CrossEntropyLoss,LAC,0.050000000000000044,0.9090909090909091,1.5606060606060606,0.7727272727272727,1.8333333333333333,2.0,7.439393939393932,0.16666666666666666,0.18181818181818177
39,CrossEntropyLoss,LAC,0.07999999999999996,0.8484848484848485,1.106060606060606,0.18181818181818182,1.7,2.0,6.621212121212125,0.25757575757575757,0.06060606060606055
39,CrossEntropyLoss,LAC,0.09999999999999998,0.8333333333333334,1.0303030303030303,0.07575757575757576,1.7272727272727273,2.0,5.833333333333334,0.2878787878787879,0.030303030303030276
39,CrossEntropyLoss,LAC,0.13,0.8333333333333334,1.0303030303030303,0.07575757575757576,1.7272727272727273,2.0,4.504662004662005,0.2878787878787879,0.030303030303030276
39,CrossEntropyLoss,LAC,0.15000000000000002,0.8333333333333334,1.0303030303030303,0.07575757575757576,1.7272727272727273,2.0,3.914141414141414,0.2878787878787879,0.030303030303030276
39,CrossEntropyLoss,LAC,0.18000000000000005,0.8181818181818182,0.9848484848484849,0.0,1.8333333333333333,3.0,3.535353535353535,0.3333333333333333,0.0
39,CrossEntropyLoss,LAC,0.19999999999999996,0.803030303030303,0.9696969696969697,0.0,1.9230769230769231,3.0,3.636363636363637,0.3787878787878788,0.0
40,CrossEntropyLoss,min-CPS,0.020000000000000018,0.9242424242424242,1.8636363636363635,0.8636363636363636,1.8,2.0,14.499999999999988,0.13636363636363635,0.0
40,CrossEntropyLoss,min-CPS,0.030000000000000027,0.9242424242424242,1.8333333333333333,0.8333333333333334,1.8,2.0,9.924242424242417,0.13636363636363635,0.0
40,CrossEntropyLoss,min-CPS,0.050000000000000044,0.9242424242424242,1.8333333333333333,0.8333333333333334,1.8,2.0,6.287878787878783,0.13636363636363635,0.0
40,CrossEntropyLoss,min-CPS,0.07999999999999996,0.8939393939393939,1.4696969696969697,0.4696969696969697,1.7142857142857142,2.0,5.015151515151517,0.18181818181818182,0.0
40,CrossEntropyLoss,min-CPS,0.09999999999999998,0.8939393939393939,1.4242424242424243,0.42424242424242425,2.0,3.0,4.666666666666668,0.21212121212121213,0.0
40,CrossEntropyLoss,min-CPS,0.13,0.8636363636363636,1.121212121212121,0.12121212121212122,1.8888888888888888,3.0,4.083916083916084,0.25757575757575757,0.0
40,CrossEntropyLoss,min-CPS,0.15000000000000002,0.803030303030303,1.0,0.0,1.6923076923076923,3.0,4.444444444444443,0.3333333333333333,0.0
40,CrossEntropyLoss,min-CPS,0.18000000000000005,0.803030303030303,1.0,0.0,1.6923076923076923,3.0,3.703703703703703,0.3333333333333333,0.0
40,CrossEntropyLoss,min-CPS,0.19999999999999996,0.803030303030303,1.0,0.0,1.6923076923076923,3.0,3.3333333333333344,0.3333333333333333,0.0
40,CrossEntropyLoss,RPS,0.020000000000000018,0.9242424242424242,2.893939393939394,1.893939393939394,1.0,1.0,9.469696969696964,0.07575757575757576,0.0
40,CrossEntropyLoss,RPS,0.030000000000000027,0.9242424242424242,2.893939393939394,1.893939393939394,1.0,1.0,6.94444444444444,0.07575757575757576,0.0
40,CrossEntropyLoss,RPS,0.050000000000000044,0.8939393939393939,1.4393939393939394,0.4393939393939394,1.7142857142857142,2.0,7.712121212121206,0.18181818181818182,0.0
40,CrossEntropyLoss,RPS,0.07999999999999996,0.8939393939393939,1.4242424242424243,0.42424242424242425,1.7142857142857142,2.0,4.9696969696969715,0.18181818181818182,0.0
40,CrossEntropyLoss,RPS,0.09999999999999998,0.8787878787878788,1.378787878787879,0.3787878787878788,1.625,2.0,4.318181818181819,0.19696969696969696,0.0
40,CrossEntropyLoss,RPS,0.13,0.8787878787878788,1.1666666666666667,0.16666666666666666,1.875,3.0,3.6631701631701628,0.22727272727272727,0.0
40,CrossEntropyLoss,RPS,0.15000000000000002,0.8484848484848485,1.0454545454545454,0.045454545454545456,1.8,3.0,3.6818181818181817,0.2727272727272727,0.0
40,CrossEntropyLoss,RPS,0.18000000000000005,0.7878787878787878,0.9696969696969697,0.0,1.8571428571428572,3.0,4.208754208754208,0.3939393939393939,0.0
40,CrossEntropyLoss,RPS,0.19999999999999996,0.7878787878787878,0.9242424242424242,0.0,2.2857142857142856,3.0,4.090909090909092,0.48484848484848486,0.0
40,CrossEntropyLoss,OCDF,0.020000000000000018,0.9393939393939394,2.9393939393939394,1.9393939393939394,2.0,2.0,14.06060606060605,0.12121212121212122,0.0
40,CrossEntropyLoss,OCDF,0.030000000000000027,0.9393939393939394,2.9393939393939394,1.9393939393939394,2.0,2.0,10.020202020202014,0.12121212121212122,0.0
40,CrossEntropyLoss,OCDF,0.050000000000000044,0.9242424242424242,2.803030303030303,1.803030303030303,1.8,2.0,7.2575757575757525,0.13636363636363635,0.0
40,CrossEntropyLoss,OCDF,0.07999999999999996,0.9242424242424242,2.727272727272727,1.7272727272727273,1.8,2.0,5.1363636363636385,0.13636363636363635,0.0
40,CrossEntropyLoss,OCDF,0.09999999999999998,0.9090909090909091,2.590909090909091,1.5909090909090908,1.8333333333333333,2.0,4.924242424242424,0.16666666666666666,0.0
40,CrossEntropyLoss,OCDF,0.13,0.8333333333333334,2.272727272727273,1.2727272727272727,1.4545454545454546,2.0,5.002331002331002,0.24242424242424243,0.0
40,CrossEntropyLoss,OCDF,0.15000000000000002,0.8333333333333334,2.242424242424242,1.2424242424242424,1.4545454545454546,2.0,4.474747474747474,0.24242424242424243,0.0
40,CrossEntropyLoss,OCDF,0.18000000000000005,0.803030303030303,1.0,0.0,1.6923076923076923,3.0,3.703703703703703,0.3333333333333333,0.0
40,CrossEntropyLoss,OCDF,0.19999999999999996,0.803030303030303,1.0,0.0,1.6923076923076923,3.0,3.3333333333333344,0.3333333333333333,0.0
40,CrossEntropyLoss,APS,0.020000000000000018,0.9696969696969697,1.803030303030303,1.0757575757575757,1.5,2.0,5.6212121212121176,0.045454545454545456,0.24242424242424243
40,CrossEntropyLoss,APS,0.030000000000000027,0.9696969696969697,1.803030303030303,1.0757575757575757,1.5,2.0,4.106060606060604,0.045454545454545456,0.24242424242424243
40,CrossEntropyLoss,APS,0.050000000000000044,0.9090909090909091,1.5454545454545454,0.8181818181818182,1.6666666666666667,2.0,6.878787878787874,0.15151515151515152,0.2272727272727273
40,CrossEntropyLoss,APS,0.07999999999999996,0.9090909090909091,1.4393939393939394,0.696969696969697,1.6666666666666667,2.0,4.484848484848486,0.15151515151515152,0.21212121212121215
40,CrossEntropyLoss,APS,0.09999999999999998,0.8787878787878788,1.2575757575757576,0.3939393939393939,1.625,2.0,4.333333333333334,0.19696969696969696,0.10606060606060608
40,CrossEntropyLoss,APS,0.13,0.8181818181818182,1.121212121212121,0.24242424242424243,2.1666666666666665,3.0,5.836829836829836,0.3939393939393939,0.06060606060606055
40,CrossEntropyLoss,APS,0.15000000000000002,0.803030303030303,1.106060606060606,0.24242424242424243,2.230769230769231,3.0,5.494949494949495,0.4393939393939394,0.06060606060606055
40,CrossEntropyLoss,APS,0.18000000000000005,0.7878787878787878,1.0757575757575757,0.21212121212121213,2.2857142857142856,3.0,4.925925925925926,0.48484848484848486,0.045454545454545414
40,CrossEntropyLoss,APS,0.19999999999999996,0.7878787878787878,1.0454545454545454,0.19696969696969696,2.4285714285714284,3.0,4.28787878787879,0.5151515151515151,0.045454545454545414
40,CrossEntropyLoss,LAC,0.020000000000000018,0.9393939393939394,1.7424242424242424,1.0151515151515151,2.0,2.0,13.136363636363626,0.12121212121212122,0.24242424242424243
40,CrossEntropyLoss,LAC,0.030000000000000027,0.9393939393939394,1.7424242424242424,1.0151515151515151,2.0,2.0,9.09595959595959,0.12121212121212122,0.24242424242424243
40,CrossEntropyLoss,LAC,0.050000000000000044,0.9242424242424242,1.5454545454545454,0.7878787878787878,1.8,2.0,6.242424242424237,0.13636363636363635,0.21212121212121215
40,CrossEntropyLoss,LAC,0.07999999999999996,0.9242424242424242,1.5,0.7424242424242424,1.8,2.0,4.151515151515153,0.13636363636363635,0.21212121212121215
40,CrossEntropyLoss,LAC,0.09999999999999998,0.8939393939393939,1.2575757575757576,0.3939393939393939,2.0,3.0,4.636363636363638,0.21212121212121213,0.10606060606060608
40,CrossEntropyLoss,LAC,0.13,0.8333333333333334,1.0454545454545454,0.09090909090909091,1.7272727272727273,3.0,4.519813519813519,0.2878787878787879,0.030303030303030276
40,CrossEntropyLoss,LAC,0.15000000000000002,0.8333333333333334,1.0454545454545454,0.09090909090909091,1.7272727272727273,3.0,3.929292929292929,0.2878787878787879,0.030303030303030276
40,CrossEntropyLoss,LAC,0.18000000000000005,0.7878787878787878,0.9242424242424242,0.0,2.2857142857142856,3.0,4.545454545454544,0.48484848484848486,0.0
40,CrossEntropyLoss,LAC,0.19999999999999996,0.7727272727272727,0.9090909090909091,0.0,2.3333333333333335,3.0,4.242424242424243,0.5303030303030303,0.0
41,CrossEntropyLoss,min-CPS,0.020000000000000018,1.0,3.4242424242424243,2.4242424242424243,,0.0,2.4242424242424243,0.0,0.0
41,CrossEntropyLoss,min-CPS,0.030000000000000027,0.9848484848484849,2.393939393939394,1.393939393939394,2.0,2.0,3.4141414141414126,0.030303030303030304,0.0
41,CrossEntropyLoss,min-CPS,0.050000000000000044,0.9848484848484849,2.378787878787879,1.378787878787879,2.0,2.0,2.59090909090909,0.030303030303030304,0.0
41,CrossEntropyLoss,min-CPS,0.07999999999999996,0.9848484848484849,2.090909090909091,1.0909090909090908,2.0,2.0,1.8484848484848488,0.030303030303030304,0.0
41,CrossEntropyLoss,min-CPS,0.09999999999999998,0.9848484848484849,2.0606060606060606,1.0606060606060606,2.0,2.0,1.6666666666666667,0.030303030303030304,0.0
41,CrossEntropyLoss,min-CPS,0.13,0.8939393939393939,1.2121212121212122,0.21212121212121213,1.4285714285714286,2.0,2.5431235431235426,0.15151515151515152,0.0
41,CrossEntropyLoss,min-CPS,0.15000000000000002,0.8787878787878788,1.0151515151515151,0.015151515151515152,1.5,2.0,2.4393939393939394,0.18181818181818182,0.0
41,CrossEntropyLoss,min-CPS,0.18000000000000005,0.8636363636363636,1.0,0.0,1.4444444444444444,2.0,2.188552188552188,0.19696969696969696,0.0
41,CrossEntropyLoss,min-CPS,0.19999999999999996,0.8636363636363636,1.0,0.0,1.4444444444444444,2.0,1.9696969696969702,0.19696969696969696,0.0
41,CrossEntropyLoss,RPS,0.020000000000000018,1.0,3.6666666666666665,2.6666666666666665,,0.0,2.6666666666666665,0.0,0.0
41,CrossEntropyLoss,RPS,0.030000000000000027,1.0,3.6666666666666665,2.6666666666666665,,0.0,2.6666666666666665,0.0,0.0
41,CrossEntropyLoss,RPS,0.050000000000000044,0.9848484848484849,3.1363636363636362,2.1363636363636362,1.0,1.0,2.742424242424242,0.015151515151515152,0.0
41,CrossEntropyLoss,RPS,0.07999999999999996,0.9848484848484849,3.0454545454545454,2.0454545454545454,1.0,1.0,2.4242424242424243,0.015151515151515152,0.0
41,CrossEntropyLoss,RPS,0.09999999999999998,0.9545454545454546,2.6363636363636362,1.6363636363636365,1.0,1.0,2.5454545454545454,0.045454545454545456,0.0
41,CrossEntropyLoss,RPS,0.13,0.9393939393939394,1.5303030303030303,0.5303030303030303,1.25,2.0,1.6958041958041956,0.07575757575757576,0.0
41,CrossEntropyLoss,RPS,0.15000000000000002,0.8939393939393939,1.1515151515151516,0.15151515151515152,1.4285714285714286,2.0,2.1717171717171713,0.15151515151515152,0.0
41,CrossEntropyLoss,RPS,0.18000000000000005,0.8787878787878788,1.0606060606060606,0.06060606060606061,1.375,2.0,1.9124579124579122,0.16666666666666666,0.0
41,CrossEntropyLoss,RPS,0.19999999999999996,0.8636363636363636,1.0,0.015151515151515152,1.6666666666666667,3.0,2.2878787878787885,0.22727272727272727,0.0
41,CrossEntropyLoss,OCDF,0.020000000000000018,1.0,3.6666666666666665,2.6666666666666665,,0.0,2.6666666666666665,0.0,0.0
41,CrossEntropyLoss,OCDF,0.030000000000000027,1.0,3.6666666666666665,2.6666666666666665,,0.0,2.6666666666666665,0.0,0.0
41,CrossEntropyLoss,OCDF,0.050000000000000044,0.9848484848484849,3.121212121212121,2.121212121212121,2.0,2.0,3.3333333333333326,0.030303030303030304,0.0
41,CrossEntropyLoss,OCDF,0.07999999999999996,0.9696969696969697,2.893939393939394,1.893939393939394,1.5,2.0,3.030303030303031,0.045454545454545456,0.0
41,CrossEntropyLoss,OCDF,0.09999999999999998,0.9545454545454546,2.8181818181818183,1.8181818181818181,1.3333333333333333,2.0,3.0303030303030303,0.06060606060606061,0.0
41,CrossEntropyLoss,OCDF,0.13,0.9242424242424242,2.4545454545454546,1.4545454545454546,1.4,2.0,3.086247086247086,0.10606060606060606,0.0
41,CrossEntropyLoss,OCDF,0.15000000000000002,0.9090909090909091,2.4393939393939394,1.4393939393939394,1.3333333333333333,2.0,3.0555555555555554,0.12121212121212122,0.0
41,CrossEntropyLoss,OCDF,0.18000000000000005,0.9090909090909091,2.409090909090909,1.4090909090909092,1.3333333333333333,2.0,2.755892255892256,0.12121212121212122,0.0
41,CrossEntropyLoss,OCDF,0.19999999999999996,0.8787878787878788,2.1363636363636362,1.1363636363636365,1.25,2.0,2.6515151515151514,0.15151515151515152,0.0
41,CrossEntropyLoss,APS,0.020000000000000018,1.0,3.196969696969697,2.393939393939394,,0.0,2.393939393939394,0.0,0.19696969696969702
41,CrossEntropyLoss,APS,0.030000000000000027,1.0,3.196969696969697,2.393939393939394,,0.0,2.393939393939394,0.0,0.19696969696969702
41,CrossEntropyLoss,APS,0.050000000000000044,0.9696969696969697,2.0606060606060606,1.4242424242424243,1.5,2.0,3.242424242424241,0.045454545454545456,0.33333333333333337
41,CrossEntropyLoss,APS,0.07999999999999996,0.9696969696969697,2.0,1.3484848484848484,1.5,2.0,2.4848484848484858,0.045454545454545456,0.31818181818181823
41,CrossEntropyLoss,APS,0.09999999999999998,0.9545454545454546,1.8636363636363635,1.1515151515151516,1.6666666666666667,2.0,2.6666666666666665,0.07575757575757576,0.25757575757575757
41,CrossEntropyLoss,APS,0.13,0.9090909090909091,1.3333333333333333,0.5303030303030303,1.5,2.0,2.628205128205128,0.13636363636363635,0.13636363636363635
41,CrossEntropyLoss,APS,0.15000000000000002,0.8787878787878788,1.196969696969697,0.36363636363636365,1.875,3.0,3.191919191919191,0.22727272727272727,0.09090909090909094
41,CrossEntropyLoss,APS,0.18000000000000005,0.8787878787878788,1.1666666666666667,0.3484848484848485,2.0,3.0,2.3686868686868685,0.24242424242424243,0.09090909090909094
41,CrossEntropyLoss,APS,0.19999999999999996,0.8484848484848485,1.0303030303030303,0.21212121212121213,2.3,3.0,2.787878787878789,0.3484848484848485,0.06060606060606055
41,CrossEntropyLoss,LAC,0.020000000000000018,1.0,3.242424242424242,2.4242424242424243,,0.0,2.4242424242424243,0.0,0.18181818181818177
41,CrossEntropyLoss,LAC,0.030000000000000027,1.0,3.242424242424242,2.4242424242424243,,0.0,2.4242424242424243,0.0,0.18181818181818177
41,CrossEntropyLoss,LAC,0.050000000000000044,0.9848484848484849,2.0303030303030303,1.3484848484848484,2.0,2.0,2.5606060606060597,0.030303030303030304,0.28787878787878785
41,CrossEntropyLoss,LAC,0.07999999999999996,0.9848484848484849,1.8484848484848484,1.0909090909090908,2.0,2.0,1.8484848484848488,0.030303030303030304,0.21212121212121215
41,CrossEntropyLoss,LAC,0.09999999999999998,0.9848484848484849,1.7878787878787878,1.0454545454545454,2.0,2.0,1.6515151515151516,0.030303030303030304,0.2272727272727273
41,CrossEntropyLoss,LAC,0.13,0.9090909090909091,1.1515151515151516,0.24242424242424243,1.5,2.0,2.34032634032634,0.13636363636363635,0.06060606060606055
41,CrossEntropyLoss,LAC,0.15000000000000002,0.8939393939393939,1.0757575757575757,0.16666666666666666,1.4285714285714286,2.0,2.1868686868686864,0.15151515151515152,0.06060606060606055
41,CrossEntropyLoss,LAC,0.18000000000000005,0.8939393939393939,1.0606060606060606,0.12121212121212122,1.4285714285714286,2.0,1.8047138047138043,0.15151515151515152,0.045454545454545414
41,CrossEntropyLoss,LAC,0.19999999999999996,0.8787878787878788,1.0303030303030303,0.06060606060606061,1.5,2.0,1.8787878787878791,0.18181818181818182,0.015151515151515138
42,CrossEntropyLoss,min-CPS,0.020000000000000018,0.9696969696969697,2.378787878787879,1.378787878787879,2.0,2.0,7.439393939393934,0.06060606060606061,0.0
42,CrossEntropyLoss,min-CPS,0.030000000000000027,0.9696969696969697,2.303030303030303,1.303030303030303,2.0,2.0,5.34343434343434,0.06060606060606061,0.0
42,CrossEntropyLoss,min-CPS,0.050000000000000044,0.9393939393939394,2.0,1.0,1.75,2.0,5.242424242424239,0.10606060606060606,0.0
42,CrossEntropyLoss,min-CPS,0.07999999999999996,0.8636363636363636,1.2575757575757576,0.25757575757575757,1.7777777777777777,3.0,6.318181818181822,0.24242424242424243,0.0
42,CrossEntropyLoss,min-CPS,0.09999999999999998,0.8636363636363636,1.2575757575757576,0.25757575757575757,1.7777777777777777,3.0,5.106060606060607,0.24242424242424243,0.0
42,CrossEntropyLoss,min-CPS,0.13,0.8636363636363636,1.121212121212121,0.12121212121212122,1.7777777777777777,3.0,3.8508158508158505,0.24242424242424243,0.0
42,CrossEntropyLoss,min-CPS,0.15000000000000002,0.8333333333333334,1.0,0.0,1.7272727272727273,3.0,3.8383838383838382,0.2878787878787879,0.0
42,CrossEntropyLoss,min-CPS,0.18000000000000005,0.8333333333333334,1.0,0.0,1.7272727272727273,3.0,3.198653198653198,0.2878787878787879,0.0
42,CrossEntropyLoss,min-CPS,0.19999999999999996,0.8333333333333334,1.0,0.0,1.7272727272727273,3.0,2.87878787878788,0.2878787878787879,0.0
42,CrossEntropyLoss,RPS,0.020000000000000018,0.9545454545454546,3.121212121212121,2.121212121212121,1.0,1.0,6.666666666666663,0.045454545454545456,0.0
42,CrossEntropyLoss,RPS,0.030000000000000027,0.9545454545454546,3.121212121212121,2.121212121212121,1.0,1.0,5.15151515151515,0.045454545454545456,0.0
42,CrossEntropyLoss,RPS,0.050000000000000044,0.9090909090909091,2.6666666666666665,1.6666666666666667,1.1666666666666667,2.0,5.909090909090905,0.10606060606060606,0.0
42,CrossEntropyLoss,RPS,0.07999999999999996,0.8939393939393939,1.5,0.5,1.5714285714285714,2.0,4.666666666666669,0.16666666666666666,0.0
42,CrossEntropyLoss,RPS,0.09999999999999998,0.8636363636363636,1.2575757575757576,0.25757575757575757,1.7777777777777777,3.0,5.106060606060607,0.24242424242424243,0.0
42,CrossEntropyLoss,RPS,0.13,0.8636363636363636,1.1666666666666667,0.16666666666666666,1.7777777777777777,3.0,3.896270396270396,0.24242424242424243,0.0
42,CrossEntropyLoss,RPS,0.15000000000000002,0.8636363636363636,1.0909090909090908,0.09090909090909091,1.7777777777777777,3.0,3.3232323232323226,0.24242424242424243,0.0
42,CrossEntropyLoss,RPS,0.18000000000000005,0.8333333333333334,0.9848484848484849,0.015151515151515152,2.0,3.0,3.3821548821548815,0.3333333333333333,0.0
42,CrossEntropyLoss,RPS,0.19999999999999996,0.6818181818181818,0.8181818181818182,0.0,2.4761904761904763,3.0,4.545454545454547,0.7878787878787878,0.0
42,CrossEntropyLoss,OCDF,0.020000000000000018,0.9696969696969697,3.121212121212121,2.121212121212121,2.0,2.0,8.181818181818176,0.06060606060606061,0.0
42,CrossEntropyLoss,OCDF,0.030000000000000027,0.9696969696969697,3.121212121212121,2.121212121212121,2.0,2.0,6.161616161616158,0.06060606060606061,0.0
42,CrossEntropyLoss,OCDF,0.050000000000000044,0.9393939393939394,2.878787878787879,1.878787878787879,1.75,2.0,6.1212121212121176,0.10606060606060606,0.0
42,CrossEntropyLoss,OCDF,0.07999999999999996,0.9090909090909091,2.590909090909091,1.5909090909090908,1.5,2.0,5.000000000000002,0.13636363636363635,0.0
42,CrossEntropyLoss,OCDF,0.09999999999999998,0.9090909090909091,2.5454545454545454,1.5454545454545454,1.5,2.0,4.2727272727272725,0.13636363636363635,0.0
42,CrossEntropyLoss,OCDF,0.13,0.8787878787878788,2.409090909090909,1.4090909090909092,1.5,2.0,4.206293706293706,0.18181818181818182,0.0
42,CrossEntropyLoss,OCDF,0.15000000000000002,0.8787878787878788,2.409090909090909,1.4090909090909092,1.5,2.0,3.833333333333333,0.18181818181818182,0.0
42,CrossEntropyLoss,OCDF,0.18000000000000005,0.8787878787878788,2.303030303030303,1.303030303030303,1.5,2.0,3.323232323232323,0.18181818181818182,0.0
42,CrossEntropyLoss,OCDF,0.19999999999999996,0.8333333333333334,1.0,0.0,1.7272727272727273,3.0,2.87878787878788,0.2878787878787879,0.0
42,CrossEntropyLoss,APS,0.020000000000000018,0.9848484848484849,2.393939393939394,1.7575757575757576,2.0,2.0,4.787878787878785,0.030303030303030304,0.33333333333333337
42,CrossEntropyLoss,APS,0.030000000000000027,0.9848484848484849,2.393939393939394,1.7575757575757576,2.0,2.0,3.7777777777777763,0.030303030303030304,0.33333333333333337
42,CrossEntropyLoss,APS,0.050000000000000044,0.9242424242424242,1.696969696969697,1.0151515151515151,1.6,2.0,5.86363636363636,0.12121212121212122,0.25757575757575757
42,CrossEntropyLoss,APS,0.07999999999999996,0.8939393939393939,1.5303030303030303,0.8484848484848485,1.4285714285714286,2.0,4.6363636363636385,0.15151515151515152,0.24242424242424243
42,CrossEntropyLoss,APS,0.09999999999999998,0.8636363636363636,1.1818181818181819,0.30303030303030304,1.7777777777777777,3.0,5.151515151515152,0.24242424242424243,0.10606060606060608
42,CrossEntropyLoss,APS,0.13,0.8484848484848485,1.1666666666666667,0.30303030303030304,1.9,3.0,4.731934731934731,0.2878787878787879,0.10606060606060608
42,CrossEntropyLoss,APS,0.15000000000000002,0.8181818181818182,1.1363636363636365,0.30303030303030304,2.0833333333333335,3.0,4.3434343434343425,0.3787878787878788,0.10606060606060608
42,CrossEntropyLoss,APS,0.18000000000000005,0.803030303030303,1.106060606060606,0.2878787878787879,2.1538461538461537,3.0,3.823232323232323,0.42424242424242425,0.10606060606060608
42,CrossEntropyLoss,APS,0.19999999999999996,0.7424242424242424,0.9545454545454546,0.13636363636363635,2.3529411764705883,3.0,4.227272727272728,0.6060606060606061,0.06060606060606055
42,CrossEntropyLoss,LAC,0.020000000000000018,0.9696969696969697,1.9545454545454546,1.2878787878787878,2.0,2.0,7.348484848484843,0.06060606060606061,0.303030303030303
42,CrossEntropyLoss,LAC,0.030000000000000027,0.9696969696969697,1.9545454545454546,1.2878787878787878,2.0,2.0,5.328282828282825,0.06060606060606061,0.303030303030303
42,CrossEntropyLoss,LAC,0.050000000000000044,0.9696969696969697,1.878787878787879,1.2272727272727273,2.0,2.0,3.651515151515149,0.06060606060606061,0.303030303030303
42,CrossEntropyLoss,LAC,0.07999999999999996,0.8636363636363636,1.1666666666666667,0.30303030303030304,1.7777777777777777,3.0,6.363636363636367,0.24242424242424243,0.10606060606060608
42,CrossEntropyLoss,LAC,0.09999999999999998,0.8636363636363636,1.1515151515151516,0.25757575757575757,1.7777777777777777,3.0,5.106060606060607,0.24242424242424243,0.09090909090909094
42,CrossEntropyLoss,LAC,0.13,0.8636363636363636,1.0757575757575757,0.15151515151515152,1.7777777777777777,3.0,3.881118881118881,0.24242424242424243,0.06060606060606055
42,CrossEntropyLoss,LAC,0.15000000000000002,0.8636363636363636,1.0757575757575757,0.15151515151515152,1.7777777777777777,3.0,3.383838383838383,0.24242424242424243,0.06060606060606055
42,CrossEntropyLoss,LAC,0.18000000000000005,0.8484848484848485,1.0454545454545454,0.09090909090909091,1.8,3.0,3.1212121212121207,0.2727272727272727,0.030303030303030276
42,CrossEntropyLoss,LAC,0.19999999999999996,0.7121212121212122,0.8484848484848485,0.0,2.4210526315789473,3.0,4.545454545454547,0.696969696969697,0.0
43,CrossEntropyLoss,min-CPS,0.020000000000000018,1.0,3.4242424242424243,2.4242424242424243,,0.0,2.4242424242424243,0.0,0.0
43,CrossEntropyLoss,min-CPS,0.030000000000000027,0.9848484848484849,2.0454545454545454,1.0454545454545454,2.0,2.0,3.065656565656564,0.030303030303030304,0.0
43,CrossEntropyLoss,min-CPS,0.050000000000000044,0.9848484848484849,1.9848484848484849,0.9848484848484849,2.0,2.0,2.196969696969696,0.030303030303030304,0.0
43,CrossEntropyLoss,min-CPS,0.07999999999999996,0.9848484848484849,1.803030303030303,0.803030303030303,2.0,2.0,1.560606060606061,0.030303030303030304,0.0
43,CrossEntropyLoss,min-CPS,0.09999999999999998,0.9848484848484849,1.803030303030303,0.803030303030303,2.0,2.0,1.4090909090909092,0.030303030303030304,0.0
43,CrossEntropyLoss,min-CPS,0.13,0.9696969696969697,1.6818181818181819,0.6818181818181818,1.5,2.0,1.381118881118881,0.045454545454545456,0.0
43,CrossEntropyLoss,min-CPS,0.15000000000000002,0.9696969696969697,1.3636363636363635,0.36363636363636365,1.5,2.0,0.9696969696969697,0.045454545454545456,0.0
43,CrossEntropyLoss,min-CPS,0.18000000000000005,0.9696969696969697,1.196969696969697,0.19696969696969696,1.5,2.0,0.702020202020202,0.045454545454545456,0.0
43,CrossEntropyLoss,min-CPS,0.19999999999999996,0.9696969696969697,1.1818181818181819,0.18181818181818182,1.5,2.0,0.6363636363636365,0.045454545454545456,0.0
43,CrossEntropyLoss,RPS,0.020000000000000018,1.0,3.590909090909091,2.590909090909091,,0.0,2.590909090909091,0.0,0.0
43,CrossEntropyLoss,RPS,0.030000000000000027,1.0,3.590909090909091,2.590909090909091,,0.0,2.590909090909091,0.0,0.0
43,CrossEntropyLoss,RPS,0.050000000000000044,0.9848484848484849,2.9393939393939394,1.9393939393939394,1.0,1.0,2.545454545454545,0.015151515151515152,0.0
43,CrossEntropyLoss,RPS,0.07999999999999996,0.9848484848484849,2.8484848484848486,1.8484848484848484,1.0,1.0,2.227272727272727,0.015151515151515152,0.0
43,CrossEntropyLoss,RPS,0.09999999999999998,0.9848484848484849,2.803030303030303,1.803030303030303,1.0,1.0,2.106060606060606,0.015151515151515152,0.0
43,CrossEntropyLoss,RPS,0.13,0.9848484848484849,2.590909090909091,1.5909090909090908,1.0,1.0,1.824009324009324,0.015151515151515152,0.0
43,CrossEntropyLoss,RPS,0.15000000000000002,0.9848484848484849,1.4545454545454546,0.45454545454545453,2.0,2.0,0.8585858585858586,0.030303030303030304,0.0
43,CrossEntropyLoss,RPS,0.18000000000000005,0.9848484848484849,1.4393939393939394,0.4393939393939394,2.0,2.0,0.776094276094276,0.030303030303030304,0.0
43,CrossEntropyLoss,RPS,0.19999999999999996,0.9696969696969697,1.2121212121212122,0.21212121212121213,1.5,2.0,0.6666666666666667,0.045454545454545456,0.0
43,CrossEntropyLoss,OCDF,0.020000000000000018,1.0,3.742424242424242,2.742424242424242,,0.0,2.742424242424242,0.0,0.0
43,CrossEntropyLoss,OCDF,0.030000000000000027,1.0,3.742424242424242,2.742424242424242,,0.0,2.742424242424242,0.0,0.0
43,CrossEntropyLoss,OCDF,0.050000000000000044,0.9848484848484849,2.984848484848485,1.9848484848484849,2.0,2.0,3.196969696969696,0.030303030303030304,0.0
43,CrossEntropyLoss,OCDF,0.07999999999999996,0.9696969696969697,2.757575757575758,1.7575757575757576,1.5,2.0,2.893939393939395,0.045454545454545456,0.0
43,CrossEntropyLoss,OCDF,0.09999999999999998,0.9696969696969697,2.757575757575758,1.7575757575757576,1.5,2.0,2.6666666666666665,0.045454545454545456,0.0
43,CrossEntropyLoss,OCDF,0.13,0.9696969696969697,2.621212121212121,1.621212121212121,1.5,2.0,2.3205128205128207,0.045454545454545456,0.0
43,CrossEntropyLoss,OCDF,0.15000000000000002,0.9696969696969697,2.484848484848485,1.4848484848484849,1.5,2.0,2.090909090909091,0.045454545454545456,0.0
43,CrossEntropyLoss,OCDF,0.18000000000000005,0.9393939393939394,2.393939393939394,1.393939393939394,1.5,2.0,2.404040404040404,0.09090909090909091,0.0
43,CrossEntropyLoss,OCDF,0.19999999999999996,0.9393939393939394,2.378787878787879,1.378787878787879,1.5,2.0,2.287878787878788,0.09090909090909091,0.0
43,CrossEntropyLoss,APS,0.020000000000000018,1.0,3.1363636363636362,2.3636363636363638,,0.0,2.3636363636363638,0.0,0.2272727272727273
43,CrossEntropyLoss,APS,0.030000000000000027,1.0,3.1363636363636362,2.3636363636363638,,0.0,2.3636363636363638,0.0,0.2272727272727273
43,CrossEntropyLoss,APS,0.050000000000000044,0.9848484848484849,1.8484848484848484,1.0757575757575757,2.0,2.0,2.287878787878787,0.030303030303030304,0.21212121212121215
43,CrossEntropyLoss,APS,0.07999999999999996,0.9848484848484849,1.6818181818181819,0.8636363636363636,2.0,2.0,1.6212121212121215,0.030303030303030304,0.16666666666666663
43,CrossEntropyLoss,APS,0.09999999999999998,0.9848484848484849,1.6666666666666667,0.8333333333333334,2.0,2.0,1.4393939393939394,0.030303030303030304,0.1515151515151515
43,CrossEntropyLoss,APS,0.13,0.9848484848484849,1.621212121212121,0.7878787878787878,2.0,2.0,1.2540792540792542,0.030303030303030304,0.1515151515151515
43,CrossEntropyLoss,APS,0.15000000000000002,0.9848484848484849,1.5454545454545454,0.7121212121212122,2.0,2.0,1.116161616161616,0.030303030303030304,0.1515151515151515
43,CrossEntropyLoss,APS,0.18000000000000005,0.9696969696969697,1.4545454545454546,0.6060606060606061,1.5,2.0,1.111111111111111,0.045454545454545456,0.13636363636363635
43,CrossEntropyLoss,APS,0.19999999999999996,0.9242424242424242,1.0909090909090908,0.22727272727272727,2.4,3.0,1.287878787878788,0.18181818181818182,0.0757575757575758
43,CrossEntropyLoss,LAC,0.020000000000000018,1.0,3.242424242424242,2.393939393939394,,0.0,2.393939393939394,0.0,0.1515151515151515
43,CrossEntropyLoss,LAC,0.030000000000000027,1.0,3.242424242424242,2.393939393939394,,0.0,2.393939393939394,0.0,0.1515151515151515
43,CrossEntropyLoss,LAC,0.050000000000000044,0.9848484848484849,1.7575757575757576,0.9545454545454546,2.0,2.0,2.1666666666666656,0.030303030303030304,0.18181818181818177
43,CrossEntropyLoss,LAC,0.07999999999999996,0.9848484848484849,1.6666666666666667,0.803030303030303,2.0,2.0,1.560606060606061,0.030303030303030304,0.12121212121212122
43,CrossEntropyLoss,LAC,0.09999999999999998,0.9848484848484849,1.6363636363636365,0.7878787878787878,2.0,2.0,1.393939393939394,0.030303030303030304,0.13636363636363635
43,CrossEntropyLoss,LAC,0.13,0.9848484848484849,1.606060606060606,0.7575757575757576,2.0,2.0,1.2237762237762237,0.030303030303030304,0.13636363636363635
43,CrossEntropyLoss,LAC,0.15000000000000002,0.9848484848484849,1.606060606060606,0.7575757575757576,2.0,2.0,1.1616161616161615,0.030303030303030304,0.13636363636363635
43,CrossEntropyLoss,LAC,0.18000000000000005,0.9696969696969697,1.2424242424242424,0.3333333333333333,1.5,2.0,0.8383838383838383,0.045454545454545456,0.09090909090909094
43,CrossEntropyLoss,LAC,0.19999999999999996,0.9696969696969697,1.0909090909090908,0.18181818181818182,1.5,2.0,0.6363636363636365,0.045454545454545456,0.0757575757575758
44,CrossEntropyLoss,min-CPS,0.020000000000000018,0.9848484848484849,2.1515151515151514,1.1515151515151516,2.0,2.0,4.181818181818179,0.030303030303030304,0.0
44,CrossEntropyLoss,min-CPS,0.030000000000000027,0.9848484848484849,2.1363636363636362,1.1363636363636365,2.0,2.0,3.156565656565655,0.030303030303030304,0.0
44,CrossEntropyLoss,min-CPS,0.050000000000000044,0.9696969696969697,1.8636363636363635,0.8636363636363636,2.0,2.0,3.287878787878786,0.06060606060606061,0.0
44,CrossEntropyLoss,min-CPS,0.07999999999999996,0.9090909090909091,1.621212121212121,0.6212121212121212,1.5,2.0,4.030303030303032,0.13636363636363635,0.0
44,CrossEntropyLoss,min-CPS,0.09999999999999998,0.9090909090909091,1.5909090909090908,0.5909090909090909,1.5,2.0,3.318181818181819,0.13636363636363635,0.0
44,CrossEntropyLoss,min-CPS,0.13,0.8939393939393939,1.2272727272727273,0.22727272727272727,1.4285714285714286,2.0,2.558275058275058,0.15151515151515152,0.0
44,CrossEntropyLoss,min-CPS,0.15000000000000002,0.8939393939393939,1.106060606060606,0.10606060606060606,1.4285714285714286,2.0,2.126262626262626,0.15151515151515152,0.0
44,CrossEntropyLoss,min-CPS,0.18000000000000005,0.8333333333333334,1.0,0.0,1.3636363636363635,2.0,2.525252525252525,0.22727272727272727,0.0
44,CrossEntropyLoss,min-CPS,0.19999999999999996,0.8333333333333334,1.0,0.0,1.3636363636363635,2.0,2.2727272727272734,0.22727272727272727,0.0
44,CrossEntropyLoss,RPS,0.020000000000000018,1.0,3.6666666666666665,2.6666666666666665,,0.0,2.6666666666666665,0.0,0.0
44,CrossEntropyLoss,RPS,0.030000000000000027,1.0,3.6666666666666665,2.6666666666666665,,0.0,2.6666666666666665,0.0,0.0
44,CrossEntropyLoss,RPS,0.050000000000000044,0.9848484848484849,3.015151515151515,2.015151515151515,1.0,1.0,2.6212121212121207,0.015151515151515152,0.0
44,CrossEntropyLoss,RPS,0.07999999999999996,0.9545454545454546,2.742424242424242,1.7424242424242424,1.0,1.0,2.87878787878788,0.045454545454545456,0.0
44,CrossEntropyLoss,RPS,0.09999999999999998,0.9545454545454546,2.6363636363636362,1.6363636363636365,1.0,1.0,2.5454545454545454,0.045454545454545456,0.0
44,CrossEntropyLoss,RPS,0.13,0.9090909090909091,1.3636363636363635,0.36363636363636365,1.5,2.0,2.4615384615384612,0.13636363636363635,0.0
44,CrossEntropyLoss,RPS,0.15000000000000002,0.9090909090909091,1.2272727272727273,0.22727272727272727,1.5,2.0,2.0454545454545454,0.13636363636363635,0.0
44,CrossEntropyLoss,RPS,0.18000000000000005,0.8787878787878788,1.0454545454545454,0.045454545454545456,1.375,2.0,1.897306397306397,0.16666666666666666,0.0
44,CrossEntropyLoss,RPS,0.19999999999999996,0.803030303030303,0.9242424242424242,0.0,2.0,3.0,3.030303030303031,0.3939393939393939,0.0
44,CrossEntropyLoss,OCDF,0.020000000000000018,0.9848484848484849,3.0454545454545454,2.0454545454545454,2.0,2.0,5.0757575757575735,0.030303030303030304,0.0
44,CrossEntropyLoss,OCDF,0.030000000000000027,0.9848484848484849,3.0454545454545454,2.0454545454545454,2.0,2.0,4.065656565656565,0.030303030303030304,0.0
44,CrossEntropyLoss,OCDF,0.050000000000000044,0.9393939393939394,2.757575757575758,1.7575757575757576,1.75,2.0,5.999999999999996,0.10606060606060606,0.0
44,CrossEntropyLoss,OCDF,0.07999999999999996,0.9090909090909091,2.515151515151515,1.5151515151515151,1.5,2.0,4.924242424242426,0.13636363636363635,0.0
44,CrossEntropyLoss,OCDF,0.09999999999999998,0.9090909090909091,2.5,1.5,1.5,2.0,4.2272727272727275,0.13636363636363635,0.0
44,CrossEntropyLoss,OCDF,0.13,0.8333333333333334,2.257575757575758,1.2575757575757576,1.2727272727272727,2.0,4.520979020979021,0.21212121212121213,0.0
44,CrossEntropyLoss,OCDF,0.15000000000000002,0.8333333333333334,2.212121212121212,1.2121212121212122,1.2727272727272727,2.0,4.04040404040404,0.21212121212121213,0.0
44,CrossEntropyLoss,OCDF,0.18000000000000005,0.8333333333333334,2.106060606060606,1.106060606060606,1.2727272727272727,2.0,3.4629629629629624,0.21212121212121213,0.0
44,CrossEntropyLoss,OCDF,0.19999999999999996,0.8333333333333334,1.0,0.0,1.3636363636363635,2.0,2.2727272727272734,0.22727272727272727,0.0
44,CrossEntropyLoss,APS,0.020000000000000018,0.9848484848484849,2.090909090909091,1.378787878787879,2.0,2.0,4.4090909090909065,0.030303030303030304,0.25757575757575757
44,CrossEntropyLoss,APS,0.030000000000000027,0.9848484848484849,2.090909090909091,1.378787878787879,2.0,2.0,3.3989898989898975,0.030303030303030304,0.25757575757575757
44,CrossEntropyLoss,APS,0.050000000000000044,0.9545454545454546,1.621212121212121,0.8787878787878788,1.3333333333333333,2.0,2.6969696969696955,0.06060606060606061,0.21212121212121215
44,CrossEntropyLoss,APS,0.07999999999999996,0.9393939393939394,1.5303030303030303,0.7727272727272727,1.5,2.0,2.6666666666666674,0.09090909090909091,0.21212121212121215
44,CrossEntropyLoss,APS,0.09999999999999998,0.9090909090909091,1.3484848484848484,0.5151515151515151,1.5,2.0,3.2424242424242427,0.13636363636363635,0.13636363636363635
44,CrossEntropyLoss,APS,0.13,0.8939393939393939,1.1666666666666667,0.24242424242424243,1.7142857142857142,3.0,2.806526806526806,0.18181818181818182,0.06060606060606055
44,CrossEntropyLoss,APS,0.15000000000000002,0.8939393939393939,1.1515151515151516,0.24242424242424243,1.7142857142857142,3.0,2.4646464646464645,0.18181818181818182,0.06060606060606055
44,CrossEntropyLoss,APS,0.18000000000000005,0.8636363636363636,1.106060606060606,0.22727272727272727,2.0,3.0,2.9208754208754204,0.2727272727272727,0.06060606060606055
44,CrossEntropyLoss,APS,0.19999999999999996,0.8333333333333334,1.0454545454545454,0.18181818181818182,2.1818181818181817,3.0,2.90909090909091,0.36363636363636365,0.045454545454545414
44,CrossEntropyLoss,LAC,0.020000000000000018,0.9848484848484849,1.8636363636363635,1.106060606060606,2.0,2.0,4.136363636363634,0.030303030303030304,0.24242424242424243
44,CrossEntropyLoss,LAC,0.030000000000000027,0.9848484848484849,1.8636363636363635,1.106060606060606,2.0,2.0,3.1262626262626245,0.030303030303030304,0.24242424242424243
44,CrossEntropyLoss,LAC,0.050000000000000044,0.9545454545454546,1.6363636363636365,0.8181818181818182,1.6666666666666667,2.0,3.848484848484846,0.07575757575757576,0.18181818181818177
44,CrossEntropyLoss,LAC,0.07999999999999996,0.9242424242424242,1.5,0.6818181818181818,1.6,2.0,3.7121212121212137,0.12121212121212122,0.16666666666666663
44,CrossEntropyLoss,LAC,0.09999999999999998,0.9090909090909091,1.378787878787879,0.5606060606060606,1.5,2.0,3.2878787878787885,0.13636363636363635,0.1515151515151515
44,CrossEntropyLoss,LAC,0.13,0.9090909090909091,1.1515151515151516,0.24242424242424243,1.5,2.0,2.34032634032634,0.13636363636363635,0.0757575757575758
44,CrossEntropyLoss,LAC,0.15000000000000002,0.8939393939393939,1.1363636363636365,0.22727272727272727,1.4285714285714286,2.0,2.2474747474747474,0.15151515151515152,0.0757575757575758
44,CrossEntropyLoss,LAC,0.18000000000000005,0.8636363636363636,1.0454545454545454,0.07575757575757576,1.3333333333333333,2.0,2.0959595959595956,0.18181818181818182,0.030303030303030276
44,CrossEntropyLoss,LAC,0.19999999999999996,0.803030303030303,0.9090909090909091,0.0,2.1538461538461537,3.0,3.030303030303031,0.42424242424242425,0.0
45,CrossEntropyLoss,min-CPS,0.020000000000000018,0.9545454545454546,2.0757575757575757,1.0757575757575757,2.0,2.0,10.166666666666659,0.09090909090909091,0.0
45,CrossEntropyLoss,min-CPS,0.030000000000000027,0.9242424242424242,1.893939393939394,0.8939393939393939,1.8,2.0,9.984848484848477,0.13636363636363635,0.0
45,CrossEntropyLoss,min-CPS,0.050000000000000044,0.8636363636363636,1.696969696969697,0.696969696969697,1.4444444444444444,2.0,8.575757575757569,0.19696969696969696,0.0
45,CrossEntropyLoss,min-CPS,0.07999999999999996,0.8484848484848485,1.2272727272727273,0.22727272727272727,1.6,3.0,6.287878787878792,0.24242424242424243,0.0
45,CrossEntropyLoss,min-CPS,0.09999999999999998,0.8484848484848485,1.2272727272727273,0.22727272727272727,1.6,3.0,5.075757575757578,0.24242424242424243,0.0
45,CrossEntropyLoss,min-CPS,0.13,0.7878787878787878,1.0,0.0,1.5714285714285714,3.0,5.128205128205128,0.3333333333333333,0.0
45,CrossEntropyLoss,min-CPS,0.15000000000000002,0.7878787878787878,1.0,0.0,1.5714285714285714,3.0,4.444444444444443,0.3333333333333333,0.0
45,CrossEntropyLoss,min-CPS,0.18000000000000005,0.7878787878787878,1.0,0.0,1.5714285714285714,3.0,3.703703703703703,0.3333333333333333,0.0
45,CrossEntropyLoss,min-CPS,0.19999999999999996,0.7878787878787878,1.0,0.0,1.5714285714285714,3.0,3.3333333333333344,0.3333333333333333,0.0
45,CrossEntropyLoss,RPS,0.020000000000000018,0.9393939393939394,2.984848484848485,1.9848484848484849,1.0,1.0,8.04545454545454,0.06060606060606061,0.0
45,CrossEntropyLoss,RPS,0.030000000000000027,0.9393939393939394,2.984848484848485,1.9848484848484849,1.0,1.0,6.025252525252522,0.06060606060606061,0.0
45,CrossEntropyLoss,RPS,0.050000000000000044,0.9242424242424242,2.803030303030303,1.803030303030303,1.2,2.0,5.439393939393936,0.09090909090909091,0.0
45,CrossEntropyLoss,RPS,0.07999999999999996,0.9090909090909091,1.5151515151515151,0.5151515151515151,1.8333333333333333,2.0,4.681818181818184,0.16666666666666666,0.0
45,CrossEntropyLoss,RPS,0.09999999999999998,0.8484848484848485,1.1515151515151516,0.15151515151515152,1.6,3.0,5.000000000000002,0.24242424242424243,0.0
45,CrossEntropyLoss,RPS,0.13,0.7878787878787878,0.9848484848484849,0.015151515151515152,1.7857142857142858,3.0,5.376456876456876,0.3787878787878788,0.0
45,CrossEntropyLoss,RPS,0.15000000000000002,0.7575757575757576,0.9545454545454546,0.0,1.8125,3.0,5.454545454545453,0.4393939393939394,0.0
45,CrossEntropyLoss,RPS,0.18000000000000005,0.7424242424242424,0.8939393939393939,0.0,2.176470588235294,3.0,4.713804713804714,0.5606060606060606,0.0
45,CrossEntropyLoss,RPS,0.19999999999999996,0.7424242424242424,0.8939393939393939,0.0,2.176470588235294,3.0,4.242424242424243,0.5606060606060606,0.0
45,CrossEntropyLoss,OCDF,0.020000000000000018,0.9545454545454546,2.9545454545454546,1.9545454545454546,2.0,2.0,11.045454545454538,0.09090909090909091,0.0
45,CrossEntropyLoss,OCDF,0.030000000000000027,0.9545454545454546,2.9545454545454546,1.9545454545454546,2.0,2.0,8.01515151515151,0.09090909090909091,0.0
45,CrossEntropyLoss,OCDF,0.050000000000000044,0.8787878787878788,2.515151515151515,1.5151515151515151,1.5,2.0,8.787878787878782,0.18181818181818182,0.0
45,CrossEntropyLoss,OCDF,0.07999999999999996,0.8181818181818182,2.287878787878788,1.2878787878787878,1.5,2.0,8.106060606060609,0.2727272727272727,0.0
45,CrossEntropyLoss,OCDF,0.09999999999999998,0.803030303030303,2.212121212121212,1.2121212121212122,1.4615384615384615,2.0,6.9696969696969715,0.2878787878787879,0.0
45,CrossEntropyLoss,OCDF,0.13,0.7878787878787878,2.0454545454545454,1.0454545454545454,1.5,2.0,5.94055944055944,0.3181818181818182,0.0
45,CrossEntropyLoss,OCDF,0.15000000000000002,0.7878787878787878,1.0,0.0,1.5714285714285714,3.0,4.444444444444443,0.3333333333333333,0.0
45,CrossEntropyLoss,OCDF,0.18000000000000005,0.7878787878787878,1.0,0.0,1.5714285714285714,3.0,3.703703703703703,0.3333333333333333,0.0
45,CrossEntropyLoss,OCDF,0.19999999999999996,0.7878787878787878,1.0,0.0,1.5714285714285714,3.0,3.3333333333333344,0.3333333333333333,0.0
45,CrossEntropyLoss,APS,0.020000000000000018,0.9696969696969697,1.9696969696969697,1.2878787878787878,2.0,2.0,7.348484848484843,0.06060606060606061,0.2727272727272727
45,CrossEntropyLoss,APS,0.030000000000000027,0.9696969696969697,1.9696969696969697,1.2878787878787878,2.0,2.0,5.328282828282825,0.06060606060606061,0.2727272727272727
45,CrossEntropyLoss,APS,0.050000000000000044,0.8636363636363636,1.3636363636363635,0.5757575757575758,1.4444444444444444,2.0,8.454545454545448,0.19696969696969696,0.16666666666666663
45,CrossEntropyLoss,APS,0.07999999999999996,0.8333333333333334,1.196969696969697,0.3939393939393939,1.9090909090909092,3.0,7.969696969696973,0.3181818181818182,0.13636363636363635
45,CrossEntropyLoss,APS,0.09999999999999998,0.8181818181818182,1.1666666666666667,0.36363636363636365,1.8333333333333333,3.0,6.727272727272729,0.3333333333333333,0.13636363636363635
45,CrossEntropyLoss,APS,0.13,0.803030303030303,1.106060606060606,0.2878787878787879,2.0,3.0,5.416083916083916,0.3939393939393939,0.10606060606060608
45,CrossEntropyLoss,APS,0.15000000000000002,0.7727272727272727,1.0757575757575757,0.2878787878787879,2.1333333333333333,3.0,5.54040404040404,0.48484848484848486,0.10606060606060608
45,CrossEntropyLoss,APS,0.18000000000000005,0.7575757575757576,0.9848484848484849,0.15151515151515152,2.1875,3.0,5.033670033670033,0.5303030303030303,0.06060606060606055
45,CrossEntropyLoss,APS,0.19999999999999996,0.7575757575757576,0.9848484848484849,0.15151515151515152,2.1875,3.0,4.545454545454547,0.5303030303030303,0.06060606060606055
45,CrossEntropyLoss,LAC,0.020000000000000018,0.9545454545454546,1.7878787878787878,1.0303030303030303,2.0,2.0,10.121212121212114,0.09090909090909091,0.21212121212121215
45,CrossEntropyLoss,LAC,0.030000000000000027,0.9545454545454546,1.7878787878787878,1.0303030303030303,2.0,2.0,7.0909090909090855,0.09090909090909091,0.21212121212121215
45,CrossEntropyLoss,LAC,0.050000000000000044,0.8636363636363636,1.4848484848484849,0.696969696969697,1.4444444444444444,2.0,8.575757575757569,0.19696969696969696,0.16666666666666663
45,CrossEntropyLoss,LAC,0.07999999999999996,0.8636363636363636,1.1515151515151516,0.25757575757575757,1.6666666666666667,3.0,5.939393939393942,0.22727272727272727,0.09090909090909094
45,CrossEntropyLoss,LAC,0.09999999999999998,0.8484848484848485,1.121212121212121,0.22727272727272727,1.6,3.0,5.075757575757578,0.24242424242424243,0.09090909090909094
45,CrossEntropyLoss,LAC,0.13,0.803030303030303,1.0454545454545454,0.09090909090909091,1.6153846153846154,3.0,4.986013986013987,0.3181818181818182,0.030303030303030276
45,CrossEntropyLoss,LAC,0.15000000000000002,0.7575757575757576,0.9090909090909091,0.0,2.125,3.0,5.454545454545454,0.5151515151515151,0.0
45,CrossEntropyLoss,LAC,0.18000000000000005,0.7424242424242424,0.8939393939393939,0.0,2.176470588235294,3.0,4.713804713804714,0.5606060606060606,0.0
45,CrossEntropyLoss,LAC,0.19999999999999996,0.7424242424242424,0.8939393939393939,0.0,2.176470588235294,3.0,4.242424242424243,0.5606060606060606,0.0
46,CrossEntropyLoss,min-CPS,0.020000000000000018,0.9545454545454546,2.0454545454545454,1.0454545454545454,2.0,2.0,10.13636363636363,0.09090909090909091,0.0
46,CrossEntropyLoss,min-CPS,0.030000000000000027,0.9393939393939394,1.878787878787879,0.8787878787878788,1.75,2.0,7.949494949494944,0.10606060606060606,0.0
46,CrossEntropyLoss,min-CPS,0.050000000000000044,0.9393939393939394,1.8484848484848484,0.8484848484848485,1.75,2.0,5.090909090909087,0.10606060606060606,0.0
46,CrossEntropyLoss,min-CPS,0.07999999999999996,0.8939393939393939,1.5757575757575757,0.5757575757575758,1.5714285714285714,2.0,4.742424242424245,0.16666666666666666,0.0
46,CrossEntropyLoss,min-CPS,0.09999999999999998,0.8939393939393939,1.5454545454545454,0.5454545454545454,1.8571428571428572,3.0,4.484848484848485,0.19696969696969696,0.0
46,CrossEntropyLoss,min-CPS,0.13,0.8939393939393939,1.3181818181818181,0.3181818181818182,1.8571428571428572,3.0,3.3484848484848486,0.19696969696969696,0.0
46,CrossEntropyLoss,min-CPS,0.15000000000000002,0.8333333333333334,1.0303030303030303,0.030303030303030304,1.8181818181818181,3.0,4.07070707070707,0.30303030303030304,0.0
46,CrossEntropyLoss,min-CPS,0.18000000000000005,0.8181818181818182,1.0,0.0,1.8333333333333333,3.0,3.703703703703703,0.3333333333333333,0.0
46,CrossEntropyLoss,min-CPS,0.19999999999999996,0.8181818181818182,1.0,0.0,1.8333333333333333,3.0,3.3333333333333344,0.3333333333333333,0.0
46,CrossEntropyLoss,RPS,0.020000000000000018,0.9393939393939394,2.9696969696969697,1.9696969696969697,1.0,1.0,8.030303030303026,0.06060606060606061,0.0
46,CrossEntropyLoss,RPS,0.030000000000000027,0.9393939393939394,2.9696969696969697,1.9696969696969697,1.0,1.0,6.010101010101007,0.06060606060606061,0.0
46,CrossEntropyLoss,RPS,0.050000000000000044,0.9242424242424242,2.8333333333333335,1.8333333333333333,1.2,2.0,5.469696969696966,0.09090909090909091,0.0
46,CrossEntropyLoss,RPS,0.07999999999999996,0.9090909090909091,1.5,0.5,1.6666666666666667,2.0,4.28787878787879,0.15151515151515152,0.0
46,CrossEntropyLoss,RPS,0.09999999999999998,0.9090909090909091,1.5,0.5,1.6666666666666667,2.0,3.530303030303031,0.15151515151515152,0.0
46,CrossEntropyLoss,RPS,0.13,0.8636363636363636,1.1818181818181819,0.18181818181818182,1.6666666666666667,3.0,3.678321678321678,0.22727272727272727,0.0
46,CrossEntropyLoss,RPS,0.15000000000000002,0.8636363636363636,1.0909090909090908,0.09090909090909091,1.7777777777777777,3.0,3.323232323232323,0.24242424242424243,0.0
46,CrossEntropyLoss,RPS,0.18000000000000005,0.7878787878787878,0.9393939393939394,0.0,2.142857142857143,3.0,4.545454545454545,0.45454545454545453,0.0
46,CrossEntropyLoss,RPS,0.19999999999999996,0.7272727272727273,0.8333333333333334,0.0,2.5555555555555554,3.0,3.636363636363637,0.696969696969697,0.0
46,CrossEntropyLoss,OCDF,0.020000000000000018,0.9545454545454546,2.984848484848485,1.9848484848484849,2.0,2.0,11.075757575757569,0.09090909090909091,0.0
46,CrossEntropyLoss,OCDF,0.030000000000000027,0.9545454545454546,2.984848484848485,1.9848484848484849,2.0,2.0,8.04545454545454,0.09090909090909091,0.0
46,CrossEntropyLoss,OCDF,0.050000000000000044,0.9393939393939394,2.8333333333333335,1.8333333333333333,1.75,2.0,6.075757575757573,0.10606060606060606,0.0
46,CrossEntropyLoss,OCDF,0.07999999999999996,0.9242424242424242,2.712121212121212,1.7121212121212122,1.6,2.0,4.742424242424244,0.12121212121212122,0.0
46,CrossEntropyLoss,OCDF,0.09999999999999998,0.8787878787878788,2.409090909090909,1.4090909090909092,1.625,2.0,5.348484848484849,0.19696969696969696,0.0
46,CrossEntropyLoss,OCDF,0.13,0.8484848484848485,2.242424242424242,1.2424242424242424,1.6,2.0,4.972027972027971,0.24242424242424243,0.0
46,CrossEntropyLoss,OCDF,0.15000000000000002,0.8484848484848485,2.227272727272727,1.2272727272727273,1.6,2.0,4.459595959595959,0.24242424242424243,0.0
46,CrossEntropyLoss,OCDF,0.18000000000000005,0.8181818181818182,1.0,0.0,1.8333333333333333,3.0,3.703703703703703,0.3333333333333333,0.0
46,CrossEntropyLoss,OCDF,0.19999999999999996,0.8181818181818182,1.0,0.0,1.8333333333333333,3.0,3.3333333333333344,0.3333333333333333,0.0
46,CrossEntropyLoss,APS,0.020000000000000018,0.9242424242424242,1.7121212121212122,0.9545454545454546,1.6,2.0,13.075757575757565,0.12121212121212122,0.21212121212121215
46,CrossEntropyLoss,APS,0.030000000000000027,0.9242424242424242,1.7121212121212122,0.9545454545454546,1.6,2.0,9.03535353535353,0.12121212121212122,0.21212121212121215
46,CrossEntropyLoss,APS,0.050000000000000044,0.9242424242424242,1.621212121212121,0.8484848484848485,1.6,2.0,5.696969696969693,0.12121212121212122,0.19696969696969702
46,CrossEntropyLoss,APS,0.07999999999999996,0.9090909090909091,1.4848484848484849,0.7272727272727273,1.5,2.0,4.1363636363636385,0.13636363636363635,0.21212121212121215
46,CrossEntropyLoss,APS,0.09999999999999998,0.8939393939393939,1.3333333333333333,0.5,1.8571428571428572,3.0,4.43939393939394,0.19696969696969696,0.13636363636363635
46,CrossEntropyLoss,APS,0.13,0.8636363636363636,1.2575757575757576,0.4393939393939394,2.111111111111111,3.0,4.4020979020979025,0.2878787878787879,0.13636363636363635
46,CrossEntropyLoss,APS,0.15000000000000002,0.8636363636363636,1.2424242424242424,0.42424242424242425,2.111111111111111,3.0,3.8585858585858586,0.2878787878787879,0.13636363636363635
46,CrossEntropyLoss,APS,0.18000000000000005,0.8484848484848485,1.2272727272727273,0.42424242424242425,2.2,3.0,3.6228956228956224,0.3333333333333333,0.13636363636363635
46,CrossEntropyLoss,APS,0.19999999999999996,0.803030303030303,1.121212121212121,0.3484848484848485,2.3846153846153846,3.0,3.37878787878788,0.4696969696969697,0.12121212121212122
46,CrossEntropyLoss,LAC,0.020000000000000018,0.9545454545454546,1.7272727272727273,1.0,2.0,2.0,10.090909090909085,0.09090909090909091,0.24242424242424243
46,CrossEntropyLoss,LAC,0.030000000000000027,0.9545454545454546,1.7272727272727273,1.0,2.0,2.0,7.060606060606055,0.09090909090909091,0.24242424242424243
46,CrossEntropyLoss,LAC,0.050000000000000044,0.9393939393939394,1.621212121212121,0.8636363636363636,1.75,2.0,5.106060606060603,0.10606060606060606,0.21212121212121215
46,CrossEntropyLoss,LAC,0.07999999999999996,0.9393939393939394,1.5757575757575757,0.8333333333333334,1.75,2.0,3.4848484848484866,0.10606060606060606,0.2272727272727273
46,CrossEntropyLoss,LAC,0.09999999999999998,0.8939393939393939,1.3181818181818181,0.5151515151515151,1.8571428571428572,3.0,4.454545454545455,0.19696969696969696,0.16666666666666663
46,CrossEntropyLoss,LAC,0.13,0.8939393939393939,1.1818181818181819,0.3181818181818182,1.8571428571428572,3.0,3.3484848484848486,0.19696969696969696,0.12121212121212122
46,CrossEntropyLoss,LAC,0.15000000000000002,0.8636363636363636,1.0757575757575757,0.16666666666666666,1.7777777777777777,3.0,3.398989898989899,0.24242424242424243,0.0757575757575758
46,CrossEntropyLoss,LAC,0.18000000000000005,0.7878787878787878,0.9090909090909091,0.0,2.357142857142857,3.0,4.208754208754208,0.5,0.0
46,CrossEntropyLoss,LAC,0.19999999999999996,0.7424242424242424,0.8636363636363636,0.0,2.4705882352941178,3.0,3.9393939393939403,0.6363636363636364,0.0
47,CrossEntropyLoss,min-CPS,0.020000000000000018,1.0,3.3636363636363638,2.3636363636363638,,0.0,2.3636363636363638,0.0,0.0
47,CrossEntropyLoss,min-CPS,0.030000000000000027,0.9545454545454546,1.9848484848484849,0.9848484848484849,2.0,2.0,7.0454545454545405,0.09090909090909091,0.0
47,CrossEntropyLoss,min-CPS,0.050000000000000044,0.9545454545454546,1.9696969696969697,0.9696969696969697,2.0,2.0,4.606060606060603,0.09090909090909091,0.0
47,CrossEntropyLoss,min-CPS,0.07999999999999996,0.8939393939393939,1.606060606060606,0.6060606060606061,1.5714285714285714,2.0,4.772727272727275,0.16666666666666666,0.0
47,CrossEntropyLoss,min-CPS,0.09999999999999998,0.8636363636363636,1.2575757575757576,0.25757575757575757,1.5555555555555556,2.0,4.500000000000001,0.21212121212121213,0.0
47,CrossEntropyLoss,min-CPS,0.13,0.8181818181818182,1.0303030303030303,0.030303030303030304,1.5,2.0,4.226107226107226,0.2727272727272727,0.0
47,CrossEntropyLoss,min-CPS,0.15000000000000002,0.803030303030303,1.0,0.0,1.5384615384615385,2.0,4.04040404040404,0.30303030303030304,0.0
47,CrossEntropyLoss,min-CPS,0.18000000000000005,0.803030303030303,1.0,0.0,1.5384615384615385,2.0,3.3670033670033663,0.30303030303030304,0.0
47,CrossEntropyLoss,min-CPS,0.19999999999999996,0.803030303030303,1.0,0.0,1.5384615384615385,2.0,3.030303030303031,0.30303030303030304,0.0
47,CrossEntropyLoss,RPS,0.020000000000000018,1.0,3.696969696969697,2.696969696969697,,0.0,2.696969696969697,0.0,0.0
47,CrossEntropyLoss,RPS,0.030000000000000027,1.0,3.696969696969697,2.696969696969697,,0.0,2.696969696969697,0.0,0.0
47,CrossEntropyLoss,RPS,0.050000000000000044,0.9545454545454546,2.909090909090909,1.9090909090909092,1.0,1.0,3.727272727272726,0.045454545454545456,0.0
47,CrossEntropyLoss,RPS,0.07999999999999996,0.9242424242424242,1.5303030303030303,0.5303030303030303,1.6,2.0,3.5606060606060623,0.12121212121212122,0.0
47,CrossEntropyLoss,RPS,0.09999999999999998,0.8787878787878788,1.4393939393939394,0.4393939393939394,1.375,2.0,3.7727272727272734,0.16666666666666666,0.0
47,CrossEntropyLoss,RPS,0.13,0.803030303030303,0.9848484848484849,0.0,1.6153846153846154,3.0,4.428904428904429,0.3181818181818182,0.0
47,CrossEntropyLoss,RPS,0.15000000000000002,0.803030303030303,0.9848484848484849,0.0,1.6153846153846154,3.0,3.838383838383838,0.3181818181818182,0.0
47,CrossEntropyLoss,RPS,0.18000000000000005,0.803030303030303,0.9848484848484849,0.0,1.6153846153846154,3.0,3.198653198653198,0.3181818181818182,0.0
47,CrossEntropyLoss,RPS,0.19999999999999996,0.7121212121212122,0.8484848484848485,0.0,2.3157894736842106,3.0,3.3333333333333344,0.6666666666666666,0.0
47,CrossEntropyLoss,OCDF,0.020000000000000018,1.0,3.6818181818181817,2.6818181818181817,,0.0,2.6818181818181817,0.0,0.0
47,CrossEntropyLoss,OCDF,0.030000000000000027,1.0,3.6818181818181817,2.6818181818181817,,0.0,2.6818181818181817,0.0,0.0
47,CrossEntropyLoss,OCDF,0.050000000000000044,0.9242424242424242,2.8333333333333335,1.8333333333333333,1.6,2.0,6.681818181818177,0.12121212121212122,0.0
47,CrossEntropyLoss,OCDF,0.07999999999999996,0.9090909090909091,2.5606060606060606,1.5606060606060606,1.5,2.0,4.9696969696969715,0.13636363636363635,0.0
47,CrossEntropyLoss,OCDF,0.09999999999999998,0.8787878787878788,2.484848484848485,1.4848484848484849,1.5,2.0,5.121212121212121,0.18181818181818182,0.0
47,CrossEntropyLoss,OCDF,0.13,0.8333333333333334,2.212121212121212,1.2121212121212122,1.4545454545454546,2.0,4.941724941724941,0.24242424242424243,0.0
47,CrossEntropyLoss,OCDF,0.15000000000000002,0.8181818181818182,2.1363636363636362,1.1363636363636365,1.4166666666666667,2.0,4.57070707070707,0.25757575757575757,0.0
47,CrossEntropyLoss,OCDF,0.18000000000000005,0.803030303030303,1.0,0.0,1.5384615384615385,2.0,3.3670033670033663,0.30303030303030304,0.0
47,CrossEntropyLoss,OCDF,0.19999999999999996,0.803030303030303,1.0,0.0,1.5384615384615385,2.0,3.030303030303031,0.30303030303030304,0.0
47,CrossEntropyLoss,APS,0.020000000000000018,1.0,3.015151515151515,2.242424242424242,,0.0,2.242424242424242,0.0,0.21212121212121215
47,CrossEntropyLoss,APS,0.030000000000000027,1.0,3.015151515151515,2.242424242424242,,0.0,2.242424242424242,0.0,0.21212121212121215
47,CrossEntropyLoss,APS,0.050000000000000044,0.9242424242424242,1.6363636363636365,0.8636363636363636,1.6,2.0,5.7121212121212075,0.12121212121212122,0.19696969696969702
47,CrossEntropyLoss,APS,0.07999999999999996,0.9090909090909091,1.5606060606060606,0.7878787878787878,1.5,2.0,4.196969696969699,0.13636363636363635,0.18181818181818177
47,CrossEntropyLoss,APS,0.09999999999999998,0.8636363636363636,1.3636363636363635,0.5303030303030303,1.7777777777777777,3.0,4.469696969696971,0.24242424242424243,0.13636363636363635
47,CrossEntropyLoss,APS,0.13,0.8181818181818182,1.2575757575757576,0.4393939393939394,1.9166666666666667,3.0,4.868298368298368,0.3484848484848485,0.12121212121212122
47,CrossEntropyLoss,APS,0.15000000000000002,0.7878787878787878,1.196969696969697,0.42424242424242425,2.0714285714285716,3.0,5.272727272727272,0.4393939393939394,0.13636363636363635
47,CrossEntropyLoss,APS,0.18000000000000005,0.7878787878787878,1.121212121212121,0.3181818181818182,2.0714285714285716,3.0,4.358585858585857,0.4393939393939394,0.10606060606060608
47,CrossEntropyLoss,APS,0.19999999999999996,0.7878787878787878,1.0909090909090908,0.25757575757575757,2.0714285714285716,3.0,3.893939393939395,0.4393939393939394,0.0757575757575758
47,CrossEntropyLoss,LAC,0.020000000000000018,1.0,3.212121212121212,2.3484848484848486,,0.0,2.3484848484848486,0.0,0.13636363636363635
47,CrossEntropyLoss,LAC,0.030000000000000027,1.0,3.212121212121212,2.3484848484848486,,0.0,2.3484848484848486,0.0,0.13636363636363635
47,CrossEntropyLoss,LAC,0.050000000000000044,0.9393939393939394,1.7272727272727273,0.9545454545454546,1.75,2.0,5.196969696969694,0.10606060606060606,0.19696969696969702
47,CrossEntropyLoss,LAC,0.07999999999999996,0.9242424242424242,1.6515151515151516,0.8787878787878788,1.6,2.0,3.909090909090911,0.12121212121212122,0.18181818181818177
47,CrossEntropyLoss,LAC,0.09999999999999998,0.8787878787878788,1.1818181818181819,0.3181818181818182,1.625,2.0,4.257575757575759,0.19696969696969696,0.10606060606060608
47,CrossEntropyLoss,LAC,0.13,0.803030303030303,1.0,0.0,1.5384615384615385,2.0,4.662004662004661,0.30303030303030304,0.0
47,CrossEntropyLoss,LAC,0.15000000000000002,0.803030303030303,1.0,0.0,1.5384615384615385,2.0,4.04040404040404,0.30303030303030304,0.0
47,CrossEntropyLoss,LAC,0.18000000000000005,0.803030303030303,0.9545454545454546,0.0,1.9230769230769231,3.0,3.535353535353535,0.3787878787878788,0.0
47,CrossEntropyLoss,LAC,0.19999999999999996,0.7272727272727273,0.8636363636363636,0.0,2.2777777777777777,3.0,3.3333333333333344,0.6212121212121212,0.0
48,CrossEntropyLoss,min-CPS,0.020000000000000018,1.0,3.484848484848485,2.484848484848485,,0.0,2.484848484848485,0.0,0.0
48,CrossEntropyLoss,min-CPS,0.030000000000000027,0.9696969696969697,2.0303030303030303,1.0303030303030303,2.0,2.0,5.070707070707067,0.06060606060606061,0.0
48,CrossEntropyLoss,min-CPS,0.050000000000000044,0.9696969696969697,1.8333333333333333,0.8333333333333334,2.0,2.0,3.2575757575757556,0.06060606060606061,0.0
48,CrossEntropyLoss,min-CPS,0.07999999999999996,0.9696969696969697,1.7424242424242424,0.7424242424242424,2.0,2.0,2.2575757575757582,0.06060606060606061,0.0
48,CrossEntropyLoss,min-CPS,0.09999999999999998,0.9696969696969697,1.7424242424242424,0.7424242424242424,2.0,2.0,1.9545454545454546,0.06060606060606061,0.0
48,CrossEntropyLoss,min-CPS,0.13,0.9393939393939394,1.393939393939394,0.3939393939393939,1.75,2.0,2.0256410256410255,0.10606060606060606,0.0
48,CrossEntropyLoss,min-CPS,0.15000000000000002,0.9393939393939394,1.196969696969697,0.19696969696969696,1.75,2.0,1.611111111111111,0.10606060606060606,0.0
48,CrossEntropyLoss,min-CPS,0.18000000000000005,0.9393939393939394,1.1818181818181819,0.18181818181818182,1.75,2.0,1.36026936026936,0.10606060606060606,0.0
48,CrossEntropyLoss,min-CPS,0.19999999999999996,0.9393939393939394,1.0909090909090908,0.09090909090909091,1.75,2.0,1.1515151515151518,0.10606060606060606,0.0
48,CrossEntropyLoss,RPS,0.020000000000000018,1.0,3.5606060606060606,2.5606060606060606,,0.0,2.5606060606060606,0.0,0.0
48,CrossEntropyLoss,RPS,0.030000000000000027,1.0,3.5606060606060606,2.5606060606060606,,0.0,2.5606060606060606,0.0,0.0
48,CrossEntropyLoss,RPS,0.050000000000000044,0.9696969696969697,2.8484848484848486,1.8484848484848484,1.0,1.0,3.0606060606060597,0.030303030303030304,0.0
48,CrossEntropyLoss,RPS,0.07999999999999996,0.9545454545454546,2.6666666666666665,1.6666666666666667,1.0,1.0,2.803030303030304,0.045454545454545456,0.0
48,CrossEntropyLoss,RPS,0.09999999999999998,0.9545454545454546,2.5606060606060606,1.5606060606060606,1.0,1.0,2.4696969696969697,0.045454545454545456,0.0
48,CrossEntropyLoss,RPS,0.13,0.9545454545454546,1.4545454545454546,0.45454545454545453,1.6666666666666667,2.0,1.6200466200466197,0.07575757575757576,0.0
48,CrossEntropyLoss,RPS,0.15000000000000002,0.9545454545454546,1.4393939393939394,0.4393939393939394,1.6666666666666667,2.0,1.4494949494949494,0.07575757575757576,0.0
48,CrossEntropyLoss,RPS,0.18000000000000005,0.9393939393939394,1.2575757575757576,0.25757575757575757,1.75,2.0,1.436026936026936,0.10606060606060606,0.0
48,CrossEntropyLoss,RPS,0.19999999999999996,0.9393939393939394,1.1363636363636365,0.13636363636363635,1.75,2.0,1.1969696969696972,0.10606060606060606,0.0
48,CrossEntropyLoss,OCDF,0.020000000000000018,1.0,3.8181818181818183,2.8181818181818183,,0.0,2.8181818181818183,0.0,0.0
48,CrossEntropyLoss,OCDF,0.030000000000000027,1.0,3.8181818181818183,2.8181818181818183,,0.0,2.8181818181818183,0.0,0.0
48,CrossEntropyLoss,OCDF,0.050000000000000044,0.9696969696969697,2.909090909090909,1.9090909090909092,2.0,2.0,4.333333333333331,0.06060606060606061,0.0
48,CrossEntropyLoss,OCDF,0.07999999999999996,0.9545454545454546,2.803030303030303,1.803030303030303,1.6666666666666667,2.0,3.696969696969698,0.07575757575757576,0.0
48,CrossEntropyLoss,OCDF,0.09999999999999998,0.9545454545454546,2.772727272727273,1.7727272727272727,1.6666666666666667,2.0,3.287878787878788,0.07575757575757576,0.0
48,CrossEntropyLoss,OCDF,0.13,0.9545454545454546,2.5454545454545454,1.5454545454545454,1.6666666666666667,2.0,2.7109557109557105,0.07575757575757576,0.0
48,CrossEntropyLoss,OCDF,0.15000000000000002,0.9545454545454546,2.515151515151515,1.5151515151515151,1.6666666666666667,2.0,2.525252525252525,0.07575757575757576,0.0
48,CrossEntropyLoss,OCDF,0.18000000000000005,0.8939393939393939,2.3484848484848486,1.3484848484848484,1.4285714285714286,2.0,3.0319865319865316,0.15151515151515152,0.0
48,CrossEntropyLoss,OCDF,0.19999999999999996,0.8939393939393939,2.3181818181818183,1.3181818181818181,1.4285714285714286,2.0,2.8333333333333335,0.15151515151515152,0.0
48,CrossEntropyLoss,APS,0.020000000000000018,1.0,3.0606060606060606,2.303030303030303,,0.0,2.303030303030303,0.0,0.2272727272727273
48,CrossEntropyLoss,APS,0.030000000000000027,1.0,3.0606060606060606,2.303030303030303,,0.0,2.303030303030303,0.0,0.2272727272727273
48,CrossEntropyLoss,APS,0.050000000000000044,0.9696969696969697,1.8333333333333333,1.106060606060606,2.0,2.0,3.530303030303028,0.06060606060606061,0.2272727272727273
48,CrossEntropyLoss,APS,0.07999999999999996,0.9696969696969697,1.6818181818181819,0.9090909090909091,2.0,2.0,2.424242424242425,0.06060606060606061,0.19696969696969702
48,CrossEntropyLoss,APS,0.09999999999999998,0.9545454545454546,1.5606060606060606,0.7121212121212122,1.6666666666666667,2.0,2.2272727272727275,0.07575757575757576,0.13636363636363635
48,CrossEntropyLoss,APS,0.13,0.9393939393939394,1.4090909090909092,0.5303030303030303,1.75,2.0,2.162004662004662,0.10606060606060606,0.10606060606060608
48,CrossEntropyLoss,APS,0.15000000000000002,0.9393939393939394,1.4090909090909092,0.5303030303030303,1.75,2.0,1.9444444444444442,0.10606060606060606,0.10606060606060608
48,CrossEntropyLoss,APS,0.18000000000000005,0.8939393939393939,1.1515151515151516,0.2878787878787879,2.2857142857142856,3.0,2.644781144781144,0.24242424242424243,0.09090909090909094
48,CrossEntropyLoss,APS,0.19999999999999996,0.8787878787878788,1.121212121212121,0.25757575757575757,2.375,3.0,2.6818181818181825,0.2878787878787879,0.0757575757575758
48,CrossEntropyLoss,LAC,0.020000000000000018,1.0,3.272727272727273,2.4393939393939394,,0.0,2.4393939393939394,0.0,0.16666666666666663
48,CrossEntropyLoss,LAC,0.030000000000000027,1.0,3.272727272727273,2.4393939393939394,,0.0,2.4393939393939394,0.0,0.16666666666666663
48,CrossEntropyLoss,LAC,0.050000000000000044,0.9696969696969697,1.7727272727272727,0.9696969696969697,2.0,2.0,3.393939393939392,0.06060606060606061,0.16666666666666663
48,CrossEntropyLoss,LAC,0.07999999999999996,0.9696969696969697,1.606060606060606,0.7272727272727273,2.0,2.0,2.242424242424243,0.06060606060606061,0.10606060606060608
48,CrossEntropyLoss,LAC,0.09999999999999998,0.9696969696969697,1.5454545454545454,0.6666666666666666,2.0,2.0,1.878787878787879,0.06060606060606061,0.10606060606060608
48,CrossEntropyLoss,LAC,0.13,0.9696969696969697,1.5303030303030303,0.6666666666666666,2.0,2.0,1.5990675990675989,0.06060606060606061,0.12121212121212122
48,CrossEntropyLoss,LAC,0.15000000000000002,0.9393939393939394,1.2878787878787878,0.3787878787878788,1.75,2.0,1.7929292929292928,0.10606060606060606,0.09090909090909094
48,CrossEntropyLoss,LAC,0.18000000000000005,0.9393939393939394,1.1363636363636365,0.19696969696969696,1.75,2.0,1.3754208754208754,0.10606060606060606,0.06060606060606055
48,CrossEntropyLoss,LAC,0.19999999999999996,0.9242424242424242,1.0454545454545454,0.07575757575757576,1.6,2.0,1.2878787878787883,0.12121212121212122,0.030303030303030276
49,CrossEntropyLoss,min-CPS,0.020000000000000018,1.0,3.393939393939394,2.393939393939394,,0.0,2.393939393939394,0.0,0.0
49,CrossEntropyLoss,min-CPS,0.030000000000000027,0.9848484848484849,2.4242424242424243,1.4242424242424243,2.0,2.0,3.444444444444443,0.030303030303030304,0.0
49,CrossEntropyLoss,min-CPS,0.050000000000000044,0.9848484848484849,2.378787878787879,1.378787878787879,2.0,2.0,2.59090909090909,0.030303030303030304,0.0
49,CrossEntropyLoss,min-CPS,0.07999999999999996,0.9393939393939394,2.0757575757575757,1.0757575757575757,1.25,2.0,2.9696969696969706,0.07575757575757576,0.0
49,CrossEntropyLoss,min-CPS,0.09999999999999998,0.9393939393939394,2.0454545454545454,1.0454545454545454,1.25,2.0,2.560606060606061,0.07575757575757576,0.0
49,CrossEntropyLoss,min-CPS,0.13,0.9393939393939394,2.0,1.0,1.25,2.0,2.165501165501165,0.07575757575757576,0.0
49,CrossEntropyLoss,min-CPS,0.15000000000000002,0.9393939393939394,1.3636363636363635,0.36363636363636365,1.75,3.0,1.7777777777777775,0.10606060606060606,0.0
49,CrossEntropyLoss,min-CPS,0.18000000000000005,0.8939393939393939,1.0606060606060606,0.06060606060606061,1.7142857142857142,3.0,2.0808080808080804,0.18181818181818182,0.0
49,CrossEntropyLoss,min-CPS,0.19999999999999996,0.8787878787878788,1.0303030303030303,0.030303030303030304,1.625,3.0,2.0000000000000004,0.19696969696969696,0.0
49,CrossEntropyLoss,RPS,0.020000000000000018,0.9848484848484849,3.4242424242424243,2.4242424242424243,1.0,1.0,3.9393939393939377,0.015151515151515152,0.0
49,CrossEntropyLoss,RPS,0.030000000000000027,0.9848484848484849,3.4242424242424243,2.4242424242424243,1.0,1.0,3.434343434343434,0.015151515151515152,0.0
49,CrossEntropyLoss,RPS,0.050000000000000044,0.9696969696969697,3.090909090909091,2.090909090909091,1.0,1.0,3.3030303030303023,0.030303030303030304,0.0
49,CrossEntropyLoss,RPS,0.07999999999999996,0.9696969696969697,2.984848484848485,1.9848484848484849,1.0,1.0,2.7424242424242427,0.030303030303030304,0.0
49,CrossEntropyLoss,RPS,0.09999999999999998,0.9696969696969697,2.8636363636363638,1.8636363636363635,1.5,2.0,2.772727272727273,0.045454545454545456,0.0
49,CrossEntropyLoss,RPS,0.13,0.9242424242424242,1.5606060606060606,0.5606060606060606,1.4,2.0,2.192307692307692,0.10606060606060606,0.0
49,CrossEntropyLoss,RPS,0.15000000000000002,0.9242424242424242,1.5606060606060606,0.5606060606060606,1.4,2.0,1.974747474747475,0.10606060606060606,0.0
49,CrossEntropyLoss,RPS,0.18000000000000005,0.8939393939393939,1.0909090909090908,0.09090909090909091,1.5714285714285714,3.0,1.9427609427609425,0.16666666666666666,0.0
49,CrossEntropyLoss,RPS,0.19999999999999996,0.8939393939393939,1.0151515151515151,0.015151515151515152,1.7142857142857142,3.0,1.8333333333333337,0.18181818181818182,0.0
49,CrossEntropyLoss,OCDF,0.020000000000000018,1.0,3.6818181818181817,2.6818181818181817,,0.0,2.6818181818181817,0.0,0.0
49,CrossEntropyLoss,OCDF,0.030000000000000027,1.0,3.6818181818181817,2.6818181818181817,,0.0,2.6818181818181817,0.0,0.0
49,CrossEntropyLoss,OCDF,0.050000000000000044,0.9848484848484849,3.1515151515151514,2.1515151515151514,2.0,2.0,3.363636363636363,0.030303030303030304,0.0
49,CrossEntropyLoss,OCDF,0.07999999999999996,0.9848484848484849,3.015151515151515,2.015151515151515,2.0,2.0,2.7727272727272734,0.030303030303030304,0.0
49,CrossEntropyLoss,OCDF,0.09999999999999998,0.9848484848484849,3.0,2.0,2.0,2.0,2.606060606060606,0.030303030303030304,0.0
49,CrossEntropyLoss,OCDF,0.13,0.9242424242424242,2.5,1.5,1.6,2.0,3.3648018648018647,0.12121212121212122,0.0
49,CrossEntropyLoss,OCDF,0.15000000000000002,0.8939393939393939,2.4393939393939394,1.4393939393939394,1.4285714285714286,2.0,3.4595959595959593,0.15151515151515152,0.0
49,CrossEntropyLoss,OCDF,0.18000000000000005,0.8939393939393939,2.3333333333333335,1.3333333333333333,1.4285714285714286,2.0,3.0168350168350164,0.15151515151515152,0.0
49,CrossEntropyLoss,OCDF,0.19999999999999996,0.8636363636363636,2.015151515151515,1.0151515151515151,1.4444444444444444,2.0,2.984848484848485,0.19696969696969696,0.0
49,CrossEntropyLoss,APS,0.020000000000000018,1.0,3.3181818181818183,2.409090909090909,,0.0,2.409090909090909,0.0,0.09090909090909094
49,CrossEntropyLoss,APS,0.030000000000000027,1.0,3.3181818181818183,2.409090909090909,,0.0,2.409090909090909,0.0,0.09090909090909094
49,CrossEntropyLoss,APS,0.050000000000000044,0.9696969696969697,1.8484848484848484,1.1818181818181819,1.5,2.0,2.393939393939393,0.045454545454545456,0.2727272727272727
49,CrossEntropyLoss,APS,0.07999999999999996,0.9545454545454546,1.7878787878787878,1.106060606060606,1.3333333333333333,2.0,2.242424242424243,0.06060606060606061,0.25757575757575757
49,CrossEntropyLoss,APS,0.09999999999999998,0.9393939393939394,1.7575757575757576,1.0909090909090908,1.25,2.0,2.303030303030303,0.07575757575757576,0.25757575757575757
49,CrossEntropyLoss,APS,0.13,0.9393939393939394,1.4848484848484849,0.7272727272727273,1.25,2.0,1.8927738927738924,0.07575757575757576,0.19696969696969702
49,CrossEntropyLoss,APS,0.15000000000000002,0.9393939393939394,1.4090909090909092,0.6212121212121212,1.25,2.0,1.6313131313131313,0.07575757575757576,0.18181818181818177
49,CrossEntropyLoss,APS,0.18000000000000005,0.9090909090909091,1.2424242424242424,0.42424242424242425,2.0,3.0,2.1077441077441073,0.18181818181818182,0.13636363636363635
49,CrossEntropyLoss,APS,0.19999999999999996,0.9090909090909091,1.2424242424242424,0.42424242424242425,2.0,3.0,1.93939393939394,0.18181818181818182,0.13636363636363635
49,CrossEntropyLoss,LAC,0.020000000000000018,1.0,3.272727272727273,2.393939393939394,,0.0,2.393939393939394,0.0,0.12121212121212122
49,CrossEntropyLoss,LAC,0.030000000000000027,1.0,3.272727272727273,2.393939393939394,,0.0,2.393939393939394,0.0,0.12121212121212122
49,CrossEntropyLoss,LAC,0.050000000000000044,0.9848484848484849,2.015151515151515,1.378787878787879,2.0,2.0,2.59090909090909,0.030303030303030304,0.31818181818181823
49,CrossEntropyLoss,LAC,0.07999999999999996,0.9393939393939394,1.7575757575757576,1.0757575757575757,1.25,2.0,2.9696969696969706,0.07575757575757576,0.25757575757575757
49,CrossEntropyLoss,LAC,0.09999999999999998,0.9393939393939394,1.7575757575757576,1.0757575757575757,1.25,2.0,2.5909090909090913,0.07575757575757576,0.25757575757575757
49,CrossEntropyLoss,LAC,0.13,0.9393939393939394,1.6515151515151516,0.9696969696969697,1.25,2.0,2.135198135198135,0.07575757575757576,0.24242424242424243
49,CrossEntropyLoss,LAC,0.15000000000000002,0.9393939393939394,1.3484848484848484,0.5757575757575758,1.75,3.0,1.9898989898989896,0.10606060606060606,0.18181818181818177
49,CrossEntropyLoss,LAC,0.18000000000000005,0.9090909090909091,1.0909090909090908,0.18181818181818182,1.6666666666666667,3.0,1.865319865319865,0.15151515151515152,0.0757575757575758
49,CrossEntropyLoss,LAC,0.19999999999999996,0.9090909090909091,1.0757575757575757,0.15151515151515152,1.6666666666666667,3.0,1.6666666666666672,0.15151515151515152,0.06060606060606055
