iteration,loss,score,ALPHA,COV,PS,MW,MAMM,WAMM,AISL,MASE,CV%
0,COPOC,min-CPS,0.010000000000000009,0.995,7.75,6.75,1.0,1.0,7.749999999999999,0.005,0.0
0,COPOC,min-CPS,0.020000000000000018,0.98,7.2,6.2,1.0,1.0,8.199999999999998,0.02,0.0
0,COPOC,min-CPS,0.030000000000000027,0.98,6.935,5.935,1.25,2.0,7.601666666666665,0.025,0.0
0,COPOC,min-CPS,0.050000000000000044,0.98,6.81,5.81,1.25,2.0,6.81,0.025,0.0
0,COPOC,min-CPS,0.07999999999999996,0.965,6.41,5.41,1.2857142857142858,2.0,6.535,0.045,0.0
0,COPOC,min-CPS,0.09999999999999998,0.96,6.26,5.26,1.375,2.0,6.36,0.055,0.0
0,COPOC,min-CPS,0.13,0.955,5.77,4.77,1.4444444444444444,2.0,5.77,0.065,0.0
0,COPOC,min-CPS,0.15000000000000002,0.94,5.62,4.62,1.3333333333333333,2.0,5.6866666666666665,0.08,0.0
0,COPOC,min-CPS,0.18000000000000005,0.86,4.77,3.77,1.3928571428571428,3.0,5.936666666666665,0.195,0.0
0,COPOC,min-CPS,0.19999999999999996,0.86,4.725,3.725,1.4285714285714286,3.0,5.725,0.2,0.0
0,COPOC,RPS,0.010000000000000009,0.995,7.605,6.605,1.0,1.0,7.604999999999999,0.005,0.0
0,COPOC,RPS,0.020000000000000018,0.995,7.51,6.51,1.0,1.0,7.01,0.005,0.0
0,COPOC,RPS,0.030000000000000027,0.985,6.96,5.96,1.0,1.0,6.96,0.015,0.0
0,COPOC,RPS,0.050000000000000044,0.98,6.64,5.64,1.0,1.0,6.44,0.02,0.0
0,COPOC,RPS,0.07999999999999996,0.98,6.35,5.35,1.25,2.0,5.975,0.025,0.0
0,COPOC,RPS,0.09999999999999998,0.975,6.025,5.025,1.2,2.0,5.625,0.03,0.0
0,COPOC,RPS,0.13,0.96,5.54,4.54,1.375,2.0,5.386153846153847,0.055,0.0
0,COPOC,RPS,0.15000000000000002,0.935,5.15,4.15,1.2307692307692308,2.0,5.216666666666666,0.08,0.0
0,COPOC,RPS,0.18000000000000005,0.88,4.59,3.59,1.2083333333333333,3.0,5.201111111111111,0.145,0.0
0,COPOC,RPS,0.19999999999999996,0.855,4.32,3.32,1.2413793103448276,3.0,5.12,0.18,0.0
0,COPOC,OCDF,0.010000000000000009,1.0,8.655,7.655,,0.0,7.655,0.0,0.0
0,COPOC,OCDF,0.020000000000000018,0.98,8.185,7.185,1.25,2.0,9.684999999999997,0.025,0.0
0,COPOC,OCDF,0.030000000000000027,0.975,8.09,7.09,1.2,2.0,9.089999999999998,0.03,0.0
0,COPOC,OCDF,0.050000000000000044,0.965,7.9,6.9,1.2857142857142858,2.0,8.7,0.045,0.0
0,COPOC,OCDF,0.07999999999999996,0.95,7.285,6.285,1.3,2.0,7.91,0.065,0.0
0,COPOC,OCDF,0.09999999999999998,0.94,7.13,6.13,1.25,2.0,7.63,0.075,0.0
0,COPOC,OCDF,0.13,0.92,6.52,5.52,1.4375,3.0,7.289230769230769,0.115,0.0
0,COPOC,OCDF,0.15000000000000002,0.905,5.74,4.74,1.5789473684210527,3.0,6.74,0.15,0.0
0,COPOC,OCDF,0.18000000000000005,0.87,5.42,4.42,1.5384615384615385,3.0,6.642222222222221,0.2,0.0
0,COPOC,OCDF,0.19999999999999996,0.865,5.24,4.24,1.5185185185185186,3.0,6.29,0.205,0.0
0,COPOC,APS,0.010000000000000009,1.0,7.895,6.895,,0.0,6.895,0.0,0.0
0,COPOC,APS,0.020000000000000018,0.985,7.15,6.15,1.0,1.0,7.649999999999998,0.015,0.0
0,COPOC,APS,0.030000000000000027,0.98,6.91,5.91,1.0,1.0,7.243333333333332,0.02,0.0
0,COPOC,APS,0.050000000000000044,0.98,6.795,5.795,1.0,1.0,6.595,0.02,0.0
0,COPOC,APS,0.07999999999999996,0.975,6.405,5.405,1.4,2.0,6.28,0.035,0.0
0,COPOC,APS,0.09999999999999998,0.975,6.27,5.27,1.6,2.0,6.07,0.04,0.0
0,COPOC,APS,0.13,0.95,5.96,4.96,1.3,2.0,5.96,0.065,0.0
0,COPOC,APS,0.15000000000000002,0.93,5.495,4.495,1.2142857142857142,2.0,5.628333333333333,0.085,0.0
0,COPOC,APS,0.18000000000000005,0.91,4.955,3.955,1.4444444444444444,3.0,5.399444444444444,0.13,0.0
0,COPOC,APS,0.19999999999999996,0.88,4.785,3.785,1.4583333333333333,3.0,5.535,0.175,0.0
0,COPOC,LAC,0.010000000000000009,0.995,7.745,6.745,1.0,1.0,7.744999999999999,0.005,0.0
0,COPOC,LAC,0.020000000000000018,0.985,7.425,6.425,1.0,1.0,7.924999999999998,0.015,0.0
0,COPOC,LAC,0.030000000000000027,0.98,7.145,6.145,1.0,1.0,7.478333333333333,0.02,0.0
0,COPOC,LAC,0.050000000000000044,0.975,6.795,5.795,1.2,2.0,6.995,0.03,0.0
0,COPOC,LAC,0.07999999999999996,0.965,6.48,5.48,1.2857142857142858,2.0,6.605,0.045,0.0
0,COPOC,LAC,0.09999999999999998,0.955,6.155,5.155,1.3333333333333333,2.0,6.355,0.06,0.0
0,COPOC,LAC,0.13,0.945,5.72,4.72,1.3636363636363635,2.0,5.873846153846155,0.075,0.0
0,COPOC,LAC,0.15000000000000002,0.935,5.51,4.51,1.3846153846153846,2.0,5.71,0.09,0.0
0,COPOC,LAC,0.18000000000000005,0.91,5.01,4.01,1.3888888888888888,2.0,5.398888888888888,0.125,0.0
0,COPOC,LAC,0.19999999999999996,0.89,4.65,3.65,1.3636363636363635,2.0,5.15,0.15,0.0
1,COPOC,min-CPS,0.010000000000000009,0.975,7.215,6.215,1.2,2.0,12.214999999999996,0.03,0.0
1,COPOC,min-CPS,0.020000000000000018,0.975,6.935,5.935,1.6,3.0,9.934999999999997,0.04,0.0
1,COPOC,min-CPS,0.030000000000000027,0.97,6.885,5.885,1.6666666666666667,3.0,9.21833333333333,0.05,0.0
1,COPOC,min-CPS,0.050000000000000044,0.935,6.425,5.425,1.4615384615384615,3.0,9.224999999999998,0.095,0.0
1,COPOC,min-CPS,0.07999999999999996,0.92,6.045,5.045,1.4375,3.0,7.920000000000003,0.115,0.0
1,COPOC,min-CPS,0.09999999999999998,0.915,5.775,4.775,1.5294117647058822,3.0,7.375,0.13,0.0
1,COPOC,min-CPS,0.13,0.89,5.48,4.48,1.7272727272727273,4.0,7.403076923076924,0.19,0.0
1,COPOC,min-CPS,0.15000000000000002,0.835,4.89,3.89,1.6666666666666667,4.0,7.556666666666667,0.275,0.0
1,COPOC,min-CPS,0.18000000000000005,0.83,4.75,3.75,1.6764705882352942,4.0,6.916666666666665,0.285,0.0
1,COPOC,min-CPS,0.19999999999999996,0.815,4.725,3.725,1.6486486486486487,4.0,6.775,0.305,0.0
1,COPOC,RPS,0.010000000000000009,0.98,7.345,6.345,1.25,2.0,11.344999999999995,0.025,0.0
1,COPOC,RPS,0.020000000000000018,0.97,6.88,5.88,1.1666666666666667,2.0,9.379999999999997,0.035,0.0
1,COPOC,RPS,0.030000000000000027,0.97,6.675,5.675,1.1666666666666667,2.0,8.008333333333333,0.035,0.0
1,COPOC,RPS,0.050000000000000044,0.95,6.365,5.365,1.5,3.0,8.364999999999998,0.075,0.0
1,COPOC,RPS,0.07999999999999996,0.935,5.735,4.735,1.3846153846153846,3.0,6.985000000000001,0.09,0.0
1,COPOC,RPS,0.09999999999999998,0.89,5.14,4.14,1.3181818181818181,3.0,7.04,0.145,0.0
1,COPOC,RPS,0.13,0.835,4.58,3.58,1.4545454545454546,4.0,7.272307692307693,0.24,0.0
1,COPOC,RPS,0.15000000000000002,0.805,4.34,3.34,1.435897435897436,4.0,7.073333333333332,0.28,0.0
1,COPOC,RPS,0.18000000000000005,0.795,4.28,3.28,1.4146341463414633,4.0,6.502222222222222,0.29,0.0
1,COPOC,RPS,0.19999999999999996,0.785,4.16,3.16,1.3953488372093024,4.0,6.16,0.3,0.0
1,COPOC,OCDF,0.010000000000000009,0.995,8.565,7.565,1.0,1.0,8.565,0.005,0.0
1,COPOC,OCDF,0.020000000000000018,0.98,8.17,7.17,1.5,3.0,10.169999999999996,0.03,0.0
1,COPOC,OCDF,0.030000000000000027,0.96,7.88,6.88,1.375,3.0,10.546666666666665,0.055,0.0
1,COPOC,OCDF,0.050000000000000044,0.945,7.575,6.575,1.3636363636363635,3.0,9.574999999999998,0.075,0.0
1,COPOC,OCDF,0.07999999999999996,0.925,7.175,6.175,1.3333333333333333,3.0,8.675000000000002,0.1,0.0
1,COPOC,OCDF,0.09999999999999998,0.905,6.85,5.85,1.3157894736842106,4.0,8.35,0.125,0.0
1,COPOC,OCDF,0.13,0.875,5.895,4.895,1.64,4.0,8.048846153846153,0.205,0.0
1,COPOC,OCDF,0.15000000000000002,0.835,5.535,4.535,1.606060606060606,4.0,8.068333333333333,0.265,0.0
1,COPOC,OCDF,0.18000000000000005,0.82,5.07,4.07,1.6388888888888888,4.0,7.347777777777777,0.295,0.0
1,COPOC,OCDF,0.19999999999999996,0.77,4.81,3.81,1.5434782608695652,4.0,7.36,0.355,0.0
1,COPOC,APS,0.010000000000000009,0.975,7.155,6.155,1.6,3.0,14.154999999999994,0.04,0.0
1,COPOC,APS,0.020000000000000018,0.975,6.93,5.93,1.6,3.0,9.929999999999996,0.04,0.0
1,COPOC,APS,0.030000000000000027,0.97,6.755,5.755,1.6666666666666667,3.0,9.088333333333331,0.05,0.0
1,COPOC,APS,0.050000000000000044,0.945,6.295,5.295,1.6363636363636365,3.0,8.894999999999998,0.09,0.0
1,COPOC,APS,0.07999999999999996,0.92,5.805,4.805,1.625,4.0,8.055000000000001,0.13,0.0
1,COPOC,APS,0.09999999999999998,0.915,5.685,4.685,1.588235294117647,4.0,7.385,0.135,0.0
1,COPOC,APS,0.13,0.905,5.405,4.405,1.631578947368421,4.0,6.789615384615384,0.155,0.0
1,COPOC,APS,0.15000000000000002,0.85,5.07,4.07,1.5666666666666667,4.0,7.203333333333332,0.235,0.0
1,COPOC,APS,0.18000000000000005,0.81,4.75,3.75,1.5526315789473684,4.0,7.027777777777777,0.295,0.0
1,COPOC,APS,0.19999999999999996,0.81,4.66,3.66,1.605263157894737,5.0,6.71,0.305,0.0
1,COPOC,LAC,0.010000000000000009,0.975,7.42,6.42,1.2,2.0,12.419999999999995,0.03,0.0
1,COPOC,LAC,0.020000000000000018,0.975,7.155,6.155,1.2,2.0,9.154999999999996,0.03,0.0
1,COPOC,LAC,0.030000000000000027,0.97,6.955,5.955,1.5,2.0,8.954999999999998,0.045,0.0
1,COPOC,LAC,0.050000000000000044,0.955,6.77,5.77,1.5555555555555556,3.0,8.569999999999999,0.07,0.0
1,COPOC,LAC,0.07999999999999996,0.92,6.055,5.055,1.4375,3.0,7.930000000000002,0.115,0.0
1,COPOC,LAC,0.09999999999999998,0.905,5.68,4.68,1.5263157894736843,3.0,7.58,0.145,0.0
1,COPOC,LAC,0.13,0.885,5.405,4.405,1.5217391304347827,3.0,7.097307692307693,0.175,0.0
1,COPOC,LAC,0.15000000000000002,0.88,5.095,4.095,1.6666666666666667,3.0,6.761666666666665,0.2,0.0
1,COPOC,LAC,0.18000000000000005,0.855,4.69,3.69,1.5862068965517242,3.0,6.245555555555554,0.23,0.0
1,COPOC,LAC,0.19999999999999996,0.835,4.445,3.445,1.6666666666666667,3.0,6.195,0.275,0.0
2,COPOC,min-CPS,0.010000000000000009,1.0,7.97,6.97,,0.0,6.97,0.0,0.0
2,COPOC,min-CPS,0.020000000000000018,1.0,7.68,6.68,,0.0,6.68,0.0,0.0
2,COPOC,min-CPS,0.030000000000000027,0.975,6.935,5.935,1.0,1.0,7.601666666666665,0.025,0.0
2,COPOC,min-CPS,0.050000000000000044,0.95,6.45,5.45,1.1,2.0,7.649999999999998,0.055,0.0
2,COPOC,min-CPS,0.07999999999999996,0.915,5.995,4.995,1.2352941176470589,2.0,7.620000000000002,0.105,0.0
2,COPOC,min-CPS,0.09999999999999998,0.895,5.63,4.63,1.5238095238095237,3.0,7.83,0.16,0.0
2,COPOC,min-CPS,0.13,0.88,5.42,4.42,1.5,3.0,7.189230769230769,0.18,0.0
2,COPOC,min-CPS,0.15000000000000002,0.85,4.97,3.97,1.6,3.0,7.17,0.24,0.0
2,COPOC,min-CPS,0.18000000000000005,0.83,4.74,3.74,1.7647058823529411,3.0,7.073333333333332,0.3,0.0
2,COPOC,min-CPS,0.19999999999999996,0.805,4.645,3.645,1.7435897435897436,3.0,7.045,0.34,0.0
2,COPOC,RPS,0.010000000000000009,1.0,7.59,6.59,,0.0,6.59,0.0,0.0
2,COPOC,RPS,0.020000000000000018,1.0,7.54,6.54,,0.0,6.54,0.0,0.0
2,COPOC,RPS,0.030000000000000027,0.96,6.615,5.615,1.0,1.0,8.281666666666665,0.04,0.0
2,COPOC,RPS,0.050000000000000044,0.935,6.12,5.12,1.1538461538461537,2.0,8.119999999999997,0.075,0.0
2,COPOC,RPS,0.07999999999999996,0.9,5.27,4.27,1.3,2.0,7.520000000000002,0.13,0.0
2,COPOC,RPS,0.09999999999999998,0.89,5.13,4.13,1.2727272727272727,2.0,6.93,0.14,0.0
2,COPOC,RPS,0.13,0.885,5.005,4.005,1.3478260869565217,2.0,6.389615384615385,0.155,0.0
2,COPOC,RPS,0.15000000000000002,0.87,4.63,3.63,1.5,3.0,6.229999999999999,0.195,0.0
2,COPOC,RPS,0.18000000000000005,0.835,4.335,3.335,1.4848484848484849,3.0,6.057222222222221,0.245,0.0
2,COPOC,RPS,0.19999999999999996,0.795,4.21,3.21,1.3902439024390243,3.0,6.06,0.285,0.0
2,COPOC,OCDF,0.010000000000000009,0.99,8.49,7.49,1.0,1.0,9.489999999999998,0.01,0.0
2,COPOC,OCDF,0.020000000000000018,0.985,8.4,7.4,1.0,1.0,8.899999999999999,0.015,0.0
2,COPOC,OCDF,0.030000000000000027,0.985,8.05,7.05,1.3333333333333333,2.0,8.383333333333333,0.02,0.0
2,COPOC,OCDF,0.050000000000000044,0.975,7.915,6.915,1.4,2.0,8.315,0.035,0.0
2,COPOC,OCDF,0.07999999999999996,0.94,7.2,6.2,1.3333333333333333,3.0,8.200000000000001,0.08,0.0
2,COPOC,OCDF,0.09999999999999998,0.915,6.89,5.89,1.2941176470588236,3.0,8.09,0.11,0.0
2,COPOC,OCDF,0.13,0.865,5.685,4.685,1.6666666666666667,4.0,8.146538461538462,0.225,0.0
2,COPOC,OCDF,0.15000000000000002,0.86,5.605,4.605,1.6785714285714286,4.0,7.738333333333332,0.235,0.0
2,COPOC,OCDF,0.18000000000000005,0.835,5.04,4.04,1.6666666666666667,4.0,7.0955555555555545,0.275,0.0
2,COPOC,OCDF,0.19999999999999996,0.8,4.825,3.825,1.625,4.0,7.075,0.325,0.0
2,COPOC,APS,0.010000000000000009,1.0,8.07,7.07,,0.0,7.07,0.0,0.0
2,COPOC,APS,0.020000000000000018,0.995,7.535,6.535,1.0,1.0,7.035,0.005,0.0
2,COPOC,APS,0.030000000000000027,0.995,7.185,6.185,1.0,1.0,6.518333333333333,0.005,0.0
2,COPOC,APS,0.050000000000000044,0.945,6.525,5.525,1.0909090909090908,2.0,7.924999999999998,0.06,0.0
2,COPOC,APS,0.07999999999999996,0.905,5.925,4.925,1.263157894736842,2.0,7.9250000000000025,0.12,0.0
2,COPOC,APS,0.09999999999999998,0.9,5.695,4.695,1.4,2.0,7.495,0.14,0.0
2,COPOC,APS,0.13,0.88,5.16,4.16,1.5416666666666667,3.0,7.006153846153845,0.185,0.0
2,COPOC,APS,0.15000000000000002,0.86,5.005,4.005,1.5,3.0,6.805,0.21,0.0
2,COPOC,APS,0.18000000000000005,0.795,4.565,3.565,1.5121951219512195,3.0,7.009444444444443,0.31,0.0
2,COPOC,APS,0.19999999999999996,0.785,4.4,3.4,1.558139534883721,3.0,6.75,0.335,0.0
2,COPOC,LAC,0.010000000000000009,1.0,8.115,7.115,,0.0,7.115,0.0,0.0
2,COPOC,LAC,0.020000000000000018,1.0,7.735,6.735,,0.0,6.735,0.0,0.0
2,COPOC,LAC,0.030000000000000027,0.975,7.12,6.12,1.0,1.0,7.786666666666665,0.025,0.0
2,COPOC,LAC,0.050000000000000044,0.965,6.78,5.78,1.0,1.0,7.18,0.035,0.0
2,COPOC,LAC,0.07999999999999996,0.92,6.055,5.055,1.4375,3.0,7.930000000000002,0.115,0.0
2,COPOC,LAC,0.09999999999999998,0.895,5.585,4.585,1.5714285714285714,3.0,7.885,0.165,0.0
2,COPOC,LAC,0.13,0.87,5.065,4.065,1.6538461538461537,4.0,7.372692307692307,0.215,0.0
2,COPOC,LAC,0.15000000000000002,0.865,4.8,3.8,1.7037037037037037,4.0,6.866666666666665,0.23,0.0
2,COPOC,LAC,0.18000000000000005,0.85,4.61,3.61,1.6333333333333333,4.0,6.332222222222222,0.245,0.0
2,COPOC,LAC,0.19999999999999996,0.8,4.27,3.27,1.625,4.0,6.52,0.325,0.0
3,COPOC,min-CPS,0.010000000000000009,0.995,7.715,6.715,1.0,1.0,7.714999999999999,0.005,0.0
3,COPOC,min-CPS,0.020000000000000018,0.98,7.185,6.185,1.0,1.0,8.184999999999997,0.02,0.0
3,COPOC,min-CPS,0.030000000000000027,0.98,6.905,5.905,1.25,2.0,7.571666666666665,0.025,0.0
3,COPOC,min-CPS,0.050000000000000044,0.95,6.4,5.4,1.3,2.0,7.999999999999997,0.065,0.0
3,COPOC,min-CPS,0.07999999999999996,0.95,6.295,5.295,1.5,2.0,7.170000000000001,0.075,0.0
3,COPOC,min-CPS,0.09999999999999998,0.93,5.835,4.835,1.3571428571428572,2.0,6.735,0.095,0.0
3,COPOC,min-CPS,0.13,0.905,5.49,4.49,1.4210526315789473,2.0,6.566923076923076,0.135,0.0
3,COPOC,min-CPS,0.15000000000000002,0.865,5.125,4.125,1.4444444444444444,3.0,6.725,0.195,0.0
3,COPOC,min-CPS,0.18000000000000005,0.845,4.72,3.72,1.6774193548387097,3.0,6.608888888888888,0.26,0.0
3,COPOC,min-CPS,0.19999999999999996,0.83,4.665,3.665,1.7058823529411764,3.0,6.565,0.29,0.0
3,COPOC,RPS,0.010000000000000009,0.99,7.51,6.51,1.0,1.0,8.509999999999998,0.01,0.0
3,COPOC,RPS,0.020000000000000018,0.99,7.31,6.31,1.0,1.0,7.309999999999999,0.01,0.0
3,COPOC,RPS,0.030000000000000027,0.97,6.655,5.655,1.0,1.0,7.6549999999999985,0.03,0.0
3,COPOC,RPS,0.050000000000000044,0.95,6.32,5.32,1.2,2.0,7.719999999999998,0.06,0.0
3,COPOC,RPS,0.07999999999999996,0.935,5.705,4.705,1.1538461538461537,2.0,6.580000000000001,0.075,0.0
3,COPOC,RPS,0.09999999999999998,0.92,5.285,4.285,1.375,2.0,6.485,0.11,0.0
3,COPOC,RPS,0.13,0.875,4.91,3.91,1.24,2.0,6.294615384615386,0.155,0.0
3,COPOC,RPS,0.15000000000000002,0.85,4.545,3.545,1.4,3.0,6.345,0.21,0.0
3,COPOC,RPS,0.18000000000000005,0.83,4.33,3.33,1.3823529411764706,3.0,5.941111111111111,0.235,0.0
3,COPOC,RPS,0.19999999999999996,0.815,4.285,3.285,1.3513513513513513,3.0,5.785,0.25,0.0
3,COPOC,OCDF,0.010000000000000009,0.985,8.48,7.48,1.0,1.0,10.479999999999995,0.015,0.0
3,COPOC,OCDF,0.020000000000000018,0.98,8.16,7.16,1.5,3.0,10.159999999999997,0.03,0.0
3,COPOC,OCDF,0.030000000000000027,0.955,7.925,6.925,1.4444444444444444,3.0,11.258333333333331,0.065,0.0
3,COPOC,OCDF,0.050000000000000044,0.955,7.625,6.625,1.4444444444444444,3.0,9.224999999999998,0.065,0.0
3,COPOC,OCDF,0.07999999999999996,0.94,7.22,6.22,1.3333333333333333,3.0,8.22,0.08,0.0
3,COPOC,OCDF,0.09999999999999998,0.92,6.99,5.99,1.3125,4.0,8.09,0.105,0.0
3,COPOC,OCDF,0.13,0.915,6.55,5.55,1.588235294117647,4.0,7.626923076923077,0.135,0.0
3,COPOC,OCDF,0.15000000000000002,0.905,5.86,4.86,1.736842105263158,4.0,7.06,0.165,0.0
3,COPOC,OCDF,0.18000000000000005,0.895,5.705,4.705,1.8571428571428572,4.0,6.871666666666665,0.195,0.0
3,COPOC,OCDF,0.19999999999999996,0.865,5.26,4.26,1.7407407407407407,4.0,6.61,0.235,0.0
3,COPOC,APS,0.010000000000000009,0.98,7.405,6.405,1.0,1.0,10.404999999999996,0.02,0.0
3,COPOC,APS,0.020000000000000018,0.97,6.775,5.775,1.5,2.0,10.274999999999995,0.045,0.0
3,COPOC,APS,0.030000000000000027,0.965,6.63,5.63,1.5714285714285714,2.0,9.296666666666663,0.055,0.0
3,COPOC,APS,0.050000000000000044,0.965,6.54,5.54,1.5714285714285714,2.0,7.7399999999999975,0.055,0.0
3,COPOC,APS,0.07999999999999996,0.94,6.08,5.08,1.5833333333333333,3.0,7.455000000000001,0.095,0.0
3,COPOC,APS,0.09999999999999998,0.935,5.885,4.885,1.6923076923076923,3.0,7.085,0.11,0.0
3,COPOC,APS,0.13,0.89,5.155,4.155,1.5454545454545454,3.0,6.770384615384615,0.17,0.0
3,COPOC,APS,0.15000000000000002,0.88,5.09,4.09,1.5416666666666667,3.0,6.556666666666667,0.185,0.0
3,COPOC,APS,0.18000000000000005,0.86,4.865,3.865,1.5714285714285714,4.0,6.309444444444443,0.22,0.0
3,COPOC,APS,0.19999999999999996,0.83,4.535,3.535,1.588235294117647,4.0,6.235,0.27,0.0
3,COPOC,LAC,0.010000000000000009,0.995,7.73,6.73,1.0,1.0,7.729999999999999,0.005,0.0
3,COPOC,LAC,0.020000000000000018,0.98,7.225,6.225,1.0,1.0,8.224999999999998,0.02,0.0
3,COPOC,LAC,0.030000000000000027,0.975,7.035,6.035,1.0,1.0,7.701666666666665,0.025,0.0
3,COPOC,LAC,0.050000000000000044,0.975,6.755,5.755,1.4,2.0,7.1549999999999985,0.035,0.0
3,COPOC,LAC,0.07999999999999996,0.945,6.295,5.295,1.3636363636363635,2.0,7.170000000000001,0.075,0.0
3,COPOC,LAC,0.09999999999999998,0.93,5.925,4.925,1.4285714285714286,2.0,6.925,0.1,0.0
3,COPOC,LAC,0.13,0.905,5.495,4.495,1.4736842105263157,2.0,6.648846153846154,0.14,0.0
3,COPOC,LAC,0.15000000000000002,0.89,5.09,4.09,1.5454545454545454,3.0,6.3566666666666665,0.17,0.0
3,COPOC,LAC,0.18000000000000005,0.875,4.805,3.805,1.52,3.0,5.91611111111111,0.19,0.0
3,COPOC,LAC,0.19999999999999996,0.855,4.6,3.6,1.5172413793103448,3.0,5.8,0.22,0.0
4,COPOC,min-CPS,0.010000000000000009,0.98,7.475,6.475,1.0,1.0,10.474999999999996,0.02,0.0
4,COPOC,min-CPS,0.020000000000000018,0.98,7.23,6.23,1.0,1.0,8.229999999999997,0.02,0.0
4,COPOC,min-CPS,0.030000000000000027,0.97,6.86,5.86,1.3333333333333333,2.0,8.526666666666666,0.04,0.0
4,COPOC,min-CPS,0.050000000000000044,0.965,6.585,5.585,1.2857142857142858,2.0,7.384999999999999,0.045,0.0
4,COPOC,min-CPS,0.07999999999999996,0.945,6.27,5.27,1.4545454545454546,2.0,7.27,0.08,0.0
4,COPOC,min-CPS,0.09999999999999998,0.935,5.98,4.98,1.3846153846153846,2.0,6.78,0.09,0.0
4,COPOC,min-CPS,0.13,0.885,5.37,4.37,1.565217391304348,3.0,7.13923076923077,0.18,0.0
4,COPOC,min-CPS,0.15000000000000002,0.87,5.205,4.205,1.5,3.0,6.804999999999999,0.195,0.0
4,COPOC,min-CPS,0.18000000000000005,0.85,4.715,3.715,1.7,3.0,6.548333333333333,0.255,0.0
4,COPOC,min-CPS,0.19999999999999996,0.845,4.695,3.695,1.7096774193548387,3.0,6.345,0.265,0.0
4,COPOC,RPS,0.010000000000000009,0.985,7.5,6.5,1.0,1.0,9.499999999999996,0.015,0.0
4,COPOC,RPS,0.020000000000000018,0.985,7.035,6.035,1.0,1.0,7.5349999999999975,0.015,0.0
4,COPOC,RPS,0.030000000000000027,0.97,6.635,5.635,1.0,1.0,7.634999999999999,0.03,0.0
4,COPOC,RPS,0.050000000000000044,0.96,6.435,5.435,1.125,2.0,7.235,0.045,0.0
4,COPOC,RPS,0.07999999999999996,0.94,5.71,4.71,1.25,2.0,6.585,0.075,0.0
4,COPOC,RPS,0.09999999999999998,0.92,5.265,4.265,1.375,2.0,6.465,0.11,0.0
4,COPOC,RPS,0.13,0.875,4.905,3.905,1.28,2.0,6.366538461538462,0.16,0.0
4,COPOC,RPS,0.15000000000000002,0.85,4.565,3.565,1.4,3.0,6.365,0.21,0.0
4,COPOC,RPS,0.18000000000000005,0.84,4.39,3.39,1.4375,3.0,5.945555555555555,0.23,0.0
4,COPOC,RPS,0.19999999999999996,0.825,4.31,3.31,1.4,3.0,5.76,0.245,0.0
4,COPOC,OCDF,0.010000000000000009,0.99,8.445,7.445,1.0,1.0,9.444999999999999,0.01,0.0
4,COPOC,OCDF,0.020000000000000018,0.95,7.77,6.77,1.4,3.0,13.769999999999992,0.07,0.0
4,COPOC,OCDF,0.030000000000000027,0.935,7.44,6.44,1.3846153846153846,3.0,12.439999999999996,0.09,0.0
4,COPOC,OCDF,0.050000000000000044,0.92,7.095,6.095,1.3125,3.0,10.294999999999998,0.105,0.0
4,COPOC,OCDF,0.07999999999999996,0.905,6.93,5.93,1.368421052631579,3.0,9.180000000000001,0.13,0.0
4,COPOC,OCDF,0.09999999999999998,0.895,6.435,5.435,1.6666666666666667,4.0,8.935,0.175,0.0
4,COPOC,OCDF,0.13,0.875,5.67,4.67,1.76,4.0,8.054615384615383,0.22,0.0
4,COPOC,OCDF,0.15000000000000002,0.85,5.4,4.4,1.7333333333333334,4.0,7.866666666666667,0.26,0.0
4,COPOC,OCDF,0.18000000000000005,0.805,4.915,3.915,1.641025641025641,4.0,7.4705555555555545,0.32,0.0
4,COPOC,OCDF,0.19999999999999996,0.8,4.805,3.805,1.625,4.0,7.055,0.325,0.0
4,COPOC,APS,0.010000000000000009,0.99,7.405,6.405,1.0,1.0,8.404999999999998,0.01,0.0
4,COPOC,APS,0.020000000000000018,0.98,7.09,6.09,1.25,2.0,8.589999999999998,0.025,0.0
4,COPOC,APS,0.030000000000000027,0.975,6.94,5.94,1.2,2.0,7.939999999999998,0.03,0.0
4,COPOC,APS,0.050000000000000044,0.975,6.68,5.68,1.4,2.0,7.08,0.035,0.0
4,COPOC,APS,0.07999999999999996,0.95,6.22,5.22,1.5,2.0,7.095,0.075,0.0
4,COPOC,APS,0.09999999999999998,0.93,5.955,4.955,1.4285714285714286,3.0,6.955,0.1,0.0
4,COPOC,APS,0.13,0.875,5.12,4.12,1.6,3.0,7.196923076923076,0.2,0.0
4,COPOC,APS,0.15000000000000002,0.855,4.81,3.81,1.5862068965517242,3.0,6.876666666666666,0.23,0.0
4,COPOC,APS,0.18000000000000005,0.835,4.67,3.67,1.606060606060606,4.0,6.614444444444444,0.265,0.0
4,COPOC,APS,0.19999999999999996,0.81,4.485,3.485,1.5789473684210527,4.0,6.485,0.3,0.0
4,COPOC,LAC,0.010000000000000009,0.98,7.475,6.475,1.0,1.0,10.474999999999996,0.02,0.0
4,COPOC,LAC,0.020000000000000018,0.98,7.275,6.275,1.0,1.0,8.274999999999999,0.02,0.0
4,COPOC,LAC,0.030000000000000027,0.97,6.89,5.89,1.3333333333333333,2.0,8.556666666666665,0.04,0.0
4,COPOC,LAC,0.050000000000000044,0.95,6.685,5.685,1.3,2.0,8.284999999999998,0.065,0.0
4,COPOC,LAC,0.07999999999999996,0.94,6.295,5.295,1.4166666666666667,2.0,7.42,0.085,0.0
4,COPOC,LAC,0.09999999999999998,0.94,6.045,5.045,1.4166666666666667,2.0,6.745,0.085,0.0
4,COPOC,LAC,0.13,0.895,5.375,4.375,1.380952380952381,2.0,6.605769230769231,0.145,0.0
4,COPOC,LAC,0.15000000000000002,0.845,4.715,3.715,1.4516129032258065,3.0,6.715,0.225,0.0
4,COPOC,LAC,0.18000000000000005,0.84,4.56,3.56,1.46875,3.0,6.171111111111111,0.235,0.0
4,COPOC,LAC,0.19999999999999996,0.8,4.22,3.22,1.575,3.0,6.37,0.315,0.0
5,COPOC,min-CPS,0.010000000000000009,0.98,7.455,6.455,1.25,2.0,11.454999999999995,0.025,0.0
5,COPOC,min-CPS,0.020000000000000018,0.975,6.865,5.865,1.4,3.0,9.364999999999997,0.035,0.0
5,COPOC,min-CPS,0.030000000000000027,0.97,6.8,5.8,1.5,3.0,8.799999999999997,0.045,0.0
5,COPOC,min-CPS,0.050000000000000044,0.935,6.37,5.37,1.3846153846153846,3.0,8.969999999999997,0.09,0.0
5,COPOC,min-CPS,0.07999999999999996,0.895,5.73,4.73,1.4285714285714286,3.0,8.480000000000002,0.15,0.0
5,COPOC,min-CPS,0.09999999999999998,0.89,5.59,4.59,1.4545454545454546,3.0,7.79,0.16,0.0
5,COPOC,min-CPS,0.13,0.85,5.115,4.115,1.5333333333333334,4.0,7.6534615384615385,0.23,0.0
5,COPOC,min-CPS,0.15000000000000002,0.825,4.74,3.74,1.7428571428571429,4.0,7.806666666666667,0.305,0.0
5,COPOC,min-CPS,0.18000000000000005,0.795,4.66,3.66,1.7073170731707317,4.0,7.548888888888888,0.35,0.0
5,COPOC,min-CPS,0.19999999999999996,0.79,4.61,3.61,1.7142857142857142,4.0,7.21,0.36,0.0
5,COPOC,RPS,0.010000000000000009,0.985,7.48,6.48,1.3333333333333333,2.0,10.479999999999995,0.02,0.0
5,COPOC,RPS,0.020000000000000018,0.985,6.975,5.975,1.3333333333333333,2.0,7.974999999999998,0.02,0.0
5,COPOC,RPS,0.030000000000000027,0.96,6.615,5.615,1.125,2.0,8.614999999999998,0.045,0.0
5,COPOC,RPS,0.050000000000000044,0.95,6.315,5.315,1.4,3.0,8.114999999999998,0.07,0.0
5,COPOC,RPS,0.07999999999999996,0.91,5.49,4.49,1.2777777777777777,3.0,7.365000000000002,0.115,0.0
5,COPOC,RPS,0.09999999999999998,0.905,5.17,4.17,1.368421052631579,3.0,6.77,0.13,0.0
5,COPOC,RPS,0.13,0.84,4.575,3.575,1.4375,4.0,7.1134615384615385,0.23,0.0
5,COPOC,RPS,0.15000000000000002,0.84,4.575,3.575,1.4375,4.0,6.641666666666667,0.23,0.0
5,COPOC,RPS,0.18000000000000005,0.825,4.325,3.325,1.4857142857142858,4.0,6.2138888888888895,0.26,0.0
5,COPOC,RPS,0.19999999999999996,0.8,4.215,3.215,1.425,4.0,6.065,0.285,0.0
5,COPOC,OCDF,0.010000000000000009,1.0,8.74,7.74,,0.0,7.74,0.0,0.0
5,COPOC,OCDF,0.020000000000000018,0.975,8.17,7.17,1.2,2.0,10.169999999999996,0.03,0.0
5,COPOC,OCDF,0.030000000000000027,0.97,8.06,7.06,1.3333333333333333,2.0,9.726666666666665,0.04,0.0
5,COPOC,OCDF,0.050000000000000044,0.96,7.78,6.78,1.5,2.0,9.179999999999998,0.06,0.0
5,COPOC,OCDF,0.07999999999999996,0.925,7.2,6.2,1.3333333333333333,2.0,8.700000000000003,0.1,0.0
5,COPOC,OCDF,0.09999999999999998,0.915,6.975,5.975,1.411764705882353,3.0,8.375,0.12,0.0
5,COPOC,OCDF,0.13,0.855,5.785,4.785,1.5517241379310345,3.0,8.24653846153846,0.225,0.0
5,COPOC,OCDF,0.15000000000000002,0.825,5.43,4.43,1.4857142857142858,3.0,7.8966666666666665,0.26,0.0
5,COPOC,OCDF,0.18000000000000005,0.815,5.19,4.19,1.5405405405405406,4.0,7.356666666666666,0.285,0.0
5,COPOC,OCDF,0.19999999999999996,0.805,5.045,4.045,1.5384615384615385,4.0,7.045,0.3,0.0
5,COPOC,APS,0.010000000000000009,0.99,7.68,6.68,1.0,1.0,8.679999999999998,0.01,0.0
5,COPOC,APS,0.020000000000000018,0.97,6.975,5.975,1.1666666666666667,2.0,9.474999999999996,0.035,0.0
5,COPOC,APS,0.030000000000000027,0.96,6.73,5.73,1.25,2.0,9.063333333333333,0.05,0.0
5,COPOC,APS,0.050000000000000044,0.95,6.505,5.505,1.3,3.0,8.104999999999997,0.065,0.0
5,COPOC,APS,0.07999999999999996,0.895,5.89,4.89,1.380952380952381,3.0,8.515000000000002,0.145,0.0
5,COPOC,APS,0.09999999999999998,0.87,5.29,4.29,1.5,3.0,8.19,0.195,0.0
5,COPOC,APS,0.13,0.85,4.965,3.965,1.6333333333333333,4.0,7.734230769230769,0.245,0.0
5,COPOC,APS,0.15000000000000002,0.84,4.865,3.865,1.71875,4.0,7.531666666666665,0.275,0.0
5,COPOC,APS,0.18000000000000005,0.805,4.54,3.54,1.794871794871795,4.0,7.428888888888889,0.35,0.0
5,COPOC,APS,0.19999999999999996,0.79,4.35,3.35,1.7857142857142858,4.0,7.1,0.375,0.0
5,COPOC,LAC,0.010000000000000009,0.98,7.44,6.44,1.25,2.0,11.439999999999996,0.025,0.0
5,COPOC,LAC,0.020000000000000018,0.98,7.245,6.245,1.25,2.0,8.744999999999997,0.025,0.0
5,COPOC,LAC,0.030000000000000027,0.96,6.75,5.75,1.375,3.0,9.416666666666664,0.055,0.0
5,COPOC,LAC,0.050000000000000044,0.935,6.41,5.41,1.3076923076923077,3.0,8.809999999999997,0.085,0.0
5,COPOC,LAC,0.07999999999999996,0.91,5.885,4.885,1.2777777777777777,3.0,7.7600000000000025,0.115,0.0
5,COPOC,LAC,0.09999999999999998,0.89,5.5,4.5,1.4545454545454546,3.0,7.7,0.16,0.0
5,COPOC,LAC,0.13,0.835,4.78,3.78,1.5454545454545454,3.0,7.703076923076924,0.255,0.0
5,COPOC,LAC,0.15000000000000002,0.835,4.715,3.715,1.5757575757575757,3.0,7.181666666666667,0.26,0.0
5,COPOC,LAC,0.18000000000000005,0.825,4.57,3.57,1.5714285714285714,3.0,6.625555555555556,0.275,0.0
5,COPOC,LAC,0.19999999999999996,0.8,4.325,3.325,1.6,3.0,6.525,0.32,0.0
6,COPOC,min-CPS,0.010000000000000009,0.985,7.505,6.505,1.3333333333333333,2.0,10.504999999999995,0.02,0.0
6,COPOC,min-CPS,0.020000000000000018,0.985,7.2,6.2,1.3333333333333333,2.0,8.199999999999998,0.02,0.0
6,COPOC,min-CPS,0.030000000000000027,0.985,6.89,5.89,1.6666666666666667,3.0,7.556666666666665,0.025,0.0
6,COPOC,min-CPS,0.050000000000000044,0.96,6.525,5.525,1.375,3.0,7.724999999999998,0.055,0.0
6,COPOC,min-CPS,0.07999999999999996,0.95,6.275,5.275,1.5,3.0,7.150000000000001,0.075,0.0
6,COPOC,min-CPS,0.09999999999999998,0.91,5.685,4.685,1.4444444444444444,3.0,7.285,0.13,0.0
6,COPOC,min-CPS,0.13,0.88,5.32,4.32,1.5,4.0,7.0892307692307694,0.18,0.0
6,COPOC,min-CPS,0.15000000000000002,0.86,4.96,3.96,1.6428571428571428,4.0,7.0266666666666655,0.23,0.0
6,COPOC,min-CPS,0.18000000000000005,0.855,4.72,3.72,1.8275862068965518,4.0,6.6644444444444435,0.265,0.0
6,COPOC,min-CPS,0.19999999999999996,0.835,4.645,3.645,1.8484848484848484,4.0,6.695,0.305,0.0
6,COPOC,RPS,0.010000000000000009,0.985,7.435,6.435,1.3333333333333333,2.0,10.434999999999995,0.02,0.0
6,COPOC,RPS,0.020000000000000018,0.98,6.96,5.96,1.25,2.0,8.459999999999997,0.025,0.0
6,COPOC,RPS,0.030000000000000027,0.975,6.665,5.665,1.2,2.0,7.664999999999999,0.03,0.0
6,COPOC,RPS,0.050000000000000044,0.965,6.45,5.45,1.1428571428571428,2.0,7.049999999999999,0.04,0.0
6,COPOC,RPS,0.07999999999999996,0.955,6.0,5.0,1.5555555555555556,3.0,6.750000000000001,0.07,0.0
6,COPOC,RPS,0.09999999999999998,0.91,5.19,4.19,1.3333333333333333,3.0,6.59,0.12,0.0
6,COPOC,RPS,0.13,0.86,4.65,3.65,1.3928571428571428,3.0,6.65,0.195,0.0
6,COPOC,RPS,0.15000000000000002,0.85,4.525,3.525,1.4333333333333333,4.0,6.391666666666665,0.215,0.0
6,COPOC,RPS,0.18000000000000005,0.83,4.315,3.315,1.411764705882353,4.0,5.9816666666666665,0.24,0.0
6,COPOC,RPS,0.19999999999999996,0.82,4.265,3.265,1.3888888888888888,4.0,5.765,0.25,0.0
6,COPOC,OCDF,0.010000000000000009,0.985,8.38,7.38,1.0,1.0,10.379999999999997,0.015,0.0
6,COPOC,OCDF,0.020000000000000018,0.985,8.325,7.325,1.3333333333333333,2.0,9.324999999999998,0.02,0.0
6,COPOC,OCDF,0.030000000000000027,0.98,7.99,6.99,1.75,3.0,9.32333333333333,0.035,0.0
6,COPOC,OCDF,0.050000000000000044,0.95,7.53,6.53,1.5,3.0,9.529999999999998,0.075,0.0
6,COPOC,OCDF,0.07999999999999996,0.92,7.035,6.035,1.375,3.0,8.785000000000002,0.11,0.0
6,COPOC,OCDF,0.09999999999999998,0.895,6.45,5.45,1.619047619047619,4.0,8.85,0.17,0.0
6,COPOC,OCDF,0.13,0.86,5.59,4.59,1.6785714285714286,4.0,8.205384615384615,0.235,0.0
6,COPOC,OCDF,0.15000000000000002,0.85,5.42,4.42,1.6333333333333333,4.0,7.6866666666666665,0.245,0.0
6,COPOC,OCDF,0.18000000000000005,0.785,4.83,3.83,1.5116279069767442,4.0,7.441111111111111,0.325,0.0
6,COPOC,OCDF,0.19999999999999996,0.775,4.765,3.765,1.511111111111111,4.0,7.165,0.34,0.0
6,COPOC,APS,0.010000000000000009,0.985,7.48,6.48,1.3333333333333333,2.0,10.479999999999995,0.02,0.0
6,COPOC,APS,0.020000000000000018,0.985,7.15,6.15,1.3333333333333333,2.0,8.149999999999999,0.02,0.0
6,COPOC,APS,0.030000000000000027,0.985,7.055,6.055,1.3333333333333333,2.0,7.388333333333333,0.02,0.0
6,COPOC,APS,0.050000000000000044,0.975,6.88,5.88,1.6,2.0,7.479999999999999,0.04,0.0
6,COPOC,APS,0.07999999999999996,0.94,6.075,5.075,1.5,3.0,7.325,0.09,0.0
6,COPOC,APS,0.09999999999999998,0.92,5.88,4.88,1.5,3.0,7.28,0.12,0.0
6,COPOC,APS,0.13,0.84,4.865,3.865,1.53125,4.0,7.634230769230769,0.245,0.0
6,COPOC,APS,0.15000000000000002,0.825,4.685,3.685,1.6857142857142857,4.0,7.618333333333332,0.295,0.0
6,COPOC,APS,0.18000000000000005,0.78,4.4,3.4,1.5681818181818181,4.0,7.2333333333333325,0.345,0.0
6,COPOC,APS,0.19999999999999996,0.76,4.305,3.305,1.5833333333333333,4.0,7.105,0.38,0.0
6,COPOC,LAC,0.010000000000000009,0.985,7.47,6.47,1.3333333333333333,2.0,10.469999999999995,0.02,0.0
6,COPOC,LAC,0.020000000000000018,0.98,7.24,6.24,1.25,2.0,8.739999999999998,0.025,0.0
6,COPOC,LAC,0.030000000000000027,0.975,7.035,6.035,1.2,2.0,8.034999999999998,0.03,0.0
6,COPOC,LAC,0.050000000000000044,0.965,6.71,5.71,1.5714285714285714,3.0,7.909999999999999,0.055,0.0
6,COPOC,LAC,0.07999999999999996,0.95,6.31,5.31,1.6,3.0,7.310000000000001,0.08,0.0
6,COPOC,LAC,0.09999999999999998,0.915,5.645,4.645,1.588235294117647,3.0,7.345,0.135,0.0
6,COPOC,LAC,0.13,0.845,4.755,3.755,1.4838709677419355,4.0,7.293461538461538,0.23,0.0
6,COPOC,LAC,0.15000000000000002,0.835,4.635,3.635,1.4848484848484849,4.0,6.901666666666666,0.245,0.0
6,COPOC,LAC,0.18000000000000005,0.8,4.27,3.27,1.575,4.0,6.769999999999999,0.315,0.0
6,COPOC,LAC,0.19999999999999996,0.79,4.23,3.23,1.5476190476190477,4.0,6.48,0.325,0.0
7,COPOC,min-CPS,0.010000000000000009,1.0,7.995,6.995,,0.0,6.995,0.0,0.0
7,COPOC,min-CPS,0.020000000000000018,1.0,7.725,6.725,,0.0,6.725,0.0,0.0
7,COPOC,min-CPS,0.030000000000000027,0.975,6.99,5.99,1.0,1.0,7.656666666666665,0.025,0.0
7,COPOC,min-CPS,0.050000000000000044,0.96,6.61,5.61,1.125,2.0,7.4099999999999975,0.045,0.0
7,COPOC,min-CPS,0.07999999999999996,0.94,6.345,5.345,1.25,2.0,7.2200000000000015,0.075,0.0
7,COPOC,min-CPS,0.09999999999999998,0.925,5.82,4.82,1.4,2.0,6.92,0.105,0.0
7,COPOC,min-CPS,0.13,0.91,5.61,4.61,1.5,3.0,6.686923076923077,0.135,0.0
7,COPOC,min-CPS,0.15000000000000002,0.905,5.47,4.47,1.5263157894736843,3.0,6.403333333333332,0.145,0.0
7,COPOC,min-CPS,0.18000000000000005,0.885,5.025,4.025,1.6956521739130435,3.0,6.191666666666666,0.195,0.0
7,COPOC,min-CPS,0.19999999999999996,0.875,4.84,3.84,1.84,3.0,6.14,0.23,0.0
7,COPOC,RPS,0.010000000000000009,1.0,7.655,6.655,,0.0,6.655,0.0,0.0
7,COPOC,RPS,0.020000000000000018,1.0,7.595,6.595,,0.0,6.595,0.0,0.0
7,COPOC,RPS,0.030000000000000027,0.98,6.935,5.935,1.0,1.0,7.268333333333333,0.02,0.0
7,COPOC,RPS,0.050000000000000044,0.96,6.47,5.47,1.0,1.0,7.069999999999998,0.04,0.0
7,COPOC,RPS,0.07999999999999996,0.935,5.78,4.78,1.1538461538461537,2.0,6.655000000000001,0.075,0.0
7,COPOC,RPS,0.09999999999999998,0.92,5.305,4.305,1.25,2.0,6.305,0.1,0.0
7,COPOC,RPS,0.13,0.9,5.025,4.025,1.3,2.0,6.025,0.13,0.0
7,COPOC,RPS,0.15000000000000002,0.885,4.715,3.715,1.4782608695652173,3.0,5.9816666666666665,0.17,0.0
7,COPOC,RPS,0.18000000000000005,0.875,4.545,3.545,1.44,3.0,5.545,0.18,0.0
7,COPOC,RPS,0.19999999999999996,0.855,4.345,3.345,1.4827586206896552,3.0,5.495,0.215,0.0
7,COPOC,OCDF,0.010000000000000009,0.995,8.52,7.52,1.0,1.0,8.52,0.005,0.0
7,COPOC,OCDF,0.020000000000000018,0.995,8.465,7.465,1.0,1.0,7.965,0.005,0.0
7,COPOC,OCDF,0.030000000000000027,0.995,8.405,7.405,1.0,1.0,7.738333333333332,0.005,0.0
7,COPOC,OCDF,0.050000000000000044,0.975,7.86,6.86,1.2,2.0,8.059999999999999,0.03,0.0
7,COPOC,OCDF,0.07999999999999996,0.96,7.25,6.25,1.25,3.0,7.5,0.05,0.0
7,COPOC,OCDF,0.09999999999999998,0.935,7.02,6.02,1.1538461538461537,3.0,7.52,0.075,0.0
7,COPOC,OCDF,0.13,0.92,6.455,5.455,1.375,3.0,7.147307692307693,0.11,0.0
7,COPOC,OCDF,0.15000000000000002,0.885,5.63,4.63,1.565217391304348,4.0,7.03,0.18,0.0
7,COPOC,OCDF,0.18000000000000005,0.85,5.205,4.205,1.5333333333333334,4.0,6.760555555555555,0.23,0.0
7,COPOC,OCDF,0.19999999999999996,0.815,4.91,3.91,1.4864864864864864,4.0,6.66,0.275,0.0
7,COPOC,APS,0.010000000000000009,1.0,7.64,6.64,,0.0,6.64,0.0,0.0
7,COPOC,APS,0.020000000000000018,0.985,7.525,6.525,1.0,1.0,8.024999999999999,0.015,0.0
7,COPOC,APS,0.030000000000000027,0.985,7.21,6.21,1.0,1.0,7.21,0.015,0.0
7,COPOC,APS,0.050000000000000044,0.965,6.695,5.695,1.1428571428571428,2.0,7.294999999999999,0.04,0.0
7,COPOC,APS,0.07999999999999996,0.935,6.2,5.2,1.3076923076923077,2.0,7.325000000000001,0.085,0.0
7,COPOC,APS,0.09999999999999998,0.92,5.935,4.935,1.25,2.0,6.935,0.1,0.0
7,COPOC,APS,0.13,0.91,5.575,4.575,1.5,3.0,6.651923076923078,0.135,0.0
7,COPOC,APS,0.15000000000000002,0.9,5.19,4.19,1.6,3.0,6.323333333333332,0.16,0.0
7,COPOC,APS,0.18000000000000005,0.875,4.885,3.885,1.6,3.0,6.107222222222222,0.2,0.0
7,COPOC,APS,0.19999999999999996,0.855,4.765,3.765,1.5517241379310345,3.0,6.015,0.225,0.0
7,COPOC,LAC,0.010000000000000009,1.0,8.125,7.125,,0.0,7.125,0.0,0.0
7,COPOC,LAC,0.020000000000000018,1.0,7.76,6.76,,0.0,6.76,0.0,0.0
7,COPOC,LAC,0.030000000000000027,0.975,7.175,6.175,1.0,1.0,7.841666666666665,0.025,0.0
7,COPOC,LAC,0.050000000000000044,0.955,6.81,5.81,1.1111111111111112,2.0,7.809999999999998,0.05,0.0
7,COPOC,LAC,0.07999999999999996,0.945,6.44,5.44,1.2727272727272727,3.0,7.190000000000001,0.07,0.0
7,COPOC,LAC,0.09999999999999998,0.92,5.775,4.775,1.5625,3.0,7.275,0.125,0.0
7,COPOC,LAC,0.13,0.905,5.54,4.54,1.4736842105263157,3.0,6.693846153846153,0.14,0.0
7,COPOC,LAC,0.15000000000000002,0.9,5.21,4.21,1.45,3.0,6.1433333333333335,0.145,0.0
7,COPOC,LAC,0.18000000000000005,0.875,4.755,3.755,1.56,4.0,5.921666666666666,0.195,0.0
7,COPOC,LAC,0.19999999999999996,0.87,4.585,3.585,1.5384615384615385,4.0,5.585,0.2,0.0
8,COPOC,min-CPS,0.010000000000000009,1.0,7.935,6.935,,0.0,6.935,0.0,0.0
8,COPOC,min-CPS,0.020000000000000018,1.0,7.69,6.69,,0.0,6.69,0.0,0.0
8,COPOC,min-CPS,0.030000000000000027,0.99,7.225,6.225,1.0,1.0,6.891666666666667,0.01,0.0
8,COPOC,min-CPS,0.050000000000000044,0.97,6.595,5.595,1.0,1.0,6.795,0.03,0.0
8,COPOC,min-CPS,0.07999999999999996,0.905,5.73,4.73,1.2105263157894737,2.0,7.605000000000001,0.115,0.0
8,COPOC,min-CPS,0.09999999999999998,0.87,5.46,4.46,1.3846153846153846,2.0,8.06,0.18,0.0
8,COPOC,min-CPS,0.13,0.865,5.24,4.24,1.4074074074074074,2.0,7.163076923076924,0.19,0.0
8,COPOC,min-CPS,0.15000000000000002,0.86,4.98,3.98,1.5714285714285714,3.0,6.913333333333332,0.22,0.0
8,COPOC,min-CPS,0.18000000000000005,0.86,4.78,3.78,1.7142857142857142,3.0,6.446666666666666,0.24,0.0
8,COPOC,min-CPS,0.19999999999999996,0.855,4.71,3.71,1.8275862068965518,3.0,6.36,0.265,0.0
8,COPOC,RPS,0.010000000000000009,1.0,7.55,6.55,,0.0,6.55,0.0,0.0
8,COPOC,RPS,0.020000000000000018,1.0,7.52,6.52,,0.0,6.52,0.0,0.0
8,COPOC,RPS,0.030000000000000027,0.985,6.935,5.935,1.0,1.0,6.935,0.015,0.0
8,COPOC,RPS,0.050000000000000044,0.965,6.4,5.4,1.0,1.0,6.8,0.035,0.0
8,COPOC,RPS,0.07999999999999996,0.915,5.535,4.535,1.1764705882352942,2.0,7.035000000000002,0.1,0.0
8,COPOC,RPS,0.09999999999999998,0.905,5.185,4.185,1.1578947368421053,2.0,6.385,0.11,0.0
8,COPOC,RPS,0.13,0.855,4.62,3.62,1.3448275862068966,3.0,6.62,0.195,0.0
8,COPOC,RPS,0.15000000000000002,0.85,4.56,3.56,1.3333333333333333,3.0,6.226666666666667,0.2,0.0
8,COPOC,RPS,0.18000000000000005,0.84,4.38,3.38,1.40625,3.0,5.88,0.225,0.0
8,COPOC,RPS,0.19999999999999996,0.825,4.285,3.285,1.4285714285714286,3.0,5.785,0.25,0.0
8,COPOC,OCDF,0.010000000000000009,0.995,8.48,7.48,1.0,1.0,8.479999999999999,0.005,0.0
8,COPOC,OCDF,0.020000000000000018,0.985,8.31,7.31,1.0,1.0,8.809999999999997,0.015,0.0
8,COPOC,OCDF,0.030000000000000027,0.98,7.955,6.955,1.25,2.0,8.621666666666664,0.025,0.0
8,COPOC,OCDF,0.050000000000000044,0.955,7.42,6.42,1.4444444444444444,3.0,9.019999999999998,0.065,0.0
8,COPOC,OCDF,0.07999999999999996,0.935,7.08,6.08,1.3076923076923077,3.0,8.205000000000002,0.085,0.0
8,COPOC,OCDF,0.09999999999999998,0.925,6.985,5.985,1.3333333333333333,3.0,7.985,0.1,0.0
8,COPOC,OCDF,0.13,0.89,5.745,4.745,1.6818181818181819,4.0,7.591153846153847,0.185,0.0
8,COPOC,OCDF,0.15000000000000002,0.875,5.535,4.535,1.76,4.0,7.468333333333333,0.22,0.0
8,COPOC,OCDF,0.18000000000000005,0.825,4.93,3.93,1.6285714285714286,4.0,7.096666666666667,0.285,0.0
8,COPOC,OCDF,0.19999999999999996,0.82,4.845,3.845,1.6111111111111112,4.0,6.745,0.29,0.0
8,COPOC,APS,0.010000000000000009,1.0,7.785,6.785,,0.0,6.785,0.0,0.0
8,COPOC,APS,0.020000000000000018,1.0,7.54,6.54,,0.0,6.54,0.0,0.0
8,COPOC,APS,0.030000000000000027,0.995,7.37,6.37,1.0,1.0,6.703333333333332,0.005,0.0
8,COPOC,APS,0.050000000000000044,0.98,6.7,5.7,1.0,1.0,6.5,0.02,0.0
8,COPOC,APS,0.07999999999999996,0.915,5.945,4.945,1.2352941176470589,2.0,7.570000000000002,0.105,0.0
8,COPOC,APS,0.09999999999999998,0.88,5.59,4.59,1.3333333333333333,2.0,7.79,0.16,0.0
8,COPOC,APS,0.13,0.865,5.04,4.04,1.5555555555555556,3.0,7.270769230769231,0.21,0.0
8,COPOC,APS,0.15000000000000002,0.85,4.885,3.885,1.6333333333333333,3.0,7.151666666666666,0.245,0.0
8,COPOC,APS,0.18000000000000005,0.83,4.705,3.705,1.6176470588235294,3.0,6.7605555555555545,0.275,0.0
8,COPOC,APS,0.19999999999999996,0.81,4.47,3.47,1.6578947368421053,3.0,6.62,0.315,0.0
8,COPOC,LAC,0.010000000000000009,1.0,8.075,7.075,,0.0,7.075,0.0,0.0
8,COPOC,LAC,0.020000000000000018,1.0,7.725,6.725,,0.0,6.725,0.0,0.0
8,COPOC,LAC,0.030000000000000027,0.985,7.175,6.175,1.0,1.0,7.175,0.015,0.0
8,COPOC,LAC,0.050000000000000044,0.965,6.775,5.775,1.0,1.0,7.175,0.035,0.0
8,COPOC,LAC,0.07999999999999996,0.92,6.01,5.01,1.3125,2.0,7.635000000000002,0.105,0.0
8,COPOC,LAC,0.09999999999999998,0.855,5.27,4.27,1.3793103448275863,3.0,8.27,0.2,0.0
8,COPOC,LAC,0.13,0.83,4.64,3.64,1.5,4.0,7.563076923076924,0.255,0.0
8,COPOC,LAC,0.15000000000000002,0.83,4.57,3.57,1.5,4.0,6.97,0.255,0.0
8,COPOC,LAC,0.18000000000000005,0.81,4.22,3.22,1.605263157894737,4.0,6.608888888888888,0.305,0.0
8,COPOC,LAC,0.19999999999999996,0.81,4.2,3.2,1.605263157894737,4.0,6.25,0.305,0.0
9,COPOC,min-CPS,0.010000000000000009,1.0,7.99,6.99,,0.0,6.99,0.0,0.0
9,COPOC,min-CPS,0.020000000000000018,1.0,7.745,6.745,,0.0,6.745,0.0,0.0
9,COPOC,min-CPS,0.030000000000000027,0.995,7.295,6.295,1.0,1.0,6.628333333333333,0.005,0.0
9,COPOC,min-CPS,0.050000000000000044,0.985,6.88,5.88,1.0,1.0,6.48,0.015,0.0
9,COPOC,min-CPS,0.07999999999999996,0.96,6.42,5.42,1.125,2.0,6.545,0.045,0.0
9,COPOC,min-CPS,0.09999999999999998,0.955,6.31,5.31,1.2222222222222223,2.0,6.41,0.055,0.0
9,COPOC,min-CPS,0.13,0.935,5.74,4.74,1.3076923076923077,2.0,6.047692307692307,0.085,0.0
9,COPOC,min-CPS,0.15000000000000002,0.905,5.435,4.435,1.368421052631579,2.0,6.168333333333333,0.13,0.0
9,COPOC,min-CPS,0.18000000000000005,0.85,4.795,3.795,1.4666666666666666,3.0,6.239444444444444,0.22,0.0
9,COPOC,min-CPS,0.19999999999999996,0.85,4.79,3.79,1.5,3.0,6.04,0.225,0.0
9,COPOC,RPS,0.010000000000000009,1.0,7.67,6.67,,0.0,6.67,0.0,0.0
9,COPOC,RPS,0.020000000000000018,1.0,7.61,6.61,,0.0,6.61,0.0,0.0
9,COPOC,RPS,0.030000000000000027,1.0,7.39,6.39,,0.0,6.39,0.0,0.0
9,COPOC,RPS,0.050000000000000044,0.985,6.67,5.67,1.0,1.0,6.27,0.015,0.0
9,COPOC,RPS,0.07999999999999996,0.96,6.12,5.12,1.0,1.0,6.12,0.04,0.0
9,COPOC,RPS,0.09999999999999998,0.95,5.725,4.725,1.0,1.0,5.725,0.05,0.0
9,COPOC,RPS,0.13,0.915,5.13,4.13,1.1764705882352942,2.0,5.668461538461538,0.1,0.0
9,COPOC,RPS,0.15000000000000002,0.9,4.935,3.935,1.2,2.0,5.535,0.12,0.0
9,COPOC,RPS,0.18000000000000005,0.875,4.585,3.585,1.28,2.0,5.362777777777777,0.16,0.0
9,COPOC,RPS,0.19999999999999996,0.85,4.365,3.365,1.3,2.0,5.315,0.195,0.0
9,COPOC,OCDF,0.010000000000000009,0.985,8.345,7.345,1.0,1.0,10.344999999999995,0.015,0.0
9,COPOC,OCDF,0.020000000000000018,0.975,7.91,6.91,1.6,3.0,10.909999999999995,0.04,0.0
9,COPOC,OCDF,0.030000000000000027,0.96,7.73,6.73,1.625,3.0,11.06333333333333,0.065,0.0
9,COPOC,OCDF,0.050000000000000044,0.945,7.415,6.415,1.4545454545454546,3.0,9.614999999999998,0.08,0.0
9,COPOC,OCDF,0.07999999999999996,0.94,7.125,6.125,1.4166666666666667,3.0,8.250000000000002,0.085,0.0
9,COPOC,OCDF,0.09999999999999998,0.925,7.005,6.005,1.4,3.0,8.105,0.105,0.0
9,COPOC,OCDF,0.13,0.91,6.43,5.43,1.7222222222222223,4.0,7.814615384615386,0.155,0.0
9,COPOC,OCDF,0.15000000000000002,0.89,5.665,4.665,1.7272727272727273,4.0,7.198333333333332,0.19,0.0
9,COPOC,OCDF,0.18000000000000005,0.88,5.39,4.39,1.75,4.0,6.723333333333333,0.21,0.0
9,COPOC,OCDF,0.19999999999999996,0.875,5.16,4.16,1.76,4.0,6.36,0.22,0.0
9,COPOC,APS,0.010000000000000009,1.0,8.01,7.01,,0.0,7.01,0.0,0.0
9,COPOC,APS,0.020000000000000018,0.995,7.795,6.795,1.0,1.0,7.295,0.005,0.0
9,COPOC,APS,0.030000000000000027,0.995,7.475,6.475,1.0,1.0,6.808333333333333,0.005,0.0
9,COPOC,APS,0.050000000000000044,0.995,6.995,5.995,1.0,1.0,6.195,0.005,0.0
9,COPOC,APS,0.07999999999999996,0.96,6.405,5.405,1.125,2.0,6.53,0.045,0.0
9,COPOC,APS,0.09999999999999998,0.945,6.045,5.045,1.2727272727272727,2.0,6.445,0.07,0.0
9,COPOC,APS,0.13,0.93,5.5,4.5,1.5,2.0,6.115384615384616,0.105,0.0
9,COPOC,APS,0.15000000000000002,0.895,5.21,4.21,1.4285714285714286,3.0,6.21,0.15,0.0
9,COPOC,APS,0.18000000000000005,0.88,5.0,4.0,1.4583333333333333,3.0,5.944444444444444,0.175,0.0
9,COPOC,APS,0.19999999999999996,0.88,4.815,3.815,1.6666666666666667,3.0,5.815,0.2,0.0
9,COPOC,LAC,0.010000000000000009,1.0,8.145,7.145,,0.0,7.145,0.0,0.0
9,COPOC,LAC,0.020000000000000018,1.0,7.775,6.775,,0.0,6.775,0.0,0.0
9,COPOC,LAC,0.030000000000000027,0.99,7.355,6.355,1.0,1.0,7.0216666666666665,0.01,0.0
9,COPOC,LAC,0.050000000000000044,0.98,6.9,5.9,1.25,2.0,6.9,0.025,0.0
9,COPOC,LAC,0.07999999999999996,0.97,6.79,5.79,1.1666666666666667,2.0,6.665,0.035,0.0
9,COPOC,LAC,0.09999999999999998,0.955,6.235,5.235,1.3333333333333333,2.0,6.435,0.06,0.0
9,COPOC,LAC,0.13,0.925,5.665,4.665,1.3333333333333333,2.0,6.203461538461539,0.1,0.0
9,COPOC,LAC,0.15000000000000002,0.915,5.47,4.47,1.3529411764705883,2.0,6.003333333333333,0.115,0.0
9,COPOC,LAC,0.18000000000000005,0.875,4.765,3.765,1.36,2.0,5.653888888888888,0.17,0.0
9,COPOC,LAC,0.19999999999999996,0.875,4.6,3.6,1.36,2.0,5.3,0.17,0.0
10,COPOC,min-CPS,0.010000000000000009,0.99,7.665,6.665,1.5,2.0,9.664999999999997,0.015,0.0
10,COPOC,min-CPS,0.020000000000000018,0.975,6.93,5.93,1.6,3.0,9.929999999999996,0.04,0.0
10,COPOC,min-CPS,0.030000000000000027,0.965,6.785,5.785,1.4285714285714286,3.0,9.11833333333333,0.05,0.0
10,COPOC,min-CPS,0.050000000000000044,0.965,6.58,5.58,1.4285714285714286,3.0,7.579999999999997,0.05,0.0
10,COPOC,min-CPS,0.07999999999999996,0.94,6.255,5.255,1.4166666666666667,3.0,7.380000000000001,0.085,0.0
10,COPOC,min-CPS,0.09999999999999998,0.92,5.785,4.785,1.4375,3.0,7.085,0.115,0.0
10,COPOC,min-CPS,0.13,0.885,5.395,4.395,1.608695652173913,4.0,7.241153846153846,0.185,0.0
10,COPOC,min-CPS,0.15000000000000002,0.875,5.225,4.225,1.6,4.0,6.891666666666667,0.2,0.0
10,COPOC,min-CPS,0.18000000000000005,0.85,4.745,3.745,1.7333333333333334,4.0,6.633888888888888,0.26,0.0
10,COPOC,min-CPS,0.19999999999999996,0.845,4.73,3.73,1.7096774193548387,4.0,6.38,0.265,0.0
10,COPOC,RPS,0.010000000000000009,0.99,7.525,6.525,1.5,2.0,9.524999999999997,0.015,0.0
10,COPOC,RPS,0.020000000000000018,0.975,6.96,5.96,1.2,2.0,8.959999999999997,0.03,0.0
10,COPOC,RPS,0.030000000000000027,0.975,6.67,5.67,1.2,2.0,7.669999999999999,0.03,0.0
10,COPOC,RPS,0.050000000000000044,0.96,6.435,5.435,1.375,3.0,7.634999999999998,0.055,0.0
10,COPOC,RPS,0.07999999999999996,0.925,5.625,4.625,1.3333333333333333,3.0,7.125000000000003,0.1,0.0
10,COPOC,RPS,0.09999999999999998,0.92,5.25,4.25,1.375,3.0,6.45,0.11,0.0
10,COPOC,RPS,0.13,0.905,5.065,4.065,1.3157894736842106,3.0,5.988076923076924,0.125,0.0
10,COPOC,RPS,0.15000000000000002,0.88,4.685,3.685,1.5416666666666667,3.0,6.151666666666666,0.185,0.0
10,COPOC,RPS,0.18000000000000005,0.845,4.48,3.48,1.5161290322580645,4.0,6.091111111111111,0.235,0.0
10,COPOC,RPS,0.19999999999999996,0.845,4.35,3.35,1.5806451612903225,4.0,5.8,0.245,0.0
10,COPOC,OCDF,0.010000000000000009,0.995,8.555,7.555,1.0,1.0,8.555,0.005,0.0
10,COPOC,OCDF,0.020000000000000018,0.99,8.44,7.44,1.0,1.0,8.44,0.01,0.0
10,COPOC,OCDF,0.030000000000000027,0.99,8.16,7.16,1.5,2.0,8.16,0.015,0.0
10,COPOC,OCDF,0.050000000000000044,0.975,7.93,6.93,1.2,2.0,8.129999999999999,0.03,0.0
10,COPOC,OCDF,0.07999999999999996,0.935,7.135,6.135,1.2307692307692308,3.0,8.135000000000002,0.08,0.0
10,COPOC,OCDF,0.09999999999999998,0.935,7.06,6.06,1.2307692307692308,3.0,7.66,0.08,0.0
10,COPOC,OCDF,0.13,0.885,5.75,4.75,1.7391304347826086,4.0,7.826923076923077,0.2,0.0
10,COPOC,OCDF,0.15000000000000002,0.875,5.595,4.595,1.72,4.0,7.461666666666666,0.215,0.0
10,COPOC,OCDF,0.18000000000000005,0.855,5.235,4.235,1.6896551724137931,4.0,6.957222222222222,0.245,0.0
10,COPOC,OCDF,0.19999999999999996,0.855,5.055,4.055,1.7241379310344827,4.0,6.555,0.25,0.0
10,COPOC,APS,0.010000000000000009,0.985,7.345,6.345,1.6666666666666667,3.0,11.344999999999995,0.025,0.0
10,COPOC,APS,0.020000000000000018,0.985,7.27,6.27,1.6666666666666667,3.0,8.769999999999998,0.025,0.0
10,COPOC,APS,0.030000000000000027,0.97,7.06,6.06,1.3333333333333333,3.0,8.726666666666665,0.04,0.0
10,COPOC,APS,0.050000000000000044,0.96,6.675,5.675,1.25,3.0,7.674999999999998,0.05,0.0
10,COPOC,APS,0.07999999999999996,0.92,6.065,5.065,1.5,4.0,8.065000000000003,0.12,0.0
10,COPOC,APS,0.09999999999999998,0.92,5.87,4.87,1.5625,4.0,7.37,0.125,0.0
10,COPOC,APS,0.13,0.895,5.325,4.325,1.619047619047619,4.0,6.940384615384615,0.17,0.0
10,COPOC,APS,0.15000000000000002,0.88,5.02,4.02,1.75,4.0,6.82,0.21,0.0
10,COPOC,APS,0.18000000000000005,0.87,4.775,3.775,1.9230769230769231,5.0,6.552777777777777,0.25,0.0
10,COPOC,APS,0.19999999999999996,0.85,4.65,3.65,1.8666666666666667,5.0,6.45,0.28,0.0
10,COPOC,LAC,0.010000000000000009,0.99,7.705,6.705,1.5,2.0,9.704999999999997,0.015,0.0
10,COPOC,LAC,0.020000000000000018,0.97,7.145,6.145,1.1666666666666667,2.0,9.644999999999998,0.035,0.0
10,COPOC,LAC,0.030000000000000027,0.96,6.82,5.82,1.375,3.0,9.486666666666665,0.055,0.0
10,COPOC,LAC,0.050000000000000044,0.96,6.77,5.77,1.375,3.0,7.969999999999998,0.055,0.0
10,COPOC,LAC,0.07999999999999996,0.93,6.105,5.105,1.6428571428571428,3.0,7.980000000000002,0.115,0.0
10,COPOC,LAC,0.09999999999999998,0.89,5.525,4.525,1.5,3.0,7.825,0.165,0.0
10,COPOC,LAC,0.13,0.865,5.065,4.065,1.5925925925925926,4.0,7.372692307692307,0.215,0.0
10,COPOC,LAC,0.15000000000000002,0.85,4.745,3.745,1.6,4.0,6.945,0.24,0.0
10,COPOC,LAC,0.18000000000000005,0.845,4.62,3.62,1.5806451612903225,4.0,6.3422222222222215,0.245,0.0
10,COPOC,LAC,0.19999999999999996,0.8,4.245,3.245,1.6,4.0,6.445,0.32,0.0
11,COPOC,min-CPS,0.010000000000000009,1.0,7.95,6.95,,0.0,6.95,0.0,0.0
11,COPOC,min-CPS,0.020000000000000018,0.99,7.545,6.545,1.0,1.0,7.544999999999999,0.01,0.0
11,COPOC,min-CPS,0.030000000000000027,0.99,7.28,6.28,1.0,1.0,6.946666666666666,0.01,0.0
11,COPOC,min-CPS,0.050000000000000044,0.96,6.63,5.63,1.125,2.0,7.429999999999999,0.045,0.0
11,COPOC,min-CPS,0.07999999999999996,0.93,6.205,5.205,1.1428571428571428,2.0,7.205000000000001,0.08,0.0
11,COPOC,min-CPS,0.09999999999999998,0.89,5.65,4.65,1.4545454545454546,3.0,7.85,0.16,0.0
11,COPOC,min-CPS,0.13,0.865,5.3,4.3,1.4814814814814814,3.0,7.376923076923077,0.2,0.0
11,COPOC,min-CPS,0.15000000000000002,0.85,5.02,4.02,1.6,3.0,7.22,0.24,0.0
11,COPOC,min-CPS,0.18000000000000005,0.835,4.77,3.77,1.696969696969697,3.0,6.881111111111111,0.28,0.0
11,COPOC,min-CPS,0.19999999999999996,0.8,4.685,3.685,1.675,3.0,7.035,0.335,0.0
11,COPOC,RPS,0.010000000000000009,1.0,7.655,6.655,,0.0,6.655,0.0,0.0
11,COPOC,RPS,0.020000000000000018,0.985,7.07,6.07,1.0,1.0,7.5699999999999985,0.015,0.0
11,COPOC,RPS,0.030000000000000027,0.985,6.98,5.98,1.0,1.0,6.98,0.015,0.0
11,COPOC,RPS,0.050000000000000044,0.96,6.48,5.48,1.0,1.0,7.079999999999999,0.04,0.0
11,COPOC,RPS,0.07999999999999996,0.925,5.64,4.64,1.2,2.0,6.8900000000000015,0.09,0.0
11,COPOC,RPS,0.09999999999999998,0.89,5.155,4.155,1.1818181818181819,2.0,6.755,0.13,0.0
11,COPOC,RPS,0.13,0.855,4.685,3.685,1.3793103448275863,3.0,6.761923076923077,0.2,0.0
11,COPOC,RPS,0.15000000000000002,0.845,4.615,3.615,1.3870967741935485,3.0,6.4816666666666665,0.215,0.0
11,COPOC,RPS,0.18000000000000005,0.805,4.305,3.305,1.4102564102564104,3.0,6.360555555555554,0.275,0.0
11,COPOC,RPS,0.19999999999999996,0.775,4.115,3.115,1.3555555555555556,3.0,6.165,0.305,0.0
11,COPOC,OCDF,0.010000000000000009,0.995,8.55,7.55,1.0,1.0,8.549999999999999,0.005,0.0
11,COPOC,OCDF,0.020000000000000018,0.99,8.425,7.425,1.0,1.0,8.424999999999999,0.01,0.0
11,COPOC,OCDF,0.030000000000000027,0.97,7.88,6.88,1.3333333333333333,2.0,9.546666666666665,0.04,0.0
11,COPOC,OCDF,0.050000000000000044,0.925,7.13,6.13,1.2,3.0,9.729999999999997,0.09,0.0
11,COPOC,OCDF,0.07999999999999996,0.855,5.93,4.93,1.5862068965517242,4.0,10.680000000000005,0.23,0.0
11,COPOC,OCDF,0.09999999999999998,0.82,5.555,4.555,1.6666666666666667,4.0,10.555,0.3,0.0
11,COPOC,OCDF,0.13,0.795,5.205,4.205,1.6585365853658536,4.0,9.435769230769232,0.34,0.0
11,COPOC,OCDF,0.15000000000000002,0.75,4.825,3.825,1.64,4.0,9.291666666666664,0.41,0.0
11,COPOC,OCDF,0.18000000000000005,0.74,4.8,3.8,1.6153846153846154,4.0,8.466666666666665,0.42,0.0
11,COPOC,OCDF,0.19999999999999996,0.72,4.715,3.715,1.5714285714285714,4.0,8.115,0.44,0.0
11,COPOC,APS,0.010000000000000009,1.0,7.745,6.745,,0.0,6.745,0.0,0.0
11,COPOC,APS,0.020000000000000018,1.0,7.51,6.51,,0.0,6.51,0.0,0.0
11,COPOC,APS,0.030000000000000027,0.985,7.235,6.235,1.0,1.0,7.235,0.015,0.0
11,COPOC,APS,0.050000000000000044,0.97,6.64,5.64,1.0,1.0,6.839999999999999,0.03,0.0
11,COPOC,APS,0.07999999999999996,0.92,6.02,5.02,1.25,2.0,7.520000000000002,0.1,0.0
11,COPOC,APS,0.09999999999999998,0.895,5.55,4.55,1.3333333333333333,2.0,7.35,0.14,0.0
11,COPOC,APS,0.13,0.86,5.1,4.1,1.5714285714285714,3.0,7.484615384615384,0.22,0.0
11,COPOC,APS,0.15000000000000002,0.855,5.015,4.015,1.6206896551724137,3.0,7.1483333333333325,0.235,0.0
11,COPOC,APS,0.18000000000000005,0.84,4.82,3.82,1.6875,3.0,6.82,0.27,0.0
11,COPOC,APS,0.19999999999999996,0.81,4.5,3.5,1.6578947368421053,3.0,6.65,0.315,0.0
11,COPOC,LAC,0.010000000000000009,1.0,8.105,7.105,,0.0,7.105,0.0,0.0
11,COPOC,LAC,0.020000000000000018,0.99,7.565,6.565,1.0,1.0,7.564999999999999,0.01,0.0
11,COPOC,LAC,0.030000000000000027,0.99,7.37,6.37,1.0,1.0,7.036666666666666,0.01,0.0
11,COPOC,LAC,0.050000000000000044,0.975,6.865,5.865,1.2,2.0,7.064999999999999,0.03,0.0
11,COPOC,LAC,0.07999999999999996,0.93,6.145,5.145,1.2857142857142858,2.0,7.395000000000001,0.09,0.0
11,COPOC,LAC,0.09999999999999998,0.885,5.57,4.57,1.4782608695652173,3.0,7.97,0.17,0.0
11,COPOC,LAC,0.13,0.855,5.0,4.0,1.5517241379310345,4.0,7.461538461538462,0.225,0.0
11,COPOC,LAC,0.15000000000000002,0.84,4.61,3.61,1.5625,4.0,6.9433333333333325,0.25,0.0
11,COPOC,LAC,0.18000000000000005,0.8,4.225,3.225,1.6,4.0,6.780555555555554,0.32,0.0
11,COPOC,LAC,0.19999999999999996,0.78,4.16,3.16,1.5454545454545454,4.0,6.56,0.34,0.0
12,COPOC,min-CPS,0.010000000000000009,0.995,7.695,6.695,1.0,1.0,7.6949999999999985,0.005,0.0
12,COPOC,min-CPS,0.020000000000000018,0.98,7.145,6.145,1.0,1.0,8.144999999999998,0.02,0.0
12,COPOC,min-CPS,0.030000000000000027,0.965,6.755,5.755,1.1428571428571428,2.0,8.421666666666665,0.04,0.0
12,COPOC,min-CPS,0.050000000000000044,0.945,6.35,5.35,1.3636363636363635,2.0,8.349999999999998,0.075,0.0
12,COPOC,min-CPS,0.07999999999999996,0.93,6.105,5.105,1.2857142857142858,2.0,7.355000000000001,0.09,0.0
12,COPOC,min-CPS,0.09999999999999998,0.895,5.54,4.54,1.4761904761904763,2.0,7.64,0.155,0.0
12,COPOC,min-CPS,0.13,0.875,5.34,4.34,1.52,3.0,7.263076923076924,0.19,0.0
12,COPOC,min-CPS,0.15000000000000002,0.82,4.71,3.71,1.6388888888888888,3.0,7.643333333333333,0.295,0.0
12,COPOC,min-CPS,0.18000000000000005,0.81,4.64,3.64,1.6842105263157894,3.0,7.195555555555554,0.32,0.0
12,COPOC,min-CPS,0.19999999999999996,0.765,4.5,3.5,1.574468085106383,3.0,7.2,0.37,0.0
12,COPOC,RPS,0.010000000000000009,0.99,7.46,6.46,1.0,1.0,8.459999999999997,0.01,0.0
12,COPOC,RPS,0.020000000000000018,0.99,7.28,6.28,1.0,1.0,7.2799999999999985,0.01,0.0
12,COPOC,RPS,0.030000000000000027,0.975,6.675,5.675,1.0,1.0,7.341666666666665,0.025,0.0
12,COPOC,RPS,0.050000000000000044,0.95,6.29,5.29,1.2,2.0,7.689999999999998,0.06,0.0
12,COPOC,RPS,0.07999999999999996,0.935,5.705,4.705,1.1538461538461537,2.0,6.58,0.075,0.0
12,COPOC,RPS,0.09999999999999998,0.925,5.335,4.335,1.3333333333333333,2.0,6.335,0.1,0.0
12,COPOC,RPS,0.13,0.87,4.765,3.765,1.3461538461538463,2.0,6.457307692307693,0.175,0.0
12,COPOC,RPS,0.15000000000000002,0.845,4.49,3.49,1.3870967741935485,3.0,6.3566666666666665,0.215,0.0
12,COPOC,RPS,0.18000000000000005,0.8,4.25,3.25,1.325,3.0,6.194444444444444,0.265,0.0
12,COPOC,RPS,0.19999999999999996,0.8,4.21,3.21,1.325,3.0,5.86,0.265,0.0
12,COPOC,OCDF,0.010000000000000009,0.995,8.565,7.565,1.0,1.0,8.565,0.005,0.0
12,COPOC,OCDF,0.020000000000000018,0.975,8.045,7.045,1.4,3.0,10.544999999999995,0.035,0.0
12,COPOC,OCDF,0.030000000000000027,0.97,7.97,6.97,1.5,3.0,9.969999999999997,0.045,0.0
12,COPOC,OCDF,0.050000000000000044,0.94,7.325,6.325,1.3333333333333333,3.0,9.524999999999999,0.08,0.0
12,COPOC,OCDF,0.07999999999999996,0.925,7.115,6.115,1.2666666666666666,3.0,8.490000000000002,0.095,0.0
12,COPOC,OCDF,0.09999999999999998,0.905,6.735,5.735,1.368421052631579,4.0,8.335,0.13,0.0
12,COPOC,OCDF,0.13,0.88,5.705,4.705,1.7083333333333333,4.0,7.858846153846153,0.205,0.0
12,COPOC,OCDF,0.15000000000000002,0.865,5.595,4.595,1.7407407407407407,4.0,7.728333333333333,0.235,0.0
12,COPOC,OCDF,0.18000000000000005,0.8,4.895,3.895,1.55,4.0,7.339444444444443,0.31,0.0
12,COPOC,OCDF,0.19999999999999996,0.79,4.845,3.845,1.5238095238095237,4.0,7.045,0.32,0.0
12,COPOC,APS,0.010000000000000009,1.0,7.79,6.79,,0.0,6.79,0.0,0.0
12,COPOC,APS,0.020000000000000018,0.97,7.005,6.005,1.0,1.0,9.004999999999997,0.03,0.0
12,COPOC,APS,0.030000000000000027,0.965,6.83,5.83,1.0,1.0,8.163333333333332,0.035,0.0
12,COPOC,APS,0.050000000000000044,0.95,6.565,5.565,1.2,2.0,7.964999999999998,0.06,0.0
12,COPOC,APS,0.07999999999999996,0.93,5.99,4.99,1.4285714285714286,2.0,7.490000000000001,0.1,0.0
12,COPOC,APS,0.09999999999999998,0.905,5.685,4.685,1.4210526315789473,3.0,7.385,0.135,0.0
12,COPOC,APS,0.13,0.875,5.005,4.005,1.56,3.0,7.005,0.195,0.0
12,COPOC,APS,0.15000000000000002,0.845,4.765,3.765,1.6451612903225807,3.0,7.165,0.255,0.0
12,COPOC,APS,0.18000000000000005,0.835,4.61,3.61,1.696969696969697,3.0,6.721111111111111,0.28,0.0
12,COPOC,APS,0.19999999999999996,0.82,4.46,3.46,1.75,4.0,6.61,0.315,0.0
12,COPOC,LAC,0.010000000000000009,0.995,7.675,6.675,1.0,1.0,7.674999999999999,0.005,0.0
12,COPOC,LAC,0.020000000000000018,0.98,7.215,6.215,1.0,1.0,8.214999999999998,0.02,0.0
12,COPOC,LAC,0.030000000000000027,0.97,6.885,5.885,1.1666666666666667,2.0,8.218333333333332,0.035,0.0
12,COPOC,LAC,0.050000000000000044,0.965,6.74,5.74,1.2857142857142858,2.0,7.539999999999997,0.045,0.0
12,COPOC,LAC,0.07999999999999996,0.925,6.03,5.03,1.4,2.0,7.655000000000002,0.105,0.0
12,COPOC,LAC,0.09999999999999998,0.895,5.495,4.495,1.380952380952381,2.0,7.395,0.145,0.0
12,COPOC,LAC,0.13,0.87,5.015,4.015,1.5384615384615385,3.0,7.091923076923076,0.2,0.0
12,COPOC,LAC,0.15000000000000002,0.855,4.715,3.715,1.5172413793103448,3.0,6.6483333333333325,0.22,0.0
12,COPOC,LAC,0.18000000000000005,0.82,4.4,3.4,1.6111111111111112,3.0,6.622222222222222,0.29,0.0
12,COPOC,LAC,0.19999999999999996,0.82,4.34,3.34,1.6111111111111112,3.0,6.24,0.29,0.0
13,COPOC,min-CPS,0.010000000000000009,0.995,7.76,6.76,1.0,1.0,7.759999999999999,0.005,0.0
13,COPOC,min-CPS,0.020000000000000018,0.99,7.49,6.49,1.0,1.0,7.489999999999998,0.01,0.0
13,COPOC,min-CPS,0.030000000000000027,0.99,7.2,6.2,1.0,1.0,6.866666666666666,0.01,0.0
13,COPOC,min-CPS,0.050000000000000044,0.975,6.715,5.715,1.2,2.0,6.915,0.03,0.0
13,COPOC,min-CPS,0.07999999999999996,0.96,6.395,5.395,1.375,2.0,6.77,0.055,0.0
13,COPOC,min-CPS,0.09999999999999998,0.925,5.775,4.775,1.2666666666666666,2.0,6.675,0.095,0.0
13,COPOC,min-CPS,0.13,0.885,5.425,4.425,1.3478260869565217,3.0,6.809615384615385,0.155,0.0
13,COPOC,min-CPS,0.15000000000000002,0.86,4.965,3.965,1.5714285714285714,3.0,6.8983333333333325,0.22,0.0
13,COPOC,min-CPS,0.18000000000000005,0.85,4.75,3.75,1.6333333333333333,3.0,6.472222222222221,0.245,0.0
13,COPOC,min-CPS,0.19999999999999996,0.845,4.74,3.74,1.6451612903225807,3.0,6.29,0.255,0.0
13,COPOC,RPS,0.010000000000000009,0.995,7.595,6.595,1.0,1.0,7.594999999999999,0.005,0.0
13,COPOC,RPS,0.020000000000000018,0.995,7.505,6.505,1.0,1.0,7.005,0.005,0.0
13,COPOC,RPS,0.030000000000000027,0.995,7.025,6.025,1.0,1.0,6.3583333333333325,0.005,0.0
13,COPOC,RPS,0.050000000000000044,0.98,6.635,5.635,1.0,1.0,6.435,0.02,0.0
13,COPOC,RPS,0.07999999999999996,0.965,6.125,5.125,1.1428571428571428,2.0,6.125,0.04,0.0
13,COPOC,RPS,0.09999999999999998,0.925,5.31,4.31,1.2,2.0,6.11,0.09,0.0
13,COPOC,RPS,0.13,0.915,5.155,4.155,1.1764705882352942,2.0,5.693461538461538,0.1,0.0
13,COPOC,RPS,0.15000000000000002,0.885,4.72,3.72,1.2173913043478262,2.0,5.586666666666666,0.14,0.0
13,COPOC,RPS,0.18000000000000005,0.835,4.325,3.325,1.303030303030303,3.0,5.713888888888888,0.215,0.0
13,COPOC,RPS,0.19999999999999996,0.8,4.21,3.21,1.25,3.0,5.71,0.25,0.0
13,COPOC,OCDF,0.010000000000000009,0.995,8.465,7.465,1.0,1.0,8.464999999999998,0.005,0.0
13,COPOC,OCDF,0.020000000000000018,0.995,8.38,7.38,1.0,1.0,7.88,0.005,0.0
13,COPOC,OCDF,0.030000000000000027,0.975,7.875,6.875,1.6,3.0,9.541666666666664,0.04,0.0
13,COPOC,OCDF,0.050000000000000044,0.965,7.735,6.735,1.4285714285714286,3.0,8.734999999999998,0.05,0.0
13,COPOC,OCDF,0.07999999999999996,0.94,7.095,6.095,1.25,3.0,7.9700000000000015,0.075,0.0
13,COPOC,OCDF,0.09999999999999998,0.92,6.845,5.845,1.375,4.0,8.045,0.11,0.0
13,COPOC,OCDF,0.13,0.895,5.765,4.765,1.5238095238095237,4.0,7.226538461538462,0.16,0.0
13,COPOC,OCDF,0.15000000000000002,0.885,5.625,4.625,1.6956521739130435,4.0,7.225,0.195,0.0
13,COPOC,OCDF,0.18000000000000005,0.87,5.335,4.335,1.6153846153846154,4.0,6.668333333333333,0.21,0.0
13,COPOC,OCDF,0.19999999999999996,0.845,4.95,3.95,1.5483870967741935,4.0,6.35,0.24,0.0
13,COPOC,APS,0.010000000000000009,0.995,7.89,6.89,1.0,1.0,7.889999999999999,0.005,0.0
13,COPOC,APS,0.020000000000000018,0.995,7.63,6.63,1.0,1.0,7.13,0.005,0.0
13,COPOC,APS,0.030000000000000027,0.99,7.195,6.195,1.5,2.0,7.195,0.015,0.0
13,COPOC,APS,0.050000000000000044,0.955,6.455,5.455,1.2222222222222223,2.0,7.654999999999998,0.055,0.0
13,COPOC,APS,0.07999999999999996,0.94,6.075,5.075,1.3333333333333333,3.0,7.075000000000002,0.08,0.0
13,COPOC,APS,0.09999999999999998,0.93,5.905,4.905,1.2857142857142858,3.0,6.705,0.09,0.0
13,COPOC,APS,0.13,0.87,5.11,4.11,1.4615384615384615,3.0,7.033076923076924,0.19,0.0
13,COPOC,APS,0.15000000000000002,0.865,5.04,4.04,1.4814814814814814,3.0,6.706666666666665,0.2,0.0
13,COPOC,APS,0.18000000000000005,0.85,4.715,3.715,1.5333333333333334,4.0,6.270555555555554,0.23,0.0
13,COPOC,APS,0.19999999999999996,0.85,4.66,3.66,1.6,4.0,6.06,0.24,0.0
13,COPOC,LAC,0.010000000000000009,0.995,7.755,6.755,1.0,1.0,7.754999999999999,0.005,0.0
13,COPOC,LAC,0.020000000000000018,0.99,7.48,6.48,1.0,1.0,7.479999999999999,0.01,0.0
13,COPOC,LAC,0.030000000000000027,0.99,7.29,6.29,1.0,1.0,6.956666666666666,0.01,0.0
13,COPOC,LAC,0.050000000000000044,0.975,6.81,5.81,1.4,2.0,7.209999999999999,0.035,0.0
13,COPOC,LAC,0.07999999999999996,0.955,6.44,5.44,1.3333333333333333,2.0,6.94,0.06,0.0
13,COPOC,LAC,0.09999999999999998,0.915,5.7,4.7,1.3529411764705883,2.0,7.0,0.115,0.0
13,COPOC,LAC,0.13,0.9,5.41,4.41,1.3,2.0,6.41,0.13,0.0
13,COPOC,LAC,0.15000000000000002,0.87,4.85,3.85,1.3076923076923077,2.0,6.116666666666666,0.17,0.0
13,COPOC,LAC,0.18000000000000005,0.87,4.71,3.71,1.3076923076923077,2.0,5.598888888888888,0.17,0.0
13,COPOC,LAC,0.19999999999999996,0.865,4.615,3.615,1.2962962962962963,2.0,5.365,0.175,0.0
14,COPOC,min-CPS,0.010000000000000009,1.0,7.9,6.9,,0.0,6.9,0.0,0.0
14,COPOC,min-CPS,0.020000000000000018,0.955,6.735,5.735,1.1111111111111112,2.0,10.734999999999996,0.05,0.0
14,COPOC,min-CPS,0.030000000000000027,0.95,6.56,5.56,1.1,2.0,9.226666666666665,0.055,0.0
14,COPOC,min-CPS,0.050000000000000044,0.93,6.355,5.355,1.3571428571428572,2.0,9.154999999999998,0.095,0.0
14,COPOC,min-CPS,0.07999999999999996,0.915,5.93,4.93,1.411764705882353,2.0,7.930000000000002,0.12,0.0
14,COPOC,min-CPS,0.09999999999999998,0.895,5.54,4.54,1.6666666666666667,3.0,8.04,0.175,0.0
14,COPOC,min-CPS,0.13,0.87,5.335,4.335,1.6538461538461537,3.0,7.642692307692308,0.215,0.0
14,COPOC,min-CPS,0.15000000000000002,0.82,4.7,3.7,1.8055555555555556,3.0,8.033333333333333,0.325,0.0
14,COPOC,min-CPS,0.18000000000000005,0.815,4.67,3.67,1.7837837837837838,3.0,7.336666666666665,0.33,0.0
14,COPOC,min-CPS,0.19999999999999996,0.79,4.595,3.595,1.7142857142857142,3.0,7.195,0.36,0.0
14,COPOC,RPS,0.010000000000000009,1.0,7.57,6.57,,0.0,6.57,0.0,0.0
14,COPOC,RPS,0.020000000000000018,0.95,6.605,5.605,1.0,1.0,10.604999999999995,0.05,0.0
14,COPOC,RPS,0.030000000000000027,0.94,6.455,5.455,1.0,1.0,9.454999999999998,0.06,0.0
14,COPOC,RPS,0.050000000000000044,0.91,5.705,4.705,1.2222222222222223,2.0,9.104999999999997,0.11,0.0
14,COPOC,RPS,0.07999999999999996,0.905,5.31,4.31,1.4210526315789473,2.0,7.685000000000002,0.135,0.0
14,COPOC,RPS,0.09999999999999998,0.87,5.005,4.005,1.3846153846153846,2.0,7.605,0.18,0.0
14,COPOC,RPS,0.13,0.85,4.675,3.675,1.5666666666666667,3.0,7.290384615384616,0.235,0.0
14,COPOC,RPS,0.15000000000000002,0.835,4.515,3.515,1.5454545454545454,3.0,6.915,0.255,0.0
14,COPOC,RPS,0.18000000000000005,0.78,4.185,3.185,1.4772727272727273,3.0,6.796111111111111,0.325,0.0
14,COPOC,RPS,0.19999999999999996,0.755,4.0,3.0,1.4285714285714286,3.0,6.5,0.35,0.0
14,COPOC,OCDF,0.010000000000000009,0.98,8.5,7.5,1.0,1.0,11.499999999999995,0.02,0.0
14,COPOC,OCDF,0.020000000000000018,0.96,8.03,7.03,1.5,3.0,13.029999999999996,0.06,0.0
14,COPOC,OCDF,0.030000000000000027,0.94,7.765,6.765,1.4166666666666667,3.0,12.431666666666663,0.085,0.0
14,COPOC,OCDF,0.050000000000000044,0.93,7.28,6.28,1.4285714285714286,3.0,10.279999999999996,0.1,0.0
14,COPOC,OCDF,0.07999999999999996,0.895,6.895,5.895,1.4285714285714286,4.0,9.645000000000003,0.15,0.0
14,COPOC,OCDF,0.09999999999999998,0.87,6.015,5.015,1.8076923076923077,4.0,9.715,0.235,0.0
14,COPOC,OCDF,0.13,0.855,5.6,4.6,1.9655172413793103,4.0,8.984615384615385,0.285,0.0
14,COPOC,OCDF,0.15000000000000002,0.84,5.455,4.455,1.875,4.0,8.455,0.3,0.0
14,COPOC,OCDF,0.18000000000000005,0.815,5.005,4.005,1.864864864864865,4.0,7.838333333333333,0.345,0.0
14,COPOC,OCDF,0.19999999999999996,0.8,4.825,3.825,1.85,4.0,7.525,0.37,0.0
14,COPOC,APS,0.010000000000000009,0.995,7.635,6.635,1.0,1.0,7.634999999999999,0.005,0.0
14,COPOC,APS,0.020000000000000018,0.97,6.97,5.97,1.0,1.0,8.969999999999997,0.03,0.0
14,COPOC,APS,0.030000000000000027,0.935,6.46,5.46,1.0769230769230769,2.0,10.126666666666663,0.07,0.0
14,COPOC,APS,0.050000000000000044,0.925,6.09,5.09,1.3333333333333333,2.0,9.089999999999998,0.1,0.0
14,COPOC,APS,0.07999999999999996,0.905,5.735,4.735,1.5263157894736843,2.0,8.360000000000003,0.145,0.0
14,COPOC,APS,0.09999999999999998,0.88,5.39,4.39,1.5416666666666667,3.0,8.09,0.185,0.0
14,COPOC,APS,0.13,0.875,5.125,4.125,1.72,3.0,7.4326923076923075,0.215,0.0
14,COPOC,APS,0.15000000000000002,0.855,4.845,3.845,1.7586206896551724,3.0,7.245,0.255,0.0
14,COPOC,APS,0.18000000000000005,0.845,4.59,3.59,1.903225806451613,3.0,6.8677777777777775,0.295,0.0
14,COPOC,APS,0.19999999999999996,0.81,4.39,3.39,1.8421052631578947,4.0,6.89,0.35,0.0
14,COPOC,LAC,0.010000000000000009,1.0,8.025,7.025,,0.0,7.025,0.0,0.0
14,COPOC,LAC,0.020000000000000018,0.96,6.85,5.85,1.25,2.0,10.849999999999996,0.05,0.0
14,COPOC,LAC,0.030000000000000027,0.955,6.73,5.73,1.2222222222222223,2.0,9.396666666666665,0.055,0.0
14,COPOC,LAC,0.050000000000000044,0.93,6.395,5.395,1.2857142857142858,2.0,8.994999999999997,0.09,0.0
14,COPOC,LAC,0.07999999999999996,0.91,5.885,4.885,1.5555555555555556,3.0,8.385000000000002,0.14,0.0
14,COPOC,LAC,0.09999999999999998,0.9,5.58,4.58,1.7,3.0,7.98,0.17,0.0
14,COPOC,LAC,0.13,0.895,5.35,4.35,1.7142857142857142,3.0,7.119230769230769,0.18,0.0
14,COPOC,LAC,0.15000000000000002,0.87,4.865,3.865,1.7692307692307692,4.0,6.931666666666667,0.23,0.0
14,COPOC,LAC,0.18000000000000005,0.845,4.625,3.625,1.7096774193548387,4.0,6.569444444444444,0.265,0.0
14,COPOC,LAC,0.19999999999999996,0.835,4.41,3.41,1.8181818181818181,4.0,6.41,0.3,0.0
15,COPOC,min-CPS,0.010000000000000009,0.985,7.55,6.55,1.3333333333333333,2.0,10.549999999999995,0.02,0.0
15,COPOC,min-CPS,0.020000000000000018,0.985,7.23,6.23,1.3333333333333333,2.0,8.229999999999997,0.02,0.0
15,COPOC,min-CPS,0.030000000000000027,0.985,6.96,5.96,1.6666666666666667,3.0,7.626666666666665,0.025,0.0
15,COPOC,min-CPS,0.050000000000000044,0.965,6.625,5.625,1.4285714285714286,3.0,7.624999999999999,0.05,0.0
15,COPOC,min-CPS,0.07999999999999996,0.96,6.42,5.42,1.5,3.0,6.92,0.06,0.0
15,COPOC,min-CPS,0.09999999999999998,0.92,5.775,4.775,1.4375,3.0,7.075,0.115,0.0
15,COPOC,min-CPS,0.13,0.905,5.545,4.545,1.5789473684210527,3.0,6.852692307692308,0.15,0.0
15,COPOC,min-CPS,0.15000000000000002,0.9,5.435,4.435,1.65,4.0,6.635,0.165,0.0
15,COPOC,min-CPS,0.18000000000000005,0.855,4.785,3.785,1.7241379310344827,4.0,6.562777777777777,0.25,0.0
15,COPOC,min-CPS,0.19999999999999996,0.855,4.745,3.745,1.7586206896551724,4.0,6.295,0.255,0.0
15,COPOC,RPS,0.010000000000000009,0.985,7.525,6.525,1.3333333333333333,2.0,10.524999999999995,0.02,0.0
15,COPOC,RPS,0.020000000000000018,0.98,7.02,6.02,1.25,2.0,8.519999999999998,0.025,0.0
15,COPOC,RPS,0.030000000000000027,0.975,6.705,5.705,1.2,2.0,7.704999999999999,0.03,0.0
15,COPOC,RPS,0.050000000000000044,0.96,6.47,5.47,1.25,3.0,7.469999999999998,0.05,0.0
15,COPOC,RPS,0.07999999999999996,0.925,5.665,4.665,1.3333333333333333,3.0,7.165000000000003,0.1,0.0
15,COPOC,RPS,0.09999999999999998,0.92,5.275,4.275,1.375,3.0,6.475,0.11,0.0
15,COPOC,RPS,0.13,0.895,5.0,4.0,1.3333333333333333,3.0,6.153846153846153,0.14,0.0
15,COPOC,RPS,0.15000000000000002,0.885,4.75,3.75,1.5217391304347827,3.0,6.083333333333332,0.175,0.0
15,COPOC,RPS,0.18000000000000005,0.875,4.6,3.6,1.56,4.0,5.766666666666667,0.195,0.0
15,COPOC,RPS,0.19999999999999996,0.855,4.36,3.36,1.5862068965517242,4.0,5.66,0.23,0.0
15,COPOC,OCDF,0.010000000000000009,0.995,8.585,7.585,1.0,1.0,8.584999999999999,0.005,0.0
15,COPOC,OCDF,0.020000000000000018,0.995,8.53,7.53,1.0,1.0,8.03,0.005,0.0
15,COPOC,OCDF,0.030000000000000027,0.97,8.015,7.015,1.1666666666666667,2.0,9.348333333333333,0.035,0.0
15,COPOC,OCDF,0.050000000000000044,0.965,7.91,6.91,1.1428571428571428,2.0,8.509999999999998,0.04,0.0
15,COPOC,OCDF,0.07999999999999996,0.94,7.22,6.22,1.1666666666666667,3.0,7.97,0.07,0.0
15,COPOC,OCDF,0.09999999999999998,0.915,6.925,5.925,1.2352941176470589,3.0,8.025,0.105,0.0
15,COPOC,OCDF,0.13,0.87,5.74,4.74,1.6923076923076923,4.0,8.124615384615385,0.22,0.0
15,COPOC,OCDF,0.15000000000000002,0.84,5.495,4.495,1.5625,4.0,7.828333333333332,0.25,0.0
15,COPOC,OCDF,0.18000000000000005,0.815,4.975,3.975,1.5945945945945945,4.0,7.252777777777778,0.295,0.0
15,COPOC,OCDF,0.19999999999999996,0.81,4.84,3.84,1.605263157894737,4.0,6.89,0.305,0.0
15,COPOC,APS,0.010000000000000009,0.985,7.27,6.27,1.3333333333333333,2.0,10.269999999999996,0.02,0.0
15,COPOC,APS,0.020000000000000018,0.98,7.115,6.115,1.25,2.0,8.614999999999998,0.025,0.0
15,COPOC,APS,0.030000000000000027,0.975,6.865,5.865,1.4,3.0,8.198333333333332,0.035,0.0
15,COPOC,APS,0.050000000000000044,0.96,6.575,5.575,1.25,3.0,7.5749999999999975,0.05,0.0
15,COPOC,APS,0.07999999999999996,0.955,6.31,5.31,1.4444444444444444,3.0,6.935,0.065,0.0
15,COPOC,APS,0.09999999999999998,0.935,6.06,5.06,1.3846153846153846,3.0,6.86,0.09,0.0
15,COPOC,APS,0.13,0.91,5.585,4.585,1.5555555555555556,4.0,6.738846153846155,0.14,0.0
15,COPOC,APS,0.15000000000000002,0.88,5.15,4.15,1.625,4.0,6.75,0.195,0.0
15,COPOC,APS,0.18000000000000005,0.875,5.02,4.02,1.72,4.0,6.408888888888888,0.215,0.0
15,COPOC,APS,0.19999999999999996,0.85,4.725,3.725,1.7,4.0,6.275,0.255,0.0
15,COPOC,LAC,0.010000000000000009,0.985,7.54,6.54,1.3333333333333333,2.0,10.539999999999996,0.02,0.0
15,COPOC,LAC,0.020000000000000018,0.98,7.285,6.285,1.25,2.0,8.784999999999998,0.025,0.0
15,COPOC,LAC,0.030000000000000027,0.98,7.18,6.18,1.25,2.0,7.846666666666665,0.025,0.0
15,COPOC,LAC,0.050000000000000044,0.975,6.83,5.83,1.6,3.0,7.429999999999999,0.04,0.0
15,COPOC,LAC,0.07999999999999996,0.955,6.46,5.46,1.3333333333333333,3.0,6.96,0.06,0.0
15,COPOC,LAC,0.09999999999999998,0.93,5.99,4.99,1.5,3.0,7.09,0.105,0.0
15,COPOC,LAC,0.13,0.895,5.42,4.42,1.5714285714285714,3.0,6.958461538461538,0.165,0.0
15,COPOC,LAC,0.15000000000000002,0.89,5.125,4.125,1.7272727272727273,4.0,6.658333333333332,0.19,0.0
15,COPOC,LAC,0.18000000000000005,0.88,4.835,3.835,1.6666666666666667,4.0,6.057222222222221,0.2,0.0
15,COPOC,LAC,0.19999999999999996,0.87,4.665,3.665,1.6538461538461537,4.0,5.815,0.215,0.0
16,COPOC,min-CPS,0.010000000000000009,0.965,6.93,5.93,1.2857142857142858,3.0,14.92999999999999,0.045,0.0
16,COPOC,min-CPS,0.020000000000000018,0.94,6.58,5.58,1.25,3.0,13.079999999999995,0.075,0.0
16,COPOC,min-CPS,0.030000000000000027,0.94,6.55,5.55,1.3333333333333333,3.0,10.883333333333328,0.08,0.0
16,COPOC,min-CPS,0.050000000000000044,0.93,6.34,5.34,1.5,3.0,9.539999999999997,0.105,0.0
16,COPOC,min-CPS,0.07999999999999996,0.895,5.76,4.76,1.619047619047619,3.0,9.010000000000002,0.17,0.0
16,COPOC,min-CPS,0.09999999999999998,0.835,5.21,4.21,1.5454545454545454,4.0,9.31,0.255,0.0
16,COPOC,min-CPS,0.13,0.815,4.88,3.88,1.6756756756756757,4.0,8.649230769230769,0.31,0.0
16,COPOC,min-CPS,0.15000000000000002,0.805,4.715,3.715,1.7692307692307692,4.0,8.315,0.345,0.0
16,COPOC,min-CPS,0.18000000000000005,0.775,4.63,3.63,1.8,4.0,8.13,0.405,0.0
16,COPOC,min-CPS,0.19999999999999996,0.755,4.555,3.555,1.7346938775510203,4.0,7.805,0.425,0.0
16,COPOC,RPS,0.010000000000000009,0.945,6.645,5.645,1.0909090909090908,2.0,17.64499999999999,0.06,0.0
16,COPOC,RPS,0.020000000000000018,0.93,6.425,5.425,1.1428571428571428,3.0,13.424999999999994,0.08,0.0
16,COPOC,RPS,0.030000000000000027,0.93,6.335,5.335,1.3571428571428572,3.0,11.66833333333333,0.095,0.0
16,COPOC,RPS,0.050000000000000044,0.925,6.005,5.005,1.4,3.0,9.204999999999998,0.105,0.0
16,COPOC,RPS,0.07999999999999996,0.905,5.305,4.305,1.5789473684210527,3.0,8.055000000000001,0.15,0.0
16,COPOC,RPS,0.09999999999999998,0.86,4.975,3.975,1.4285714285714286,3.0,7.975,0.2,0.0
16,COPOC,RPS,0.13,0.8,4.43,3.43,1.5,4.0,8.045384615384615,0.3,0.0
16,COPOC,RPS,0.15000000000000002,0.8,4.315,3.315,1.525,4.0,7.381666666666665,0.305,0.0
16,COPOC,RPS,0.18000000000000005,0.765,4.155,3.155,1.446808510638298,4.0,6.932777777777776,0.34,0.0
16,COPOC,RPS,0.19999999999999996,0.76,4.04,3.04,1.4375,4.0,6.49,0.345,0.0
16,COPOC,OCDF,0.010000000000000009,0.97,8.07,7.07,1.6666666666666667,3.0,17.06999999999999,0.05,0.0
16,COPOC,OCDF,0.020000000000000018,0.965,7.95,6.95,1.5714285714285714,3.0,12.449999999999996,0.055,0.0
16,COPOC,OCDF,0.030000000000000027,0.945,7.725,6.725,1.5454545454545454,3.0,12.391666666666662,0.085,0.0
16,COPOC,OCDF,0.050000000000000044,0.93,7.175,6.175,1.5714285714285714,3.0,10.574999999999996,0.11,0.0
16,COPOC,OCDF,0.07999999999999996,0.87,6.36,5.36,1.5769230769230769,4.0,10.485000000000005,0.205,0.0
16,COPOC,OCDF,0.09999999999999998,0.835,5.62,4.62,1.8181818181818181,4.0,10.62,0.3,0.0
16,COPOC,OCDF,0.13,0.785,5.075,4.075,1.7209302325581395,4.0,9.767307692307693,0.37,0.0
16,COPOC,OCDF,0.15000000000000002,0.76,4.915,3.915,1.7291666666666667,4.0,9.448333333333332,0.415,0.0
16,COPOC,OCDF,0.18000000000000005,0.71,4.715,3.715,1.6379310344827587,4.0,8.992777777777777,0.475,0.0
16,COPOC,OCDF,0.19999999999999996,0.685,4.435,3.435,1.6666666666666667,5.0,8.685,0.525,0.0
16,COPOC,APS,0.010000000000000009,0.97,7.215,6.215,1.1666666666666667,2.0,13.214999999999996,0.035,0.0
16,COPOC,APS,0.020000000000000018,0.95,6.595,5.595,1.4,3.0,12.594999999999995,0.07,0.0
16,COPOC,APS,0.030000000000000027,0.935,6.44,5.44,1.4615384615384615,3.0,11.773333333333328,0.095,0.0
16,COPOC,APS,0.050000000000000044,0.93,6.18,5.18,1.5,3.0,9.379999999999997,0.105,0.0
16,COPOC,APS,0.07999999999999996,0.895,5.735,4.735,1.5714285714285714,4.0,8.860000000000003,0.165,0.0
16,COPOC,APS,0.09999999999999998,0.86,5.265,4.265,1.5714285714285714,4.0,8.665,0.22,0.0
16,COPOC,APS,0.13,0.82,4.86,3.86,1.6388888888888888,4.0,8.39846153846154,0.295,0.0
16,COPOC,APS,0.15000000000000002,0.8,4.58,3.58,1.725,4.0,8.18,0.345,0.0
16,COPOC,APS,0.18000000000000005,0.74,4.345,3.345,1.6923076923076923,5.0,8.233888888888888,0.44,0.0
16,COPOC,APS,0.19999999999999996,0.725,4.225,3.225,1.709090909090909,5.0,7.925,0.47,0.0
16,COPOC,LAC,0.010000000000000009,0.95,6.885,5.885,1.3,2.0,18.884999999999987,0.065,0.0
16,COPOC,LAC,0.020000000000000018,0.95,6.765,5.765,1.4,3.0,12.764999999999995,0.07,0.0
16,COPOC,LAC,0.030000000000000027,0.935,6.67,5.67,1.3846153846153846,3.0,11.669999999999995,0.09,0.0
16,COPOC,LAC,0.050000000000000044,0.93,6.375,5.375,1.4285714285714286,3.0,9.374999999999996,0.1,0.0
16,COPOC,LAC,0.07999999999999996,0.88,5.645,4.645,1.6666666666666667,3.0,9.645000000000003,0.2,0.0
16,COPOC,LAC,0.09999999999999998,0.85,5.225,4.225,1.6333333333333333,3.0,9.125,0.245,0.0
16,COPOC,LAC,0.13,0.82,4.66,3.66,1.6666666666666667,4.0,8.275384615384615,0.3,0.0
16,COPOC,LAC,0.15000000000000002,0.785,4.325,3.325,1.744186046511628,4.0,8.325,0.375,0.0
16,COPOC,LAC,0.18000000000000005,0.735,4.125,3.125,1.6415094339622642,4.0,7.958333333333332,0.435,0.0
16,COPOC,LAC,0.19999999999999996,0.73,4.04,3.04,1.6666666666666667,4.0,7.54,0.45,0.0
17,COPOC,min-CPS,0.010000000000000009,1.0,7.94,6.94,,0.0,6.94,0.0,0.0
17,COPOC,min-CPS,0.020000000000000018,0.985,7.24,6.24,1.0,1.0,7.739999999999998,0.015,0.0
17,COPOC,min-CPS,0.030000000000000027,0.97,6.85,5.85,1.0,1.0,7.849999999999999,0.03,0.0
17,COPOC,min-CPS,0.050000000000000044,0.945,6.415,5.415,1.1818181818181819,2.0,8.014999999999997,0.065,0.0
17,COPOC,min-CPS,0.07999999999999996,0.92,6.045,5.045,1.25,2.0,7.545000000000001,0.1,0.0
17,COPOC,min-CPS,0.09999999999999998,0.885,5.61,4.61,1.434782608695652,3.0,7.91,0.165,0.0
17,COPOC,min-CPS,0.13,0.85,5.21,4.21,1.4666666666666666,3.0,7.594615384615384,0.22,0.0
17,COPOC,min-CPS,0.15000000000000002,0.835,4.845,3.845,1.6363636363636365,3.0,7.445,0.27,0.0
17,COPOC,min-CPS,0.18000000000000005,0.805,4.715,3.715,1.6666666666666667,3.0,7.326111111111111,0.325,0.0
17,COPOC,min-CPS,0.19999999999999996,0.775,4.565,3.565,1.6666666666666667,4.0,7.315,0.375,0.0
17,COPOC,RPS,0.010000000000000009,1.0,7.6,6.6,,0.0,6.6,0.0,0.0
17,COPOC,RPS,0.020000000000000018,0.975,6.98,5.98,1.0,1.0,8.479999999999997,0.025,0.0
17,COPOC,RPS,0.030000000000000027,0.955,6.545,5.545,1.0,1.0,8.544999999999998,0.045,0.0
17,COPOC,RPS,0.050000000000000044,0.945,6.195,5.195,1.2727272727272727,2.0,7.994999999999997,0.07,0.0
17,COPOC,RPS,0.07999999999999996,0.905,5.315,4.315,1.368421052631579,2.0,7.565000000000002,0.13,0.0
17,COPOC,RPS,0.09999999999999998,0.89,5.13,4.13,1.3181818181818181,2.0,7.03,0.145,0.0
17,COPOC,RPS,0.13,0.865,4.725,3.725,1.5185185185185186,3.0,6.878846153846154,0.205,0.0
17,COPOC,RPS,0.15000000000000002,0.85,4.55,3.55,1.4666666666666666,3.0,6.4833333333333325,0.22,0.0
17,COPOC,RPS,0.18000000000000005,0.805,4.275,3.275,1.435897435897436,3.0,6.386111111111111,0.28,0.0
17,COPOC,RPS,0.19999999999999996,0.8,4.205,3.205,1.425,3.0,6.055,0.285,0.0
17,COPOC,OCDF,0.010000000000000009,0.985,8.415,7.415,1.0,1.0,10.414999999999997,0.015,0.0
17,COPOC,OCDF,0.020000000000000018,0.975,8.005,7.005,1.4,2.0,10.504999999999995,0.035,0.0
17,COPOC,OCDF,0.030000000000000027,0.97,7.915,6.915,1.5,2.0,9.914999999999997,0.045,0.0
17,COPOC,OCDF,0.050000000000000044,0.94,7.32,6.32,1.4166666666666667,3.0,9.719999999999997,0.085,0.0
17,COPOC,OCDF,0.07999999999999996,0.925,7.1,6.1,1.3333333333333333,3.0,8.600000000000001,0.1,0.0
17,COPOC,OCDF,0.09999999999999998,0.905,6.795,5.795,1.4210526315789473,3.0,8.495,0.135,0.0
17,COPOC,OCDF,0.13,0.895,5.87,4.87,1.9047619047619047,4.0,7.946923076923076,0.2,0.0
17,COPOC,OCDF,0.15000000000000002,0.85,5.465,4.465,1.8,4.0,8.065,0.27,0.0
17,COPOC,OCDF,0.18000000000000005,0.795,4.855,3.855,1.7073170731707317,4.0,7.743888888888888,0.35,0.0
17,COPOC,OCDF,0.19999999999999996,0.78,4.775,3.775,1.6818181818181819,4.0,7.475,0.37,0.0
17,COPOC,APS,0.010000000000000009,1.0,8.04,7.04,,0.0,7.04,0.0,0.0
17,COPOC,APS,0.020000000000000018,0.995,7.525,6.525,1.0,1.0,7.025,0.005,0.0
17,COPOC,APS,0.030000000000000027,0.975,6.95,5.95,1.0,1.0,7.616666666666665,0.025,0.0
17,COPOC,APS,0.050000000000000044,0.945,6.49,5.49,1.1818181818181819,2.0,8.089999999999998,0.065,0.0
17,COPOC,APS,0.07999999999999996,0.915,5.98,4.98,1.2941176470588236,2.0,7.730000000000001,0.11,0.0
17,COPOC,APS,0.09999999999999998,0.88,5.465,4.465,1.4583333333333333,3.0,7.965,0.175,0.0
17,COPOC,APS,0.13,0.84,4.97,3.97,1.5625,4.0,7.8161538461538465,0.25,0.0
17,COPOC,APS,0.15000000000000002,0.825,4.655,3.655,1.6571428571428573,4.0,7.5216666666666665,0.29,0.0
17,COPOC,APS,0.18000000000000005,0.8,4.455,3.455,1.65,4.0,7.121666666666665,0.33,0.0
17,COPOC,APS,0.19999999999999996,0.785,4.295,3.295,1.7209302325581395,4.0,6.995,0.37,0.0
17,COPOC,LAC,0.010000000000000009,1.0,8.09,7.09,,0.0,7.09,0.0,0.0
17,COPOC,LAC,0.020000000000000018,0.985,7.425,6.425,1.0,1.0,7.924999999999999,0.015,0.0
17,COPOC,LAC,0.030000000000000027,0.98,7.185,6.185,1.0,1.0,7.518333333333333,0.02,0.0
17,COPOC,LAC,0.050000000000000044,0.945,6.67,5.67,1.0909090909090908,2.0,8.069999999999999,0.06,0.0
17,COPOC,LAC,0.07999999999999996,0.92,6.08,5.08,1.3125,3.0,7.705000000000002,0.105,0.0
17,COPOC,LAC,0.09999999999999998,0.88,5.565,4.565,1.5,3.0,8.165,0.18,0.0
17,COPOC,LAC,0.13,0.87,5.115,4.115,1.6538461538461537,4.0,7.422692307692307,0.215,0.0
17,COPOC,LAC,0.15000000000000002,0.845,4.815,3.815,1.5806451612903225,4.0,7.081666666666666,0.245,0.0
17,COPOC,LAC,0.18000000000000005,0.82,4.41,3.41,1.6944444444444444,4.0,6.798888888888888,0.305,0.0
17,COPOC,LAC,0.19999999999999996,0.82,4.355,3.355,1.6944444444444444,4.0,6.405,0.305,0.0
18,COPOC,min-CPS,0.010000000000000009,0.995,7.755,6.755,1.0,1.0,7.754999999999999,0.005,0.0
18,COPOC,min-CPS,0.020000000000000018,0.985,7.195,6.195,1.0,1.0,7.694999999999998,0.015,0.0
18,COPOC,min-CPS,0.030000000000000027,0.98,6.92,5.92,1.25,2.0,7.586666666666665,0.025,0.0
18,COPOC,min-CPS,0.050000000000000044,0.945,6.425,5.425,1.1818181818181819,2.0,8.024999999999999,0.065,0.0
18,COPOC,min-CPS,0.07999999999999996,0.9,5.76,4.76,1.35,2.0,8.135000000000002,0.135,0.0
18,COPOC,min-CPS,0.09999999999999998,0.89,5.605,4.605,1.4545454545454546,3.0,7.805,0.16,0.0
18,COPOC,min-CPS,0.13,0.885,5.37,4.37,1.608695652173913,3.0,7.216153846153847,0.185,0.0
18,COPOC,min-CPS,0.15000000000000002,0.86,4.965,3.965,1.7142857142857142,3.0,7.165,0.24,0.0
18,COPOC,min-CPS,0.18000000000000005,0.795,4.67,3.67,1.6585365853658536,3.0,7.447777777777777,0.34,0.0
18,COPOC,min-CPS,0.19999999999999996,0.78,4.53,3.53,1.6818181818181819,4.0,7.23,0.37,0.0
18,COPOC,RPS,0.010000000000000009,0.995,7.585,6.585,1.0,1.0,7.584999999999999,0.005,0.0
18,COPOC,RPS,0.020000000000000018,0.975,6.945,5.945,1.0,1.0,8.444999999999999,0.025,0.0
18,COPOC,RPS,0.030000000000000027,0.965,6.61,5.61,1.0,1.0,7.9433333333333325,0.035,0.0
18,COPOC,RPS,0.050000000000000044,0.93,6.045,5.045,1.2142857142857142,2.0,8.444999999999999,0.085,0.0
18,COPOC,RPS,0.07999999999999996,0.895,5.265,4.265,1.3333333333333333,2.0,7.765000000000002,0.14,0.0
18,COPOC,RPS,0.09999999999999998,0.885,5.105,4.105,1.3043478260869565,2.0,7.105,0.15,0.0
18,COPOC,RPS,0.13,0.865,4.7,3.7,1.5185185185185186,3.0,6.853846153846154,0.205,0.0
18,COPOC,RPS,0.15000000000000002,0.855,4.56,3.56,1.5172413793103448,3.0,6.493333333333332,0.22,0.0
18,COPOC,RPS,0.18000000000000005,0.825,4.335,3.335,1.5142857142857142,3.0,6.279444444444444,0.265,0.0
18,COPOC,RPS,0.19999999999999996,0.805,4.235,3.235,1.4615384615384615,3.0,6.085,0.285,0.0
18,COPOC,OCDF,0.010000000000000009,0.985,8.435,7.435,1.0,1.0,10.434999999999997,0.015,0.0
18,COPOC,OCDF,0.020000000000000018,0.98,8.1,7.1,1.5,2.0,10.099999999999996,0.03,0.0
18,COPOC,OCDF,0.030000000000000027,0.975,7.98,6.98,1.4,2.0,9.313333333333333,0.035,0.0
18,COPOC,OCDF,0.050000000000000044,0.955,7.47,6.47,1.5555555555555556,3.0,9.269999999999998,0.07,0.0
18,COPOC,OCDF,0.07999999999999996,0.93,7.05,6.05,1.3571428571428572,3.0,8.425000000000002,0.095,0.0
18,COPOC,OCDF,0.09999999999999998,0.88,6.365,5.365,1.5833333333333333,3.0,9.165,0.19,0.0
18,COPOC,OCDF,0.13,0.815,5.33,4.33,1.6486486486486487,4.0,9.022307692307693,0.305,0.0
18,COPOC,OCDF,0.15000000000000002,0.81,5.07,4.07,1.7105263157894737,4.0,8.403333333333332,0.325,0.0
18,COPOC,OCDF,0.18000000000000005,0.75,4.73,3.73,1.6,4.0,8.174444444444443,0.4,0.0
18,COPOC,OCDF,0.19999999999999996,0.72,4.615,3.615,1.5714285714285714,4.0,8.015,0.44,0.0
18,COPOC,APS,0.010000000000000009,0.995,7.855,6.855,1.0,1.0,7.854999999999999,0.005,0.0
18,COPOC,APS,0.020000000000000018,0.99,7.315,6.315,1.5,2.0,7.814999999999999,0.015,0.0
18,COPOC,APS,0.030000000000000027,0.975,7.06,6.06,1.2,2.0,8.059999999999999,0.03,0.0
18,COPOC,APS,0.050000000000000044,0.94,6.375,5.375,1.25,2.0,8.374999999999998,0.075,0.0
18,COPOC,APS,0.07999999999999996,0.915,5.985,4.985,1.3529411764705883,3.0,7.860000000000002,0.115,0.0
18,COPOC,APS,0.09999999999999998,0.89,5.4,4.4,1.5909090909090908,3.0,7.9,0.175,0.0
18,COPOC,APS,0.13,0.88,5.105,4.105,1.6666666666666667,3.0,7.181923076923076,0.2,0.0
18,COPOC,APS,0.15000000000000002,0.825,4.71,3.71,1.6571428571428573,4.0,7.576666666666665,0.29,0.0
18,COPOC,APS,0.18000000000000005,0.805,4.42,3.42,1.7179487179487178,4.0,7.142222222222221,0.335,0.0
18,COPOC,APS,0.19999999999999996,0.78,4.24,3.24,1.6590909090909092,4.0,6.89,0.365,0.0
18,COPOC,LAC,0.010000000000000009,0.995,7.75,6.75,1.0,1.0,7.749999999999999,0.005,0.0
18,COPOC,LAC,0.020000000000000018,0.975,7.14,6.14,1.0,1.0,8.639999999999997,0.025,0.0
18,COPOC,LAC,0.030000000000000027,0.97,6.915,5.915,1.0,1.0,7.914999999999999,0.03,0.0
18,COPOC,LAC,0.050000000000000044,0.965,6.77,5.77,1.1428571428571428,2.0,7.369999999999999,0.04,0.0
18,COPOC,LAC,0.07999999999999996,0.875,5.525,4.525,1.52,3.0,9.275000000000002,0.19,0.0
18,COPOC,LAC,0.09999999999999998,0.875,5.45,4.45,1.56,3.0,8.35,0.195,0.0
18,COPOC,LAC,0.13,0.855,4.94,3.94,1.6551724137931034,4.0,7.632307692307693,0.24,0.0
18,COPOC,LAC,0.15000000000000002,0.805,4.49,3.49,1.5128205128205128,4.0,7.423333333333333,0.295,0.0
18,COPOC,LAC,0.18000000000000005,0.79,4.24,3.24,1.619047619047619,4.0,7.017777777777778,0.34,0.0
18,COPOC,LAC,0.19999999999999996,0.755,4.085,3.085,1.6326530612244898,4.0,7.085,0.4,0.0
19,COPOC,min-CPS,0.010000000000000009,0.995,7.715,6.715,1.0,1.0,7.714999999999999,0.005,0.0
19,COPOC,min-CPS,0.020000000000000018,0.985,7.2,6.2,1.0,1.0,7.6999999999999975,0.015,0.0
19,COPOC,min-CPS,0.030000000000000027,0.975,6.885,5.885,1.2,2.0,7.884999999999999,0.03,0.0
19,COPOC,min-CPS,0.050000000000000044,0.97,6.56,5.56,1.1666666666666667,2.0,6.959999999999999,0.035,0.0
19,COPOC,min-CPS,0.07999999999999996,0.915,5.95,4.95,1.2352941176470589,2.0,7.575000000000001,0.105,0.0
19,COPOC,min-CPS,0.09999999999999998,0.87,5.435,4.435,1.4230769230769231,3.0,8.135,0.185,0.0
19,COPOC,min-CPS,0.13,0.85,5.165,4.165,1.4333333333333333,3.0,7.472692307692308,0.215,0.0
19,COPOC,min-CPS,0.15000000000000002,0.845,4.93,3.93,1.6451612903225807,3.0,7.33,0.255,0.0
19,COPOC,min-CPS,0.18000000000000005,0.785,4.61,3.61,1.697674418604651,3.0,7.665555555555556,0.365,0.0
19,COPOC,min-CPS,0.19999999999999996,0.765,4.525,3.525,1.6595744680851063,4.0,7.425,0.39,0.0
19,COPOC,RPS,0.010000000000000009,0.995,7.56,6.56,1.0,1.0,7.559999999999999,0.005,0.0
19,COPOC,RPS,0.020000000000000018,0.975,6.945,5.945,1.0,1.0,8.444999999999999,0.025,0.0
19,COPOC,RPS,0.030000000000000027,0.97,6.64,5.64,1.0,1.0,7.639999999999999,0.03,0.0
19,COPOC,RPS,0.050000000000000044,0.96,6.43,5.43,1.125,2.0,7.229999999999999,0.045,0.0
19,COPOC,RPS,0.07999999999999996,0.905,5.345,4.345,1.3157894736842106,2.0,7.470000000000002,0.125,0.0
19,COPOC,RPS,0.09999999999999998,0.9,5.195,4.195,1.3,2.0,6.795,0.13,0.0
19,COPOC,RPS,0.13,0.85,4.62,3.62,1.4333333333333333,3.0,6.927692307692308,0.215,0.0
19,COPOC,RPS,0.15000000000000002,0.83,4.445,3.445,1.3823529411764706,3.0,6.578333333333332,0.235,0.0
19,COPOC,RPS,0.18000000000000005,0.8,4.255,3.255,1.4,3.0,6.366111111111111,0.28,0.0
19,COPOC,RPS,0.19999999999999996,0.775,4.145,3.145,1.3555555555555556,3.0,6.195,0.305,0.0
19,COPOC,OCDF,0.010000000000000009,0.99,8.595,7.595,1.0,1.0,9.594999999999997,0.01,0.0
19,COPOC,OCDF,0.020000000000000018,0.975,8.205,7.205,1.4,2.0,10.704999999999998,0.035,0.0
19,COPOC,OCDF,0.030000000000000027,0.975,8.145,7.145,1.4,2.0,9.478333333333332,0.035,0.0
19,COPOC,OCDF,0.050000000000000044,0.96,7.88,6.88,1.5,2.0,9.279999999999998,0.06,0.0
19,COPOC,OCDF,0.07999999999999996,0.91,7.175,6.175,1.2777777777777777,3.0,9.050000000000002,0.115,0.0
19,COPOC,OCDF,0.09999999999999998,0.9,6.69,5.69,1.5,3.0,8.69,0.15,0.0
19,COPOC,OCDF,0.13,0.88,5.89,4.89,1.75,4.0,8.12076923076923,0.21,0.0
19,COPOC,OCDF,0.15000000000000002,0.82,5.375,4.375,1.6388888888888888,4.0,8.308333333333332,0.295,0.0
19,COPOC,OCDF,0.18000000000000005,0.8,5.03,4.03,1.625,4.0,7.641111111111111,0.325,0.0
19,COPOC,OCDF,0.19999999999999996,0.79,4.97,3.97,1.5952380952380953,4.0,7.32,0.335,0.0
19,COPOC,APS,0.010000000000000009,0.99,7.525,6.525,1.0,1.0,8.524999999999999,0.01,0.0
19,COPOC,APS,0.020000000000000018,0.98,7.165,6.165,1.0,1.0,8.164999999999997,0.02,0.0
19,COPOC,APS,0.030000000000000027,0.975,6.975,5.975,1.0,1.0,7.641666666666665,0.025,0.0
19,COPOC,APS,0.050000000000000044,0.94,6.45,5.45,1.1666666666666667,2.0,8.249999999999998,0.07,0.0
19,COPOC,APS,0.07999999999999996,0.92,6.055,5.055,1.3125,2.0,7.680000000000002,0.105,0.0
19,COPOC,APS,0.09999999999999998,0.865,5.195,4.195,1.5185185185185186,3.0,8.295,0.205,0.0
19,COPOC,APS,0.13,0.845,4.915,3.915,1.6129032258064515,3.0,7.761153846153845,0.25,0.0
19,COPOC,APS,0.15000000000000002,0.835,4.785,3.785,1.606060606060606,3.0,7.3183333333333325,0.265,0.0
19,COPOC,APS,0.18000000000000005,0.815,4.595,3.595,1.6216216216216217,3.0,6.928333333333333,0.3,0.0
19,COPOC,APS,0.19999999999999996,0.805,4.475,3.475,1.6153846153846154,3.0,6.625,0.315,0.0
19,COPOC,LAC,0.010000000000000009,0.995,7.69,6.69,1.0,1.0,7.689999999999999,0.005,0.0
19,COPOC,LAC,0.020000000000000018,0.985,7.36,6.36,1.0,1.0,7.859999999999998,0.015,0.0
19,COPOC,LAC,0.030000000000000027,0.98,7.115,6.115,1.0,1.0,7.448333333333332,0.02,0.0
19,COPOC,LAC,0.050000000000000044,0.965,6.715,5.715,1.1428571428571428,2.0,7.314999999999999,0.04,0.0
19,COPOC,LAC,0.07999999999999996,0.935,6.165,5.165,1.5384615384615385,3.0,7.665000000000001,0.1,0.0
19,COPOC,LAC,0.09999999999999998,0.9,5.615,4.615,1.55,3.0,7.715,0.155,0.0
19,COPOC,LAC,0.13,0.86,5.035,4.035,1.5357142857142858,4.0,7.342692307692307,0.215,0.0
19,COPOC,LAC,0.15000000000000002,0.85,4.79,3.79,1.5333333333333334,4.0,6.8566666666666665,0.23,0.0
19,COPOC,LAC,0.18000000000000005,0.835,4.625,3.625,1.5454545454545454,4.0,6.458333333333332,0.255,0.0
19,COPOC,LAC,0.19999999999999996,0.825,4.39,3.39,1.6285714285714286,4.0,6.24,0.285,0.0
20,COPOC,min-CPS,0.010000000000000009,1.0,7.98,6.98,,0.0,6.98,0.0,0.0
20,COPOC,min-CPS,0.020000000000000018,0.995,7.575,6.575,1.0,1.0,7.075,0.005,0.0
20,COPOC,min-CPS,0.030000000000000027,0.965,6.85,5.85,1.1428571428571428,2.0,8.516666666666666,0.04,0.0
20,COPOC,min-CPS,0.050000000000000044,0.955,6.635,5.635,1.1111111111111112,2.0,7.634999999999998,0.05,0.0
20,COPOC,min-CPS,0.07999999999999996,0.925,6.105,5.105,1.2,2.0,7.355000000000002,0.09,0.0
20,COPOC,min-CPS,0.09999999999999998,0.91,5.775,4.775,1.4444444444444444,2.0,7.375,0.13,0.0
20,COPOC,min-CPS,0.13,0.85,5.22,4.22,1.4333333333333333,3.0,7.527692307692307,0.215,0.0
20,COPOC,min-CPS,0.15000000000000002,0.83,4.82,3.82,1.6176470588235294,3.0,7.4866666666666655,0.275,0.0
20,COPOC,min-CPS,0.18000000000000005,0.815,4.74,3.74,1.6756756756756757,3.0,7.184444444444443,0.31,0.0
20,COPOC,min-CPS,0.19999999999999996,0.815,4.74,3.74,1.6756756756756757,3.0,6.84,0.31,0.0
20,COPOC,RPS,0.010000000000000009,1.0,7.685,6.685,,0.0,6.685,0.0,0.0
20,COPOC,RPS,0.020000000000000018,0.995,7.58,6.58,1.0,1.0,7.08,0.005,0.0
20,COPOC,RPS,0.030000000000000027,0.99,7.065,6.065,1.0,1.0,6.7316666666666665,0.01,0.0
20,COPOC,RPS,0.050000000000000044,0.96,6.52,5.52,1.0,1.0,7.119999999999999,0.04,0.0
20,COPOC,RPS,0.07999999999999996,0.93,5.72,4.72,1.0714285714285714,2.0,6.5950000000000015,0.075,0.0
20,COPOC,RPS,0.09999999999999998,0.92,5.25,4.25,1.25,2.0,6.25,0.1,0.0
20,COPOC,RPS,0.13,0.86,4.735,3.735,1.2857142857142858,2.0,6.5042307692307695,0.18,0.0
20,COPOC,RPS,0.15000000000000002,0.83,4.545,3.545,1.2647058823529411,3.0,6.411666666666666,0.215,0.0
20,COPOC,RPS,0.18000000000000005,0.745,4.11,3.11,1.2549019607843137,3.0,6.665555555555554,0.32,0.0
20,COPOC,RPS,0.19999999999999996,0.735,3.995,2.995,1.2452830188679245,3.0,6.295,0.33,0.0
20,COPOC,OCDF,0.010000000000000009,0.995,8.525,7.525,1.0,1.0,8.524999999999999,0.005,0.0
20,COPOC,OCDF,0.020000000000000018,0.99,8.42,7.42,1.0,1.0,8.419999999999998,0.01,0.0
20,COPOC,OCDF,0.030000000000000027,0.96,7.89,6.89,1.375,3.0,10.556666666666663,0.055,0.0
20,COPOC,OCDF,0.050000000000000044,0.93,7.255,6.255,1.2142857142857142,3.0,9.654999999999996,0.085,0.0
20,COPOC,OCDF,0.07999999999999996,0.915,7.015,6.015,1.2352941176470589,3.0,8.640000000000002,0.105,0.0
20,COPOC,OCDF,0.09999999999999998,0.905,6.75,5.75,1.368421052631579,4.0,8.35,0.13,0.0
20,COPOC,OCDF,0.13,0.855,5.59,4.59,1.6896551724137931,4.0,8.35923076923077,0.245,0.0
20,COPOC,OCDF,0.15000000000000002,0.835,5.435,4.435,1.606060606060606,4.0,7.968333333333333,0.265,0.0
20,COPOC,OCDF,0.18000000000000005,0.8,4.89,3.89,1.575,4.0,7.389999999999999,0.315,0.0
20,COPOC,OCDF,0.19999999999999996,0.715,4.49,3.49,1.456140350877193,4.0,7.64,0.415,0.0
20,COPOC,APS,0.010000000000000009,1.0,7.895,6.895,,0.0,6.895,0.0,0.0
20,COPOC,APS,0.020000000000000018,0.995,7.625,6.625,1.0,1.0,7.125,0.005,0.0
20,COPOC,APS,0.030000000000000027,0.98,7.1,6.1,1.0,1.0,7.433333333333333,0.02,0.0
20,COPOC,APS,0.050000000000000044,0.965,6.925,5.925,1.1428571428571428,2.0,7.524999999999999,0.04,0.0
20,COPOC,APS,0.07999999999999996,0.935,6.125,5.125,1.2307692307692308,2.0,7.125,0.08,0.0
20,COPOC,APS,0.09999999999999998,0.92,5.99,4.99,1.375,3.0,7.19,0.11,0.0
20,COPOC,APS,0.13,0.895,5.495,4.495,1.380952380952381,3.0,6.725769230769231,0.145,0.0
20,COPOC,APS,0.15000000000000002,0.86,4.995,3.995,1.6428571428571428,3.0,7.0616666666666665,0.23,0.0
20,COPOC,APS,0.18000000000000005,0.8,4.525,3.525,1.575,4.0,7.025,0.315,0.0
20,COPOC,APS,0.19999999999999996,0.785,4.37,3.37,1.5813953488372092,4.0,6.77,0.34,0.0
20,COPOC,LAC,0.010000000000000009,1.0,8.125,7.125,,0.0,7.125,0.0,0.0
20,COPOC,LAC,0.020000000000000018,0.995,7.565,6.565,1.0,1.0,7.065,0.005,0.0
20,COPOC,LAC,0.030000000000000027,0.975,7.135,6.135,1.0,1.0,7.801666666666665,0.025,0.0
20,COPOC,LAC,0.050000000000000044,0.955,6.795,5.795,1.2222222222222223,2.0,7.994999999999997,0.055,0.0
20,COPOC,LAC,0.07999999999999996,0.93,6.16,5.16,1.3571428571428572,2.0,7.535000000000001,0.095,0.0
20,COPOC,LAC,0.09999999999999998,0.905,5.705,4.705,1.4210526315789473,2.0,7.405,0.135,0.0
20,COPOC,LAC,0.13,0.89,5.455,4.455,1.4545454545454546,3.0,6.916538461538462,0.16,0.0
20,COPOC,LAC,0.15000000000000002,0.83,4.675,3.675,1.411764705882353,3.0,6.875,0.24,0.0
20,COPOC,LAC,0.18000000000000005,0.815,4.355,3.355,1.5675675675675675,3.0,6.577222222222222,0.29,0.0
20,COPOC,LAC,0.19999999999999996,0.735,4.015,3.015,1.5660377358490567,3.0,7.165,0.415,0.0
21,COPOC,min-CPS,0.010000000000000009,0.995,7.81,6.81,2.0,2.0,8.809999999999997,0.01,0.0
21,COPOC,min-CPS,0.020000000000000018,0.99,7.52,6.52,1.5,2.0,8.02,0.015,0.0
21,COPOC,min-CPS,0.030000000000000027,0.99,7.28,6.28,1.5,2.0,7.28,0.015,0.0
21,COPOC,min-CPS,0.050000000000000044,0.945,6.475,5.475,1.3636363636363635,3.0,8.474999999999998,0.075,0.0
21,COPOC,min-CPS,0.07999999999999996,0.94,6.295,5.295,1.3333333333333333,3.0,7.295000000000001,0.08,0.0
21,COPOC,min-CPS,0.09999999999999998,0.915,5.82,4.82,1.5294117647058822,3.0,7.42,0.13,0.0
21,COPOC,min-CPS,0.13,0.845,5.2,4.2,1.4193548387096775,4.0,7.584615384615386,0.22,0.0
21,COPOC,min-CPS,0.15000000000000002,0.865,5.085,4.085,1.6296296296296295,4.0,7.018333333333333,0.22,0.0
21,COPOC,min-CPS,0.18000000000000005,0.85,4.81,3.81,1.7666666666666666,4.0,6.754444444444443,0.265,0.0
21,COPOC,min-CPS,0.19999999999999996,0.815,4.77,3.77,1.6756756756756757,4.0,6.87,0.31,0.0
21,COPOC,RPS,0.010000000000000009,0.99,7.605,6.605,1.5,2.0,9.604999999999997,0.015,0.0
21,COPOC,RPS,0.020000000000000018,0.99,7.39,6.39,1.5,2.0,7.889999999999999,0.015,0.0
21,COPOC,RPS,0.030000000000000027,0.99,7.085,6.085,1.5,2.0,7.085,0.015,0.0
21,COPOC,RPS,0.050000000000000044,0.95,6.375,5.375,1.3,3.0,7.974999999999998,0.065,0.0
21,COPOC,RPS,0.07999999999999996,0.94,5.775,4.775,1.25,3.0,6.650000000000001,0.075,0.0
21,COPOC,RPS,0.09999999999999998,0.915,5.295,4.295,1.2941176470588236,3.0,6.495,0.11,0.0
21,COPOC,RPS,0.13,0.875,4.935,3.935,1.32,3.0,6.473461538461538,0.165,0.0
21,COPOC,RPS,0.15000000000000002,0.815,4.465,3.465,1.3513513513513513,4.0,6.798333333333333,0.25,0.0
21,COPOC,RPS,0.18000000000000005,0.78,4.235,3.235,1.3181818181818181,4.0,6.457222222222222,0.29,0.0
21,COPOC,RPS,0.19999999999999996,0.76,4.05,3.05,1.2916666666666667,4.0,6.15,0.31,0.0
21,COPOC,OCDF,0.010000000000000009,0.965,8.055,7.055,1.4285714285714286,3.0,17.054999999999993,0.05,0.0
21,COPOC,OCDF,0.020000000000000018,0.95,7.875,6.875,1.5,3.0,14.374999999999995,0.075,0.0
21,COPOC,OCDF,0.030000000000000027,0.945,7.815,6.815,1.4545454545454546,3.0,12.14833333333333,0.08,0.0
21,COPOC,OCDF,0.050000000000000044,0.925,7.19,6.19,1.4,3.0,10.389999999999995,0.105,0.0
21,COPOC,OCDF,0.07999999999999996,0.9,6.87,5.87,1.45,4.0,9.495000000000003,0.145,0.0
21,COPOC,OCDF,0.09999999999999998,0.895,6.515,5.515,1.6666666666666667,4.0,9.015,0.175,0.0
21,COPOC,OCDF,0.13,0.88,5.785,4.785,1.875,4.0,8.246538461538462,0.225,0.0
21,COPOC,OCDF,0.15000000000000002,0.84,5.5,4.5,1.6875,4.0,8.1,0.27,0.0
21,COPOC,OCDF,0.18000000000000005,0.82,5.075,4.075,1.6666666666666667,4.0,7.408333333333332,0.3,0.0
21,COPOC,OCDF,0.19999999999999996,0.81,4.94,3.94,1.6842105263157894,4.0,7.14,0.32,0.0
21,COPOC,APS,0.010000000000000009,0.995,7.815,6.815,1.0,1.0,7.814999999999999,0.005,0.0
21,COPOC,APS,0.020000000000000018,0.995,7.655,6.655,2.0,2.0,7.6549999999999985,0.01,0.0
21,COPOC,APS,0.030000000000000027,0.99,7.575,6.575,1.5,2.0,7.575,0.015,0.0
21,COPOC,APS,0.050000000000000044,0.955,6.595,5.595,1.2222222222222223,3.0,7.794999999999999,0.055,0.0
21,COPOC,APS,0.07999999999999996,0.935,6.03,5.03,1.5384615384615385,3.0,7.530000000000001,0.1,0.0
21,COPOC,APS,0.09999999999999998,0.935,5.96,4.96,1.5384615384615385,3.0,6.96,0.1,0.0
21,COPOC,APS,0.13,0.875,5.285,4.285,1.52,3.0,7.208076923076923,0.19,0.0
21,COPOC,APS,0.15000000000000002,0.85,4.99,3.99,1.6,4.0,7.189999999999999,0.24,0.0
21,COPOC,APS,0.18000000000000005,0.8,4.665,3.665,1.525,4.0,7.053888888888888,0.305,0.0
21,COPOC,APS,0.19999999999999996,0.79,4.465,3.465,1.5952380952380953,4.0,6.815,0.335,0.0
21,COPOC,LAC,0.010000000000000009,0.995,7.815,6.815,2.0,2.0,8.814999999999998,0.01,0.0
21,COPOC,LAC,0.020000000000000018,0.99,7.55,6.55,1.5,2.0,8.049999999999999,0.015,0.0
21,COPOC,LAC,0.030000000000000027,0.985,7.265,6.265,1.3333333333333333,2.0,7.598333333333333,0.02,0.0
21,COPOC,LAC,0.050000000000000044,0.95,6.765,5.765,1.3,3.0,8.364999999999998,0.065,0.0
21,COPOC,LAC,0.07999999999999996,0.925,6.155,5.155,1.3333333333333333,3.0,7.655000000000002,0.1,0.0
21,COPOC,LAC,0.09999999999999998,0.91,5.78,4.78,1.4444444444444444,3.0,7.38,0.13,0.0
21,COPOC,LAC,0.13,0.89,5.5,4.5,1.4090909090909092,3.0,6.884615384615386,0.155,0.0
21,COPOC,LAC,0.15000000000000002,0.865,4.86,3.86,1.5925925925925926,3.0,6.726666666666667,0.215,0.0
21,COPOC,LAC,0.18000000000000005,0.815,4.375,3.375,1.6486486486486487,3.0,6.763888888888888,0.305,0.0
21,COPOC,LAC,0.19999999999999996,0.78,4.235,3.235,1.5909090909090908,4.0,6.735,0.35,0.0
22,COPOC,min-CPS,0.010000000000000009,0.995,7.73,6.73,1.0,1.0,7.729999999999999,0.005,0.0
22,COPOC,min-CPS,0.020000000000000018,0.995,7.52,6.52,1.0,1.0,7.02,0.005,0.0
22,COPOC,min-CPS,0.030000000000000027,0.99,7.175,6.175,1.0,1.0,6.841666666666666,0.01,0.0
22,COPOC,min-CPS,0.050000000000000044,0.985,6.775,5.775,1.3333333333333333,2.0,6.575,0.02,0.0
22,COPOC,min-CPS,0.07999999999999996,0.93,6.12,5.12,1.0714285714285714,2.0,6.995000000000001,0.075,0.0
22,COPOC,min-CPS,0.09999999999999998,0.92,5.775,4.775,1.25,2.0,6.775,0.1,0.0
22,COPOC,min-CPS,0.13,0.885,5.37,4.37,1.434782608695652,3.0,6.908461538461538,0.165,0.0
22,COPOC,min-CPS,0.15000000000000002,0.875,5.22,4.22,1.4,3.0,6.553333333333333,0.175,0.0
22,COPOC,min-CPS,0.18000000000000005,0.835,4.685,3.685,1.606060606060606,3.0,6.629444444444443,0.265,0.0
22,COPOC,min-CPS,0.19999999999999996,0.815,4.655,3.655,1.5945945945945945,3.0,6.605,0.295,0.0
22,COPOC,RPS,0.010000000000000009,0.995,7.585,6.585,1.0,1.0,7.584999999999999,0.005,0.0
22,COPOC,RPS,0.020000000000000018,0.995,7.495,6.495,1.0,1.0,6.995,0.005,0.0
22,COPOC,RPS,0.030000000000000027,0.995,7.02,6.02,1.0,1.0,6.353333333333333,0.005,0.0
22,COPOC,RPS,0.050000000000000044,0.975,6.52,5.52,1.0,1.0,6.52,0.025,0.0
22,COPOC,RPS,0.07999999999999996,0.94,5.705,4.705,1.0833333333333333,2.0,6.33,0.065,0.0
22,COPOC,RPS,0.09999999999999998,0.89,5.125,4.125,1.1363636363636365,2.0,6.625,0.125,0.0
22,COPOC,RPS,0.13,0.875,4.905,3.905,1.2,2.0,6.212692307692309,0.15,0.0
22,COPOC,RPS,0.15000000000000002,0.855,4.57,3.57,1.2758620689655173,3.0,6.036666666666666,0.185,0.0
22,COPOC,RPS,0.18000000000000005,0.84,4.37,3.37,1.34375,3.0,5.758888888888889,0.215,0.0
22,COPOC,RPS,0.19999999999999996,0.825,4.265,3.265,1.3428571428571427,3.0,5.615,0.235,0.0
22,COPOC,OCDF,0.010000000000000009,1.0,8.67,7.67,,0.0,7.67,0.0,0.0
22,COPOC,OCDF,0.020000000000000018,0.975,8.065,7.065,1.2,2.0,10.064999999999996,0.03,0.0
22,COPOC,OCDF,0.030000000000000027,0.96,7.9,6.9,1.375,2.0,10.566666666666665,0.055,0.0
22,COPOC,OCDF,0.050000000000000044,0.955,7.62,6.62,1.3333333333333333,2.0,9.019999999999998,0.06,0.0
22,COPOC,OCDF,0.07999999999999996,0.935,7.245,6.245,1.2307692307692308,2.0,8.245000000000001,0.08,0.0
22,COPOC,OCDF,0.09999999999999998,0.93,7.155,6.155,1.2142857142857142,2.0,7.855,0.085,0.0
22,COPOC,OCDF,0.13,0.92,6.595,5.595,1.5625,3.0,7.518076923076922,0.125,0.0
22,COPOC,OCDF,0.15000000000000002,0.92,6.055,5.055,1.6875,3.0,6.855,0.135,0.0
22,COPOC,OCDF,0.18000000000000005,0.88,5.575,4.575,1.625,3.0,6.741666666666665,0.195,0.0
22,COPOC,OCDF,0.19999999999999996,0.87,5.375,4.375,1.6153846153846154,3.0,6.475,0.21,0.0
22,COPOC,APS,0.010000000000000009,0.995,7.65,6.65,1.0,1.0,7.649999999999999,0.005,0.0
22,COPOC,APS,0.020000000000000018,0.995,7.135,6.135,2.0,2.0,7.134999999999999,0.01,0.0
22,COPOC,APS,0.030000000000000027,0.98,7.055,6.055,1.25,2.0,7.721666666666665,0.025,0.0
22,COPOC,APS,0.050000000000000044,0.96,6.57,5.57,1.125,2.0,7.369999999999999,0.045,0.0
22,COPOC,APS,0.07999999999999996,0.935,6.245,5.245,1.1538461538461537,3.0,7.120000000000001,0.075,0.0
22,COPOC,APS,0.09999999999999998,0.92,5.89,4.89,1.25,3.0,6.89,0.1,0.0
22,COPOC,APS,0.13,0.885,5.135,4.135,1.4782608695652173,3.0,6.750384615384615,0.17,0.0
22,COPOC,APS,0.15000000000000002,0.875,4.91,3.91,1.64,4.0,6.643333333333333,0.205,0.0
22,COPOC,APS,0.18000000000000005,0.845,4.625,3.625,1.7419354838709677,4.0,6.624999999999999,0.27,0.0
22,COPOC,APS,0.19999999999999996,0.82,4.49,3.49,1.6666666666666667,4.0,6.49,0.3,0.0
22,COPOC,LAC,0.010000000000000009,0.995,7.725,6.725,1.0,1.0,7.724999999999999,0.005,0.0
22,COPOC,LAC,0.020000000000000018,0.995,7.5,6.5,1.0,1.0,7.0,0.005,0.0
22,COPOC,LAC,0.030000000000000027,0.995,7.36,6.36,1.0,1.0,6.6933333333333325,0.005,0.0
22,COPOC,LAC,0.050000000000000044,0.98,6.775,5.775,1.25,2.0,6.775,0.025,0.0
22,COPOC,LAC,0.07999999999999996,0.93,6.065,5.065,1.1428571428571428,2.0,7.065000000000001,0.08,0.0
22,COPOC,LAC,0.09999999999999998,0.91,5.68,4.68,1.3333333333333333,2.0,7.08,0.12,0.0
22,COPOC,LAC,0.13,0.895,5.355,4.355,1.380952380952381,3.0,6.585769230769231,0.145,0.0
22,COPOC,LAC,0.15000000000000002,0.875,5.035,4.035,1.4,3.0,6.368333333333332,0.175,0.0
22,COPOC,LAC,0.18000000000000005,0.865,4.685,3.685,1.4444444444444444,3.0,5.851666666666667,0.195,0.0
22,COPOC,LAC,0.19999999999999996,0.855,4.58,3.58,1.4482758620689655,3.0,5.68,0.21,0.0
23,COPOC,min-CPS,0.010000000000000009,0.97,7.145,6.145,1.1666666666666667,2.0,13.144999999999996,0.035,0.0
23,COPOC,min-CPS,0.020000000000000018,0.965,6.885,5.885,1.2857142857142858,3.0,10.384999999999996,0.045,0.0
23,COPOC,min-CPS,0.030000000000000027,0.965,6.77,5.77,1.4285714285714286,3.0,9.10333333333333,0.05,0.0
23,COPOC,min-CPS,0.050000000000000044,0.945,6.37,5.37,1.4545454545454546,3.0,8.569999999999999,0.08,0.0
23,COPOC,min-CPS,0.07999999999999996,0.93,6.09,5.09,1.4285714285714286,3.0,7.5900000000000025,0.1,0.0
23,COPOC,min-CPS,0.09999999999999998,0.93,5.8,4.8,1.5714285714285714,3.0,7.0,0.11,0.0
23,COPOC,min-CPS,0.13,0.885,5.345,4.345,1.608695652173913,4.0,7.1911538461538465,0.185,0.0
23,COPOC,min-CPS,0.15000000000000002,0.85,4.915,3.915,1.6666666666666667,4.0,7.248333333333332,0.25,0.0
23,COPOC,min-CPS,0.18000000000000005,0.83,4.705,3.705,1.7058823529411764,4.0,6.9272222222222215,0.29,0.0
23,COPOC,min-CPS,0.19999999999999996,0.78,4.505,3.505,1.6363636363636365,4.0,7.105,0.36,0.0
23,COPOC,RPS,0.010000000000000009,0.985,7.46,6.46,1.3333333333333333,2.0,10.459999999999996,0.02,0.0
23,COPOC,RPS,0.020000000000000018,0.975,6.93,5.93,1.2,2.0,8.929999999999998,0.03,0.0
23,COPOC,RPS,0.030000000000000027,0.955,6.48,5.48,1.1111111111111112,2.0,8.81333333333333,0.05,0.0
23,COPOC,RPS,0.050000000000000044,0.945,6.18,5.18,1.3636363636363635,3.0,8.179999999999998,0.075,0.0
23,COPOC,RPS,0.07999999999999996,0.935,5.73,4.73,1.3076923076923077,3.0,6.855000000000001,0.085,0.0
23,COPOC,RPS,0.09999999999999998,0.92,5.29,4.29,1.5,3.0,6.69,0.12,0.0
23,COPOC,RPS,0.13,0.895,4.97,3.97,1.4761904761904763,3.0,6.354615384615385,0.155,0.0
23,COPOC,RPS,0.15000000000000002,0.87,4.615,3.615,1.5384615384615385,4.0,6.281666666666666,0.2,0.0
23,COPOC,RPS,0.18000000000000005,0.835,4.34,3.34,1.4848484848484849,4.0,6.062222222222221,0.245,0.0
23,COPOC,RPS,0.19999999999999996,0.825,4.285,3.285,1.457142857142857,4.0,5.835,0.255,0.0
23,COPOC,OCDF,0.010000000000000009,1.0,8.72,7.72,,0.0,7.72,0.0,0.0
23,COPOC,OCDF,0.020000000000000018,0.995,8.48,7.48,1.0,1.0,7.98,0.005,0.0
23,COPOC,OCDF,0.030000000000000027,0.985,8.1,7.1,1.0,1.0,8.1,0.015,0.0
23,COPOC,OCDF,0.050000000000000044,0.975,7.915,6.915,1.2,2.0,8.115,0.03,0.0
23,COPOC,OCDF,0.07999999999999996,0.955,7.325,6.325,1.1111111111111112,2.0,7.575,0.05,0.0
23,COPOC,OCDF,0.09999999999999998,0.94,7.17,6.17,1.1666666666666667,2.0,7.57,0.07,0.0
23,COPOC,OCDF,0.13,0.87,5.73,4.73,1.5,3.0,7.73,0.195,0.0
23,COPOC,OCDF,0.15000000000000002,0.825,5.18,4.18,1.4285714285714286,3.0,7.513333333333333,0.25,0.0
23,COPOC,OCDF,0.18000000000000005,0.8,4.865,3.865,1.45,4.0,7.087222222222222,0.29,0.0
23,COPOC,OCDF,0.19999999999999996,0.795,4.78,3.78,1.4390243902439024,4.0,6.73,0.295,0.0
23,COPOC,APS,0.010000000000000009,0.99,7.515,6.515,1.5,2.0,9.514999999999997,0.015,0.0
23,COPOC,APS,0.020000000000000018,0.97,6.925,5.925,1.1666666666666667,2.0,9.424999999999997,0.035,0.0
23,COPOC,APS,0.030000000000000027,0.955,6.6,5.6,1.2222222222222223,2.0,9.266666666666664,0.055,0.0
23,COPOC,APS,0.050000000000000044,0.945,6.345,5.345,1.5454545454545454,3.0,8.744999999999997,0.085,0.0
23,COPOC,APS,0.07999999999999996,0.93,6.06,5.06,1.4285714285714286,3.0,7.560000000000002,0.1,0.0
23,COPOC,APS,0.09999999999999998,0.92,5.81,4.81,1.375,3.0,7.01,0.11,0.0
23,COPOC,APS,0.13,0.875,5.245,4.245,1.4,3.0,6.937307692307693,0.175,0.0
23,COPOC,APS,0.15000000000000002,0.84,4.765,3.765,1.5625,4.0,7.098333333333333,0.25,0.0
23,COPOC,APS,0.18000000000000005,0.79,4.395,3.395,1.619047619047619,4.0,7.172777777777777,0.34,0.0
23,COPOC,APS,0.19999999999999996,0.76,4.265,3.265,1.6041666666666667,4.0,7.115,0.385,0.0
23,COPOC,LAC,0.010000000000000009,0.975,7.365,6.365,1.2,2.0,12.364999999999995,0.03,0.0
23,COPOC,LAC,0.020000000000000018,0.97,7.095,6.095,1.1666666666666667,2.0,9.594999999999997,0.035,0.0
23,COPOC,LAC,0.030000000000000027,0.97,6.885,5.885,1.3333333333333333,2.0,8.551666666666666,0.04,0.0
23,COPOC,LAC,0.050000000000000044,0.965,6.75,5.75,1.4285714285714286,3.0,7.749999999999999,0.05,0.0
23,COPOC,LAC,0.07999999999999996,0.935,6.1,5.1,1.5384615384615385,3.0,7.600000000000001,0.1,0.0
23,COPOC,LAC,0.09999999999999998,0.92,5.715,4.715,1.5,3.0,7.115,0.12,0.0
23,COPOC,LAC,0.13,0.895,5.365,4.365,1.4285714285714286,3.0,6.672692307692309,0.15,0.0
23,COPOC,LAC,0.15000000000000002,0.87,4.845,3.845,1.5,3.0,6.445,0.195,0.0
23,COPOC,LAC,0.18000000000000005,0.81,4.31,3.31,1.5789473684210527,3.0,6.643333333333333,0.3,0.0
23,COPOC,LAC,0.19999999999999996,0.795,4.255,3.255,1.5365853658536586,3.0,6.405,0.315,0.0
24,COPOC,min-CPS,0.010000000000000009,1.0,7.945,6.945,,0.0,6.945,0.0,0.0
24,COPOC,min-CPS,0.020000000000000018,0.99,7.495,6.495,1.0,1.0,7.494999999999999,0.01,0.0
24,COPOC,min-CPS,0.030000000000000027,0.985,6.955,5.955,1.0,1.0,6.955,0.015,0.0
24,COPOC,min-CPS,0.050000000000000044,0.97,6.64,5.64,1.0,1.0,6.84,0.03,0.0
24,COPOC,min-CPS,0.07999999999999996,0.945,6.28,5.28,1.2727272727272727,2.0,7.03,0.07,0.0
24,COPOC,min-CPS,0.09999999999999998,0.915,5.74,4.74,1.3529411764705883,2.0,7.04,0.115,0.0
24,COPOC,min-CPS,0.13,0.9,5.505,4.505,1.45,3.0,6.735769230769231,0.145,0.0
24,COPOC,min-CPS,0.15000000000000002,0.855,4.965,3.965,1.5517241379310345,3.0,6.965,0.225,0.0
24,COPOC,min-CPS,0.18000000000000005,0.81,4.705,3.705,1.5263157894736843,3.0,6.9272222222222215,0.29,0.0
24,COPOC,min-CPS,0.19999999999999996,0.79,4.635,3.635,1.5238095238095237,3.0,6.835,0.32,0.0
24,COPOC,RPS,0.010000000000000009,1.0,7.615,6.615,,0.0,6.615,0.0,0.0
24,COPOC,RPS,0.020000000000000018,0.995,7.53,6.53,1.0,1.0,7.03,0.005,0.0
24,COPOC,RPS,0.030000000000000027,0.98,6.865,5.865,1.0,1.0,7.198333333333332,0.02,0.0
24,COPOC,RPS,0.050000000000000044,0.96,6.46,5.46,1.0,1.0,7.06,0.04,0.0
24,COPOC,RPS,0.07999999999999996,0.93,5.685,4.685,1.1428571428571428,2.0,6.685,0.08,0.0
24,COPOC,RPS,0.09999999999999998,0.925,5.33,4.33,1.3333333333333333,2.0,6.33,0.1,0.0
24,COPOC,RPS,0.13,0.895,5.0,4.0,1.3333333333333333,2.0,6.153846153846155,0.14,0.0
24,COPOC,RPS,0.15000000000000002,0.87,4.66,3.66,1.4230769230769231,3.0,6.126666666666665,0.185,0.0
24,COPOC,RPS,0.18000000000000005,0.825,4.32,3.32,1.4,3.0,6.042222222222222,0.245,0.0
24,COPOC,RPS,0.19999999999999996,0.785,4.125,3.125,1.3255813953488371,3.0,5.975,0.285,0.0
24,COPOC,OCDF,0.010000000000000009,0.985,8.42,7.42,1.0,1.0,10.419999999999995,0.015,0.0
24,COPOC,OCDF,0.020000000000000018,0.98,8.085,7.085,1.75,3.0,10.584999999999996,0.035,0.0
24,COPOC,OCDF,0.030000000000000027,0.945,7.79,6.79,1.3636363636363635,3.0,11.789999999999996,0.075,0.0
24,COPOC,OCDF,0.050000000000000044,0.945,7.515,6.515,1.4545454545454546,3.0,9.714999999999998,0.08,0.0
24,COPOC,OCDF,0.07999999999999996,0.925,7.11,6.11,1.3333333333333333,3.0,8.610000000000001,0.1,0.0
24,COPOC,OCDF,0.09999999999999998,0.89,6.615,5.615,1.4090909090909092,4.0,8.715,0.155,0.0
24,COPOC,OCDF,0.13,0.85,5.73,4.73,1.6333333333333333,4.0,8.499230769230769,0.245,0.0
24,COPOC,OCDF,0.15000000000000002,0.835,5.56,4.56,1.5757575757575757,4.0,8.026666666666666,0.26,0.0
24,COPOC,OCDF,0.18000000000000005,0.815,5.155,4.155,1.5945945945945945,4.0,7.432777777777778,0.295,0.0
24,COPOC,OCDF,0.19999999999999996,0.795,4.965,3.965,1.5609756097560976,4.0,7.165,0.32,0.0
24,COPOC,APS,0.010000000000000009,0.99,7.735,6.735,1.0,1.0,8.734999999999998,0.01,0.0
24,COPOC,APS,0.020000000000000018,0.99,7.44,6.44,1.0,1.0,7.439999999999999,0.01,0.0
24,COPOC,APS,0.030000000000000027,0.98,7.19,6.19,1.0,1.0,7.5233333333333325,0.02,0.0
24,COPOC,APS,0.050000000000000044,0.97,6.52,5.52,1.3333333333333333,2.0,7.119999999999999,0.04,0.0
24,COPOC,APS,0.07999999999999996,0.945,6.205,5.205,1.1818181818181819,2.0,6.83,0.065,0.0
24,COPOC,APS,0.09999999999999998,0.945,6.06,5.06,1.2727272727272727,2.0,6.46,0.07,0.0
24,COPOC,APS,0.13,0.9,5.36,4.36,1.5,3.0,6.667692307692307,0.15,0.0
24,COPOC,APS,0.15000000000000002,0.88,5.03,4.03,1.5416666666666667,3.0,6.496666666666666,0.185,0.0
24,COPOC,APS,0.18000000000000005,0.855,4.775,3.775,1.6206896551724137,4.0,6.386111111111109,0.235,0.0
24,COPOC,APS,0.19999999999999996,0.83,4.64,3.64,1.6176470588235294,4.0,6.39,0.275,0.0
24,COPOC,LAC,0.010000000000000009,1.0,8.08,7.08,,0.0,7.08,0.0,0.0
24,COPOC,LAC,0.020000000000000018,0.99,7.5,6.5,1.0,1.0,7.499999999999999,0.01,0.0
24,COPOC,LAC,0.030000000000000027,0.99,7.28,6.28,1.0,1.0,6.946666666666666,0.01,0.0
24,COPOC,LAC,0.050000000000000044,0.965,6.77,5.77,1.1428571428571428,2.0,7.369999999999999,0.04,0.0
24,COPOC,LAC,0.07999999999999996,0.95,6.37,5.37,1.4,2.0,7.120000000000001,0.07,0.0
24,COPOC,LAC,0.09999999999999998,0.92,5.735,4.735,1.5,3.0,7.135,0.12,0.0
24,COPOC,LAC,0.13,0.9,5.415,4.415,1.4,3.0,6.568846153846155,0.14,0.0
24,COPOC,LAC,0.15000000000000002,0.885,5.065,4.065,1.4782608695652173,4.0,6.331666666666666,0.17,0.0
24,COPOC,LAC,0.18000000000000005,0.855,4.59,3.59,1.4827586206896552,4.0,5.978888888888889,0.215,0.0
24,COPOC,LAC,0.19999999999999996,0.825,4.325,3.325,1.4857142857142858,4.0,5.925,0.26,0.0
25,COPOC,min-CPS,0.010000000000000009,0.995,7.7,6.7,2.0,2.0,8.699999999999998,0.01,0.0
25,COPOC,min-CPS,0.020000000000000018,0.995,7.515,6.515,2.0,2.0,7.514999999999999,0.01,0.0
25,COPOC,min-CPS,0.030000000000000027,0.955,6.665,5.665,1.2222222222222223,3.0,9.331666666666663,0.055,0.0
25,COPOC,min-CPS,0.050000000000000044,0.955,6.52,5.52,1.2222222222222223,3.0,7.719999999999999,0.055,0.0
25,COPOC,min-CPS,0.07999999999999996,0.95,6.31,5.31,1.5,3.0,7.185,0.075,0.0
25,COPOC,min-CPS,0.09999999999999998,0.905,5.635,4.635,1.5789473684210527,3.0,7.635,0.15,0.0
25,COPOC,min-CPS,0.13,0.89,5.41,4.41,1.6363636363636365,4.0,7.179230769230769,0.18,0.0
25,COPOC,min-CPS,0.15000000000000002,0.855,4.975,3.975,1.5862068965517242,4.0,7.041666666666666,0.23,0.0
25,COPOC,min-CPS,0.18000000000000005,0.845,4.72,3.72,1.7419354838709677,4.0,6.72,0.27,0.0
25,COPOC,min-CPS,0.19999999999999996,0.83,4.66,3.66,1.7352941176470589,4.0,6.61,0.295,0.0
25,COPOC,RPS,0.010000000000000009,0.995,7.56,6.56,2.0,2.0,8.559999999999997,0.01,0.0
25,COPOC,RPS,0.020000000000000018,0.98,7.015,6.015,1.25,2.0,8.514999999999997,0.025,0.0
25,COPOC,RPS,0.030000000000000027,0.975,6.705,5.705,1.2,2.0,7.704999999999999,0.03,0.0
25,COPOC,RPS,0.050000000000000044,0.95,6.31,5.31,1.3,3.0,7.909999999999999,0.065,0.0
25,COPOC,RPS,0.07999999999999996,0.935,5.725,4.725,1.3076923076923077,3.0,6.85,0.085,0.0
25,COPOC,RPS,0.09999999999999998,0.935,5.555,4.555,1.3846153846153846,3.0,6.355,0.09,0.0
25,COPOC,RPS,0.13,0.895,4.965,3.965,1.4285714285714286,3.0,6.272692307692308,0.15,0.0
25,COPOC,RPS,0.15000000000000002,0.88,4.665,3.665,1.5416666666666667,3.0,6.131666666666665,0.185,0.0
25,COPOC,RPS,0.18000000000000005,0.83,4.32,3.32,1.4705882352941178,4.0,6.097777777777776,0.25,0.0
25,COPOC,RPS,0.19999999999999996,0.82,4.29,3.29,1.4444444444444444,4.0,5.89,0.26,0.0
25,COPOC,OCDF,0.010000000000000009,0.99,8.51,7.51,1.0,1.0,9.509999999999998,0.01,0.0
25,COPOC,OCDF,0.020000000000000018,0.99,8.455,7.455,1.0,1.0,8.454999999999998,0.01,0.0
25,COPOC,OCDF,0.030000000000000027,0.99,8.125,7.125,2.5,3.0,8.791666666666664,0.025,0.0
25,COPOC,OCDF,0.050000000000000044,0.975,7.85,6.85,1.6,3.0,8.45,0.04,0.0
25,COPOC,OCDF,0.07999999999999996,0.945,7.105,6.105,1.3636363636363635,3.0,7.980000000000001,0.075,0.0
25,COPOC,OCDF,0.09999999999999998,0.93,7.0,6.0,1.2857142857142858,3.0,7.8,0.09,0.0
25,COPOC,OCDF,0.13,0.915,6.39,5.39,1.5294117647058822,4.0,7.39,0.13,0.0
25,COPOC,OCDF,0.15000000000000002,0.905,5.725,4.725,1.8421052631578947,4.0,7.058333333333333,0.175,0.0
25,COPOC,OCDF,0.18000000000000005,0.88,5.45,4.45,1.8333333333333333,4.0,6.894444444444443,0.22,0.0
25,COPOC,OCDF,0.19999999999999996,0.87,5.205,4.205,1.8846153846153846,4.0,6.655,0.245,0.0
25,COPOC,APS,0.010000000000000009,0.995,8.115,7.115,1.0,1.0,8.114999999999998,0.005,0.0
25,COPOC,APS,0.020000000000000018,0.995,7.345,6.345,2.0,2.0,7.344999999999999,0.01,0.0
25,COPOC,APS,0.030000000000000027,0.99,7.15,6.15,1.5,2.0,7.15,0.015,0.0
25,COPOC,APS,0.050000000000000044,0.955,6.555,5.555,1.2222222222222223,3.0,7.754999999999999,0.055,0.0
25,COPOC,APS,0.07999999999999996,0.935,6.17,5.17,1.2307692307692308,3.0,7.17,0.08,0.0
25,COPOC,APS,0.09999999999999998,0.93,5.955,4.955,1.2857142857142858,3.0,6.755,0.09,0.0
25,COPOC,APS,0.13,0.9,5.33,4.33,1.65,4.0,6.868461538461538,0.165,0.0
25,COPOC,APS,0.15000000000000002,0.88,5.07,4.07,1.625,4.0,6.67,0.195,0.0
25,COPOC,APS,0.18000000000000005,0.845,4.695,3.695,1.6451612903225807,4.0,6.528333333333332,0.255,0.0
25,COPOC,APS,0.19999999999999996,0.835,4.485,3.485,1.7272727272727273,5.0,6.335,0.285,0.0
25,COPOC,LAC,0.010000000000000009,0.995,7.685,6.685,2.0,2.0,8.684999999999997,0.01,0.0
25,COPOC,LAC,0.020000000000000018,0.995,7.5,6.5,2.0,2.0,7.499999999999999,0.01,0.0
25,COPOC,LAC,0.030000000000000027,0.975,7.07,6.07,1.2,2.0,8.069999999999999,0.03,0.0
25,COPOC,LAC,0.050000000000000044,0.95,6.66,5.66,1.4,3.0,8.459999999999997,0.07,0.0
25,COPOC,LAC,0.07999999999999996,0.935,6.145,5.145,1.5384615384615385,3.0,7.645000000000001,0.1,0.0
25,COPOC,LAC,0.09999999999999998,0.92,5.75,4.75,1.75,3.0,7.55,0.14,0.0
25,COPOC,LAC,0.13,0.9,5.46,4.46,1.6,3.0,6.921538461538461,0.16,0.0
25,COPOC,LAC,0.15000000000000002,0.89,5.1,4.1,1.7272727272727273,4.0,6.633333333333333,0.19,0.0
25,COPOC,LAC,0.18000000000000005,0.86,4.675,3.675,1.6071428571428572,4.0,6.175,0.225,0.0
25,COPOC,LAC,0.19999999999999996,0.85,4.59,3.59,1.6,4.0,5.99,0.24,0.0
26,COPOC,min-CPS,0.010000000000000009,1.0,7.89,6.89,,0.0,6.89,0.0,0.0
26,COPOC,min-CPS,0.020000000000000018,1.0,7.615,6.615,,0.0,6.615,0.0,0.0
26,COPOC,min-CPS,0.030000000000000027,0.995,7.175,6.175,1.0,1.0,6.508333333333333,0.005,0.0
26,COPOC,min-CPS,0.050000000000000044,0.96,6.49,5.49,1.0,1.0,7.089999999999999,0.04,0.0
26,COPOC,min-CPS,0.07999999999999996,0.915,5.93,4.93,1.1764705882352942,2.0,7.4300000000000015,0.1,0.0
26,COPOC,min-CPS,0.09999999999999998,0.905,5.6,4.6,1.4210526315789473,3.0,7.3,0.135,0.0
26,COPOC,min-CPS,0.13,0.865,5.22,4.22,1.4074074074074074,3.0,7.143076923076924,0.19,0.0
26,COPOC,min-CPS,0.15000000000000002,0.85,4.925,3.925,1.6,3.0,7.125,0.24,0.0
26,COPOC,min-CPS,0.18000000000000005,0.845,4.685,3.685,1.8064516129032258,3.0,6.796111111111109,0.28,0.0
26,COPOC,min-CPS,0.19999999999999996,0.79,4.545,3.545,1.6904761904761905,3.0,7.095,0.355,0.0
26,COPOC,RPS,0.010000000000000009,1.0,7.525,6.525,,0.0,6.525,0.0,0.0
26,COPOC,RPS,0.020000000000000018,1.0,7.47,6.47,,0.0,6.47,0.0,0.0
26,COPOC,RPS,0.030000000000000027,0.985,6.915,5.915,1.0,1.0,6.915,0.015,0.0
26,COPOC,RPS,0.050000000000000044,0.95,6.27,5.27,1.1,2.0,7.469999999999999,0.055,0.0
26,COPOC,RPS,0.07999999999999996,0.91,5.48,4.48,1.1666666666666667,2.0,7.105000000000001,0.105,0.0
26,COPOC,RPS,0.09999999999999998,0.885,5.105,4.105,1.2173913043478262,2.0,6.905,0.14,0.0
26,COPOC,RPS,0.13,0.85,4.6,3.6,1.4,3.0,6.830769230769231,0.21,0.0
26,COPOC,RPS,0.15000000000000002,0.835,4.465,3.465,1.3636363636363635,3.0,6.465,0.225,0.0
26,COPOC,RPS,0.18000000000000005,0.835,4.34,3.34,1.4545454545454546,3.0,6.006666666666665,0.24,0.0
26,COPOC,RPS,0.19999999999999996,0.82,4.295,3.295,1.4166666666666667,3.0,5.845,0.255,0.0
26,COPOC,OCDF,0.010000000000000009,0.985,8.39,7.39,1.0,1.0,10.389999999999997,0.015,0.0
26,COPOC,OCDF,0.020000000000000018,0.965,7.955,6.955,1.2857142857142858,2.0,11.454999999999995,0.045,0.0
26,COPOC,OCDF,0.030000000000000027,0.96,7.845,6.845,1.5,2.0,10.844999999999997,0.06,0.0
26,COPOC,OCDF,0.050000000000000044,0.95,7.555,6.555,1.5,3.0,9.554999999999998,0.075,0.0
26,COPOC,OCDF,0.07999999999999996,0.935,7.085,6.085,1.3846153846153846,3.0,8.335,0.09,0.0
26,COPOC,OCDF,0.09999999999999998,0.915,6.77,5.77,1.4705882352941178,3.0,8.27,0.125,0.0
26,COPOC,OCDF,0.13,0.91,6.39,5.39,1.6111111111111112,3.0,7.6207692307692305,0.145,0.0
26,COPOC,OCDF,0.15000000000000002,0.895,5.71,4.71,1.7619047619047619,4.0,7.176666666666666,0.185,0.0
26,COPOC,OCDF,0.18000000000000005,0.85,5.15,4.15,1.7333333333333334,4.0,7.038888888888889,0.26,0.0
26,COPOC,OCDF,0.19999999999999996,0.845,4.93,3.93,1.7419354838709677,4.0,6.63,0.27,0.0
26,COPOC,APS,0.010000000000000009,1.0,7.655,6.655,,0.0,6.655,0.0,0.0
26,COPOC,APS,0.020000000000000018,1.0,7.515,6.515,,0.0,6.515,0.0,0.0
26,COPOC,APS,0.030000000000000027,0.99,7.055,6.055,1.0,1.0,6.721666666666667,0.01,0.0
26,COPOC,APS,0.050000000000000044,0.97,6.53,5.53,1.1666666666666667,2.0,6.929999999999999,0.035,0.0
26,COPOC,APS,0.07999999999999996,0.9,5.805,4.805,1.15,2.0,7.6800000000000015,0.115,0.0
26,COPOC,APS,0.09999999999999998,0.885,5.46,4.46,1.2608695652173914,3.0,7.36,0.145,0.0
26,COPOC,APS,0.13,0.845,4.91,3.91,1.5161290322580645,4.0,7.525384615384614,0.235,0.0
26,COPOC,APS,0.15000000000000002,0.81,4.69,3.69,1.5263157894736843,4.0,7.556666666666665,0.29,0.0
26,COPOC,APS,0.18000000000000005,0.795,4.545,3.545,1.5609756097560976,4.0,7.100555555555555,0.32,0.0
26,COPOC,APS,0.19999999999999996,0.78,4.34,3.34,1.6136363636363635,4.0,6.89,0.355,0.0
26,COPOC,LAC,0.010000000000000009,1.0,8.045,7.045,,0.0,7.045,0.0,0.0
26,COPOC,LAC,0.020000000000000018,1.0,7.67,6.67,,0.0,6.67,0.0,0.0
26,COPOC,LAC,0.030000000000000027,0.985,7.09,6.09,1.0,1.0,7.09,0.015,0.0
26,COPOC,LAC,0.050000000000000044,0.955,6.64,5.64,1.1111111111111112,2.0,7.639999999999999,0.05,0.0
26,COPOC,LAC,0.07999999999999996,0.93,6.035,5.035,1.2857142857142858,3.0,7.285000000000001,0.09,0.0
26,COPOC,LAC,0.09999999999999998,0.9,5.525,4.525,1.55,3.0,7.625,0.155,0.0
26,COPOC,LAC,0.13,0.88,5.11,4.11,1.5416666666666667,3.0,6.956153846153845,0.185,0.0
26,COPOC,LAC,0.15000000000000002,0.865,4.77,3.77,1.6296296296296295,4.0,6.703333333333332,0.22,0.0
26,COPOC,LAC,0.18000000000000005,0.835,4.535,3.535,1.5757575757575757,4.0,6.423888888888888,0.26,0.0
26,COPOC,LAC,0.19999999999999996,0.82,4.29,3.29,1.6111111111111112,4.0,6.19,0.29,0.0
27,COPOC,min-CPS,0.010000000000000009,0.98,7.5,6.5,1.25,2.0,11.499999999999995,0.025,0.0
27,COPOC,min-CPS,0.020000000000000018,0.975,6.955,5.955,1.6,3.0,9.954999999999997,0.04,0.0
27,COPOC,min-CPS,0.030000000000000027,0.97,6.885,5.885,1.5,3.0,8.884999999999998,0.045,0.0
27,COPOC,min-CPS,0.050000000000000044,0.96,6.605,5.605,1.5,3.0,8.004999999999997,0.06,0.0
27,COPOC,min-CPS,0.07999999999999996,0.915,6.035,5.035,1.3529411764705883,3.0,7.910000000000001,0.115,0.0
27,COPOC,min-CPS,0.09999999999999998,0.905,5.69,4.69,1.5789473684210527,3.0,7.69,0.15,0.0
27,COPOC,min-CPS,0.13,0.88,5.425,4.425,1.6666666666666667,4.0,7.5019230769230765,0.2,0.0
27,COPOC,min-CPS,0.15000000000000002,0.82,4.775,3.775,1.7222222222222223,4.0,7.908333333333332,0.31,0.0
27,COPOC,min-CPS,0.18000000000000005,0.805,4.725,3.725,1.7179487179487178,4.0,7.447222222222222,0.335,0.0
27,COPOC,min-CPS,0.19999999999999996,0.8,4.68,3.68,1.75,4.0,7.18,0.35,0.0
27,COPOC,RPS,0.010000000000000009,0.975,7.095,6.095,1.2,2.0,12.094999999999995,0.03,0.0
27,COPOC,RPS,0.020000000000000018,0.965,6.71,5.71,1.1428571428571428,2.0,9.709999999999997,0.04,0.0
27,COPOC,RPS,0.030000000000000027,0.96,6.635,5.635,1.125,2.0,8.634999999999998,0.045,0.0
27,COPOC,RPS,0.050000000000000044,0.945,6.225,5.225,1.5454545454545454,3.0,8.624999999999998,0.085,0.0
27,COPOC,RPS,0.07999999999999996,0.92,5.66,4.66,1.375,3.0,7.410000000000001,0.11,0.0
27,COPOC,RPS,0.09999999999999998,0.885,5.115,4.115,1.3478260869565217,3.0,7.215,0.155,0.0
27,COPOC,RPS,0.13,0.85,4.65,3.65,1.5666666666666667,4.0,7.265384615384615,0.235,0.0
27,COPOC,RPS,0.15000000000000002,0.85,4.585,3.585,1.5666666666666667,4.0,6.718333333333333,0.235,0.0
27,COPOC,RPS,0.18000000000000005,0.835,4.35,3.35,1.606060606060606,4.0,6.294444444444443,0.265,0.0
27,COPOC,RPS,0.19999999999999996,0.825,4.315,3.315,1.5714285714285714,4.0,6.065,0.275,0.0
27,COPOC,OCDF,0.010000000000000009,0.995,8.545,7.545,1.0,1.0,8.544999999999998,0.005,0.0
27,COPOC,OCDF,0.020000000000000018,0.95,7.82,6.82,1.2,2.0,12.819999999999995,0.06,0.0
27,COPOC,OCDF,0.030000000000000027,0.94,7.625,6.625,1.25,2.0,11.624999999999995,0.075,0.0
27,COPOC,OCDF,0.050000000000000044,0.935,7.215,6.215,1.3076923076923077,3.0,9.614999999999998,0.085,0.0
27,COPOC,OCDF,0.07999999999999996,0.91,7.015,6.015,1.2222222222222223,3.0,8.765000000000002,0.11,0.0
27,COPOC,OCDF,0.09999999999999998,0.89,6.485,5.485,1.4090909090909092,3.0,8.585,0.155,0.0
27,COPOC,OCDF,0.13,0.875,5.775,4.775,1.76,4.0,8.159615384615385,0.22,0.0
27,COPOC,OCDF,0.15000000000000002,0.825,5.32,4.32,1.7142857142857142,4.0,8.32,0.3,0.0
27,COPOC,OCDF,0.18000000000000005,0.805,5.025,4.025,1.6923076923076923,4.0,7.6916666666666655,0.33,0.0
27,COPOC,OCDF,0.19999999999999996,0.8,4.92,3.92,1.675,4.0,7.27,0.335,0.0
27,COPOC,APS,0.010000000000000009,0.965,7.065,6.065,1.1428571428571428,2.0,14.064999999999992,0.04,0.0
27,COPOC,APS,0.020000000000000018,0.965,6.97,5.97,1.1428571428571428,2.0,9.969999999999997,0.04,0.0
27,COPOC,APS,0.030000000000000027,0.965,6.94,5.94,1.1428571428571428,2.0,8.606666666666666,0.04,0.0
27,COPOC,APS,0.050000000000000044,0.96,6.68,5.68,1.125,2.0,7.479999999999999,0.045,0.0
27,COPOC,APS,0.07999999999999996,0.91,6.02,5.02,1.5,3.0,8.395000000000003,0.135,0.0
27,COPOC,APS,0.09999999999999998,0.895,5.735,4.735,1.4285714285714286,3.0,7.735,0.15,0.0
27,COPOC,APS,0.13,0.855,5.135,4.135,1.6551724137931034,3.0,7.827307692307691,0.24,0.0
27,COPOC,APS,0.15000000000000002,0.85,4.99,3.99,1.8,4.0,7.59,0.27,0.0
27,COPOC,APS,0.18000000000000005,0.81,4.625,3.625,1.7894736842105263,4.0,7.402777777777776,0.34,0.0
27,COPOC,APS,0.19999999999999996,0.8,4.525,3.525,1.75,4.0,7.025,0.35,0.0
27,COPOC,LAC,0.010000000000000009,0.98,7.52,6.52,1.25,2.0,11.519999999999996,0.025,0.0
27,COPOC,LAC,0.020000000000000018,0.975,7.225,6.225,1.2,2.0,9.224999999999996,0.03,0.0
27,COPOC,LAC,0.030000000000000027,0.97,6.99,5.99,1.1666666666666667,2.0,8.323333333333332,0.035,0.0
27,COPOC,LAC,0.050000000000000044,0.945,6.725,5.725,1.3636363636363635,3.0,8.724999999999998,0.075,0.0
27,COPOC,LAC,0.07999999999999996,0.915,6.095,5.095,1.4705882352941178,3.0,8.22,0.125,0.0
27,COPOC,LAC,0.09999999999999998,0.905,5.725,4.725,1.6842105263157894,3.0,7.925,0.16,0.0
27,COPOC,LAC,0.13,0.87,5.11,4.11,1.7307692307692308,4.0,7.571538461538462,0.225,0.0
27,COPOC,LAC,0.15000000000000002,0.845,4.76,3.76,1.6129032258064515,4.0,7.093333333333333,0.25,0.0
27,COPOC,LAC,0.18000000000000005,0.805,4.325,3.325,1.6923076923076923,4.0,6.991666666666665,0.33,0.0
27,COPOC,LAC,0.19999999999999996,0.795,4.28,3.28,1.6585365853658536,4.0,6.68,0.34,0.0
28,COPOC,min-CPS,0.010000000000000009,0.99,7.67,6.67,1.0,1.0,8.669999999999998,0.01,0.0
28,COPOC,min-CPS,0.020000000000000018,0.99,7.495,6.495,1.0,1.0,7.494999999999999,0.01,0.0
28,COPOC,min-CPS,0.030000000000000027,0.95,6.59,5.59,1.2,2.0,9.589999999999998,0.06,0.0
28,COPOC,min-CPS,0.050000000000000044,0.95,6.45,5.45,1.2,2.0,7.849999999999998,0.06,0.0
28,COPOC,min-CPS,0.07999999999999996,0.94,6.29,5.29,1.25,2.0,7.165,0.075,0.0
28,COPOC,min-CPS,0.09999999999999998,0.93,5.87,4.87,1.4285714285714286,2.0,6.87,0.1,0.0
28,COPOC,min-CPS,0.13,0.9,5.49,4.49,1.65,3.0,7.0284615384615385,0.165,0.0
28,COPOC,min-CPS,0.15000000000000002,0.87,5.21,4.21,1.5769230769230769,3.0,6.9433333333333325,0.205,0.0
28,COPOC,min-CPS,0.18000000000000005,0.835,4.725,3.725,1.6666666666666667,3.0,6.780555555555554,0.275,0.0
28,COPOC,min-CPS,0.19999999999999996,0.805,4.63,3.63,1.6666666666666667,3.0,6.88,0.325,0.0
28,COPOC,RPS,0.010000000000000009,0.995,7.585,6.585,1.0,1.0,7.584999999999999,0.005,0.0
28,COPOC,RPS,0.020000000000000018,0.985,7.055,6.055,1.0,1.0,7.554999999999998,0.015,0.0
28,COPOC,RPS,0.030000000000000027,0.985,6.99,5.99,1.0,1.0,6.99,0.015,0.0
28,COPOC,RPS,0.050000000000000044,0.95,6.325,5.325,1.3,2.0,7.924999999999998,0.065,0.0
28,COPOC,RPS,0.07999999999999996,0.935,5.76,4.76,1.2307692307692308,2.0,6.76,0.08,0.0
28,COPOC,RPS,0.09999999999999998,0.935,5.575,4.575,1.2307692307692308,2.0,6.175,0.08,0.0
28,COPOC,RPS,0.13,0.895,4.995,3.995,1.3333333333333333,2.0,6.148846153846154,0.14,0.0
28,COPOC,RPS,0.15000000000000002,0.85,4.54,3.54,1.4333333333333333,3.0,6.406666666666666,0.215,0.0
28,COPOC,RPS,0.18000000000000005,0.805,4.29,3.29,1.3846153846153846,3.0,6.289999999999999,0.27,0.0
28,COPOC,RPS,0.19999999999999996,0.77,4.13,3.13,1.326086956521739,3.0,6.18,0.305,0.0
28,COPOC,OCDF,0.010000000000000009,1.0,8.68,7.68,,0.0,7.68,0.0,0.0
28,COPOC,OCDF,0.020000000000000018,0.99,8.465,7.465,1.0,1.0,8.464999999999998,0.01,0.0
28,COPOC,OCDF,0.030000000000000027,0.99,8.175,7.175,1.0,1.0,7.841666666666666,0.01,0.0
28,COPOC,OCDF,0.050000000000000044,0.96,7.8,6.8,1.25,2.0,8.799999999999999,0.05,0.0
28,COPOC,OCDF,0.07999999999999996,0.935,7.275,6.275,1.1538461538461537,2.0,8.15,0.075,0.0
28,COPOC,OCDF,0.09999999999999998,0.915,6.965,5.965,1.2352941176470589,2.0,8.065,0.105,0.0
28,COPOC,OCDF,0.13,0.9,6.06,5.06,1.6,3.0,7.521538461538462,0.16,0.0
28,COPOC,OCDF,0.15000000000000002,0.87,5.655,4.655,1.6538461538461537,3.0,7.521666666666665,0.215,0.0
28,COPOC,OCDF,0.18000000000000005,0.8,4.9,3.9,1.55,4.0,7.344444444444443,0.31,0.0
28,COPOC,OCDF,0.19999999999999996,0.77,4.78,3.78,1.5,4.0,7.23,0.345,0.0
28,COPOC,APS,0.010000000000000009,0.99,7.8,6.8,1.0,1.0,8.799999999999997,0.01,0.0
28,COPOC,APS,0.020000000000000018,0.99,7.26,6.26,1.0,1.0,7.259999999999999,0.01,0.0
28,COPOC,APS,0.030000000000000027,0.98,7.005,6.005,1.5,2.0,8.004999999999999,0.03,0.0
28,COPOC,APS,0.050000000000000044,0.955,6.625,5.625,1.2222222222222223,2.0,7.8249999999999975,0.055,0.0
28,COPOC,APS,0.07999999999999996,0.93,6.175,5.175,1.2857142857142858,3.0,7.425000000000001,0.09,0.0
28,COPOC,APS,0.09999999999999998,0.915,5.915,4.915,1.4705882352941178,3.0,7.415,0.125,0.0
28,COPOC,APS,0.13,0.895,5.305,4.305,1.6666666666666667,3.0,6.997307692307693,0.175,0.0
28,COPOC,APS,0.15000000000000002,0.865,5.105,4.105,1.6666666666666667,3.0,7.105,0.225,0.0
28,COPOC,APS,0.18000000000000005,0.79,4.43,3.43,1.7380952380952381,4.0,7.485555555555554,0.365,0.0
28,COPOC,APS,0.19999999999999996,0.79,4.36,3.36,1.7619047619047619,4.0,7.06,0.37,0.0
28,COPOC,LAC,0.010000000000000009,0.99,7.705,6.705,1.0,1.0,8.704999999999998,0.01,0.0
28,COPOC,LAC,0.020000000000000018,0.99,7.49,6.49,1.0,1.0,7.489999999999998,0.01,0.0
28,COPOC,LAC,0.030000000000000027,0.975,7.115,6.115,1.0,1.0,7.781666666666665,0.025,0.0
28,COPOC,LAC,0.050000000000000044,0.945,6.69,5.69,1.2727272727272727,2.0,8.489999999999998,0.07,0.0
28,COPOC,LAC,0.07999999999999996,0.935,6.225,5.225,1.3846153846153846,3.0,7.475000000000001,0.09,0.0
28,COPOC,LAC,0.09999999999999998,0.915,5.765,4.765,1.5294117647058822,3.0,7.365,0.13,0.0
28,COPOC,LAC,0.13,0.885,5.35,4.35,1.4782608695652173,3.0,6.965384615384615,0.17,0.0
28,COPOC,LAC,0.15000000000000002,0.875,5.02,4.02,1.56,3.0,6.62,0.195,0.0
28,COPOC,LAC,0.18000000000000005,0.835,4.59,3.59,1.5454545454545454,3.0,6.423333333333333,0.255,0.0
28,COPOC,LAC,0.19999999999999996,0.825,4.33,3.33,1.6571428571428573,3.0,6.23,0.29,0.0
29,COPOC,min-CPS,0.010000000000000009,0.995,7.67,6.67,1.0,1.0,7.669999999999999,0.005,0.0
29,COPOC,min-CPS,0.020000000000000018,0.985,7.13,6.13,1.0,1.0,7.629999999999998,0.015,0.0
29,COPOC,min-CPS,0.030000000000000027,0.955,6.63,5.63,1.1111111111111112,2.0,8.963333333333331,0.05,0.0
29,COPOC,min-CPS,0.050000000000000044,0.945,6.325,5.325,1.3636363636363635,2.0,8.324999999999998,0.075,0.0
29,COPOC,min-CPS,0.07999999999999996,0.92,5.94,4.94,1.3125,2.0,7.565000000000001,0.105,0.0
29,COPOC,min-CPS,0.09999999999999998,0.915,5.655,4.655,1.5294117647058822,2.0,7.255,0.13,0.0
29,COPOC,min-CPS,0.13,0.885,5.3,4.3,1.608695652173913,3.0,7.146153846153846,0.185,0.0
29,COPOC,min-CPS,0.15000000000000002,0.825,4.685,3.685,1.6857142857142857,3.0,7.618333333333332,0.295,0.0
29,COPOC,min-CPS,0.18000000000000005,0.83,4.655,3.655,1.7058823529411764,3.0,6.877222222222222,0.29,0.0
29,COPOC,min-CPS,0.19999999999999996,0.75,4.42,3.42,1.6,4.0,7.42,0.4,0.0
29,COPOC,RPS,0.010000000000000009,0.99,7.45,6.45,1.0,1.0,8.449999999999998,0.01,0.0
29,COPOC,RPS,0.020000000000000018,0.97,6.78,5.78,1.0,1.0,8.779999999999998,0.03,0.0
29,COPOC,RPS,0.030000000000000027,0.97,6.585,5.585,1.0,1.0,7.584999999999999,0.03,0.0
29,COPOC,RPS,0.050000000000000044,0.94,6.05,5.05,1.3333333333333333,2.0,8.249999999999998,0.08,0.0
29,COPOC,RPS,0.07999999999999996,0.925,5.595,4.595,1.2666666666666666,2.0,6.9700000000000015,0.095,0.0
29,COPOC,RPS,0.09999999999999998,0.885,5.115,4.115,1.2608695652173914,2.0,7.015,0.145,0.0
29,COPOC,RPS,0.13,0.88,4.895,3.895,1.3333333333333333,2.0,6.356538461538462,0.16,0.0
29,COPOC,RPS,0.15000000000000002,0.86,4.545,3.545,1.5357142857142858,3.0,6.411666666666666,0.215,0.0
29,COPOC,RPS,0.18000000000000005,0.825,4.3,3.3,1.5142857142857142,3.0,6.244444444444444,0.265,0.0
29,COPOC,RPS,0.19999999999999996,0.8,4.18,3.18,1.45,3.0,6.08,0.29,0.0
29,COPOC,OCDF,0.010000000000000009,0.985,8.415,7.415,1.0,1.0,10.414999999999997,0.015,0.0
29,COPOC,OCDF,0.020000000000000018,0.95,7.84,6.84,1.5,3.0,14.339999999999993,0.075,0.0
29,COPOC,OCDF,0.030000000000000027,0.945,7.79,6.79,1.4545454545454546,3.0,12.12333333333333,0.08,0.0
29,COPOC,OCDF,0.050000000000000044,0.92,7.1,6.1,1.375,3.0,10.499999999999995,0.11,0.0
29,COPOC,OCDF,0.07999999999999996,0.865,6.34,5.34,1.5555555555555556,4.0,10.590000000000005,0.21,0.0
29,COPOC,OCDF,0.09999999999999998,0.855,5.635,4.635,1.8275862068965518,4.0,9.935,0.265,0.0
29,COPOC,OCDF,0.13,0.85,5.47,4.47,1.9,4.0,8.854615384615384,0.285,0.0
29,COPOC,OCDF,0.15000000000000002,0.81,5.005,4.005,1.8157894736842106,4.0,8.604999999999999,0.345,0.0
29,COPOC,OCDF,0.18000000000000005,0.785,4.75,3.75,1.744186046511628,4.0,7.916666666666665,0.375,0.0
29,COPOC,OCDF,0.19999999999999996,0.765,4.675,3.675,1.6808510638297873,4.0,7.625,0.395,0.0
29,COPOC,APS,0.010000000000000009,1.0,7.805,6.805,,0.0,6.805,0.0,0.0
29,COPOC,APS,0.020000000000000018,0.965,6.78,5.78,1.0,1.0,9.279999999999998,0.035,0.0
29,COPOC,APS,0.030000000000000027,0.965,6.725,5.725,1.0,1.0,8.058333333333332,0.035,0.0
29,COPOC,APS,0.050000000000000044,0.935,6.31,5.31,1.3076923076923077,2.0,8.709999999999997,0.085,0.0
29,COPOC,APS,0.07999999999999996,0.915,5.795,4.795,1.4705882352941178,2.0,7.920000000000003,0.125,0.0
29,COPOC,APS,0.09999999999999998,0.9,5.54,4.54,1.55,3.0,7.64,0.155,0.0
29,COPOC,APS,0.13,0.845,4.79,3.79,1.6774193548387097,4.0,7.79,0.26,0.0
29,COPOC,APS,0.15000000000000002,0.825,4.69,3.69,1.6285714285714286,4.0,7.49,0.285,0.0
29,COPOC,APS,0.18000000000000005,0.8,4.46,3.46,1.675,4.0,7.182222222222221,0.335,0.0
29,COPOC,APS,0.19999999999999996,0.765,4.21,3.21,1.7234042553191489,4.0,7.26,0.405,0.0
29,COPOC,LAC,0.010000000000000009,0.995,7.655,6.655,1.0,1.0,7.6549999999999985,0.005,0.0
29,COPOC,LAC,0.020000000000000018,0.985,7.31,6.31,1.0,1.0,7.809999999999998,0.015,0.0
29,COPOC,LAC,0.030000000000000027,0.97,6.84,5.84,1.1666666666666667,2.0,8.173333333333332,0.035,0.0
29,COPOC,LAC,0.050000000000000044,0.945,6.555,5.555,1.2727272727272727,2.0,8.354999999999997,0.07,0.0
29,COPOC,LAC,0.07999999999999996,0.915,5.905,4.905,1.4705882352941178,3.0,8.030000000000003,0.125,0.0
29,COPOC,LAC,0.09999999999999998,0.87,5.325,4.325,1.5,3.0,8.225,0.195,0.0
29,COPOC,LAC,0.13,0.855,4.945,3.945,1.6206896551724137,4.0,7.560384615384615,0.235,0.0
29,COPOC,LAC,0.15000000000000002,0.84,4.6,3.6,1.5625,4.0,6.933333333333333,0.25,0.0
29,COPOC,LAC,0.18000000000000005,0.815,4.31,3.31,1.6486486486486487,4.0,6.698888888888888,0.305,0.0
29,COPOC,LAC,0.19999999999999996,0.8,4.23,3.23,1.6,4.0,6.43,0.32,0.0
30,COPOC,min-CPS,0.010000000000000009,1.0,7.93,6.93,,0.0,6.93,0.0,0.0
30,COPOC,min-CPS,0.020000000000000018,0.995,7.575,6.575,1.0,1.0,7.075,0.005,0.0
30,COPOC,min-CPS,0.030000000000000027,0.99,7.24,6.24,1.0,1.0,6.906666666666666,0.01,0.0
30,COPOC,min-CPS,0.050000000000000044,0.975,6.735,5.735,1.2,2.0,6.935,0.03,0.0
30,COPOC,min-CPS,0.07999999999999996,0.94,6.27,5.27,1.25,2.0,7.145,0.075,0.0
30,COPOC,min-CPS,0.09999999999999998,0.935,5.99,4.99,1.2307692307692308,2.0,6.59,0.08,0.0
30,COPOC,min-CPS,0.13,0.885,5.395,4.395,1.391304347826087,3.0,6.856538461538462,0.16,0.0
30,COPOC,min-CPS,0.15000000000000002,0.87,5.2,4.2,1.4615384615384615,3.0,6.7333333333333325,0.19,0.0
30,COPOC,min-CPS,0.18000000000000005,0.85,4.76,3.76,1.7,3.0,6.593333333333333,0.255,0.0
30,COPOC,min-CPS,0.19999999999999996,0.835,4.71,3.71,1.696969696969697,3.0,6.51,0.28,0.0
30,COPOC,RPS,0.010000000000000009,1.0,7.595,6.595,,0.0,6.595,0.0,0.0
30,COPOC,RPS,0.020000000000000018,0.995,7.515,6.515,1.0,1.0,7.015,0.005,0.0
30,COPOC,RPS,0.030000000000000027,0.98,6.845,5.845,1.0,1.0,7.178333333333333,0.02,0.0
30,COPOC,RPS,0.050000000000000044,0.97,6.515,5.515,1.0,1.0,6.714999999999999,0.03,0.0
30,COPOC,RPS,0.07999999999999996,0.935,5.71,4.71,1.1538461538461537,2.0,6.585000000000001,0.075,0.0
30,COPOC,RPS,0.09999999999999998,0.93,5.495,4.495,1.2857142857142858,2.0,6.295,0.09,0.0
30,COPOC,RPS,0.13,0.895,4.995,3.995,1.2857142857142858,2.0,6.071923076923076,0.135,0.0
30,COPOC,RPS,0.15000000000000002,0.85,4.58,3.58,1.3333333333333333,3.0,6.246666666666666,0.2,0.0
30,COPOC,RPS,0.18000000000000005,0.835,4.355,3.355,1.4242424242424243,3.0,5.966111111111111,0.235,0.0
30,COPOC,RPS,0.19999999999999996,0.8,4.205,3.205,1.35,3.0,5.905,0.27,0.0
30,COPOC,OCDF,0.010000000000000009,0.99,8.445,7.445,1.0,1.0,9.444999999999999,0.01,0.0
30,COPOC,OCDF,0.020000000000000018,0.985,8.345,7.345,1.3333333333333333,2.0,9.344999999999997,0.02,0.0
30,COPOC,OCDF,0.030000000000000027,0.97,7.92,6.92,1.5,3.0,9.919999999999998,0.045,0.0
30,COPOC,OCDF,0.050000000000000044,0.93,7.25,6.25,1.3571428571428572,3.0,10.049999999999997,0.095,0.0
30,COPOC,OCDF,0.07999999999999996,0.9,6.95,5.95,1.35,4.0,9.325000000000003,0.135,0.0
30,COPOC,OCDF,0.09999999999999998,0.865,5.94,4.94,1.5925925925925926,4.0,9.24,0.215,0.0
30,COPOC,OCDF,0.13,0.845,5.69,4.69,1.6774193548387097,4.0,8.69,0.26,0.0
30,COPOC,OCDF,0.15000000000000002,0.81,5.22,4.22,1.5789473684210527,4.0,8.22,0.3,0.0
30,COPOC,OCDF,0.18000000000000005,0.785,5.005,4.005,1.558139534883721,4.0,7.727222222222221,0.335,0.0
30,COPOC,OCDF,0.19999999999999996,0.755,4.935,3.935,1.489795918367347,4.0,7.585,0.365,0.0
30,COPOC,APS,0.010000000000000009,0.995,7.825,6.825,1.0,1.0,7.824999999999999,0.005,0.0
30,COPOC,APS,0.020000000000000018,0.99,7.27,6.27,1.0,1.0,7.269999999999999,0.01,0.0
30,COPOC,APS,0.030000000000000027,0.975,6.8,5.8,1.2,2.0,7.799999999999999,0.03,0.0
30,COPOC,APS,0.050000000000000044,0.97,6.695,5.695,1.1666666666666667,2.0,7.095,0.035,0.0
30,COPOC,APS,0.07999999999999996,0.935,6.29,5.29,1.0769230769230769,2.0,7.04,0.07,0.0
30,COPOC,APS,0.09999999999999998,0.925,6.01,5.01,1.2,2.0,6.81,0.09,0.0
30,COPOC,APS,0.13,0.885,5.25,4.25,1.5217391304347827,3.0,6.9423076923076925,0.175,0.0
30,COPOC,APS,0.15000000000000002,0.88,4.99,3.99,1.625,3.0,6.589999999999999,0.195,0.0
30,COPOC,APS,0.18000000000000005,0.85,4.73,3.73,1.6333333333333333,4.0,6.452222222222222,0.245,0.0
30,COPOC,APS,0.19999999999999996,0.82,4.5,3.5,1.6388888888888888,4.0,6.45,0.295,0.0
30,COPOC,LAC,0.010000000000000009,1.0,8.07,7.07,,0.0,7.07,0.0,0.0
30,COPOC,LAC,0.020000000000000018,0.995,7.565,6.565,1.0,1.0,7.065,0.005,0.0
30,COPOC,LAC,0.030000000000000027,0.99,7.28,6.28,1.0,1.0,6.946666666666666,0.01,0.0
30,COPOC,LAC,0.050000000000000044,0.965,6.775,5.775,1.2857142857142858,2.0,7.574999999999999,0.045,0.0
30,COPOC,LAC,0.07999999999999996,0.95,6.39,5.39,1.2,2.0,6.89,0.06,0.0
30,COPOC,LAC,0.09999999999999998,0.92,5.695,4.695,1.375,3.0,6.895,0.11,0.0
30,COPOC,LAC,0.13,0.865,5.005,4.005,1.4814814814814814,4.0,7.0819230769230765,0.2,0.0
30,COPOC,LAC,0.15000000000000002,0.855,4.74,3.74,1.4827586206896552,4.0,6.6066666666666665,0.215,0.0
30,COPOC,LAC,0.18000000000000005,0.83,4.575,3.575,1.5,4.0,6.408333333333332,0.255,0.0
30,COPOC,LAC,0.19999999999999996,0.795,4.245,3.245,1.5365853658536586,4.0,6.395,0.315,0.0
31,COPOC,min-CPS,0.010000000000000009,0.975,7.13,6.13,1.0,1.0,11.129999999999995,0.025,0.0
31,COPOC,min-CPS,0.020000000000000018,0.975,6.845,5.845,1.2,2.0,8.844999999999997,0.03,0.0
31,COPOC,min-CPS,0.030000000000000027,0.97,6.75,5.75,1.3333333333333333,2.0,8.416666666666664,0.04,0.0
31,COPOC,min-CPS,0.050000000000000044,0.935,6.275,5.275,1.3076923076923077,2.0,8.674999999999997,0.085,0.0
31,COPOC,min-CPS,0.07999999999999996,0.91,5.775,4.775,1.3333333333333333,2.0,7.775000000000002,0.12,0.0
31,COPOC,min-CPS,0.09999999999999998,0.89,5.53,4.53,1.5,3.0,7.83,0.165,0.0
31,COPOC,min-CPS,0.13,0.865,5.135,4.135,1.6296296296296295,3.0,7.519615384615385,0.22,0.0
31,COPOC,min-CPS,0.15000000000000002,0.825,4.72,3.72,1.7428571428571429,3.0,7.786666666666665,0.305,0.0
31,COPOC,min-CPS,0.18000000000000005,0.77,4.545,3.545,1.6521739130434783,3.0,7.767222222222221,0.38,0.0
31,COPOC,min-CPS,0.19999999999999996,0.735,4.37,3.37,1.6415094339622642,4.0,7.72,0.435,0.0
31,COPOC,RPS,0.010000000000000009,0.985,7.415,6.415,1.0,1.0,9.414999999999997,0.015,0.0
31,COPOC,RPS,0.020000000000000018,0.975,6.89,5.89,1.0,1.0,8.389999999999997,0.025,0.0
31,COPOC,RPS,0.030000000000000027,0.97,6.595,5.595,1.0,1.0,7.594999999999999,0.03,0.0
31,COPOC,RPS,0.050000000000000044,0.935,6.05,5.05,1.2307692307692308,2.0,8.249999999999998,0.08,0.0
31,COPOC,RPS,0.07999999999999996,0.91,5.485,4.485,1.2777777777777777,2.0,7.360000000000002,0.115,0.0
31,COPOC,RPS,0.09999999999999998,0.885,5.095,4.095,1.2608695652173914,2.0,6.995,0.145,0.0
31,COPOC,RPS,0.13,0.855,4.62,3.62,1.4482758620689655,3.0,6.85076923076923,0.21,0.0
31,COPOC,RPS,0.15000000000000002,0.85,4.55,3.55,1.4666666666666666,3.0,6.4833333333333325,0.22,0.0
31,COPOC,RPS,0.18000000000000005,0.805,4.265,3.265,1.4871794871794872,3.0,6.487222222222222,0.29,0.0
31,COPOC,RPS,0.19999999999999996,0.775,4.125,3.125,1.4222222222222223,3.0,6.325,0.32,0.0
31,COPOC,OCDF,0.010000000000000009,1.0,8.665,7.665,,0.0,7.665,0.0,0.0
31,COPOC,OCDF,0.020000000000000018,0.975,8.075,7.075,1.2,2.0,10.074999999999996,0.03,0.0
31,COPOC,OCDF,0.030000000000000027,0.945,7.815,6.815,1.1818181818181819,2.0,11.14833333333333,0.065,0.0
31,COPOC,OCDF,0.050000000000000044,0.925,7.145,6.145,1.2,2.0,9.744999999999997,0.09,0.0
31,COPOC,OCDF,0.07999999999999996,0.905,6.915,5.915,1.263157894736842,2.0,8.915000000000001,0.12,0.0
31,COPOC,OCDF,0.09999999999999998,0.87,5.875,4.875,1.6538461538461537,3.0,9.175,0.215,0.0
31,COPOC,OCDF,0.13,0.845,5.515,4.515,1.7741935483870968,3.0,8.74576923076923,0.275,0.0
31,COPOC,OCDF,0.15000000000000002,0.81,5.045,4.045,1.7105263157894737,3.0,8.378333333333332,0.325,0.0
31,COPOC,OCDF,0.18000000000000005,0.735,4.69,3.69,1.5849056603773586,4.0,8.356666666666666,0.42,0.0
31,COPOC,OCDF,0.19999999999999996,0.73,4.63,3.63,1.6111111111111112,4.0,7.98,0.435,0.0
31,COPOC,APS,0.010000000000000009,0.98,7.16,6.16,1.0,1.0,10.159999999999995,0.02,0.0
31,COPOC,APS,0.020000000000000018,0.965,6.785,5.785,1.2857142857142858,2.0,10.284999999999995,0.045,0.0
31,COPOC,APS,0.030000000000000027,0.935,6.485,5.485,1.3076923076923077,2.0,11.151666666666664,0.085,0.0
31,COPOC,APS,0.050000000000000044,0.925,6.025,5.025,1.4,2.0,9.224999999999996,0.105,0.0
31,COPOC,APS,0.07999999999999996,0.885,5.515,4.515,1.6521739130434783,3.0,9.265000000000002,0.19,0.0
31,COPOC,APS,0.09999999999999998,0.875,5.29,4.29,1.64,3.0,8.39,0.205,0.0
31,COPOC,APS,0.13,0.85,4.96,3.96,1.6666666666666667,3.0,7.806153846153845,0.25,0.0
31,COPOC,APS,0.15000000000000002,0.82,4.7,3.7,1.75,3.0,7.9,0.315,0.0
31,COPOC,APS,0.18000000000000005,0.725,4.09,3.09,1.709090909090909,4.0,8.312222222222221,0.47,0.0
31,COPOC,APS,0.19999999999999996,0.705,3.89,2.89,1.6610169491525424,4.0,7.79,0.49,0.0
31,COPOC,LAC,0.010000000000000009,0.975,7.31,6.31,1.0,1.0,11.309999999999995,0.025,0.0
31,COPOC,LAC,0.020000000000000018,0.975,7.07,6.07,1.0,1.0,8.569999999999999,0.025,0.0
31,COPOC,LAC,0.030000000000000027,0.96,6.665,5.665,1.25,2.0,8.99833333333333,0.05,0.0
31,COPOC,LAC,0.050000000000000044,0.94,6.55,5.55,1.1666666666666667,2.0,8.349999999999998,0.07,0.0
31,COPOC,LAC,0.07999999999999996,0.905,5.785,4.785,1.4210526315789473,2.0,8.160000000000002,0.135,0.0
31,COPOC,LAC,0.09999999999999998,0.885,5.51,4.51,1.4782608695652173,2.0,7.91,0.17,0.0
31,COPOC,LAC,0.13,0.845,4.79,3.79,1.5806451612903225,3.0,7.559230769230769,0.245,0.0
31,COPOC,LAC,0.15000000000000002,0.795,4.49,3.49,1.5121951219512195,3.0,7.623333333333332,0.31,0.0
31,COPOC,LAC,0.18000000000000005,0.755,4.185,3.185,1.5510204081632653,3.0,7.407222222222222,0.38,0.0
31,COPOC,LAC,0.19999999999999996,0.71,3.935,2.935,1.6379310344827587,4.0,7.685,0.475,0.0
32,COPOC,min-CPS,0.010000000000000009,0.985,7.545,6.545,1.3333333333333333,2.0,10.544999999999995,0.02,0.0
32,COPOC,min-CPS,0.020000000000000018,0.975,6.925,5.925,1.4,3.0,9.424999999999997,0.035,0.0
32,COPOC,min-CPS,0.030000000000000027,0.965,6.765,5.765,1.4285714285714286,3.0,9.098333333333331,0.05,0.0
32,COPOC,min-CPS,0.050000000000000044,0.955,6.545,5.545,1.3333333333333333,3.0,7.944999999999998,0.06,0.0
32,COPOC,min-CPS,0.07999999999999996,0.93,6.135,5.135,1.4285714285714286,3.0,7.635000000000002,0.1,0.0
32,COPOC,min-CPS,0.09999999999999998,0.9,5.67,4.67,1.55,3.0,7.77,0.155,0.0
32,COPOC,min-CPS,0.13,0.865,5.23,4.23,1.5555555555555556,4.0,7.460769230769231,0.21,0.0
32,COPOC,min-CPS,0.15000000000000002,0.85,4.95,3.95,1.7,4.0,7.35,0.255,0.0
32,COPOC,min-CPS,0.18000000000000005,0.835,4.735,3.735,1.7575757575757576,4.0,6.957222222222222,0.29,0.0
32,COPOC,min-CPS,0.19999999999999996,0.8,4.65,3.65,1.7,4.0,7.05,0.34,0.0
32,COPOC,RPS,0.010000000000000009,0.975,7.02,6.02,1.2,2.0,12.019999999999996,0.03,0.0
32,COPOC,RPS,0.020000000000000018,0.97,6.86,5.86,1.1666666666666667,2.0,9.359999999999996,0.035,0.0
32,COPOC,RPS,0.030000000000000027,0.965,6.62,5.62,1.1428571428571428,2.0,8.286666666666665,0.04,0.0
32,COPOC,RPS,0.050000000000000044,0.955,6.405,5.405,1.2222222222222223,3.0,7.604999999999999,0.055,0.0
32,COPOC,RPS,0.07999999999999996,0.93,5.69,4.69,1.4285714285714286,3.0,7.190000000000002,0.1,0.0
32,COPOC,RPS,0.09999999999999998,0.915,5.285,4.285,1.411764705882353,3.0,6.685,0.12,0.0
32,COPOC,RPS,0.13,0.9,5.01,4.01,1.4,3.0,6.163846153846155,0.14,0.0
32,COPOC,RPS,0.15000000000000002,0.85,4.525,3.525,1.5333333333333334,4.0,6.591666666666666,0.23,0.0
32,COPOC,RPS,0.18000000000000005,0.83,4.3,3.3,1.5294117647058822,4.0,6.188888888888888,0.26,0.0
32,COPOC,RPS,0.19999999999999996,0.805,4.215,3.215,1.4615384615384615,4.0,6.065,0.285,0.0
32,COPOC,OCDF,0.010000000000000009,0.99,8.47,7.47,1.0,1.0,9.469999999999997,0.01,0.0
32,COPOC,OCDF,0.020000000000000018,0.96,7.925,6.925,1.5,3.0,12.924999999999995,0.06,0.0
32,COPOC,OCDF,0.030000000000000027,0.96,7.835,6.835,1.5,3.0,10.834999999999996,0.06,0.0
32,COPOC,OCDF,0.050000000000000044,0.92,7.15,6.15,1.375,3.0,10.549999999999995,0.11,0.0
32,COPOC,OCDF,0.07999999999999996,0.905,6.96,5.96,1.4210526315789473,3.0,9.335000000000003,0.135,0.0
32,COPOC,OCDF,0.09999999999999998,0.895,6.5,5.5,1.7142857142857142,4.0,9.1,0.18,0.0
32,COPOC,OCDF,0.13,0.885,5.785,4.785,2.0434782608695654,4.0,8.400384615384615,0.235,0.0
32,COPOC,OCDF,0.15000000000000002,0.85,5.49,4.49,1.8333333333333333,4.0,8.156666666666666,0.275,0.0
32,COPOC,OCDF,0.18000000000000005,0.835,5.14,4.14,1.8484848484848484,4.0,7.528888888888889,0.305,0.0
32,COPOC,OCDF,0.19999999999999996,0.765,4.86,3.86,1.6382978723404256,4.0,7.71,0.385,0.0
32,COPOC,APS,0.010000000000000009,0.995,7.87,6.87,1.0,1.0,7.869999999999999,0.005,0.0
32,COPOC,APS,0.020000000000000018,0.98,7.175,6.175,1.25,2.0,8.674999999999997,0.025,0.0
32,COPOC,APS,0.030000000000000027,0.96,6.675,5.675,1.25,3.0,9.008333333333331,0.05,0.0
32,COPOC,APS,0.050000000000000044,0.945,6.335,5.335,1.4545454545454546,3.0,8.534999999999998,0.08,0.0
32,COPOC,APS,0.07999999999999996,0.915,5.905,4.905,1.3529411764705883,3.0,7.780000000000001,0.115,0.0
32,COPOC,APS,0.09999999999999998,0.9,5.53,4.53,1.65,4.0,7.83,0.165,0.0
32,COPOC,APS,0.13,0.885,5.115,4.115,1.7391304347826086,4.0,7.191923076923076,0.2,0.0
32,COPOC,APS,0.15000000000000002,0.865,4.895,3.895,1.7407407407407407,4.0,7.028333333333332,0.235,0.0
32,COPOC,APS,0.18000000000000005,0.805,4.515,3.515,1.641025641025641,4.0,7.070555555555554,0.32,0.0
32,COPOC,APS,0.19999999999999996,0.785,4.39,3.39,1.697674418604651,5.0,7.04,0.365,0.0
32,COPOC,LAC,0.010000000000000009,0.985,7.51,6.51,1.3333333333333333,2.0,10.509999999999996,0.02,0.0
32,COPOC,LAC,0.020000000000000018,0.96,6.92,5.92,1.375,2.0,11.419999999999995,0.055,0.0
32,COPOC,LAC,0.030000000000000027,0.96,6.805,5.805,1.5,3.0,9.804999999999998,0.06,0.0
32,COPOC,LAC,0.050000000000000044,0.95,6.685,5.685,1.5,3.0,8.684999999999997,0.075,0.0
32,COPOC,LAC,0.07999999999999996,0.935,6.135,5.135,1.7692307692307692,3.0,8.010000000000002,0.115,0.0
32,COPOC,LAC,0.09999999999999998,0.89,5.535,4.535,1.5909090909090908,3.0,8.035,0.175,0.0
32,COPOC,LAC,0.13,0.87,5.075,4.075,1.6538461538461537,4.0,7.382692307692307,0.215,0.0
32,COPOC,LAC,0.15000000000000002,0.865,4.825,3.825,1.6666666666666667,4.0,6.825,0.225,0.0
32,COPOC,LAC,0.18000000000000005,0.83,4.545,3.545,1.588235294117647,4.0,6.545,0.27,0.0
32,COPOC,LAC,0.19999999999999996,0.8,4.22,3.22,1.6,4.0,6.42,0.32,0.0
33,COPOC,min-CPS,0.010000000000000009,0.995,7.71,6.71,1.0,1.0,7.709999999999999,0.005,0.0
33,COPOC,min-CPS,0.020000000000000018,0.985,7.18,6.18,1.0,1.0,7.679999999999998,0.015,0.0
33,COPOC,min-CPS,0.030000000000000027,0.95,6.53,5.53,1.1,2.0,9.196666666666664,0.055,0.0
33,COPOC,min-CPS,0.050000000000000044,0.93,6.33,5.33,1.3571428571428572,2.0,9.129999999999997,0.095,0.0
33,COPOC,min-CPS,0.07999999999999996,0.92,6.015,5.015,1.3125,2.0,7.6400000000000015,0.105,0.0
33,COPOC,min-CPS,0.09999999999999998,0.89,5.56,4.56,1.5909090909090908,3.0,8.06,0.175,0.0
33,COPOC,min-CPS,0.13,0.855,5.2,4.2,1.5862068965517242,3.0,7.7384615384615385,0.23,0.0
33,COPOC,min-CPS,0.15000000000000002,0.85,4.945,3.945,1.6666666666666667,3.0,7.278333333333332,0.25,0.0
33,COPOC,min-CPS,0.18000000000000005,0.825,4.67,3.67,1.7714285714285714,3.0,7.114444444444444,0.31,0.0
33,COPOC,min-CPS,0.19999999999999996,0.815,4.64,3.64,1.7837837837837838,3.0,6.94,0.33,0.0
33,COPOC,RPS,0.010000000000000009,0.99,7.485,6.485,1.0,1.0,8.484999999999998,0.01,0.0
33,COPOC,RPS,0.020000000000000018,0.985,7.03,6.03,1.0,1.0,7.5299999999999985,0.015,0.0
33,COPOC,RPS,0.030000000000000027,0.97,6.635,5.635,1.0,1.0,7.634999999999999,0.03,0.0
33,COPOC,RPS,0.050000000000000044,0.925,6.02,5.02,1.2,2.0,8.619999999999997,0.09,0.0
33,COPOC,RPS,0.07999999999999996,0.915,5.585,4.585,1.2352941176470589,2.0,7.210000000000001,0.105,0.0
33,COPOC,RPS,0.09999999999999998,0.89,5.13,4.13,1.2727272727272727,2.0,6.93,0.14,0.0
33,COPOC,RPS,0.13,0.86,4.645,3.645,1.5357142857142858,3.0,6.952692307692307,0.215,0.0
33,COPOC,RPS,0.15000000000000002,0.845,4.5,3.5,1.5161290322580645,3.0,6.633333333333333,0.235,0.0
33,COPOC,RPS,0.18000000000000005,0.825,4.29,3.29,1.5142857142857142,3.0,6.234444444444444,0.265,0.0
33,COPOC,RPS,0.19999999999999996,0.79,4.195,3.195,1.4285714285714286,3.0,6.195,0.3,0.0
33,COPOC,OCDF,0.010000000000000009,0.99,8.535,7.535,1.0,1.0,9.534999999999998,0.01,0.0
33,COPOC,OCDF,0.020000000000000018,0.99,8.495,7.495,1.0,1.0,8.495,0.01,0.0
33,COPOC,OCDF,0.030000000000000027,0.985,8.13,7.13,1.6666666666666667,3.0,8.796666666666665,0.025,0.0
33,COPOC,OCDF,0.050000000000000044,0.97,7.88,6.88,1.5,3.0,8.679999999999998,0.045,0.0
33,COPOC,OCDF,0.07999999999999996,0.96,7.34,6.34,1.375,3.0,7.715,0.055,0.0
33,COPOC,OCDF,0.09999999999999998,0.945,7.17,6.17,1.2727272727272727,3.0,7.57,0.07,0.0
33,COPOC,OCDF,0.13,0.91,6.6,5.6,1.5,4.0,7.676923076923076,0.135,0.0
33,COPOC,OCDF,0.15000000000000002,0.9,5.895,4.895,1.75,4.0,7.228333333333333,0.175,0.0
33,COPOC,OCDF,0.18000000000000005,0.82,5.195,4.195,1.5833333333333333,4.0,7.361666666666666,0.285,0.0
33,COPOC,OCDF,0.19999999999999996,0.815,5.075,4.075,1.5945945945945945,4.0,7.025,0.295,0.0
33,COPOC,APS,0.010000000000000009,0.995,7.85,6.85,1.0,1.0,7.849999999999999,0.005,0.0
33,COPOC,APS,0.020000000000000018,0.96,6.905,5.905,1.125,2.0,10.404999999999996,0.045,0.0
33,COPOC,APS,0.030000000000000027,0.95,6.77,5.77,1.1,2.0,9.436666666666666,0.055,0.0
33,COPOC,APS,0.050000000000000044,0.93,6.33,5.33,1.2857142857142858,2.0,8.929999999999996,0.09,0.0
33,COPOC,APS,0.07999999999999996,0.925,6.02,5.02,1.4666666666666666,2.0,7.770000000000002,0.11,0.0
33,COPOC,APS,0.09999999999999998,0.895,5.64,4.64,1.6666666666666667,3.0,8.14,0.175,0.0
33,COPOC,APS,0.13,0.865,5.055,4.055,1.7407407407407407,3.0,7.670384615384615,0.235,0.0
33,COPOC,APS,0.15000000000000002,0.855,4.935,3.935,1.7586206896551724,3.0,7.334999999999999,0.255,0.0
33,COPOC,APS,0.18000000000000005,0.835,4.605,3.605,1.9090909090909092,4.0,7.104999999999999,0.315,0.0
33,COPOC,APS,0.19999999999999996,0.825,4.405,3.405,1.9714285714285715,4.0,6.855,0.345,0.0
33,COPOC,LAC,0.010000000000000009,0.995,7.675,6.675,1.0,1.0,7.674999999999999,0.005,0.0
33,COPOC,LAC,0.020000000000000018,0.975,7.13,6.13,1.0,1.0,8.629999999999997,0.025,0.0
33,COPOC,LAC,0.030000000000000027,0.97,6.84,5.84,1.1666666666666667,2.0,8.173333333333332,0.035,0.0
33,COPOC,LAC,0.050000000000000044,0.93,6.38,5.38,1.2857142857142858,2.0,8.979999999999997,0.09,0.0
33,COPOC,LAC,0.07999999999999996,0.92,6.04,5.04,1.5625,3.0,8.165000000000003,0.125,0.0
33,COPOC,LAC,0.09999999999999998,0.91,5.7,4.7,1.6666666666666667,3.0,7.7,0.15,0.0
33,COPOC,LAC,0.13,0.9,5.45,4.45,1.6,3.0,6.911538461538462,0.16,0.0
33,COPOC,LAC,0.15000000000000002,0.88,5.085,4.085,1.6666666666666667,3.0,6.751666666666666,0.2,0.0
33,COPOC,LAC,0.18000000000000005,0.865,4.74,3.74,1.6296296296296295,3.0,6.184444444444443,0.22,0.0
33,COPOC,LAC,0.19999999999999996,0.86,4.64,3.64,1.6071428571428572,3.0,5.89,0.225,0.0
34,COPOC,min-CPS,0.010000000000000009,1.0,7.93,6.93,,0.0,6.93,0.0,0.0
34,COPOC,min-CPS,0.020000000000000018,1.0,7.665,6.665,,0.0,6.665,0.0,0.0
34,COPOC,min-CPS,0.030000000000000027,0.97,6.84,5.84,1.0,1.0,7.839999999999999,0.03,0.0
34,COPOC,min-CPS,0.050000000000000044,0.965,6.58,5.58,1.0,1.0,6.98,0.035,0.0
34,COPOC,min-CPS,0.07999999999999996,0.915,5.995,4.995,1.2352941176470589,2.0,7.620000000000002,0.105,0.0
34,COPOC,min-CPS,0.09999999999999998,0.895,5.605,4.605,1.4761904761904763,3.0,7.705,0.155,0.0
34,COPOC,min-CPS,0.13,0.85,5.225,4.225,1.4333333333333333,3.0,7.532692307692308,0.215,0.0
34,COPOC,min-CPS,0.15000000000000002,0.84,4.86,3.86,1.625,3.0,7.326666666666665,0.26,0.0
34,COPOC,min-CPS,0.18000000000000005,0.81,4.665,3.665,1.6842105263157894,3.0,7.220555555555555,0.32,0.0
34,COPOC,min-CPS,0.19999999999999996,0.785,4.6,3.6,1.6511627906976745,3.0,7.15,0.355,0.0
34,COPOC,RPS,0.010000000000000009,1.0,7.555,6.555,,0.0,6.555,0.0,0.0
34,COPOC,RPS,0.020000000000000018,1.0,7.525,6.525,,0.0,6.525,0.0,0.0
34,COPOC,RPS,0.030000000000000027,0.96,6.605,5.605,1.0,1.0,8.271666666666665,0.04,0.0
34,COPOC,RPS,0.050000000000000044,0.955,6.4,5.4,1.0,1.0,7.199999999999999,0.045,0.0
34,COPOC,RPS,0.07999999999999996,0.9,5.27,4.27,1.3,2.0,7.520000000000002,0.13,0.0
34,COPOC,RPS,0.09999999999999998,0.87,4.965,3.965,1.3076923076923077,2.0,7.365,0.17,0.0
34,COPOC,RPS,0.13,0.86,4.67,3.67,1.4285714285714286,3.0,6.746923076923077,0.2,0.0
34,COPOC,RPS,0.15000000000000002,0.83,4.5,3.5,1.3529411764705883,3.0,6.5666666666666655,0.23,0.0
34,COPOC,RPS,0.18000000000000005,0.8,4.31,3.31,1.4,3.0,6.421111111111111,0.28,0.0
34,COPOC,RPS,0.19999999999999996,0.765,4.095,3.095,1.3404255319148937,3.0,6.245,0.315,0.0
34,COPOC,OCDF,0.010000000000000009,0.975,8.285,7.285,1.2,2.0,13.284999999999995,0.03,0.0
34,COPOC,OCDF,0.020000000000000018,0.95,7.74,6.74,1.6,3.0,14.739999999999995,0.08,0.0
34,COPOC,OCDF,0.030000000000000027,0.945,7.69,6.69,1.5454545454545454,3.0,12.356666666666662,0.085,0.0
34,COPOC,OCDF,0.050000000000000044,0.915,7.105,6.105,1.411764705882353,3.0,10.904999999999996,0.12,0.0
34,COPOC,OCDF,0.07999999999999996,0.885,6.665,5.665,1.5217391304347827,4.0,10.040000000000003,0.175,0.0
34,COPOC,OCDF,0.09999999999999998,0.855,5.73,4.73,1.896551724137931,4.0,10.23,0.275,0.0
34,COPOC,OCDF,0.13,0.82,5.36,4.36,1.8055555555555556,4.0,9.36,0.325,0.0
34,COPOC,OCDF,0.15000000000000002,0.81,5.045,4.045,1.868421052631579,4.0,8.778333333333332,0.355,0.0
34,COPOC,OCDF,0.18000000000000005,0.78,4.76,3.76,1.7727272727272727,4.0,8.093333333333332,0.39,0.0
34,COPOC,OCDF,0.19999999999999996,0.765,4.71,3.71,1.7659574468085106,4.0,7.86,0.415,0.0
34,COPOC,APS,0.010000000000000009,1.0,7.77,6.77,,0.0,6.77,0.0,0.0
34,COPOC,APS,0.020000000000000018,0.99,7.345,6.345,1.0,1.0,7.344999999999999,0.01,0.0
34,COPOC,APS,0.030000000000000027,0.985,6.845,5.845,1.0,1.0,6.845,0.015,0.0
34,COPOC,APS,0.050000000000000044,0.96,6.625,5.625,1.125,2.0,7.424999999999999,0.045,0.0
34,COPOC,APS,0.07999999999999996,0.91,6.015,5.015,1.1666666666666667,2.0,7.640000000000002,0.105,0.0
34,COPOC,APS,0.09999999999999998,0.875,5.405,4.405,1.32,2.0,7.705,0.165,0.0
34,COPOC,APS,0.13,0.84,5.0,4.0,1.5,3.0,7.692307692307692,0.24,0.0
34,COPOC,APS,0.15000000000000002,0.81,4.745,3.745,1.4736842105263157,3.0,7.478333333333333,0.28,0.0
34,COPOC,APS,0.18000000000000005,0.79,4.51,3.51,1.5238095238095237,3.0,7.065555555555554,0.32,0.0
34,COPOC,APS,0.19999999999999996,0.76,4.335,3.335,1.5416666666666667,3.0,7.035,0.37,0.0
34,COPOC,LAC,0.010000000000000009,1.0,8.095,7.095,,0.0,7.095,0.0,0.0
34,COPOC,LAC,0.020000000000000018,1.0,7.7,6.7,,0.0,6.7,0.0,0.0
34,COPOC,LAC,0.030000000000000027,0.96,6.795,5.795,1.125,2.0,8.794999999999998,0.045,0.0
34,COPOC,LAC,0.050000000000000044,0.945,6.665,5.665,1.1818181818181819,2.0,8.264999999999997,0.065,0.0
34,COPOC,LAC,0.07999999999999996,0.93,6.085,5.085,1.5,3.0,7.710000000000003,0.105,0.0
34,COPOC,LAC,0.09999999999999998,0.885,5.55,4.55,1.5217391304347827,3.0,8.05,0.175,0.0
34,COPOC,LAC,0.13,0.845,4.82,3.82,1.5806451612903225,4.0,7.5892307692307694,0.245,0.0
34,COPOC,LAC,0.15000000000000002,0.805,4.56,3.56,1.4871794871794872,4.0,7.426666666666665,0.29,0.0
34,COPOC,LAC,0.18000000000000005,0.775,4.195,3.195,1.5555555555555556,4.0,7.08388888888889,0.35,0.0
34,COPOC,LAC,0.19999999999999996,0.77,4.17,3.17,1.5869565217391304,4.0,6.82,0.365,0.0
35,COPOC,min-CPS,0.010000000000000009,0.98,7.415,6.415,1.25,2.0,11.414999999999996,0.025,0.0
35,COPOC,min-CPS,0.020000000000000018,0.96,6.8,5.8,1.375,3.0,11.299999999999995,0.055,0.0
35,COPOC,min-CPS,0.030000000000000027,0.955,6.685,5.685,1.3333333333333333,3.0,9.684999999999997,0.06,0.0
35,COPOC,min-CPS,0.050000000000000044,0.945,6.375,5.375,1.4545454545454546,3.0,8.574999999999998,0.08,0.0
35,COPOC,min-CPS,0.07999999999999996,0.91,5.815,4.815,1.3888888888888888,3.0,7.940000000000002,0.125,0.0
35,COPOC,min-CPS,0.09999999999999998,0.905,5.64,4.64,1.631578947368421,3.0,7.74,0.155,0.0
35,COPOC,min-CPS,0.13,0.845,5.06,4.06,1.6451612903225807,4.0,7.983076923076923,0.255,0.0
35,COPOC,min-CPS,0.15000000000000002,0.845,4.92,3.92,1.7096774193548387,4.0,7.453333333333332,0.265,0.0
35,COPOC,min-CPS,0.18000000000000005,0.805,4.675,3.675,1.6666666666666667,4.0,7.28611111111111,0.325,0.0
35,COPOC,min-CPS,0.19999999999999996,0.795,4.625,3.625,1.6829268292682926,4.0,7.075,0.345,0.0
35,COPOC,RPS,0.010000000000000009,0.98,7.27,6.27,1.25,2.0,11.269999999999996,0.025,0.0
35,COPOC,RPS,0.020000000000000018,0.975,6.93,5.93,1.2,2.0,8.929999999999998,0.03,0.0
35,COPOC,RPS,0.030000000000000027,0.955,6.53,5.53,1.1111111111111112,2.0,8.863333333333332,0.05,0.0
35,COPOC,RPS,0.050000000000000044,0.925,6.035,5.035,1.3333333333333333,3.0,9.034999999999998,0.1,0.0
35,COPOC,RPS,0.07999999999999996,0.91,5.555,4.555,1.3333333333333333,3.0,7.555000000000002,0.12,0.0
35,COPOC,RPS,0.09999999999999998,0.89,5.16,4.16,1.3181818181818181,3.0,7.06,0.145,0.0
35,COPOC,RPS,0.13,0.835,4.545,3.545,1.5454545454545454,4.0,7.468076923076922,0.255,0.0
35,COPOC,RPS,0.15000000000000002,0.81,4.355,3.355,1.5263157894736843,4.0,7.221666666666667,0.29,0.0
35,COPOC,RPS,0.18000000000000005,0.78,4.205,3.205,1.4772727272727273,4.0,6.816111111111111,0.325,0.0
35,COPOC,RPS,0.19999999999999996,0.77,4.13,3.13,1.4565217391304348,4.0,6.48,0.335,0.0
35,COPOC,OCDF,0.010000000000000009,1.0,8.735,7.735,,0.0,7.735,0.0,0.0
35,COPOC,OCDF,0.020000000000000018,0.995,8.545,7.545,1.0,1.0,8.045,0.005,0.0
35,COPOC,OCDF,0.030000000000000027,0.96,7.965,6.965,1.125,2.0,9.964999999999998,0.045,0.0
35,COPOC,OCDF,0.050000000000000044,0.93,7.4,6.4,1.0714285714285714,2.0,9.399999999999999,0.075,0.0
35,COPOC,OCDF,0.07999999999999996,0.895,6.95,5.95,1.1904761904761905,2.0,9.075000000000003,0.125,0.0
35,COPOC,OCDF,0.09999999999999998,0.875,6.13,5.13,1.64,3.0,9.23,0.205,0.0
35,COPOC,OCDF,0.13,0.83,5.57,4.57,1.6176470588235294,3.0,8.80076923076923,0.275,0.0
35,COPOC,OCDF,0.15000000000000002,0.825,5.36,4.36,1.6857142857142857,4.0,8.293333333333333,0.295,0.0
35,COPOC,OCDF,0.18000000000000005,0.78,4.975,3.975,1.6136363636363635,4.0,7.919444444444443,0.355,0.0
35,COPOC,OCDF,0.19999999999999996,0.74,4.88,3.88,1.5576923076923077,4.0,7.93,0.405,0.0
35,COPOC,APS,0.010000000000000009,0.97,7.24,6.24,1.1666666666666667,2.0,13.239999999999995,0.035,0.0
35,COPOC,APS,0.020000000000000018,0.96,6.97,5.97,1.25,2.0,10.969999999999995,0.05,0.0
35,COPOC,APS,0.030000000000000027,0.94,6.51,5.51,1.4166666666666667,3.0,11.176666666666662,0.085,0.0
35,COPOC,APS,0.050000000000000044,0.94,6.41,5.41,1.4166666666666667,3.0,8.809999999999997,0.085,0.0
35,COPOC,APS,0.07999999999999996,0.895,5.87,4.87,1.4761904761904763,3.0,8.745000000000003,0.155,0.0
35,COPOC,APS,0.09999999999999998,0.885,5.66,4.66,1.5217391304347827,3.0,8.16,0.175,0.0
35,COPOC,APS,0.13,0.86,5.01,4.01,1.7857142857142858,4.0,7.856153846153846,0.25,0.0
35,COPOC,APS,0.15000000000000002,0.86,4.88,3.88,1.9642857142857142,4.0,7.546666666666665,0.275,0.0
35,COPOC,APS,0.18000000000000005,0.795,4.515,3.515,1.8048780487804879,4.0,7.626111111111111,0.37,0.0
35,COPOC,APS,0.19999999999999996,0.795,4.415,3.415,1.829268292682927,4.0,7.165,0.375,0.0
35,COPOC,LAC,0.010000000000000009,0.98,7.445,6.445,1.25,2.0,11.444999999999995,0.025,0.0
35,COPOC,LAC,0.020000000000000018,0.97,7.08,6.08,1.1666666666666667,2.0,9.579999999999997,0.035,0.0
35,COPOC,LAC,0.030000000000000027,0.955,6.735,5.735,1.3333333333333333,3.0,9.734999999999998,0.06,0.0
35,COPOC,LAC,0.050000000000000044,0.945,6.64,5.64,1.3636363636363635,3.0,8.639999999999997,0.075,0.0
35,COPOC,LAC,0.07999999999999996,0.92,5.97,4.97,1.5625,3.0,8.095000000000002,0.125,0.0
35,COPOC,LAC,0.09999999999999998,0.905,5.655,4.655,1.5263157894736843,3.0,7.555,0.145,0.0
35,COPOC,LAC,0.13,0.895,5.44,4.44,1.4761904761904763,3.0,6.824615384615385,0.155,0.0
35,COPOC,LAC,0.15000000000000002,0.84,4.735,3.735,1.625,3.0,7.201666666666666,0.26,0.0
35,COPOC,LAC,0.18000000000000005,0.76,4.295,3.295,1.5416666666666667,4.0,7.406111111111111,0.37,0.0
35,COPOC,LAC,0.19999999999999996,0.76,4.225,3.225,1.5833333333333333,4.0,7.025,0.38,0.0
36,COPOC,min-CPS,0.010000000000000009,0.99,7.7,6.7,1.5,2.0,9.699999999999996,0.015,0.0
36,COPOC,min-CPS,0.020000000000000018,0.99,7.525,6.525,1.5,2.0,8.024999999999999,0.015,0.0
36,COPOC,min-CPS,0.030000000000000027,0.99,7.255,6.255,1.5,2.0,7.255,0.015,0.0
36,COPOC,min-CPS,0.050000000000000044,0.96,6.61,5.61,1.375,3.0,7.809999999999998,0.055,0.0
36,COPOC,min-CPS,0.07999999999999996,0.915,6.05,5.05,1.2941176470588236,3.0,7.8000000000000025,0.11,0.0
36,COPOC,min-CPS,0.09999999999999998,0.87,5.545,4.545,1.4230769230769231,3.0,8.245,0.185,0.0
36,COPOC,min-CPS,0.13,0.845,5.145,4.145,1.5483870967741935,4.0,7.837307692307693,0.24,0.0
36,COPOC,min-CPS,0.15000000000000002,0.83,4.855,3.855,1.6470588235294117,4.0,7.588333333333333,0.28,0.0
36,COPOC,min-CPS,0.18000000000000005,0.795,4.74,3.74,1.6829268292682926,4.0,7.573333333333332,0.345,0.0
36,COPOC,min-CPS,0.19999999999999996,0.765,4.61,3.61,1.6170212765957446,4.0,7.41,0.38,0.0
36,COPOC,RPS,0.010000000000000009,0.995,7.63,6.63,2.0,2.0,8.629999999999997,0.01,0.0
36,COPOC,RPS,0.020000000000000018,0.985,7.095,6.095,1.3333333333333333,2.0,8.094999999999997,0.02,0.0
36,COPOC,RPS,0.030000000000000027,0.98,6.905,5.905,1.25,2.0,7.571666666666665,0.025,0.0
36,COPOC,RPS,0.050000000000000044,0.95,6.38,5.38,1.3,3.0,7.979999999999998,0.065,0.0
36,COPOC,RPS,0.07999999999999996,0.905,5.32,4.32,1.3157894736842106,3.0,7.445000000000002,0.125,0.0
36,COPOC,RPS,0.09999999999999998,0.89,5.12,4.12,1.2727272727272727,3.0,6.92,0.14,0.0
36,COPOC,RPS,0.13,0.85,4.625,3.625,1.4333333333333333,4.0,6.9326923076923075,0.215,0.0
36,COPOC,RPS,0.15000000000000002,0.81,4.385,3.385,1.4210526315789473,4.0,6.9849999999999985,0.27,0.0
36,COPOC,RPS,0.18000000000000005,0.775,4.235,3.235,1.3777777777777778,4.0,6.679444444444443,0.31,0.0
36,COPOC,RPS,0.19999999999999996,0.73,3.985,2.985,1.3333333333333333,4.0,6.585,0.36,0.0
36,COPOC,OCDF,0.010000000000000009,0.965,8.005,7.005,1.5714285714285714,3.0,18.004999999999992,0.055,0.0
36,COPOC,OCDF,0.020000000000000018,0.95,7.805,6.805,1.6,3.0,14.804999999999996,0.08,0.0
36,COPOC,OCDF,0.030000000000000027,0.945,7.76,6.76,1.5454545454545454,3.0,12.426666666666662,0.085,0.0
36,COPOC,OCDF,0.050000000000000044,0.925,7.145,6.145,1.5333333333333334,3.0,10.744999999999996,0.115,0.0
36,COPOC,OCDF,0.07999999999999996,0.9,6.845,5.845,1.55,4.0,9.720000000000004,0.155,0.0
36,COPOC,OCDF,0.09999999999999998,0.89,6.455,5.455,1.7727272727272727,4.0,9.355,0.195,0.0
36,COPOC,OCDF,0.13,0.885,5.73,4.73,2.1739130434782608,4.0,8.576153846153845,0.25,0.0
36,COPOC,OCDF,0.15000000000000002,0.85,5.42,4.42,1.9666666666666666,4.0,8.353333333333332,0.295,0.0
36,COPOC,OCDF,0.18000000000000005,0.83,5.0,4.0,1.9705882352941178,4.0,7.7222222222222205,0.335,0.0
36,COPOC,OCDF,0.19999999999999996,0.825,4.955,3.955,1.9714285714285715,4.0,7.405,0.345,0.0
36,COPOC,APS,0.010000000000000009,0.995,7.845,6.845,2.0,2.0,8.844999999999997,0.01,0.0
36,COPOC,APS,0.020000000000000018,0.995,7.785,6.785,2.0,2.0,7.784999999999999,0.01,0.0
36,COPOC,APS,0.030000000000000027,0.985,7.185,6.185,1.6666666666666667,3.0,7.851666666666665,0.025,0.0
36,COPOC,APS,0.050000000000000044,0.945,6.345,5.345,1.2727272727272727,3.0,8.144999999999998,0.07,0.0
36,COPOC,APS,0.07999999999999996,0.92,6.055,5.055,1.3125,4.0,7.680000000000002,0.105,0.0
36,COPOC,APS,0.09999999999999998,0.86,5.49,4.49,1.3214285714285714,4.0,8.19,0.185,0.0
36,COPOC,APS,0.13,0.845,4.945,3.945,1.6129032258064515,4.0,7.791153846153845,0.25,0.0
36,COPOC,APS,0.15000000000000002,0.815,4.695,3.695,1.7837837837837838,5.0,8.095,0.33,0.0
36,COPOC,APS,0.18000000000000005,0.795,4.565,3.565,1.7317073170731707,5.0,7.509444444444443,0.355,0.0
36,COPOC,APS,0.19999999999999996,0.79,4.48,3.48,1.7142857142857142,5.0,7.08,0.36,0.0
36,COPOC,LAC,0.010000000000000009,0.99,7.745,6.745,1.5,2.0,9.744999999999997,0.015,0.0
36,COPOC,LAC,0.020000000000000018,0.99,7.515,6.515,1.5,2.0,8.014999999999997,0.015,0.0
36,COPOC,LAC,0.030000000000000027,0.985,7.245,6.245,1.3333333333333333,2.0,7.578333333333332,0.02,0.0
36,COPOC,LAC,0.050000000000000044,0.95,6.74,5.74,1.4,3.0,8.539999999999997,0.07,0.0
36,COPOC,LAC,0.07999999999999996,0.89,5.725,4.725,1.4545454545454546,3.0,8.725000000000001,0.16,0.0
36,COPOC,LAC,0.09999999999999998,0.875,5.56,4.56,1.44,3.0,8.16,0.18,0.0
36,COPOC,LAC,0.13,0.85,4.87,3.87,1.5666666666666667,4.0,7.485384615384615,0.235,0.0
36,COPOC,LAC,0.15000000000000002,0.825,4.66,3.66,1.542857142857143,4.0,7.259999999999999,0.27,0.0
36,COPOC,LAC,0.18000000000000005,0.81,4.34,3.34,1.6842105263157894,4.0,6.895555555555554,0.32,0.0
36,COPOC,LAC,0.19999999999999996,0.755,4.175,3.175,1.5714285714285714,4.0,7.025,0.385,0.0
37,COPOC,min-CPS,0.010000000000000009,0.975,7.14,6.14,1.2,2.0,12.139999999999995,0.03,0.0
37,COPOC,min-CPS,0.020000000000000018,0.975,6.85,5.85,1.6,3.0,9.849999999999996,0.04,0.0
37,COPOC,min-CPS,0.030000000000000027,0.965,6.7,5.7,1.5714285714285714,3.0,9.366666666666664,0.055,0.0
37,COPOC,min-CPS,0.050000000000000044,0.935,6.325,5.325,1.4615384615384615,3.0,9.124999999999996,0.095,0.0
37,COPOC,min-CPS,0.07999999999999996,0.915,5.885,4.885,1.4705882352941178,3.0,8.010000000000002,0.125,0.0
37,COPOC,min-CPS,0.09999999999999998,0.91,5.65,4.65,1.5,3.0,7.35,0.135,0.0
37,COPOC,min-CPS,0.13,0.825,4.88,3.88,1.6285714285714286,4.0,8.264615384615384,0.285,0.0
37,COPOC,min-CPS,0.15000000000000002,0.795,4.65,3.65,1.6341463414634145,4.0,8.116666666666665,0.335,0.0
37,COPOC,min-CPS,0.18000000000000005,0.755,4.52,3.52,1.5918367346938775,4.0,7.853333333333333,0.39,0.0
37,COPOC,min-CPS,0.19999999999999996,0.75,4.465,3.465,1.6,4.0,7.465,0.4,0.0
37,COPOC,RPS,0.010000000000000009,0.985,7.445,6.445,1.3333333333333333,2.0,10.444999999999995,0.02,0.0
37,COPOC,RPS,0.020000000000000018,0.97,6.775,5.775,1.1666666666666667,2.0,9.274999999999999,0.035,0.0
37,COPOC,RPS,0.030000000000000027,0.965,6.555,5.555,1.1428571428571428,2.0,8.221666666666666,0.04,0.0
37,COPOC,RPS,0.050000000000000044,0.95,6.29,5.29,1.4,3.0,8.089999999999998,0.07,0.0
37,COPOC,RPS,0.07999999999999996,0.905,5.255,4.255,1.4210526315789473,3.0,7.630000000000003,0.135,0.0
37,COPOC,RPS,0.09999999999999998,0.9,5.09,4.09,1.4,3.0,6.89,0.14,0.0
37,COPOC,RPS,0.13,0.895,4.985,3.985,1.380952380952381,3.0,6.215769230769231,0.145,0.0
37,COPOC,RPS,0.15000000000000002,0.85,4.58,3.58,1.4666666666666666,4.0,6.513333333333333,0.22,0.0
37,COPOC,RPS,0.18000000000000005,0.825,4.325,3.325,1.4857142857142858,4.0,6.213888888888888,0.26,0.0
37,COPOC,RPS,0.19999999999999996,0.815,4.285,3.285,1.4594594594594594,4.0,5.985,0.27,0.0
37,COPOC,OCDF,0.010000000000000009,0.99,8.53,7.53,1.0,1.0,9.529999999999998,0.01,0.0
37,COPOC,OCDF,0.020000000000000018,0.96,7.995,6.995,1.375,3.0,12.494999999999996,0.055,0.0
37,COPOC,OCDF,0.030000000000000027,0.96,7.9,6.9,1.5,3.0,10.899999999999999,0.06,0.0
37,COPOC,OCDF,0.050000000000000044,0.945,7.515,6.515,1.4545454545454546,3.0,9.714999999999998,0.08,0.0
37,COPOC,OCDF,0.07999999999999996,0.93,7.03,6.03,1.4285714285714286,3.0,8.530000000000003,0.1,0.0
37,COPOC,OCDF,0.09999999999999998,0.925,6.97,5.97,1.4666666666666666,3.0,8.17,0.11,0.0
37,COPOC,OCDF,0.13,0.895,5.81,4.81,1.8095238095238095,4.0,7.733076923076923,0.19,0.0
37,COPOC,OCDF,0.15000000000000002,0.895,5.695,4.695,1.9047619047619047,4.0,7.361666666666666,0.2,0.0
37,COPOC,OCDF,0.18000000000000005,0.855,5.26,4.26,1.7586206896551724,4.0,7.093333333333333,0.255,0.0
37,COPOC,OCDF,0.19999999999999996,0.805,4.865,3.865,1.5897435897435896,4.0,6.965,0.31,0.0
37,COPOC,APS,0.010000000000000009,0.975,7.33,6.33,1.2,2.0,12.329999999999995,0.03,0.0
37,COPOC,APS,0.020000000000000018,0.965,6.84,5.84,1.2857142857142858,2.0,10.339999999999996,0.045,0.0
37,COPOC,APS,0.030000000000000027,0.965,6.79,5.79,1.2857142857142858,2.0,8.789999999999997,0.045,0.0
37,COPOC,APS,0.050000000000000044,0.95,6.52,5.52,1.5,3.0,8.519999999999998,0.075,0.0
37,COPOC,APS,0.07999999999999996,0.88,5.52,4.52,1.5416666666666667,3.0,9.145000000000003,0.185,0.0
37,COPOC,APS,0.09999999999999998,0.865,5.32,4.32,1.5185185185185186,3.0,8.42,0.205,0.0
37,COPOC,APS,0.13,0.825,4.815,3.815,1.6,4.0,8.122692307692308,0.28,0.0
37,COPOC,APS,0.15000000000000002,0.8,4.54,3.54,1.725,4.0,8.14,0.345,0.0
37,COPOC,APS,0.18000000000000005,0.76,4.225,3.225,1.6875,4.0,7.725,0.405,0.0
37,COPOC,APS,0.19999999999999996,0.76,4.14,3.14,1.7083333333333333,4.0,7.24,0.41,0.0
37,COPOC,LAC,0.010000000000000009,0.97,7.205,6.205,1.1666666666666667,2.0,13.204999999999995,0.035,0.0
37,COPOC,LAC,0.020000000000000018,0.96,6.81,5.81,1.375,2.0,11.309999999999995,0.055,0.0
37,COPOC,LAC,0.030000000000000027,0.96,6.69,5.69,1.625,3.0,10.02333333333333,0.065,0.0
37,COPOC,LAC,0.050000000000000044,0.945,6.545,5.545,1.4545454545454546,3.0,8.744999999999997,0.08,0.0
37,COPOC,LAC,0.07999999999999996,0.91,5.87,4.87,1.4444444444444444,3.0,8.120000000000003,0.13,0.0
37,COPOC,LAC,0.09999999999999998,0.89,5.445,4.445,1.5,3.0,7.745,0.165,0.0
37,COPOC,LAC,0.13,0.85,4.79,3.79,1.4333333333333333,3.0,7.0976923076923075,0.215,0.0
37,COPOC,LAC,0.15000000000000002,0.825,4.56,3.56,1.4285714285714286,3.0,6.893333333333333,0.25,0.0
37,COPOC,LAC,0.18000000000000005,0.82,4.37,3.37,1.5833333333333333,3.0,6.536666666666665,0.285,0.0
37,COPOC,LAC,0.19999999999999996,0.81,4.305,3.305,1.5526315789473684,3.0,6.255,0.295,0.0
38,COPOC,min-CPS,0.010000000000000009,0.995,7.73,6.73,1.0,1.0,7.729999999999999,0.005,0.0
38,COPOC,min-CPS,0.020000000000000018,0.995,7.545,6.545,1.0,1.0,7.045,0.005,0.0
38,COPOC,min-CPS,0.030000000000000027,0.985,6.895,5.895,1.3333333333333333,2.0,7.228333333333333,0.02,0.0
38,COPOC,min-CPS,0.050000000000000044,0.935,6.375,5.375,1.0769230769230769,2.0,8.174999999999997,0.07,0.0
38,COPOC,min-CPS,0.07999999999999996,0.885,5.64,4.64,1.391304347826087,3.0,8.640000000000002,0.16,0.0
38,COPOC,min-CPS,0.09999999999999998,0.88,5.525,4.525,1.4583333333333333,3.0,8.025,0.175,0.0
38,COPOC,min-CPS,0.13,0.845,5.0,4.0,1.6451612903225807,3.0,7.923076923076923,0.255,0.0
38,COPOC,min-CPS,0.15000000000000002,0.84,4.865,3.865,1.65625,3.0,7.3983333333333325,0.265,0.0
38,COPOC,min-CPS,0.18000000000000005,0.83,4.725,3.725,1.7647058823529411,3.0,7.058333333333333,0.3,0.0
38,COPOC,min-CPS,0.19999999999999996,0.79,4.61,3.61,1.7142857142857142,3.0,7.21,0.36,0.0
38,COPOC,RPS,0.010000000000000009,0.995,7.56,6.56,1.0,1.0,7.559999999999999,0.005,0.0
38,COPOC,RPS,0.020000000000000018,0.99,7.285,6.285,1.0,1.0,7.284999999999999,0.01,0.0
38,COPOC,RPS,0.030000000000000027,0.99,6.975,5.975,1.0,1.0,6.641666666666667,0.01,0.0
38,COPOC,RPS,0.050000000000000044,0.95,6.295,5.295,1.2,2.0,7.694999999999998,0.06,0.0
38,COPOC,RPS,0.07999999999999996,0.9,5.31,4.31,1.15,2.0,7.185000000000002,0.115,0.0
38,COPOC,RPS,0.09999999999999998,0.88,5.095,4.095,1.125,2.0,6.795,0.135,0.0
38,COPOC,RPS,0.13,0.86,4.645,3.645,1.3928571428571428,3.0,6.645,0.195,0.0
38,COPOC,RPS,0.15000000000000002,0.845,4.535,3.535,1.3870967741935485,3.0,6.4016666666666655,0.215,0.0
38,COPOC,RPS,0.18000000000000005,0.83,4.33,3.33,1.4705882352941178,3.0,6.107777777777777,0.25,0.0
38,COPOC,RPS,0.19999999999999996,0.805,4.24,3.24,1.4102564102564104,3.0,5.99,0.275,0.0
38,COPOC,OCDF,0.010000000000000009,1.0,8.675,7.675,,0.0,7.675,0.0,0.0
38,COPOC,OCDF,0.020000000000000018,0.995,8.415,7.415,1.0,1.0,7.915,0.005,0.0
38,COPOC,OCDF,0.030000000000000027,0.99,8.11,7.11,1.5,2.0,8.11,0.015,0.0
38,COPOC,OCDF,0.050000000000000044,0.965,7.78,6.78,1.2857142857142858,2.0,8.579999999999998,0.045,0.0
38,COPOC,OCDF,0.07999999999999996,0.89,6.825,5.825,1.1818181818181819,3.0,9.075000000000003,0.13,0.0
38,COPOC,OCDF,0.09999999999999998,0.87,6.005,5.005,1.5,3.0,8.905,0.195,0.0
38,COPOC,OCDF,0.13,0.845,5.69,4.69,1.5806451612903225,3.0,8.45923076923077,0.245,0.0
38,COPOC,OCDF,0.15000000000000002,0.825,5.295,4.295,1.6,4.0,8.028333333333332,0.28,0.0
38,COPOC,OCDF,0.18000000000000005,0.785,4.98,3.98,1.558139534883721,4.0,7.702222222222221,0.335,0.0
38,COPOC,OCDF,0.19999999999999996,0.77,4.925,3.925,1.5217391304347827,4.0,7.425,0.35,0.0
38,COPOC,APS,0.010000000000000009,1.0,8.04,7.04,,0.0,7.04,0.0,0.0
38,COPOC,APS,0.020000000000000018,0.995,7.36,6.36,1.0,1.0,6.86,0.005,0.0
38,COPOC,APS,0.030000000000000027,0.995,7.28,6.28,1.0,1.0,6.613333333333332,0.005,0.0
38,COPOC,APS,0.050000000000000044,0.935,6.475,5.475,1.0769230769230769,2.0,8.274999999999999,0.07,0.0
38,COPOC,APS,0.07999999999999996,0.885,5.655,4.655,1.391304347826087,2.0,8.655000000000003,0.16,0.0
38,COPOC,APS,0.09999999999999998,0.88,5.28,4.28,1.5416666666666667,3.0,7.98,0.185,0.0
38,COPOC,APS,0.13,0.865,4.97,3.97,1.6666666666666667,3.0,7.4315384615384605,0.225,0.0
38,COPOC,APS,0.15000000000000002,0.85,4.865,3.865,1.6666666666666667,3.0,7.198333333333332,0.25,0.0
38,COPOC,APS,0.18000000000000005,0.84,4.675,3.675,1.8125,3.0,6.897222222222222,0.29,0.0
38,COPOC,APS,0.19999999999999996,0.81,4.45,3.45,1.763157894736842,3.0,6.8,0.335,0.0
38,COPOC,LAC,0.010000000000000009,0.995,7.71,6.71,1.0,1.0,7.709999999999999,0.005,0.0
38,COPOC,LAC,0.020000000000000018,0.995,7.515,6.515,1.0,1.0,7.015,0.005,0.0
38,COPOC,LAC,0.030000000000000027,0.98,7.125,6.125,1.0,1.0,7.458333333333332,0.02,0.0
38,COPOC,LAC,0.050000000000000044,0.945,6.65,5.65,1.1818181818181819,2.0,8.249999999999998,0.065,0.0
38,COPOC,LAC,0.07999999999999996,0.87,5.495,4.495,1.3846153846153846,3.0,8.995000000000003,0.18,0.0
38,COPOC,LAC,0.09999999999999998,0.865,5.365,4.365,1.4074074074074074,3.0,8.165,0.19,0.0
38,COPOC,LAC,0.13,0.845,4.795,3.795,1.5483870967741935,3.0,7.487307692307692,0.24,0.0
38,COPOC,LAC,0.15000000000000002,0.825,4.575,3.575,1.4857142857142858,3.0,7.041666666666666,0.26,0.0
38,COPOC,LAC,0.18000000000000005,0.81,4.305,3.305,1.605263157894737,3.0,6.693888888888889,0.305,0.0
38,COPOC,LAC,0.19999999999999996,0.795,4.255,3.255,1.5609756097560976,3.0,6.455,0.32,0.0
39,COPOC,min-CPS,0.010000000000000009,0.98,7.46,6.46,1.25,2.0,11.459999999999996,0.025,0.0
39,COPOC,min-CPS,0.020000000000000018,0.96,6.845,5.845,1.375,3.0,11.344999999999995,0.055,0.0
39,COPOC,min-CPS,0.030000000000000027,0.95,6.6,5.6,1.3,3.0,9.93333333333333,0.065,0.0
39,COPOC,min-CPS,0.050000000000000044,0.945,6.4,5.4,1.5454545454545454,3.0,8.799999999999997,0.085,0.0
39,COPOC,min-CPS,0.07999999999999996,0.885,5.63,4.63,1.565217391304348,3.0,9.130000000000003,0.18,0.0
39,COPOC,min-CPS,0.09999999999999998,0.865,5.46,4.46,1.5925925925925926,3.0,8.76,0.215,0.0
39,COPOC,min-CPS,0.13,0.82,4.87,3.87,1.7222222222222223,4.0,8.63923076923077,0.31,0.0
39,COPOC,min-CPS,0.15000000000000002,0.785,4.675,3.675,1.7674418604651163,4.0,8.741666666666665,0.38,0.0
39,COPOC,min-CPS,0.18000000000000005,0.76,4.535,3.535,1.7708333333333333,4.0,8.257222222222222,0.425,0.0
39,COPOC,min-CPS,0.19999999999999996,0.75,4.475,3.475,1.72,4.0,7.775,0.43,0.0
39,COPOC,RPS,0.010000000000000009,0.975,7.045,6.045,1.2,2.0,12.044999999999995,0.03,0.0
39,COPOC,RPS,0.020000000000000018,0.95,6.635,5.635,1.1,2.0,11.134999999999996,0.055,0.0
39,COPOC,RPS,0.030000000000000027,0.94,6.43,5.43,1.25,3.0,10.429999999999998,0.075,0.0
39,COPOC,RPS,0.050000000000000044,0.905,5.735,4.735,1.3157894736842106,3.0,9.734999999999996,0.125,0.0
39,COPOC,RPS,0.07999999999999996,0.86,5.095,4.095,1.3214285714285714,3.0,8.720000000000002,0.185,0.0
39,COPOC,RPS,0.09999999999999998,0.84,4.795,3.795,1.5,3.0,8.595,0.24,0.0
39,COPOC,RPS,0.13,0.83,4.58,3.58,1.5588235294117647,4.0,7.656923076923078,0.265,0.0
39,COPOC,RPS,0.15000000000000002,0.8,4.345,3.345,1.575,4.0,7.545,0.315,0.0
39,COPOC,RPS,0.18000000000000005,0.785,4.25,3.25,1.5348837209302326,4.0,6.916666666666666,0.33,0.0
39,COPOC,RPS,0.19999999999999996,0.775,4.135,3.135,1.511111111111111,4.0,6.535,0.34,0.0
39,COPOC,OCDF,0.010000000000000009,0.98,8.495,7.495,1.0,1.0,11.494999999999996,0.02,0.0
39,COPOC,OCDF,0.020000000000000018,0.975,8.085,7.085,1.6,3.0,11.084999999999996,0.04,0.0
39,COPOC,OCDF,0.030000000000000027,0.955,7.88,6.88,1.5555555555555556,3.0,11.546666666666665,0.07,0.0
39,COPOC,OCDF,0.050000000000000044,0.95,7.57,6.57,1.6,3.0,9.769999999999998,0.08,0.0
39,COPOC,OCDF,0.07999999999999996,0.935,7.175,6.175,1.4615384615384615,3.0,8.55,0.095,0.0
39,COPOC,OCDF,0.09999999999999998,0.89,6.53,5.53,1.5909090909090908,4.0,9.03,0.175,0.0
39,COPOC,OCDF,0.13,0.865,5.74,4.74,1.8888888888888888,4.0,8.663076923076924,0.255,0.0
39,COPOC,OCDF,0.15000000000000002,0.835,5.465,4.465,1.7272727272727273,4.0,8.264999999999999,0.285,0.0
39,COPOC,OCDF,0.18000000000000005,0.795,4.915,3.915,1.7317073170731707,4.0,7.859444444444444,0.355,0.0
39,COPOC,OCDF,0.19999999999999996,0.79,4.87,3.87,1.7142857142857142,4.0,7.47,0.36,0.0
39,COPOC,APS,0.010000000000000009,0.985,7.44,6.44,1.3333333333333333,2.0,10.439999999999996,0.02,0.0
39,COPOC,APS,0.020000000000000018,0.975,7.045,6.045,1.4,2.0,9.544999999999996,0.035,0.0
39,COPOC,APS,0.030000000000000027,0.935,6.39,5.39,1.3076923076923077,3.0,11.056666666666661,0.085,0.0
39,COPOC,APS,0.050000000000000044,0.92,6.22,5.22,1.3125,3.0,9.419999999999998,0.105,0.0
39,COPOC,APS,0.07999999999999996,0.88,5.635,4.635,1.4583333333333333,3.0,9.010000000000002,0.175,0.0
39,COPOC,APS,0.09999999999999998,0.85,5.15,4.15,1.5666666666666667,4.0,8.85,0.235,0.0
39,COPOC,APS,0.13,0.815,4.905,3.905,1.6486486486486487,4.0,8.597307692307693,0.305,0.0
39,COPOC,APS,0.15000000000000002,0.8,4.755,3.755,1.65,4.0,8.155,0.33,0.0
39,COPOC,APS,0.18000000000000005,0.785,4.55,3.55,1.6744186046511629,4.0,7.549999999999999,0.36,0.0
39,COPOC,APS,0.19999999999999996,0.76,4.3,3.3,1.7291666666666667,4.0,7.45,0.415,0.0
39,COPOC,LAC,0.010000000000000009,0.98,7.485,6.485,1.25,2.0,11.484999999999996,0.025,0.0
39,COPOC,LAC,0.020000000000000018,0.965,7.07,6.07,1.1428571428571428,2.0,10.069999999999995,0.04,0.0
39,COPOC,LAC,0.030000000000000027,0.96,6.78,5.78,1.5,3.0,9.779999999999998,0.06,0.0
39,COPOC,LAC,0.050000000000000044,0.93,6.375,5.375,1.4285714285714286,3.0,9.374999999999996,0.1,0.0
39,COPOC,LAC,0.07999999999999996,0.87,5.54,4.54,1.6153846153846154,3.0,9.790000000000004,0.21,0.0
39,COPOC,LAC,0.09999999999999998,0.84,5.105,4.105,1.59375,4.0,9.205,0.255,0.0
39,COPOC,LAC,0.13,0.82,4.725,3.725,1.5833333333333333,4.0,8.109615384615383,0.285,0.0
39,COPOC,LAC,0.15000000000000002,0.815,4.64,3.64,1.5675675675675675,4.0,7.506666666666668,0.29,0.0
39,COPOC,LAC,0.18000000000000005,0.78,4.295,3.295,1.6363636363636365,4.0,7.294999999999999,0.36,0.0
39,COPOC,LAC,0.19999999999999996,0.775,4.27,3.27,1.6666666666666667,4.0,7.02,0.375,0.0
40,COPOC,min-CPS,0.010000000000000009,0.98,7.485,6.485,1.25,2.0,11.484999999999996,0.025,0.0
40,COPOC,min-CPS,0.020000000000000018,0.975,6.93,5.93,1.6,3.0,9.929999999999996,0.04,0.0
40,COPOC,min-CPS,0.030000000000000027,0.95,6.59,5.59,1.3,3.0,9.92333333333333,0.065,0.0
40,COPOC,min-CPS,0.050000000000000044,0.945,6.44,5.44,1.4545454545454546,3.0,8.639999999999997,0.08,0.0
40,COPOC,min-CPS,0.07999999999999996,0.905,5.76,4.76,1.5263157894736843,3.0,8.385000000000002,0.145,0.0
40,COPOC,min-CPS,0.09999999999999998,0.87,5.48,4.48,1.5384615384615385,3.0,8.48,0.2,0.0
40,COPOC,min-CPS,0.13,0.855,5.245,4.245,1.5862068965517242,4.0,7.783461538461538,0.23,0.0
40,COPOC,min-CPS,0.15000000000000002,0.84,4.865,3.865,1.6875,4.0,7.465,0.27,0.0
40,COPOC,min-CPS,0.18000000000000005,0.82,4.725,3.725,1.7777777777777777,4.0,7.280555555555555,0.32,0.0
40,COPOC,min-CPS,0.19999999999999996,0.805,4.625,3.625,1.8205128205128205,4.0,7.175,0.355,0.0
40,COPOC,RPS,0.010000000000000009,0.98,7.35,6.35,1.25,2.0,11.349999999999996,0.025,0.0
40,COPOC,RPS,0.020000000000000018,0.975,6.99,5.99,1.2,2.0,8.989999999999998,0.03,0.0
40,COPOC,RPS,0.030000000000000027,0.96,6.61,5.61,1.125,2.0,8.609999999999998,0.045,0.0
40,COPOC,RPS,0.050000000000000044,0.94,6.1,5.1,1.4166666666666667,3.0,8.499999999999998,0.085,0.0
40,COPOC,RPS,0.07999999999999996,0.91,5.51,4.51,1.3333333333333333,3.0,7.5100000000000025,0.12,0.0
40,COPOC,RPS,0.09999999999999998,0.89,5.09,4.09,1.3636363636363635,3.0,7.09,0.15,0.0
40,COPOC,RPS,0.13,0.85,4.64,3.64,1.5333333333333334,4.0,7.178461538461538,0.23,0.0
40,COPOC,RPS,0.15000000000000002,0.845,4.555,3.555,1.5161290322580645,4.0,6.688333333333333,0.235,0.0
40,COPOC,RPS,0.18000000000000005,0.83,4.345,3.345,1.588235294117647,4.0,6.345,0.27,0.0
40,COPOC,RPS,0.19999999999999996,0.82,4.305,3.305,1.5555555555555556,4.0,6.105,0.28,0.0
40,COPOC,OCDF,0.010000000000000009,1.0,8.665,7.665,,0.0,7.665,0.0,0.0
40,COPOC,OCDF,0.020000000000000018,0.99,8.435,7.435,1.0,1.0,8.434999999999999,0.01,0.0
40,COPOC,OCDF,0.030000000000000027,0.965,7.825,6.825,1.1428571428571428,2.0,9.491666666666665,0.04,0.0
40,COPOC,OCDF,0.050000000000000044,0.965,7.775,6.775,1.1428571428571428,2.0,8.374999999999998,0.04,0.0
40,COPOC,OCDF,0.07999999999999996,0.93,7.01,6.01,1.1428571428571428,2.0,8.010000000000002,0.08,0.0
40,COPOC,OCDF,0.09999999999999998,0.92,6.785,5.785,1.1875,2.0,7.685,0.095,0.0
40,COPOC,OCDF,0.13,0.895,5.72,4.72,1.7619047619047619,3.0,7.5661538461538465,0.185,0.0
40,COPOC,OCDF,0.15000000000000002,0.88,5.495,4.495,1.875,3.0,7.495,0.225,0.0
40,COPOC,OCDF,0.18000000000000005,0.85,5.15,4.15,1.8,4.0,7.15,0.27,0.0
40,COPOC,OCDF,0.19999999999999996,0.845,4.94,3.94,1.8387096774193548,4.0,6.79,0.285,0.0
40,COPOC,APS,0.010000000000000009,0.98,7.35,6.35,1.5,2.0,12.349999999999996,0.03,0.0
40,COPOC,APS,0.020000000000000018,0.97,7.035,6.035,1.5,2.0,10.534999999999995,0.045,0.0
40,COPOC,APS,0.030000000000000027,0.95,6.56,5.56,1.5,3.0,10.559999999999995,0.075,0.0
40,COPOC,APS,0.050000000000000044,0.93,6.315,5.315,1.5,3.0,9.514999999999997,0.105,0.0
40,COPOC,APS,0.07999999999999996,0.92,6.01,5.01,1.625,3.0,8.260000000000002,0.13,0.0
40,COPOC,APS,0.09999999999999998,0.89,5.635,4.635,1.5454545454545454,3.0,8.035,0.17,0.0
40,COPOC,APS,0.13,0.855,5.025,4.025,1.7241379310344827,4.0,7.871153846153846,0.25,0.0
40,COPOC,APS,0.15000000000000002,0.845,4.89,3.89,1.8064516129032258,4.0,7.623333333333332,0.28,0.0
40,COPOC,APS,0.18000000000000005,0.83,4.625,3.625,1.8235294117647058,4.0,7.069444444444444,0.31,0.0
40,COPOC,APS,0.19999999999999996,0.82,4.51,3.51,1.8888888888888888,4.0,6.91,0.34,0.0
40,COPOC,LAC,0.010000000000000009,0.98,7.48,6.48,1.25,2.0,11.479999999999995,0.025,0.0
40,COPOC,LAC,0.020000000000000018,0.97,7.16,6.16,1.1666666666666667,2.0,9.659999999999997,0.035,0.0
40,COPOC,LAC,0.030000000000000027,0.96,6.855,5.855,1.375,3.0,9.521666666666665,0.055,0.0
40,COPOC,LAC,0.050000000000000044,0.945,6.7,5.7,1.3636363636363635,3.0,8.699999999999998,0.075,0.0
40,COPOC,LAC,0.07999999999999996,0.9,5.7,4.7,1.6,3.0,8.700000000000003,0.16,0.0
40,COPOC,LAC,0.09999999999999998,0.885,5.54,4.54,1.5217391304347827,3.0,8.04,0.175,0.0
40,COPOC,LAC,0.13,0.835,4.725,3.725,1.5757575757575757,3.0,7.725,0.26,0.0
40,COPOC,LAC,0.15000000000000002,0.82,4.57,3.57,1.5277777777777777,3.0,7.236666666666666,0.275,0.0
40,COPOC,LAC,0.18000000000000005,0.81,4.29,3.29,1.6842105263157894,3.0,6.8455555555555545,0.32,0.0
40,COPOC,LAC,0.19999999999999996,0.8,4.25,3.25,1.65,3.0,6.55,0.33,0.0
41,COPOC,min-CPS,0.010000000000000009,0.99,7.65,6.65,1.5,2.0,9.649999999999999,0.015,0.0
41,COPOC,min-CPS,0.020000000000000018,0.98,7.18,6.18,1.25,2.0,8.679999999999998,0.025,0.0
41,COPOC,min-CPS,0.030000000000000027,0.98,6.905,5.905,1.5,3.0,7.9049999999999985,0.03,0.0
41,COPOC,min-CPS,0.050000000000000044,0.96,6.535,5.535,1.5,3.0,7.934999999999998,0.06,0.0
41,COPOC,min-CPS,0.07999999999999996,0.935,6.235,5.235,1.3846153846153846,3.0,7.485000000000002,0.09,0.0
41,COPOC,min-CPS,0.09999999999999998,0.89,5.585,4.585,1.4545454545454546,3.0,7.785,0.16,0.0
41,COPOC,min-CPS,0.13,0.87,5.35,4.35,1.5,4.0,7.35,0.195,0.0
41,COPOC,min-CPS,0.15000000000000002,0.845,4.91,3.91,1.6129032258064515,4.0,7.243333333333332,0.25,0.0
41,COPOC,min-CPS,0.18000000000000005,0.83,4.69,3.69,1.7352941176470589,4.0,6.967777777777777,0.295,0.0
41,COPOC,min-CPS,0.19999999999999996,0.79,4.57,3.57,1.6666666666666667,4.0,7.07,0.35,0.0
41,COPOC,RPS,0.010000000000000009,0.995,7.555,6.555,2.0,2.0,8.554999999999998,0.01,0.0
41,COPOC,RPS,0.020000000000000018,0.99,7.325,6.325,1.5,2.0,7.824999999999999,0.015,0.0
41,COPOC,RPS,0.030000000000000027,0.975,6.66,5.66,1.2,2.0,7.659999999999999,0.03,0.0
41,COPOC,RPS,0.050000000000000044,0.965,6.43,5.43,1.1428571428571428,2.0,7.0299999999999985,0.04,0.0
41,COPOC,RPS,0.07999999999999996,0.94,5.715,4.715,1.25,3.0,6.5900000000000025,0.075,0.0
41,COPOC,RPS,0.09999999999999998,0.905,5.14,4.14,1.3157894736842106,3.0,6.64,0.125,0.0
41,COPOC,RPS,0.13,0.865,4.725,3.725,1.2962962962962963,3.0,6.417307692307693,0.175,0.0
41,COPOC,RPS,0.15000000000000002,0.855,4.58,3.58,1.3448275862068966,4.0,6.18,0.195,0.0
41,COPOC,RPS,0.18000000000000005,0.83,4.335,3.335,1.4411764705882353,4.0,6.057222222222221,0.245,0.0
41,COPOC,RPS,0.19999999999999996,0.82,4.29,3.29,1.4166666666666667,4.0,5.84,0.255,0.0
41,COPOC,OCDF,0.010000000000000009,1.0,8.68,7.68,,0.0,7.68,0.0,0.0
41,COPOC,OCDF,0.020000000000000018,1.0,8.495,7.495,,0.0,7.495,0.0,0.0
41,COPOC,OCDF,0.030000000000000027,1.0,8.45,7.45,,0.0,7.45,0.0,0.0
41,COPOC,OCDF,0.050000000000000044,0.98,7.9,6.9,1.0,1.0,7.7,0.02,0.0
41,COPOC,OCDF,0.07999999999999996,0.955,7.215,6.215,1.0,1.0,7.34,0.045,0.0
41,COPOC,OCDF,0.09999999999999998,0.935,7.055,6.055,1.0769230769230769,2.0,7.455,0.07,0.0
41,COPOC,OCDF,0.13,0.9,5.975,4.975,1.4,3.0,7.128846153846154,0.14,0.0
41,COPOC,OCDF,0.15000000000000002,0.88,5.62,4.62,1.5833333333333333,3.0,7.153333333333332,0.19,0.0
41,COPOC,OCDF,0.18000000000000005,0.825,5.04,4.04,1.5142857142857142,4.0,6.984444444444444,0.265,0.0
41,COPOC,OCDF,0.19999999999999996,0.8,4.865,3.865,1.475,4.0,6.815,0.295,0.0
41,COPOC,APS,0.010000000000000009,0.99,7.525,6.525,1.5,2.0,9.524999999999999,0.015,0.0
41,COPOC,APS,0.020000000000000018,0.99,7.4,6.4,1.5,2.0,7.899999999999999,0.015,0.0
41,COPOC,APS,0.030000000000000027,0.97,6.82,5.82,1.3333333333333333,2.0,8.486666666666665,0.04,0.0
41,COPOC,APS,0.050000000000000044,0.965,6.515,5.515,1.2857142857142858,2.0,7.314999999999999,0.045,0.0
41,COPOC,APS,0.07999999999999996,0.935,6.085,5.085,1.4615384615384615,3.0,7.460000000000001,0.095,0.0
41,COPOC,APS,0.09999999999999998,0.915,5.675,4.675,1.411764705882353,3.0,7.075,0.12,0.0
41,COPOC,APS,0.13,0.89,5.205,4.205,1.5454545454545454,3.0,6.820384615384617,0.17,0.0
41,COPOC,APS,0.15000000000000002,0.875,5.01,4.01,1.56,3.0,6.61,0.195,0.0
41,COPOC,APS,0.18000000000000005,0.845,4.71,3.71,1.5806451612903225,4.0,6.432222222222221,0.245,0.0
41,COPOC,APS,0.19999999999999996,0.83,4.605,3.605,1.5294117647058822,4.0,6.205,0.26,0.0
41,COPOC,LAC,0.010000000000000009,0.99,7.71,6.71,1.5,2.0,9.709999999999997,0.015,0.0
41,COPOC,LAC,0.020000000000000018,0.975,7.135,6.135,1.2,2.0,9.134999999999998,0.03,0.0
41,COPOC,LAC,0.030000000000000027,0.975,7.06,6.06,1.2,2.0,8.059999999999999,0.03,0.0
41,COPOC,LAC,0.050000000000000044,0.965,6.725,5.725,1.4285714285714286,3.0,7.724999999999999,0.05,0.0
41,COPOC,LAC,0.07999999999999996,0.92,6.01,5.01,1.4375,3.0,7.8850000000000025,0.115,0.0
41,COPOC,LAC,0.09999999999999998,0.91,5.68,4.68,1.5555555555555556,3.0,7.48,0.14,0.0
41,COPOC,LAC,0.13,0.87,5.06,4.06,1.4615384615384615,3.0,6.983076923076924,0.19,0.0
41,COPOC,LAC,0.15000000000000002,0.845,4.74,3.74,1.4193548387096775,3.0,6.673333333333333,0.22,0.0
41,COPOC,LAC,0.18000000000000005,0.825,4.515,3.515,1.4285714285714286,3.0,6.292777777777778,0.25,0.0
41,COPOC,LAC,0.19999999999999996,0.825,4.315,3.315,1.4857142857142858,3.0,5.915,0.26,0.0
42,COPOC,min-CPS,0.010000000000000009,0.99,7.615,6.615,1.0,1.0,8.614999999999998,0.01,0.0
42,COPOC,min-CPS,0.020000000000000018,0.985,7.145,6.145,1.0,1.0,7.644999999999998,0.015,0.0
42,COPOC,min-CPS,0.030000000000000027,0.985,6.895,5.895,1.3333333333333333,2.0,7.228333333333333,0.02,0.0
42,COPOC,min-CPS,0.050000000000000044,0.945,6.375,5.375,1.2727272727272727,2.0,8.174999999999997,0.07,0.0
42,COPOC,min-CPS,0.07999999999999996,0.935,6.2,5.2,1.3076923076923077,2.0,7.325,0.085,0.0
42,COPOC,min-CPS,0.09999999999999998,0.915,5.7,4.7,1.411764705882353,2.0,7.1,0.12,0.0
42,COPOC,min-CPS,0.13,0.895,5.41,4.41,1.4761904761904763,3.0,6.794615384615386,0.155,0.0
42,COPOC,min-CPS,0.15000000000000002,0.87,5.135,4.135,1.5,3.0,6.735,0.195,0.0
42,COPOC,min-CPS,0.18000000000000005,0.86,4.72,3.72,1.6428571428571428,3.0,6.275555555555555,0.23,0.0
42,COPOC,min-CPS,0.19999999999999996,0.835,4.63,3.63,1.6666666666666667,3.0,6.38,0.275,0.0
42,COPOC,RPS,0.010000000000000009,0.995,7.55,6.55,1.0,1.0,7.549999999999999,0.005,0.0
42,COPOC,RPS,0.020000000000000018,0.99,7.27,6.27,1.0,1.0,7.269999999999999,0.01,0.0
42,COPOC,RPS,0.030000000000000027,0.98,6.805,5.805,1.0,1.0,7.138333333333333,0.02,0.0
42,COPOC,RPS,0.050000000000000044,0.95,6.305,5.305,1.2,2.0,7.704999999999997,0.06,0.0
42,COPOC,RPS,0.07999999999999996,0.94,5.68,4.68,1.1666666666666667,2.0,6.43,0.07,0.0
42,COPOC,RPS,0.09999999999999998,0.925,5.275,4.275,1.3333333333333333,2.0,6.275,0.1,0.0
42,COPOC,RPS,0.13,0.89,4.98,3.98,1.2727272727272727,2.0,6.133846153846155,0.14,0.0
42,COPOC,RPS,0.15000000000000002,0.88,4.67,3.67,1.4166666666666667,2.0,5.9366666666666665,0.17,0.0
42,COPOC,RPS,0.18000000000000005,0.87,4.565,3.565,1.4615384615384615,3.0,5.676111111111111,0.19,0.0
42,COPOC,RPS,0.19999999999999996,0.845,4.34,3.34,1.4516129032258065,3.0,5.59,0.225,0.0
42,COPOC,OCDF,0.010000000000000009,0.985,8.415,7.415,1.0,1.0,10.414999999999996,0.015,0.0
42,COPOC,OCDF,0.020000000000000018,0.96,7.91,6.91,1.5,3.0,12.909999999999995,0.06,0.0
42,COPOC,OCDF,0.030000000000000027,0.95,7.76,6.76,1.5,3.0,11.759999999999996,0.075,0.0
42,COPOC,OCDF,0.050000000000000044,0.93,7.19,6.19,1.3571428571428572,3.0,9.989999999999997,0.095,0.0
42,COPOC,OCDF,0.07999999999999996,0.9,6.84,5.84,1.45,4.0,9.465000000000002,0.145,0.0
42,COPOC,OCDF,0.09999999999999998,0.89,6.435,5.435,1.6818181818181819,4.0,9.135,0.185,0.0
42,COPOC,OCDF,0.13,0.86,5.585,4.585,1.7857142857142858,4.0,8.431153846153846,0.25,0.0
42,COPOC,OCDF,0.15000000000000002,0.86,5.585,4.585,1.7857142857142858,4.0,7.918333333333333,0.25,0.0
42,COPOC,OCDF,0.18000000000000005,0.84,5.15,4.15,1.75,4.0,7.261111111111111,0.28,0.0
42,COPOC,OCDF,0.19999999999999996,0.795,4.835,3.835,1.6341463414634145,4.0,7.185,0.335,0.0
42,COPOC,APS,0.010000000000000009,0.995,7.885,6.885,1.0,1.0,7.884999999999999,0.005,0.0
42,COPOC,APS,0.020000000000000018,0.99,7.14,6.14,1.0,1.0,7.139999999999999,0.01,0.0
42,COPOC,APS,0.030000000000000027,0.98,7.04,6.04,1.25,2.0,7.706666666666665,0.025,0.0
42,COPOC,APS,0.050000000000000044,0.955,6.49,5.49,1.2222222222222223,2.0,7.689999999999998,0.055,0.0
42,COPOC,APS,0.07999999999999996,0.935,6.01,5.01,1.3846153846153846,2.0,7.26,0.09,0.0
42,COPOC,APS,0.09999999999999998,0.925,5.66,4.66,1.6666666666666667,3.0,7.16,0.125,0.0
42,COPOC,APS,0.13,0.905,5.16,4.16,1.631578947368421,3.0,6.544615384615384,0.155,0.0
42,COPOC,APS,0.15000000000000002,0.885,5.03,4.03,1.6956521739130435,3.0,6.63,0.195,0.0
42,COPOC,APS,0.18000000000000005,0.84,4.63,3.63,1.6875,4.0,6.63,0.27,0.0
42,COPOC,APS,0.19999999999999996,0.825,4.435,3.435,1.6571428571428573,4.0,6.335,0.29,0.0
42,COPOC,LAC,0.010000000000000009,0.99,7.655,6.655,1.0,1.0,8.654999999999998,0.01,0.0
42,COPOC,LAC,0.020000000000000018,0.98,7.19,6.19,1.0,1.0,8.189999999999998,0.02,0.0
42,COPOC,LAC,0.030000000000000027,0.96,6.74,5.74,1.375,2.0,9.406666666666665,0.055,0.0
42,COPOC,LAC,0.050000000000000044,0.955,6.665,5.665,1.3333333333333333,2.0,8.064999999999998,0.06,0.0
42,COPOC,LAC,0.07999999999999996,0.935,6.125,5.125,1.3846153846153846,2.0,7.375000000000001,0.09,0.0
42,COPOC,LAC,0.09999999999999998,0.925,5.795,4.795,1.3333333333333333,2.0,6.795,0.1,0.0
42,COPOC,LAC,0.13,0.9,5.33,4.33,1.35,2.0,6.406923076923076,0.135,0.0
42,COPOC,LAC,0.15000000000000002,0.865,4.74,3.74,1.4814814814814814,2.0,6.406666666666666,0.2,0.0
42,COPOC,LAC,0.18000000000000005,0.86,4.63,3.63,1.5,3.0,5.963333333333333,0.21,0.0
42,COPOC,LAC,0.19999999999999996,0.84,4.365,3.365,1.5625,3.0,5.865,0.25,0.0
43,COPOC,min-CPS,0.010000000000000009,0.99,7.585,6.585,1.5,2.0,9.584999999999997,0.015,0.0
43,COPOC,min-CPS,0.020000000000000018,0.985,7.14,6.14,1.3333333333333333,2.0,8.139999999999997,0.02,0.0
43,COPOC,min-CPS,0.030000000000000027,0.965,6.69,5.69,1.4285714285714286,3.0,9.023333333333332,0.05,0.0
43,COPOC,min-CPS,0.050000000000000044,0.91,6.11,5.11,1.3333333333333333,3.0,9.909999999999997,0.12,0.0
43,COPOC,min-CPS,0.07999999999999996,0.875,5.495,4.495,1.52,3.0,9.245000000000003,0.19,0.0
43,COPOC,min-CPS,0.09999999999999998,0.87,5.375,4.375,1.6153846153846154,3.0,8.575,0.21,0.0
43,COPOC,min-CPS,0.13,0.855,5.125,4.125,1.6206896551724137,4.0,7.740384615384616,0.235,0.0
43,COPOC,min-CPS,0.15000000000000002,0.845,4.845,3.845,1.8709677419354838,4.0,7.711666666666665,0.29,0.0
43,COPOC,min-CPS,0.18000000000000005,0.785,4.565,3.565,1.7674418604651163,4.0,7.787222222222222,0.38,0.0
43,COPOC,min-CPS,0.19999999999999996,0.75,4.415,3.415,1.72,4.0,7.715,0.43,0.0
43,COPOC,RPS,0.010000000000000009,0.99,7.445,6.445,1.5,2.0,9.444999999999997,0.015,0.0
43,COPOC,RPS,0.020000000000000018,0.965,6.63,5.63,1.1428571428571428,2.0,9.629999999999995,0.04,0.0
43,COPOC,RPS,0.030000000000000027,0.96,6.555,5.555,1.125,2.0,8.555,0.045,0.0
43,COPOC,RPS,0.050000000000000044,0.925,5.975,4.975,1.3333333333333333,3.0,8.974999999999996,0.1,0.0
43,COPOC,RPS,0.07999999999999996,0.895,5.265,4.265,1.380952380952381,3.0,7.890000000000002,0.145,0.0
43,COPOC,RPS,0.09999999999999998,0.885,5.11,4.11,1.3478260869565217,3.0,7.21,0.155,0.0
43,COPOC,RPS,0.13,0.865,4.715,3.715,1.5555555555555556,3.0,6.945769230769231,0.21,0.0
43,COPOC,RPS,0.15000000000000002,0.85,4.54,3.54,1.5666666666666667,4.0,6.673333333333333,0.235,0.0
43,COPOC,RPS,0.18000000000000005,0.83,4.285,3.285,1.6176470588235294,4.0,6.340555555555555,0.275,0.0
43,COPOC,RPS,0.19999999999999996,0.82,4.24,3.24,1.5833333333333333,4.0,6.09,0.285,0.0
43,COPOC,OCDF,0.010000000000000009,0.99,8.52,7.52,1.0,1.0,9.519999999999998,0.01,0.0
43,COPOC,OCDF,0.020000000000000018,0.985,8.43,7.43,1.3333333333333333,2.0,9.429999999999998,0.02,0.0
43,COPOC,OCDF,0.030000000000000027,0.975,7.98,6.98,1.8,3.0,9.979999999999997,0.045,0.0
43,COPOC,OCDF,0.050000000000000044,0.965,7.815,6.815,1.5714285714285714,3.0,9.014999999999999,0.055,0.0
43,COPOC,OCDF,0.07999999999999996,0.915,6.965,5.965,1.2941176470588236,3.0,8.715000000000002,0.11,0.0
43,COPOC,OCDF,0.09999999999999998,0.895,6.52,5.52,1.4761904761904763,4.0,8.62,0.155,0.0
43,COPOC,OCDF,0.13,0.855,5.625,4.625,1.6896551724137931,4.0,8.394230769230768,0.245,0.0
43,COPOC,OCDF,0.15000000000000002,0.85,5.51,4.51,1.6666666666666667,4.0,7.843333333333333,0.25,0.0
43,COPOC,OCDF,0.18000000000000005,0.82,5.05,4.05,1.6666666666666667,4.0,7.383333333333333,0.3,0.0
43,COPOC,OCDF,0.19999999999999996,0.815,4.925,3.925,1.6756756756756757,4.0,7.025,0.31,0.0
43,COPOC,APS,0.010000000000000009,0.995,7.665,6.665,2.0,2.0,8.664999999999997,0.01,0.0
43,COPOC,APS,0.020000000000000018,0.985,7.11,6.11,1.3333333333333333,2.0,8.109999999999998,0.02,0.0
43,COPOC,APS,0.030000000000000027,0.955,6.76,5.76,1.2222222222222223,3.0,9.426666666666666,0.055,0.0
43,COPOC,APS,0.050000000000000044,0.92,6.225,5.225,1.3125,3.0,9.424999999999997,0.105,0.0
43,COPOC,APS,0.07999999999999996,0.9,5.785,4.785,1.55,4.0,8.660000000000002,0.155,0.0
43,COPOC,APS,0.09999999999999998,0.89,5.44,4.44,1.6818181818181819,4.0,8.14,0.185,0.0
43,COPOC,APS,0.13,0.865,4.94,3.94,1.9259259259259258,4.0,7.94,0.26,0.0
43,COPOC,APS,0.15000000000000002,0.86,4.82,3.82,1.9642857142857142,4.0,7.486666666666666,0.275,0.0
43,COPOC,APS,0.18000000000000005,0.84,4.665,3.665,1.90625,4.0,7.053888888888888,0.305,0.0
43,COPOC,APS,0.19999999999999996,0.815,4.465,3.465,1.8918918918918919,5.0,6.965,0.35,0.0
43,COPOC,LAC,0.010000000000000009,0.99,7.59,6.59,1.5,2.0,9.589999999999996,0.015,0.0
43,COPOC,LAC,0.020000000000000018,0.975,7.08,6.08,1.2,2.0,9.079999999999997,0.03,0.0
43,COPOC,LAC,0.030000000000000027,0.96,6.705,5.705,1.5,3.0,9.704999999999998,0.06,0.0
43,COPOC,LAC,0.050000000000000044,0.905,6.035,5.035,1.5263157894736843,3.0,10.834999999999996,0.145,0.0
43,COPOC,LAC,0.07999999999999996,0.885,5.515,4.515,1.6956521739130435,3.0,9.390000000000004,0.195,0.0
43,COPOC,LAC,0.09999999999999998,0.885,5.405,4.405,1.6956521739130435,3.0,8.305,0.195,0.0
43,COPOC,LAC,0.13,0.855,4.955,3.955,1.6896551724137931,4.0,7.724230769230769,0.245,0.0
43,COPOC,LAC,0.15000000000000002,0.845,4.72,3.72,1.6451612903225807,4.0,7.119999999999999,0.255,0.0
43,COPOC,LAC,0.18000000000000005,0.825,4.515,3.515,1.5714285714285714,4.0,6.570555555555555,0.275,0.0
43,COPOC,LAC,0.19999999999999996,0.82,4.335,3.335,1.6388888888888888,4.0,6.285,0.295,0.0
44,COPOC,min-CPS,0.010000000000000009,0.99,7.625,6.625,1.5,2.0,9.624999999999998,0.015,0.0
44,COPOC,min-CPS,0.020000000000000018,0.955,6.745,5.745,1.3333333333333333,3.0,11.744999999999996,0.06,0.0
44,COPOC,min-CPS,0.030000000000000027,0.95,6.545,5.545,1.3,3.0,9.87833333333333,0.065,0.0
44,COPOC,min-CPS,0.050000000000000044,0.925,6.26,5.26,1.4,3.0,9.459999999999997,0.105,0.0
44,COPOC,min-CPS,0.07999999999999996,0.915,5.94,4.94,1.411764705882353,3.0,7.940000000000002,0.12,0.0
44,COPOC,min-CPS,0.09999999999999998,0.88,5.505,4.505,1.5833333333333333,3.0,8.305,0.19,0.0
44,COPOC,min-CPS,0.13,0.865,5.21,4.21,1.6666666666666667,4.0,7.671538461538462,0.225,0.0
44,COPOC,min-CPS,0.15000000000000002,0.845,4.925,3.925,1.8064516129032258,4.0,7.658333333333332,0.28,0.0
44,COPOC,min-CPS,0.18000000000000005,0.815,4.65,3.65,1.864864864864865,4.0,7.4833333333333325,0.345,0.0
44,COPOC,min-CPS,0.19999999999999996,0.805,4.595,3.595,1.8205128205128205,4.0,7.145,0.355,0.0
44,COPOC,RPS,0.010000000000000009,0.99,7.46,6.46,1.5,2.0,9.459999999999997,0.015,0.0
44,COPOC,RPS,0.020000000000000018,0.965,6.675,5.675,1.1428571428571428,2.0,9.674999999999997,0.04,0.0
44,COPOC,RPS,0.030000000000000027,0.945,6.445,5.445,1.0909090909090908,2.0,9.444999999999999,0.06,0.0
44,COPOC,RPS,0.050000000000000044,0.925,6.035,5.035,1.3333333333333333,3.0,9.034999999999998,0.1,0.0
44,COPOC,RPS,0.07999999999999996,0.885,5.18,4.18,1.3478260869565217,3.0,8.055000000000003,0.155,0.0
44,COPOC,RPS,0.09999999999999998,0.87,5.005,4.005,1.4230769230769231,3.0,7.705,0.185,0.0
44,COPOC,RPS,0.13,0.85,4.6,3.6,1.6,4.0,7.292307692307693,0.24,0.0
44,COPOC,RPS,0.15000000000000002,0.84,4.505,3.505,1.5625,4.0,6.838333333333333,0.25,0.0
44,COPOC,RPS,0.18000000000000005,0.825,4.33,3.33,1.6,4.0,6.441111111111111,0.28,0.0
44,COPOC,RPS,0.19999999999999996,0.795,4.19,3.19,1.5121951219512195,4.0,6.29,0.31,0.0
44,COPOC,OCDF,0.010000000000000009,0.995,8.545,7.545,1.0,1.0,8.544999999999998,0.005,0.0
44,COPOC,OCDF,0.020000000000000018,0.975,8.085,7.085,1.4,2.0,10.584999999999996,0.035,0.0
44,COPOC,OCDF,0.030000000000000027,0.955,7.895,6.895,1.2222222222222223,2.0,10.561666666666666,0.055,0.0
44,COPOC,OCDF,0.050000000000000044,0.945,7.62,6.62,1.3636363636363635,3.0,9.619999999999997,0.075,0.0
44,COPOC,OCDF,0.07999999999999996,0.92,7.23,6.23,1.25,3.0,8.730000000000002,0.1,0.0
44,COPOC,OCDF,0.09999999999999998,0.905,6.89,5.89,1.368421052631579,3.0,8.49,0.13,0.0
44,COPOC,OCDF,0.13,0.865,5.75,4.75,1.7407407407407407,4.0,8.365384615384615,0.235,0.0
44,COPOC,OCDF,0.15000000000000002,0.86,5.66,4.66,1.75,4.0,7.926666666666665,0.245,0.0
44,COPOC,OCDF,0.18000000000000005,0.825,5.07,4.07,1.7142857142857142,4.0,7.403333333333332,0.3,0.0
44,COPOC,OCDF,0.19999999999999996,0.81,4.96,3.96,1.6842105263157894,4.0,7.16,0.32,0.0
44,COPOC,APS,0.010000000000000009,0.98,7.275,6.275,1.25,2.0,11.274999999999995,0.025,0.0
44,COPOC,APS,0.020000000000000018,0.975,7.1,6.1,1.2,2.0,9.099999999999998,0.03,0.0
44,COPOC,APS,0.030000000000000027,0.95,6.795,5.795,1.2,2.0,9.794999999999998,0.06,0.0
44,COPOC,APS,0.050000000000000044,0.94,6.26,5.26,1.4166666666666667,3.0,8.659999999999997,0.085,0.0
44,COPOC,APS,0.07999999999999996,0.9,5.715,4.715,1.45,3.0,8.340000000000002,0.145,0.0
44,COPOC,APS,0.09999999999999998,0.87,5.24,4.24,1.5,3.0,8.14,0.195,0.0
44,COPOC,APS,0.13,0.835,4.965,3.965,1.6363636363636365,4.0,8.118846153846153,0.27,0.0
44,COPOC,APS,0.15000000000000002,0.825,4.87,3.87,1.6857142857142857,4.0,7.803333333333333,0.295,0.0
44,COPOC,APS,0.18000000000000005,0.78,4.4,3.4,1.6818181818181819,4.0,7.511111111111109,0.37,0.0
44,COPOC,APS,0.19999999999999996,0.78,4.36,3.36,1.6818181818181819,4.0,7.06,0.37,0.0
44,COPOC,LAC,0.010000000000000009,0.99,7.665,6.665,1.5,2.0,9.664999999999997,0.015,0.0
44,COPOC,LAC,0.020000000000000018,0.945,6.745,5.745,1.2727272727272727,3.0,12.744999999999994,0.07,0.0
44,COPOC,LAC,0.030000000000000027,0.94,6.72,5.72,1.25,3.0,10.719999999999995,0.075,0.0
44,COPOC,LAC,0.050000000000000044,0.93,6.355,5.355,1.3571428571428572,3.0,9.154999999999996,0.095,0.0
44,COPOC,LAC,0.07999999999999996,0.9,5.655,4.655,1.65,3.0,8.780000000000003,0.165,0.0
44,COPOC,LAC,0.09999999999999998,0.875,5.44,4.44,1.52,3.0,8.24,0.19,0.0
44,COPOC,LAC,0.13,0.845,4.8,3.8,1.7096774193548387,4.0,7.8769230769230765,0.265,0.0
44,COPOC,LAC,0.15000000000000002,0.845,4.765,3.765,1.7096774193548387,4.0,7.298333333333333,0.265,0.0
44,COPOC,LAC,0.18000000000000005,0.82,4.4,3.4,1.75,4.0,6.899999999999999,0.315,0.0
44,COPOC,LAC,0.19999999999999996,0.8,4.31,3.31,1.675,4.0,6.66,0.335,0.0
45,COPOC,min-CPS,0.010000000000000009,0.99,7.64,6.64,1.0,1.0,8.639999999999997,0.01,0.0
45,COPOC,min-CPS,0.020000000000000018,0.96,6.875,5.875,1.25,2.0,10.874999999999995,0.05,0.0
45,COPOC,min-CPS,0.030000000000000027,0.955,6.69,5.69,1.2222222222222223,2.0,9.356666666666666,0.055,0.0
45,COPOC,min-CPS,0.050000000000000044,0.935,6.37,5.37,1.3076923076923077,2.0,8.769999999999998,0.085,0.0
45,COPOC,min-CPS,0.07999999999999996,0.915,5.97,4.97,1.3529411764705883,2.0,7.845000000000002,0.115,0.0
45,COPOC,min-CPS,0.09999999999999998,0.91,5.695,4.695,1.5555555555555556,3.0,7.495,0.14,0.0
45,COPOC,min-CPS,0.13,0.89,5.425,4.425,1.6818181818181819,3.0,7.2711538461538465,0.185,0.0
45,COPOC,min-CPS,0.15000000000000002,0.89,5.36,4.36,1.6818181818181819,3.0,6.826666666666666,0.185,0.0
45,COPOC,min-CPS,0.18000000000000005,0.87,4.865,3.865,1.8846153846153846,3.0,6.587222222222222,0.245,0.0
45,COPOC,min-CPS,0.19999999999999996,0.84,4.705,3.705,1.84375,3.0,6.655,0.295,0.0
45,COPOC,RPS,0.010000000000000009,0.995,7.58,6.58,1.0,1.0,7.579999999999999,0.005,0.0
45,COPOC,RPS,0.020000000000000018,0.96,6.605,5.605,1.0,1.0,9.604999999999997,0.04,0.0
45,COPOC,RPS,0.030000000000000027,0.945,6.455,5.455,1.0,1.0,9.121666666666664,0.055,0.0
45,COPOC,RPS,0.050000000000000044,0.93,6.055,5.055,1.2857142857142858,2.0,8.654999999999998,0.09,0.0
45,COPOC,RPS,0.07999999999999996,0.91,5.475,4.475,1.3888888888888888,2.0,7.600000000000002,0.125,0.0
45,COPOC,RPS,0.09999999999999998,0.88,5.075,4.075,1.3333333333333333,2.0,7.275,0.16,0.0
45,COPOC,RPS,0.13,0.855,4.625,3.625,1.5172413793103448,3.0,7.009615384615383,0.22,0.0
45,COPOC,RPS,0.15000000000000002,0.84,4.54,3.54,1.5,3.0,6.74,0.24,0.0
45,COPOC,RPS,0.18000000000000005,0.84,4.395,3.395,1.5625,3.0,6.172777777777776,0.25,0.0
45,COPOC,RPS,0.19999999999999996,0.825,4.29,3.29,1.5714285714285714,3.0,6.04,0.275,0.0
45,COPOC,OCDF,0.010000000000000009,0.965,7.88,6.88,1.5714285714285714,3.0,17.879999999999992,0.055,0.0
45,COPOC,OCDF,0.020000000000000018,0.945,7.68,6.68,1.5454545454545454,3.0,15.179999999999993,0.085,0.0
45,COPOC,OCDF,0.030000000000000027,0.945,7.62,6.62,1.5454545454545454,3.0,12.286666666666664,0.085,0.0
45,COPOC,OCDF,0.050000000000000044,0.905,6.95,5.95,1.4210526315789473,3.0,11.349999999999996,0.135,0.0
45,COPOC,OCDF,0.07999999999999996,0.87,6.355,5.355,1.7307692307692308,4.0,10.980000000000004,0.225,0.0
45,COPOC,OCDF,0.09999999999999998,0.85,5.63,4.63,1.9,4.0,10.33,0.285,0.0
45,COPOC,OCDF,0.13,0.815,5.35,4.35,1.8108108108108107,4.0,9.503846153846153,0.335,0.0
45,COPOC,OCDF,0.15000000000000002,0.81,5.06,4.06,1.8421052631578947,4.0,8.726666666666667,0.35,0.0
45,COPOC,OCDF,0.18000000000000005,0.795,4.845,3.845,1.829268292682927,4.0,8.011666666666667,0.375,0.0
45,COPOC,OCDF,0.19999999999999996,0.765,4.73,3.73,1.7659574468085106,4.0,7.88,0.415,0.0
45,COPOC,APS,0.010000000000000009,0.985,7.26,6.26,1.0,1.0,9.259999999999996,0.015,0.0
45,COPOC,APS,0.020000000000000018,0.96,6.925,5.925,1.25,2.0,10.924999999999995,0.05,0.0
45,COPOC,APS,0.030000000000000027,0.95,6.58,5.58,1.3,2.0,9.913333333333332,0.065,0.0
45,COPOC,APS,0.050000000000000044,0.94,6.34,5.34,1.25,2.0,8.339999999999998,0.075,0.0
45,COPOC,APS,0.07999999999999996,0.91,5.905,4.905,1.4444444444444444,3.0,8.155000000000003,0.13,0.0
45,COPOC,APS,0.09999999999999998,0.91,5.655,4.655,1.6111111111111112,3.0,7.555,0.145,0.0
45,COPOC,APS,0.13,0.89,5.355,4.355,1.7272727272727273,3.0,7.278076923076924,0.19,0.0
45,COPOC,APS,0.15000000000000002,0.845,4.88,3.88,1.7096774193548387,3.0,7.413333333333332,0.265,0.0
45,COPOC,APS,0.18000000000000005,0.835,4.665,3.665,1.7878787878787878,4.0,6.942777777777777,0.295,0.0
45,COPOC,APS,0.19999999999999996,0.81,4.52,3.52,1.7894736842105263,4.0,6.92,0.34,0.0
45,COPOC,LAC,0.010000000000000009,0.99,7.69,6.69,1.0,1.0,8.689999999999998,0.01,0.0
45,COPOC,LAC,0.020000000000000018,0.975,7.135,6.135,1.0,1.0,8.634999999999998,0.025,0.0
45,COPOC,LAC,0.030000000000000027,0.955,6.825,5.825,1.3333333333333333,2.0,9.824999999999998,0.06,0.0
45,COPOC,LAC,0.050000000000000044,0.945,6.71,5.71,1.3636363636363635,2.0,8.709999999999997,0.075,0.0
45,COPOC,LAC,0.07999999999999996,0.915,6.03,5.03,1.4705882352941178,3.0,8.155000000000003,0.125,0.0
45,COPOC,LAC,0.09999999999999998,0.905,5.595,4.595,1.631578947368421,3.0,7.695,0.155,0.0
45,COPOC,LAC,0.13,0.86,4.96,3.96,1.6785714285714286,4.0,7.575384615384616,0.235,0.0
45,COPOC,LAC,0.15000000000000002,0.855,4.695,3.695,1.6896551724137931,4.0,6.961666666666665,0.245,0.0
45,COPOC,LAC,0.18000000000000005,0.84,4.565,3.565,1.65625,4.0,6.509444444444443,0.265,0.0
45,COPOC,LAC,0.19999999999999996,0.81,4.23,3.23,1.7894736842105263,4.0,6.63,0.34,0.0
46,COPOC,min-CPS,0.010000000000000009,0.995,7.745,6.745,2.0,2.0,8.744999999999997,0.01,0.0
46,COPOC,min-CPS,0.020000000000000018,0.985,7.215,6.215,1.3333333333333333,2.0,8.214999999999998,0.02,0.0
46,COPOC,min-CPS,0.030000000000000027,0.985,6.92,5.92,1.6666666666666667,3.0,7.586666666666665,0.025,0.0
46,COPOC,min-CPS,0.050000000000000044,0.97,6.595,5.595,1.3333333333333333,3.0,7.195,0.04,0.0
46,COPOC,min-CPS,0.07999999999999996,0.945,6.265,5.265,1.3636363636363635,3.0,7.14,0.075,0.0
46,COPOC,min-CPS,0.09999999999999998,0.91,5.705,4.705,1.4444444444444444,3.0,7.305,0.13,0.0
46,COPOC,min-CPS,0.13,0.895,5.44,4.44,1.5714285714285714,3.0,6.978461538461538,0.165,0.0
46,COPOC,min-CPS,0.15000000000000002,0.865,5.095,4.095,1.5185185185185186,4.0,6.828333333333332,0.205,0.0
46,COPOC,min-CPS,0.18000000000000005,0.845,4.745,3.745,1.7096774193548387,4.0,6.689444444444444,0.265,0.0
46,COPOC,min-CPS,0.19999999999999996,0.815,4.695,3.695,1.6486486486486487,4.0,6.745,0.305,0.0
46,COPOC,RPS,0.010000000000000009,0.99,7.515,6.515,1.5,2.0,9.514999999999997,0.015,0.0
46,COPOC,RPS,0.020000000000000018,0.99,7.28,6.28,1.5,2.0,7.7799999999999985,0.015,0.0
46,COPOC,RPS,0.030000000000000027,0.985,6.935,5.935,1.3333333333333333,2.0,7.268333333333333,0.02,0.0
46,COPOC,RPS,0.050000000000000044,0.975,6.535,5.535,1.2,2.0,6.735,0.03,0.0
46,COPOC,RPS,0.07999999999999996,0.94,5.705,4.705,1.25,3.0,6.580000000000001,0.075,0.0
46,COPOC,RPS,0.09999999999999998,0.93,5.535,4.535,1.2857142857142858,3.0,6.335,0.09,0.0
46,COPOC,RPS,0.13,0.89,5.01,4.01,1.2727272727272727,3.0,6.163846153846155,0.14,0.0
46,COPOC,RPS,0.15000000000000002,0.87,4.66,3.66,1.4230769230769231,4.0,6.126666666666666,0.185,0.0
46,COPOC,RPS,0.18000000000000005,0.845,4.44,3.44,1.3548387096774193,4.0,5.7733333333333325,0.21,0.0
46,COPOC,RPS,0.19999999999999996,0.84,4.305,3.305,1.4375,4.0,5.605,0.23,0.0
46,COPOC,OCDF,0.010000000000000009,1.0,8.71,7.71,,0.0,7.71,0.0,0.0
46,COPOC,OCDF,0.020000000000000018,0.995,8.535,7.535,1.0,1.0,8.035,0.005,0.0
46,COPOC,OCDF,0.030000000000000027,0.99,8.235,7.235,1.0,1.0,7.901666666666666,0.01,0.0
46,COPOC,OCDF,0.050000000000000044,0.965,7.935,6.935,1.1428571428571428,2.0,8.534999999999998,0.04,0.0
46,COPOC,OCDF,0.07999999999999996,0.95,7.32,6.32,1.1,2.0,7.695,0.055,0.0
46,COPOC,OCDF,0.09999999999999998,0.915,6.955,5.955,1.0588235294117647,2.0,7.755,0.09,0.0
46,COPOC,OCDF,0.13,0.875,5.865,4.865,1.32,3.0,7.4034615384615385,0.165,0.0
46,COPOC,OCDF,0.15000000000000002,0.865,5.72,4.72,1.4444444444444444,3.0,7.32,0.195,0.0
46,COPOC,OCDF,0.18000000000000005,0.85,5.34,4.34,1.4666666666666666,3.0,6.784444444444444,0.22,0.0
46,COPOC,OCDF,0.19999999999999996,0.815,4.995,3.995,1.4324324324324325,3.0,6.645,0.265,0.0
46,COPOC,APS,0.010000000000000009,0.995,7.725,6.725,2.0,2.0,8.724999999999998,0.01,0.0
46,COPOC,APS,0.020000000000000018,0.985,7.35,6.35,1.3333333333333333,2.0,8.349999999999998,0.02,0.0
46,COPOC,APS,0.030000000000000027,0.97,7.005,6.005,1.1666666666666667,2.0,8.338333333333333,0.035,0.0
46,COPOC,APS,0.050000000000000044,0.96,6.41,5.41,1.375,3.0,7.609999999999998,0.055,0.0
46,COPOC,APS,0.07999999999999996,0.935,6.145,5.145,1.3846153846153846,3.0,7.395000000000001,0.09,0.0
46,COPOC,APS,0.09999999999999998,0.935,6.02,5.02,1.3846153846153846,3.0,6.82,0.09,0.0
46,COPOC,APS,0.13,0.9,5.415,4.415,1.7,4.0,7.030384615384616,0.17,0.0
46,COPOC,APS,0.15000000000000002,0.855,4.96,3.96,1.6551724137931034,4.0,7.16,0.24,0.0
46,COPOC,APS,0.18000000000000005,0.815,4.59,3.59,1.6216216216216217,4.0,6.923333333333333,0.3,0.0
46,COPOC,APS,0.19999999999999996,0.8,4.46,3.46,1.625,4.0,6.71,0.325,0.0
46,COPOC,LAC,0.010000000000000009,0.995,7.715,6.715,2.0,2.0,8.714999999999998,0.01,0.0
46,COPOC,LAC,0.020000000000000018,0.985,7.405,6.405,1.3333333333333333,2.0,8.404999999999998,0.02,0.0
46,COPOC,LAC,0.030000000000000027,0.985,7.155,6.155,1.3333333333333333,2.0,7.488333333333332,0.02,0.0
46,COPOC,LAC,0.050000000000000044,0.98,6.805,5.805,1.5,3.0,7.005,0.03,0.0
46,COPOC,LAC,0.07999999999999996,0.95,6.325,5.325,1.4,3.0,7.075,0.07,0.0
46,COPOC,LAC,0.09999999999999998,0.925,5.805,4.805,1.5333333333333334,3.0,7.105,0.115,0.0
46,COPOC,LAC,0.13,0.885,5.27,4.27,1.5217391304347827,3.0,6.962307692307693,0.175,0.0
46,COPOC,LAC,0.15000000000000002,0.845,4.705,3.705,1.4838709677419355,3.0,6.7716666666666665,0.23,0.0
46,COPOC,LAC,0.18000000000000005,0.82,4.365,3.365,1.5,3.0,6.365,0.27,0.0
46,COPOC,LAC,0.19999999999999996,0.8,4.26,3.26,1.45,3.0,6.16,0.29,0.0
47,COPOC,min-CPS,0.010000000000000009,1.0,7.93,6.93,,0.0,6.93,0.0,0.0
47,COPOC,min-CPS,0.020000000000000018,1.0,7.67,6.67,,0.0,6.67,0.0,0.0
47,COPOC,min-CPS,0.030000000000000027,1.0,7.465,6.465,,0.0,6.465,0.0,0.0
47,COPOC,min-CPS,0.050000000000000044,0.985,6.805,5.805,1.0,1.0,6.405,0.015,0.0
47,COPOC,min-CPS,0.07999999999999996,0.93,6.155,5.155,1.0714285714285714,2.0,7.03,0.075,0.0
47,COPOC,min-CPS,0.09999999999999998,0.93,5.87,4.87,1.2142857142857142,2.0,6.57,0.085,0.0
47,COPOC,min-CPS,0.13,0.92,5.6,4.6,1.3125,2.0,6.2153846153846155,0.105,0.0
47,COPOC,min-CPS,0.15000000000000002,0.89,5.34,4.34,1.3636363636363635,2.0,6.34,0.15,0.0
47,COPOC,min-CPS,0.18000000000000005,0.85,4.77,3.77,1.6,3.0,6.436666666666665,0.24,0.0
47,COPOC,min-CPS,0.19999999999999996,0.85,4.72,3.72,1.6,3.0,6.12,0.24,0.0
47,COPOC,RPS,0.010000000000000009,1.0,7.57,6.57,,0.0,6.57,0.0,0.0
47,COPOC,RPS,0.020000000000000018,1.0,7.51,6.51,,0.0,6.51,0.0,0.0
47,COPOC,RPS,0.030000000000000027,1.0,7.32,6.32,,0.0,6.32,0.0,0.0
47,COPOC,RPS,0.050000000000000044,0.995,6.7,5.7,1.0,1.0,5.9,0.005,0.0
47,COPOC,RPS,0.07999999999999996,0.965,6.12,5.12,1.0,1.0,5.995,0.035,0.0
47,COPOC,RPS,0.09999999999999998,0.93,5.53,4.53,1.0714285714285714,2.0,6.03,0.075,0.0
47,COPOC,RPS,0.13,0.895,4.975,3.975,1.0952380952380953,2.0,5.744230769230769,0.115,0.0
47,COPOC,RPS,0.15000000000000002,0.89,4.795,3.795,1.1818181818181819,2.0,5.528333333333332,0.13,0.0
47,COPOC,RPS,0.18000000000000005,0.85,4.445,3.445,1.2333333333333334,2.0,5.500555555555554,0.185,0.0
47,COPOC,RPS,0.19999999999999996,0.845,4.33,3.33,1.3225806451612903,2.0,5.38,0.205,0.0
47,COPOC,OCDF,0.010000000000000009,0.995,8.485,7.485,1.0,1.0,8.485,0.005,0.0
47,COPOC,OCDF,0.020000000000000018,0.95,7.765,6.765,1.4,3.0,13.764999999999993,0.07,0.0
47,COPOC,OCDF,0.030000000000000027,0.935,7.405,6.405,1.3846153846153846,3.0,12.404999999999996,0.09,0.0
47,COPOC,OCDF,0.050000000000000044,0.925,7.11,6.11,1.3333333333333333,3.0,10.109999999999998,0.1,0.0
47,COPOC,OCDF,0.07999999999999996,0.91,6.975,5.975,1.2777777777777777,3.0,8.850000000000001,0.115,0.0
47,COPOC,OCDF,0.09999999999999998,0.895,6.41,5.41,1.619047619047619,4.0,8.81,0.17,0.0
47,COPOC,OCDF,0.13,0.885,5.72,4.72,1.7826086956521738,4.0,7.873846153846155,0.205,0.0
47,COPOC,OCDF,0.15000000000000002,0.84,5.405,4.405,1.65625,4.0,7.938333333333333,0.265,0.0
47,COPOC,OCDF,0.18000000000000005,0.825,5.015,4.015,1.6571428571428573,4.0,7.237222222222222,0.29,0.0
47,COPOC,OCDF,0.19999999999999996,0.805,4.9,3.9,1.5897435897435896,4.0,7.0,0.31,0.0
47,COPOC,APS,0.010000000000000009,1.0,7.7,6.7,,0.0,6.7,0.0,0.0
47,COPOC,APS,0.020000000000000018,1.0,7.425,6.425,,0.0,6.425,0.0,0.0
47,COPOC,APS,0.030000000000000027,0.995,7.355,6.355,1.0,1.0,6.688333333333333,0.005,0.0
47,COPOC,APS,0.050000000000000044,0.975,6.75,5.75,1.0,1.0,6.75,0.025,0.0
47,COPOC,APS,0.07999999999999996,0.935,6.04,5.04,1.0769230769230769,2.0,6.79,0.07,0.0
47,COPOC,APS,0.09999999999999998,0.92,5.805,4.805,1.1875,2.0,6.705,0.095,0.0
47,COPOC,APS,0.13,0.905,5.385,4.385,1.4736842105263157,3.0,6.538846153846154,0.14,0.0
47,COPOC,APS,0.15000000000000002,0.88,5.055,4.055,1.5,3.0,6.455,0.18,0.0
47,COPOC,APS,0.18000000000000005,0.86,4.75,3.75,1.6071428571428572,3.0,6.25,0.225,0.0
47,COPOC,APS,0.19999999999999996,0.84,4.555,3.555,1.625,3.0,6.155,0.26,0.0
47,COPOC,LAC,0.010000000000000009,1.0,8.045,7.045,,0.0,7.045,0.0,0.0
47,COPOC,LAC,0.020000000000000018,1.0,7.71,6.71,,0.0,6.71,0.0,0.0
47,COPOC,LAC,0.030000000000000027,1.0,7.465,6.465,,0.0,6.465,0.0,0.0
47,COPOC,LAC,0.050000000000000044,0.975,6.82,5.82,1.2,2.0,7.02,0.03,0.0
47,COPOC,LAC,0.07999999999999996,0.945,6.36,5.36,1.1818181818181819,2.0,6.985,0.065,0.0
47,COPOC,LAC,0.09999999999999998,0.93,5.91,4.91,1.2857142857142858,2.0,6.71,0.09,0.0
47,COPOC,LAC,0.13,0.915,5.465,4.465,1.2941176470588236,2.0,6.157307692307693,0.11,0.0
47,COPOC,LAC,0.15000000000000002,0.89,5.005,4.005,1.4090909090909092,2.0,6.071666666666665,0.155,0.0
47,COPOC,LAC,0.18000000000000005,0.87,4.635,3.635,1.4230769230769231,2.0,5.690555555555554,0.185,0.0
47,COPOC,LAC,0.19999999999999996,0.87,4.56,3.56,1.4230769230769231,2.0,5.41,0.185,0.0
48,COPOC,min-CPS,0.010000000000000009,0.975,7.205,6.205,1.2,2.0,12.204999999999995,0.03,0.0
48,COPOC,min-CPS,0.020000000000000018,0.96,6.81,5.81,1.5,3.0,11.809999999999995,0.06,0.0
48,COPOC,min-CPS,0.030000000000000027,0.96,6.745,5.745,1.5,3.0,9.744999999999997,0.06,0.0
48,COPOC,min-CPS,0.050000000000000044,0.95,6.38,5.38,1.6,3.0,8.579999999999998,0.08,0.0
48,COPOC,min-CPS,0.07999999999999996,0.93,6.09,5.09,1.5714285714285714,3.0,7.8400000000000025,0.11,0.0
48,COPOC,min-CPS,0.09999999999999998,0.925,5.755,4.755,1.5333333333333334,3.0,7.055,0.115,0.0
48,COPOC,min-CPS,0.13,0.87,5.29,4.29,1.6538461538461537,4.0,7.5976923076923075,0.215,0.0
48,COPOC,min-CPS,0.15000000000000002,0.855,4.93,3.93,1.7586206896551724,4.0,7.33,0.255,0.0
48,COPOC,min-CPS,0.18000000000000005,0.815,4.64,3.64,1.7297297297297298,4.0,7.195555555555554,0.32,0.0
48,COPOC,min-CPS,0.19999999999999996,0.81,4.64,3.64,1.7105263157894737,4.0,6.89,0.325,0.0
48,COPOC,RPS,0.010000000000000009,0.975,7.02,6.02,1.2,2.0,12.019999999999996,0.03,0.0
48,COPOC,RPS,0.020000000000000018,0.965,6.68,5.68,1.1428571428571428,2.0,9.679999999999996,0.04,0.0
48,COPOC,RPS,0.030000000000000027,0.96,6.59,5.59,1.125,2.0,8.589999999999998,0.045,0.0
48,COPOC,RPS,0.050000000000000044,0.96,6.38,5.38,1.375,3.0,7.579999999999997,0.055,0.0
48,COPOC,RPS,0.07999999999999996,0.935,5.73,4.73,1.4615384615384615,3.0,7.105000000000001,0.095,0.0
48,COPOC,RPS,0.09999999999999998,0.925,5.365,4.365,1.5333333333333334,3.0,6.665,0.115,0.0
48,COPOC,RPS,0.13,0.905,5.085,4.085,1.4210526315789473,3.0,6.161923076923077,0.135,0.0
48,COPOC,RPS,0.15000000000000002,0.895,4.885,3.885,1.4285714285714286,3.0,5.885,0.15,0.0
48,COPOC,RPS,0.18000000000000005,0.86,4.47,3.47,1.5357142857142858,4.0,5.858888888888888,0.215,0.0
48,COPOC,RPS,0.19999999999999996,0.855,4.315,3.315,1.6206896551724137,4.0,5.665,0.235,0.0
48,COPOC,OCDF,0.010000000000000009,0.995,8.565,7.565,1.0,1.0,8.565,0.005,0.0
48,COPOC,OCDF,0.020000000000000018,0.995,8.505,7.505,1.0,1.0,8.005,0.005,0.0
48,COPOC,OCDF,0.030000000000000027,0.985,8.16,7.16,1.6666666666666667,3.0,8.826666666666664,0.025,0.0
48,COPOC,OCDF,0.050000000000000044,0.98,7.97,6.97,1.5,3.0,8.17,0.03,0.0
48,COPOC,OCDF,0.07999999999999996,0.925,7.29,6.29,1.2,3.0,8.540000000000003,0.09,0.0
48,COPOC,OCDF,0.09999999999999998,0.925,7.26,6.26,1.2666666666666666,3.0,8.16,0.095,0.0
48,COPOC,OCDF,0.13,0.905,6.105,5.105,1.5789473684210527,4.0,7.412692307692307,0.15,0.0
48,COPOC,OCDF,0.15000000000000002,0.885,5.755,4.755,1.565217391304348,4.0,7.155,0.18,0.0
48,COPOC,OCDF,0.18000000000000005,0.85,5.245,4.245,1.4666666666666666,4.0,6.689444444444444,0.22,0.0
48,COPOC,OCDF,0.19999999999999996,0.84,5.055,4.055,1.5,4.0,6.455,0.24,0.0
48,COPOC,APS,0.010000000000000009,0.975,6.975,5.975,1.4,2.0,12.974999999999996,0.035,0.0
48,COPOC,APS,0.020000000000000018,0.975,6.82,5.82,1.4,2.0,9.319999999999999,0.035,0.0
48,COPOC,APS,0.030000000000000027,0.96,6.555,5.555,1.5,3.0,9.554999999999998,0.06,0.0
48,COPOC,APS,0.050000000000000044,0.955,6.47,5.47,1.6666666666666667,3.0,8.469999999999997,0.075,0.0
48,COPOC,APS,0.07999999999999996,0.925,5.855,4.855,1.6,3.0,7.855000000000002,0.12,0.0
48,COPOC,APS,0.09999999999999998,0.92,5.76,4.76,1.5625,3.0,7.26,0.125,0.0
48,COPOC,APS,0.13,0.905,5.385,4.385,1.631578947368421,3.0,6.769615384615383,0.155,0.0
48,COPOC,APS,0.15000000000000002,0.845,4.85,3.85,1.6129032258064515,4.0,7.183333333333333,0.25,0.0
48,COPOC,APS,0.18000000000000005,0.825,4.66,3.66,1.6285714285714286,4.0,6.826666666666666,0.285,0.0
48,COPOC,APS,0.19999999999999996,0.81,4.485,3.485,1.6578947368421053,4.0,6.635,0.315,0.0
48,COPOC,LAC,0.010000000000000009,0.975,7.38,6.38,1.2,2.0,12.379999999999995,0.03,0.0
48,COPOC,LAC,0.020000000000000018,0.965,7.03,6.03,1.1428571428571428,2.0,10.029999999999996,0.04,0.0
48,COPOC,LAC,0.030000000000000027,0.955,6.74,5.74,1.5555555555555556,3.0,10.406666666666663,0.07,0.0
48,COPOC,LAC,0.050000000000000044,0.95,6.625,5.625,1.6,3.0,8.824999999999998,0.08,0.0
48,COPOC,LAC,0.07999999999999996,0.935,6.075,5.075,1.6923076923076923,3.0,7.825000000000002,0.11,0.0
48,COPOC,LAC,0.09999999999999998,0.925,5.795,4.795,1.6666666666666667,3.0,7.295,0.125,0.0
48,COPOC,LAC,0.13,0.9,5.38,4.38,1.5,3.0,6.687692307692307,0.15,0.0
48,COPOC,LAC,0.15000000000000002,0.895,5.175,4.175,1.4761904761904763,3.0,6.241666666666666,0.155,0.0
48,COPOC,LAC,0.18000000000000005,0.865,4.715,3.715,1.5555555555555556,3.0,6.048333333333333,0.21,0.0
48,COPOC,LAC,0.19999999999999996,0.835,4.365,3.365,1.5757575757575757,3.0,5.965,0.26,0.0
49,COPOC,min-CPS,0.010000000000000009,0.995,7.75,6.75,1.0,1.0,7.749999999999999,0.005,0.0
49,COPOC,min-CPS,0.020000000000000018,0.99,7.46,6.46,1.0,1.0,7.459999999999999,0.01,0.0
49,COPOC,min-CPS,0.030000000000000027,0.99,7.2,6.2,1.0,1.0,6.866666666666666,0.01,0.0
49,COPOC,min-CPS,0.050000000000000044,0.965,6.6,5.6,1.1428571428571428,2.0,7.199999999999999,0.04,0.0
49,COPOC,min-CPS,0.07999999999999996,0.94,6.22,5.22,1.25,2.0,7.095,0.075,0.0
49,COPOC,min-CPS,0.09999999999999998,0.925,5.76,4.76,1.3333333333333333,2.0,6.76,0.1,0.0
49,COPOC,min-CPS,0.13,0.895,5.45,4.45,1.4761904761904763,2.0,6.834615384615383,0.155,0.0
49,COPOC,min-CPS,0.15000000000000002,0.835,4.795,3.795,1.5757575757575757,3.0,7.261666666666667,0.26,0.0
49,COPOC,min-CPS,0.18000000000000005,0.825,4.7,3.7,1.6285714285714286,3.0,6.866666666666666,0.285,0.0
49,COPOC,min-CPS,0.19999999999999996,0.81,4.67,3.67,1.6578947368421053,3.0,6.82,0.315,0.0
49,COPOC,RPS,0.010000000000000009,0.995,7.575,6.575,1.0,1.0,7.574999999999999,0.005,0.0
49,COPOC,RPS,0.020000000000000018,0.995,7.48,6.48,1.0,1.0,6.98,0.005,0.0
49,COPOC,RPS,0.030000000000000027,0.975,6.695,5.695,1.0,1.0,7.3616666666666655,0.025,0.0
49,COPOC,RPS,0.050000000000000044,0.96,6.445,5.445,1.125,2.0,7.244999999999999,0.045,0.0
49,COPOC,RPS,0.07999999999999996,0.93,5.68,4.68,1.1428571428571428,2.0,6.68,0.08,0.0
49,COPOC,RPS,0.09999999999999998,0.92,5.3,4.3,1.3125,2.0,6.4,0.105,0.0
49,COPOC,RPS,0.13,0.855,4.64,3.64,1.4137931034482758,3.0,6.793846153846154,0.205,0.0
49,COPOC,RPS,0.15000000000000002,0.845,4.57,3.57,1.3870967741935485,3.0,6.4366666666666665,0.215,0.0
49,COPOC,RPS,0.18000000000000005,0.825,4.32,3.32,1.4,3.0,6.042222222222222,0.245,0.0
49,COPOC,RPS,0.19999999999999996,0.775,4.12,3.12,1.3111111111111111,3.0,6.07,0.295,0.0
49,COPOC,OCDF,0.010000000000000009,0.94,7.775,6.775,1.4166666666666667,3.0,23.774999999999988,0.085,0.0
49,COPOC,OCDF,0.020000000000000018,0.925,7.39,6.39,1.4666666666666666,3.0,17.38999999999999,0.11,0.0
49,COPOC,OCDF,0.030000000000000027,0.92,7.19,6.19,1.4375,3.0,13.85666666666666,0.115,0.0
49,COPOC,OCDF,0.050000000000000044,0.905,7.05,6.05,1.368421052631579,3.0,11.249999999999995,0.13,0.0
49,COPOC,OCDF,0.07999999999999996,0.885,6.68,5.68,1.4782608695652173,4.0,9.930000000000001,0.17,0.0
49,COPOC,OCDF,0.09999999999999998,0.87,5.945,4.945,1.8076923076923077,4.0,9.645,0.235,0.0
49,COPOC,OCDF,0.13,0.815,5.39,4.39,1.7027027027027026,4.0,9.236153846153847,0.315,0.0
49,COPOC,OCDF,0.15000000000000002,0.81,5.13,4.13,1.736842105263158,4.0,8.53,0.33,0.0
49,COPOC,OCDF,0.18000000000000005,0.79,4.88,3.88,1.7142857142857142,4.0,7.879999999999999,0.36,0.0
49,COPOC,OCDF,0.19999999999999996,0.765,4.8,3.8,1.6595744680851063,4.0,7.7,0.39,0.0
49,COPOC,APS,0.010000000000000009,1.0,7.75,6.75,,0.0,6.75,0.0,0.0
49,COPOC,APS,0.020000000000000018,0.98,7.305,6.305,1.0,1.0,8.304999999999998,0.02,0.0
49,COPOC,APS,0.030000000000000027,0.97,6.985,5.985,1.0,1.0,7.9849999999999985,0.03,0.0
49,COPOC,APS,0.050000000000000044,0.965,6.52,5.52,1.2857142857142858,2.0,7.319999999999998,0.045,0.0
49,COPOC,APS,0.07999999999999996,0.94,6.16,5.16,1.5,2.0,7.410000000000001,0.09,0.0
49,COPOC,APS,0.09999999999999998,0.935,5.94,4.94,1.4615384615384615,2.0,6.84,0.095,0.0
49,COPOC,APS,0.13,0.875,5.175,4.175,1.64,3.0,7.328846153846155,0.205,0.0
49,COPOC,APS,0.15000000000000002,0.855,4.89,3.89,1.6551724137931034,3.0,7.09,0.24,0.0
49,COPOC,APS,0.18000000000000005,0.835,4.665,3.665,1.7272727272727273,3.0,6.831666666666665,0.285,0.0
49,COPOC,APS,0.19999999999999996,0.805,4.5,3.5,1.6666666666666667,3.0,6.75,0.325,0.0
49,COPOC,LAC,0.010000000000000009,0.995,7.725,6.725,1.0,1.0,7.724999999999999,0.005,0.0
49,COPOC,LAC,0.020000000000000018,0.99,7.455,6.455,1.0,1.0,7.454999999999999,0.01,0.0
49,COPOC,LAC,0.030000000000000027,0.985,7.17,6.17,1.0,1.0,7.17,0.015,0.0
49,COPOC,LAC,0.050000000000000044,0.96,6.77,5.77,1.25,2.0,7.769999999999999,0.05,0.0
49,COPOC,LAC,0.07999999999999996,0.935,6.165,5.165,1.4615384615384615,2.0,7.540000000000003,0.095,0.0
49,COPOC,LAC,0.09999999999999998,0.905,5.62,4.62,1.4736842105263157,3.0,7.42,0.14,0.0
49,COPOC,LAC,0.13,0.86,4.975,3.975,1.5714285714285714,4.0,7.359615384615386,0.22,0.0
49,COPOC,LAC,0.15000000000000002,0.84,4.655,3.655,1.53125,4.0,6.921666666666666,0.245,0.0
49,COPOC,LAC,0.18000000000000005,0.82,4.35,3.35,1.6944444444444444,4.0,6.738888888888888,0.305,0.0
49,COPOC,LAC,0.19999999999999996,0.8,4.265,3.265,1.625,4.0,6.515,0.325,0.0
0,CrossEntropyLoss,min-CPS,0.010000000000000009,1.0,8.565,7.565,,0.0,7.565,0.0,0.0
0,CrossEntropyLoss,min-CPS,0.020000000000000018,0.985,7.275,6.275,1.0,1.0,7.774999999999998,0.015,0.0
0,CrossEntropyLoss,min-CPS,0.030000000000000027,0.98,7.245,6.245,1.0,1.0,7.578333333333332,0.02,0.0
0,CrossEntropyLoss,min-CPS,0.050000000000000044,0.965,7.02,6.02,1.0,1.0,7.419999999999999,0.035,0.0
0,CrossEntropyLoss,min-CPS,0.07999999999999996,0.945,6.23,5.23,1.4545454545454546,2.0,7.230000000000002,0.08,0.0
0,CrossEntropyLoss,min-CPS,0.09999999999999998,0.95,6.095,5.095,1.5,2.0,6.595,0.075,0.0
0,CrossEntropyLoss,min-CPS,0.13,0.925,6.01,5.01,1.3333333333333333,2.0,6.548461538461538,0.1,0.0
0,CrossEntropyLoss,min-CPS,0.15000000000000002,0.915,5.68,4.68,1.411764705882353,2.0,6.28,0.12,0.0
0,CrossEntropyLoss,min-CPS,0.18000000000000005,0.895,5.385,4.385,1.380952380952381,3.0,5.9961111111111105,0.145,0.0
0,CrossEntropyLoss,min-CPS,0.19999999999999996,0.86,5.025,4.025,1.2857142857142858,3.0,5.825,0.18,0.0
0,CrossEntropyLoss,RPS,0.010000000000000009,0.995,7.585,6.585,1.0,1.0,7.584999999999999,0.005,0.0
0,CrossEntropyLoss,RPS,0.020000000000000018,0.995,7.475,6.475,1.0,1.0,6.975,0.005,0.0
0,CrossEntropyLoss,RPS,0.030000000000000027,0.995,7.475,6.475,1.0,1.0,6.808333333333333,0.005,0.0
0,CrossEntropyLoss,RPS,0.050000000000000044,0.965,6.755,5.755,1.0,1.0,7.1549999999999985,0.035,0.0
0,CrossEntropyLoss,RPS,0.07999999999999996,0.935,6.17,5.17,1.0,1.0,6.795,0.065,0.0
0,CrossEntropyLoss,RPS,0.09999999999999998,0.93,6.13,5.13,1.0,1.0,6.53,0.07,0.0
0,CrossEntropyLoss,RPS,0.13,0.89,5.445,4.445,1.1818181818181819,2.0,6.445,0.13,0.0
0,CrossEntropyLoss,RPS,0.15000000000000002,0.89,5.31,4.31,1.1818181818181819,2.0,6.043333333333333,0.13,0.0
0,CrossEntropyLoss,RPS,0.18000000000000005,0.88,5.0,4.0,1.2083333333333333,2.0,5.611111111111111,0.145,0.0
0,CrossEntropyLoss,RPS,0.19999999999999996,0.855,4.905,3.905,1.1724137931034482,2.0,5.605,0.17,0.0
0,CrossEntropyLoss,OCDF,0.010000000000000009,1.0,8.705,7.705,,0.0,7.705,0.0,0.0
0,CrossEntropyLoss,OCDF,0.020000000000000018,1.0,8.705,7.705,,0.0,7.705,0.0,0.0
0,CrossEntropyLoss,OCDF,0.030000000000000027,0.985,8.335,7.335,1.0,1.0,8.335,0.015,0.0
0,CrossEntropyLoss,OCDF,0.050000000000000044,0.97,7.75,6.75,1.1666666666666667,2.0,8.149999999999999,0.035,0.0
0,CrossEntropyLoss,OCDF,0.07999999999999996,0.95,6.68,5.68,1.6,3.0,7.6800000000000015,0.08,0.0
0,CrossEntropyLoss,OCDF,0.09999999999999998,0.91,6.18,5.18,1.3333333333333333,3.0,7.58,0.12,0.0
0,CrossEntropyLoss,OCDF,0.13,0.88,5.84,4.84,1.3333333333333333,3.0,7.3015384615384615,0.16,0.0
0,CrossEntropyLoss,OCDF,0.15000000000000002,0.88,5.77,4.77,1.375,3.0,6.97,0.165,0.0
0,CrossEntropyLoss,OCDF,0.18000000000000005,0.84,5.35,4.35,1.3125,3.0,6.683333333333334,0.21,0.0
0,CrossEntropyLoss,OCDF,0.19999999999999996,0.83,5.225,4.225,1.2941176470588236,3.0,6.425,0.22,0.0
0,CrossEntropyLoss,APS,0.010000000000000009,0.985,8.215,7.705,1.0,1.0,8.704999999999998,0.015,0.49
0,CrossEntropyLoss,APS,0.020000000000000018,0.985,7.985,7.535,1.0,1.0,8.035,0.015,0.5449999999999999
0,CrossEntropyLoss,APS,0.030000000000000027,0.98,7.74,7.235,1.0,1.0,7.901666666666666,0.02,0.475
0,CrossEntropyLoss,APS,0.050000000000000044,0.96,6.325,5.66,1.125,2.0,7.059999999999999,0.045,0.29000000000000004
0,CrossEntropyLoss,APS,0.07999999999999996,0.955,6.16,5.5,1.1111111111111112,2.0,6.5,0.05,0.28500000000000003
0,CrossEntropyLoss,APS,0.09999999999999998,0.955,5.965,5.275,1.1111111111111112,2.0,6.075,0.05,0.26
0,CrossEntropyLoss,APS,0.13,0.92,5.68,4.915,1.0625,2.0,5.991923076923078,0.085,0.20999999999999996
0,CrossEntropyLoss,APS,0.15000000000000002,0.915,5.44,4.615,1.2352941176470589,3.0,5.815,0.105,0.16000000000000003
0,CrossEntropyLoss,APS,0.18000000000000005,0.895,5.235,4.31,1.2857142857142858,3.0,5.643333333333333,0.135,0.07499999999999996
0,CrossEntropyLoss,APS,0.19999999999999996,0.88,5.105,4.175,1.2916666666666667,3.0,5.525,0.155,0.06999999999999995
0,CrossEntropyLoss,LAC,0.010000000000000009,0.98,8.6,7.81,1.0,1.0,8.809999999999999,0.02,0.17500000000000004
0,CrossEntropyLoss,LAC,0.020000000000000018,0.97,7.835,7.025,1.0,1.0,8.524999999999999,0.03,0.18999999999999995
0,CrossEntropyLoss,LAC,0.030000000000000027,0.97,7.55,6.775,1.0,1.0,7.775,0.03,0.22499999999999998
0,CrossEntropyLoss,LAC,0.050000000000000044,0.965,6.835,6.09,1.0,1.0,6.89,0.035,0.21499999999999997
0,CrossEntropyLoss,LAC,0.07999999999999996,0.94,6.595,5.83,1.0833333333333333,2.0,7.08,0.065,0.20499999999999996
0,CrossEntropyLoss,LAC,0.09999999999999998,0.94,6.33,5.535,1.0833333333333333,2.0,6.535,0.065,0.20499999999999996
0,CrossEntropyLoss,LAC,0.13,0.935,5.815,4.945,1.0769230769230769,2.0,5.868076923076924,0.07,0.13
0,CrossEntropyLoss,LAC,0.15000000000000002,0.925,5.665,4.73,1.1333333333333333,2.0,5.73,0.085,0.06499999999999995
0,CrossEntropyLoss,LAC,0.18000000000000005,0.9,5.245,4.295,1.3,2.0,5.739444444444445,0.13,0.050000000000000044
0,CrossEntropyLoss,LAC,0.19999999999999996,0.89,4.98,3.98,1.3636363636363635,2.0,5.48,0.15,0.0
1,CrossEntropyLoss,min-CPS,0.010000000000000009,0.98,7.36,6.36,1.25,2.0,11.359999999999996,0.025,0.0
1,CrossEntropyLoss,min-CPS,0.020000000000000018,0.97,7.29,6.29,1.1666666666666667,2.0,9.789999999999997,0.035,0.0
1,CrossEntropyLoss,min-CPS,0.030000000000000027,0.97,7.29,6.29,1.1666666666666667,2.0,8.623333333333333,0.035,0.0
1,CrossEntropyLoss,min-CPS,0.050000000000000044,0.95,6.855,5.855,1.3,2.0,8.454999999999998,0.065,0.0
1,CrossEntropyLoss,min-CPS,0.07999999999999996,0.935,6.115,5.115,1.5384615384615385,3.0,7.615000000000002,0.1,0.0
1,CrossEntropyLoss,min-CPS,0.09999999999999998,0.935,6.115,5.115,1.5384615384615385,3.0,7.115,0.1,0.0
1,CrossEntropyLoss,min-CPS,0.13,0.855,5.335,4.335,1.3103448275862069,3.0,7.258076923076922,0.19,0.0
1,CrossEntropyLoss,min-CPS,0.15000000000000002,0.85,5.165,4.165,1.3,3.0,6.765,0.195,0.0
1,CrossEntropyLoss,min-CPS,0.18000000000000005,0.835,5.035,4.035,1.303030303030303,3.0,6.423888888888888,0.215,0.0
1,CrossEntropyLoss,min-CPS,0.19999999999999996,0.825,5.01,4.01,1.3714285714285714,3.0,6.41,0.24,0.0
1,CrossEntropyLoss,RPS,0.010000000000000009,0.99,7.545,6.545,1.0,1.0,8.544999999999998,0.01,0.0
1,CrossEntropyLoss,RPS,0.020000000000000018,0.985,7.505,6.505,1.0,1.0,8.004999999999997,0.015,0.0
1,CrossEntropyLoss,RPS,0.030000000000000027,0.985,7.505,6.505,1.0,1.0,7.505,0.015,0.0
1,CrossEntropyLoss,RPS,0.050000000000000044,0.93,6.355,5.355,1.0714285714285714,2.0,8.354999999999997,0.075,0.0
1,CrossEntropyLoss,RPS,0.07999999999999996,0.915,6.115,5.115,1.0588235294117647,2.0,7.365000000000002,0.09,0.0
1,CrossEntropyLoss,RPS,0.09999999999999998,0.905,5.915,4.915,1.105263157894737,2.0,7.015,0.105,0.0
1,CrossEntropyLoss,RPS,0.13,0.88,5.365,4.365,1.1666666666666667,2.0,6.518846153846154,0.14,0.0
1,CrossEntropyLoss,RPS,0.15000000000000002,0.855,5.01,4.01,1.2413793103448276,3.0,6.41,0.18,0.0
1,CrossEntropyLoss,RPS,0.18000000000000005,0.83,4.85,3.85,1.2352941176470589,3.0,6.183333333333333,0.21,0.0
1,CrossEntropyLoss,RPS,0.19999999999999996,0.81,4.695,3.695,1.2105263157894737,3.0,5.995,0.23,0.0
1,CrossEntropyLoss,OCDF,0.010000000000000009,0.995,8.77,7.77,1.0,1.0,8.77,0.005,0.0
1,CrossEntropyLoss,OCDF,0.020000000000000018,0.995,8.77,7.77,1.0,1.0,8.27,0.005,0.0
1,CrossEntropyLoss,OCDF,0.030000000000000027,0.985,8.46,7.46,1.3333333333333333,2.0,8.793333333333333,0.02,0.0
1,CrossEntropyLoss,OCDF,0.050000000000000044,0.94,6.965,5.965,1.4166666666666667,3.0,9.364999999999998,0.085,0.0
1,CrossEntropyLoss,OCDF,0.07999999999999996,0.94,6.725,5.725,1.5833333333333333,3.0,8.100000000000001,0.095,0.0
1,CrossEntropyLoss,OCDF,0.09999999999999998,0.92,6.38,5.38,1.5625,3.0,7.88,0.125,0.0
1,CrossEntropyLoss,OCDF,0.13,0.865,5.85,4.85,1.4074074074074074,3.0,7.773076923076924,0.19,0.0
1,CrossEntropyLoss,OCDF,0.15000000000000002,0.82,5.49,4.49,1.3611111111111112,3.0,7.756666666666665,0.245,0.0
1,CrossEntropyLoss,OCDF,0.18000000000000005,0.81,5.29,4.29,1.368421052631579,4.0,7.178888888888889,0.26,0.0
1,CrossEntropyLoss,OCDF,0.19999999999999996,0.795,5.02,4.02,1.3902439024390243,4.0,6.87,0.285,0.0
1,CrossEntropyLoss,APS,0.010000000000000009,0.99,8.17,7.655,1.0,1.0,9.654999999999998,0.01,0.485
1,CrossEntropyLoss,APS,0.020000000000000018,0.975,8.04,7.53,1.2,2.0,10.529999999999996,0.03,0.475
1,CrossEntropyLoss,APS,0.030000000000000027,0.95,6.775,6.185,1.2,2.0,8.851666666666665,0.06,0.355
1,CrossEntropyLoss,APS,0.050000000000000044,0.94,6.305,5.62,1.1666666666666667,2.0,7.419999999999998,0.07,0.275
1,CrossEntropyLoss,APS,0.07999999999999996,0.905,5.9,5.17,1.105263157894737,2.0,6.92,0.105,0.22999999999999998
1,CrossEntropyLoss,APS,0.09999999999999998,0.875,5.51,4.705,1.2,3.0,7.205,0.15,0.17000000000000004
1,CrossEntropyLoss,APS,0.13,0.85,5.19,4.28,1.1666666666666667,3.0,6.818461538461538,0.175,0.08499999999999996
1,CrossEntropyLoss,APS,0.15000000000000002,0.83,4.95,4.015,1.2058823529411764,3.0,6.615,0.205,0.06499999999999995
1,CrossEntropyLoss,APS,0.18000000000000005,0.8,4.755,3.815,1.275,3.0,6.592777777777777,0.255,0.06000000000000005
1,CrossEntropyLoss,APS,0.19999999999999996,0.77,4.345,3.48,1.326086956521739,3.0,6.38,0.305,0.135
1,CrossEntropyLoss,LAC,0.010000000000000009,0.985,8.71,7.895,1.0,1.0,8.895,0.015,0.16000000000000003
1,CrossEntropyLoss,LAC,0.020000000000000018,0.96,7.59,6.82,1.125,2.0,10.319999999999995,0.045,0.22999999999999998
1,CrossEntropyLoss,LAC,0.030000000000000027,0.955,7.015,6.29,1.1111111111111112,2.0,8.623333333333333,0.05,0.275
1,CrossEntropyLoss,LAC,0.050000000000000044,0.955,6.87,6.15,1.1111111111111112,2.0,7.55,0.05,0.24
1,CrossEntropyLoss,LAC,0.07999999999999996,0.91,6.11,5.185,1.1111111111111112,2.0,7.560000000000001,0.1,0.07499999999999996
1,CrossEntropyLoss,LAC,0.09999999999999998,0.88,5.68,4.745,1.1666666666666667,2.0,7.445,0.14,0.06499999999999995
1,CrossEntropyLoss,LAC,0.13,0.855,5.24,4.29,1.2413793103448276,2.0,7.059230769230769,0.18,0.050000000000000044
1,CrossEntropyLoss,LAC,0.15000000000000002,0.85,5.025,4.025,1.2666666666666666,2.0,6.558333333333333,0.19,0.0
1,CrossEntropyLoss,LAC,0.18000000000000005,0.805,4.65,3.675,1.3846153846153846,3.0,6.675,0.27,0.025000000000000022
1,CrossEntropyLoss,LAC,0.19999999999999996,0.79,4.475,3.515,1.4047619047619047,3.0,6.465,0.295,0.040000000000000036
2,CrossEntropyLoss,min-CPS,0.010000000000000009,1.0,8.545,7.545,,0.0,7.545,0.0,0.0
2,CrossEntropyLoss,min-CPS,0.020000000000000018,0.985,7.295,6.295,1.0,1.0,7.794999999999998,0.015,0.0
2,CrossEntropyLoss,min-CPS,0.030000000000000027,0.985,7.275,6.275,1.0,1.0,7.275,0.015,0.0
2,CrossEntropyLoss,min-CPS,0.050000000000000044,0.955,7.02,6.02,1.0,1.0,7.8199999999999985,0.045,0.0
2,CrossEntropyLoss,min-CPS,0.07999999999999996,0.895,6.035,5.035,1.2380952380952381,2.0,8.285000000000002,0.13,0.0
2,CrossEntropyLoss,min-CPS,0.09999999999999998,0.87,5.965,4.965,1.2307692307692308,2.0,8.165,0.16,0.0
2,CrossEntropyLoss,min-CPS,0.13,0.885,5.655,4.655,1.3043478260869565,2.0,6.962692307692307,0.15,0.0
2,CrossEntropyLoss,min-CPS,0.15000000000000002,0.875,5.42,4.42,1.32,2.0,6.62,0.165,0.0
2,CrossEntropyLoss,min-CPS,0.18000000000000005,0.795,4.935,3.935,1.3658536585365855,3.0,7.046111111111111,0.28,0.0
2,CrossEntropyLoss,min-CPS,0.19999999999999996,0.795,4.865,3.865,1.3902439024390243,3.0,6.715,0.285,0.0
2,CrossEntropyLoss,RPS,0.010000000000000009,0.985,7.455,6.455,1.0,1.0,9.454999999999997,0.015,0.0
2,CrossEntropyLoss,RPS,0.020000000000000018,0.985,7.455,6.455,1.0,1.0,7.954999999999997,0.015,0.0
2,CrossEntropyLoss,RPS,0.030000000000000027,0.97,7.06,6.06,1.0,1.0,8.059999999999999,0.03,0.0
2,CrossEntropyLoss,RPS,0.050000000000000044,0.945,6.56,5.56,1.0,1.0,7.759999999999998,0.055,0.0
2,CrossEntropyLoss,RPS,0.07999999999999996,0.92,6.13,5.13,1.0,1.0,7.130000000000003,0.08,0.0
2,CrossEntropyLoss,RPS,0.09999999999999998,0.885,5.67,4.67,1.0869565217391304,2.0,7.17,0.125,0.0
2,CrossEntropyLoss,RPS,0.13,0.87,5.265,4.265,1.2307692307692308,2.0,6.726538461538462,0.16,0.0
2,CrossEntropyLoss,RPS,0.15000000000000002,0.865,5.07,4.07,1.2222222222222223,2.0,6.27,0.165,0.0
2,CrossEntropyLoss,RPS,0.18000000000000005,0.825,4.88,3.88,1.2,2.0,6.213333333333333,0.21,0.0
2,CrossEntropyLoss,RPS,0.19999999999999996,0.77,4.57,3.57,1.2391304347826086,2.0,6.42,0.285,0.0
2,CrossEntropyLoss,OCDF,0.010000000000000009,1.0,8.73,7.73,,0.0,7.73,0.0,0.0
2,CrossEntropyLoss,OCDF,0.020000000000000018,0.95,7.895,6.895,1.1,2.0,12.394999999999996,0.055,0.0
2,CrossEntropyLoss,OCDF,0.030000000000000027,0.94,7.295,6.295,1.25,2.0,11.294999999999995,0.075,0.0
2,CrossEntropyLoss,OCDF,0.050000000000000044,0.915,6.725,5.725,1.6470588235294117,3.0,11.324999999999996,0.14,0.0
2,CrossEntropyLoss,OCDF,0.07999999999999996,0.875,6.155,5.155,1.52,3.0,9.905000000000003,0.19,0.0
2,CrossEntropyLoss,OCDF,0.09999999999999998,0.875,6.095,5.095,1.56,3.0,8.995,0.195,0.0
2,CrossEntropyLoss,OCDF,0.13,0.85,5.76,4.76,1.5333333333333334,3.0,8.29846153846154,0.23,0.0
2,CrossEntropyLoss,OCDF,0.15000000000000002,0.815,5.385,4.385,1.4594594594594594,3.0,7.985,0.27,0.0
2,CrossEntropyLoss,OCDF,0.18000000000000005,0.76,4.815,3.815,1.4583333333333333,3.0,7.703888888888887,0.35,0.0
2,CrossEntropyLoss,OCDF,0.19999999999999996,0.74,4.575,3.575,1.4230769230769231,3.0,7.275,0.37,0.0
2,CrossEntropyLoss,APS,0.010000000000000009,1.0,8.91,7.98,,0.0,7.98,0.0,0.06999999999999995
2,CrossEntropyLoss,APS,0.020000000000000018,0.99,8.19,7.68,1.0,1.0,7.68,0.01,0.485
2,CrossEntropyLoss,APS,0.030000000000000027,0.98,7.825,7.375,1.0,1.0,7.708333333333332,0.02,0.525
2,CrossEntropyLoss,APS,0.050000000000000044,0.965,6.655,6.065,1.1428571428571428,2.0,7.065,0.04,0.33999999999999997
2,CrossEntropyLoss,APS,0.07999999999999996,0.895,5.865,5.11,1.0952380952380953,2.0,7.860000000000002,0.115,0.20999999999999996
2,CrossEntropyLoss,APS,0.09999999999999998,0.84,5.295,4.405,1.1875,3.0,8.005,0.19,0.09999999999999998
2,CrossEntropyLoss,APS,0.13,0.84,5.215,4.315,1.21875,3.0,7.161153846153845,0.195,0.08999999999999997
2,CrossEntropyLoss,APS,0.15000000000000002,0.835,5.015,4.09,1.3333333333333333,3.0,6.956666666666665,0.22,0.07499999999999996
2,CrossEntropyLoss,APS,0.18000000000000005,0.8,4.715,3.78,1.35,3.0,6.724444444444445,0.27,0.06499999999999995
2,CrossEntropyLoss,APS,0.19999999999999996,0.79,4.39,3.535,1.380952380952381,3.0,6.385,0.29,0.14500000000000002
2,CrossEntropyLoss,LAC,0.010000000000000009,0.99,8.655,7.845,1.0,1.0,8.844999999999999,0.01,0.17000000000000004
2,CrossEntropyLoss,LAC,0.020000000000000018,0.99,8.605,7.845,1.0,1.0,8.345,0.01,0.18999999999999995
2,CrossEntropyLoss,LAC,0.030000000000000027,0.985,7.81,7.005,1.0,1.0,7.671666666666666,0.015,0.19499999999999995
2,CrossEntropyLoss,LAC,0.050000000000000044,0.93,6.71,5.975,1.0,1.0,8.374999999999998,0.07,0.22499999999999998
2,CrossEntropyLoss,LAC,0.07999999999999996,0.895,5.925,5.075,1.0476190476190477,2.0,7.700000000000002,0.11,0.15000000000000002
2,CrossEntropyLoss,LAC,0.09999999999999998,0.86,5.395,4.425,1.1785714285714286,2.0,7.725,0.165,0.030000000000000027
2,CrossEntropyLoss,LAC,0.13,0.835,5.115,4.115,1.303030303030303,2.0,7.422692307692307,0.215,0.0
2,CrossEntropyLoss,LAC,0.15000000000000002,0.825,4.945,3.945,1.3714285714285714,3.0,7.144999999999999,0.24,0.0
2,CrossEntropyLoss,LAC,0.18000000000000005,0.81,4.665,3.705,1.4210526315789473,3.0,6.649444444444444,0.27,0.040000000000000036
2,CrossEntropyLoss,LAC,0.19999999999999996,0.795,4.545,3.585,1.4146341463414633,3.0,6.435,0.29,0.040000000000000036
3,CrossEntropyLoss,min-CPS,0.010000000000000009,0.99,7.75,6.75,1.0,1.0,8.749999999999998,0.01,0.0
3,CrossEntropyLoss,min-CPS,0.020000000000000018,0.99,7.335,6.335,1.0,1.0,7.334999999999999,0.01,0.0
3,CrossEntropyLoss,min-CPS,0.030000000000000027,0.98,7.26,6.26,1.0,1.0,7.593333333333333,0.02,0.0
3,CrossEntropyLoss,min-CPS,0.050000000000000044,0.96,7.055,6.055,1.0,1.0,7.6549999999999985,0.04,0.0
3,CrossEntropyLoss,min-CPS,0.07999999999999996,0.94,6.095,5.095,1.5,2.0,7.345000000000002,0.09,0.0
3,CrossEntropyLoss,min-CPS,0.09999999999999998,0.93,6.04,5.04,1.4285714285714286,2.0,7.04,0.1,0.0
3,CrossEntropyLoss,min-CPS,0.13,0.875,5.615,4.615,1.28,2.0,7.076538461538462,0.16,0.0
3,CrossEntropyLoss,min-CPS,0.15000000000000002,0.865,5.165,4.165,1.2962962962962963,3.0,6.498333333333332,0.175,0.0
3,CrossEntropyLoss,min-CPS,0.18000000000000005,0.8,4.965,3.965,1.25,3.0,6.7427777777777775,0.25,0.0
3,CrossEntropyLoss,min-CPS,0.19999999999999996,0.78,4.865,3.865,1.3181818181818181,3.0,6.765,0.29,0.0
3,CrossEntropyLoss,RPS,0.010000000000000009,0.995,7.625,6.625,1.0,1.0,7.624999999999999,0.005,0.0
3,CrossEntropyLoss,RPS,0.020000000000000018,0.99,7.515,6.515,1.0,1.0,7.514999999999999,0.01,0.0
3,CrossEntropyLoss,RPS,0.030000000000000027,0.955,6.935,5.935,1.0,1.0,8.934999999999997,0.045,0.0
3,CrossEntropyLoss,RPS,0.050000000000000044,0.94,6.54,5.54,1.0,1.0,7.939999999999998,0.06,0.0
3,CrossEntropyLoss,RPS,0.07999999999999996,0.925,6.09,5.09,1.0,1.0,6.965,0.075,0.0
3,CrossEntropyLoss,RPS,0.09999999999999998,0.895,5.76,4.76,1.0476190476190477,2.0,6.96,0.11,0.0
3,CrossEntropyLoss,RPS,0.13,0.845,5.06,4.06,1.2258064516129032,2.0,6.983076923076924,0.19,0.0
3,CrossEntropyLoss,RPS,0.15000000000000002,0.84,4.965,3.965,1.21875,2.0,6.565,0.195,0.0
3,CrossEntropyLoss,RPS,0.18000000000000005,0.83,4.885,3.885,1.2352941176470589,2.0,6.218333333333333,0.21,0.0
3,CrossEntropyLoss,RPS,0.19999999999999996,0.805,4.65,3.65,1.2564102564102564,2.0,6.1,0.245,0.0
3,CrossEntropyLoss,OCDF,0.010000000000000009,1.0,8.76,7.76,,0.0,7.76,0.0,0.0
3,CrossEntropyLoss,OCDF,0.020000000000000018,0.975,8.425,7.425,1.0,1.0,9.924999999999997,0.025,0.0
3,CrossEntropyLoss,OCDF,0.030000000000000027,0.965,8.005,7.005,1.1428571428571428,2.0,9.671666666666665,0.04,0.0
3,CrossEntropyLoss,OCDF,0.050000000000000044,0.95,7.305,6.305,1.2,2.0,8.704999999999998,0.06,0.0
3,CrossEntropyLoss,OCDF,0.07999999999999996,0.945,6.715,5.715,1.7272727272727273,3.0,8.09,0.095,0.0
3,CrossEntropyLoss,OCDF,0.09999999999999998,0.92,6.355,5.355,1.5,3.0,7.755,0.12,0.0
3,CrossEntropyLoss,OCDF,0.13,0.9,6.15,5.15,1.45,3.0,7.380769230769231,0.145,0.0
3,CrossEntropyLoss,OCDF,0.15000000000000002,0.895,5.95,4.95,1.4285714285714286,3.0,6.95,0.15,0.0
3,CrossEntropyLoss,OCDF,0.18000000000000005,0.84,5.425,4.425,1.34375,3.0,6.813888888888888,0.215,0.0
3,CrossEntropyLoss,OCDF,0.19999999999999996,0.81,5.15,4.15,1.368421052631579,3.0,6.75,0.26,0.0
3,CrossEntropyLoss,APS,0.010000000000000009,0.995,8.755,7.9,1.0,1.0,7.9,0.005,0.14500000000000002
3,CrossEntropyLoss,APS,0.020000000000000018,0.99,8.265,7.745,1.0,1.0,8.245,0.01,0.48
3,CrossEntropyLoss,APS,0.030000000000000027,0.965,7.565,7.1,1.0,1.0,8.766666666666666,0.035,0.495
3,CrossEntropyLoss,APS,0.050000000000000044,0.93,6.245,5.635,1.0714285714285714,2.0,8.034999999999998,0.075,0.31000000000000005
3,CrossEntropyLoss,APS,0.07999999999999996,0.905,5.845,5.07,1.2105263157894737,3.0,7.445000000000001,0.115,0.19499999999999995
3,CrossEntropyLoss,APS,0.09999999999999998,0.885,5.57,4.75,1.2608695652173914,3.0,7.15,0.145,0.15500000000000003
3,CrossEntropyLoss,APS,0.13,0.87,5.325,4.45,1.2307692307692308,3.0,6.603846153846154,0.16,0.11499999999999999
3,CrossEntropyLoss,APS,0.15000000000000002,0.855,5.075,4.165,1.2758620689655173,3.0,6.498333333333332,0.185,0.08999999999999997
3,CrossEntropyLoss,APS,0.18000000000000005,0.815,4.68,3.76,1.3513513513513513,3.0,6.482222222222222,0.25,0.07999999999999996
3,CrossEntropyLoss,APS,0.19999999999999996,0.81,4.525,3.635,1.3421052631578947,3.0,6.135,0.255,0.10999999999999999
3,CrossEntropyLoss,LAC,0.010000000000000009,0.985,8.695,7.855,1.0,1.0,8.854999999999999,0.015,0.15000000000000002
3,CrossEntropyLoss,LAC,0.020000000000000018,0.985,8.5,7.72,1.0,1.0,8.22,0.015,0.20999999999999996
3,CrossEntropyLoss,LAC,0.030000000000000027,0.97,7.605,6.83,1.0,1.0,8.163333333333332,0.03,0.22499999999999998
3,CrossEntropyLoss,LAC,0.050000000000000044,0.935,6.735,6.005,1.0,1.0,8.204999999999998,0.065,0.22499999999999998
3,CrossEntropyLoss,LAC,0.07999999999999996,0.91,6.07,5.16,1.1111111111111112,2.0,7.535000000000001,0.1,0.08999999999999997
3,CrossEntropyLoss,LAC,0.09999999999999998,0.91,5.85,4.98,1.1111111111111112,2.0,6.88,0.1,0.13
3,CrossEntropyLoss,LAC,0.13,0.855,5.215,4.26,1.3448275862068966,2.0,7.26,0.195,0.04500000000000004
3,CrossEntropyLoss,LAC,0.15000000000000002,0.855,5.09,4.09,1.3448275862068966,2.0,6.69,0.195,0.0
3,CrossEntropyLoss,LAC,0.18000000000000005,0.825,4.795,3.82,1.3428571428571427,3.0,6.431111111111111,0.235,0.025000000000000022
3,CrossEntropyLoss,LAC,0.19999999999999996,0.79,4.445,3.485,1.380952380952381,3.0,6.335,0.29,0.040000000000000036
4,CrossEntropyLoss,min-CPS,0.010000000000000009,0.99,8.025,7.025,1.0,1.0,9.024999999999999,0.01,0.0
4,CrossEntropyLoss,min-CPS,0.020000000000000018,0.975,7.215,6.215,1.0,1.0,8.714999999999998,0.025,0.0
4,CrossEntropyLoss,min-CPS,0.030000000000000027,0.975,7.215,6.215,1.0,1.0,7.881666666666665,0.025,0.0
4,CrossEntropyLoss,min-CPS,0.050000000000000044,0.955,7.01,6.01,1.0,1.0,7.809999999999998,0.045,0.0
4,CrossEntropyLoss,min-CPS,0.07999999999999996,0.945,6.08,5.08,1.4545454545454546,2.0,7.080000000000001,0.08,0.0
4,CrossEntropyLoss,min-CPS,0.09999999999999998,0.93,6.015,5.015,1.3571428571428572,2.0,6.915,0.095,0.0
4,CrossEntropyLoss,min-CPS,0.13,0.895,5.945,4.945,1.2857142857142858,2.0,7.021923076923077,0.135,0.0
4,CrossEntropyLoss,min-CPS,0.15000000000000002,0.875,5.405,4.405,1.32,2.0,6.604999999999999,0.165,0.0
4,CrossEntropyLoss,min-CPS,0.18000000000000005,0.85,5.03,4.03,1.3,2.0,6.196666666666666,0.195,0.0
4,CrossEntropyLoss,min-CPS,0.19999999999999996,0.82,4.925,3.925,1.3055555555555556,3.0,6.275,0.235,0.0
4,CrossEntropyLoss,RPS,0.010000000000000009,1.0,7.785,6.785,,0.0,6.785,0.0,0.0
4,CrossEntropyLoss,RPS,0.020000000000000018,0.995,7.425,6.425,1.0,1.0,6.925,0.005,0.0
4,CrossEntropyLoss,RPS,0.030000000000000027,0.995,7.425,6.425,1.0,1.0,6.758333333333333,0.005,0.0
4,CrossEntropyLoss,RPS,0.050000000000000044,0.95,6.64,5.64,1.0,1.0,7.639999999999998,0.05,0.0
4,CrossEntropyLoss,RPS,0.07999999999999996,0.915,6.15,5.15,1.0,1.0,7.275000000000002,0.085,0.0
4,CrossEntropyLoss,RPS,0.09999999999999998,0.88,5.65,4.65,1.0,1.0,7.05,0.12,0.0
4,CrossEntropyLoss,RPS,0.13,0.865,5.185,4.185,1.2222222222222223,2.0,6.723461538461538,0.165,0.0
4,CrossEntropyLoss,RPS,0.15000000000000002,0.86,5.06,4.06,1.2142857142857142,2.0,6.326666666666666,0.17,0.0
4,CrossEntropyLoss,RPS,0.18000000000000005,0.83,4.895,3.895,1.2058823529411764,2.0,6.172777777777778,0.205,0.0
4,CrossEntropyLoss,RPS,0.19999999999999996,0.81,4.745,3.745,1.1842105263157894,2.0,5.995,0.225,0.0
4,CrossEntropyLoss,OCDF,0.010000000000000009,0.995,8.765,7.765,1.0,1.0,8.764999999999999,0.005,0.0
4,CrossEntropyLoss,OCDF,0.020000000000000018,0.97,8.3,7.3,1.1666666666666667,2.0,10.799999999999995,0.035,0.0
4,CrossEntropyLoss,OCDF,0.030000000000000027,0.97,8.145,7.145,1.3333333333333333,2.0,9.811666666666666,0.04,0.0
4,CrossEntropyLoss,OCDF,0.050000000000000044,0.96,7.345,6.345,1.375,3.0,8.544999999999998,0.055,0.0
4,CrossEntropyLoss,OCDF,0.07999999999999996,0.945,6.81,5.81,1.7272727272727273,3.0,8.185000000000002,0.095,0.0
4,CrossEntropyLoss,OCDF,0.09999999999999998,0.91,6.3,5.3,1.4444444444444444,3.0,7.9,0.13,0.0
4,CrossEntropyLoss,OCDF,0.13,0.905,6.16,5.16,1.4210526315789473,3.0,7.236923076923076,0.135,0.0
4,CrossEntropyLoss,OCDF,0.15000000000000002,0.9,5.93,4.93,1.4,3.0,6.796666666666666,0.14,0.0
4,CrossEntropyLoss,OCDF,0.18000000000000005,0.86,5.51,4.51,1.3571428571428572,3.0,6.6211111111111105,0.19,0.0
4,CrossEntropyLoss,OCDF,0.19999999999999996,0.84,5.335,4.335,1.34375,4.0,6.485,0.215,0.0
4,CrossEntropyLoss,APS,0.010000000000000009,0.99,8.4,7.765,1.0,1.0,8.764999999999999,0.01,0.365
4,CrossEntropyLoss,APS,0.020000000000000018,0.98,7.925,7.465,1.0,1.0,8.964999999999998,0.02,0.5
4,CrossEntropyLoss,APS,0.030000000000000027,0.98,7.83,7.365,1.0,1.0,8.365,0.02,0.49
4,CrossEntropyLoss,APS,0.050000000000000044,0.96,6.59,5.935,1.0,1.0,7.335,0.04,0.27
4,CrossEntropyLoss,APS,0.07999999999999996,0.92,5.985,5.27,1.0,1.0,6.895,0.08,0.22999999999999998
4,CrossEntropyLoss,APS,0.09999999999999998,0.905,5.73,4.93,1.0526315789473684,2.0,6.63,0.1,0.17500000000000004
4,CrossEntropyLoss,APS,0.13,0.875,5.315,4.445,1.16,2.0,6.521923076923077,0.145,0.12
4,CrossEntropyLoss,APS,0.15000000000000002,0.86,5.215,4.31,1.1785714285714286,2.0,6.4433333333333325,0.165,0.08999999999999997
4,CrossEntropyLoss,APS,0.18000000000000005,0.84,4.87,3.96,1.21875,2.0,6.071111111111111,0.195,0.08999999999999997
4,CrossEntropyLoss,APS,0.19999999999999996,0.84,4.82,3.915,1.25,2.0,5.865,0.2,0.09499999999999997
4,CrossEntropyLoss,LAC,0.010000000000000009,0.99,8.64,7.82,1.0,1.0,7.82,0.01,0.15500000000000003
4,CrossEntropyLoss,LAC,0.020000000000000018,0.985,8.415,7.655,1.0,1.0,8.155,0.015,0.21499999999999997
4,CrossEntropyLoss,LAC,0.030000000000000027,0.97,7.515,6.705,1.0,1.0,8.371666666666664,0.03,0.18999999999999995
4,CrossEntropyLoss,LAC,0.050000000000000044,0.94,6.715,5.935,1.0,1.0,8.134999999999998,0.06,0.19499999999999995
4,CrossEntropyLoss,LAC,0.07999999999999996,0.925,6.4,5.57,1.1333333333333333,2.0,7.695000000000001,0.085,0.17000000000000004
4,CrossEntropyLoss,LAC,0.09999999999999998,0.915,5.885,5.005,1.1176470588235294,2.0,6.905,0.095,0.12
4,CrossEntropyLoss,LAC,0.13,0.855,5.225,4.265,1.2758620689655173,2.0,7.111153846153846,0.185,0.040000000000000036
4,CrossEntropyLoss,LAC,0.15000000000000002,0.855,5.105,4.105,1.2758620689655173,2.0,6.571666666666666,0.185,0.0
4,CrossEntropyLoss,LAC,0.18000000000000005,0.845,4.89,3.89,1.3548387096774193,2.0,6.223333333333333,0.21,0.0
4,CrossEntropyLoss,LAC,0.19999999999999996,0.81,4.56,3.59,1.368421052631579,3.0,6.19,0.26,0.030000000000000027
5,CrossEntropyLoss,min-CPS,0.010000000000000009,0.995,8.5,7.5,1.0,1.0,8.499999999999998,0.005,0.0
5,CrossEntropyLoss,min-CPS,0.020000000000000018,0.98,7.27,6.27,1.25,2.0,8.769999999999998,0.025,0.0
5,CrossEntropyLoss,min-CPS,0.030000000000000027,0.98,7.235,6.235,1.25,2.0,7.9016666666666655,0.025,0.0
5,CrossEntropyLoss,min-CPS,0.050000000000000044,0.96,7.015,6.015,1.125,2.0,7.814999999999999,0.045,0.0
5,CrossEntropyLoss,min-CPS,0.07999999999999996,0.925,6.065,5.065,1.3333333333333333,3.0,7.565000000000002,0.1,0.0
5,CrossEntropyLoss,min-CPS,0.09999999999999998,0.915,6.015,5.015,1.3529411764705883,3.0,7.315,0.115,0.0
5,CrossEntropyLoss,min-CPS,0.13,0.9,5.94,4.94,1.35,3.0,7.016923076923076,0.135,0.0
5,CrossEntropyLoss,min-CPS,0.15000000000000002,0.87,5.36,4.36,1.3461538461538463,2.0,6.6933333333333325,0.175,0.0
5,CrossEntropyLoss,min-CPS,0.18000000000000005,0.835,4.98,3.98,1.303030303030303,3.0,6.368888888888889,0.215,0.0
5,CrossEntropyLoss,min-CPS,0.19999999999999996,0.82,4.945,3.945,1.3333333333333333,3.0,6.345,0.24,0.0
5,CrossEntropyLoss,RPS,0.010000000000000009,0.995,7.57,6.57,1.0,1.0,7.5699999999999985,0.005,0.0
5,CrossEntropyLoss,RPS,0.020000000000000018,0.99,7.47,6.47,1.0,1.0,7.469999999999999,0.01,0.0
5,CrossEntropyLoss,RPS,0.030000000000000027,0.99,7.47,6.47,1.0,1.0,7.136666666666667,0.01,0.0
5,CrossEntropyLoss,RPS,0.050000000000000044,0.975,6.895,5.895,1.2,2.0,7.094999999999999,0.03,0.0
5,CrossEntropyLoss,RPS,0.07999999999999996,0.925,6.125,5.125,1.0666666666666667,2.0,7.125,0.08,0.0
5,CrossEntropyLoss,RPS,0.09999999999999998,0.925,6.125,5.125,1.0666666666666667,2.0,6.725,0.08,0.0
5,CrossEntropyLoss,RPS,0.13,0.9,5.58,4.58,1.15,2.0,6.349230769230769,0.115,0.0
5,CrossEntropyLoss,RPS,0.15000000000000002,0.885,5.245,4.245,1.2608695652173914,3.0,6.178333333333333,0.145,0.0
5,CrossEntropyLoss,RPS,0.18000000000000005,0.83,4.82,3.82,1.2058823529411764,3.0,6.097777777777777,0.205,0.0
5,CrossEntropyLoss,RPS,0.19999999999999996,0.805,4.64,3.64,1.205128205128205,3.0,5.99,0.235,0.0
5,CrossEntropyLoss,OCDF,0.010000000000000009,0.995,8.77,7.77,1.0,1.0,8.77,0.005,0.0
5,CrossEntropyLoss,OCDF,0.020000000000000018,0.995,8.77,7.77,1.0,1.0,8.27,0.005,0.0
5,CrossEntropyLoss,OCDF,0.030000000000000027,0.985,8.455,7.455,1.3333333333333333,2.0,8.788333333333332,0.02,0.0
5,CrossEntropyLoss,OCDF,0.050000000000000044,0.975,7.965,6.965,1.4,2.0,8.364999999999998,0.035,0.0
5,CrossEntropyLoss,OCDF,0.07999999999999996,0.94,6.83,5.83,1.5,3.0,8.080000000000002,0.09,0.0
5,CrossEntropyLoss,OCDF,0.09999999999999998,0.905,6.255,5.255,1.5263157894736843,3.0,8.155,0.145,0.0
5,CrossEntropyLoss,OCDF,0.13,0.855,5.8,4.8,1.4137931034482758,3.0,7.953846153846155,0.205,0.0
5,CrossEntropyLoss,OCDF,0.15000000000000002,0.805,5.33,4.33,1.3333333333333333,3.0,7.796666666666665,0.26,0.0
5,CrossEntropyLoss,OCDF,0.18000000000000005,0.78,5.01,4.01,1.3409090909090908,4.0,7.2877777777777775,0.295,0.0
5,CrossEntropyLoss,OCDF,0.19999999999999996,0.72,4.38,3.38,1.3214285714285714,4.0,7.08,0.37,0.0
5,CrossEntropyLoss,APS,0.010000000000000009,1.0,8.785,7.915,,0.0,7.915,0.0,0.13
5,CrossEntropyLoss,APS,0.020000000000000018,1.0,8.73,7.89,,0.0,7.89,0.0,0.16000000000000003
5,CrossEntropyLoss,APS,0.030000000000000027,0.97,7.54,7.05,1.0,1.0,7.383333333333333,0.03,0.45999999999999996
5,CrossEntropyLoss,APS,0.050000000000000044,0.925,6.335,5.73,1.0666666666666667,2.0,7.729999999999999,0.08,0.31999999999999995
5,CrossEntropyLoss,APS,0.07999999999999996,0.91,5.87,5.095,1.1111111111111112,2.0,7.220000000000002,0.1,0.19499999999999995
5,CrossEntropyLoss,APS,0.09999999999999998,0.91,5.84,5.075,1.1666666666666667,2.0,6.875,0.105,0.20499999999999996
5,CrossEntropyLoss,APS,0.13,0.91,5.56,4.7,1.2777777777777777,2.0,6.315384615384615,0.115,0.135
5,CrossEntropyLoss,APS,0.15000000000000002,0.875,5.22,4.305,1.32,2.0,6.371666666666665,0.165,0.08499999999999996
5,CrossEntropyLoss,APS,0.18000000000000005,0.84,4.755,3.815,1.40625,3.0,6.203888888888888,0.225,0.06000000000000005
5,CrossEntropyLoss,APS,0.19999999999999996,0.835,4.625,3.675,1.4242424242424243,3.0,6.025,0.235,0.050000000000000044
5,CrossEntropyLoss,LAC,0.010000000000000009,1.0,8.725,7.84,,0.0,7.84,0.0,0.08999999999999997
5,CrossEntropyLoss,LAC,0.020000000000000018,0.975,7.775,6.905,1.2,2.0,8.904999999999998,0.03,0.13
5,CrossEntropyLoss,LAC,0.030000000000000027,0.97,7.51,6.7,1.1666666666666667,2.0,8.033333333333333,0.035,0.18999999999999995
5,CrossEntropyLoss,LAC,0.050000000000000044,0.955,6.82,6.11,1.1111111111111112,2.0,7.309999999999999,0.05,0.24
5,CrossEntropyLoss,LAC,0.07999999999999996,0.94,6.63,5.9,1.1666666666666667,2.0,7.15,0.07,0.22999999999999998
5,CrossEntropyLoss,LAC,0.09999999999999998,0.925,6.015,5.07,1.2,2.0,6.77,0.09,0.05500000000000005
5,CrossEntropyLoss,LAC,0.13,0.895,5.425,4.46,1.2857142857142858,2.0,6.46,0.135,0.03500000000000003
5,CrossEntropyLoss,LAC,0.15000000000000002,0.875,5.215,4.255,1.32,2.0,6.455,0.165,0.040000000000000036
5,CrossEntropyLoss,LAC,0.18000000000000005,0.85,4.92,3.92,1.3666666666666667,2.0,6.197777777777777,0.205,0.0
5,CrossEntropyLoss,LAC,0.19999999999999996,0.825,4.655,3.67,1.4285714285714286,3.0,6.17,0.25,0.015000000000000013
6,CrossEntropyLoss,min-CPS,0.010000000000000009,0.995,8.555,7.555,1.0,1.0,8.555,0.005,0.0
6,CrossEntropyLoss,min-CPS,0.020000000000000018,0.99,7.295,6.295,1.5,2.0,7.794999999999998,0.015,0.0
6,CrossEntropyLoss,min-CPS,0.030000000000000027,0.99,7.28,6.28,1.5,2.0,7.28,0.015,0.0
6,CrossEntropyLoss,min-CPS,0.050000000000000044,0.95,6.795,5.795,1.3,2.0,8.394999999999998,0.065,0.0
6,CrossEntropyLoss,min-CPS,0.07999999999999996,0.945,6.085,5.085,1.5454545454545454,3.0,7.210000000000001,0.085,0.0
6,CrossEntropyLoss,min-CPS,0.09999999999999998,0.93,6.02,5.02,1.3571428571428572,3.0,6.92,0.095,0.0
6,CrossEntropyLoss,min-CPS,0.13,0.9,5.945,4.945,1.25,3.0,6.868076923076924,0.125,0.0
6,CrossEntropyLoss,min-CPS,0.15000000000000002,0.88,5.425,4.425,1.2916666666666667,2.0,6.491666666666666,0.155,0.0
6,CrossEntropyLoss,min-CPS,0.18000000000000005,0.845,5.0,4.0,1.3225806451612903,3.0,6.277777777777777,0.205,0.0
6,CrossEntropyLoss,min-CPS,0.19999999999999996,0.815,4.94,3.94,1.3243243243243243,3.0,6.39,0.245,0.0
6,CrossEntropyLoss,RPS,0.010000000000000009,0.99,7.48,6.48,1.0,1.0,8.479999999999997,0.01,0.0
6,CrossEntropyLoss,RPS,0.020000000000000018,0.99,7.46,6.46,1.0,1.0,7.459999999999999,0.01,0.0
6,CrossEntropyLoss,RPS,0.030000000000000027,0.99,7.46,6.46,1.0,1.0,7.126666666666666,0.01,0.0
6,CrossEntropyLoss,RPS,0.050000000000000044,0.965,6.715,5.715,1.1428571428571428,2.0,7.314999999999999,0.04,0.0
6,CrossEntropyLoss,RPS,0.07999999999999996,0.95,6.23,5.23,1.1,2.0,6.605,0.055,0.0
6,CrossEntropyLoss,RPS,0.09999999999999998,0.935,6.135,5.135,1.0769230769230769,2.0,6.535,0.07,0.0
6,CrossEntropyLoss,RPS,0.13,0.92,5.69,4.69,1.125,2.0,6.0746153846153845,0.09,0.0
6,CrossEntropyLoss,RPS,0.15000000000000002,0.89,5.32,4.32,1.1818181818181819,2.0,6.053333333333333,0.13,0.0
6,CrossEntropyLoss,RPS,0.18000000000000005,0.84,4.875,3.875,1.1875,3.0,5.986111111111111,0.19,0.0
6,CrossEntropyLoss,RPS,0.19999999999999996,0.825,4.765,3.765,1.2285714285714286,3.0,5.915,0.215,0.0
6,CrossEntropyLoss,OCDF,0.010000000000000009,0.99,8.745,7.745,1.0,1.0,9.744999999999997,0.01,0.0
6,CrossEntropyLoss,OCDF,0.020000000000000018,0.99,8.745,7.745,1.0,1.0,8.745,0.01,0.0
6,CrossEntropyLoss,OCDF,0.030000000000000027,0.97,8.14,7.14,1.1666666666666667,2.0,9.473333333333333,0.035,0.0
6,CrossEntropyLoss,OCDF,0.050000000000000044,0.97,7.935,6.935,1.1666666666666667,2.0,8.335,0.035,0.0
6,CrossEntropyLoss,OCDF,0.07999999999999996,0.945,6.84,5.84,1.6363636363636365,3.0,8.090000000000002,0.09,0.0
6,CrossEntropyLoss,OCDF,0.09999999999999998,0.93,6.495,5.495,1.5714285714285714,3.0,7.695,0.11,0.0
6,CrossEntropyLoss,OCDF,0.13,0.91,6.185,5.185,1.5,3.0,7.261923076923077,0.135,0.0
6,CrossEntropyLoss,OCDF,0.15000000000000002,0.88,5.85,4.85,1.4583333333333333,3.0,7.183333333333333,0.175,0.0
6,CrossEntropyLoss,OCDF,0.18000000000000005,0.815,5.255,4.255,1.3783783783783783,4.0,7.088333333333333,0.255,0.0
6,CrossEntropyLoss,OCDF,0.19999999999999996,0.8,5.015,4.015,1.35,4.0,6.715,0.27,0.0
6,CrossEntropyLoss,APS,0.010000000000000009,1.0,8.515,7.79,,0.0,7.79,0.0,0.275
6,CrossEntropyLoss,APS,0.020000000000000018,1.0,8.46,7.78,,0.0,7.78,0.0,0.31999999999999995
6,CrossEntropyLoss,APS,0.030000000000000027,0.99,8.055,7.565,1.0,1.0,7.565,0.01,0.505
6,CrossEntropyLoss,APS,0.050000000000000044,0.97,6.925,6.355,1.1666666666666667,2.0,6.955,0.035,0.36
6,CrossEntropyLoss,APS,0.07999999999999996,0.955,6.13,5.46,1.1111111111111112,2.0,6.21,0.05,0.26
6,CrossEntropyLoss,APS,0.09999999999999998,0.935,5.92,5.17,1.1538461538461537,2.0,6.27,0.075,0.20999999999999996
6,CrossEntropyLoss,APS,0.13,0.915,5.61,4.785,1.2352941176470589,2.0,6.169615384615384,0.105,0.16500000000000004
6,CrossEntropyLoss,APS,0.15000000000000002,0.9,5.42,4.575,1.3,2.0,6.175,0.13,0.14500000000000002
6,CrossEntropyLoss,APS,0.18000000000000005,0.855,5.12,4.195,1.3448275862068966,2.0,6.3616666666666655,0.195,0.07499999999999996
6,CrossEntropyLoss,APS,0.19999999999999996,0.855,5.025,4.09,1.3448275862068966,2.0,6.04,0.195,0.06499999999999995
6,CrossEntropyLoss,LAC,0.010000000000000009,1.0,8.725,7.855,,0.0,7.855,0.0,0.09499999999999997
6,CrossEntropyLoss,LAC,0.020000000000000018,0.985,8.395,7.665,1.0,1.0,8.165,0.015,0.235
6,CrossEntropyLoss,LAC,0.030000000000000027,0.98,7.815,6.955,1.25,2.0,7.955,0.025,0.14
6,CrossEntropyLoss,LAC,0.050000000000000044,0.97,6.87,6.155,1.1666666666666667,2.0,6.755,0.035,0.22999999999999998
6,CrossEntropyLoss,LAC,0.07999999999999996,0.935,6.54,5.725,1.0769230769230769,2.0,6.975,0.07,0.18500000000000005
6,CrossEntropyLoss,LAC,0.09999999999999998,0.93,6.05,5.145,1.1428571428571428,2.0,6.545,0.08,0.09499999999999997
6,CrossEntropyLoss,LAC,0.13,0.885,5.26,4.325,1.3043478260869565,2.0,6.4788461538461535,0.15,0.06499999999999995
6,CrossEntropyLoss,LAC,0.15000000000000002,0.87,5.19,4.225,1.3461538461538463,2.0,6.558333333333333,0.175,0.03500000000000003
6,CrossEntropyLoss,LAC,0.18000000000000005,0.865,4.935,3.935,1.4444444444444444,2.0,6.101666666666667,0.195,0.0
6,CrossEntropyLoss,LAC,0.19999999999999996,0.865,4.875,3.875,1.4444444444444444,2.0,5.825,0.195,0.0
7,CrossEntropyLoss,min-CPS,0.010000000000000009,0.99,8.34,7.34,1.0,1.0,9.339999999999998,0.01,0.0
7,CrossEntropyLoss,min-CPS,0.020000000000000018,0.995,7.39,6.39,1.0,1.0,6.89,0.005,0.0
7,CrossEntropyLoss,min-CPS,0.030000000000000027,0.98,7.295,6.295,1.0,1.0,7.628333333333333,0.02,0.0
7,CrossEntropyLoss,min-CPS,0.050000000000000044,0.96,7.06,6.06,1.0,1.0,7.659999999999999,0.04,0.0
7,CrossEntropyLoss,min-CPS,0.07999999999999996,0.93,6.12,5.12,1.3571428571428572,2.0,7.495000000000001,0.095,0.0
7,CrossEntropyLoss,min-CPS,0.09999999999999998,0.905,6.025,5.025,1.2105263157894737,2.0,7.325,0.115,0.0
7,CrossEntropyLoss,min-CPS,0.13,0.895,5.72,4.72,1.2857142857142858,2.0,6.796923076923077,0.135,0.0
7,CrossEntropyLoss,min-CPS,0.15000000000000002,0.87,5.42,4.42,1.2692307692307692,3.0,6.62,0.165,0.0
7,CrossEntropyLoss,min-CPS,0.18000000000000005,0.845,5.03,4.03,1.3548387096774193,3.0,6.363333333333332,0.21,0.0
7,CrossEntropyLoss,min-CPS,0.19999999999999996,0.825,4.985,3.985,1.3428571428571427,3.0,6.335,0.235,0.0
7,CrossEntropyLoss,RPS,0.010000000000000009,0.99,7.51,6.51,1.0,1.0,8.509999999999998,0.01,0.0
7,CrossEntropyLoss,RPS,0.020000000000000018,0.99,7.475,6.475,1.0,1.0,7.474999999999999,0.01,0.0
7,CrossEntropyLoss,RPS,0.030000000000000027,0.975,7.23,6.23,1.0,1.0,7.896666666666665,0.025,0.0
7,CrossEntropyLoss,RPS,0.050000000000000044,0.955,6.73,5.73,1.0,1.0,7.529999999999998,0.045,0.0
7,CrossEntropyLoss,RPS,0.07999999999999996,0.895,6.1,5.1,1.0,1.0,7.725000000000002,0.105,0.0
7,CrossEntropyLoss,RPS,0.09999999999999998,0.89,5.68,4.68,1.0909090909090908,2.0,7.08,0.12,0.0
7,CrossEntropyLoss,RPS,0.13,0.865,5.185,4.185,1.1851851851851851,2.0,6.646538461538462,0.16,0.0
7,CrossEntropyLoss,RPS,0.15000000000000002,0.85,5.0,4.0,1.1666666666666667,2.0,6.333333333333332,0.175,0.0
7,CrossEntropyLoss,RPS,0.18000000000000005,0.815,4.87,3.87,1.135135135135135,2.0,6.203333333333332,0.21,0.0
7,CrossEntropyLoss,RPS,0.19999999999999996,0.805,4.705,3.705,1.205128205128205,2.0,6.055,0.235,0.0
7,CrossEntropyLoss,OCDF,0.010000000000000009,1.0,8.755,7.755,,0.0,7.755,0.0,0.0
7,CrossEntropyLoss,OCDF,0.020000000000000018,0.97,8.245,7.245,1.0,1.0,10.244999999999996,0.03,0.0
7,CrossEntropyLoss,OCDF,0.030000000000000027,0.94,7.265,6.265,1.25,2.0,11.264999999999995,0.075,0.0
7,CrossEntropyLoss,OCDF,0.050000000000000044,0.935,6.765,5.765,1.6923076923076923,3.0,10.164999999999996,0.11,0.0
7,CrossEntropyLoss,OCDF,0.07999999999999996,0.91,6.43,5.43,1.5555555555555556,3.0,8.930000000000001,0.14,0.0
7,CrossEntropyLoss,OCDF,0.09999999999999998,0.89,6.165,5.165,1.5,3.0,8.465,0.165,0.0
7,CrossEntropyLoss,OCDF,0.13,0.88,5.91,4.91,1.5416666666666667,3.0,7.756153846153847,0.185,0.0
7,CrossEntropyLoss,OCDF,0.15000000000000002,0.85,5.72,4.72,1.4333333333333333,3.0,7.586666666666666,0.215,0.0
7,CrossEntropyLoss,OCDF,0.18000000000000005,0.82,5.34,4.34,1.4166666666666667,3.0,7.173333333333333,0.255,0.0
7,CrossEntropyLoss,OCDF,0.19999999999999996,0.795,5.085,4.085,1.4146341463414633,3.0,6.985,0.29,0.0
7,CrossEntropyLoss,APS,0.010000000000000009,0.985,8.355,7.745,1.0,1.0,8.745,0.015,0.39
7,CrossEntropyLoss,APS,0.020000000000000018,0.975,7.91,7.44,1.0,1.0,8.939999999999998,0.025,0.52
7,CrossEntropyLoss,APS,0.030000000000000027,0.965,7.605,7.13,1.0,1.0,8.13,0.035,0.475
7,CrossEntropyLoss,APS,0.050000000000000044,0.925,6.26,5.58,1.0666666666666667,2.0,7.979999999999998,0.08,0.27
7,CrossEntropyLoss,APS,0.07999999999999996,0.905,5.845,5.06,1.1578947368421053,2.0,7.310000000000001,0.11,0.18500000000000005
7,CrossEntropyLoss,APS,0.09999999999999998,0.87,5.455,4.625,1.2692307692307692,3.0,7.725,0.165,0.15000000000000002
7,CrossEntropyLoss,APS,0.13,0.85,5.205,4.32,1.2666666666666666,3.0,7.166153846153845,0.19,0.10999999999999999
7,CrossEntropyLoss,APS,0.15000000000000002,0.85,5.16,4.265,1.2666666666666666,3.0,6.7316666666666665,0.19,0.10499999999999998
7,CrossEntropyLoss,APS,0.18000000000000005,0.795,4.525,3.62,1.3902439024390243,3.0,6.6755555555555555,0.285,0.09499999999999997
7,CrossEntropyLoss,APS,0.19999999999999996,0.75,4.255,3.45,1.38,3.0,6.5,0.345,0.19499999999999995
7,CrossEntropyLoss,LAC,0.010000000000000009,0.995,8.71,7.845,1.0,1.0,8.844999999999999,0.005,0.125
7,CrossEntropyLoss,LAC,0.020000000000000018,0.99,8.635,7.845,1.0,1.0,8.345,0.01,0.17500000000000004
7,CrossEntropyLoss,LAC,0.030000000000000027,0.975,7.78,7.01,1.0,1.0,8.01,0.025,0.22999999999999998
7,CrossEntropyLoss,LAC,0.050000000000000044,0.93,6.745,6.005,1.0,1.0,8.204999999999998,0.07,0.22499999999999998
7,CrossEntropyLoss,LAC,0.07999999999999996,0.89,5.88,5.0,1.0454545454545454,2.0,7.625000000000001,0.115,0.12
7,CrossEntropyLoss,LAC,0.09999999999999998,0.88,5.655,4.73,1.0833333333333333,2.0,7.23,0.13,0.07499999999999996
7,CrossEntropyLoss,LAC,0.13,0.85,5.25,4.29,1.2333333333333334,2.0,7.136153846153847,0.185,0.040000000000000036
7,CrossEntropyLoss,LAC,0.15000000000000002,0.845,5.035,4.035,1.3225806451612903,2.0,6.768333333333333,0.205,0.0
7,CrossEntropyLoss,LAC,0.18000000000000005,0.825,4.825,3.865,1.3714285714285714,3.0,6.476111111111111,0.24,0.040000000000000036
7,CrossEntropyLoss,LAC,0.19999999999999996,0.8,4.58,3.62,1.375,3.0,6.32,0.275,0.040000000000000036
8,CrossEntropyLoss,min-CPS,0.010000000000000009,1.0,8.55,7.55,,0.0,7.55,0.0,0.0
8,CrossEntropyLoss,min-CPS,0.020000000000000018,1.0,8.325,7.325,,0.0,7.325,0.0,0.0
8,CrossEntropyLoss,min-CPS,0.030000000000000027,0.99,7.3,6.3,1.0,1.0,6.966666666666666,0.01,0.0
8,CrossEntropyLoss,min-CPS,0.050000000000000044,0.975,7.175,6.175,1.0,1.0,7.175,0.025,0.0
8,CrossEntropyLoss,min-CPS,0.07999999999999996,0.915,6.015,5.015,1.2352941176470589,2.0,7.640000000000002,0.105,0.0
8,CrossEntropyLoss,min-CPS,0.09999999999999998,0.87,5.94,4.94,1.1923076923076923,2.0,8.04,0.155,0.0
8,CrossEntropyLoss,min-CPS,0.13,0.9,5.675,4.675,1.25,2.0,6.598076923076924,0.125,0.0
8,CrossEntropyLoss,min-CPS,0.15000000000000002,0.885,5.495,4.495,1.2608695652173914,2.0,6.428333333333333,0.145,0.0
8,CrossEntropyLoss,min-CPS,0.18000000000000005,0.8,4.92,3.92,1.275,3.0,6.753333333333333,0.255,0.0
8,CrossEntropyLoss,min-CPS,0.19999999999999996,0.8,4.83,3.83,1.4,3.0,6.63,0.28,0.0
8,CrossEntropyLoss,RPS,0.010000000000000009,0.99,7.47,6.47,1.0,1.0,8.469999999999997,0.01,0.0
8,CrossEntropyLoss,RPS,0.020000000000000018,0.99,7.445,6.445,1.0,1.0,7.4449999999999985,0.01,0.0
8,CrossEntropyLoss,RPS,0.030000000000000027,0.975,7.16,6.16,1.0,1.0,7.826666666666665,0.025,0.0
8,CrossEntropyLoss,RPS,0.050000000000000044,0.975,6.91,5.91,1.0,1.0,6.91,0.025,0.0
8,CrossEntropyLoss,RPS,0.07999999999999996,0.955,6.365,5.365,1.0,1.0,6.49,0.045,0.0
8,CrossEntropyLoss,RPS,0.09999999999999998,0.94,6.15,5.15,1.0,1.0,6.35,0.06,0.0
8,CrossEntropyLoss,RPS,0.13,0.89,5.375,4.375,1.2272727272727273,2.0,6.451923076923077,0.135,0.0
8,CrossEntropyLoss,RPS,0.15000000000000002,0.885,5.205,4.205,1.2173913043478262,2.0,6.071666666666666,0.14,0.0
8,CrossEntropyLoss,RPS,0.18000000000000005,0.82,4.875,3.875,1.1666666666666667,2.0,6.208333333333332,0.21,0.0
8,CrossEntropyLoss,RPS,0.19999999999999996,0.815,4.725,3.725,1.162162162162162,2.0,5.875,0.215,0.0
8,CrossEntropyLoss,OCDF,0.010000000000000009,0.995,8.795,7.795,1.0,1.0,8.794999999999998,0.005,0.0
8,CrossEntropyLoss,OCDF,0.020000000000000018,0.965,8.31,7.31,1.0,1.0,10.809999999999997,0.035,0.0
8,CrossEntropyLoss,OCDF,0.030000000000000027,0.955,7.975,6.975,1.1111111111111112,2.0,10.30833333333333,0.05,0.0
8,CrossEntropyLoss,OCDF,0.050000000000000044,0.945,7.26,6.26,1.3636363636363635,3.0,9.259999999999998,0.075,0.0
8,CrossEntropyLoss,OCDF,0.07999999999999996,0.945,6.855,5.855,1.8181818181818181,3.0,8.355,0.1,0.0
8,CrossEntropyLoss,OCDF,0.09999999999999998,0.925,6.455,5.455,1.7333333333333334,3.0,8.055,0.13,0.0
8,CrossEntropyLoss,OCDF,0.13,0.91,6.175,5.175,1.6666666666666667,3.0,7.482692307692308,0.15,0.0
8,CrossEntropyLoss,OCDF,0.15000000000000002,0.9,5.935,4.935,1.6,3.0,7.0683333333333325,0.16,0.0
8,CrossEntropyLoss,OCDF,0.18000000000000005,0.84,5.405,4.405,1.4375,3.0,6.960555555555555,0.23,0.0
8,CrossEntropyLoss,OCDF,0.19999999999999996,0.825,5.2,4.2,1.4,3.0,6.65,0.245,0.0
8,CrossEntropyLoss,APS,0.010000000000000009,1.0,8.78,7.935,,0.0,7.935,0.0,0.15500000000000003
8,CrossEntropyLoss,APS,0.020000000000000018,1.0,8.605,7.86,,0.0,7.86,0.0,0.255
8,CrossEntropyLoss,APS,0.030000000000000027,0.995,7.95,7.445,1.0,1.0,7.445,0.005,0.475
8,CrossEntropyLoss,APS,0.050000000000000044,0.98,7.41,6.885,1.0,1.0,7.085,0.02,0.42000000000000004
8,CrossEntropyLoss,APS,0.07999999999999996,0.955,6.2,5.475,1.1111111111111112,2.0,6.35,0.05,0.22999999999999998
8,CrossEntropyLoss,APS,0.09999999999999998,0.935,5.955,5.205,1.0769230769230769,2.0,6.305,0.07,0.21499999999999997
8,CrossEntropyLoss,APS,0.13,0.885,5.53,4.73,1.1304347826086956,2.0,6.499230769230769,0.13,0.18999999999999995
8,CrossEntropyLoss,APS,0.15000000000000002,0.88,5.45,4.615,1.2083333333333333,3.0,6.415,0.145,0.15500000000000003
8,CrossEntropyLoss,APS,0.18000000000000005,0.825,4.81,3.895,1.2857142857142858,3.0,6.228333333333333,0.225,0.08499999999999996
8,CrossEntropyLoss,APS,0.19999999999999996,0.8,4.605,3.68,1.375,3.0,6.28,0.275,0.07499999999999996
8,CrossEntropyLoss,LAC,0.010000000000000009,0.985,8.63,7.815,1.0,1.0,8.815,0.015,0.15500000000000003
8,CrossEntropyLoss,LAC,0.020000000000000018,0.985,8.45,7.71,1.0,1.0,8.21,0.015,0.22999999999999998
8,CrossEntropyLoss,LAC,0.030000000000000027,0.985,7.82,6.995,1.0,1.0,7.661666666666666,0.015,0.17500000000000004
8,CrossEntropyLoss,LAC,0.050000000000000044,0.98,7.415,6.61,1.0,1.0,7.01,0.02,0.18500000000000005
8,CrossEntropyLoss,LAC,0.07999999999999996,0.945,6.615,5.875,1.0909090909090908,2.0,7.125,0.06,0.21499999999999997
8,CrossEntropyLoss,LAC,0.09999999999999998,0.915,5.87,5.0,1.0588235294117647,2.0,6.6,0.09,0.13
8,CrossEntropyLoss,LAC,0.13,0.89,5.37,4.41,1.2272727272727273,2.0,6.41,0.135,0.040000000000000036
8,CrossEntropyLoss,LAC,0.15000000000000002,0.87,5.185,4.215,1.3076923076923077,2.0,6.481666666666666,0.17,0.030000000000000027
8,CrossEntropyLoss,LAC,0.18000000000000005,0.825,4.765,3.79,1.3428571428571427,3.0,6.401111111111111,0.235,0.025000000000000022
8,CrossEntropyLoss,LAC,0.19999999999999996,0.805,4.545,3.57,1.3846153846153846,3.0,6.27,0.27,0.025000000000000022
9,CrossEntropyLoss,min-CPS,0.010000000000000009,1.0,8.59,7.59,,0.0,7.59,0.0,0.0
9,CrossEntropyLoss,min-CPS,0.020000000000000018,0.99,7.355,6.355,1.0,1.0,7.354999999999999,0.01,0.0
9,CrossEntropyLoss,min-CPS,0.030000000000000027,0.985,7.295,6.295,1.0,1.0,7.295,0.015,0.0
9,CrossEntropyLoss,min-CPS,0.050000000000000044,0.965,7.075,6.075,1.0,1.0,7.475,0.035,0.0
9,CrossEntropyLoss,min-CPS,0.07999999999999996,0.94,6.11,5.11,1.3333333333333333,2.0,7.110000000000001,0.08,0.0
9,CrossEntropyLoss,min-CPS,0.09999999999999998,0.915,6.055,5.055,1.2941176470588236,2.0,7.255,0.11,0.0
9,CrossEntropyLoss,min-CPS,0.13,0.895,5.975,4.975,1.2380952380952381,2.0,6.975,0.13,0.0
9,CrossEntropyLoss,min-CPS,0.15000000000000002,0.895,5.625,4.625,1.2380952380952381,2.0,6.3583333333333325,0.13,0.0
9,CrossEntropyLoss,min-CPS,0.18000000000000005,0.84,5.03,4.03,1.21875,3.0,6.196666666666666,0.195,0.0
9,CrossEntropyLoss,min-CPS,0.19999999999999996,0.81,4.945,3.945,1.236842105263158,3.0,6.295,0.235,0.0
9,CrossEntropyLoss,RPS,0.010000000000000009,0.995,7.595,6.595,1.0,1.0,7.594999999999999,0.005,0.0
9,CrossEntropyLoss,RPS,0.020000000000000018,0.99,7.495,6.495,1.0,1.0,7.494999999999999,0.01,0.0
9,CrossEntropyLoss,RPS,0.030000000000000027,0.975,7.26,6.26,1.0,1.0,7.926666666666665,0.025,0.0
9,CrossEntropyLoss,RPS,0.050000000000000044,0.965,6.745,5.745,1.0,1.0,7.144999999999999,0.035,0.0
9,CrossEntropyLoss,RPS,0.07999999999999996,0.945,6.195,5.195,1.0,1.0,6.57,0.055,0.0
9,CrossEntropyLoss,RPS,0.09999999999999998,0.935,6.135,5.135,1.0,1.0,6.435,0.065,0.0
9,CrossEntropyLoss,RPS,0.13,0.89,5.42,4.42,1.2272727272727273,2.0,6.4969230769230775,0.135,0.0
9,CrossEntropyLoss,RPS,0.15000000000000002,0.875,5.22,4.22,1.2,2.0,6.22,0.15,0.0
9,CrossEntropyLoss,RPS,0.18000000000000005,0.85,4.945,3.945,1.1666666666666667,2.0,5.889444444444443,0.175,0.0
9,CrossEntropyLoss,RPS,0.19999999999999996,0.85,4.885,3.885,1.2,2.0,5.685,0.18,0.0
9,CrossEntropyLoss,OCDF,0.010000000000000009,1.0,8.8,7.8,,0.0,7.8,0.0,0.0
9,CrossEntropyLoss,OCDF,0.020000000000000018,0.98,8.77,7.77,1.0,1.0,9.769999999999998,0.02,0.0
9,CrossEntropyLoss,OCDF,0.030000000000000027,0.98,8.315,7.315,1.0,1.0,8.648333333333333,0.02,0.0
9,CrossEntropyLoss,OCDF,0.050000000000000044,0.97,7.95,6.95,1.0,1.0,8.15,0.03,0.0
9,CrossEntropyLoss,OCDF,0.07999999999999996,0.955,6.84,5.84,1.5555555555555556,2.0,7.59,0.07,0.0
9,CrossEntropyLoss,OCDF,0.09999999999999998,0.93,6.535,5.535,1.3571428571428572,2.0,7.435,0.095,0.0
9,CrossEntropyLoss,OCDF,0.13,0.885,6.04,5.04,1.2608695652173914,3.0,7.270769230769231,0.145,0.0
9,CrossEntropyLoss,OCDF,0.15000000000000002,0.885,5.97,4.97,1.3043478260869565,3.0,6.97,0.15,0.0
9,CrossEntropyLoss,OCDF,0.18000000000000005,0.86,5.605,4.605,1.25,3.0,6.549444444444443,0.175,0.0
9,CrossEntropyLoss,OCDF,0.19999999999999996,0.855,5.485,4.485,1.2413793103448276,3.0,6.285,0.18,0.0
9,CrossEntropyLoss,APS,0.010000000000000009,0.99,8.735,7.88,1.0,1.0,8.879999999999999,0.01,0.14500000000000002
9,CrossEntropyLoss,APS,0.020000000000000018,0.985,8.195,7.675,1.0,1.0,8.674999999999999,0.015,0.48
9,CrossEntropyLoss,APS,0.030000000000000027,0.98,7.98,7.455,1.0,1.0,8.455,0.02,0.45999999999999996
9,CrossEntropyLoss,APS,0.050000000000000044,0.975,6.94,6.395,1.2,2.0,7.395,0.03,0.375
9,CrossEntropyLoss,APS,0.07999999999999996,0.925,6.025,5.36,1.1333333333333333,3.0,6.985,0.085,0.28
9,CrossEntropyLoss,APS,0.09999999999999998,0.9,5.79,5.055,1.15,3.0,7.055,0.115,0.235
9,CrossEntropyLoss,APS,0.13,0.865,5.36,4.53,1.2222222222222223,3.0,6.914615384615385,0.165,0.16000000000000003
9,CrossEntropyLoss,APS,0.15000000000000002,0.86,5.145,4.255,1.25,3.0,6.5216666666666665,0.175,0.10999999999999999
9,CrossEntropyLoss,APS,0.18000000000000005,0.84,4.94,4.015,1.28125,3.0,6.237222222222222,0.205,0.07499999999999996
9,CrossEntropyLoss,APS,0.19999999999999996,0.825,4.58,3.655,1.3142857142857143,3.0,5.955,0.23,0.07499999999999996
9,CrossEntropyLoss,LAC,0.010000000000000009,0.985,8.685,7.86,1.0,1.0,8.86,0.015,0.14500000000000002
9,CrossEntropyLoss,LAC,0.020000000000000018,0.985,8.51,7.745,1.0,1.0,8.245,0.015,0.20499999999999996
9,CrossEntropyLoss,LAC,0.030000000000000027,0.98,7.91,7.045,1.0,1.0,8.045,0.02,0.135
9,CrossEntropyLoss,LAC,0.050000000000000044,0.975,7.1,6.355,1.0,1.0,7.155,0.025,0.255
9,CrossEntropyLoss,LAC,0.07999999999999996,0.94,6.635,5.885,1.0,1.0,7.26,0.06,0.20999999999999996
9,CrossEntropyLoss,LAC,0.09999999999999998,0.915,5.92,5.045,1.0,1.0,6.645,0.085,0.125
9,CrossEntropyLoss,LAC,0.13,0.885,5.24,4.32,1.1304347826086956,2.0,6.243076923076924,0.13,0.07999999999999996
9,CrossEntropyLoss,LAC,0.15000000000000002,0.865,5.165,4.225,1.2222222222222223,2.0,6.425,0.165,0.06000000000000005
9,CrossEntropyLoss,LAC,0.18000000000000005,0.84,4.835,3.865,1.28125,3.0,6.142777777777777,0.205,0.030000000000000027
9,CrossEntropyLoss,LAC,0.19999999999999996,0.8,4.535,3.565,1.325,3.0,6.215,0.265,0.030000000000000027
10,CrossEntropyLoss,min-CPS,0.010000000000000009,0.99,8.355,7.355,1.0,1.0,9.354999999999997,0.01,0.0
10,CrossEntropyLoss,min-CPS,0.020000000000000018,0.975,7.265,6.265,1.2,2.0,9.264999999999997,0.03,0.0
10,CrossEntropyLoss,min-CPS,0.030000000000000027,0.975,7.265,6.265,1.2,2.0,8.264999999999999,0.03,0.0
10,CrossEntropyLoss,min-CPS,0.050000000000000044,0.965,7.04,6.04,1.1428571428571428,2.0,7.639999999999999,0.04,0.0
10,CrossEntropyLoss,min-CPS,0.07999999999999996,0.925,6.11,5.11,1.4,3.0,7.735000000000002,0.105,0.0
10,CrossEntropyLoss,min-CPS,0.09999999999999998,0.905,6.005,5.005,1.3157894736842106,3.0,7.505,0.125,0.0
10,CrossEntropyLoss,min-CPS,0.13,0.905,5.735,4.735,1.368421052631579,3.0,6.735,0.13,0.0
10,CrossEntropyLoss,min-CPS,0.15000000000000002,0.91,5.705,4.705,1.3888888888888888,3.0,6.371666666666666,0.125,0.0
10,CrossEntropyLoss,min-CPS,0.18000000000000005,0.84,5.025,4.025,1.375,3.0,6.469444444444443,0.22,0.0
10,CrossEntropyLoss,min-CPS,0.19999999999999996,0.795,4.86,3.86,1.4146341463414633,4.0,6.76,0.29,0.0
10,CrossEntropyLoss,RPS,0.010000000000000009,0.99,7.48,6.48,1.0,1.0,8.479999999999997,0.01,0.0
10,CrossEntropyLoss,RPS,0.020000000000000018,0.99,7.46,6.46,1.0,1.0,7.459999999999999,0.01,0.0
10,CrossEntropyLoss,RPS,0.030000000000000027,0.99,7.46,6.46,1.0,1.0,7.126666666666666,0.01,0.0
10,CrossEntropyLoss,RPS,0.050000000000000044,0.97,6.935,5.935,1.1666666666666667,2.0,7.335,0.035,0.0
10,CrossEntropyLoss,RPS,0.07999999999999996,0.945,6.215,5.215,1.0909090909090908,2.0,6.715,0.06,0.0
10,CrossEntropyLoss,RPS,0.09999999999999998,0.935,6.15,5.15,1.0769230769230769,2.0,6.55,0.07,0.0
10,CrossEntropyLoss,RPS,0.13,0.88,5.28,4.28,1.1666666666666667,2.0,6.433846153846154,0.14,0.0
10,CrossEntropyLoss,RPS,0.15000000000000002,0.855,5.015,4.015,1.206896551724138,3.0,6.348333333333333,0.175,0.0
10,CrossEntropyLoss,RPS,0.18000000000000005,0.835,4.905,3.905,1.1818181818181819,3.0,6.071666666666666,0.195,0.0
10,CrossEntropyLoss,RPS,0.19999999999999996,0.825,4.805,3.805,1.2,3.0,5.905,0.21,0.0
10,CrossEntropyLoss,OCDF,0.010000000000000009,1.0,8.735,7.735,,0.0,7.735,0.0,0.0
10,CrossEntropyLoss,OCDF,0.020000000000000018,0.97,8.26,7.26,1.0,1.0,10.259999999999996,0.03,0.0
10,CrossEntropyLoss,OCDF,0.030000000000000027,0.97,8.07,7.07,1.1666666666666667,2.0,9.40333333333333,0.035,0.0
10,CrossEntropyLoss,OCDF,0.050000000000000044,0.96,7.3,6.3,1.25,2.0,8.299999999999997,0.05,0.0
10,CrossEntropyLoss,OCDF,0.07999999999999996,0.945,6.75,5.75,1.6363636363636365,3.0,8.000000000000002,0.09,0.0
10,CrossEntropyLoss,OCDF,0.09999999999999998,0.905,6.21,5.21,1.4736842105263157,3.0,8.01,0.14,0.0
10,CrossEntropyLoss,OCDF,0.13,0.875,5.86,4.86,1.4,3.0,7.552307692307693,0.175,0.0
10,CrossEntropyLoss,OCDF,0.15000000000000002,0.87,5.735,4.735,1.3846153846153846,3.0,7.134999999999999,0.18,0.0
10,CrossEntropyLoss,OCDF,0.18000000000000005,0.845,5.375,4.375,1.4193548387096775,3.0,6.819444444444444,0.22,0.0
10,CrossEntropyLoss,OCDF,0.19999999999999996,0.835,5.22,4.22,1.4242424242424243,3.0,6.57,0.235,0.0
10,CrossEntropyLoss,APS,0.010000000000000009,0.975,8.19,7.625,1.0,1.0,8.624999999999998,0.025,0.43500000000000005
10,CrossEntropyLoss,APS,0.020000000000000018,0.965,7.585,7.105,1.1428571428571428,2.0,9.104999999999997,0.04,0.47
10,CrossEntropyLoss,APS,0.030000000000000027,0.965,7.535,7.055,1.1428571428571428,2.0,8.388333333333332,0.04,0.45499999999999996
10,CrossEntropyLoss,APS,0.050000000000000044,0.95,6.4,5.785,1.1,2.0,7.384999999999999,0.055,0.30000000000000004
10,CrossEntropyLoss,APS,0.07999999999999996,0.94,6.245,5.625,1.0833333333333333,2.0,6.875,0.065,0.30500000000000005
10,CrossEntropyLoss,APS,0.09999999999999998,0.925,5.97,5.245,1.0666666666666667,2.0,6.545,0.08,0.22999999999999998
10,CrossEntropyLoss,APS,0.13,0.905,5.6,4.775,1.1578947368421053,2.0,6.313461538461538,0.11,0.16500000000000004
10,CrossEntropyLoss,APS,0.15000000000000002,0.87,5.3,4.38,1.2692307692307692,2.0,6.513333333333333,0.165,0.07999999999999996
10,CrossEntropyLoss,APS,0.18000000000000005,0.835,4.85,3.875,1.303030303030303,3.0,6.263888888888889,0.215,0.025000000000000022
10,CrossEntropyLoss,APS,0.19999999999999996,0.825,4.71,3.755,1.3428571428571427,3.0,6.105,0.235,0.04500000000000004
10,CrossEntropyLoss,LAC,0.010000000000000009,0.985,8.6,7.795,1.0,1.0,7.795,0.015,0.17500000000000004
10,CrossEntropyLoss,LAC,0.020000000000000018,0.97,7.81,6.97,1.1666666666666667,2.0,9.469999999999997,0.035,0.16000000000000003
10,CrossEntropyLoss,LAC,0.030000000000000027,0.965,7.51,6.72,1.1428571428571428,2.0,8.386666666666665,0.04,0.18999999999999995
10,CrossEntropyLoss,LAC,0.050000000000000044,0.935,6.795,6.06,1.0769230769230769,2.0,8.459999999999997,0.07,0.21999999999999997
10,CrossEntropyLoss,LAC,0.07999999999999996,0.92,6.37,5.555,1.125,2.0,7.555000000000002,0.09,0.18500000000000005
10,CrossEntropyLoss,LAC,0.09999999999999998,0.91,5.845,4.99,1.1111111111111112,2.0,6.89,0.1,0.14500000000000002
10,CrossEntropyLoss,LAC,0.13,0.89,5.385,4.415,1.1818181818181819,2.0,6.338076923076923,0.13,0.030000000000000027
10,CrossEntropyLoss,LAC,0.15000000000000002,0.88,5.25,4.265,1.25,2.0,6.265,0.15,0.015000000000000013
10,CrossEntropyLoss,LAC,0.18000000000000005,0.865,4.975,3.975,1.3703703703703705,3.0,6.030555555555555,0.185,0.0
10,CrossEntropyLoss,LAC,0.19999999999999996,0.83,4.67,3.69,1.411764705882353,3.0,6.04,0.24,0.020000000000000018
11,CrossEntropyLoss,min-CPS,0.010000000000000009,1.0,8.585,7.585,,0.0,7.585,0.0,0.0
11,CrossEntropyLoss,min-CPS,0.020000000000000018,0.99,7.32,6.32,1.0,1.0,7.3199999999999985,0.01,0.0
11,CrossEntropyLoss,min-CPS,0.030000000000000027,0.985,7.265,6.265,1.0,1.0,7.265,0.015,0.0
11,CrossEntropyLoss,min-CPS,0.050000000000000044,0.96,7.075,6.075,1.0,1.0,7.674999999999999,0.04,0.0
11,CrossEntropyLoss,min-CPS,0.07999999999999996,0.945,6.28,5.28,1.2727272727272727,2.0,7.030000000000001,0.07,0.0
11,CrossEntropyLoss,min-CPS,0.09999999999999998,0.905,6.05,5.05,1.263157894736842,2.0,7.45,0.12,0.0
11,CrossEntropyLoss,min-CPS,0.13,0.865,5.48,4.48,1.2592592592592593,2.0,7.095384615384615,0.17,0.0
11,CrossEntropyLoss,min-CPS,0.15000000000000002,0.83,5.16,4.16,1.2058823529411764,2.0,6.893333333333333,0.205,0.0
11,CrossEntropyLoss,min-CPS,0.18000000000000005,0.805,5.0,4.0,1.2307692307692308,3.0,6.666666666666668,0.24,0.0
11,CrossEntropyLoss,min-CPS,0.19999999999999996,0.8,4.98,3.98,1.225,3.0,6.43,0.245,0.0
11,CrossEntropyLoss,RPS,0.010000000000000009,1.0,7.805,6.805,,0.0,6.805,0.0,0.0
11,CrossEntropyLoss,RPS,0.020000000000000018,0.995,7.46,6.46,1.0,1.0,6.96,0.005,0.0
11,CrossEntropyLoss,RPS,0.030000000000000027,0.995,7.46,6.46,1.0,1.0,6.793333333333333,0.005,0.0
11,CrossEntropyLoss,RPS,0.050000000000000044,0.95,6.625,5.625,1.0,1.0,7.624999999999999,0.05,0.0
11,CrossEntropyLoss,RPS,0.07999999999999996,0.92,6.14,5.14,1.0,1.0,7.1400000000000015,0.08,0.0
11,CrossEntropyLoss,RPS,0.09999999999999998,0.905,5.87,4.87,1.0,1.0,6.77,0.095,0.0
11,CrossEntropyLoss,RPS,0.13,0.89,5.425,4.425,1.1818181818181819,2.0,6.425,0.13,0.0
11,CrossEntropyLoss,RPS,0.15000000000000002,0.885,5.23,4.23,1.2173913043478262,2.0,6.096666666666667,0.14,0.0
11,CrossEntropyLoss,RPS,0.18000000000000005,0.83,4.88,3.88,1.2058823529411764,2.0,6.1577777777777785,0.205,0.0
11,CrossEntropyLoss,RPS,0.19999999999999996,0.815,4.72,3.72,1.1891891891891893,2.0,5.92,0.22,0.0
11,CrossEntropyLoss,OCDF,0.010000000000000009,0.995,8.74,7.74,1.0,1.0,8.739999999999998,0.005,0.0
11,CrossEntropyLoss,OCDF,0.020000000000000018,0.995,8.74,7.74,1.0,1.0,8.24,0.005,0.0
11,CrossEntropyLoss,OCDF,0.030000000000000027,0.98,8.22,7.22,1.25,2.0,8.886666666666665,0.025,0.0
11,CrossEntropyLoss,OCDF,0.050000000000000044,0.945,7.13,6.13,1.3636363636363635,3.0,9.129999999999997,0.075,0.0
11,CrossEntropyLoss,OCDF,0.07999999999999996,0.945,6.775,5.775,1.5454545454545454,3.0,7.900000000000001,0.085,0.0
11,CrossEntropyLoss,OCDF,0.09999999999999998,0.92,6.36,5.36,1.5,3.0,7.76,0.12,0.0
11,CrossEntropyLoss,OCDF,0.13,0.905,6.14,5.14,1.4210526315789473,3.0,7.216923076923076,0.135,0.0
11,CrossEntropyLoss,OCDF,0.15000000000000002,0.825,5.475,4.475,1.3142857142857143,3.0,7.541666666666665,0.23,0.0
11,CrossEntropyLoss,OCDF,0.18000000000000005,0.76,4.84,3.84,1.3541666666666667,4.0,7.451111111111111,0.325,0.0
11,CrossEntropyLoss,OCDF,0.19999999999999996,0.755,4.69,3.69,1.346938775510204,4.0,6.99,0.33,0.0
11,CrossEntropyLoss,APS,0.010000000000000009,0.995,8.695,7.865,1.0,1.0,8.864999999999998,0.005,0.17000000000000004
11,CrossEntropyLoss,APS,0.020000000000000018,0.99,8.325,7.74,1.0,1.0,8.24,0.01,0.41500000000000004
11,CrossEntropyLoss,APS,0.030000000000000027,0.985,8.005,7.54,1.0,1.0,7.873333333333332,0.015,0.53
11,CrossEntropyLoss,APS,0.050000000000000044,0.965,6.94,6.315,1.0,1.0,6.715,0.035,0.31999999999999995
11,CrossEntropyLoss,APS,0.07999999999999996,0.95,6.255,5.555,1.0,1.0,6.305,0.05,0.26
11,CrossEntropyLoss,APS,0.09999999999999998,0.93,5.88,5.16,1.0,1.0,6.26,0.07,0.245
11,CrossEntropyLoss,APS,0.13,0.89,5.565,4.78,1.0454545454545454,2.0,6.318461538461538,0.115,0.19499999999999995
11,CrossEntropyLoss,APS,0.15000000000000002,0.835,5.045,4.09,1.1818181818181819,2.0,6.69,0.195,0.04500000000000004
11,CrossEntropyLoss,APS,0.18000000000000005,0.815,4.79,3.82,1.2162162162162162,2.0,6.264444444444443,0.225,0.030000000000000027
11,CrossEntropyLoss,APS,0.19999999999999996,0.81,4.605,3.68,1.2894736842105263,2.0,6.03,0.245,0.07499999999999996
11,CrossEntropyLoss,LAC,0.010000000000000009,1.0,8.795,7.885,,0.0,7.885,0.0,0.06999999999999995
11,CrossEntropyLoss,LAC,0.020000000000000018,0.985,8.465,7.725,1.0,1.0,8.225,0.015,0.24
11,CrossEntropyLoss,LAC,0.030000000000000027,0.98,7.895,7.04,1.0,1.0,8.04,0.02,0.14500000000000002
11,CrossEntropyLoss,LAC,0.050000000000000044,0.975,7.045,6.245,1.0,1.0,6.845,0.025,0.19999999999999996
11,CrossEntropyLoss,LAC,0.07999999999999996,0.96,6.755,5.975,1.0,1.0,6.725,0.04,0.18500000000000005
11,CrossEntropyLoss,LAC,0.09999999999999998,0.945,6.465,5.645,1.0909090909090908,2.0,6.745,0.06,0.18000000000000005
11,CrossEntropyLoss,LAC,0.13,0.885,5.29,4.365,1.2173913043478262,2.0,6.441923076923078,0.14,0.07499999999999996
11,CrossEntropyLoss,LAC,0.15000000000000002,0.865,5.215,4.27,1.2962962962962963,2.0,6.603333333333333,0.175,0.05500000000000005
11,CrossEntropyLoss,LAC,0.18000000000000005,0.825,4.815,3.845,1.2857142857142858,2.0,6.344999999999999,0.225,0.030000000000000027
11,CrossEntropyLoss,LAC,0.19999999999999996,0.815,4.65,3.68,1.3243243243243243,3.0,6.13,0.245,0.030000000000000027
12,CrossEntropyLoss,min-CPS,0.010000000000000009,1.0,8.57,7.57,,0.0,7.57,0.0,0.0
12,CrossEntropyLoss,min-CPS,0.020000000000000018,0.995,7.405,6.405,1.0,1.0,6.905,0.005,0.0
12,CrossEntropyLoss,min-CPS,0.030000000000000027,0.985,7.305,6.305,1.0,1.0,7.305,0.015,0.0
12,CrossEntropyLoss,min-CPS,0.050000000000000044,0.96,7.045,6.045,1.0,1.0,7.644999999999999,0.04,0.0
12,CrossEntropyLoss,min-CPS,0.07999999999999996,0.935,6.095,5.095,1.3846153846153846,2.0,7.345000000000002,0.09,0.0
12,CrossEntropyLoss,min-CPS,0.09999999999999998,0.905,5.995,4.995,1.263157894736842,2.0,7.395,0.12,0.0
12,CrossEntropyLoss,min-CPS,0.13,0.875,5.615,4.615,1.32,2.0,7.1534615384615385,0.165,0.0
12,CrossEntropyLoss,min-CPS,0.15000000000000002,0.815,5.015,4.015,1.2702702702702702,2.0,7.1483333333333325,0.235,0.0
12,CrossEntropyLoss,min-CPS,0.18000000000000005,0.8,4.95,3.95,1.3,3.0,6.838888888888888,0.26,0.0
12,CrossEntropyLoss,min-CPS,0.19999999999999996,0.815,4.94,3.94,1.4324324324324325,3.0,6.59,0.265,0.0
12,CrossEntropyLoss,RPS,0.010000000000000009,1.0,7.76,6.76,,0.0,6.76,0.0,0.0
12,CrossEntropyLoss,RPS,0.020000000000000018,1.0,7.505,6.505,,0.0,6.505,0.0,0.0
12,CrossEntropyLoss,RPS,0.030000000000000027,1.0,7.49,6.49,,0.0,6.49,0.0,0.0
12,CrossEntropyLoss,RPS,0.050000000000000044,0.94,6.545,5.545,1.0,1.0,7.944999999999998,0.06,0.0
12,CrossEntropyLoss,RPS,0.07999999999999996,0.925,6.105,5.105,1.0,1.0,6.980000000000001,0.075,0.0
12,CrossEntropyLoss,RPS,0.09999999999999998,0.925,6.105,5.105,1.0,1.0,6.605,0.075,0.0
12,CrossEntropyLoss,RPS,0.13,0.875,5.295,4.295,1.12,2.0,6.448846153846155,0.14,0.0
12,CrossEntropyLoss,RPS,0.15000000000000002,0.86,5.07,4.07,1.1785714285714286,2.0,6.27,0.165,0.0
12,CrossEntropyLoss,RPS,0.18000000000000005,0.84,4.905,3.905,1.15625,2.0,5.960555555555555,0.185,0.0
12,CrossEntropyLoss,RPS,0.19999999999999996,0.815,4.71,3.71,1.2162162162162162,2.0,5.96,0.225,0.0
12,CrossEntropyLoss,OCDF,0.010000000000000009,1.0,8.715,7.715,,0.0,7.715,0.0,0.0
12,CrossEntropyLoss,OCDF,0.020000000000000018,1.0,8.715,7.715,,0.0,7.715,0.0,0.0
12,CrossEntropyLoss,OCDF,0.030000000000000027,1.0,8.715,7.715,,0.0,7.715,0.0,0.0
12,CrossEntropyLoss,OCDF,0.050000000000000044,0.985,7.99,6.99,1.3333333333333333,2.0,7.79,0.02,0.0
12,CrossEntropyLoss,OCDF,0.07999999999999996,0.955,6.765,5.765,1.4444444444444444,3.0,7.39,0.065,0.0
12,CrossEntropyLoss,OCDF,0.09999999999999998,0.925,6.34,5.34,1.3333333333333333,3.0,7.34,0.1,0.0
12,CrossEntropyLoss,OCDF,0.13,0.88,5.88,4.88,1.25,3.0,7.187692307692308,0.15,0.0
12,CrossEntropyLoss,OCDF,0.15000000000000002,0.85,5.65,4.65,1.3,3.0,7.25,0.195,0.0
12,CrossEntropyLoss,OCDF,0.18000000000000005,0.815,5.24,4.24,1.2432432432432432,3.0,6.795555555555555,0.23,0.0
12,CrossEntropyLoss,OCDF,0.19999999999999996,0.81,5.11,4.11,1.263157894736842,3.0,6.51,0.24,0.0
12,CrossEntropyLoss,APS,0.010000000000000009,1.0,8.555,7.83,,0.0,7.83,0.0,0.275
12,CrossEntropyLoss,APS,0.020000000000000018,0.985,8.08,7.61,1.0,1.0,8.11,0.015,0.515
12,CrossEntropyLoss,APS,0.030000000000000027,0.985,7.96,7.495,1.0,1.0,7.828333333333332,0.015,0.5
12,CrossEntropyLoss,APS,0.050000000000000044,0.97,6.875,6.35,1.0,1.0,6.75,0.03,0.395
12,CrossEntropyLoss,APS,0.07999999999999996,0.915,6.025,5.32,1.0588235294117647,2.0,6.945,0.09,0.245
12,CrossEntropyLoss,APS,0.09999999999999998,0.915,5.89,5.13,1.0588235294117647,2.0,6.53,0.09,0.20999999999999996
12,CrossEntropyLoss,APS,0.13,0.87,5.39,4.52,1.2307692307692308,2.0,6.750769230769231,0.16,0.125
12,CrossEntropyLoss,APS,0.15000000000000002,0.855,5.175,4.265,1.2758620689655173,2.0,6.598333333333333,0.185,0.08999999999999997
12,CrossEntropyLoss,APS,0.18000000000000005,0.835,4.785,3.855,1.303030303030303,2.0,6.243888888888888,0.215,0.06999999999999995
12,CrossEntropyLoss,APS,0.19999999999999996,0.82,4.69,3.755,1.3333333333333333,3.0,6.105,0.24,0.06499999999999995
12,CrossEntropyLoss,LAC,0.010000000000000009,0.995,8.68,7.855,1.0,1.0,7.855,0.005,0.14
12,CrossEntropyLoss,LAC,0.020000000000000018,0.99,8.61,7.855,1.0,1.0,7.855,0.01,0.18500000000000005
12,CrossEntropyLoss,LAC,0.030000000000000027,0.98,7.87,7.045,1.0,1.0,7.711666666666666,0.02,0.17500000000000004
12,CrossEntropyLoss,LAC,0.050000000000000044,0.97,6.89,6.23,1.0,1.0,6.83,0.03,0.275
12,CrossEntropyLoss,LAC,0.07999999999999996,0.94,6.62,5.92,1.0833333333333333,2.0,7.17,0.065,0.255
12,CrossEntropyLoss,LAC,0.09999999999999998,0.93,6.06,5.17,1.1428571428571428,2.0,6.67,0.08,0.10999999999999999
12,CrossEntropyLoss,LAC,0.13,0.88,5.29,4.335,1.25,2.0,6.565769230769231,0.15,0.04500000000000004
12,CrossEntropyLoss,LAC,0.15000000000000002,0.86,5.165,4.185,1.3571428571428572,2.0,6.718333333333333,0.19,0.020000000000000018
12,CrossEntropyLoss,LAC,0.18000000000000005,0.815,4.785,3.825,1.3243243243243243,2.0,6.491666666666666,0.245,0.040000000000000036
12,CrossEntropyLoss,LAC,0.19999999999999996,0.8,4.555,3.595,1.4,3.0,6.345,0.28,0.040000000000000036
13,CrossEntropyLoss,min-CPS,0.010000000000000009,1.0,8.525,7.525,,0.0,7.525,0.0,0.0
13,CrossEntropyLoss,min-CPS,0.020000000000000018,0.995,7.375,6.375,1.0,1.0,6.875,0.005,0.0
13,CrossEntropyLoss,min-CPS,0.030000000000000027,0.995,7.315,6.315,1.0,1.0,6.6483333333333325,0.005,0.0
13,CrossEntropyLoss,min-CPS,0.050000000000000044,0.96,7.055,6.055,1.0,1.0,7.655,0.04,0.0
13,CrossEntropyLoss,min-CPS,0.07999999999999996,0.945,6.265,5.265,1.3636363636363635,2.0,7.14,0.075,0.0
13,CrossEntropyLoss,min-CPS,0.09999999999999998,0.905,6.02,5.02,1.2105263157894737,2.0,7.32,0.115,0.0
13,CrossEntropyLoss,min-CPS,0.13,0.885,5.965,4.965,1.173913043478261,2.0,7.041923076923077,0.135,0.0
13,CrossEntropyLoss,min-CPS,0.15000000000000002,0.885,5.52,4.52,1.2173913043478262,2.0,6.386666666666667,0.14,0.0
13,CrossEntropyLoss,min-CPS,0.18000000000000005,0.805,4.98,3.98,1.1794871794871795,2.0,6.535555555555554,0.23,0.0
13,CrossEntropyLoss,min-CPS,0.19999999999999996,0.805,4.955,3.955,1.205128205128205,2.0,6.305,0.235,0.0
13,CrossEntropyLoss,RPS,0.010000000000000009,1.0,7.785,6.785,,0.0,6.785,0.0,0.0
13,CrossEntropyLoss,RPS,0.020000000000000018,1.0,7.495,6.495,,0.0,6.495,0.0,0.0
13,CrossEntropyLoss,RPS,0.030000000000000027,1.0,7.475,6.475,,0.0,6.475,0.0,0.0
13,CrossEntropyLoss,RPS,0.050000000000000044,0.975,6.955,5.955,1.0,1.0,6.955,0.025,0.0
13,CrossEntropyLoss,RPS,0.07999999999999996,0.955,6.38,5.38,1.0,1.0,6.505,0.045,0.0
13,CrossEntropyLoss,RPS,0.09999999999999998,0.93,6.13,5.13,1.0,1.0,6.53,0.07,0.0
13,CrossEntropyLoss,RPS,0.13,0.88,5.3,4.3,1.125,2.0,6.376923076923077,0.135,0.0
13,CrossEntropyLoss,RPS,0.15000000000000002,0.88,5.215,4.215,1.1666666666666667,2.0,6.081666666666666,0.14,0.0
13,CrossEntropyLoss,RPS,0.18000000000000005,0.84,4.905,3.905,1.125,2.0,5.905,0.18,0.0
13,CrossEntropyLoss,RPS,0.19999999999999996,0.825,4.795,3.795,1.1428571428571428,2.0,5.795,0.2,0.0
13,CrossEntropyLoss,OCDF,0.010000000000000009,1.0,8.775,7.775,,0.0,7.775,0.0,0.0
13,CrossEntropyLoss,OCDF,0.020000000000000018,1.0,8.775,7.775,,0.0,7.775,0.0,0.0
13,CrossEntropyLoss,OCDF,0.030000000000000027,0.98,8.295,7.295,1.0,1.0,8.628333333333332,0.02,0.0
13,CrossEntropyLoss,OCDF,0.050000000000000044,0.97,7.915,6.915,1.1666666666666667,2.0,8.315,0.035,0.0
13,CrossEntropyLoss,OCDF,0.07999999999999996,0.955,6.815,5.815,1.6666666666666667,3.0,7.690000000000001,0.075,0.0
13,CrossEntropyLoss,OCDF,0.09999999999999998,0.925,6.45,5.45,1.4666666666666666,3.0,7.65,0.11,0.0
13,CrossEntropyLoss,OCDF,0.13,0.905,6.19,5.19,1.368421052631579,3.0,7.19,0.13,0.0
13,CrossEntropyLoss,OCDF,0.15000000000000002,0.87,5.82,4.82,1.3076923076923077,3.0,7.086666666666666,0.17,0.0
13,CrossEntropyLoss,OCDF,0.18000000000000005,0.845,5.475,4.475,1.2903225806451613,3.0,6.697222222222222,0.2,0.0
13,CrossEntropyLoss,OCDF,0.19999999999999996,0.83,5.315,4.315,1.2647058823529411,3.0,6.465,0.215,0.0
13,CrossEntropyLoss,APS,0.010000000000000009,0.995,8.84,7.93,1.0,1.0,7.93,0.005,0.08999999999999997
13,CrossEntropyLoss,APS,0.020000000000000018,0.99,8.375,7.75,1.0,1.0,8.25,0.01,0.375
13,CrossEntropyLoss,APS,0.030000000000000027,0.985,8.15,7.63,1.0,1.0,8.296666666666667,0.015,0.475
13,CrossEntropyLoss,APS,0.050000000000000044,0.985,7.575,7.105,1.0,1.0,7.505,0.015,0.47
13,CrossEntropyLoss,APS,0.07999999999999996,0.935,6.18,5.5,1.0,1.0,6.625,0.065,0.275
13,CrossEntropyLoss,APS,0.09999999999999998,0.915,5.935,5.185,1.0588235294117647,2.0,6.585,0.09,0.21499999999999997
13,CrossEntropyLoss,APS,0.13,0.875,5.47,4.62,1.08,2.0,6.543076923076923,0.135,0.14500000000000002
13,CrossEntropyLoss,APS,0.15000000000000002,0.845,5.21,4.3,1.1612903225806452,2.0,6.7,0.18,0.08999999999999997
13,CrossEntropyLoss,APS,0.18000000000000005,0.84,5.005,4.09,1.21875,2.0,6.256666666666665,0.195,0.08499999999999996
13,CrossEntropyLoss,APS,0.19999999999999996,0.79,4.535,3.625,1.2857142857142858,2.0,6.175,0.27,0.08999999999999997
13,CrossEntropyLoss,LAC,0.010000000000000009,0.995,8.65,7.81,1.0,1.0,7.81,0.005,0.13
13,CrossEntropyLoss,LAC,0.020000000000000018,0.99,8.565,7.81,1.0,1.0,7.81,0.01,0.18999999999999995
13,CrossEntropyLoss,LAC,0.030000000000000027,0.99,8.35,7.59,1.0,1.0,7.923333333333333,0.01,0.20999999999999996
13,CrossEntropyLoss,LAC,0.050000000000000044,0.98,7.44,6.65,1.0,1.0,7.05,0.02,0.19499999999999995
13,CrossEntropyLoss,LAC,0.07999999999999996,0.935,6.59,5.8,1.0769230769230769,2.0,7.3,0.07,0.20999999999999996
13,CrossEntropyLoss,LAC,0.09999999999999998,0.935,6.26,5.385,1.0769230769230769,2.0,6.685,0.07,0.125
13,CrossEntropyLoss,LAC,0.13,0.885,5.3,4.375,1.173913043478261,2.0,6.375,0.135,0.07499999999999996
13,CrossEntropyLoss,LAC,0.15000000000000002,0.86,5.185,4.23,1.25,2.0,6.563333333333333,0.175,0.04500000000000004
13,CrossEntropyLoss,LAC,0.18000000000000005,0.81,4.675,3.71,1.263157894736842,2.0,6.321111111111111,0.24,0.03500000000000003
13,CrossEntropyLoss,LAC,0.19999999999999996,0.8,4.56,3.595,1.3,2.0,6.145,0.26,0.03500000000000003
14,CrossEntropyLoss,min-CPS,0.010000000000000009,0.995,7.905,6.905,1.0,1.0,7.9049999999999985,0.005,0.0
14,CrossEntropyLoss,min-CPS,0.020000000000000018,0.975,7.255,6.255,1.0,1.0,8.754999999999997,0.025,0.0
14,CrossEntropyLoss,min-CPS,0.030000000000000027,0.975,7.255,6.255,1.0,1.0,7.921666666666665,0.025,0.0
14,CrossEntropyLoss,min-CPS,0.050000000000000044,0.96,7.04,6.04,1.0,1.0,7.639999999999999,0.04,0.0
14,CrossEntropyLoss,min-CPS,0.07999999999999996,0.915,6.035,5.035,1.2941176470588236,2.0,7.785000000000002,0.11,0.0
14,CrossEntropyLoss,min-CPS,0.09999999999999998,0.915,6.035,5.035,1.2941176470588236,2.0,7.235,0.11,0.0
14,CrossEntropyLoss,min-CPS,0.13,0.83,5.135,4.135,1.3235294117647058,3.0,7.5965384615384615,0.225,0.0
14,CrossEntropyLoss,min-CPS,0.15000000000000002,0.81,5.01,4.01,1.3421052631578947,3.0,7.41,0.255,0.0
14,CrossEntropyLoss,min-CPS,0.18000000000000005,0.8,4.935,3.935,1.425,3.0,7.101666666666667,0.285,0.0
14,CrossEntropyLoss,min-CPS,0.19999999999999996,0.785,4.895,3.895,1.5116279069767442,3.0,7.145,0.325,0.0
14,CrossEntropyLoss,RPS,0.010000000000000009,0.985,7.47,6.47,1.0,1.0,9.469999999999997,0.015,0.0
14,CrossEntropyLoss,RPS,0.020000000000000018,0.985,7.47,6.47,1.0,1.0,7.969999999999998,0.015,0.0
14,CrossEntropyLoss,RPS,0.030000000000000027,0.935,6.675,5.675,1.0,1.0,10.008333333333331,0.065,0.0
14,CrossEntropyLoss,RPS,0.050000000000000044,0.915,6.205,5.205,1.0,1.0,8.604999999999997,0.085,0.0
14,CrossEntropyLoss,RPS,0.07999999999999996,0.885,5.86,4.86,1.0434782608695652,2.0,7.860000000000002,0.12,0.0
14,CrossEntropyLoss,RPS,0.09999999999999998,0.85,5.315,4.315,1.2,2.0,7.915,0.18,0.0
14,CrossEntropyLoss,RPS,0.13,0.835,5.01,4.01,1.2121212121212122,2.0,7.086923076923076,0.2,0.0
14,CrossEntropyLoss,RPS,0.15000000000000002,0.82,4.94,3.94,1.1944444444444444,2.0,6.806666666666667,0.215,0.0
14,CrossEntropyLoss,RPS,0.18000000000000005,0.81,4.78,3.78,1.263157894736842,2.0,6.446666666666665,0.24,0.0
14,CrossEntropyLoss,RPS,0.19999999999999996,0.8,4.665,3.665,1.3,2.0,6.265,0.26,0.0
14,CrossEntropyLoss,OCDF,0.010000000000000009,0.995,8.695,7.695,1.0,1.0,8.694999999999999,0.005,0.0
14,CrossEntropyLoss,OCDF,0.020000000000000018,0.97,8.195,7.195,1.1666666666666667,2.0,10.694999999999995,0.035,0.0
14,CrossEntropyLoss,OCDF,0.030000000000000027,0.95,7.785,6.785,1.2,2.0,10.784999999999998,0.06,0.0
14,CrossEntropyLoss,OCDF,0.050000000000000044,0.925,6.64,5.64,1.6666666666666667,3.0,10.639999999999995,0.125,0.0
14,CrossEntropyLoss,OCDF,0.07999999999999996,0.91,6.36,5.36,1.5555555555555556,3.0,8.860000000000003,0.14,0.0
14,CrossEntropyLoss,OCDF,0.09999999999999998,0.875,6.035,5.035,1.44,3.0,8.635,0.18,0.0
14,CrossEntropyLoss,OCDF,0.13,0.865,5.745,4.745,1.5185185185185186,3.0,7.898846153846153,0.205,0.0
14,CrossEntropyLoss,OCDF,0.15000000000000002,0.85,5.61,4.61,1.4666666666666666,3.0,7.543333333333333,0.22,0.0
14,CrossEntropyLoss,OCDF,0.18000000000000005,0.825,5.285,4.285,1.457142857142857,4.0,7.118333333333332,0.255,0.0
14,CrossEntropyLoss,OCDF,0.19999999999999996,0.82,5.105,4.105,1.5,4.0,6.805,0.27,0.0
14,CrossEntropyLoss,APS,0.010000000000000009,1.0,8.44,7.74,,0.0,7.74,0.0,0.30000000000000004
14,CrossEntropyLoss,APS,0.020000000000000018,0.97,7.565,7.045,1.0,1.0,8.544999999999998,0.03,0.42500000000000004
14,CrossEntropyLoss,APS,0.030000000000000027,0.945,6.56,5.905,1.0,1.0,8.238333333333333,0.055,0.28
14,CrossEntropyLoss,APS,0.050000000000000044,0.92,6.12,5.43,1.0625,2.0,7.829999999999997,0.085,0.245
14,CrossEntropyLoss,APS,0.07999999999999996,0.895,5.83,5.085,1.1428571428571428,2.0,7.585000000000003,0.12,0.20999999999999996
14,CrossEntropyLoss,APS,0.09999999999999998,0.87,5.45,4.635,1.2692307692307692,2.0,7.635,0.165,0.16500000000000004
14,CrossEntropyLoss,APS,0.13,0.845,5.205,4.31,1.3225806451612903,2.0,7.31,0.205,0.09499999999999997
14,CrossEntropyLoss,APS,0.15000000000000002,0.805,4.83,3.885,1.3846153846153846,3.0,7.485,0.27,0.05500000000000005
14,CrossEntropyLoss,APS,0.18000000000000005,0.785,4.5,3.6,1.441860465116279,3.0,7.044444444444443,0.31,0.09999999999999998
14,CrossEntropyLoss,APS,0.19999999999999996,0.77,4.305,3.465,1.4565217391304348,3.0,6.765,0.335,0.16000000000000003
14,CrossEntropyLoss,LAC,0.010000000000000009,0.995,8.69,7.795,1.0,1.0,8.794999999999998,0.005,0.09999999999999998
14,CrossEntropyLoss,LAC,0.020000000000000018,0.98,8.34,7.51,1.0,1.0,8.509999999999998,0.02,0.16500000000000004
14,CrossEntropyLoss,LAC,0.030000000000000027,0.95,6.815,6.11,1.0,1.0,8.443333333333333,0.05,0.25
14,CrossEntropyLoss,LAC,0.050000000000000044,0.925,6.65,5.895,1.0,1.0,8.294999999999998,0.075,0.22499999999999998
14,CrossEntropyLoss,LAC,0.07999999999999996,0.895,5.905,5.04,1.0952380952380953,2.0,7.790000000000003,0.115,0.135
14,CrossEntropyLoss,LAC,0.09999999999999998,0.865,5.505,4.53,1.2592592592592593,2.0,7.83,0.17,0.025000000000000022
14,CrossEntropyLoss,LAC,0.13,0.835,5.13,4.13,1.393939393939394,2.0,7.668461538461538,0.23,0.0
14,CrossEntropyLoss,LAC,0.15000000000000002,0.81,4.865,3.895,1.4736842105263157,3.0,7.561666666666665,0.28,0.030000000000000027
14,CrossEntropyLoss,LAC,0.18000000000000005,0.775,4.55,3.58,1.488888888888889,3.0,7.246666666666665,0.335,0.030000000000000027
14,CrossEntropyLoss,LAC,0.19999999999999996,0.755,4.39,3.515,1.469387755102041,3.0,6.915,0.36,0.125
15,CrossEntropyLoss,min-CPS,0.010000000000000009,0.995,7.935,6.935,1.0,1.0,7.934999999999999,0.005,0.0
15,CrossEntropyLoss,min-CPS,0.020000000000000018,0.975,7.275,6.275,1.2,2.0,9.274999999999999,0.03,0.0
15,CrossEntropyLoss,min-CPS,0.030000000000000027,0.975,7.275,6.275,1.2,2.0,8.274999999999999,0.03,0.0
15,CrossEntropyLoss,min-CPS,0.050000000000000044,0.96,7.025,6.025,1.125,2.0,7.8249999999999975,0.045,0.0
15,CrossEntropyLoss,min-CPS,0.07999999999999996,0.925,6.09,5.09,1.4,3.0,7.7150000000000025,0.105,0.0
15,CrossEntropyLoss,min-CPS,0.09999999999999998,0.9,6.005,5.005,1.3,3.0,7.605,0.13,0.0
15,CrossEntropyLoss,min-CPS,0.13,0.905,5.71,4.71,1.3157894736842106,3.0,6.633076923076924,0.125,0.0
15,CrossEntropyLoss,min-CPS,0.15000000000000002,0.84,5.11,4.11,1.28125,3.0,6.843333333333333,0.205,0.0
15,CrossEntropyLoss,min-CPS,0.18000000000000005,0.815,4.98,3.98,1.2702702702702702,3.0,6.591111111111111,0.235,0.0
15,CrossEntropyLoss,min-CPS,0.19999999999999996,0.815,4.96,3.96,1.3243243243243243,3.0,6.41,0.245,0.0
15,CrossEntropyLoss,RPS,0.010000000000000009,0.99,7.535,6.535,1.0,1.0,8.534999999999998,0.01,0.0
15,CrossEntropyLoss,RPS,0.020000000000000018,0.99,7.51,6.51,1.0,1.0,7.509999999999999,0.01,0.0
15,CrossEntropyLoss,RPS,0.030000000000000027,0.99,7.51,6.51,1.0,1.0,7.176666666666666,0.01,0.0
15,CrossEntropyLoss,RPS,0.050000000000000044,0.935,6.53,5.53,1.0769230769230769,2.0,8.329999999999998,0.07,0.0
15,CrossEntropyLoss,RPS,0.07999999999999996,0.915,6.12,5.12,1.0588235294117647,2.0,7.370000000000002,0.09,0.0
15,CrossEntropyLoss,RPS,0.09999999999999998,0.87,5.565,4.565,1.1538461538461537,2.0,7.565,0.15,0.0
15,CrossEntropyLoss,RPS,0.13,0.86,5.22,4.22,1.2142857142857142,3.0,6.835384615384616,0.17,0.0
15,CrossEntropyLoss,RPS,0.15000000000000002,0.82,4.95,3.95,1.1666666666666667,3.0,6.75,0.21,0.0
15,CrossEntropyLoss,RPS,0.18000000000000005,0.82,4.88,3.88,1.1944444444444444,3.0,6.268888888888888,0.215,0.0
15,CrossEntropyLoss,RPS,0.19999999999999996,0.805,4.68,3.68,1.2307692307692308,3.0,6.08,0.24,0.0
15,CrossEntropyLoss,OCDF,0.010000000000000009,0.995,8.71,7.71,1.0,1.0,8.709999999999999,0.005,0.0
15,CrossEntropyLoss,OCDF,0.020000000000000018,0.98,8.69,7.69,1.0,1.0,9.689999999999998,0.02,0.0
15,CrossEntropyLoss,OCDF,0.030000000000000027,0.975,8.215,7.215,1.2,2.0,9.214999999999998,0.03,0.0
15,CrossEntropyLoss,OCDF,0.050000000000000044,0.935,6.745,5.745,1.4615384615384615,3.0,9.544999999999996,0.095,0.0
15,CrossEntropyLoss,OCDF,0.07999999999999996,0.925,6.57,5.57,1.4,3.0,8.195,0.105,0.0
15,CrossEntropyLoss,OCDF,0.09999999999999998,0.925,6.375,5.375,1.6,3.0,7.775,0.12,0.0
15,CrossEntropyLoss,OCDF,0.13,0.905,6.125,5.125,1.4736842105263157,3.0,7.278846153846153,0.14,0.0
15,CrossEntropyLoss,OCDF,0.15000000000000002,0.895,5.92,4.92,1.4285714285714286,3.0,6.92,0.15,0.0
15,CrossEntropyLoss,OCDF,0.18000000000000005,0.845,5.465,4.465,1.3870967741935485,3.0,6.853888888888888,0.215,0.0
15,CrossEntropyLoss,OCDF,0.19999999999999996,0.825,5.2,4.2,1.3714285714285714,4.0,6.6,0.24,0.0
15,CrossEntropyLoss,APS,0.010000000000000009,0.99,8.505,7.775,1.0,1.0,9.774999999999999,0.01,0.27
15,CrossEntropyLoss,APS,0.020000000000000018,0.98,7.91,7.445,1.0,1.0,8.444999999999999,0.02,0.51
15,CrossEntropyLoss,APS,0.030000000000000027,0.975,7.735,7.255,1.2,2.0,8.588333333333333,0.03,0.485
15,CrossEntropyLoss,APS,0.050000000000000044,0.955,6.44,5.77,1.1111111111111112,2.0,7.17,0.05,0.27
15,CrossEntropyLoss,APS,0.07999999999999996,0.93,6.005,5.295,1.0714285714285714,2.0,6.795,0.075,0.235
15,CrossEntropyLoss,APS,0.09999999999999998,0.89,5.575,4.78,1.0909090909090908,2.0,6.88,0.12,0.18000000000000005
15,CrossEntropyLoss,APS,0.13,0.875,5.41,4.54,1.2,2.0,6.693846153846155,0.15,0.12
15,CrossEntropyLoss,APS,0.15000000000000002,0.845,5.17,4.27,1.1935483870967742,2.0,6.7366666666666655,0.185,0.08999999999999997
15,CrossEntropyLoss,APS,0.18000000000000005,0.82,4.76,3.84,1.2777777777777777,2.0,6.395555555555554,0.23,0.07999999999999996
15,CrossEntropyLoss,APS,0.19999999999999996,0.82,4.67,3.76,1.2777777777777777,2.0,6.06,0.23,0.08999999999999997
15,CrossEntropyLoss,LAC,0.010000000000000009,1.0,8.8,7.875,,0.0,7.875,0.0,0.06000000000000005
15,CrossEntropyLoss,LAC,0.020000000000000018,0.985,8.465,7.69,1.0,1.0,8.19,0.015,0.20999999999999996
15,CrossEntropyLoss,LAC,0.030000000000000027,0.96,7.41,6.65,1.125,2.0,8.649999999999999,0.045,0.22999999999999998
15,CrossEntropyLoss,LAC,0.050000000000000044,0.96,6.845,6.145,1.125,2.0,7.345,0.045,0.25
15,CrossEntropyLoss,LAC,0.07999999999999996,0.93,6.505,5.74,1.0714285714285714,2.0,7.24,0.075,0.235
15,CrossEntropyLoss,LAC,0.09999999999999998,0.895,5.79,4.905,1.0952380952380953,2.0,7.005,0.115,0.11499999999999999
15,CrossEntropyLoss,LAC,0.13,0.865,5.235,4.28,1.2592592592592593,2.0,6.895384615384615,0.17,0.04500000000000004
15,CrossEntropyLoss,LAC,0.15000000000000002,0.855,5.115,4.115,1.2413793103448276,2.0,6.514999999999999,0.18,0.0
15,CrossEntropyLoss,LAC,0.18000000000000005,0.825,4.85,3.875,1.2571428571428571,2.0,6.319444444444444,0.22,0.025000000000000022
15,CrossEntropyLoss,LAC,0.19999999999999996,0.825,4.67,3.695,1.3428571428571427,3.0,6.045,0.235,0.025000000000000022
16,CrossEntropyLoss,min-CPS,0.010000000000000009,0.975,7.25,6.25,1.2,2.0,12.249999999999995,0.03,0.0
16,CrossEntropyLoss,min-CPS,0.020000000000000018,0.97,7.22,6.22,1.1666666666666667,2.0,9.719999999999997,0.035,0.0
16,CrossEntropyLoss,min-CPS,0.030000000000000027,0.97,7.22,6.22,1.1666666666666667,2.0,8.553333333333333,0.035,0.0
16,CrossEntropyLoss,min-CPS,0.050000000000000044,0.95,6.805,5.805,1.3,2.0,8.404999999999998,0.065,0.0
16,CrossEntropyLoss,min-CPS,0.07999999999999996,0.925,6.08,5.08,1.4666666666666666,3.0,7.830000000000002,0.11,0.0
16,CrossEntropyLoss,min-CPS,0.09999999999999998,0.915,6.025,5.025,1.411764705882353,3.0,7.425,0.12,0.0
16,CrossEntropyLoss,min-CPS,0.13,0.845,5.375,4.375,1.3870967741935485,3.0,7.6826923076923075,0.215,0.0
16,CrossEntropyLoss,min-CPS,0.15000000000000002,0.87,5.155,4.155,1.4615384615384615,3.0,6.688333333333333,0.19,0.0
16,CrossEntropyLoss,min-CPS,0.18000000000000005,0.84,5.015,4.015,1.46875,3.0,6.626111111111111,0.235,0.0
16,CrossEntropyLoss,min-CPS,0.19999999999999996,0.795,4.86,3.86,1.5365853658536586,4.0,7.01,0.315,0.0
16,CrossEntropyLoss,RPS,0.010000000000000009,0.98,7.425,6.425,1.0,1.0,10.424999999999995,0.02,0.0
16,CrossEntropyLoss,RPS,0.020000000000000018,0.98,7.425,6.425,1.0,1.0,8.424999999999997,0.02,0.0
16,CrossEntropyLoss,RPS,0.030000000000000027,0.965,6.94,5.94,1.1428571428571428,2.0,8.606666666666666,0.04,0.0
16,CrossEntropyLoss,RPS,0.050000000000000044,0.935,6.585,5.585,1.0769230769230769,2.0,8.384999999999998,0.07,0.0
16,CrossEntropyLoss,RPS,0.07999999999999996,0.885,5.865,4.865,1.0869565217391304,2.0,7.990000000000002,0.125,0.0
16,CrossEntropyLoss,RPS,0.09999999999999998,0.87,5.52,4.52,1.1923076923076923,2.0,7.62,0.155,0.0
16,CrossEntropyLoss,RPS,0.13,0.85,5.125,4.125,1.2666666666666666,3.0,7.048076923076923,0.19,0.0
16,CrossEntropyLoss,RPS,0.15000000000000002,0.85,5.0,4.0,1.2666666666666666,3.0,6.533333333333332,0.19,0.0
16,CrossEntropyLoss,RPS,0.18000000000000005,0.845,4.94,3.94,1.2580645161290323,3.0,6.106666666666666,0.195,0.0
16,CrossEntropyLoss,RPS,0.19999999999999996,0.805,4.69,3.69,1.3076923076923077,3.0,6.24,0.255,0.0
16,CrossEntropyLoss,OCDF,0.010000000000000009,0.995,8.765,7.765,1.0,1.0,8.764999999999999,0.005,0.0
16,CrossEntropyLoss,OCDF,0.020000000000000018,0.965,8.285,7.285,1.1428571428571428,2.0,11.284999999999995,0.04,0.0
16,CrossEntropyLoss,OCDF,0.030000000000000027,0.955,7.93,6.93,1.2222222222222223,2.0,10.596666666666666,0.055,0.0
16,CrossEntropyLoss,OCDF,0.050000000000000044,0.92,6.78,5.78,1.625,3.0,10.979999999999995,0.13,0.0
16,CrossEntropyLoss,OCDF,0.07999999999999996,0.88,6.26,5.26,1.5416666666666667,3.0,9.885000000000003,0.185,0.0
16,CrossEntropyLoss,OCDF,0.09999999999999998,0.875,6.115,5.115,1.56,3.0,9.015,0.195,0.0
16,CrossEntropyLoss,OCDF,0.13,0.84,5.705,4.705,1.5625,3.0,8.551153846153845,0.25,0.0
16,CrossEntropyLoss,OCDF,0.15000000000000002,0.83,5.505,4.505,1.5588235294117647,3.0,8.038333333333332,0.265,0.0
16,CrossEntropyLoss,OCDF,0.18000000000000005,0.78,5.025,4.025,1.5227272727272727,4.0,7.747222222222222,0.335,0.0
16,CrossEntropyLoss,OCDF,0.19999999999999996,0.78,4.83,3.83,1.5909090909090908,4.0,7.33,0.35,0.0
16,CrossEntropyLoss,APS,0.010000000000000009,0.985,8.155,7.665,1.0,1.0,8.665,0.015,0.51
16,CrossEntropyLoss,APS,0.020000000000000018,0.98,8.005,7.545,1.0,1.0,8.045,0.02,0.53
16,CrossEntropyLoss,APS,0.030000000000000027,0.945,6.665,6.06,1.1818181818181819,2.0,9.393333333333333,0.065,0.32999999999999996
16,CrossEntropyLoss,APS,0.050000000000000044,0.93,6.26,5.555,1.1428571428571428,2.0,8.154999999999998,0.08,0.25
16,CrossEntropyLoss,APS,0.07999999999999996,0.92,6.07,5.36,1.125,2.0,7.36,0.09,0.245
16,CrossEntropyLoss,APS,0.09999999999999998,0.88,5.425,4.575,1.375,3.0,7.775,0.165,0.14
16,CrossEntropyLoss,APS,0.13,0.85,5.09,4.165,1.3666666666666667,3.0,7.241923076923078,0.205,0.07499999999999996
16,CrossEntropyLoss,APS,0.15000000000000002,0.835,4.945,4.005,1.393939393939394,3.0,7.071666666666666,0.23,0.06000000000000005
16,CrossEntropyLoss,APS,0.18000000000000005,0.815,4.685,3.715,1.4864864864864864,3.0,6.770555555555554,0.275,0.030000000000000027
16,CrossEntropyLoss,APS,0.19999999999999996,0.785,4.44,3.535,1.4883720930232558,3.0,6.635,0.32,0.09499999999999997
16,CrossEntropyLoss,LAC,0.010000000000000009,0.99,8.635,7.82,1.0,1.0,8.819999999999999,0.01,0.16000000000000003
16,CrossEntropyLoss,LAC,0.020000000000000018,0.97,7.805,6.96,1.1666666666666667,2.0,9.959999999999997,0.035,0.15500000000000003
16,CrossEntropyLoss,LAC,0.030000000000000027,0.945,6.82,6.09,1.0909090909090908,2.0,9.089999999999998,0.06,0.21999999999999997
16,CrossEntropyLoss,LAC,0.050000000000000044,0.925,6.67,5.93,1.0666666666666667,2.0,8.529999999999998,0.08,0.21499999999999997
16,CrossEntropyLoss,LAC,0.07999999999999996,0.91,6.065,5.145,1.1666666666666667,2.0,7.770000000000002,0.105,0.07999999999999996
16,CrossEntropyLoss,LAC,0.09999999999999998,0.895,5.815,4.955,1.1428571428571428,2.0,7.155,0.12,0.14
16,CrossEntropyLoss,LAC,0.13,0.855,5.26,4.315,1.3793103448275863,2.0,7.391923076923077,0.2,0.05500000000000005
16,CrossEntropyLoss,LAC,0.15000000000000002,0.85,5.03,4.03,1.4666666666666666,2.0,6.963333333333333,0.22,0.0
16,CrossEntropyLoss,LAC,0.18000000000000005,0.815,4.755,3.785,1.4864864864864864,3.0,6.840555555555555,0.275,0.030000000000000027
16,CrossEntropyLoss,LAC,0.19999999999999996,0.78,4.435,3.52,1.5227272727272727,3.0,6.77,0.335,0.08499999999999996
17,CrossEntropyLoss,min-CPS,0.010000000000000009,1.0,8.565,7.565,,0.0,7.565,0.0,0.0
17,CrossEntropyLoss,min-CPS,0.020000000000000018,0.99,7.34,6.34,1.0,1.0,7.339999999999999,0.01,0.0
17,CrossEntropyLoss,min-CPS,0.030000000000000027,0.99,7.315,6.315,1.0,1.0,6.9816666666666665,0.01,0.0
17,CrossEntropyLoss,min-CPS,0.050000000000000044,0.965,7.075,6.075,1.0,1.0,7.475,0.035,0.0
17,CrossEntropyLoss,min-CPS,0.07999999999999996,0.91,6.085,5.085,1.2777777777777777,2.0,7.960000000000003,0.115,0.0
17,CrossEntropyLoss,min-CPS,0.09999999999999998,0.87,6.005,5.005,1.2307692307692308,2.0,8.205,0.16,0.0
17,CrossEntropyLoss,min-CPS,0.13,0.85,5.42,4.42,1.3333333333333333,3.0,7.4969230769230775,0.2,0.0
17,CrossEntropyLoss,min-CPS,0.15000000000000002,0.815,5.07,4.07,1.2972972972972974,3.0,7.27,0.24,0.0
17,CrossEntropyLoss,min-CPS,0.18000000000000005,0.79,4.98,3.98,1.2857142857142858,3.0,6.98,0.27,0.0
17,CrossEntropyLoss,min-CPS,0.19999999999999996,0.785,4.89,3.89,1.441860465116279,3.0,6.99,0.31,0.0
17,CrossEntropyLoss,RPS,0.010000000000000009,0.985,7.495,6.495,1.0,1.0,9.494999999999997,0.015,0.0
17,CrossEntropyLoss,RPS,0.020000000000000018,0.985,7.495,6.495,1.0,1.0,7.994999999999997,0.015,0.0
17,CrossEntropyLoss,RPS,0.030000000000000027,0.965,6.98,5.98,1.0,1.0,8.313333333333333,0.035,0.0
17,CrossEntropyLoss,RPS,0.050000000000000044,0.935,6.54,5.54,1.0,1.0,8.139999999999997,0.065,0.0
17,CrossEntropyLoss,RPS,0.07999999999999996,0.875,5.715,4.715,1.08,2.0,8.090000000000002,0.135,0.0
17,CrossEntropyLoss,RPS,0.09999999999999998,0.87,5.585,4.585,1.1923076923076923,2.0,7.685,0.155,0.0
17,CrossEntropyLoss,RPS,0.13,0.86,5.23,4.23,1.25,2.0,6.922307692307693,0.175,0.0
17,CrossEntropyLoss,RPS,0.15000000000000002,0.82,4.93,3.93,1.1944444444444444,2.0,6.796666666666665,0.215,0.0
17,CrossEntropyLoss,RPS,0.18000000000000005,0.805,4.77,3.77,1.2307692307692308,2.0,6.436666666666667,0.24,0.0
17,CrossEntropyLoss,RPS,0.19999999999999996,0.775,4.56,3.56,1.288888888888889,2.0,6.46,0.29,0.0
17,CrossEntropyLoss,OCDF,0.010000000000000009,1.0,8.765,7.765,,0.0,7.765,0.0,0.0
17,CrossEntropyLoss,OCDF,0.020000000000000018,0.955,8.015,7.015,1.1111111111111112,2.0,12.014999999999995,0.05,0.0
17,CrossEntropyLoss,OCDF,0.030000000000000027,0.955,7.945,6.945,1.1111111111111112,2.0,10.27833333333333,0.05,0.0
17,CrossEntropyLoss,OCDF,0.050000000000000044,0.94,6.98,5.98,1.4166666666666667,3.0,9.379999999999997,0.085,0.0
17,CrossEntropyLoss,OCDF,0.07999999999999996,0.92,6.55,5.55,1.625,3.0,8.800000000000002,0.13,0.0
17,CrossEntropyLoss,OCDF,0.09999999999999998,0.91,6.27,5.27,1.6111111111111112,3.0,8.17,0.145,0.0
17,CrossEntropyLoss,OCDF,0.13,0.84,5.665,4.665,1.4375,3.0,8.20346153846154,0.23,0.0
17,CrossEntropyLoss,OCDF,0.15000000000000002,0.83,5.49,4.49,1.4411764705882353,3.0,7.756666666666666,0.245,0.0
17,CrossEntropyLoss,OCDF,0.18000000000000005,0.76,4.835,3.835,1.4375,3.0,7.668333333333333,0.345,0.0
17,CrossEntropyLoss,OCDF,0.19999999999999996,0.755,4.72,3.72,1.4285714285714286,3.0,7.22,0.35,0.0
17,CrossEntropyLoss,APS,0.010000000000000009,0.995,8.74,7.885,1.0,1.0,7.885,0.005,0.14500000000000002
17,CrossEntropyLoss,APS,0.020000000000000018,0.99,8.27,7.725,1.0,1.0,7.725,0.01,0.45499999999999996
17,CrossEntropyLoss,APS,0.030000000000000027,0.98,7.925,7.54,1.0,1.0,7.873333333333332,0.02,0.5900000000000001
17,CrossEntropyLoss,APS,0.050000000000000044,0.965,6.735,6.08,1.1428571428571428,2.0,7.08,0.04,0.275
17,CrossEntropyLoss,APS,0.07999999999999996,0.925,6.025,5.27,1.2,3.0,7.145000000000001,0.09,0.20499999999999996
17,CrossEntropyLoss,APS,0.09999999999999998,0.89,5.79,5.02,1.1818181818181819,3.0,7.22,0.13,0.20999999999999996
17,CrossEntropyLoss,APS,0.13,0.83,5.13,4.195,1.2941176470588236,3.0,7.502692307692307,0.22,0.06499999999999995
17,CrossEntropyLoss,APS,0.15000000000000002,0.81,4.86,3.89,1.368421052631579,3.0,7.356666666666666,0.26,0.030000000000000027
17,CrossEntropyLoss,APS,0.18000000000000005,0.8,4.68,3.725,1.425,3.0,6.891666666666665,0.285,0.04500000000000004
17,CrossEntropyLoss,APS,0.19999999999999996,0.765,4.435,3.56,1.4042553191489362,3.0,6.71,0.33,0.125
17,CrossEntropyLoss,LAC,0.010000000000000009,0.985,8.695,7.89,1.0,1.0,8.889999999999999,0.015,0.17000000000000004
17,CrossEntropyLoss,LAC,0.020000000000000018,0.985,8.5,7.765,1.0,1.0,8.265,0.015,0.24
17,CrossEntropyLoss,LAC,0.030000000000000027,0.985,7.88,7.035,1.0,1.0,7.701666666666666,0.015,0.15500000000000003
17,CrossEntropyLoss,LAC,0.050000000000000044,0.935,6.78,5.97,1.0,1.0,8.169999999999998,0.065,0.17000000000000004
17,CrossEntropyLoss,LAC,0.07999999999999996,0.925,6.47,5.645,1.1333333333333333,2.0,7.645,0.085,0.17500000000000004
17,CrossEntropyLoss,LAC,0.09999999999999998,0.87,5.55,4.59,1.2307692307692308,2.0,7.69,0.16,0.040000000000000036
17,CrossEntropyLoss,LAC,0.13,0.84,5.205,4.25,1.34375,2.0,7.5576923076923075,0.215,0.04500000000000004
17,CrossEntropyLoss,LAC,0.15000000000000002,0.81,4.865,3.885,1.394736842105263,3.0,7.418333333333333,0.265,0.020000000000000018
17,CrossEntropyLoss,LAC,0.18000000000000005,0.795,4.645,3.665,1.4146341463414633,3.0,6.8872222222222215,0.29,0.020000000000000018
17,CrossEntropyLoss,LAC,0.19999999999999996,0.78,4.48,3.545,1.4545454545454546,3.0,6.645,0.32,0.06499999999999995
18,CrossEntropyLoss,min-CPS,0.010000000000000009,1.0,8.56,7.56,,0.0,7.56,0.0,0.0
18,CrossEntropyLoss,min-CPS,0.020000000000000018,0.985,7.27,6.27,1.0,1.0,7.769999999999998,0.015,0.0
18,CrossEntropyLoss,min-CPS,0.030000000000000027,0.98,7.24,6.24,1.0,1.0,7.573333333333332,0.02,0.0
18,CrossEntropyLoss,min-CPS,0.050000000000000044,0.955,7.02,6.02,1.0,1.0,7.8199999999999985,0.045,0.0
18,CrossEntropyLoss,min-CPS,0.07999999999999996,0.91,6.015,5.015,1.2777777777777777,2.0,7.890000000000002,0.115,0.0
18,CrossEntropyLoss,min-CPS,0.09999999999999998,0.895,5.99,4.99,1.2857142857142858,2.0,7.69,0.135,0.0
18,CrossEntropyLoss,min-CPS,0.13,0.87,5.56,4.56,1.1923076923076923,2.0,6.944615384615385,0.155,0.0
18,CrossEntropyLoss,min-CPS,0.15000000000000002,0.82,5.01,4.01,1.3333333333333333,3.0,7.21,0.24,0.0
18,CrossEntropyLoss,min-CPS,0.18000000000000005,0.81,4.95,3.95,1.3157894736842106,3.0,6.727777777777777,0.25,0.0
18,CrossEntropyLoss,min-CPS,0.19999999999999996,0.805,4.84,3.84,1.4871794871794872,3.0,6.74,0.29,0.0
18,CrossEntropyLoss,RPS,0.010000000000000009,0.985,7.46,6.46,1.0,1.0,9.459999999999997,0.015,0.0
18,CrossEntropyLoss,RPS,0.020000000000000018,0.985,7.46,6.46,1.0,1.0,7.959999999999997,0.015,0.0
18,CrossEntropyLoss,RPS,0.030000000000000027,0.965,6.96,5.96,1.0,1.0,8.293333333333333,0.035,0.0
18,CrossEntropyLoss,RPS,0.050000000000000044,0.935,6.54,5.54,1.0,1.0,8.139999999999997,0.065,0.0
18,CrossEntropyLoss,RPS,0.07999999999999996,0.91,6.115,5.115,1.0,1.0,7.365000000000001,0.09,0.0
18,CrossEntropyLoss,RPS,0.09999999999999998,0.89,5.685,4.685,1.0909090909090908,2.0,7.085,0.12,0.0
18,CrossEntropyLoss,RPS,0.13,0.85,5.13,4.13,1.2333333333333334,2.0,6.976153846153847,0.185,0.0
18,CrossEntropyLoss,RPS,0.15000000000000002,0.845,5.0,4.0,1.2258064516129032,2.0,6.533333333333332,0.19,0.0
18,CrossEntropyLoss,RPS,0.18000000000000005,0.81,4.825,3.825,1.1842105263157894,2.0,6.324999999999999,0.225,0.0
18,CrossEntropyLoss,RPS,0.19999999999999996,0.8,4.715,3.715,1.2,2.0,6.115,0.24,0.0
18,CrossEntropyLoss,OCDF,0.010000000000000009,1.0,8.78,7.78,,0.0,7.78,0.0,0.0
18,CrossEntropyLoss,OCDF,0.020000000000000018,1.0,8.78,7.78,,0.0,7.78,0.0,0.0
18,CrossEntropyLoss,OCDF,0.030000000000000027,0.98,8.31,7.31,1.0,1.0,8.643333333333333,0.02,0.0
18,CrossEntropyLoss,OCDF,0.050000000000000044,0.955,7.375,6.375,1.3333333333333333,2.0,8.774999999999999,0.06,0.0
18,CrossEntropyLoss,OCDF,0.07999999999999996,0.945,6.81,5.81,1.6363636363636365,3.0,8.06,0.09,0.0
18,CrossEntropyLoss,OCDF,0.09999999999999998,0.905,6.28,5.28,1.4736842105263157,3.0,8.08,0.14,0.0
18,CrossEntropyLoss,OCDF,0.13,0.85,5.8,4.8,1.3333333333333333,3.0,7.876923076923077,0.2,0.0
18,CrossEntropyLoss,OCDF,0.15000000000000002,0.81,5.395,4.395,1.3157894736842106,3.0,7.728333333333333,0.25,0.0
18,CrossEntropyLoss,OCDF,0.18000000000000005,0.785,5.115,4.115,1.3488372093023255,3.0,7.337222222222222,0.29,0.0
18,CrossEntropyLoss,OCDF,0.19999999999999996,0.77,4.76,3.76,1.391304347826087,3.0,6.96,0.32,0.0
18,CrossEntropyLoss,APS,0.010000000000000009,0.99,8.71,7.845,1.0,1.0,8.844999999999999,0.01,0.135
18,CrossEntropyLoss,APS,0.020000000000000018,0.975,7.89,7.465,1.0,1.0,8.964999999999998,0.025,0.56
18,CrossEntropyLoss,APS,0.030000000000000027,0.97,7.64,7.2,1.0,1.0,8.2,0.03,0.52
18,CrossEntropyLoss,APS,0.050000000000000044,0.955,6.415,5.83,1.1111111111111112,2.0,7.629999999999999,0.05,0.32499999999999996
18,CrossEntropyLoss,APS,0.07999999999999996,0.9,5.84,5.105,1.1,3.0,7.355000000000001,0.11,0.22999999999999998
18,CrossEntropyLoss,APS,0.09999999999999998,0.865,5.47,4.63,1.1111111111111112,3.0,7.23,0.15,0.15000000000000002
18,CrossEntropyLoss,APS,0.13,0.85,5.225,4.31,1.2,3.0,6.925384615384616,0.18,0.07999999999999996
18,CrossEntropyLoss,APS,0.15000000000000002,0.83,5.045,4.11,1.2941176470588236,3.0,6.976666666666667,0.22,0.06499999999999995
18,CrossEntropyLoss,APS,0.18000000000000005,0.8,4.695,3.74,1.375,3.0,6.74,0.275,0.04500000000000004
18,CrossEntropyLoss,APS,0.19999999999999996,0.775,4.48,3.6,1.4,3.0,6.55,0.315,0.12
18,CrossEntropyLoss,LAC,0.010000000000000009,0.985,8.62,7.81,1.0,1.0,8.809999999999999,0.015,0.16000000000000003
18,CrossEntropyLoss,LAC,0.020000000000000018,0.985,8.425,7.68,1.0,1.0,8.18,0.015,0.22499999999999998
18,CrossEntropyLoss,LAC,0.030000000000000027,0.98,7.83,7.015,1.0,1.0,8.348333333333333,0.02,0.18500000000000005
18,CrossEntropyLoss,LAC,0.050000000000000044,0.96,6.84,6.155,1.0,1.0,7.554999999999999,0.04,0.25
18,CrossEntropyLoss,LAC,0.07999999999999996,0.91,6.04,5.145,1.0555555555555556,2.0,7.520000000000002,0.095,0.10499999999999998
18,CrossEntropyLoss,LAC,0.09999999999999998,0.88,5.64,4.705,1.0833333333333333,2.0,7.305,0.13,0.06499999999999995
18,CrossEntropyLoss,LAC,0.13,0.85,5.225,4.26,1.2666666666666666,2.0,7.183076923076922,0.19,0.03500000000000003
18,CrossEntropyLoss,LAC,0.15000000000000002,0.82,4.885,3.885,1.3611111111111112,3.0,7.1516666666666655,0.245,0.0
18,CrossEntropyLoss,LAC,0.18000000000000005,0.795,4.57,3.595,1.4390243902439024,3.0,6.817222222222222,0.295,0.025000000000000022
18,CrossEntropyLoss,LAC,0.19999999999999996,0.75,4.36,3.46,1.38,3.0,6.61,0.345,0.09999999999999998
19,CrossEntropyLoss,min-CPS,0.010000000000000009,1.0,8.54,7.54,,0.0,7.54,0.0,0.0
19,CrossEntropyLoss,min-CPS,0.020000000000000018,0.985,7.305,6.305,1.0,1.0,7.804999999999998,0.015,0.0
19,CrossEntropyLoss,min-CPS,0.030000000000000027,0.985,7.27,6.27,1.0,1.0,7.27,0.015,0.0
19,CrossEntropyLoss,min-CPS,0.050000000000000044,0.96,7.035,6.035,1.0,1.0,7.634999999999999,0.04,0.0
19,CrossEntropyLoss,min-CPS,0.07999999999999996,0.93,6.1,5.1,1.4285714285714286,2.0,7.600000000000001,0.1,0.0
19,CrossEntropyLoss,min-CPS,0.09999999999999998,0.895,6.01,5.01,1.2857142857142858,2.0,7.71,0.135,0.0
19,CrossEntropyLoss,min-CPS,0.13,0.88,5.645,4.645,1.25,2.0,6.952692307692307,0.15,0.0
19,CrossEntropyLoss,min-CPS,0.15000000000000002,0.815,5.04,4.04,1.3243243243243243,3.0,7.306666666666667,0.245,0.0
19,CrossEntropyLoss,min-CPS,0.18000000000000005,0.78,4.975,3.975,1.2954545454545454,3.0,7.141666666666665,0.285,0.0
19,CrossEntropyLoss,min-CPS,0.19999999999999996,0.79,4.83,3.83,1.5238095238095237,3.0,7.03,0.32,0.0
19,CrossEntropyLoss,RPS,0.010000000000000009,0.985,7.475,6.475,1.0,1.0,9.474999999999996,0.015,0.0
19,CrossEntropyLoss,RPS,0.020000000000000018,0.985,7.475,6.475,1.0,1.0,7.974999999999998,0.015,0.0
19,CrossEntropyLoss,RPS,0.030000000000000027,0.965,6.965,5.965,1.0,1.0,8.298333333333332,0.035,0.0
19,CrossEntropyLoss,RPS,0.050000000000000044,0.93,6.405,5.405,1.0,1.0,8.204999999999998,0.07,0.0
19,CrossEntropyLoss,RPS,0.07999999999999996,0.91,6.13,5.13,1.0,1.0,7.380000000000003,0.09,0.0
19,CrossEntropyLoss,RPS,0.09999999999999998,0.89,5.705,4.705,1.0909090909090908,2.0,7.105,0.12,0.0
19,CrossEntropyLoss,RPS,0.13,0.875,5.31,4.31,1.24,2.0,6.6946153846153855,0.155,0.0
19,CrossEntropyLoss,RPS,0.15000000000000002,0.835,4.945,3.945,1.2121212121212122,2.0,6.611666666666666,0.2,0.0
19,CrossEntropyLoss,RPS,0.18000000000000005,0.805,4.78,3.78,1.205128205128205,2.0,6.391111111111111,0.235,0.0
19,CrossEntropyLoss,RPS,0.19999999999999996,0.78,4.56,3.56,1.3181818181818181,2.0,6.46,0.29,0.0
19,CrossEntropyLoss,OCDF,0.010000000000000009,1.0,8.725,7.725,,0.0,7.725,0.0,0.0
19,CrossEntropyLoss,OCDF,0.020000000000000018,1.0,8.72,7.72,,0.0,7.72,0.0,0.0
19,CrossEntropyLoss,OCDF,0.030000000000000027,0.98,8.285,7.285,1.0,1.0,8.618333333333332,0.02,0.0
19,CrossEntropyLoss,OCDF,0.050000000000000044,0.97,7.88,6.88,1.1666666666666667,2.0,8.28,0.035,0.0
19,CrossEntropyLoss,OCDF,0.07999999999999996,0.955,6.755,5.755,1.7777777777777777,3.0,7.755000000000001,0.08,0.0
19,CrossEntropyLoss,OCDF,0.09999999999999998,0.895,6.21,5.21,1.3333333333333333,3.0,8.01,0.14,0.0
19,CrossEntropyLoss,OCDF,0.13,0.89,6.065,5.065,1.3636363636363635,3.0,7.372692307692307,0.15,0.0
19,CrossEntropyLoss,OCDF,0.15000000000000002,0.87,5.74,4.74,1.3461538461538463,3.0,7.073333333333332,0.175,0.0
19,CrossEntropyLoss,OCDF,0.18000000000000005,0.845,5.4,4.4,1.3548387096774193,3.0,6.7333333333333325,0.21,0.0
19,CrossEntropyLoss,OCDF,0.19999999999999996,0.82,5.16,4.16,1.3611111111111112,3.0,6.61,0.245,0.0
19,CrossEntropyLoss,APS,0.010000000000000009,0.99,8.32,7.755,1.0,1.0,7.755,0.01,0.43500000000000005
19,CrossEntropyLoss,APS,0.020000000000000018,0.99,8.145,7.62,1.0,1.0,7.62,0.01,0.47
19,CrossEntropyLoss,APS,0.030000000000000027,0.985,7.655,7.145,1.0,1.0,7.8116666666666665,0.015,0.45499999999999996
19,CrossEntropyLoss,APS,0.050000000000000044,0.965,6.715,6.13,1.0,1.0,7.13,0.035,0.33499999999999996
19,CrossEntropyLoss,APS,0.07999999999999996,0.905,5.88,5.15,1.105263157894737,2.0,7.525000000000001,0.105,0.21999999999999997
19,CrossEntropyLoss,APS,0.09999999999999998,0.88,5.56,4.725,1.125,2.0,7.125,0.135,0.15500000000000003
19,CrossEntropyLoss,APS,0.13,0.875,5.475,4.615,1.16,2.0,6.691923076923078,0.145,0.135
19,CrossEntropyLoss,APS,0.15000000000000002,0.855,5.11,4.185,1.2413793103448276,2.0,6.451666666666666,0.18,0.07499999999999996
19,CrossEntropyLoss,APS,0.18000000000000005,0.77,4.535,3.64,1.391304347826087,3.0,6.973333333333333,0.32,0.10499999999999998
19,CrossEntropyLoss,APS,0.19999999999999996,0.76,4.37,3.52,1.375,3.0,6.62,0.33,0.15000000000000002
19,CrossEntropyLoss,LAC,0.010000000000000009,0.985,8.655,7.835,1.0,1.0,8.834999999999999,0.015,0.16500000000000004
19,CrossEntropyLoss,LAC,0.020000000000000018,0.985,8.415,7.655,1.0,1.0,8.155,0.015,0.22499999999999998
19,CrossEntropyLoss,LAC,0.030000000000000027,0.985,7.815,6.98,1.0,1.0,7.98,0.015,0.16500000000000004
19,CrossEntropyLoss,LAC,0.050000000000000044,0.97,6.865,6.17,1.0,1.0,7.37,0.03,0.245
19,CrossEntropyLoss,LAC,0.07999999999999996,0.935,6.56,5.775,1.0769230769230769,2.0,7.525,0.07,0.21499999999999997
19,CrossEntropyLoss,LAC,0.09999999999999998,0.91,5.855,4.97,1.0555555555555556,2.0,6.67,0.095,0.11499999999999999
19,CrossEntropyLoss,LAC,0.13,0.86,5.285,4.315,1.3571428571428572,2.0,7.238076923076923,0.19,0.030000000000000027
19,CrossEntropyLoss,LAC,0.15000000000000002,0.855,5.175,4.175,1.3793103448275863,2.0,6.841666666666666,0.2,0.0
19,CrossEntropyLoss,LAC,0.18000000000000005,0.77,4.525,3.58,1.391304347826087,3.0,7.024444444444444,0.32,0.05500000000000005
19,CrossEntropyLoss,LAC,0.19999999999999996,0.76,4.465,3.58,1.375,3.0,6.68,0.33,0.11499999999999999
20,CrossEntropyLoss,min-CPS,0.010000000000000009,0.99,8.33,7.33,1.0,1.0,9.329999999999998,0.01,0.0
20,CrossEntropyLoss,min-CPS,0.020000000000000018,0.975,7.285,6.285,1.0,1.0,8.784999999999998,0.025,0.0
20,CrossEntropyLoss,min-CPS,0.030000000000000027,0.975,7.285,6.285,1.0,1.0,7.951666666666665,0.025,0.0
20,CrossEntropyLoss,min-CPS,0.050000000000000044,0.96,7.06,6.06,1.0,1.0,7.659999999999999,0.04,0.0
20,CrossEntropyLoss,min-CPS,0.07999999999999996,0.935,6.14,5.14,1.3076923076923077,2.0,7.2650000000000015,0.085,0.0
20,CrossEntropyLoss,min-CPS,0.09999999999999998,0.93,6.075,5.075,1.2857142857142858,2.0,6.875,0.09,0.0
20,CrossEntropyLoss,min-CPS,0.13,0.86,5.42,4.42,1.25,2.0,7.112307692307692,0.175,0.0
20,CrossEntropyLoss,min-CPS,0.15000000000000002,0.855,5.18,4.18,1.2413793103448276,3.0,6.58,0.18,0.0
20,CrossEntropyLoss,min-CPS,0.18000000000000005,0.83,5.055,4.055,1.2941176470588236,3.0,6.499444444444444,0.22,0.0
20,CrossEntropyLoss,min-CPS,0.19999999999999996,0.82,4.98,3.98,1.2777777777777777,3.0,6.28,0.23,0.0
20,CrossEntropyLoss,RPS,0.010000000000000009,0.995,7.555,6.555,1.0,1.0,7.554999999999999,0.005,0.0
20,CrossEntropyLoss,RPS,0.020000000000000018,0.995,7.46,6.46,1.0,1.0,6.96,0.005,0.0
20,CrossEntropyLoss,RPS,0.030000000000000027,0.995,7.46,6.46,1.0,1.0,6.793333333333333,0.005,0.0
20,CrossEntropyLoss,RPS,0.050000000000000044,0.955,6.705,5.705,1.0,1.0,7.504999999999998,0.045,0.0
20,CrossEntropyLoss,RPS,0.07999999999999996,0.925,6.135,5.135,1.0,1.0,7.010000000000002,0.075,0.0
20,CrossEntropyLoss,RPS,0.09999999999999998,0.925,6.135,5.135,1.0,1.0,6.635,0.075,0.0
20,CrossEntropyLoss,RPS,0.13,0.865,5.235,4.235,1.1481481481481481,2.0,6.619615384615385,0.155,0.0
20,CrossEntropyLoss,RPS,0.15000000000000002,0.81,4.88,3.88,1.105263157894737,2.0,6.68,0.21,0.0
20,CrossEntropyLoss,RPS,0.18000000000000005,0.76,4.585,3.585,1.25,2.0,6.918333333333333,0.3,0.0
20,CrossEntropyLoss,RPS,0.19999999999999996,0.76,4.49,3.49,1.25,2.0,6.49,0.3,0.0
20,CrossEntropyLoss,OCDF,0.010000000000000009,0.995,8.72,7.72,1.0,1.0,8.719999999999999,0.005,0.0
20,CrossEntropyLoss,OCDF,0.020000000000000018,0.995,8.72,7.72,1.0,1.0,8.22,0.005,0.0
20,CrossEntropyLoss,OCDF,0.030000000000000027,0.985,8.375,7.375,1.3333333333333333,2.0,8.708333333333332,0.02,0.0
20,CrossEntropyLoss,OCDF,0.050000000000000044,0.96,7.21,6.21,1.375,3.0,8.409999999999998,0.055,0.0
20,CrossEntropyLoss,OCDF,0.07999999999999996,0.945,6.685,5.685,1.5454545454545454,3.0,7.810000000000002,0.085,0.0
20,CrossEntropyLoss,OCDF,0.09999999999999998,0.925,6.355,5.355,1.4666666666666666,3.0,7.555,0.11,0.0
20,CrossEntropyLoss,OCDF,0.13,0.905,6.075,5.075,1.4210526315789473,3.0,7.151923076923078,0.135,0.0
20,CrossEntropyLoss,OCDF,0.15000000000000002,0.88,5.76,4.76,1.4166666666666667,3.0,7.026666666666666,0.17,0.0
20,CrossEntropyLoss,OCDF,0.18000000000000005,0.86,5.45,4.45,1.3571428571428572,3.0,6.561111111111111,0.19,0.0
20,CrossEntropyLoss,OCDF,0.19999999999999996,0.845,5.305,4.305,1.3548387096774193,4.0,6.405,0.21,0.0
20,CrossEntropyLoss,APS,0.010000000000000009,0.985,8.3,7.69,1.0,1.0,9.689999999999998,0.015,0.39
20,CrossEntropyLoss,APS,0.020000000000000018,0.985,8.205,7.645,1.0,1.0,8.645,0.015,0.43999999999999995
20,CrossEntropyLoss,APS,0.030000000000000027,0.975,7.705,7.21,1.0,1.0,7.876666666666666,0.025,0.44999999999999996
20,CrossEntropyLoss,APS,0.050000000000000044,0.965,6.885,6.29,1.0,1.0,7.09,0.035,0.36
20,CrossEntropyLoss,APS,0.07999999999999996,0.945,6.175,5.47,1.0909090909090908,2.0,6.72,0.06,0.255
20,CrossEntropyLoss,APS,0.09999999999999998,0.925,5.88,5.13,1.1333333333333333,2.0,6.63,0.085,0.20999999999999996
20,CrossEntropyLoss,APS,0.13,0.885,5.48,4.685,1.173913043478261,2.0,6.531153846153846,0.135,0.18000000000000005
20,CrossEntropyLoss,APS,0.15000000000000002,0.83,5.21,4.32,1.2647058823529411,2.0,6.9866666666666655,0.215,0.10499999999999998
20,CrossEntropyLoss,APS,0.18000000000000005,0.81,4.705,3.77,1.3421052631578947,3.0,6.603333333333333,0.255,0.06499999999999995
20,CrossEntropyLoss,APS,0.19999999999999996,0.79,4.445,3.555,1.4047619047619047,3.0,6.455,0.295,0.10999999999999999
20,CrossEntropyLoss,LAC,0.010000000000000009,0.995,8.695,7.84,1.0,1.0,8.839999999999998,0.005,0.125
20,CrossEntropyLoss,LAC,0.020000000000000018,0.98,8.375,7.575,1.0,1.0,8.575,0.02,0.18000000000000005
20,CrossEntropyLoss,LAC,0.030000000000000027,0.97,7.59,6.815,1.0,1.0,8.148333333333333,0.03,0.22499999999999998
20,CrossEntropyLoss,LAC,0.050000000000000044,0.97,6.895,6.155,1.0,1.0,6.955,0.03,0.235
20,CrossEntropyLoss,LAC,0.07999999999999996,0.935,6.6,5.82,1.0,1.0,7.195,0.065,0.21999999999999997
20,CrossEntropyLoss,LAC,0.09999999999999998,0.915,5.955,5.08,1.0,1.0,6.58,0.085,0.125
20,CrossEntropyLoss,LAC,0.13,0.85,5.28,4.325,1.2333333333333334,2.0,7.171153846153846,0.185,0.04500000000000004
20,CrossEntropyLoss,LAC,0.15000000000000002,0.84,4.99,3.99,1.34375,2.0,6.856666666666666,0.215,0.0
20,CrossEntropyLoss,LAC,0.18000000000000005,0.82,4.79,3.825,1.3611111111111112,3.0,6.547222222222222,0.245,0.03500000000000003
20,CrossEntropyLoss,LAC,0.19999999999999996,0.8,4.555,3.59,1.375,3.0,6.34,0.275,0.03500000000000003
21,CrossEntropyLoss,min-CPS,0.010000000000000009,0.995,7.935,6.935,1.0,1.0,7.934999999999999,0.005,0.0
21,CrossEntropyLoss,min-CPS,0.020000000000000018,0.99,7.335,6.335,1.5,2.0,7.834999999999999,0.015,0.0
21,CrossEntropyLoss,min-CPS,0.030000000000000027,0.985,7.26,6.26,1.3333333333333333,2.0,7.593333333333333,0.02,0.0
21,CrossEntropyLoss,min-CPS,0.050000000000000044,0.955,7.04,6.04,1.1111111111111112,2.0,8.039999999999997,0.05,0.0
21,CrossEntropyLoss,min-CPS,0.07999999999999996,0.935,6.13,5.13,1.3846153846153846,3.0,7.380000000000001,0.09,0.0
21,CrossEntropyLoss,min-CPS,0.09999999999999998,0.915,6.04,5.04,1.3529411764705883,3.0,7.34,0.115,0.0
21,CrossEntropyLoss,min-CPS,0.13,0.885,5.685,4.685,1.173913043478261,2.0,6.761923076923077,0.135,0.0
21,CrossEntropyLoss,min-CPS,0.15000000000000002,0.875,5.4,4.4,1.2,2.0,6.4,0.15,0.0
21,CrossEntropyLoss,min-CPS,0.18000000000000005,0.845,5.035,4.035,1.2580645161290323,3.0,6.201666666666667,0.195,0.0
21,CrossEntropyLoss,min-CPS,0.19999999999999996,0.82,4.96,3.96,1.2777777777777777,3.0,6.26,0.23,0.0
21,CrossEntropyLoss,RPS,0.010000000000000009,0.995,7.575,6.575,1.0,1.0,7.574999999999999,0.005,0.0
21,CrossEntropyLoss,RPS,0.020000000000000018,0.99,7.48,6.48,1.0,1.0,7.479999999999999,0.01,0.0
21,CrossEntropyLoss,RPS,0.030000000000000027,0.99,7.48,6.48,1.0,1.0,7.1466666666666665,0.01,0.0
21,CrossEntropyLoss,RPS,0.050000000000000044,0.97,6.915,5.915,1.1666666666666667,2.0,7.315,0.035,0.0
21,CrossEntropyLoss,RPS,0.07999999999999996,0.925,6.125,5.125,1.0666666666666667,2.0,7.125000000000001,0.08,0.0
21,CrossEntropyLoss,RPS,0.09999999999999998,0.91,5.94,4.94,1.0555555555555556,2.0,6.84,0.095,0.0
21,CrossEntropyLoss,RPS,0.13,0.88,5.32,4.32,1.1666666666666667,2.0,6.473846153846154,0.14,0.0
21,CrossEntropyLoss,RPS,0.15000000000000002,0.865,5.075,4.075,1.2222222222222223,3.0,6.275,0.165,0.0
21,CrossEntropyLoss,RPS,0.18000000000000005,0.83,4.87,3.87,1.1764705882352942,3.0,6.0922222222222215,0.2,0.0
21,CrossEntropyLoss,RPS,0.19999999999999996,0.78,4.58,3.58,1.2727272727272727,3.0,6.38,0.28,0.0
21,CrossEntropyLoss,OCDF,0.010000000000000009,1.0,8.8,7.8,,0.0,7.8,0.0,0.0
21,CrossEntropyLoss,OCDF,0.020000000000000018,1.0,8.8,7.8,,0.0,7.8,0.0,0.0
21,CrossEntropyLoss,OCDF,0.030000000000000027,0.985,8.49,7.49,1.0,1.0,8.49,0.015,0.0
21,CrossEntropyLoss,OCDF,0.050000000000000044,0.975,7.97,6.97,1.0,1.0,7.97,0.025,0.0
21,CrossEntropyLoss,OCDF,0.07999999999999996,0.96,6.875,5.875,1.5,2.0,7.375,0.06,0.0
21,CrossEntropyLoss,OCDF,0.09999999999999998,0.96,6.835,5.835,1.5,2.0,7.035,0.06,0.0
21,CrossEntropyLoss,OCDF,0.13,0.935,6.35,5.35,1.4615384615384615,2.0,6.811538461538462,0.095,0.0
21,CrossEntropyLoss,OCDF,0.15000000000000002,0.93,6.215,5.215,1.4285714285714286,2.0,6.548333333333333,0.1,0.0
21,CrossEntropyLoss,OCDF,0.18000000000000005,0.84,5.455,4.455,1.21875,3.0,6.621666666666665,0.195,0.0
21,CrossEntropyLoss,OCDF,0.19999999999999996,0.82,5.21,4.21,1.2222222222222223,3.0,6.41,0.22,0.0
21,CrossEntropyLoss,APS,0.010000000000000009,0.995,8.935,7.955,1.0,1.0,8.954999999999998,0.005,0.020000000000000018
21,CrossEntropyLoss,APS,0.020000000000000018,0.995,8.31,7.725,1.0,1.0,8.225,0.005,0.41500000000000004
21,CrossEntropyLoss,APS,0.030000000000000027,0.99,8.035,7.575,1.0,1.0,7.908333333333332,0.01,0.5349999999999999
21,CrossEntropyLoss,APS,0.050000000000000044,0.945,6.44,5.805,1.0909090909090908,2.0,7.205,0.06,0.30000000000000004
21,CrossEntropyLoss,APS,0.07999999999999996,0.92,5.945,5.235,1.0625,2.0,6.86,0.085,0.235
21,CrossEntropyLoss,APS,0.09999999999999998,0.9,5.625,4.81,1.05,2.0,6.71,0.105,0.17500000000000004
21,CrossEntropyLoss,APS,0.13,0.88,5.395,4.55,1.125,2.0,6.55,0.135,0.15000000000000002
21,CrossEntropyLoss,APS,0.15000000000000002,0.87,5.23,4.36,1.1538461538461537,2.0,6.293333333333333,0.15,0.125
21,CrossEntropyLoss,APS,0.18000000000000005,0.84,4.82,3.88,1.21875,2.0,6.046666666666665,0.195,0.06000000000000005
21,CrossEntropyLoss,APS,0.19999999999999996,0.84,4.695,3.76,1.21875,2.0,5.71,0.195,0.06499999999999995
21,CrossEntropyLoss,LAC,0.010000000000000009,1.0,8.76,7.86,,0.0,7.86,0.0,0.08499999999999996
21,CrossEntropyLoss,LAC,0.020000000000000018,0.995,8.665,7.835,1.0,1.0,7.835,0.005,0.15500000000000003
21,CrossEntropyLoss,LAC,0.030000000000000027,0.995,8.485,7.725,1.0,1.0,7.725,0.005,0.22499999999999998
21,CrossEntropyLoss,LAC,0.050000000000000044,0.97,6.875,6.175,1.1666666666666667,2.0,7.175,0.035,0.25
21,CrossEntropyLoss,LAC,0.07999999999999996,0.92,6.365,5.555,1.125,2.0,7.8050000000000015,0.09,0.18999999999999995
21,CrossEntropyLoss,LAC,0.09999999999999998,0.91,5.855,4.98,1.1111111111111112,2.0,6.78,0.1,0.125
21,CrossEntropyLoss,LAC,0.13,0.905,5.67,4.725,1.1578947368421053,2.0,6.417307692307693,0.11,0.05500000000000005
21,CrossEntropyLoss,LAC,0.15000000000000002,0.88,5.25,4.305,1.25,2.0,6.304999999999999,0.15,0.05500000000000005
21,CrossEntropyLoss,LAC,0.18000000000000005,0.86,4.93,3.93,1.2857142857142858,2.0,5.93,0.18,0.0
21,CrossEntropyLoss,LAC,0.19999999999999996,0.83,4.655,3.685,1.3529411764705883,3.0,5.985,0.23,0.030000000000000027
22,CrossEntropyLoss,min-CPS,0.010000000000000009,1.0,8.53,7.53,,0.0,7.53,0.0,0.0
22,CrossEntropyLoss,min-CPS,0.020000000000000018,0.985,7.235,6.235,1.0,1.0,7.734999999999998,0.015,0.0
22,CrossEntropyLoss,min-CPS,0.030000000000000027,0.98,7.205,6.205,1.0,1.0,7.538333333333332,0.02,0.0
22,CrossEntropyLoss,min-CPS,0.050000000000000044,0.965,6.99,5.99,1.0,1.0,7.389999999999999,0.035,0.0
22,CrossEntropyLoss,min-CPS,0.07999999999999996,0.945,6.08,5.08,1.3636363636363635,2.0,6.955000000000001,0.075,0.0
22,CrossEntropyLoss,min-CPS,0.09999999999999998,0.93,6.01,5.01,1.2857142857142858,2.0,6.81,0.09,0.0
22,CrossEntropyLoss,min-CPS,0.13,0.9,5.935,4.935,1.3,2.0,6.935,0.13,0.0
22,CrossEntropyLoss,min-CPS,0.15000000000000002,0.83,5.105,4.105,1.1764705882352942,2.0,6.7716666666666665,0.2,0.0
22,CrossEntropyLoss,min-CPS,0.18000000000000005,0.805,4.965,3.965,1.205128205128205,2.0,6.57611111111111,0.235,0.0
22,CrossEntropyLoss,min-CPS,0.19999999999999996,0.82,4.915,3.915,1.3333333333333333,3.0,6.315,0.24,0.0
22,CrossEntropyLoss,RPS,0.010000000000000009,1.0,7.755,6.755,,0.0,6.755,0.0,0.0
22,CrossEntropyLoss,RPS,0.020000000000000018,0.995,7.47,6.47,1.0,1.0,6.97,0.005,0.0
22,CrossEntropyLoss,RPS,0.030000000000000027,0.995,7.47,6.47,1.0,1.0,6.803333333333333,0.005,0.0
22,CrossEntropyLoss,RPS,0.050000000000000044,0.965,6.75,5.75,1.0,1.0,7.149999999999999,0.035,0.0
22,CrossEntropyLoss,RPS,0.07999999999999996,0.94,6.165,5.165,1.0,1.0,6.665,0.06,0.0
22,CrossEntropyLoss,RPS,0.09999999999999998,0.935,6.12,5.12,1.0,1.0,6.42,0.065,0.0
22,CrossEntropyLoss,RPS,0.13,0.885,5.385,4.385,1.173913043478261,2.0,6.461923076923077,0.135,0.0
22,CrossEntropyLoss,RPS,0.15000000000000002,0.865,5.075,4.075,1.1851851851851851,2.0,6.208333333333332,0.16,0.0
22,CrossEntropyLoss,RPS,0.18000000000000005,0.83,4.87,3.87,1.1764705882352942,2.0,6.0922222222222215,0.2,0.0
22,CrossEntropyLoss,RPS,0.19999999999999996,0.815,4.685,3.685,1.1891891891891893,2.0,5.885,0.22,0.0
22,CrossEntropyLoss,OCDF,0.010000000000000009,1.0,8.73,7.73,,0.0,7.73,0.0,0.0
22,CrossEntropyLoss,OCDF,0.020000000000000018,1.0,8.73,7.73,,0.0,7.73,0.0,0.0
22,CrossEntropyLoss,OCDF,0.030000000000000027,0.985,8.415,7.415,1.0,1.0,8.415,0.015,0.0
22,CrossEntropyLoss,OCDF,0.050000000000000044,0.965,7.405,6.405,1.0,1.0,7.805,0.035,0.0
22,CrossEntropyLoss,OCDF,0.07999999999999996,0.925,6.57,5.57,1.3333333333333333,2.0,8.070000000000002,0.1,0.0
22,CrossEntropyLoss,OCDF,0.09999999999999998,0.88,6.105,5.105,1.25,2.0,8.105,0.15,0.0
22,CrossEntropyLoss,OCDF,0.13,0.875,5.865,4.865,1.28,2.0,7.326538461538462,0.16,0.0
22,CrossEntropyLoss,OCDF,0.15000000000000002,0.855,5.685,4.685,1.3103448275862069,2.0,7.218333333333333,0.19,0.0
22,CrossEntropyLoss,OCDF,0.18000000000000005,0.84,5.37,4.37,1.28125,2.0,6.647777777777777,0.205,0.0
22,CrossEntropyLoss,OCDF,0.19999999999999996,0.82,5.125,4.125,1.2777777777777777,2.0,6.425,0.23,0.0
22,CrossEntropyLoss,APS,0.010000000000000009,0.975,8.03,7.625,1.0,1.0,9.624999999999998,0.025,0.585
22,CrossEntropyLoss,APS,0.020000000000000018,0.975,7.755,7.345,1.0,1.0,8.344999999999999,0.025,0.5549999999999999
22,CrossEntropyLoss,APS,0.030000000000000027,0.975,7.53,7.085,1.0,1.0,7.751666666666666,0.025,0.49
22,CrossEntropyLoss,APS,0.050000000000000044,0.97,6.98,6.425,1.0,1.0,7.225,0.03,0.375
22,CrossEntropyLoss,APS,0.07999999999999996,0.955,6.17,5.46,1.0,1.0,6.335,0.045,0.245
22,CrossEntropyLoss,APS,0.09999999999999998,0.92,5.745,4.94,1.0,1.0,6.34,0.08,0.17500000000000004
22,CrossEntropyLoss,APS,0.13,0.87,5.36,4.48,1.0384615384615385,2.0,6.48,0.135,0.11499999999999999
22,CrossEntropyLoss,APS,0.15000000000000002,0.84,5.19,4.27,1.09375,2.0,6.536666666666665,0.175,0.07499999999999996
22,CrossEntropyLoss,APS,0.18000000000000005,0.825,4.885,3.94,1.2857142857142858,2.0,6.44,0.225,0.05500000000000005
22,CrossEntropyLoss,APS,0.19999999999999996,0.8,4.585,3.665,1.3,2.0,6.115,0.26,0.07999999999999996
22,CrossEntropyLoss,LAC,0.010000000000000009,0.985,8.64,7.805,1.0,1.0,7.805,0.015,0.14500000000000002
22,CrossEntropyLoss,LAC,0.020000000000000018,0.98,8.295,7.54,1.0,1.0,8.04,0.02,0.22499999999999998
22,CrossEntropyLoss,LAC,0.030000000000000027,0.975,7.635,6.87,1.0,1.0,7.87,0.025,0.235
22,CrossEntropyLoss,LAC,0.050000000000000044,0.97,6.775,6.07,1.0,1.0,6.87,0.03,0.24
22,CrossEntropyLoss,LAC,0.07999999999999996,0.935,6.48,5.685,1.0,1.0,7.06,0.065,0.20499999999999996
22,CrossEntropyLoss,LAC,0.09999999999999998,0.92,5.915,5.03,1.0,1.0,6.53,0.08,0.11499999999999999
22,CrossEntropyLoss,LAC,0.13,0.89,5.425,4.47,1.1363636363636365,2.0,6.3161538461538465,0.125,0.04500000000000004
22,CrossEntropyLoss,LAC,0.15000000000000002,0.865,5.235,4.285,1.2222222222222223,2.0,6.485,0.165,0.050000000000000044
22,CrossEntropyLoss,LAC,0.18000000000000005,0.81,4.675,3.7,1.3157894736842106,2.0,6.422222222222222,0.25,0.025000000000000022
22,CrossEntropyLoss,LAC,0.19999999999999996,0.78,4.435,3.525,1.3181818181818181,3.0,6.275,0.29,0.08999999999999997
23,CrossEntropyLoss,min-CPS,0.010000000000000009,0.99,7.775,6.775,1.5,2.0,9.774999999999997,0.015,0.0
23,CrossEntropyLoss,min-CPS,0.020000000000000018,0.975,7.285,6.285,1.2,2.0,9.284999999999998,0.03,0.0
23,CrossEntropyLoss,min-CPS,0.030000000000000027,0.975,7.285,6.285,1.2,2.0,8.284999999999998,0.03,0.0
23,CrossEntropyLoss,min-CPS,0.050000000000000044,0.96,7.045,6.045,1.125,2.0,7.844999999999998,0.045,0.0
23,CrossEntropyLoss,min-CPS,0.07999999999999996,0.925,6.095,5.095,1.4,3.0,7.720000000000002,0.105,0.0
23,CrossEntropyLoss,min-CPS,0.09999999999999998,0.9,6.005,5.005,1.3,3.0,7.605,0.13,0.0
23,CrossEntropyLoss,min-CPS,0.13,0.9,5.705,4.705,1.45,3.0,6.935769230769231,0.145,0.0
23,CrossEntropyLoss,min-CPS,0.15000000000000002,0.89,5.575,4.575,1.4090909090909092,2.0,6.641666666666667,0.155,0.0
23,CrossEntropyLoss,min-CPS,0.18000000000000005,0.84,5.01,4.01,1.34375,3.0,6.398888888888888,0.215,0.0
23,CrossEntropyLoss,min-CPS,0.19999999999999996,0.795,4.885,3.885,1.4146341463414633,4.0,6.785,0.29,0.0
23,CrossEntropyLoss,RPS,0.010000000000000009,0.985,7.495,6.495,1.0,1.0,9.494999999999997,0.015,0.0
23,CrossEntropyLoss,RPS,0.020000000000000018,0.985,7.495,6.495,1.0,1.0,7.994999999999997,0.015,0.0
23,CrossEntropyLoss,RPS,0.030000000000000027,0.975,7.24,6.24,1.0,1.0,7.906666666666665,0.025,0.0
23,CrossEntropyLoss,RPS,0.050000000000000044,0.935,6.565,5.565,1.0769230769230769,2.0,8.364999999999998,0.07,0.0
23,CrossEntropyLoss,RPS,0.07999999999999996,0.92,6.12,5.12,1.0625,2.0,7.245000000000002,0.085,0.0
23,CrossEntropyLoss,RPS,0.09999999999999998,0.885,5.7,4.7,1.0869565217391304,2.0,7.2,0.125,0.0
23,CrossEntropyLoss,RPS,0.13,0.865,5.205,4.205,1.2592592592592593,3.0,6.820384615384615,0.17,0.0
23,CrossEntropyLoss,RPS,0.15000000000000002,0.84,4.955,3.955,1.21875,3.0,6.555,0.195,0.0
23,CrossEntropyLoss,RPS,0.18000000000000005,0.83,4.9,3.9,1.2352941176470589,3.0,6.233333333333333,0.21,0.0
23,CrossEntropyLoss,RPS,0.19999999999999996,0.825,4.825,3.825,1.2571428571428571,3.0,6.025,0.22,0.0
23,CrossEntropyLoss,OCDF,0.010000000000000009,0.99,8.715,7.715,1.0,1.0,9.714999999999998,0.01,0.0
23,CrossEntropyLoss,OCDF,0.020000000000000018,0.975,8.37,7.37,1.2,2.0,10.369999999999996,0.03,0.0
23,CrossEntropyLoss,OCDF,0.030000000000000027,0.955,7.875,6.875,1.2222222222222223,2.0,10.541666666666664,0.055,0.0
23,CrossEntropyLoss,OCDF,0.050000000000000044,0.92,6.71,5.71,1.625,3.0,10.909999999999995,0.13,0.0
23,CrossEntropyLoss,OCDF,0.07999999999999996,0.91,6.425,5.425,1.6666666666666667,3.0,9.175000000000002,0.15,0.0
23,CrossEntropyLoss,OCDF,0.09999999999999998,0.9,6.23,5.23,1.6,3.0,8.43,0.16,0.0
23,CrossEntropyLoss,OCDF,0.13,0.88,5.895,4.895,1.5833333333333333,3.0,7.818076923076924,0.19,0.0
23,CrossEntropyLoss,OCDF,0.15000000000000002,0.875,5.835,4.835,1.6,3.0,7.501666666666665,0.2,0.0
23,CrossEntropyLoss,OCDF,0.18000000000000005,0.845,5.47,4.47,1.5161290322580645,3.0,7.0811111111111105,0.235,0.0
23,CrossEntropyLoss,OCDF,0.19999999999999996,0.825,5.19,4.19,1.5142857142857142,4.0,6.84,0.265,0.0
23,CrossEntropyLoss,APS,0.010000000000000009,0.99,8.3,7.695,1.0,1.0,8.694999999999999,0.01,0.395
23,CrossEntropyLoss,APS,0.020000000000000018,0.99,8.295,7.695,1.0,1.0,8.195,0.01,0.4
23,CrossEntropyLoss,APS,0.030000000000000027,0.98,7.895,7.43,1.0,1.0,8.43,0.02,0.505
23,CrossEntropyLoss,APS,0.050000000000000044,0.94,6.49,5.86,1.1666666666666667,2.0,8.259999999999998,0.07,0.28
23,CrossEntropyLoss,APS,0.07999999999999996,0.915,6.085,5.405,1.1764705882352942,2.0,7.405000000000002,0.1,0.255
23,CrossEntropyLoss,APS,0.09999999999999998,0.9,5.855,5.15,1.25,3.0,7.15,0.125,0.245
23,CrossEntropyLoss,APS,0.13,0.88,5.55,4.755,1.25,3.0,6.678076923076922,0.15,0.18000000000000005
23,CrossEntropyLoss,APS,0.15000000000000002,0.86,5.25,4.35,1.3571428571428572,3.0,6.75,0.19,0.09499999999999997
23,CrossEntropyLoss,APS,0.18000000000000005,0.84,4.81,3.84,1.34375,3.0,6.173333333333333,0.215,0.030000000000000027
23,CrossEntropyLoss,APS,0.19999999999999996,0.79,4.57,3.635,1.2857142857142858,3.0,6.085,0.27,0.06499999999999995
23,CrossEntropyLoss,LAC,0.010000000000000009,0.995,8.725,7.88,1.0,1.0,8.879999999999999,0.005,0.125
23,CrossEntropyLoss,LAC,0.020000000000000018,0.97,7.92,7.09,1.1666666666666667,2.0,9.589999999999998,0.035,0.17000000000000004
23,CrossEntropyLoss,LAC,0.030000000000000027,0.965,7.565,6.755,1.1428571428571428,2.0,8.421666666666665,0.04,0.17500000000000004
23,CrossEntropyLoss,LAC,0.050000000000000044,0.93,6.7,5.98,1.0714285714285714,2.0,8.379999999999997,0.075,0.22499999999999998
23,CrossEntropyLoss,LAC,0.07999999999999996,0.9,5.885,4.97,1.15,2.0,7.720000000000002,0.115,0.08499999999999996
23,CrossEntropyLoss,LAC,0.09999999999999998,0.875,5.615,4.66,1.2,2.0,7.56,0.15,0.04500000000000004
23,CrossEntropyLoss,LAC,0.13,0.86,5.24,4.285,1.3214285714285714,2.0,7.131153846153847,0.185,0.04500000000000004
23,CrossEntropyLoss,LAC,0.15000000000000002,0.855,5.105,4.105,1.3448275862068966,2.0,6.705,0.195,0.0
23,CrossEntropyLoss,LAC,0.18000000000000005,0.855,4.95,3.95,1.3793103448275863,2.0,6.172222222222222,0.2,0.0
23,CrossEntropyLoss,LAC,0.19999999999999996,0.8,4.56,3.575,1.425,3.0,6.425,0.285,0.015000000000000013
24,CrossEntropyLoss,min-CPS,0.010000000000000009,0.99,8.025,7.025,1.0,1.0,9.024999999999999,0.01,0.0
24,CrossEntropyLoss,min-CPS,0.020000000000000018,0.995,7.295,6.295,1.0,1.0,6.795,0.005,0.0
24,CrossEntropyLoss,min-CPS,0.030000000000000027,0.98,7.215,6.215,1.0,1.0,7.548333333333333,0.02,0.0
24,CrossEntropyLoss,min-CPS,0.050000000000000044,0.96,7.03,6.03,1.0,1.0,7.629999999999999,0.04,0.0
24,CrossEntropyLoss,min-CPS,0.07999999999999996,0.945,6.075,5.075,1.4545454545454546,2.0,7.075000000000001,0.08,0.0
24,CrossEntropyLoss,min-CPS,0.09999999999999998,0.93,6.015,5.015,1.2857142857142858,2.0,6.815,0.09,0.0
24,CrossEntropyLoss,min-CPS,0.13,0.86,5.455,4.455,1.3214285714285714,2.0,7.301153846153848,0.185,0.0
24,CrossEntropyLoss,min-CPS,0.15000000000000002,0.815,4.99,3.99,1.2432432432432432,2.0,7.056666666666667,0.23,0.0
24,CrossEntropyLoss,min-CPS,0.18000000000000005,0.81,4.95,3.95,1.236842105263158,2.0,6.561111111111111,0.235,0.0
24,CrossEntropyLoss,min-CPS,0.19999999999999996,0.805,4.845,3.845,1.358974358974359,3.0,6.495,0.265,0.0
24,CrossEntropyLoss,RPS,0.010000000000000009,1.0,7.775,6.775,,0.0,6.775,0.0,0.0
24,CrossEntropyLoss,RPS,0.020000000000000018,0.99,7.475,6.475,1.0,1.0,7.474999999999999,0.01,0.0
24,CrossEntropyLoss,RPS,0.030000000000000027,0.975,7.245,6.245,1.0,1.0,7.911666666666665,0.025,0.0
24,CrossEntropyLoss,RPS,0.050000000000000044,0.915,6.205,5.205,1.0,1.0,8.604999999999997,0.085,0.0
24,CrossEntropyLoss,RPS,0.07999999999999996,0.905,6.16,5.16,1.0,1.0,7.535000000000002,0.095,0.0
24,CrossEntropyLoss,RPS,0.09999999999999998,0.9,5.895,4.895,1.0,1.0,6.895,0.1,0.0
24,CrossEntropyLoss,RPS,0.13,0.885,5.395,4.395,1.2173913043478262,2.0,6.548846153846155,0.14,0.0
24,CrossEntropyLoss,RPS,0.15000000000000002,0.885,5.24,4.24,1.2608695652173914,2.0,6.173333333333333,0.145,0.0
24,CrossEntropyLoss,RPS,0.18000000000000005,0.865,4.945,3.945,1.2222222222222223,2.0,5.778333333333332,0.165,0.0
24,CrossEntropyLoss,RPS,0.19999999999999996,0.86,4.91,3.91,1.2142857142857142,2.0,5.61,0.17,0.0
24,CrossEntropyLoss,OCDF,0.010000000000000009,1.0,8.76,7.76,,0.0,7.76,0.0,0.0
24,CrossEntropyLoss,OCDF,0.020000000000000018,1.0,8.76,7.76,,0.0,7.76,0.0,0.0
24,CrossEntropyLoss,OCDF,0.030000000000000027,1.0,8.76,7.76,,0.0,7.76,0.0,0.0
24,CrossEntropyLoss,OCDF,0.050000000000000044,0.965,7.35,6.35,1.2857142857142858,2.0,8.149999999999999,0.045,0.0
24,CrossEntropyLoss,OCDF,0.07999999999999996,0.925,6.585,5.585,1.3333333333333333,3.0,8.085000000000003,0.1,0.0
24,CrossEntropyLoss,OCDF,0.09999999999999998,0.905,6.275,5.275,1.3157894736842106,3.0,7.775,0.125,0.0
24,CrossEntropyLoss,OCDF,0.13,0.865,5.86,4.86,1.3333333333333333,3.0,7.6292307692307695,0.18,0.0
24,CrossEntropyLoss,OCDF,0.15000000000000002,0.85,5.72,4.72,1.3,3.0,7.32,0.195,0.0
24,CrossEntropyLoss,OCDF,0.18000000000000005,0.84,5.41,4.41,1.3125,3.0,6.743333333333332,0.21,0.0
24,CrossEntropyLoss,OCDF,0.19999999999999996,0.81,5.19,4.19,1.3421052631578947,3.0,6.74,0.255,0.0
24,CrossEntropyLoss,APS,0.010000000000000009,0.99,8.43,7.785,1.0,1.0,7.785,0.01,0.355
24,CrossEntropyLoss,APS,0.020000000000000018,0.97,7.835,7.365,1.0,1.0,8.364999999999998,0.03,0.51
24,CrossEntropyLoss,APS,0.030000000000000027,0.97,7.705,7.22,1.0,1.0,7.886666666666667,0.03,0.49
24,CrossEntropyLoss,APS,0.050000000000000044,0.96,6.495,5.835,1.0,1.0,7.035,0.04,0.29500000000000004
24,CrossEntropyLoss,APS,0.07999999999999996,0.94,6.135,5.43,1.0,1.0,6.555,0.06,0.255
24,CrossEntropyLoss,APS,0.09999999999999998,0.895,5.7,4.915,1.1904761904761905,2.0,7.115,0.125,0.19999999999999996
24,CrossEntropyLoss,APS,0.13,0.88,5.315,4.46,1.2916666666666667,2.0,6.690769230769231,0.155,0.135
24,CrossEntropyLoss,APS,0.15000000000000002,0.865,5.16,4.245,1.2592592592592593,2.0,6.378333333333333,0.17,0.08499999999999996
24,CrossEntropyLoss,APS,0.18000000000000005,0.82,4.77,3.805,1.3888888888888888,3.0,6.471666666666668,0.25,0.03500000000000003
24,CrossEntropyLoss,APS,0.19999999999999996,0.775,4.45,3.56,1.3777777777777778,3.0,6.31,0.31,0.10999999999999999
24,CrossEntropyLoss,LAC,0.010000000000000009,1.0,8.71,7.835,,0.0,7.835,0.0,0.08999999999999997
24,CrossEntropyLoss,LAC,0.020000000000000018,0.99,8.575,7.805,1.0,1.0,7.805,0.01,0.18000000000000005
24,CrossEntropyLoss,LAC,0.030000000000000027,0.97,7.51,6.715,1.0,1.0,7.715,0.03,0.20499999999999996
24,CrossEntropyLoss,LAC,0.050000000000000044,0.96,6.87,6.095,1.0,1.0,7.095,0.04,0.19499999999999995
24,CrossEntropyLoss,LAC,0.07999999999999996,0.935,6.555,5.75,1.0769230769230769,2.0,7.125,0.07,0.19499999999999995
24,CrossEntropyLoss,LAC,0.09999999999999998,0.93,6.055,5.15,1.1428571428571428,2.0,6.65,0.08,0.09499999999999997
24,CrossEntropyLoss,LAC,0.13,0.895,5.505,4.545,1.3333333333333333,2.0,6.6219230769230775,0.14,0.040000000000000036
24,CrossEntropyLoss,LAC,0.15000000000000002,0.87,5.27,4.335,1.3846153846153846,2.0,6.735,0.18,0.06499999999999995
24,CrossEntropyLoss,LAC,0.18000000000000005,0.815,4.8,3.83,1.3783783783783783,2.0,6.607777777777777,0.255,0.030000000000000027
24,CrossEntropyLoss,LAC,0.19999999999999996,0.815,4.63,3.66,1.4054054054054055,3.0,6.21,0.26,0.030000000000000027
25,CrossEntropyLoss,min-CPS,0.010000000000000009,0.99,8.335,7.335,1.0,1.0,9.334999999999997,0.01,0.0
25,CrossEntropyLoss,min-CPS,0.020000000000000018,0.985,7.245,6.245,1.3333333333333333,2.0,8.244999999999997,0.02,0.0
25,CrossEntropyLoss,min-CPS,0.030000000000000027,0.98,7.225,6.225,1.25,2.0,7.891666666666665,0.025,0.0
25,CrossEntropyLoss,min-CPS,0.050000000000000044,0.965,7.025,6.025,1.1428571428571428,2.0,7.624999999999999,0.04,0.0
25,CrossEntropyLoss,min-CPS,0.07999999999999996,0.945,6.22,5.22,1.4545454545454546,3.0,7.2200000000000015,0.08,0.0
25,CrossEntropyLoss,min-CPS,0.09999999999999998,0.935,6.03,5.03,1.3846153846153846,3.0,6.83,0.09,0.0
25,CrossEntropyLoss,min-CPS,0.13,0.865,5.495,4.495,1.2592592592592593,2.0,7.110384615384615,0.17,0.0
25,CrossEntropyLoss,min-CPS,0.15000000000000002,0.87,5.16,4.16,1.3461538461538463,3.0,6.493333333333332,0.175,0.0
25,CrossEntropyLoss,min-CPS,0.18000000000000005,0.84,5.02,4.02,1.3125,3.0,6.353333333333333,0.21,0.0
25,CrossEntropyLoss,min-CPS,0.19999999999999996,0.83,4.975,3.975,1.2941176470588236,3.0,6.175,0.22,0.0
25,CrossEntropyLoss,RPS,0.010000000000000009,0.985,7.485,6.485,1.0,1.0,9.484999999999996,0.015,0.0
25,CrossEntropyLoss,RPS,0.020000000000000018,0.985,7.485,6.485,1.0,1.0,7.984999999999998,0.015,0.0
25,CrossEntropyLoss,RPS,0.030000000000000027,0.975,7.215,6.215,1.0,1.0,7.881666666666665,0.025,0.0
25,CrossEntropyLoss,RPS,0.050000000000000044,0.955,6.67,5.67,1.1111111111111112,2.0,7.669999999999998,0.05,0.0
25,CrossEntropyLoss,RPS,0.07999999999999996,0.94,6.195,5.195,1.0833333333333333,2.0,6.82,0.065,0.0
25,CrossEntropyLoss,RPS,0.09999999999999998,0.925,6.13,5.13,1.0666666666666667,2.0,6.73,0.08,0.0
25,CrossEntropyLoss,RPS,0.13,0.89,5.415,4.415,1.2272727272727273,2.0,6.491923076923078,0.135,0.0
25,CrossEntropyLoss,RPS,0.15000000000000002,0.89,5.315,4.315,1.2272727272727273,2.0,6.115,0.135,0.0
25,CrossEntropyLoss,RPS,0.18000000000000005,0.865,4.94,3.94,1.2222222222222223,3.0,5.7733333333333325,0.165,0.0
25,CrossEntropyLoss,RPS,0.19999999999999996,0.815,4.675,3.675,1.2432432432432432,3.0,5.975,0.23,0.0
25,CrossEntropyLoss,OCDF,0.010000000000000009,1.0,8.76,7.76,,0.0,7.76,0.0,0.0
25,CrossEntropyLoss,OCDF,0.020000000000000018,1.0,8.76,7.76,,0.0,7.76,0.0,0.0
25,CrossEntropyLoss,OCDF,0.030000000000000027,0.99,8.74,7.74,1.0,1.0,8.406666666666666,0.01,0.0
25,CrossEntropyLoss,OCDF,0.050000000000000044,0.975,7.935,6.935,1.0,1.0,7.935,0.025,0.0
25,CrossEntropyLoss,OCDF,0.07999999999999996,0.95,6.755,5.755,1.4,2.0,7.505,0.07,0.0
25,CrossEntropyLoss,OCDF,0.09999999999999998,0.935,6.51,5.51,1.3076923076923077,2.0,7.21,0.085,0.0
25,CrossEntropyLoss,OCDF,0.13,0.915,6.165,5.165,1.2941176470588236,2.0,6.8573076923076925,0.11,0.0
25,CrossEntropyLoss,OCDF,0.15000000000000002,0.85,5.64,4.64,1.3333333333333333,3.0,7.306666666666667,0.2,0.0
25,CrossEntropyLoss,OCDF,0.18000000000000005,0.805,5.085,4.085,1.3076923076923077,3.0,6.918333333333333,0.255,0.0
25,CrossEntropyLoss,OCDF,0.19999999999999996,0.795,4.99,3.99,1.3170731707317074,3.0,6.69,0.27,0.0
25,CrossEntropyLoss,APS,0.010000000000000009,1.0,8.485,7.815,,0.0,7.815,0.0,0.32999999999999996
25,CrossEntropyLoss,APS,0.020000000000000018,0.99,8.125,7.675,1.0,1.0,8.175,0.01,0.55
25,CrossEntropyLoss,APS,0.030000000000000027,0.975,7.635,7.2,1.2,2.0,8.2,0.03,0.52
25,CrossEntropyLoss,APS,0.050000000000000044,0.965,6.93,6.34,1.1428571428571428,2.0,7.14,0.04,0.36
25,CrossEntropyLoss,APS,0.07999999999999996,0.94,6.02,5.29,1.1666666666666667,2.0,6.665000000000001,0.07,0.22499999999999998
25,CrossEntropyLoss,APS,0.09999999999999998,0.92,5.885,5.115,1.1875,2.0,6.815,0.095,0.19999999999999996
25,CrossEntropyLoss,APS,0.13,0.92,5.675,4.845,1.1875,2.0,6.152692307692307,0.095,0.16000000000000003
25,CrossEntropyLoss,APS,0.15000000000000002,0.89,5.505,4.645,1.2272727272727273,2.0,6.3116666666666665,0.135,0.135
25,CrossEntropyLoss,APS,0.18000000000000005,0.855,5.02,4.075,1.3448275862068966,3.0,6.186111111111111,0.195,0.05500000000000005
25,CrossEntropyLoss,APS,0.19999999999999996,0.835,4.845,3.89,1.3636363636363635,3.0,6.09,0.225,0.04500000000000004
25,CrossEntropyLoss,LAC,0.010000000000000009,0.995,8.66,7.84,1.0,1.0,8.839999999999998,0.005,0.15500000000000003
25,CrossEntropyLoss,LAC,0.020000000000000018,0.99,8.58,7.84,1.0,1.0,8.34,0.01,0.20499999999999996
25,CrossEntropyLoss,LAC,0.030000000000000027,0.975,7.725,6.915,1.2,2.0,8.248333333333333,0.03,0.18999999999999995
25,CrossEntropyLoss,LAC,0.050000000000000044,0.97,6.845,6.095,1.1666666666666667,2.0,7.095,0.035,0.19999999999999996
25,CrossEntropyLoss,LAC,0.07999999999999996,0.945,6.63,5.86,1.0909090909090908,2.0,7.110000000000001,0.06,0.18999999999999995
25,CrossEntropyLoss,LAC,0.09999999999999998,0.945,6.48,5.66,1.0909090909090908,2.0,6.66,0.06,0.18000000000000005
25,CrossEntropyLoss,LAC,0.13,0.925,5.805,4.95,1.0666666666666667,2.0,5.95,0.08,0.14500000000000002
25,CrossEntropyLoss,LAC,0.15000000000000002,0.88,5.26,4.305,1.3333333333333333,2.0,6.438333333333333,0.16,0.04500000000000004
25,CrossEntropyLoss,LAC,0.18000000000000005,0.86,4.95,3.95,1.4642857142857142,3.0,6.227777777777777,0.205,0.0
25,CrossEntropyLoss,LAC,0.19999999999999996,0.845,4.825,3.85,1.4516129032258065,3.0,6.1,0.225,0.025000000000000022
26,CrossEntropyLoss,min-CPS,0.010000000000000009,1.0,8.54,7.54,,0.0,7.54,0.0,0.0
26,CrossEntropyLoss,min-CPS,0.020000000000000018,0.995,7.33,6.33,1.0,1.0,6.83,0.005,0.0
26,CrossEntropyLoss,min-CPS,0.030000000000000027,0.995,7.28,6.28,1.0,1.0,6.613333333333332,0.005,0.0
26,CrossEntropyLoss,min-CPS,0.050000000000000044,0.98,7.145,6.145,1.0,1.0,6.945,0.02,0.0
26,CrossEntropyLoss,min-CPS,0.07999999999999996,0.915,6.085,5.085,1.2352941176470589,2.0,7.710000000000001,0.105,0.0
26,CrossEntropyLoss,min-CPS,0.09999999999999998,0.87,5.945,4.945,1.1538461538461537,2.0,7.945,0.15,0.0
26,CrossEntropyLoss,min-CPS,0.13,0.87,5.54,4.54,1.1923076923076923,2.0,6.924615384615386,0.155,0.0
26,CrossEntropyLoss,min-CPS,0.15000000000000002,0.87,5.41,4.41,1.2692307692307692,3.0,6.61,0.165,0.0
26,CrossEntropyLoss,min-CPS,0.18000000000000005,0.795,4.93,3.93,1.2926829268292683,3.0,6.8744444444444435,0.265,0.0
26,CrossEntropyLoss,min-CPS,0.19999999999999996,0.795,4.84,3.84,1.3902439024390243,3.0,6.69,0.285,0.0
26,CrossEntropyLoss,RPS,0.010000000000000009,0.985,7.445,6.445,1.0,1.0,9.444999999999999,0.015,0.0
26,CrossEntropyLoss,RPS,0.020000000000000018,0.985,7.445,6.445,1.0,1.0,7.944999999999998,0.015,0.0
26,CrossEntropyLoss,RPS,0.030000000000000027,0.97,7.05,6.05,1.0,1.0,8.049999999999999,0.03,0.0
26,CrossEntropyLoss,RPS,0.050000000000000044,0.96,6.76,5.76,1.0,1.0,7.3599999999999985,0.04,0.0
26,CrossEntropyLoss,RPS,0.07999999999999996,0.955,6.375,5.375,1.0,1.0,6.5,0.045,0.0
26,CrossEntropyLoss,RPS,0.09999999999999998,0.885,5.685,4.685,1.0869565217391304,2.0,7.185,0.125,0.0
26,CrossEntropyLoss,RPS,0.13,0.85,5.135,4.135,1.2,2.0,6.904230769230769,0.18,0.0
26,CrossEntropyLoss,RPS,0.15000000000000002,0.825,4.93,3.93,1.1714285714285715,2.0,6.663333333333332,0.205,0.0
26,CrossEntropyLoss,RPS,0.18000000000000005,0.825,4.865,3.865,1.2,2.0,6.198333333333332,0.21,0.0
26,CrossEntropyLoss,RPS,0.19999999999999996,0.81,4.73,3.73,1.1842105263157894,2.0,5.98,0.225,0.0
26,CrossEntropyLoss,OCDF,0.010000000000000009,1.0,8.76,7.76,,0.0,7.76,0.0,0.0
26,CrossEntropyLoss,OCDF,0.020000000000000018,0.97,8.31,7.31,1.0,1.0,10.309999999999997,0.03,0.0
26,CrossEntropyLoss,OCDF,0.030000000000000027,0.955,7.995,6.995,1.0,1.0,9.994999999999997,0.045,0.0
26,CrossEntropyLoss,OCDF,0.050000000000000044,0.93,6.83,5.83,1.5714285714285714,2.0,10.229999999999997,0.11,0.0
26,CrossEntropyLoss,OCDF,0.07999999999999996,0.905,6.45,5.45,1.5263157894736843,2.0,9.075000000000003,0.145,0.0
26,CrossEntropyLoss,OCDF,0.09999999999999998,0.89,6.2,5.2,1.4545454545454546,2.0,8.4,0.16,0.0
26,CrossEntropyLoss,OCDF,0.13,0.88,5.97,4.97,1.4583333333333333,3.0,7.662307692307691,0.175,0.0
26,CrossEntropyLoss,OCDF,0.15000000000000002,0.86,5.765,4.765,1.4285714285714286,3.0,7.431666666666667,0.2,0.0
26,CrossEntropyLoss,OCDF,0.18000000000000005,0.835,5.43,4.43,1.393939393939394,3.0,6.985555555555554,0.23,0.0
26,CrossEntropyLoss,OCDF,0.19999999999999996,0.83,5.27,4.27,1.411764705882353,3.0,6.67,0.24,0.0
26,CrossEntropyLoss,APS,0.010000000000000009,0.995,8.71,7.9,1.0,1.0,7.9,0.005,0.18999999999999995
26,CrossEntropyLoss,APS,0.020000000000000018,0.995,8.435,7.785,1.0,1.0,7.785,0.005,0.35
26,CrossEntropyLoss,APS,0.030000000000000027,0.99,7.86,7.395,1.0,1.0,7.728333333333333,0.01,0.51
26,CrossEntropyLoss,APS,0.050000000000000044,0.97,6.555,5.945,1.0,1.0,6.945,0.03,0.31000000000000005
26,CrossEntropyLoss,APS,0.07999999999999996,0.95,6.055,5.33,1.1,2.0,6.58,0.055,0.235
26,CrossEntropyLoss,APS,0.09999999999999998,0.915,5.82,5.035,1.1764705882352942,2.0,6.735,0.1,0.18999999999999995
26,CrossEntropyLoss,APS,0.13,0.86,5.185,4.275,1.3214285714285714,3.0,6.890384615384614,0.185,0.08499999999999996
26,CrossEntropyLoss,APS,0.15000000000000002,0.83,4.96,4.02,1.3235294117647058,3.0,6.953333333333332,0.225,0.06000000000000005
26,CrossEntropyLoss,APS,0.18000000000000005,0.825,4.815,3.875,1.3142857142857143,3.0,6.374999999999999,0.23,0.06000000000000005
26,CrossEntropyLoss,APS,0.19999999999999996,0.795,4.51,3.63,1.3658536585365855,3.0,6.23,0.28,0.12
26,CrossEntropyLoss,LAC,0.010000000000000009,0.995,8.675,7.87,1.0,1.0,8.87,0.005,0.16500000000000004
26,CrossEntropyLoss,LAC,0.020000000000000018,0.99,8.6,7.87,1.0,1.0,8.37,0.01,0.20499999999999996
26,CrossEntropyLoss,LAC,0.030000000000000027,0.99,8.37,7.615,1.0,1.0,7.948333333333332,0.01,0.21499999999999997
26,CrossEntropyLoss,LAC,0.050000000000000044,0.97,6.83,6.105,1.0,1.0,6.905,0.03,0.21499999999999997
26,CrossEntropyLoss,LAC,0.07999999999999996,0.92,6.28,5.45,1.0,1.0,7.325,0.08,0.17000000000000004
26,CrossEntropyLoss,LAC,0.09999999999999998,0.905,5.795,4.915,1.0,1.0,6.715,0.095,0.12
26,CrossEntropyLoss,LAC,0.13,0.855,5.2,4.225,1.3103448275862069,2.0,7.148076923076924,0.19,0.025000000000000022
26,CrossEntropyLoss,LAC,0.15000000000000002,0.855,5.09,4.09,1.3448275862068966,2.0,6.69,0.195,0.0
26,CrossEntropyLoss,LAC,0.18000000000000005,0.825,4.775,3.81,1.4285714285714286,3.0,6.532222222222222,0.25,0.03500000000000003
26,CrossEntropyLoss,LAC,0.19999999999999996,0.8,4.505,3.54,1.45,3.0,6.39,0.29,0.03500000000000003
27,CrossEntropyLoss,min-CPS,0.010000000000000009,0.985,7.37,6.37,1.3333333333333333,2.0,10.369999999999996,0.02,0.0
27,CrossEntropyLoss,min-CPS,0.020000000000000018,0.975,7.295,6.295,1.2,2.0,9.294999999999998,0.03,0.0
27,CrossEntropyLoss,min-CPS,0.030000000000000027,0.975,7.295,6.295,1.2,2.0,8.294999999999998,0.03,0.0
27,CrossEntropyLoss,min-CPS,0.050000000000000044,0.97,7.165,6.165,1.1666666666666667,2.0,7.565,0.035,0.0
27,CrossEntropyLoss,min-CPS,0.07999999999999996,0.915,6.135,5.135,1.3529411764705883,3.0,8.010000000000002,0.115,0.0
27,CrossEntropyLoss,min-CPS,0.09999999999999998,0.915,6.06,5.06,1.411764705882353,3.0,7.46,0.12,0.0
27,CrossEntropyLoss,min-CPS,0.13,0.875,5.615,4.615,1.24,2.0,6.999615384615385,0.155,0.0
27,CrossEntropyLoss,min-CPS,0.15000000000000002,0.865,5.41,4.41,1.2222222222222223,2.0,6.61,0.165,0.0
27,CrossEntropyLoss,min-CPS,0.18000000000000005,0.85,5.065,4.065,1.3333333333333333,3.0,6.287222222222222,0.2,0.0
27,CrossEntropyLoss,min-CPS,0.19999999999999996,0.835,4.98,3.98,1.303030303030303,3.0,6.13,0.215,0.0
27,CrossEntropyLoss,RPS,0.010000000000000009,0.99,7.48,6.48,1.0,1.0,8.479999999999997,0.01,0.0
27,CrossEntropyLoss,RPS,0.020000000000000018,0.99,7.465,6.465,1.0,1.0,7.464999999999999,0.01,0.0
27,CrossEntropyLoss,RPS,0.030000000000000027,0.99,7.465,6.465,1.0,1.0,7.131666666666666,0.01,0.0
27,CrossEntropyLoss,RPS,0.050000000000000044,0.95,6.605,5.605,1.1,2.0,7.804999999999998,0.055,0.0
27,CrossEntropyLoss,RPS,0.07999999999999996,0.93,6.22,5.22,1.0714285714285714,2.0,7.095,0.075,0.0
27,CrossEntropyLoss,RPS,0.09999999999999998,0.905,5.86,4.86,1.0526315789473684,2.0,6.86,0.1,0.0
27,CrossEntropyLoss,RPS,0.13,0.875,5.31,4.31,1.16,2.0,6.540769230769231,0.145,0.0
27,CrossEntropyLoss,RPS,0.15000000000000002,0.85,5.0,4.0,1.2333333333333334,3.0,6.466666666666665,0.185,0.0
27,CrossEntropyLoss,RPS,0.18000000000000005,0.815,4.81,3.81,1.2162162162162162,3.0,6.31,0.225,0.0
27,CrossEntropyLoss,RPS,0.19999999999999996,0.81,4.69,3.69,1.2105263157894737,3.0,5.99,0.23,0.0
27,CrossEntropyLoss,OCDF,0.010000000000000009,1.0,8.785,7.785,,0.0,7.785,0.0,0.0
27,CrossEntropyLoss,OCDF,0.020000000000000018,1.0,8.785,7.785,,0.0,7.785,0.0,0.0
27,CrossEntropyLoss,OCDF,0.030000000000000027,0.975,8.305,7.305,1.0,1.0,8.971666666666666,0.025,0.0
27,CrossEntropyLoss,OCDF,0.050000000000000044,0.935,6.855,5.855,1.4615384615384615,3.0,9.654999999999996,0.095,0.0
27,CrossEntropyLoss,OCDF,0.07999999999999996,0.925,6.64,5.64,1.4,3.0,8.265000000000002,0.105,0.0
27,CrossEntropyLoss,OCDF,0.09999999999999998,0.9,6.27,5.27,1.45,3.0,8.17,0.145,0.0
27,CrossEntropyLoss,OCDF,0.13,0.835,5.71,4.71,1.3636363636363635,3.0,8.17153846153846,0.225,0.0
27,CrossEntropyLoss,OCDF,0.15000000000000002,0.815,5.415,4.415,1.3513513513513513,3.0,7.748333333333332,0.25,0.0
27,CrossEntropyLoss,OCDF,0.18000000000000005,0.79,5.105,4.105,1.380952380952381,3.0,7.327222222222222,0.29,0.0
27,CrossEntropyLoss,OCDF,0.19999999999999996,0.76,4.685,3.685,1.3958333333333333,3.0,7.035,0.335,0.0
27,CrossEntropyLoss,APS,0.010000000000000009,0.98,8.21,7.68,1.0,1.0,9.679999999999998,0.02,0.47
27,CrossEntropyLoss,APS,0.020000000000000018,0.97,7.72,7.195,1.0,1.0,8.694999999999999,0.03,0.44499999999999995
27,CrossEntropyLoss,APS,0.030000000000000027,0.94,6.555,5.915,1.0833333333333333,2.0,7.914999999999999,0.065,0.28
27,CrossEntropyLoss,APS,0.050000000000000044,0.935,6.335,5.66,1.0769230769230769,2.0,7.259999999999999,0.07,0.26
27,CrossEntropyLoss,APS,0.07999999999999996,0.91,5.925,5.15,1.1111111111111112,2.0,7.025000000000001,0.1,0.19499999999999995
27,CrossEntropyLoss,APS,0.09999999999999998,0.9,5.73,4.905,1.1,2.0,6.805,0.11,0.16500000000000004
27,CrossEntropyLoss,APS,0.13,0.875,5.395,4.55,1.12,2.0,6.473076923076924,0.14,0.15000000000000002
27,CrossEntropyLoss,APS,0.15000000000000002,0.86,5.215,4.335,1.1785714285714286,2.0,6.401666666666666,0.165,0.12
27,CrossEntropyLoss,APS,0.18000000000000005,0.825,4.855,3.925,1.2571428571428571,2.0,6.369444444444444,0.22,0.06999999999999995
27,CrossEntropyLoss,APS,0.19999999999999996,0.805,4.585,3.655,1.2564102564102564,2.0,6.105,0.245,0.06999999999999995
27,CrossEntropyLoss,LAC,0.010000000000000009,0.985,8.7,7.87,1.0,1.0,7.87,0.015,0.15000000000000002
27,CrossEntropyLoss,LAC,0.020000000000000018,0.985,8.505,7.755,1.0,1.0,7.755,0.015,0.22999999999999998
27,CrossEntropyLoss,LAC,0.030000000000000027,0.95,6.92,6.17,1.1,2.0,8.836666666666666,0.055,0.20999999999999996
27,CrossEntropyLoss,LAC,0.050000000000000044,0.935,6.795,6.025,1.0769230769230769,2.0,8.224999999999998,0.07,0.19999999999999996
27,CrossEntropyLoss,LAC,0.07999999999999996,0.935,6.555,5.75,1.1538461538461537,2.0,7.25,0.075,0.19499999999999995
27,CrossEntropyLoss,LAC,0.09999999999999998,0.895,5.77,4.94,1.1428571428571428,2.0,6.94,0.12,0.17000000000000004
27,CrossEntropyLoss,LAC,0.13,0.865,5.215,4.255,1.2592592592592593,2.0,6.870384615384616,0.17,0.040000000000000036
27,CrossEntropyLoss,LAC,0.15000000000000002,0.865,5.195,4.235,1.2592592592592593,2.0,6.501666666666665,0.17,0.040000000000000036
27,CrossEntropyLoss,LAC,0.18000000000000005,0.825,4.815,3.835,1.3142857142857143,3.0,6.390555555555555,0.23,0.020000000000000018
27,CrossEntropyLoss,LAC,0.19999999999999996,0.8,4.565,3.585,1.45,3.0,6.485,0.29,0.020000000000000018
28,CrossEntropyLoss,min-CPS,0.010000000000000009,0.99,8.355,7.355,1.0,1.0,9.354999999999997,0.01,0.0
28,CrossEntropyLoss,min-CPS,0.020000000000000018,0.975,7.275,6.275,1.0,1.0,8.774999999999999,0.025,0.0
28,CrossEntropyLoss,min-CPS,0.030000000000000027,0.975,7.275,6.275,1.0,1.0,7.9416666666666655,0.025,0.0
28,CrossEntropyLoss,min-CPS,0.050000000000000044,0.96,7.015,6.015,1.0,1.0,7.614999999999998,0.04,0.0
28,CrossEntropyLoss,min-CPS,0.07999999999999996,0.93,6.08,5.08,1.2857142857142858,2.0,7.330000000000001,0.09,0.0
28,CrossEntropyLoss,min-CPS,0.09999999999999998,0.915,6.02,5.02,1.2352941176470589,2.0,7.12,0.105,0.0
28,CrossEntropyLoss,min-CPS,0.13,0.9,5.71,4.71,1.3,2.0,6.71,0.13,0.0
28,CrossEntropyLoss,min-CPS,0.15000000000000002,0.88,5.445,4.445,1.25,2.0,6.4449999999999985,0.15,0.0
28,CrossEntropyLoss,min-CPS,0.18000000000000005,0.84,5.02,4.02,1.28125,2.0,6.297777777777778,0.205,0.0
28,CrossEntropyLoss,min-CPS,0.19999999999999996,0.81,4.95,3.95,1.236842105263158,2.0,6.3,0.235,0.0
28,CrossEntropyLoss,RPS,0.010000000000000009,1.0,7.795,6.795,,0.0,6.795,0.0,0.0
28,CrossEntropyLoss,RPS,0.020000000000000018,1.0,7.535,6.535,,0.0,6.535,0.0,0.0
28,CrossEntropyLoss,RPS,0.030000000000000027,1.0,7.505,6.505,,0.0,6.505,0.0,0.0
28,CrossEntropyLoss,RPS,0.050000000000000044,0.955,6.65,5.65,1.0,1.0,7.4499999999999975,0.045,0.0
28,CrossEntropyLoss,RPS,0.07999999999999996,0.92,6.125,5.125,1.0,1.0,7.125000000000001,0.08,0.0
28,CrossEntropyLoss,RPS,0.09999999999999998,0.9,5.9,4.9,1.0,1.0,6.9,0.1,0.0
28,CrossEntropyLoss,RPS,0.13,0.875,5.325,4.325,1.12,2.0,6.4788461538461535,0.14,0.0
28,CrossEntropyLoss,RPS,0.15000000000000002,0.875,5.245,4.245,1.16,2.0,6.178333333333333,0.145,0.0
28,CrossEntropyLoss,RPS,0.18000000000000005,0.83,4.86,3.86,1.1470588235294117,2.0,6.026666666666666,0.195,0.0
28,CrossEntropyLoss,RPS,0.19999999999999996,0.805,4.655,3.655,1.205128205128205,2.0,6.005,0.235,0.0
28,CrossEntropyLoss,OCDF,0.010000000000000009,0.995,8.735,7.735,1.0,1.0,8.735,0.005,0.0
28,CrossEntropyLoss,OCDF,0.020000000000000018,0.98,8.72,7.72,1.0,1.0,9.719999999999997,0.02,0.0
28,CrossEntropyLoss,OCDF,0.030000000000000027,0.98,8.285,7.285,1.25,2.0,8.951666666666664,0.025,0.0
28,CrossEntropyLoss,OCDF,0.050000000000000044,0.965,7.42,6.42,1.2857142857142858,3.0,8.219999999999999,0.045,0.0
28,CrossEntropyLoss,OCDF,0.07999999999999996,0.95,6.805,5.805,1.5,3.0,7.6800000000000015,0.075,0.0
28,CrossEntropyLoss,OCDF,0.09999999999999998,0.905,6.245,5.245,1.3157894736842106,3.0,7.745,0.125,0.0
28,CrossEntropyLoss,OCDF,0.13,0.88,5.9,4.9,1.2916666666666667,3.0,7.2846153846153845,0.155,0.0
28,CrossEntropyLoss,OCDF,0.15000000000000002,0.825,5.445,4.445,1.2571428571428571,3.0,7.378333333333333,0.22,0.0
28,CrossEntropyLoss,OCDF,0.18000000000000005,0.79,5.095,4.095,1.3095238095238095,4.0,7.150555555555554,0.275,0.0
28,CrossEntropyLoss,OCDF,0.19999999999999996,0.78,4.81,3.81,1.3636363636363635,4.0,6.81,0.3,0.0
28,CrossEntropyLoss,APS,0.010000000000000009,0.97,8.035,7.58,1.0,1.0,9.579999999999998,0.03,0.525
28,CrossEntropyLoss,APS,0.020000000000000018,0.965,7.69,7.24,1.0,1.0,8.739999999999998,0.035,0.49
28,CrossEntropyLoss,APS,0.030000000000000027,0.965,7.375,6.885,1.0,1.0,7.885,0.035,0.43000000000000005
28,CrossEntropyLoss,APS,0.050000000000000044,0.965,6.615,6.02,1.0,1.0,6.82,0.035,0.33999999999999997
28,CrossEntropyLoss,APS,0.07999999999999996,0.935,6.14,5.425,1.0,1.0,6.8,0.065,0.245
28,CrossEntropyLoss,APS,0.09999999999999998,0.93,6.02,5.295,1.0,1.0,6.495,0.07,0.22999999999999998
28,CrossEntropyLoss,APS,0.13,0.895,5.655,4.835,1.0476190476190477,2.0,6.373461538461538,0.11,0.16000000000000003
28,CrossEntropyLoss,APS,0.15000000000000002,0.865,5.265,4.385,1.1481481481481481,2.0,6.385,0.155,0.10999999999999999
28,CrossEntropyLoss,APS,0.18000000000000005,0.825,4.665,3.755,1.2857142857142858,2.0,6.143888888888889,0.225,0.08999999999999997
28,CrossEntropyLoss,APS,0.19999999999999996,0.805,4.55,3.66,1.3076923076923077,2.0,6.06,0.255,0.10999999999999999
28,CrossEntropyLoss,LAC,0.010000000000000009,0.995,8.65,7.815,1.0,1.0,7.815,0.005,0.14
28,CrossEntropyLoss,LAC,0.020000000000000018,0.98,8.33,7.55,1.0,1.0,8.549999999999999,0.02,0.19499999999999995
28,CrossEntropyLoss,LAC,0.030000000000000027,0.965,7.505,6.71,1.0,1.0,8.043333333333333,0.035,0.19499999999999995
28,CrossEntropyLoss,LAC,0.050000000000000044,0.965,6.89,6.195,1.0,1.0,7.195,0.035,0.25
28,CrossEntropyLoss,LAC,0.07999999999999996,0.93,6.58,5.795,1.0,1.0,7.295,0.07,0.21499999999999997
28,CrossEntropyLoss,LAC,0.09999999999999998,0.905,5.805,4.94,1.0,1.0,6.64,0.095,0.135
28,CrossEntropyLoss,LAC,0.13,0.89,5.385,4.42,1.0909090909090908,2.0,6.189230769230769,0.12,0.03500000000000003
28,CrossEntropyLoss,LAC,0.15000000000000002,0.87,5.235,4.265,1.1923076923076923,2.0,6.331666666666666,0.155,0.030000000000000027
28,CrossEntropyLoss,LAC,0.18000000000000005,0.86,4.98,3.98,1.3214285714285714,3.0,6.035555555555556,0.185,0.0
28,CrossEntropyLoss,LAC,0.19999999999999996,0.8,4.52,3.555,1.325,3.0,6.155,0.265,0.03500000000000003
29,CrossEntropyLoss,min-CPS,0.010000000000000009,0.99,8.275,7.275,1.0,1.0,9.274999999999999,0.01,0.0
29,CrossEntropyLoss,min-CPS,0.020000000000000018,0.995,7.3,6.3,1.0,1.0,6.8,0.005,0.0
29,CrossEntropyLoss,min-CPS,0.030000000000000027,0.985,7.21,6.21,1.0,1.0,7.21,0.015,0.0
29,CrossEntropyLoss,min-CPS,0.050000000000000044,0.975,7.11,6.11,1.0,1.0,7.11,0.025,0.0
29,CrossEntropyLoss,min-CPS,0.07999999999999996,0.925,6.06,5.06,1.4,2.0,7.685000000000002,0.105,0.0
29,CrossEntropyLoss,min-CPS,0.09999999999999998,0.905,5.975,4.975,1.263157894736842,2.0,7.375,0.12,0.0
29,CrossEntropyLoss,min-CPS,0.13,0.895,5.66,4.66,1.2857142857142858,2.0,6.736923076923078,0.135,0.0
29,CrossEntropyLoss,min-CPS,0.15000000000000002,0.83,5.085,4.085,1.2352941176470589,2.0,6.885,0.21,0.0
29,CrossEntropyLoss,min-CPS,0.18000000000000005,0.795,4.915,3.915,1.3170731707317074,3.0,6.914999999999999,0.27,0.0
29,CrossEntropyLoss,min-CPS,0.19999999999999996,0.77,4.805,3.805,1.434782608695652,3.0,7.105,0.33,0.0
29,CrossEntropyLoss,RPS,0.010000000000000009,1.0,7.72,6.72,,0.0,6.72,0.0,0.0
29,CrossEntropyLoss,RPS,0.020000000000000018,0.995,7.46,6.46,1.0,1.0,6.96,0.005,0.0
29,CrossEntropyLoss,RPS,0.030000000000000027,0.995,7.46,6.46,1.0,1.0,6.793333333333333,0.005,0.0
29,CrossEntropyLoss,RPS,0.050000000000000044,0.94,6.525,5.525,1.0,1.0,7.924999999999998,0.06,0.0
29,CrossEntropyLoss,RPS,0.07999999999999996,0.915,6.11,5.11,1.0,1.0,7.235,0.085,0.0
29,CrossEntropyLoss,RPS,0.09999999999999998,0.875,5.68,4.68,1.16,2.0,7.58,0.145,0.0
29,CrossEntropyLoss,RPS,0.13,0.875,5.275,4.275,1.16,2.0,6.505769230769231,0.145,0.0
29,CrossEntropyLoss,RPS,0.15000000000000002,0.855,5.01,4.01,1.206896551724138,2.0,6.343333333333333,0.175,0.0
29,CrossEntropyLoss,RPS,0.18000000000000005,0.84,4.905,3.905,1.1875,2.0,6.016111111111111,0.19,0.0
29,CrossEntropyLoss,RPS,0.19999999999999996,0.825,4.805,3.805,1.2,2.0,5.905,0.21,0.0
29,CrossEntropyLoss,OCDF,0.010000000000000009,1.0,8.705,7.705,,0.0,7.705,0.0,0.0
29,CrossEntropyLoss,OCDF,0.020000000000000018,1.0,8.705,7.705,,0.0,7.705,0.0,0.0
29,CrossEntropyLoss,OCDF,0.030000000000000027,0.97,8.015,7.015,1.1666666666666667,2.0,9.348333333333333,0.035,0.0
29,CrossEntropyLoss,OCDF,0.050000000000000044,0.945,7.1,6.1,1.3636363636363635,3.0,9.099999999999998,0.075,0.0
29,CrossEntropyLoss,OCDF,0.07999999999999996,0.945,6.695,5.695,1.6363636363636365,3.0,7.945000000000001,0.09,0.0
29,CrossEntropyLoss,OCDF,0.09999999999999998,0.89,6.085,5.085,1.3636363636363635,3.0,8.085,0.15,0.0
29,CrossEntropyLoss,OCDF,0.13,0.875,5.82,4.82,1.32,3.0,7.358461538461538,0.165,0.0
29,CrossEntropyLoss,OCDF,0.15000000000000002,0.84,5.42,4.42,1.34375,3.0,7.286666666666665,0.215,0.0
29,CrossEntropyLoss,OCDF,0.18000000000000005,0.805,5.09,4.09,1.3076923076923077,3.0,6.923333333333333,0.255,0.0
29,CrossEntropyLoss,OCDF,0.19999999999999996,0.79,4.865,3.865,1.3333333333333333,3.0,6.665,0.28,0.0
29,CrossEntropyLoss,APS,0.010000000000000009,0.985,8.28,7.725,1.0,1.0,8.725,0.015,0.44499999999999995
29,CrossEntropyLoss,APS,0.020000000000000018,0.975,7.66,7.185,1.0,1.0,8.184999999999999,0.025,0.49
29,CrossEntropyLoss,APS,0.030000000000000027,0.975,7.54,7.075,1.0,1.0,7.741666666666666,0.025,0.485
29,CrossEntropyLoss,APS,0.050000000000000044,0.965,6.67,6.075,1.0,1.0,6.675,0.035,0.33999999999999997
29,CrossEntropyLoss,APS,0.07999999999999996,0.93,5.93,5.16,1.0714285714285714,2.0,6.785000000000001,0.075,0.18999999999999995
29,CrossEntropyLoss,APS,0.09999999999999998,0.915,5.745,4.965,1.0588235294117647,2.0,6.565,0.09,0.18999999999999995
29,CrossEntropyLoss,APS,0.13,0.88,5.505,4.69,1.1666666666666667,2.0,6.613076923076924,0.14,0.16500000000000004
29,CrossEntropyLoss,APS,0.15000000000000002,0.875,5.155,4.26,1.2,2.0,6.126666666666666,0.15,0.09499999999999997
29,CrossEntropyLoss,APS,0.18000000000000005,0.83,4.715,3.79,1.2058823529411764,2.0,6.0122222222222215,0.205,0.07499999999999996
29,CrossEntropyLoss,APS,0.19999999999999996,0.805,4.54,3.605,1.2820512820512822,3.0,6.055,0.25,0.06499999999999995
29,CrossEntropyLoss,LAC,0.010000000000000009,0.995,8.635,7.83,1.0,1.0,7.83,0.005,0.16500000000000004
29,CrossEntropyLoss,LAC,0.020000000000000018,0.99,8.575,7.83,1.0,1.0,7.83,0.01,0.19999999999999996
29,CrossEntropyLoss,LAC,0.030000000000000027,0.99,8.335,7.585,1.0,1.0,7.918333333333333,0.01,0.21999999999999997
29,CrossEntropyLoss,LAC,0.050000000000000044,0.96,6.78,6.035,1.0,1.0,7.035,0.04,0.21499999999999997
29,CrossEntropyLoss,LAC,0.07999999999999996,0.925,6.335,5.545,1.1333333333333333,2.0,7.420000000000001,0.085,0.20999999999999996
29,CrossEntropyLoss,LAC,0.09999999999999998,0.905,5.775,4.9,1.105263157894737,2.0,6.9,0.105,0.125
29,CrossEntropyLoss,LAC,0.13,0.885,5.285,4.35,1.173913043478261,2.0,6.35,0.135,0.06499999999999995
29,CrossEntropyLoss,LAC,0.15000000000000002,0.87,5.235,4.27,1.2692307692307692,2.0,6.47,0.165,0.03500000000000003
29,CrossEntropyLoss,LAC,0.18000000000000005,0.83,4.765,3.785,1.3235294117647058,3.0,6.285,0.225,0.020000000000000018
29,CrossEntropyLoss,LAC,0.19999999999999996,0.795,4.525,3.545,1.3658536585365855,3.0,6.345,0.28,0.020000000000000018
30,CrossEntropyLoss,min-CPS,0.010000000000000009,0.99,8.32,7.32,1.0,1.0,9.319999999999999,0.01,0.0
30,CrossEntropyLoss,min-CPS,0.020000000000000018,0.99,7.325,6.325,1.0,1.0,7.324999999999999,0.01,0.0
30,CrossEntropyLoss,min-CPS,0.030000000000000027,0.98,7.255,6.255,1.0,1.0,7.588333333333333,0.02,0.0
30,CrossEntropyLoss,min-CPS,0.050000000000000044,0.96,7.055,6.055,1.0,1.0,7.655,0.04,0.0
30,CrossEntropyLoss,min-CPS,0.07999999999999996,0.915,6.09,5.09,1.2352941176470589,2.0,7.7150000000000025,0.105,0.0
30,CrossEntropyLoss,min-CPS,0.09999999999999998,0.905,5.97,4.97,1.2105263157894737,2.0,7.27,0.115,0.0
30,CrossEntropyLoss,min-CPS,0.13,0.89,5.94,4.94,1.1818181818181819,2.0,6.94,0.13,0.0
30,CrossEntropyLoss,min-CPS,0.15000000000000002,0.87,5.39,4.39,1.2692307692307692,3.0,6.589999999999999,0.165,0.0
30,CrossEntropyLoss,min-CPS,0.18000000000000005,0.835,4.995,3.995,1.2424242424242424,3.0,6.272777777777777,0.205,0.0
30,CrossEntropyLoss,min-CPS,0.19999999999999996,0.805,4.925,3.925,1.2564102564102564,3.0,6.375,0.245,0.0
30,CrossEntropyLoss,RPS,0.010000000000000009,0.99,7.5,6.5,1.0,1.0,8.499999999999998,0.01,0.0
30,CrossEntropyLoss,RPS,0.020000000000000018,0.99,7.485,6.485,1.0,1.0,7.4849999999999985,0.01,0.0
30,CrossEntropyLoss,RPS,0.030000000000000027,0.975,7.225,6.225,1.0,1.0,7.891666666666665,0.025,0.0
30,CrossEntropyLoss,RPS,0.050000000000000044,0.955,6.685,5.685,1.0,1.0,7.484999999999998,0.045,0.0
30,CrossEntropyLoss,RPS,0.07999999999999996,0.925,6.13,5.13,1.0,1.0,7.005,0.075,0.0
30,CrossEntropyLoss,RPS,0.09999999999999998,0.895,5.715,4.715,1.0952380952380953,2.0,7.015,0.115,0.0
30,CrossEntropyLoss,RPS,0.13,0.885,5.365,4.365,1.2173913043478262,2.0,6.5188461538461535,0.14,0.0
30,CrossEntropyLoss,RPS,0.15000000000000002,0.835,4.925,3.925,1.1515151515151516,2.0,6.458333333333332,0.19,0.0
30,CrossEntropyLoss,RPS,0.18000000000000005,0.825,4.86,3.86,1.1714285714285715,2.0,6.137777777777777,0.205,0.0
30,CrossEntropyLoss,RPS,0.19999999999999996,0.815,4.67,3.67,1.162162162162162,2.0,5.82,0.215,0.0
30,CrossEntropyLoss,OCDF,0.010000000000000009,0.995,8.795,7.795,1.0,1.0,8.794999999999998,0.005,0.0
30,CrossEntropyLoss,OCDF,0.020000000000000018,0.98,8.77,7.77,1.0,1.0,9.769999999999998,0.02,0.0
30,CrossEntropyLoss,OCDF,0.030000000000000027,0.95,7.92,6.92,1.1,2.0,10.586666666666666,0.055,0.0
30,CrossEntropyLoss,OCDF,0.050000000000000044,0.94,7.06,6.06,1.4166666666666667,3.0,9.459999999999997,0.085,0.0
30,CrossEntropyLoss,OCDF,0.07999999999999996,0.925,6.635,5.635,1.5333333333333334,3.0,8.510000000000002,0.115,0.0
30,CrossEntropyLoss,OCDF,0.09999999999999998,0.9,6.265,5.265,1.45,3.0,8.165,0.145,0.0
30,CrossEntropyLoss,OCDF,0.13,0.88,5.925,4.925,1.4166666666666667,3.0,7.540384615384616,0.17,0.0
30,CrossEntropyLoss,OCDF,0.15000000000000002,0.86,5.715,4.715,1.3928571428571428,3.0,7.315,0.195,0.0
30,CrossEntropyLoss,OCDF,0.18000000000000005,0.86,5.5,4.5,1.4285714285714286,3.0,6.722222222222221,0.2,0.0
30,CrossEntropyLoss,OCDF,0.19999999999999996,0.85,5.39,4.39,1.4,3.0,6.49,0.21,0.0
30,CrossEntropyLoss,APS,0.010000000000000009,1.0,8.52,7.805,,0.0,7.805,0.0,0.28500000000000003
30,CrossEntropyLoss,APS,0.020000000000000018,0.985,7.91,7.42,1.0,1.0,8.419999999999998,0.015,0.485
30,CrossEntropyLoss,APS,0.030000000000000027,0.98,7.87,7.38,1.0,1.0,8.046666666666667,0.02,0.48
30,CrossEntropyLoss,APS,0.050000000000000044,0.975,6.55,5.92,1.0,1.0,6.72,0.025,0.30000000000000004
30,CrossEntropyLoss,APS,0.07999999999999996,0.955,6.18,5.545,1.1111111111111112,2.0,6.295,0.05,0.29000000000000004
30,CrossEntropyLoss,APS,0.09999999999999998,0.915,5.81,5.055,1.1176470588235294,2.0,6.455,0.095,0.20499999999999996
30,CrossEntropyLoss,APS,0.13,0.885,5.375,4.52,1.1304347826086956,2.0,6.366153846153846,0.13,0.135
30,CrossEntropyLoss,APS,0.15000000000000002,0.875,5.195,4.28,1.16,2.0,6.1466666666666665,0.145,0.08499999999999996
30,CrossEntropyLoss,APS,0.18000000000000005,0.83,4.885,3.945,1.2058823529411764,3.0,6.111666666666666,0.205,0.06000000000000005
30,CrossEntropyLoss,APS,0.19999999999999996,0.825,4.815,3.885,1.2,3.0,5.835,0.21,0.06999999999999995
30,CrossEntropyLoss,LAC,0.010000000000000009,0.995,8.645,7.785,1.0,1.0,8.784999999999998,0.005,0.12
30,CrossEntropyLoss,LAC,0.020000000000000018,0.985,8.415,7.675,1.0,1.0,8.674999999999999,0.015,0.24
30,CrossEntropyLoss,LAC,0.030000000000000027,0.975,7.695,6.885,1.0,1.0,8.218333333333332,0.025,0.18999999999999995
30,CrossEntropyLoss,LAC,0.050000000000000044,0.975,6.995,6.26,1.0,1.0,7.06,0.025,0.265
30,CrossEntropyLoss,LAC,0.07999999999999996,0.925,6.43,5.625,1.0,1.0,7.375,0.075,0.19499999999999995
30,CrossEntropyLoss,LAC,0.09999999999999998,0.895,5.775,4.955,1.0,1.0,6.755,0.105,0.18000000000000005
30,CrossEntropyLoss,LAC,0.13,0.855,5.185,4.21,1.2413793103448276,2.0,6.979230769230769,0.18,0.025000000000000022
30,CrossEntropyLoss,LAC,0.15000000000000002,0.85,4.985,3.985,1.2666666666666666,2.0,6.518333333333333,0.19,0.0
30,CrossEntropyLoss,LAC,0.18000000000000005,0.83,4.745,3.78,1.2941176470588236,3.0,6.168888888888888,0.22,0.03500000000000003
30,CrossEntropyLoss,LAC,0.19999999999999996,0.815,4.56,3.595,1.3243243243243243,3.0,5.995,0.245,0.03500000000000003
31,CrossEntropyLoss,min-CPS,0.010000000000000009,1.0,8.54,7.54,,0.0,7.54,0.0,0.0
31,CrossEntropyLoss,min-CPS,0.020000000000000018,0.975,7.185,6.185,1.0,1.0,8.684999999999997,0.025,0.0
31,CrossEntropyLoss,min-CPS,0.030000000000000027,0.975,7.185,6.185,1.0,1.0,7.851666666666665,0.025,0.0
31,CrossEntropyLoss,min-CPS,0.050000000000000044,0.955,7.015,6.015,1.0,1.0,7.814999999999999,0.045,0.0
31,CrossEntropyLoss,min-CPS,0.07999999999999996,0.915,6.065,5.065,1.3529411764705883,2.0,7.940000000000002,0.115,0.0
31,CrossEntropyLoss,min-CPS,0.09999999999999998,0.91,6.02,5.02,1.3888888888888888,2.0,7.52,0.125,0.0
31,CrossEntropyLoss,min-CPS,0.13,0.86,5.385,4.385,1.2857142857142858,2.0,7.154230769230769,0.18,0.0
31,CrossEntropyLoss,min-CPS,0.15000000000000002,0.86,5.36,4.36,1.3214285714285714,3.0,6.826666666666666,0.185,0.0
31,CrossEntropyLoss,min-CPS,0.18000000000000005,0.815,4.945,3.945,1.2702702702702702,3.0,6.556111111111111,0.235,0.0
31,CrossEntropyLoss,min-CPS,0.19999999999999996,0.79,4.82,3.82,1.5476190476190477,3.0,7.07,0.325,0.0
31,CrossEntropyLoss,RPS,0.010000000000000009,0.995,7.565,6.565,1.0,1.0,7.564999999999999,0.005,0.0
31,CrossEntropyLoss,RPS,0.020000000000000018,0.995,7.445,6.445,1.0,1.0,6.945,0.005,0.0
31,CrossEntropyLoss,RPS,0.030000000000000027,0.995,7.445,6.445,1.0,1.0,6.778333333333332,0.005,0.0
31,CrossEntropyLoss,RPS,0.050000000000000044,0.95,6.645,5.645,1.0,1.0,7.644999999999999,0.05,0.0
31,CrossEntropyLoss,RPS,0.07999999999999996,0.925,6.135,5.135,1.0,1.0,7.010000000000002,0.075,0.0
31,CrossEntropyLoss,RPS,0.09999999999999998,0.875,5.68,4.68,1.16,2.0,7.58,0.145,0.0
31,CrossEntropyLoss,RPS,0.13,0.855,5.19,4.19,1.206896551724138,2.0,6.882307692307693,0.175,0.0
31,CrossEntropyLoss,RPS,0.15000000000000002,0.835,4.955,3.955,1.1818181818181819,2.0,6.555,0.195,0.0
31,CrossEntropyLoss,RPS,0.18000000000000005,0.805,4.795,3.795,1.1794871794871795,2.0,6.350555555555555,0.23,0.0
31,CrossEntropyLoss,RPS,0.19999999999999996,0.805,4.7,3.7,1.205128205128205,2.0,6.05,0.235,0.0
31,CrossEntropyLoss,OCDF,0.010000000000000009,0.965,8.345,7.345,1.1428571428571428,2.0,15.344999999999994,0.04,0.0
31,CrossEntropyLoss,OCDF,0.020000000000000018,0.965,8.23,7.23,1.1428571428571428,2.0,11.229999999999995,0.04,0.0
31,CrossEntropyLoss,OCDF,0.030000000000000027,0.945,7.355,6.355,1.3636363636363635,3.0,11.354999999999995,0.075,0.0
31,CrossEntropyLoss,OCDF,0.050000000000000044,0.935,6.705,5.705,1.7692307692307692,3.0,10.304999999999996,0.115,0.0
31,CrossEntropyLoss,OCDF,0.07999999999999996,0.9,6.31,5.31,1.6,3.0,9.310000000000002,0.16,0.0
31,CrossEntropyLoss,OCDF,0.09999999999999998,0.89,6.105,5.105,1.5454545454545454,3.0,8.505,0.17,0.0
31,CrossEntropyLoss,OCDF,0.13,0.84,5.625,4.625,1.46875,3.0,8.240384615384615,0.235,0.0
31,CrossEntropyLoss,OCDF,0.15000000000000002,0.83,5.475,4.475,1.4411764705882353,3.0,7.741666666666666,0.245,0.0
31,CrossEntropyLoss,OCDF,0.18000000000000005,0.79,5.085,4.085,1.4047619047619047,4.0,7.362777777777777,0.295,0.0
31,CrossEntropyLoss,OCDF,0.19999999999999996,0.76,4.64,3.64,1.4375,4.0,7.09,0.345,0.0
31,CrossEntropyLoss,APS,0.010000000000000009,0.995,8.61,7.84,1.0,1.0,7.84,0.005,0.22999999999999998
31,CrossEntropyLoss,APS,0.020000000000000018,0.985,8.06,7.63,1.0,1.0,8.13,0.015,0.565
31,CrossEntropyLoss,APS,0.030000000000000027,0.985,7.935,7.535,1.0,1.0,7.868333333333332,0.015,0.5800000000000001
31,CrossEntropyLoss,APS,0.050000000000000044,0.96,6.615,5.995,1.0,1.0,7.195,0.04,0.31000000000000005
31,CrossEntropyLoss,APS,0.07999999999999996,0.885,5.655,4.865,1.1304347826086956,2.0,7.490000000000002,0.13,0.18500000000000005
31,CrossEntropyLoss,APS,0.09999999999999998,0.875,5.58,4.775,1.12,2.0,7.175,0.14,0.17500000000000004
31,CrossEntropyLoss,APS,0.13,0.83,4.985,4.06,1.2352941176470589,3.0,7.136923076923076,0.21,0.07499999999999996
31,CrossEntropyLoss,APS,0.15000000000000002,0.82,4.885,3.945,1.2222222222222223,3.0,6.8116666666666665,0.22,0.06000000000000005
31,CrossEntropyLoss,APS,0.18000000000000005,0.775,4.42,3.535,1.3111111111111111,3.0,6.757222222222222,0.295,0.11499999999999999
31,CrossEntropyLoss,APS,0.19999999999999996,0.775,4.28,3.425,1.3333333333333333,3.0,6.375,0.3,0.14500000000000002
31,CrossEntropyLoss,LAC,0.010000000000000009,0.985,8.61,7.83,1.0,1.0,8.829999999999998,0.015,0.19499999999999995
31,CrossEntropyLoss,LAC,0.020000000000000018,0.98,8.3,7.52,1.0,1.0,9.019999999999998,0.02,0.19499999999999995
31,CrossEntropyLoss,LAC,0.030000000000000027,0.97,7.485,6.69,1.0,1.0,8.356666666666666,0.03,0.20499999999999996
31,CrossEntropyLoss,LAC,0.050000000000000044,0.935,6.705,5.915,1.0,1.0,8.314999999999998,0.065,0.17500000000000004
31,CrossEntropyLoss,LAC,0.07999999999999996,0.875,5.795,4.925,1.08,2.0,7.8000000000000025,0.135,0.13
31,CrossEntropyLoss,LAC,0.09999999999999998,0.865,5.47,4.495,1.1111111111111112,2.0,7.495,0.15,0.025000000000000022
31,CrossEntropyLoss,LAC,0.13,0.845,5.225,4.27,1.2258064516129032,2.0,7.193076923076924,0.19,0.04500000000000004
31,CrossEntropyLoss,LAC,0.15000000000000002,0.82,4.915,3.915,1.25,3.0,6.915,0.225,0.0
31,CrossEntropyLoss,LAC,0.18000000000000005,0.81,4.665,3.67,1.368421052631579,3.0,6.558888888888889,0.26,0.0050000000000000044
31,CrossEntropyLoss,LAC,0.19999999999999996,0.74,4.355,3.42,1.3461538461538463,3.0,6.77,0.35,0.06499999999999995
32,CrossEntropyLoss,min-CPS,0.010000000000000009,0.99,8.315,7.315,1.0,1.0,9.314999999999998,0.01,0.0
32,CrossEntropyLoss,min-CPS,0.020000000000000018,0.975,7.19,6.19,1.2,2.0,9.189999999999998,0.03,0.0
32,CrossEntropyLoss,min-CPS,0.030000000000000027,0.975,7.19,6.19,1.2,2.0,8.19,0.03,0.0
32,CrossEntropyLoss,min-CPS,0.050000000000000044,0.95,6.82,5.82,1.3,2.0,8.419999999999998,0.065,0.0
32,CrossEntropyLoss,min-CPS,0.07999999999999996,0.94,6.075,5.075,1.5,3.0,7.325000000000002,0.09,0.0
32,CrossEntropyLoss,min-CPS,0.09999999999999998,0.905,6.0,5.0,1.3157894736842106,3.0,7.5,0.125,0.0
32,CrossEntropyLoss,min-CPS,0.13,0.885,5.95,4.95,1.3043478260869565,3.0,7.257692307692307,0.15,0.0
32,CrossEntropyLoss,min-CPS,0.15000000000000002,0.88,5.415,4.415,1.25,2.0,6.415,0.15,0.0
32,CrossEntropyLoss,min-CPS,0.18000000000000005,0.845,5.005,4.005,1.3870967741935485,3.0,6.393888888888889,0.215,0.0
32,CrossEntropyLoss,min-CPS,0.19999999999999996,0.835,4.965,3.965,1.3636363636363635,3.0,6.215,0.225,0.0
32,CrossEntropyLoss,RPS,0.010000000000000009,0.99,7.505,6.505,1.0,1.0,8.504999999999997,0.01,0.0
32,CrossEntropyLoss,RPS,0.020000000000000018,0.99,7.48,6.48,1.0,1.0,7.479999999999999,0.01,0.0
32,CrossEntropyLoss,RPS,0.030000000000000027,0.99,7.48,6.48,1.0,1.0,7.1466666666666665,0.01,0.0
32,CrossEntropyLoss,RPS,0.050000000000000044,0.97,6.915,5.915,1.1666666666666667,2.0,7.315,0.035,0.0
32,CrossEntropyLoss,RPS,0.07999999999999996,0.94,6.19,5.19,1.0833333333333333,2.0,6.815,0.065,0.0
32,CrossEntropyLoss,RPS,0.09999999999999998,0.925,6.105,5.105,1.0666666666666667,2.0,6.705,0.08,0.0
32,CrossEntropyLoss,RPS,0.13,0.885,5.355,4.355,1.173913043478261,2.0,6.431923076923077,0.135,0.0
32,CrossEntropyLoss,RPS,0.15000000000000002,0.885,5.205,4.205,1.2608695652173914,3.0,6.138333333333333,0.145,0.0
32,CrossEntropyLoss,RPS,0.18000000000000005,0.87,4.95,3.95,1.2307692307692308,3.0,5.727777777777778,0.16,0.0
32,CrossEntropyLoss,RPS,0.19999999999999996,0.85,4.87,3.87,1.2,3.0,5.67,0.18,0.0
32,CrossEntropyLoss,OCDF,0.010000000000000009,0.995,8.725,7.725,1.0,1.0,8.725,0.005,0.0
32,CrossEntropyLoss,OCDF,0.020000000000000018,0.995,8.725,7.725,1.0,1.0,8.225,0.005,0.0
32,CrossEntropyLoss,OCDF,0.030000000000000027,0.98,8.255,7.255,1.25,2.0,8.921666666666665,0.025,0.0
32,CrossEntropyLoss,OCDF,0.050000000000000044,0.97,7.865,6.865,1.1666666666666667,2.0,8.264999999999999,0.035,0.0
32,CrossEntropyLoss,OCDF,0.07999999999999996,0.95,6.775,5.775,1.6,3.0,7.775000000000001,0.08,0.0
32,CrossEntropyLoss,OCDF,0.09999999999999998,0.93,6.455,5.455,1.5,3.0,7.555,0.105,0.0
32,CrossEntropyLoss,OCDF,0.13,0.91,6.155,5.155,1.3888888888888888,3.0,7.078076923076924,0.125,0.0
32,CrossEntropyLoss,OCDF,0.15000000000000002,0.875,5.855,4.855,1.32,3.0,7.055,0.165,0.0
32,CrossEntropyLoss,OCDF,0.18000000000000005,0.845,5.42,4.42,1.3225806451612903,3.0,6.6977777777777785,0.205,0.0
32,CrossEntropyLoss,OCDF,0.19999999999999996,0.825,5.175,4.175,1.3428571428571427,4.0,6.525,0.235,0.0
32,CrossEntropyLoss,APS,0.010000000000000009,0.99,8.34,7.73,1.0,1.0,7.73,0.01,0.39
32,CrossEntropyLoss,APS,0.020000000000000018,0.985,8.03,7.585,1.0,1.0,7.585,0.015,0.54
32,CrossEntropyLoss,APS,0.030000000000000027,0.96,7.065,6.54,1.125,2.0,7.873333333333332,0.045,0.385
32,CrossEntropyLoss,APS,0.050000000000000044,0.94,6.115,5.42,1.0833333333333333,2.0,7.219999999999999,0.065,0.255
32,CrossEntropyLoss,APS,0.07999999999999996,0.915,5.9,5.185,1.0588235294117647,2.0,6.81,0.09,0.245
32,CrossEntropyLoss,APS,0.09999999999999998,0.91,5.73,4.945,1.0555555555555556,2.0,6.545,0.095,0.19499999999999995
32,CrossEntropyLoss,APS,0.13,0.89,5.505,4.7,1.0909090909090908,2.0,6.315384615384615,0.12,0.17500000000000004
32,CrossEntropyLoss,APS,0.15000000000000002,0.875,5.265,4.39,1.2,2.0,6.256666666666666,0.15,0.12
32,CrossEntropyLoss,APS,0.18000000000000005,0.865,5.025,4.135,1.2592592592592593,2.0,5.9127777777777775,0.17,0.10999999999999999
32,CrossEntropyLoss,APS,0.19999999999999996,0.85,4.74,3.825,1.3,2.0,5.675,0.195,0.08499999999999996
32,CrossEntropyLoss,LAC,0.010000000000000009,1.0,8.72,7.855,,0.0,7.855,0.0,0.09999999999999998
32,CrossEntropyLoss,LAC,0.020000000000000018,0.97,7.78,6.925,1.1666666666666667,2.0,9.424999999999997,0.035,0.14500000000000002
32,CrossEntropyLoss,LAC,0.030000000000000027,0.96,7.37,6.595,1.125,2.0,8.261666666666665,0.045,0.19999999999999996
32,CrossEntropyLoss,LAC,0.050000000000000044,0.96,6.815,6.09,1.125,2.0,7.29,0.045,0.21999999999999997
32,CrossEntropyLoss,LAC,0.07999999999999996,0.93,6.52,5.725,1.0714285714285714,2.0,7.225,0.075,0.20499999999999996
32,CrossEntropyLoss,LAC,0.09999999999999998,0.91,5.89,5.025,1.1111111111111112,2.0,6.725,0.1,0.135
32,CrossEntropyLoss,LAC,0.13,0.885,5.325,4.41,1.173913043478261,2.0,6.41,0.135,0.08499999999999996
32,CrossEntropyLoss,LAC,0.15000000000000002,0.875,5.27,4.33,1.24,2.0,6.3966666666666665,0.155,0.06000000000000005
32,CrossEntropyLoss,LAC,0.18000000000000005,0.855,4.925,3.925,1.3793103448275863,3.0,6.147222222222222,0.2,0.0
32,CrossEntropyLoss,LAC,0.19999999999999996,0.835,4.775,3.805,1.3636363636363635,3.0,6.055,0.225,0.030000000000000027
33,CrossEntropyLoss,min-CPS,0.010000000000000009,1.0,8.56,7.56,,0.0,7.56,0.0,0.0
33,CrossEntropyLoss,min-CPS,0.020000000000000018,0.99,7.285,6.285,1.0,1.0,7.284999999999999,0.01,0.0
33,CrossEntropyLoss,min-CPS,0.030000000000000027,0.985,7.21,6.21,1.0,1.0,7.21,0.015,0.0
33,CrossEntropyLoss,min-CPS,0.050000000000000044,0.96,7.02,6.02,1.0,1.0,7.619999999999999,0.04,0.0
33,CrossEntropyLoss,min-CPS,0.07999999999999996,0.93,6.085,5.085,1.3571428571428572,2.0,7.460000000000001,0.095,0.0
33,CrossEntropyLoss,min-CPS,0.09999999999999998,0.905,6.0,5.0,1.3157894736842106,2.0,7.5,0.125,0.0
33,CrossEntropyLoss,min-CPS,0.13,0.86,5.4,4.4,1.25,2.0,7.092307692307693,0.175,0.0
33,CrossEntropyLoss,min-CPS,0.15000000000000002,0.85,5.17,4.17,1.2666666666666666,2.0,6.703333333333332,0.19,0.0
33,CrossEntropyLoss,min-CPS,0.18000000000000005,0.81,4.97,3.97,1.236842105263158,2.0,6.5811111111111105,0.235,0.0
33,CrossEntropyLoss,min-CPS,0.19999999999999996,0.775,4.87,3.87,1.3555555555555556,3.0,6.92,0.305,0.0
33,CrossEntropyLoss,RPS,0.010000000000000009,1.0,7.765,6.765,,0.0,6.765,0.0,0.0
33,CrossEntropyLoss,RPS,0.020000000000000018,0.995,7.525,6.525,1.0,1.0,7.025,0.005,0.0
33,CrossEntropyLoss,RPS,0.030000000000000027,0.995,7.525,6.525,1.0,1.0,6.8583333333333325,0.005,0.0
33,CrossEntropyLoss,RPS,0.050000000000000044,0.95,6.605,5.605,1.0,1.0,7.604999999999998,0.05,0.0
33,CrossEntropyLoss,RPS,0.07999999999999996,0.89,5.965,4.965,1.0,1.0,7.7150000000000025,0.11,0.0
33,CrossEntropyLoss,RPS,0.09999999999999998,0.885,5.735,4.735,1.0,1.0,7.035,0.115,0.0
33,CrossEntropyLoss,RPS,0.13,0.86,5.22,4.22,1.2142857142857142,2.0,6.835384615384616,0.17,0.0
33,CrossEntropyLoss,RPS,0.15000000000000002,0.82,4.93,3.93,1.1666666666666667,2.0,6.73,0.21,0.0
33,CrossEntropyLoss,RPS,0.18000000000000005,0.79,4.69,3.69,1.1666666666666667,2.0,6.412222222222222,0.245,0.0
33,CrossEntropyLoss,RPS,0.19999999999999996,0.77,4.52,3.52,1.2826086956521738,2.0,6.47,0.295,0.0
33,CrossEntropyLoss,OCDF,0.010000000000000009,1.0,8.715,7.715,,0.0,7.715,0.0,0.0
33,CrossEntropyLoss,OCDF,0.020000000000000018,0.975,8.38,7.38,1.0,1.0,9.879999999999997,0.025,0.0
33,CrossEntropyLoss,OCDF,0.030000000000000027,0.97,8.085,7.085,1.1666666666666667,2.0,9.418333333333333,0.035,0.0
33,CrossEntropyLoss,OCDF,0.050000000000000044,0.965,7.42,6.42,1.1428571428571428,2.0,8.019999999999998,0.04,0.0
33,CrossEntropyLoss,OCDF,0.07999999999999996,0.945,6.72,5.72,1.6363636363636365,3.0,7.9700000000000015,0.09,0.0
33,CrossEntropyLoss,OCDF,0.09999999999999998,0.91,6.24,5.24,1.3888888888888888,3.0,7.74,0.125,0.0
33,CrossEntropyLoss,OCDF,0.13,0.905,6.155,5.155,1.368421052631579,3.0,7.155,0.13,0.0
33,CrossEntropyLoss,OCDF,0.15000000000000002,0.85,5.625,4.625,1.3,3.0,7.225,0.195,0.0
33,CrossEntropyLoss,OCDF,0.18000000000000005,0.845,5.36,4.36,1.2903225806451613,3.0,6.582222222222222,0.2,0.0
33,CrossEntropyLoss,OCDF,0.19999999999999996,0.81,5.07,4.07,1.3157894736842106,3.0,6.57,0.25,0.0
33,CrossEntropyLoss,APS,0.010000000000000009,0.98,8.385,7.75,1.0,1.0,8.749999999999998,0.02,0.365
33,CrossEntropyLoss,APS,0.020000000000000018,0.98,7.98,7.555,1.0,1.0,8.055,0.02,0.565
33,CrossEntropyLoss,APS,0.030000000000000027,0.965,7.585,7.17,1.0,1.0,8.17,0.035,0.5449999999999999
33,CrossEntropyLoss,APS,0.050000000000000044,0.935,6.37,5.73,1.0,1.0,7.329999999999999,0.065,0.29500000000000004
33,CrossEntropyLoss,APS,0.07999999999999996,0.865,5.755,4.985,1.1481481481481481,2.0,8.360000000000003,0.155,0.20999999999999996
33,CrossEntropyLoss,APS,0.09999999999999998,0.86,5.455,4.615,1.1785714285714286,2.0,7.615,0.165,0.14500000000000002
33,CrossEntropyLoss,APS,0.13,0.83,5.085,4.14,1.2058823529411764,2.0,7.216923076923076,0.205,0.05500000000000005
33,CrossEntropyLoss,APS,0.15000000000000002,0.805,4.94,3.975,1.205128205128205,3.0,7.1083333333333325,0.235,0.03500000000000003
33,CrossEntropyLoss,APS,0.18000000000000005,0.76,4.49,3.585,1.2916666666666667,3.0,6.918333333333333,0.31,0.09499999999999997
33,CrossEntropyLoss,APS,0.19999999999999996,0.745,4.315,3.46,1.2941176470588236,3.0,6.61,0.33,0.14500000000000002
33,CrossEntropyLoss,LAC,0.010000000000000009,0.985,8.645,7.84,1.0,1.0,7.84,0.015,0.17500000000000004
33,CrossEntropyLoss,LAC,0.020000000000000018,0.985,8.415,7.665,1.0,1.0,7.665,0.015,0.22999999999999998
33,CrossEntropyLoss,LAC,0.030000000000000027,0.98,7.795,6.995,1.0,1.0,7.995,0.02,0.19999999999999996
33,CrossEntropyLoss,LAC,0.050000000000000044,0.935,6.76,5.995,1.0,1.0,8.194999999999999,0.065,0.20499999999999996
33,CrossEntropyLoss,LAC,0.07999999999999996,0.905,6.045,5.135,1.105263157894737,2.0,7.635000000000002,0.105,0.08999999999999997
33,CrossEntropyLoss,LAC,0.09999999999999998,0.89,5.79,4.96,1.0909090909090908,2.0,6.96,0.12,0.17000000000000004
33,CrossEntropyLoss,LAC,0.13,0.85,5.26,4.295,1.2333333333333334,2.0,7.141153846153847,0.185,0.03500000000000003
33,CrossEntropyLoss,LAC,0.15000000000000002,0.825,4.97,3.97,1.3428571428571427,3.0,7.103333333333333,0.235,0.0
33,CrossEntropyLoss,LAC,0.18000000000000005,0.805,4.65,3.68,1.4102564102564104,3.0,6.735555555555554,0.275,0.030000000000000027
33,CrossEntropyLoss,LAC,0.19999999999999996,0.78,4.43,3.505,1.3863636363636365,3.0,6.505,0.305,0.07499999999999996
34,CrossEntropyLoss,min-CPS,0.010000000000000009,1.0,8.55,7.55,,0.0,7.55,0.0,0.0
34,CrossEntropyLoss,min-CPS,0.020000000000000018,0.985,7.275,6.275,1.0,1.0,7.774999999999998,0.015,0.0
34,CrossEntropyLoss,min-CPS,0.030000000000000027,0.98,7.26,6.26,1.0,1.0,7.593333333333333,0.02,0.0
34,CrossEntropyLoss,min-CPS,0.050000000000000044,0.96,7.065,6.065,1.0,1.0,7.664999999999999,0.04,0.0
34,CrossEntropyLoss,min-CPS,0.07999999999999996,0.93,6.09,5.09,1.3571428571428572,2.0,7.4650000000000025,0.095,0.0
34,CrossEntropyLoss,min-CPS,0.09999999999999998,0.93,6.025,5.025,1.2857142857142858,2.0,6.825,0.09,0.0
34,CrossEntropyLoss,min-CPS,0.13,0.86,5.45,4.45,1.2857142857142858,2.0,7.219230769230769,0.18,0.0
34,CrossEntropyLoss,min-CPS,0.15000000000000002,0.865,5.15,4.15,1.3333333333333333,3.0,6.55,0.18,0.0
34,CrossEntropyLoss,min-CPS,0.18000000000000005,0.845,5.015,4.015,1.3870967741935485,3.0,6.403888888888888,0.215,0.0
34,CrossEntropyLoss,min-CPS,0.19999999999999996,0.82,4.94,3.94,1.3333333333333333,3.0,6.34,0.24,0.0
34,CrossEntropyLoss,RPS,0.010000000000000009,0.985,7.475,6.475,1.0,1.0,9.474999999999998,0.015,0.0
34,CrossEntropyLoss,RPS,0.020000000000000018,0.985,7.475,6.475,1.0,1.0,7.974999999999998,0.015,0.0
34,CrossEntropyLoss,RPS,0.030000000000000027,0.97,7.07,6.07,1.0,1.0,8.069999999999999,0.03,0.0
34,CrossEntropyLoss,RPS,0.050000000000000044,0.935,6.54,5.54,1.0,1.0,8.139999999999997,0.065,0.0
34,CrossEntropyLoss,RPS,0.07999999999999996,0.915,6.145,5.145,1.0,1.0,7.270000000000002,0.085,0.0
34,CrossEntropyLoss,RPS,0.09999999999999998,0.885,5.7,4.7,1.0869565217391304,2.0,7.2,0.125,0.0
34,CrossEntropyLoss,RPS,0.13,0.865,5.23,4.23,1.2222222222222223,2.0,6.768461538461538,0.165,0.0
34,CrossEntropyLoss,RPS,0.15000000000000002,0.865,5.045,4.045,1.2222222222222223,2.0,6.245,0.165,0.0
34,CrossEntropyLoss,RPS,0.18000000000000005,0.815,4.815,3.815,1.1891891891891893,2.0,6.259444444444443,0.22,0.0
34,CrossEntropyLoss,RPS,0.19999999999999996,0.815,4.685,3.685,1.2162162162162162,2.0,5.935,0.225,0.0
34,CrossEntropyLoss,OCDF,0.010000000000000009,0.995,8.805,7.805,1.0,1.0,8.805,0.005,0.0
34,CrossEntropyLoss,OCDF,0.020000000000000018,0.97,8.355,7.355,1.0,1.0,10.354999999999995,0.03,0.0
34,CrossEntropyLoss,OCDF,0.030000000000000027,0.955,8.025,7.025,1.1111111111111112,2.0,10.358333333333333,0.05,0.0
34,CrossEntropyLoss,OCDF,0.050000000000000044,0.945,7.295,6.295,1.3636363636363635,3.0,9.294999999999998,0.075,0.0
34,CrossEntropyLoss,OCDF,0.07999999999999996,0.91,6.495,5.495,1.5,3.0,8.870000000000003,0.135,0.0
34,CrossEntropyLoss,OCDF,0.09999999999999998,0.905,6.3,5.3,1.5263157894736843,3.0,8.2,0.145,0.0
34,CrossEntropyLoss,OCDF,0.13,0.885,5.975,4.975,1.4782608695652173,3.0,7.5903846153846155,0.17,0.0
34,CrossEntropyLoss,OCDF,0.15000000000000002,0.855,5.725,4.725,1.4482758620689655,3.0,7.525,0.21,0.0
34,CrossEntropyLoss,OCDF,0.18000000000000005,0.835,5.42,4.42,1.4242424242424243,3.0,7.031111111111111,0.235,0.0
34,CrossEntropyLoss,OCDF,0.19999999999999996,0.81,5.155,4.155,1.4473684210526316,3.0,6.905,0.275,0.0
34,CrossEntropyLoss,APS,0.010000000000000009,0.99,8.285,7.74,1.0,1.0,7.74,0.01,0.45499999999999996
34,CrossEntropyLoss,APS,0.020000000000000018,0.99,8.215,7.7,1.0,1.0,7.7,0.01,0.485
34,CrossEntropyLoss,APS,0.030000000000000027,0.97,7.615,7.11,1.0,1.0,8.11,0.03,0.44499999999999995
34,CrossEntropyLoss,APS,0.050000000000000044,0.95,6.41,5.715,1.0,1.0,7.115,0.05,0.27
34,CrossEntropyLoss,APS,0.07999999999999996,0.93,5.88,5.095,1.2142857142857142,2.0,7.095,0.085,0.19499999999999995
34,CrossEntropyLoss,APS,0.09999999999999998,0.925,5.77,4.975,1.2666666666666666,2.0,6.775,0.095,0.18999999999999995
34,CrossEntropyLoss,APS,0.13,0.9,5.495,4.665,1.2,2.0,6.511153846153845,0.12,0.15500000000000003
34,CrossEntropyLoss,APS,0.15000000000000002,0.87,5.225,4.33,1.2692307692307692,2.0,6.5299999999999985,0.165,0.09499999999999997
34,CrossEntropyLoss,APS,0.18000000000000005,0.865,5.04,4.095,1.3333333333333333,3.0,6.095,0.18,0.05500000000000005
34,CrossEntropyLoss,APS,0.19999999999999996,0.835,4.73,3.775,1.4848484848484849,3.0,6.225,0.245,0.04500000000000004
34,CrossEntropyLoss,LAC,0.010000000000000009,0.99,8.67,7.855,1.0,1.0,8.854999999999999,0.01,0.15500000000000003
34,CrossEntropyLoss,LAC,0.020000000000000018,0.99,8.63,7.855,1.0,1.0,8.355,0.01,0.18000000000000005
34,CrossEntropyLoss,LAC,0.030000000000000027,0.98,7.82,6.99,1.0,1.0,7.99,0.02,0.17000000000000004
34,CrossEntropyLoss,LAC,0.050000000000000044,0.93,6.695,5.91,1.0,1.0,8.309999999999997,0.07,0.18000000000000005
34,CrossEntropyLoss,LAC,0.07999999999999996,0.925,6.47,5.635,1.0666666666666667,2.0,7.385,0.08,0.16500000000000004
34,CrossEntropyLoss,LAC,0.09999999999999998,0.905,5.89,5.02,1.0526315789473684,2.0,6.82,0.1,0.13
34,CrossEntropyLoss,LAC,0.13,0.855,5.22,4.265,1.3448275862068966,2.0,7.265,0.195,0.04500000000000004
34,CrossEntropyLoss,LAC,0.15000000000000002,0.83,4.89,3.89,1.4705882352941178,3.0,7.223333333333333,0.25,0.0
34,CrossEntropyLoss,LAC,0.18000000000000005,0.82,4.76,3.785,1.4722222222222223,3.0,6.673888888888888,0.265,0.025000000000000022
34,CrossEntropyLoss,LAC,0.19999999999999996,0.815,4.595,3.62,1.4594594594594594,3.0,6.27,0.27,0.025000000000000022
35,CrossEntropyLoss,min-CPS,0.010000000000000009,0.995,7.915,6.915,1.0,1.0,7.914999999999999,0.005,0.0
35,CrossEntropyLoss,min-CPS,0.020000000000000018,0.97,7.215,6.215,1.1666666666666667,2.0,9.714999999999996,0.035,0.0
35,CrossEntropyLoss,min-CPS,0.030000000000000027,0.97,7.215,6.215,1.1666666666666667,2.0,8.548333333333332,0.035,0.0
35,CrossEntropyLoss,min-CPS,0.050000000000000044,0.96,7.035,6.035,1.125,2.0,7.834999999999997,0.045,0.0
35,CrossEntropyLoss,min-CPS,0.07999999999999996,0.915,6.02,5.02,1.2941176470588236,3.0,7.770000000000002,0.11,0.0
35,CrossEntropyLoss,min-CPS,0.09999999999999998,0.905,5.985,4.985,1.3157894736842106,3.0,7.485,0.125,0.0
35,CrossEntropyLoss,min-CPS,0.13,0.85,5.365,4.365,1.3,2.0,7.365,0.195,0.0
35,CrossEntropyLoss,min-CPS,0.15000000000000002,0.85,5.14,4.14,1.3333333333333333,3.0,6.8066666666666675,0.2,0.0
35,CrossEntropyLoss,min-CPS,0.18000000000000005,0.84,4.99,3.99,1.34375,3.0,6.3788888888888895,0.215,0.0
35,CrossEntropyLoss,min-CPS,0.19999999999999996,0.835,4.96,3.96,1.3333333333333333,3.0,6.16,0.22,0.0
35,CrossEntropyLoss,RPS,0.010000000000000009,0.995,7.63,6.63,1.0,1.0,7.629999999999999,0.005,0.0
35,CrossEntropyLoss,RPS,0.020000000000000018,0.99,7.505,6.505,1.0,1.0,7.504999999999999,0.01,0.0
35,CrossEntropyLoss,RPS,0.030000000000000027,0.99,7.505,6.505,1.0,1.0,7.171666666666666,0.01,0.0
35,CrossEntropyLoss,RPS,0.050000000000000044,0.915,6.18,5.18,1.0588235294117647,2.0,8.779999999999998,0.09,0.0
35,CrossEntropyLoss,RPS,0.07999999999999996,0.905,6.135,5.135,1.0526315789473684,2.0,7.6350000000000025,0.1,0.0
35,CrossEntropyLoss,RPS,0.09999999999999998,0.895,5.735,4.735,1.0476190476190477,2.0,6.935,0.11,0.0
35,CrossEntropyLoss,RPS,0.13,0.865,5.22,4.22,1.2222222222222223,3.0,6.758461538461538,0.165,0.0
35,CrossEntropyLoss,RPS,0.15000000000000002,0.84,4.94,3.94,1.1875,3.0,6.473333333333333,0.19,0.0
35,CrossEntropyLoss,RPS,0.18000000000000005,0.8,4.75,3.75,1.2,3.0,6.416666666666666,0.24,0.0
35,CrossEntropyLoss,RPS,0.19999999999999996,0.79,4.61,3.61,1.2619047619047619,3.0,6.26,0.265,0.0
35,CrossEntropyLoss,OCDF,0.010000000000000009,0.995,8.755,7.755,1.0,1.0,8.754999999999999,0.005,0.0
35,CrossEntropyLoss,OCDF,0.020000000000000018,0.995,8.755,7.755,1.0,1.0,8.255,0.005,0.0
35,CrossEntropyLoss,OCDF,0.030000000000000027,0.985,8.42,7.42,1.3333333333333333,2.0,8.753333333333332,0.02,0.0
35,CrossEntropyLoss,OCDF,0.050000000000000044,0.97,7.855,6.855,1.3333333333333333,2.0,8.454999999999998,0.04,0.0
35,CrossEntropyLoss,OCDF,0.07999999999999996,0.95,6.74,5.74,1.5,3.0,7.615,0.075,0.0
35,CrossEntropyLoss,OCDF,0.09999999999999998,0.93,6.42,5.42,1.5,3.0,7.52,0.105,0.0
35,CrossEntropyLoss,OCDF,0.13,0.91,6.135,5.135,1.3888888888888888,3.0,7.058076923076924,0.125,0.0
35,CrossEntropyLoss,OCDF,0.15000000000000002,0.855,5.67,4.67,1.3448275862068966,3.0,7.269999999999999,0.195,0.0
35,CrossEntropyLoss,OCDF,0.18000000000000005,0.845,5.415,4.415,1.3225806451612903,3.0,6.692777777777777,0.205,0.0
35,CrossEntropyLoss,OCDF,0.19999999999999996,0.81,5.085,4.085,1.394736842105263,4.0,6.735,0.265,0.0
35,CrossEntropyLoss,APS,0.010000000000000009,0.97,8.07,7.58,1.0,1.0,9.579999999999998,0.03,0.505
35,CrossEntropyLoss,APS,0.020000000000000018,0.945,7.11,6.575,1.0909090909090908,2.0,10.074999999999996,0.06,0.39
35,CrossEntropyLoss,APS,0.030000000000000027,0.925,6.38,5.765,1.0666666666666667,2.0,9.098333333333331,0.08,0.31000000000000005
35,CrossEntropyLoss,APS,0.050000000000000044,0.925,6.16,5.515,1.0666666666666667,2.0,7.714999999999998,0.08,0.28500000000000003
35,CrossEntropyLoss,APS,0.07999999999999996,0.915,5.88,5.185,1.0588235294117647,2.0,6.935,0.09,0.25
35,CrossEntropyLoss,APS,0.09999999999999998,0.9,5.675,4.89,1.2,2.0,7.09,0.12,0.18999999999999995
35,CrossEntropyLoss,APS,0.13,0.89,5.455,4.62,1.2272727272727273,2.0,6.5430769230769235,0.135,0.14500000000000002
35,CrossEntropyLoss,APS,0.15000000000000002,0.87,5.21,4.31,1.2307692307692308,2.0,6.31,0.16,0.09499999999999997
35,CrossEntropyLoss,APS,0.18000000000000005,0.82,4.79,3.845,1.3888888888888888,3.0,6.511666666666667,0.25,0.05500000000000005
35,CrossEntropyLoss,APS,0.19999999999999996,0.81,4.745,3.805,1.368421052631579,3.0,6.305,0.26,0.06000000000000005
35,CrossEntropyLoss,LAC,0.010000000000000009,1.0,8.755,7.855,,0.0,7.855,0.0,0.07999999999999996
35,CrossEntropyLoss,LAC,0.020000000000000018,0.955,7.425,6.66,1.1111111111111112,2.0,9.659999999999998,0.05,0.21499999999999997
35,CrossEntropyLoss,LAC,0.030000000000000027,0.945,6.835,6.115,1.0909090909090908,2.0,9.114999999999998,0.06,0.235
35,CrossEntropyLoss,LAC,0.050000000000000044,0.935,6.745,6.005,1.0769230769230769,2.0,8.204999999999998,0.07,0.22499999999999998
35,CrossEntropyLoss,LAC,0.07999999999999996,0.91,6.015,5.095,1.1666666666666667,2.0,7.595000000000002,0.105,0.07999999999999996
35,CrossEntropyLoss,LAC,0.09999999999999998,0.895,5.805,4.955,1.1428571428571428,2.0,7.055,0.12,0.15000000000000002
35,CrossEntropyLoss,LAC,0.13,0.88,5.31,4.385,1.25,2.0,6.615769230769231,0.15,0.07499999999999996
35,CrossEntropyLoss,LAC,0.15000000000000002,0.87,5.26,4.31,1.3076923076923077,2.0,6.576666666666666,0.17,0.050000000000000044
35,CrossEntropyLoss,LAC,0.18000000000000005,0.84,4.91,3.92,1.375,3.0,6.364444444444445,0.22,0.010000000000000009
35,CrossEntropyLoss,LAC,0.19999999999999996,0.82,4.69,3.7,1.4444444444444444,3.0,6.3,0.26,0.010000000000000009
36,CrossEntropyLoss,min-CPS,0.010000000000000009,0.995,7.935,6.935,1.0,1.0,7.934999999999999,0.005,0.0
36,CrossEntropyLoss,min-CPS,0.020000000000000018,0.985,7.305,6.305,1.3333333333333333,2.0,8.304999999999998,0.02,0.0
36,CrossEntropyLoss,min-CPS,0.030000000000000027,0.98,7.275,6.275,1.25,2.0,7.9416666666666655,0.025,0.0
36,CrossEntropyLoss,min-CPS,0.050000000000000044,0.955,7.045,6.045,1.1111111111111112,2.0,8.044999999999998,0.05,0.0
36,CrossEntropyLoss,min-CPS,0.07999999999999996,0.945,6.11,5.11,1.4545454545454546,3.0,7.110000000000002,0.08,0.0
36,CrossEntropyLoss,min-CPS,0.09999999999999998,0.9,6.02,5.02,1.25,3.0,7.52,0.125,0.0
36,CrossEntropyLoss,min-CPS,0.13,0.845,5.295,4.295,1.2258064516129032,3.0,7.218076923076924,0.19,0.0
36,CrossEntropyLoss,min-CPS,0.15000000000000002,0.815,5.04,4.04,1.2432432432432432,3.0,7.1066666666666665,0.23,0.0
36,CrossEntropyLoss,min-CPS,0.18000000000000005,0.795,4.955,3.955,1.2682926829268293,3.0,6.843888888888888,0.26,0.0
36,CrossEntropyLoss,min-CPS,0.19999999999999996,0.795,4.83,3.83,1.5365853658536586,4.0,6.98,0.315,0.0
36,CrossEntropyLoss,RPS,0.010000000000000009,0.985,7.43,6.43,1.0,1.0,9.429999999999996,0.015,0.0
36,CrossEntropyLoss,RPS,0.020000000000000018,0.985,7.43,6.43,1.0,1.0,7.929999999999998,0.015,0.0
36,CrossEntropyLoss,RPS,0.030000000000000027,0.975,7.215,6.215,1.0,1.0,7.881666666666665,0.025,0.0
36,CrossEntropyLoss,RPS,0.050000000000000044,0.965,6.745,5.745,1.1428571428571428,2.0,7.344999999999999,0.04,0.0
36,CrossEntropyLoss,RPS,0.07999999999999996,0.925,6.165,5.165,1.0666666666666667,2.0,7.165000000000001,0.08,0.0
36,CrossEntropyLoss,RPS,0.09999999999999998,0.885,5.645,4.645,1.0869565217391304,2.0,7.145,0.125,0.0
36,CrossEntropyLoss,RPS,0.13,0.865,5.2,4.2,1.2222222222222223,3.0,6.7384615384615385,0.165,0.0
36,CrossEntropyLoss,RPS,0.15000000000000002,0.865,5.065,4.065,1.2222222222222223,3.0,6.265,0.165,0.0
36,CrossEntropyLoss,RPS,0.18000000000000005,0.815,4.845,3.845,1.1891891891891893,3.0,6.2894444444444435,0.22,0.0
36,CrossEntropyLoss,RPS,0.19999999999999996,0.805,4.695,3.695,1.205128205128205,3.0,6.045,0.235,0.0
36,CrossEntropyLoss,OCDF,0.010000000000000009,0.995,8.77,7.77,1.0,1.0,8.77,0.005,0.0
36,CrossEntropyLoss,OCDF,0.020000000000000018,0.97,8.255,7.255,1.1666666666666667,2.0,10.754999999999995,0.035,0.0
36,CrossEntropyLoss,OCDF,0.030000000000000027,0.955,7.875,6.875,1.1111111111111112,2.0,10.20833333333333,0.05,0.0
36,CrossEntropyLoss,OCDF,0.050000000000000044,0.93,6.765,5.765,1.5714285714285714,3.0,10.164999999999997,0.11,0.0
36,CrossEntropyLoss,OCDF,0.07999999999999996,0.92,6.545,5.545,1.5,3.0,8.545000000000002,0.12,0.0
36,CrossEntropyLoss,OCDF,0.09999999999999998,0.92,6.29,5.29,1.6875,3.0,7.99,0.135,0.0
36,CrossEntropyLoss,OCDF,0.13,0.905,6.095,5.095,1.5789473684210527,3.0,7.402692307692307,0.15,0.0
36,CrossEntropyLoss,OCDF,0.15000000000000002,0.87,5.715,4.715,1.4615384615384615,3.0,7.248333333333332,0.19,0.0
36,CrossEntropyLoss,OCDF,0.18000000000000005,0.84,5.325,4.325,1.4375,3.0,6.8805555555555555,0.23,0.0
36,CrossEntropyLoss,OCDF,0.19999999999999996,0.825,5.115,4.115,1.457142857142857,4.0,6.665,0.255,0.0
36,CrossEntropyLoss,APS,0.010000000000000009,1.0,8.84,7.93,,0.0,7.93,0.0,0.08999999999999997
36,CrossEntropyLoss,APS,0.020000000000000018,0.99,8.39,7.755,1.0,1.0,8.255,0.01,0.365
36,CrossEntropyLoss,APS,0.030000000000000027,0.985,7.935,7.425,1.3333333333333333,2.0,8.425,0.02,0.48
36,CrossEntropyLoss,APS,0.050000000000000044,0.96,6.82,6.28,1.125,2.0,7.28,0.045,0.39
36,CrossEntropyLoss,APS,0.07999999999999996,0.885,5.675,4.855,1.0869565217391304,2.0,7.855000000000002,0.125,0.16500000000000004
36,CrossEntropyLoss,APS,0.09999999999999998,0.855,5.345,4.465,1.103448275862069,2.0,7.465,0.16,0.10999999999999999
36,CrossEntropyLoss,APS,0.13,0.825,5.085,4.15,1.1714285714285715,2.0,7.226923076923077,0.205,0.06499999999999995
36,CrossEntropyLoss,APS,0.15000000000000002,0.825,4.95,4.02,1.2285714285714286,3.0,6.82,0.215,0.06999999999999995
36,CrossEntropyLoss,APS,0.18000000000000005,0.775,4.57,3.665,1.2444444444444445,3.0,6.609444444444444,0.28,0.09499999999999997
36,CrossEntropyLoss,APS,0.19999999999999996,0.755,4.33,3.525,1.2448979591836735,3.0,6.275,0.305,0.19499999999999995
36,CrossEntropyLoss,LAC,0.010000000000000009,1.0,8.745,7.875,,0.0,7.875,0.0,0.10499999999999998
36,CrossEntropyLoss,LAC,0.020000000000000018,0.995,8.645,7.835,1.0,1.0,7.835,0.005,0.16500000000000004
36,CrossEntropyLoss,LAC,0.030000000000000027,0.98,7.86,7.02,1.25,2.0,8.686666666666666,0.025,0.16000000000000003
36,CrossEntropyLoss,LAC,0.050000000000000044,0.97,6.885,6.135,1.1666666666666667,2.0,7.335,0.035,0.20999999999999996
36,CrossEntropyLoss,LAC,0.07999999999999996,0.91,6.095,5.195,1.0555555555555556,2.0,7.570000000000002,0.095,0.09999999999999998
36,CrossEntropyLoss,LAC,0.09999999999999998,0.88,5.665,4.735,1.125,2.0,7.435,0.135,0.06999999999999995
36,CrossEntropyLoss,LAC,0.13,0.85,5.255,4.29,1.2333333333333334,2.0,7.136153846153848,0.185,0.03500000000000003
36,CrossEntropyLoss,LAC,0.15000000000000002,0.8,4.815,3.86,1.25,2.0,7.126666666666665,0.25,0.04500000000000004
36,CrossEntropyLoss,LAC,0.18000000000000005,0.78,4.565,3.61,1.2954545454545454,3.0,6.721111111111111,0.285,0.04500000000000004
36,CrossEntropyLoss,LAC,0.19999999999999996,0.775,4.47,3.565,1.288888888888889,3.0,6.365,0.29,0.09499999999999997
37,CrossEntropyLoss,min-CPS,0.010000000000000009,0.975,7.225,6.225,1.2,2.0,12.224999999999996,0.03,0.0
37,CrossEntropyLoss,min-CPS,0.020000000000000018,0.97,7.195,6.195,1.1666666666666667,2.0,9.694999999999997,0.035,0.0
37,CrossEntropyLoss,min-CPS,0.030000000000000027,0.97,7.195,6.195,1.1666666666666667,2.0,8.528333333333332,0.035,0.0
37,CrossEntropyLoss,min-CPS,0.050000000000000044,0.95,6.785,5.785,1.3,2.0,8.384999999999998,0.065,0.0
37,CrossEntropyLoss,min-CPS,0.07999999999999996,0.93,6.08,5.08,1.4285714285714286,3.0,7.580000000000001,0.1,0.0
37,CrossEntropyLoss,min-CPS,0.09999999999999998,0.9,5.99,4.99,1.35,3.0,7.69,0.135,0.0
37,CrossEntropyLoss,min-CPS,0.13,0.875,5.58,4.58,1.24,2.0,6.964615384615384,0.155,0.0
37,CrossEntropyLoss,min-CPS,0.15000000000000002,0.865,5.34,4.34,1.2962962962962963,3.0,6.673333333333333,0.175,0.0
37,CrossEntropyLoss,min-CPS,0.18000000000000005,0.86,5.11,4.11,1.3928571428571428,3.0,6.276666666666666,0.195,0.0
37,CrossEntropyLoss,min-CPS,0.19999999999999996,0.855,5.005,4.005,1.4137931034482758,3.0,6.055,0.205,0.0
37,CrossEntropyLoss,RPS,0.010000000000000009,0.985,7.445,6.445,1.0,1.0,9.444999999999999,0.015,0.0
37,CrossEntropyLoss,RPS,0.020000000000000018,0.985,7.445,6.445,1.0,1.0,7.944999999999998,0.015,0.0
37,CrossEntropyLoss,RPS,0.030000000000000027,0.97,7.04,6.04,1.1666666666666667,2.0,8.373333333333333,0.035,0.0
37,CrossEntropyLoss,RPS,0.050000000000000044,0.965,6.75,5.75,1.1428571428571428,2.0,7.35,0.04,0.0
37,CrossEntropyLoss,RPS,0.07999999999999996,0.935,6.15,5.15,1.0769230769230769,2.0,6.9,0.07,0.0
37,CrossEntropyLoss,RPS,0.09999999999999998,0.93,6.105,5.105,1.0714285714285714,2.0,6.605,0.075,0.0
37,CrossEntropyLoss,RPS,0.13,0.89,5.41,4.41,1.2272727272727273,2.0,6.486923076923078,0.135,0.0
37,CrossEntropyLoss,RPS,0.15000000000000002,0.88,5.215,4.215,1.2916666666666667,3.0,6.281666666666666,0.155,0.0
37,CrossEntropyLoss,RPS,0.18000000000000005,0.845,4.935,3.935,1.2258064516129032,3.0,6.046111111111111,0.19,0.0
37,CrossEntropyLoss,RPS,0.19999999999999996,0.815,4.72,3.72,1.1891891891891893,3.0,5.92,0.22,0.0
37,CrossEntropyLoss,OCDF,0.010000000000000009,0.995,8.7,7.7,1.0,1.0,8.7,0.005,0.0
37,CrossEntropyLoss,OCDF,0.020000000000000018,0.975,8.345,7.345,1.2,2.0,10.344999999999997,0.03,0.0
37,CrossEntropyLoss,OCDF,0.030000000000000027,0.965,7.905,6.905,1.2857142857142858,2.0,9.904999999999998,0.045,0.0
37,CrossEntropyLoss,OCDF,0.050000000000000044,0.955,7.29,6.29,1.4444444444444444,3.0,8.889999999999997,0.065,0.0
37,CrossEntropyLoss,OCDF,0.07999999999999996,0.9,6.32,5.32,1.55,3.0,9.195000000000002,0.155,0.0
37,CrossEntropyLoss,OCDF,0.09999999999999998,0.9,6.215,5.215,1.55,3.0,8.315,0.155,0.0
37,CrossEntropyLoss,OCDF,0.13,0.88,5.865,4.865,1.5,3.0,7.634230769230769,0.18,0.0
37,CrossEntropyLoss,OCDF,0.15000000000000002,0.87,5.725,4.725,1.4615384615384615,3.0,7.258333333333333,0.19,0.0
37,CrossEntropyLoss,OCDF,0.18000000000000005,0.845,5.385,4.385,1.4516129032258065,3.0,6.884999999999999,0.225,0.0
37,CrossEntropyLoss,OCDF,0.19999999999999996,0.83,5.195,4.195,1.4411764705882353,4.0,6.645,0.245,0.0
37,CrossEntropyLoss,APS,0.010000000000000009,1.0,8.59,7.845,,0.0,7.845,0.0,0.255
37,CrossEntropyLoss,APS,0.020000000000000018,0.975,8.07,7.64,1.0,1.0,8.14,0.025,0.5549999999999999
37,CrossEntropyLoss,APS,0.030000000000000027,0.955,7.07,6.505,1.1111111111111112,2.0,9.171666666666665,0.05,0.37
37,CrossEntropyLoss,APS,0.050000000000000044,0.925,6.175,5.455,1.1333333333333333,2.0,8.254999999999997,0.085,0.24
37,CrossEntropyLoss,APS,0.07999999999999996,0.91,5.88,5.135,1.1111111111111112,2.0,7.2600000000000025,0.1,0.21999999999999997
37,CrossEntropyLoss,APS,0.09999999999999998,0.89,5.62,4.81,1.1818181818181819,3.0,7.31,0.13,0.17000000000000004
37,CrossEntropyLoss,APS,0.13,0.88,5.435,4.585,1.1666666666666667,3.0,6.661923076923077,0.14,0.135
37,CrossEntropyLoss,APS,0.15000000000000002,0.865,5.185,4.265,1.2592592592592593,3.0,6.465,0.17,0.07499999999999996
37,CrossEntropyLoss,APS,0.18000000000000005,0.865,5.005,4.06,1.2962962962962963,3.0,5.948888888888889,0.175,0.05500000000000005
37,CrossEntropyLoss,APS,0.19999999999999996,0.85,4.87,3.92,1.3666666666666667,3.0,5.92,0.205,0.050000000000000044
37,CrossEntropyLoss,LAC,0.010000000000000009,0.975,8.39,7.645,1.0,1.0,9.644999999999998,0.025,0.22999999999999998
37,CrossEntropyLoss,LAC,0.020000000000000018,0.965,7.63,6.83,1.1428571428571428,2.0,10.329999999999995,0.04,0.19999999999999996
37,CrossEntropyLoss,LAC,0.030000000000000027,0.95,6.775,6.01,1.1,2.0,9.009999999999998,0.055,0.19999999999999996
37,CrossEntropyLoss,LAC,0.050000000000000044,0.935,6.69,5.875,1.0769230769230769,2.0,8.274999999999999,0.07,0.17500000000000004
37,CrossEntropyLoss,LAC,0.07999999999999996,0.915,6.13,5.235,1.1176470588235294,2.0,7.485000000000001,0.095,0.10499999999999998
37,CrossEntropyLoss,LAC,0.09999999999999998,0.905,5.825,4.94,1.105263157894737,2.0,6.84,0.105,0.11499999999999999
37,CrossEntropyLoss,LAC,0.13,0.865,5.25,4.29,1.2592592592592593,2.0,6.905384615384616,0.17,0.040000000000000036
37,CrossEntropyLoss,LAC,0.15000000000000002,0.865,5.225,4.265,1.2592592592592593,2.0,6.531666666666666,0.17,0.040000000000000036
37,CrossEntropyLoss,LAC,0.18000000000000005,0.85,4.91,3.91,1.3666666666666667,3.0,6.187777777777779,0.205,0.0
37,CrossEntropyLoss,LAC,0.19999999999999996,0.83,4.66,3.685,1.4411764705882353,3.0,6.085,0.245,0.025000000000000022
38,CrossEntropyLoss,min-CPS,0.010000000000000009,1.0,8.535,7.535,,0.0,7.535,0.0,0.0
38,CrossEntropyLoss,min-CPS,0.020000000000000018,0.985,7.255,6.255,1.0,1.0,7.754999999999998,0.015,0.0
38,CrossEntropyLoss,min-CPS,0.030000000000000027,0.98,7.215,6.215,1.0,1.0,7.548333333333333,0.02,0.0
38,CrossEntropyLoss,min-CPS,0.050000000000000044,0.96,7.025,6.025,1.0,1.0,7.624999999999999,0.04,0.0
38,CrossEntropyLoss,min-CPS,0.07999999999999996,0.885,5.97,4.97,1.2173913043478262,2.0,8.470000000000002,0.14,0.0
38,CrossEntropyLoss,min-CPS,0.09999999999999998,0.875,5.955,4.955,1.2,2.0,7.955,0.15,0.0
38,CrossEntropyLoss,min-CPS,0.13,0.855,5.415,4.415,1.1724137931034482,2.0,7.030384615384616,0.17,0.0
38,CrossEntropyLoss,min-CPS,0.15000000000000002,0.86,5.285,4.285,1.2142857142857142,2.0,6.551666666666666,0.17,0.0
38,CrossEntropyLoss,min-CPS,0.18000000000000005,0.83,4.97,3.97,1.2941176470588236,2.0,6.4144444444444435,0.22,0.0
38,CrossEntropyLoss,min-CPS,0.19999999999999996,0.815,4.915,3.915,1.3243243243243243,2.0,6.365,0.245,0.0
38,CrossEntropyLoss,RPS,0.010000000000000009,1.0,7.77,6.77,,0.0,6.77,0.0,0.0
38,CrossEntropyLoss,RPS,0.020000000000000018,1.0,7.52,6.52,,0.0,6.52,0.0,0.0
38,CrossEntropyLoss,RPS,0.030000000000000027,1.0,7.505,6.505,,0.0,6.505,0.0,0.0
38,CrossEntropyLoss,RPS,0.050000000000000044,0.975,6.875,5.875,1.0,1.0,6.875,0.025,0.0
38,CrossEntropyLoss,RPS,0.07999999999999996,0.955,6.32,5.32,1.0,1.0,6.445,0.045,0.0
38,CrossEntropyLoss,RPS,0.09999999999999998,0.94,6.12,5.12,1.0,1.0,6.32,0.06,0.0
38,CrossEntropyLoss,RPS,0.13,0.925,5.765,4.765,1.0,1.0,5.918846153846155,0.075,0.0
38,CrossEntropyLoss,RPS,0.15000000000000002,0.905,5.375,4.375,1.1578947368421053,2.0,5.841666666666666,0.11,0.0
38,CrossEntropyLoss,RPS,0.18000000000000005,0.845,4.93,3.93,1.1290322580645162,2.0,5.8744444444444435,0.175,0.0
38,CrossEntropyLoss,RPS,0.19999999999999996,0.815,4.695,3.695,1.162162162162162,2.0,5.845,0.215,0.0
38,CrossEntropyLoss,OCDF,0.010000000000000009,1.0,8.795,7.795,,0.0,7.795,0.0,0.0
38,CrossEntropyLoss,OCDF,0.020000000000000018,1.0,8.795,7.795,,0.0,7.795,0.0,0.0
38,CrossEntropyLoss,OCDF,0.030000000000000027,0.99,8.78,7.78,1.0,1.0,8.446666666666665,0.01,0.0
38,CrossEntropyLoss,OCDF,0.050000000000000044,0.975,7.99,6.99,1.0,1.0,7.99,0.025,0.0
38,CrossEntropyLoss,OCDF,0.07999999999999996,0.955,6.87,5.87,1.3333333333333333,2.0,7.37,0.06,0.0
38,CrossEntropyLoss,OCDF,0.09999999999999998,0.895,6.27,5.27,1.2380952380952381,2.0,7.87,0.13,0.0
38,CrossEntropyLoss,OCDF,0.13,0.835,5.725,4.725,1.2424242424242424,2.0,7.878846153846154,0.205,0.0
38,CrossEntropyLoss,OCDF,0.15000000000000002,0.82,5.51,4.51,1.2222222222222223,2.0,7.4433333333333325,0.22,0.0
38,CrossEntropyLoss,OCDF,0.18000000000000005,0.79,5.165,4.165,1.2380952380952381,2.0,7.053888888888888,0.26,0.0
38,CrossEntropyLoss,OCDF,0.19999999999999996,0.76,4.72,3.72,1.2708333333333333,2.0,6.77,0.305,0.0
38,CrossEntropyLoss,APS,0.010000000000000009,0.97,8.12,7.645,1.0,1.0,8.645,0.03,0.52
38,CrossEntropyLoss,APS,0.020000000000000018,0.97,7.825,7.415,1.0,1.0,7.915,0.03,0.5449999999999999
38,CrossEntropyLoss,APS,0.030000000000000027,0.97,7.21,6.685,1.0,1.0,7.685,0.03,0.405
38,CrossEntropyLoss,APS,0.050000000000000044,0.96,6.525,5.91,1.0,1.0,6.91,0.04,0.31000000000000005
38,CrossEntropyLoss,APS,0.07999999999999996,0.915,6.01,5.345,1.0,1.0,6.72,0.085,0.275
38,CrossEntropyLoss,APS,0.09999999999999998,0.9,5.865,5.15,1.0,1.0,6.55,0.1,0.245
38,CrossEntropyLoss,APS,0.13,0.885,5.53,4.73,1.0434782608695652,2.0,6.268461538461538,0.12,0.18999999999999995
38,CrossEntropyLoss,APS,0.15000000000000002,0.85,5.135,4.235,1.2333333333333334,2.0,6.701666666666665,0.185,0.09999999999999998
38,CrossEntropyLoss,APS,0.18000000000000005,0.845,5.01,4.11,1.2580645161290323,2.0,6.2766666666666655,0.195,0.09999999999999998
38,CrossEntropyLoss,APS,0.19999999999999996,0.815,4.685,3.76,1.3243243243243243,2.0,6.11,0.245,0.07499999999999996
38,CrossEntropyLoss,LAC,0.010000000000000009,0.985,8.585,7.81,1.0,1.0,7.81,0.015,0.18999999999999995
38,CrossEntropyLoss,LAC,0.020000000000000018,0.98,8.3,7.56,1.0,1.0,8.06,0.02,0.22499999999999998
38,CrossEntropyLoss,LAC,0.030000000000000027,0.975,7.675,6.88,1.0,1.0,7.88,0.025,0.20499999999999996
38,CrossEntropyLoss,LAC,0.050000000000000044,0.97,6.87,6.155,1.0,1.0,6.955,0.03,0.22999999999999998
38,CrossEntropyLoss,LAC,0.07999999999999996,0.96,6.74,6.005,1.0,1.0,6.755,0.04,0.21999999999999997
38,CrossEntropyLoss,LAC,0.09999999999999998,0.905,5.825,4.96,1.0,1.0,6.56,0.095,0.135
38,CrossEntropyLoss,LAC,0.13,0.86,5.235,4.28,1.2142857142857142,2.0,6.895384615384615,0.17,0.04500000000000004
38,CrossEntropyLoss,LAC,0.15000000000000002,0.86,5.17,4.215,1.25,2.0,6.548333333333333,0.175,0.04500000000000004
38,CrossEntropyLoss,LAC,0.18000000000000005,0.825,4.795,3.815,1.3142857142857143,3.0,6.370555555555554,0.23,0.020000000000000018
38,CrossEntropyLoss,LAC,0.19999999999999996,0.815,4.595,3.615,1.4054054054054055,3.0,6.215,0.26,0.020000000000000018
39,CrossEntropyLoss,min-CPS,0.010000000000000009,0.99,7.77,6.77,1.5,2.0,9.769999999999996,0.015,0.0
39,CrossEntropyLoss,min-CPS,0.020000000000000018,0.985,7.29,6.29,1.3333333333333333,2.0,8.289999999999997,0.02,0.0
39,CrossEntropyLoss,min-CPS,0.030000000000000027,0.98,7.255,6.255,1.25,2.0,7.921666666666665,0.025,0.0
39,CrossEntropyLoss,min-CPS,0.050000000000000044,0.96,7.055,6.055,1.125,2.0,7.854999999999998,0.045,0.0
39,CrossEntropyLoss,min-CPS,0.07999999999999996,0.925,6.11,5.11,1.4666666666666666,3.0,7.860000000000002,0.11,0.0
39,CrossEntropyLoss,min-CPS,0.09999999999999998,0.9,6.02,5.02,1.3,3.0,7.62,0.13,0.0
39,CrossEntropyLoss,min-CPS,0.13,0.845,5.155,4.155,1.3225806451612903,3.0,7.308846153846154,0.205,0.0
39,CrossEntropyLoss,min-CPS,0.15000000000000002,0.83,5.12,4.12,1.2941176470588236,3.0,7.053333333333333,0.22,0.0
39,CrossEntropyLoss,min-CPS,0.18000000000000005,0.765,4.89,3.89,1.446808510638298,4.0,7.667777777777777,0.34,0.0
39,CrossEntropyLoss,min-CPS,0.19999999999999996,0.745,4.595,3.595,1.5490196078431373,3.0,7.545,0.395,0.0
39,CrossEntropyLoss,RPS,0.010000000000000009,0.985,7.455,6.455,1.0,1.0,9.454999999999998,0.015,0.0
39,CrossEntropyLoss,RPS,0.020000000000000018,0.985,7.455,6.455,1.0,1.0,7.954999999999999,0.015,0.0
39,CrossEntropyLoss,RPS,0.030000000000000027,0.965,6.96,5.96,1.1428571428571428,2.0,8.626666666666665,0.04,0.0
39,CrossEntropyLoss,RPS,0.050000000000000044,0.935,6.58,5.58,1.0769230769230769,2.0,8.379999999999997,0.07,0.0
39,CrossEntropyLoss,RPS,0.07999999999999996,0.865,5.655,4.655,1.0740740740740742,2.0,8.280000000000003,0.145,0.0
39,CrossEntropyLoss,RPS,0.09999999999999998,0.85,5.3,4.3,1.1666666666666667,2.0,7.8,0.175,0.0
39,CrossEntropyLoss,RPS,0.13,0.83,4.995,3.995,1.2352941176470589,3.0,7.225769230769231,0.21,0.0
39,CrossEntropyLoss,RPS,0.15000000000000002,0.815,4.94,3.94,1.2162162162162162,3.0,6.94,0.225,0.0
39,CrossEntropyLoss,RPS,0.18000000000000005,0.795,4.72,3.72,1.2439024390243902,3.0,6.553333333333333,0.255,0.0
39,CrossEntropyLoss,RPS,0.19999999999999996,0.77,4.565,3.565,1.3043478260869565,3.0,6.565,0.3,0.0
39,CrossEntropyLoss,OCDF,0.010000000000000009,1.0,8.765,7.765,,0.0,7.765,0.0,0.0
39,CrossEntropyLoss,OCDF,0.020000000000000018,0.97,8.27,7.27,1.0,1.0,10.269999999999996,0.03,0.0
39,CrossEntropyLoss,OCDF,0.030000000000000027,0.965,7.945,6.945,1.1428571428571428,2.0,9.611666666666665,0.04,0.0
39,CrossEntropyLoss,OCDF,0.050000000000000044,0.94,6.97,5.97,1.3333333333333333,3.0,9.169999999999998,0.08,0.0
39,CrossEntropyLoss,OCDF,0.07999999999999996,0.915,6.49,5.49,1.4705882352941178,3.0,8.615000000000002,0.125,0.0
39,CrossEntropyLoss,OCDF,0.09999999999999998,0.895,6.165,5.165,1.4761904761904763,3.0,8.265,0.155,0.0
39,CrossEntropyLoss,OCDF,0.13,0.88,5.87,4.87,1.4583333333333333,3.0,7.562307692307693,0.175,0.0
39,CrossEntropyLoss,OCDF,0.15000000000000002,0.85,5.68,4.68,1.4666666666666666,3.0,7.613333333333332,0.22,0.0
39,CrossEntropyLoss,OCDF,0.18000000000000005,0.815,5.245,4.245,1.4324324324324325,3.0,7.189444444444444,0.265,0.0
39,CrossEntropyLoss,OCDF,0.19999999999999996,0.78,4.805,3.805,1.4772727272727273,3.0,7.055,0.325,0.0
39,CrossEntropyLoss,APS,0.010000000000000009,0.985,8.445,7.81,1.0,1.0,8.809999999999999,0.015,0.365
39,CrossEntropyLoss,APS,0.020000000000000018,0.98,8.05,7.535,1.0,1.0,8.534999999999998,0.02,0.485
39,CrossEntropyLoss,APS,0.030000000000000027,0.98,7.7,7.17,1.0,1.0,7.836666666666666,0.02,0.45499999999999996
39,CrossEntropyLoss,APS,0.050000000000000044,0.95,6.5,5.85,1.1,2.0,7.449999999999999,0.055,0.28
39,CrossEntropyLoss,APS,0.07999999999999996,0.895,5.84,5.065,1.0476190476190477,2.0,7.565000000000002,0.11,0.18500000000000005
39,CrossEntropyLoss,APS,0.09999999999999998,0.87,5.51,4.69,1.1538461538461537,2.0,7.49,0.15,0.15500000000000003
39,CrossEntropyLoss,APS,0.13,0.805,5.075,4.16,1.2820512820512822,2.0,7.929230769230769,0.25,0.08499999999999996
39,CrossEntropyLoss,APS,0.15000000000000002,0.79,4.775,3.87,1.3095238095238095,2.0,7.403333333333332,0.275,0.09499999999999997
39,CrossEntropyLoss,APS,0.18000000000000005,0.775,4.545,3.64,1.3777777777777778,3.0,7.028888888888888,0.31,0.09499999999999997
39,CrossEntropyLoss,APS,0.19999999999999996,0.755,4.35,3.51,1.3673469387755102,3.0,6.61,0.335,0.16000000000000003
39,CrossEntropyLoss,LAC,0.010000000000000009,0.995,8.725,7.845,1.0,1.0,7.845,0.005,0.10999999999999999
39,CrossEntropyLoss,LAC,0.020000000000000018,0.995,8.71,7.845,1.0,1.0,7.845,0.005,0.125
39,CrossEntropyLoss,LAC,0.030000000000000027,0.98,7.89,7.06,1.25,2.0,8.393333333333333,0.025,0.17000000000000004
39,CrossEntropyLoss,LAC,0.050000000000000044,0.93,6.665,5.895,1.0714285714285714,2.0,8.294999999999998,0.075,0.19499999999999995
39,CrossEntropyLoss,LAC,0.07999999999999996,0.895,5.86,4.965,1.1428571428571428,2.0,7.8400000000000025,0.12,0.10499999999999998
39,CrossEntropyLoss,LAC,0.09999999999999998,0.855,5.28,4.35,1.2758620689655173,2.0,8.05,0.185,0.06999999999999995
39,CrossEntropyLoss,LAC,0.13,0.835,5.12,4.12,1.3636363636363635,2.0,7.581538461538462,0.225,0.0
39,CrossEntropyLoss,LAC,0.15000000000000002,0.795,4.81,3.83,1.3902439024390243,3.0,7.629999999999999,0.285,0.020000000000000018
39,CrossEntropyLoss,LAC,0.18000000000000005,0.76,4.475,3.55,1.4583333333333333,3.0,7.3277777777777775,0.35,0.07499999999999996
39,CrossEntropyLoss,LAC,0.19999999999999996,0.72,4.23,3.32,1.4642857142857142,3.0,7.32,0.41,0.08999999999999997
40,CrossEntropyLoss,min-CPS,0.010000000000000009,0.985,7.38,6.38,1.3333333333333333,2.0,10.379999999999995,0.02,0.0
40,CrossEntropyLoss,min-CPS,0.020000000000000018,0.975,7.285,6.285,1.2,2.0,9.284999999999998,0.03,0.0
40,CrossEntropyLoss,min-CPS,0.030000000000000027,0.975,7.285,6.285,1.2,2.0,8.284999999999998,0.03,0.0
40,CrossEntropyLoss,min-CPS,0.050000000000000044,0.96,7.055,6.055,1.125,2.0,7.854999999999999,0.045,0.0
40,CrossEntropyLoss,min-CPS,0.07999999999999996,0.915,6.12,5.12,1.3529411764705883,3.0,7.995000000000001,0.115,0.0
40,CrossEntropyLoss,min-CPS,0.09999999999999998,0.905,6.03,5.03,1.368421052631579,3.0,7.63,0.13,0.0
40,CrossEntropyLoss,min-CPS,0.13,0.9,5.7,4.7,1.35,3.0,6.776923076923078,0.135,0.0
40,CrossEntropyLoss,min-CPS,0.15000000000000002,0.875,5.305,4.305,1.36,3.0,6.571666666666665,0.17,0.0
40,CrossEntropyLoss,min-CPS,0.18000000000000005,0.81,4.985,3.985,1.263157894736842,3.0,6.651666666666666,0.24,0.0
40,CrossEntropyLoss,min-CPS,0.19999999999999996,0.805,4.97,3.97,1.3076923076923077,3.0,6.52,0.255,0.0
40,CrossEntropyLoss,RPS,0.010000000000000009,0.995,7.555,6.555,1.0,1.0,7.554999999999999,0.005,0.0
40,CrossEntropyLoss,RPS,0.020000000000000018,0.99,7.445,6.445,1.0,1.0,7.4449999999999985,0.01,0.0
40,CrossEntropyLoss,RPS,0.030000000000000027,0.99,7.445,6.445,1.0,1.0,7.111666666666666,0.01,0.0
40,CrossEntropyLoss,RPS,0.050000000000000044,0.96,6.785,5.785,1.125,2.0,7.584999999999999,0.045,0.0
40,CrossEntropyLoss,RPS,0.07999999999999996,0.935,6.2,5.2,1.0769230769230769,2.0,6.95,0.07,0.0
40,CrossEntropyLoss,RPS,0.09999999999999998,0.89,5.67,4.67,1.0454545454545454,2.0,6.97,0.115,0.0
40,CrossEntropyLoss,RPS,0.13,0.865,5.185,4.185,1.2592592592592593,3.0,6.8003846153846155,0.17,0.0
40,CrossEntropyLoss,RPS,0.15000000000000002,0.85,5.0,4.0,1.2333333333333334,3.0,6.466666666666666,0.185,0.0
40,CrossEntropyLoss,RPS,0.18000000000000005,0.82,4.87,3.87,1.1944444444444444,3.0,6.258888888888888,0.215,0.0
40,CrossEntropyLoss,RPS,0.19999999999999996,0.815,4.745,3.745,1.1891891891891893,3.0,5.945,0.22,0.0
40,CrossEntropyLoss,OCDF,0.010000000000000009,1.0,8.785,7.785,,0.0,7.785,0.0,0.0
40,CrossEntropyLoss,OCDF,0.020000000000000018,0.97,8.32,7.32,1.0,1.0,10.319999999999995,0.03,0.0
40,CrossEntropyLoss,OCDF,0.030000000000000027,0.94,7.33,6.33,1.0833333333333333,2.0,10.66333333333333,0.065,0.0
40,CrossEntropyLoss,OCDF,0.050000000000000044,0.925,6.745,5.745,1.5333333333333334,3.0,10.344999999999995,0.115,0.0
40,CrossEntropyLoss,OCDF,0.07999999999999996,0.915,6.57,5.57,1.5294117647058822,3.0,8.820000000000002,0.13,0.0
40,CrossEntropyLoss,OCDF,0.09999999999999998,0.89,6.175,5.175,1.5454545454545454,3.0,8.575,0.17,0.0
40,CrossEntropyLoss,OCDF,0.13,0.865,5.865,4.865,1.4444444444444444,3.0,7.865,0.195,0.0
40,CrossEntropyLoss,OCDF,0.15000000000000002,0.815,5.4,4.4,1.3783783783783783,3.0,7.8,0.255,0.0
40,CrossEntropyLoss,OCDF,0.18000000000000005,0.815,5.265,4.265,1.4054054054054055,3.0,7.153888888888887,0.26,0.0
40,CrossEntropyLoss,OCDF,0.19999999999999996,0.805,5.1,4.1,1.4615384615384615,3.0,6.95,0.285,0.0
40,CrossEntropyLoss,APS,0.010000000000000009,0.98,8.255,7.695,1.0,1.0,8.694999999999999,0.02,0.43999999999999995
40,CrossEntropyLoss,APS,0.020000000000000018,0.965,7.89,7.45,1.0,1.0,9.449999999999998,0.035,0.5349999999999999
40,CrossEntropyLoss,APS,0.030000000000000027,0.94,6.66,6.085,1.0833333333333333,2.0,9.084999999999997,0.065,0.35
40,CrossEntropyLoss,APS,0.050000000000000044,0.935,6.4,5.775,1.0769230769230769,2.0,7.774999999999998,0.07,0.30500000000000005
40,CrossEntropyLoss,APS,0.07999999999999996,0.925,6.055,5.295,1.0666666666666667,2.0,6.92,0.08,0.20999999999999996
40,CrossEntropyLoss,APS,0.09999999999999998,0.885,5.6,4.775,1.2173913043478262,2.0,7.375,0.14,0.16500000000000004
40,CrossEntropyLoss,APS,0.13,0.835,5.17,4.245,1.2121212121212122,2.0,7.245,0.2,0.07499999999999996
40,CrossEntropyLoss,APS,0.15000000000000002,0.825,5.01,4.065,1.2857142857142858,3.0,6.998333333333332,0.225,0.05500000000000005
40,CrossEntropyLoss,APS,0.18000000000000005,0.805,4.8,3.875,1.2564102564102564,3.0,6.4305555555555545,0.245,0.07499999999999996
40,CrossEntropyLoss,APS,0.19999999999999996,0.79,4.495,3.62,1.3571428571428572,3.0,6.32,0.285,0.125
40,CrossEntropyLoss,LAC,0.010000000000000009,0.985,8.68,7.87,1.0,1.0,7.87,0.015,0.17000000000000004
40,CrossEntropyLoss,LAC,0.020000000000000018,0.985,8.435,7.695,1.0,1.0,7.695,0.015,0.24
40,CrossEntropyLoss,LAC,0.030000000000000027,0.92,6.77,6.03,1.0625,2.0,10.696666666666664,0.085,0.22999999999999998
40,CrossEntropyLoss,LAC,0.050000000000000044,0.91,6.6,5.86,1.1111111111111112,2.0,9.259999999999998,0.1,0.22999999999999998
40,CrossEntropyLoss,LAC,0.07999999999999996,0.885,5.855,4.995,1.1304347826086956,2.0,7.995000000000002,0.13,0.14
40,CrossEntropyLoss,LAC,0.09999999999999998,0.88,5.645,4.71,1.125,2.0,7.31,0.135,0.06499999999999995
40,CrossEntropyLoss,LAC,0.13,0.865,5.245,4.275,1.2222222222222223,2.0,6.813461538461538,0.165,0.030000000000000027
40,CrossEntropyLoss,LAC,0.15000000000000002,0.86,5.185,4.215,1.2142857142857142,2.0,6.4816666666666665,0.17,0.030000000000000027
40,CrossEntropyLoss,LAC,0.18000000000000005,0.795,4.635,3.67,1.3170731707317074,3.0,6.614444444444444,0.27,0.03500000000000003
40,CrossEntropyLoss,LAC,0.19999999999999996,0.775,4.42,3.515,1.3555555555555556,3.0,6.415,0.305,0.09499999999999997
41,CrossEntropyLoss,min-CPS,0.010000000000000009,0.99,8.335,7.335,1.0,1.0,9.334999999999997,0.01,0.0
41,CrossEntropyLoss,min-CPS,0.020000000000000018,0.975,7.23,6.23,1.2,2.0,9.229999999999997,0.03,0.0
41,CrossEntropyLoss,min-CPS,0.030000000000000027,0.975,7.23,6.23,1.2,2.0,8.229999999999999,0.03,0.0
41,CrossEntropyLoss,min-CPS,0.050000000000000044,0.95,6.81,5.81,1.3,2.0,8.409999999999998,0.065,0.0
41,CrossEntropyLoss,min-CPS,0.07999999999999996,0.945,6.075,5.075,1.4545454545454546,3.0,7.075000000000001,0.08,0.0
41,CrossEntropyLoss,min-CPS,0.09999999999999998,0.91,6.015,5.015,1.3333333333333333,3.0,7.415,0.12,0.0
41,CrossEntropyLoss,min-CPS,0.13,0.875,5.615,4.615,1.28,2.0,7.076538461538462,0.16,0.0
41,CrossEntropyLoss,min-CPS,0.15000000000000002,0.865,5.28,4.28,1.2962962962962963,3.0,6.613333333333332,0.175,0.0
41,CrossEntropyLoss,min-CPS,0.18000000000000005,0.815,4.955,3.955,1.2702702702702702,3.0,6.566111111111111,0.235,0.0
41,CrossEntropyLoss,min-CPS,0.19999999999999996,0.815,4.925,3.925,1.2972972972972974,3.0,6.325,0.24,0.0
41,CrossEntropyLoss,RPS,0.010000000000000009,0.99,7.515,6.515,1.0,1.0,8.514999999999997,0.01,0.0
41,CrossEntropyLoss,RPS,0.020000000000000018,0.99,7.495,6.495,1.0,1.0,7.494999999999999,0.01,0.0
41,CrossEntropyLoss,RPS,0.030000000000000027,0.99,7.495,6.495,1.0,1.0,7.161666666666666,0.01,0.0
41,CrossEntropyLoss,RPS,0.050000000000000044,0.975,6.93,5.93,1.2,2.0,7.13,0.03,0.0
41,CrossEntropyLoss,RPS,0.07999999999999996,0.92,6.105,5.105,1.0625,2.0,7.230000000000001,0.085,0.0
41,CrossEntropyLoss,RPS,0.09999999999999998,0.89,5.725,4.725,1.0909090909090908,2.0,7.125,0.12,0.0
41,CrossEntropyLoss,RPS,0.13,0.865,5.22,4.22,1.1851851851851851,3.0,6.681538461538462,0.16,0.0
41,CrossEntropyLoss,RPS,0.15000000000000002,0.845,5.0,4.0,1.1612903225806452,3.0,6.4,0.18,0.0
41,CrossEntropyLoss,RPS,0.18000000000000005,0.83,4.87,3.87,1.1764705882352942,3.0,6.0922222222222215,0.2,0.0
41,CrossEntropyLoss,RPS,0.19999999999999996,0.805,4.68,3.68,1.1794871794871795,3.0,5.98,0.23,0.0
41,CrossEntropyLoss,OCDF,0.010000000000000009,0.995,8.765,7.765,1.0,1.0,8.764999999999999,0.005,0.0
41,CrossEntropyLoss,OCDF,0.020000000000000018,0.975,8.435,7.435,1.2,2.0,10.434999999999995,0.03,0.0
41,CrossEntropyLoss,OCDF,0.030000000000000027,0.955,7.95,6.95,1.2222222222222223,2.0,10.616666666666665,0.055,0.0
41,CrossEntropyLoss,OCDF,0.050000000000000044,0.93,6.855,5.855,1.6428571428571428,3.0,10.454999999999995,0.115,0.0
41,CrossEntropyLoss,OCDF,0.07999999999999996,0.92,6.65,5.65,1.5625,3.0,8.775000000000002,0.125,0.0
41,CrossEntropyLoss,OCDF,0.09999999999999998,0.91,6.26,5.26,1.7222222222222223,3.0,8.36,0.155,0.0
41,CrossEntropyLoss,OCDF,0.13,0.88,5.91,4.91,1.5833333333333333,3.0,7.833076923076923,0.19,0.0
41,CrossEntropyLoss,OCDF,0.15000000000000002,0.87,5.785,4.785,1.5769230769230769,3.0,7.518333333333333,0.205,0.0
41,CrossEntropyLoss,OCDF,0.18000000000000005,0.86,5.485,4.485,1.5714285714285714,3.0,6.929444444444445,0.22,0.0
41,CrossEntropyLoss,OCDF,0.19999999999999996,0.84,5.32,4.32,1.53125,4.0,6.77,0.245,0.0
41,CrossEntropyLoss,APS,0.010000000000000009,1.0,8.935,7.965,,0.0,7.965,0.0,0.030000000000000027
41,CrossEntropyLoss,APS,0.020000000000000018,0.995,8.425,7.785,1.0,1.0,7.785,0.005,0.36
41,CrossEntropyLoss,APS,0.030000000000000027,0.98,7.67,7.265,1.0,1.0,8.265,0.02,0.5449999999999999
41,CrossEntropyLoss,APS,0.050000000000000044,0.945,6.425,5.765,1.1818181818181819,2.0,7.964999999999998,0.065,0.27
41,CrossEntropyLoss,APS,0.07999999999999996,0.895,5.825,5.075,1.1428571428571428,3.0,7.575000000000001,0.12,0.22499999999999998
41,CrossEntropyLoss,APS,0.09999999999999998,0.885,5.655,4.865,1.173913043478261,3.0,7.165,0.135,0.20499999999999996
41,CrossEntropyLoss,APS,0.13,0.85,5.195,4.315,1.2666666666666666,3.0,7.084230769230769,0.19,0.11499999999999999
41,CrossEntropyLoss,APS,0.15000000000000002,0.835,5.06,4.125,1.2424242424242424,3.0,6.791666666666666,0.205,0.06499999999999995
41,CrossEntropyLoss,APS,0.18000000000000005,0.8,4.6,3.655,1.25,3.0,6.377222222222222,0.25,0.05500000000000005
41,CrossEntropyLoss,APS,0.19999999999999996,0.785,4.415,3.51,1.302325581395349,3.0,6.21,0.28,0.09499999999999997
41,CrossEntropyLoss,LAC,0.010000000000000009,0.985,8.59,7.79,1.0,1.0,8.79,0.015,0.17000000000000004
41,CrossEntropyLoss,LAC,0.020000000000000018,0.97,7.775,6.955,1.1666666666666667,2.0,9.954999999999998,0.035,0.18000000000000005
41,CrossEntropyLoss,LAC,0.030000000000000027,0.97,7.53,6.73,1.1666666666666667,2.0,8.729999999999999,0.035,0.19999999999999996
41,CrossEntropyLoss,LAC,0.050000000000000044,0.96,6.805,6.1,1.125,2.0,7.499999999999999,0.045,0.235
41,CrossEntropyLoss,LAC,0.07999999999999996,0.92,6.365,5.565,1.125,2.0,7.690000000000001,0.09,0.19999999999999996
41,CrossEntropyLoss,LAC,0.09999999999999998,0.89,5.845,5.015,1.0909090909090908,2.0,7.015,0.12,0.17000000000000004
41,CrossEntropyLoss,LAC,0.13,0.86,5.26,4.3,1.2142857142857142,2.0,6.915384615384617,0.17,0.040000000000000036
41,CrossEntropyLoss,LAC,0.15000000000000002,0.845,4.99,3.99,1.2258064516129032,2.0,6.5233333333333325,0.19,0.0
41,CrossEntropyLoss,LAC,0.18000000000000005,0.81,4.65,3.675,1.2894736842105263,3.0,6.397222222222222,0.245,0.025000000000000022
41,CrossEntropyLoss,LAC,0.19999999999999996,0.775,4.445,3.515,1.3111111111111111,3.0,6.315,0.295,0.06999999999999995
42,CrossEntropyLoss,min-CPS,0.010000000000000009,0.98,7.265,6.265,1.0,1.0,10.264999999999995,0.02,0.0
42,CrossEntropyLoss,min-CPS,0.020000000000000018,0.97,7.19,6.19,1.0,1.0,9.189999999999996,0.03,0.0
42,CrossEntropyLoss,min-CPS,0.030000000000000027,0.955,7.15,6.15,1.0,1.0,9.149999999999999,0.045,0.0
42,CrossEntropyLoss,min-CPS,0.050000000000000044,0.95,6.775,5.775,1.3,2.0,8.374999999999998,0.065,0.0
42,CrossEntropyLoss,min-CPS,0.07999999999999996,0.93,6.05,5.05,1.3571428571428572,2.0,7.425000000000001,0.095,0.0
42,CrossEntropyLoss,min-CPS,0.09999999999999998,0.905,5.955,4.955,1.3157894736842106,2.0,7.455,0.125,0.0
42,CrossEntropyLoss,min-CPS,0.13,0.895,5.91,4.91,1.2857142857142858,2.0,6.986923076923078,0.135,0.0
42,CrossEntropyLoss,min-CPS,0.15000000000000002,0.87,5.335,4.335,1.3076923076923077,3.0,6.601666666666667,0.17,0.0
42,CrossEntropyLoss,min-CPS,0.18000000000000005,0.825,4.97,3.97,1.2571428571428571,3.0,6.4144444444444435,0.22,0.0
42,CrossEntropyLoss,min-CPS,0.19999999999999996,0.825,4.93,3.93,1.3142857142857143,3.0,6.23,0.23,0.0
42,CrossEntropyLoss,RPS,0.010000000000000009,0.995,7.55,6.55,1.0,1.0,7.549999999999999,0.005,0.0
42,CrossEntropyLoss,RPS,0.020000000000000018,0.99,7.455,6.455,1.0,1.0,7.454999999999999,0.01,0.0
42,CrossEntropyLoss,RPS,0.030000000000000027,0.97,7.005,6.005,1.0,1.0,8.004999999999999,0.03,0.0
42,CrossEntropyLoss,RPS,0.050000000000000044,0.94,6.51,5.51,1.0,1.0,7.909999999999999,0.06,0.0
42,CrossEntropyLoss,RPS,0.07999999999999996,0.92,6.11,5.11,1.0,1.0,7.110000000000001,0.08,0.0
42,CrossEntropyLoss,RPS,0.09999999999999998,0.92,6.11,5.11,1.0,1.0,6.71,0.08,0.0
42,CrossEntropyLoss,RPS,0.13,0.9,5.56,4.56,1.2,2.0,6.406153846153847,0.12,0.0
42,CrossEntropyLoss,RPS,0.15000000000000002,0.885,5.215,4.215,1.2608695652173914,2.0,6.1483333333333325,0.145,0.0
42,CrossEntropyLoss,RPS,0.18000000000000005,0.87,4.955,3.955,1.2307692307692308,2.0,5.732777777777777,0.16,0.0
42,CrossEntropyLoss,RPS,0.19999999999999996,0.86,4.895,3.895,1.2142857142857142,2.0,5.595,0.17,0.0
42,CrossEntropyLoss,OCDF,0.010000000000000009,0.995,8.74,7.74,1.0,1.0,8.739999999999998,0.005,0.0
42,CrossEntropyLoss,OCDF,0.020000000000000018,0.995,8.74,7.74,1.0,1.0,8.24,0.005,0.0
42,CrossEntropyLoss,OCDF,0.030000000000000027,0.99,8.72,7.72,1.0,1.0,8.386666666666667,0.01,0.0
42,CrossEntropyLoss,OCDF,0.050000000000000044,0.965,7.41,6.41,1.4285714285714286,3.0,8.409999999999998,0.05,0.0
42,CrossEntropyLoss,OCDF,0.07999999999999996,0.95,6.81,5.81,1.5,3.0,7.685000000000001,0.075,0.0
42,CrossEntropyLoss,OCDF,0.09999999999999998,0.91,6.275,5.275,1.3333333333333333,3.0,7.675,0.12,0.0
42,CrossEntropyLoss,OCDF,0.13,0.88,5.88,4.88,1.2916666666666667,3.0,7.264615384615386,0.155,0.0
42,CrossEntropyLoss,OCDF,0.15000000000000002,0.855,5.68,4.68,1.3103448275862069,3.0,7.213333333333333,0.19,0.0
42,CrossEntropyLoss,OCDF,0.18000000000000005,0.82,5.28,4.28,1.2777777777777777,4.0,6.835555555555556,0.23,0.0
42,CrossEntropyLoss,OCDF,0.19999999999999996,0.81,5.09,4.09,1.3421052631578947,4.0,6.64,0.255,0.0
42,CrossEntropyLoss,APS,0.010000000000000009,0.99,8.54,7.825,1.0,1.0,8.825,0.01,0.28500000000000003
42,CrossEntropyLoss,APS,0.020000000000000018,0.98,7.815,7.325,1.0,1.0,8.824999999999998,0.02,0.47
42,CrossEntropyLoss,APS,0.030000000000000027,0.965,7.175,6.635,1.0,1.0,8.301666666666666,0.035,0.395
42,CrossEntropyLoss,APS,0.050000000000000044,0.93,6.2,5.525,1.0714285714285714,2.0,7.724999999999999,0.075,0.27
42,CrossEntropyLoss,APS,0.07999999999999996,0.915,5.785,4.985,1.0588235294117647,2.0,6.86,0.09,0.17000000000000004
42,CrossEntropyLoss,APS,0.09999999999999998,0.895,5.595,4.77,1.0476190476190477,2.0,6.67,0.11,0.15500000000000003
42,CrossEntropyLoss,APS,0.13,0.88,5.43,4.565,1.0833333333333333,2.0,6.334230769230769,0.13,0.12
42,CrossEntropyLoss,APS,0.15000000000000002,0.85,5.14,4.21,1.2,2.0,6.41,0.18,0.06999999999999995
42,CrossEntropyLoss,APS,0.18000000000000005,0.845,5.01,4.085,1.2903225806451613,3.0,6.140555555555554,0.2,0.07499999999999996
42,CrossEntropyLoss,APS,0.19999999999999996,0.84,4.74,3.8,1.34375,3.0,5.95,0.215,0.06000000000000005
42,CrossEntropyLoss,LAC,0.010000000000000009,0.975,8.3,7.58,1.0,1.0,9.579999999999998,0.025,0.245
42,CrossEntropyLoss,LAC,0.020000000000000018,0.965,7.6,6.795,1.0,1.0,9.794999999999996,0.035,0.19499999999999995
42,CrossEntropyLoss,LAC,0.030000000000000027,0.965,7.395,6.62,1.0,1.0,8.62,0.035,0.21499999999999997
42,CrossEntropyLoss,LAC,0.050000000000000044,0.96,6.785,6.085,1.0,1.0,7.4849999999999985,0.04,0.255
42,CrossEntropyLoss,LAC,0.07999999999999996,0.91,5.985,5.095,1.0,1.0,7.22,0.09,0.10999999999999999
42,CrossEntropyLoss,LAC,0.09999999999999998,0.89,5.76,4.91,1.0,1.0,6.71,0.11,0.15000000000000002
42,CrossEntropyLoss,LAC,0.13,0.88,5.275,4.325,1.125,2.0,6.325000000000001,0.135,0.050000000000000044
42,CrossEntropyLoss,LAC,0.15000000000000002,0.86,5.15,4.17,1.2142857142857142,2.0,6.4366666666666665,0.17,0.020000000000000018
42,CrossEntropyLoss,LAC,0.18000000000000005,0.83,4.775,3.805,1.2647058823529411,3.0,6.138333333333333,0.215,0.030000000000000027
42,CrossEntropyLoss,LAC,0.19999999999999996,0.825,4.64,3.67,1.3428571428571427,3.0,5.97,0.235,0.030000000000000027
43,CrossEntropyLoss,min-CPS,0.010000000000000009,0.99,7.695,6.695,1.5,2.0,9.694999999999997,0.015,0.0
43,CrossEntropyLoss,min-CPS,0.020000000000000018,0.99,7.265,6.265,1.5,2.0,7.764999999999998,0.015,0.0
43,CrossEntropyLoss,min-CPS,0.030000000000000027,0.98,7.2,6.2,1.25,2.0,7.866666666666665,0.025,0.0
43,CrossEntropyLoss,min-CPS,0.050000000000000044,0.965,6.98,5.98,1.1428571428571428,2.0,7.579999999999997,0.04,0.0
43,CrossEntropyLoss,min-CPS,0.07999999999999996,0.915,6.035,5.035,1.2941176470588236,3.0,7.785000000000002,0.11,0.0
43,CrossEntropyLoss,min-CPS,0.09999999999999998,0.895,5.97,4.97,1.2380952380952381,3.0,7.57,0.13,0.0
43,CrossEntropyLoss,min-CPS,0.13,0.84,5.355,4.355,1.125,2.0,7.1242307692307705,0.18,0.0
43,CrossEntropyLoss,min-CPS,0.15000000000000002,0.815,4.97,3.97,1.2702702702702702,3.0,7.103333333333333,0.235,0.0
43,CrossEntropyLoss,min-CPS,0.18000000000000005,0.81,4.935,3.935,1.263157894736842,3.0,6.601666666666665,0.24,0.0
43,CrossEntropyLoss,min-CPS,0.19999999999999996,0.81,4.915,3.915,1.394736842105263,4.0,6.565,0.265,0.0
43,CrossEntropyLoss,RPS,0.010000000000000009,0.99,7.46,6.46,1.0,1.0,8.459999999999997,0.01,0.0
43,CrossEntropyLoss,RPS,0.020000000000000018,0.99,7.445,6.445,1.0,1.0,7.4449999999999985,0.01,0.0
43,CrossEntropyLoss,RPS,0.030000000000000027,0.99,7.445,6.445,1.0,1.0,7.111666666666666,0.01,0.0
43,CrossEntropyLoss,RPS,0.050000000000000044,0.965,6.7,5.7,1.1428571428571428,2.0,7.299999999999999,0.04,0.0
43,CrossEntropyLoss,RPS,0.07999999999999996,0.955,6.39,5.39,1.1111111111111112,2.0,6.64,0.05,0.0
43,CrossEntropyLoss,RPS,0.09999999999999998,0.93,6.12,5.12,1.0714285714285714,2.0,6.62,0.075,0.0
43,CrossEntropyLoss,RPS,0.13,0.89,5.42,4.42,1.1818181818181819,2.0,6.42,0.13,0.0
43,CrossEntropyLoss,RPS,0.15000000000000002,0.855,5.005,4.005,1.206896551724138,3.0,6.338333333333333,0.175,0.0
43,CrossEntropyLoss,RPS,0.18000000000000005,0.825,4.85,3.85,1.1714285714285715,3.0,6.127777777777777,0.205,0.0
43,CrossEntropyLoss,RPS,0.19999999999999996,0.815,4.705,3.705,1.162162162162162,3.0,5.855,0.215,0.0
43,CrossEntropyLoss,OCDF,0.010000000000000009,1.0,8.74,7.74,,0.0,7.74,0.0,0.0
43,CrossEntropyLoss,OCDF,0.020000000000000018,1.0,8.74,7.74,,0.0,7.74,0.0,0.0
43,CrossEntropyLoss,OCDF,0.030000000000000027,1.0,8.74,7.74,,0.0,7.74,0.0,0.0
43,CrossEntropyLoss,OCDF,0.050000000000000044,0.96,7.3,6.3,1.25,2.0,8.299999999999997,0.05,0.0
43,CrossEntropyLoss,OCDF,0.07999999999999996,0.95,6.77,5.77,1.6,3.0,7.770000000000001,0.08,0.0
43,CrossEntropyLoss,OCDF,0.09999999999999998,0.895,6.18,5.18,1.380952380952381,3.0,8.08,0.145,0.0
43,CrossEntropyLoss,OCDF,0.13,0.84,5.65,4.65,1.3125,3.0,7.880769230769231,0.21,0.0
43,CrossEntropyLoss,OCDF,0.15000000000000002,0.82,5.415,4.415,1.3055555555555556,3.0,7.548333333333333,0.235,0.0
43,CrossEntropyLoss,OCDF,0.18000000000000005,0.79,5.09,4.09,1.3333333333333333,3.0,7.201111111111111,0.28,0.0
43,CrossEntropyLoss,OCDF,0.19999999999999996,0.76,4.655,3.655,1.3333333333333333,3.0,6.855,0.32,0.0
43,CrossEntropyLoss,APS,0.010000000000000009,0.99,8.28,7.74,1.0,1.0,8.739999999999998,0.01,0.45999999999999996
43,CrossEntropyLoss,APS,0.020000000000000018,0.965,7.81,7.375,1.1428571428571428,2.0,9.374999999999998,0.04,0.52
43,CrossEntropyLoss,APS,0.030000000000000027,0.965,7.745,7.305,1.1428571428571428,2.0,8.638333333333332,0.04,0.51
43,CrossEntropyLoss,APS,0.050000000000000044,0.93,6.29,5.645,1.0714285714285714,2.0,7.4449999999999985,0.075,0.28500000000000003
43,CrossEntropyLoss,APS,0.07999999999999996,0.89,5.83,5.085,1.0454545454545454,2.0,7.460000000000003,0.115,0.21999999999999997
43,CrossEntropyLoss,APS,0.09999999999999998,0.875,5.505,4.69,1.08,2.0,7.09,0.135,0.16500000000000004
43,CrossEntropyLoss,APS,0.13,0.87,5.365,4.505,1.0769230769230769,2.0,6.505,0.14,0.125
43,CrossEntropyLoss,APS,0.15000000000000002,0.83,5.06,4.135,1.1470588235294117,2.0,6.668333333333333,0.195,0.07499999999999996
43,CrossEntropyLoss,APS,0.18000000000000005,0.805,4.72,3.785,1.2564102564102564,3.0,6.396111111111111,0.245,0.06499999999999995
43,CrossEntropyLoss,APS,0.19999999999999996,0.785,4.465,3.57,1.3255813953488371,3.0,6.22,0.285,0.10499999999999998
43,CrossEntropyLoss,LAC,0.010000000000000009,0.995,8.635,7.825,1.0,1.0,7.825,0.005,0.15500000000000003
43,CrossEntropyLoss,LAC,0.020000000000000018,0.985,8.42,7.71,1.0,1.0,7.71,0.015,0.255
43,CrossEntropyLoss,LAC,0.030000000000000027,0.965,7.35,6.565,1.1428571428571428,2.0,8.231666666666666,0.04,0.19499999999999995
43,CrossEntropyLoss,LAC,0.050000000000000044,0.96,6.755,6.015,1.125,2.0,7.415,0.045,0.22499999999999998
43,CrossEntropyLoss,LAC,0.07999999999999996,0.91,6.045,5.125,1.1111111111111112,2.0,7.375000000000001,0.1,0.07999999999999996
43,CrossEntropyLoss,LAC,0.09999999999999998,0.885,5.655,4.725,1.1304347826086956,2.0,7.125,0.13,0.06999999999999995
43,CrossEntropyLoss,LAC,0.13,0.85,5.25,4.295,1.2,2.0,7.06423076923077,0.18,0.04500000000000004
43,CrossEntropyLoss,LAC,0.15000000000000002,0.815,4.85,3.85,1.3243243243243243,3.0,7.116666666666666,0.245,0.0
43,CrossEntropyLoss,LAC,0.18000000000000005,0.805,4.615,3.645,1.435897435897436,3.0,6.756111111111111,0.28,0.030000000000000027
43,CrossEntropyLoss,LAC,0.19999999999999996,0.8,4.515,3.545,1.45,3.0,6.445,0.29,0.030000000000000027
44,CrossEntropyLoss,min-CPS,0.010000000000000009,0.99,8.29,7.29,1.0,1.0,9.289999999999997,0.01,0.0
44,CrossEntropyLoss,min-CPS,0.020000000000000018,0.975,7.235,6.235,1.2,2.0,9.234999999999998,0.03,0.0
44,CrossEntropyLoss,min-CPS,0.030000000000000027,0.975,7.235,6.235,1.2,2.0,8.235,0.03,0.0
44,CrossEntropyLoss,min-CPS,0.050000000000000044,0.96,6.985,5.985,1.125,2.0,7.784999999999999,0.045,0.0
44,CrossEntropyLoss,min-CPS,0.07999999999999996,0.905,5.98,4.98,1.3157894736842106,3.0,8.105000000000002,0.125,0.0
44,CrossEntropyLoss,min-CPS,0.09999999999999998,0.895,5.96,4.96,1.2857142857142858,3.0,7.66,0.135,0.0
44,CrossEntropyLoss,min-CPS,0.13,0.885,5.61,4.61,1.3478260869565217,2.0,6.9946153846153845,0.155,0.0
44,CrossEntropyLoss,min-CPS,0.15000000000000002,0.87,5.355,4.355,1.3461538461538463,3.0,6.688333333333333,0.175,0.0
44,CrossEntropyLoss,min-CPS,0.18000000000000005,0.845,4.98,3.98,1.4193548387096775,3.0,6.424444444444443,0.22,0.0
44,CrossEntropyLoss,min-CPS,0.19999999999999996,0.82,4.915,3.915,1.3888888888888888,3.0,6.415,0.25,0.0
44,CrossEntropyLoss,RPS,0.010000000000000009,0.985,7.465,6.465,1.0,1.0,9.464999999999998,0.015,0.0
44,CrossEntropyLoss,RPS,0.020000000000000018,0.985,7.465,6.465,1.0,1.0,7.964999999999998,0.015,0.0
44,CrossEntropyLoss,RPS,0.030000000000000027,0.97,7.01,6.01,1.1666666666666667,2.0,8.343333333333332,0.035,0.0
44,CrossEntropyLoss,RPS,0.050000000000000044,0.955,6.68,5.68,1.1111111111111112,2.0,7.679999999999998,0.05,0.0
44,CrossEntropyLoss,RPS,0.07999999999999996,0.945,6.195,5.195,1.0909090909090908,2.0,6.695,0.06,0.0
44,CrossEntropyLoss,RPS,0.09999999999999998,0.93,6.13,5.13,1.0714285714285714,2.0,6.63,0.075,0.0
44,CrossEntropyLoss,RPS,0.13,0.865,5.19,4.19,1.2592592592592593,3.0,6.805384615384615,0.17,0.0
44,CrossEntropyLoss,RPS,0.15000000000000002,0.865,5.07,4.07,1.2592592592592593,3.0,6.336666666666666,0.17,0.0
44,CrossEntropyLoss,RPS,0.18000000000000005,0.825,4.85,3.85,1.2571428571428571,3.0,6.294444444444443,0.22,0.0
44,CrossEntropyLoss,RPS,0.19999999999999996,0.8,4.665,3.665,1.275,3.0,6.215,0.255,0.0
44,CrossEntropyLoss,OCDF,0.010000000000000009,1.0,8.82,7.82,,0.0,7.82,0.0,0.0
44,CrossEntropyLoss,OCDF,0.020000000000000018,1.0,8.82,7.82,,0.0,7.82,0.0,0.0
44,CrossEntropyLoss,OCDF,0.030000000000000027,0.975,8.405,7.405,1.0,1.0,9.071666666666665,0.025,0.0
44,CrossEntropyLoss,OCDF,0.050000000000000044,0.935,6.9,5.9,1.5384615384615385,3.0,9.899999999999999,0.1,0.0
44,CrossEntropyLoss,OCDF,0.07999999999999996,0.905,6.46,5.46,1.5263157894736843,3.0,9.085000000000003,0.145,0.0
44,CrossEntropyLoss,OCDF,0.09999999999999998,0.9,6.31,5.31,1.5,3.0,8.31,0.15,0.0
44,CrossEntropyLoss,OCDF,0.13,0.855,5.865,4.865,1.4827586206896552,3.0,8.172692307692309,0.215,0.0
44,CrossEntropyLoss,OCDF,0.15000000000000002,0.84,5.495,4.495,1.53125,3.0,7.761666666666665,0.245,0.0
44,CrossEntropyLoss,OCDF,0.18000000000000005,0.835,5.39,4.39,1.5151515151515151,3.0,7.167777777777777,0.25,0.0
44,CrossEntropyLoss,OCDF,0.19999999999999996,0.79,4.895,3.895,1.4523809523809523,3.0,6.945,0.305,0.0
44,CrossEntropyLoss,APS,0.010000000000000009,0.975,7.975,7.485,1.0,1.0,8.485,0.025,0.5
44,CrossEntropyLoss,APS,0.020000000000000018,0.97,7.685,7.195,1.0,1.0,8.194999999999999,0.03,0.46499999999999997
44,CrossEntropyLoss,APS,0.030000000000000027,0.965,7.19,6.64,1.2857142857142858,2.0,8.639999999999999,0.045,0.385
44,CrossEntropyLoss,APS,0.050000000000000044,0.945,6.26,5.645,1.1818181818181819,2.0,7.844999999999999,0.065,0.31999999999999995
44,CrossEntropyLoss,APS,0.07999999999999996,0.935,5.845,5.145,1.2307692307692308,3.0,6.895000000000001,0.08,0.245
44,CrossEntropyLoss,APS,0.09999999999999998,0.905,5.63,4.855,1.263157894736842,3.0,7.055,0.12,0.18999999999999995
44,CrossEntropyLoss,APS,0.13,0.885,5.4,4.55,1.3478260869565217,3.0,6.780769230769231,0.155,0.13
44,CrossEntropyLoss,APS,0.15000000000000002,0.855,5.13,4.195,1.3793103448275863,3.0,6.795,0.2,0.06000000000000005
44,CrossEntropyLoss,APS,0.18000000000000005,0.815,4.73,3.8,1.3513513513513513,3.0,6.466666666666668,0.25,0.06999999999999995
44,CrossEntropyLoss,APS,0.19999999999999996,0.79,4.54,3.645,1.3571428571428572,3.0,6.195,0.285,0.10499999999999998
44,CrossEntropyLoss,LAC,0.010000000000000009,0.985,8.595,7.8,1.0,1.0,8.799999999999999,0.015,0.18000000000000005
44,CrossEntropyLoss,LAC,0.020000000000000018,0.97,7.74,6.9,1.1666666666666667,2.0,9.399999999999999,0.035,0.16000000000000003
44,CrossEntropyLoss,LAC,0.030000000000000027,0.965,7.445,6.64,1.1428571428571428,2.0,8.306666666666665,0.04,0.18000000000000005
44,CrossEntropyLoss,LAC,0.050000000000000044,0.96,6.78,6.085,1.125,2.0,7.4849999999999985,0.045,0.245
44,CrossEntropyLoss,LAC,0.07999999999999996,0.935,6.43,5.64,1.1538461538461537,2.0,7.2650000000000015,0.075,0.20999999999999996
44,CrossEntropyLoss,LAC,0.09999999999999998,0.915,5.87,5.005,1.1176470588235294,2.0,6.705,0.095,0.135
44,CrossEntropyLoss,LAC,0.13,0.865,5.165,4.19,1.3333333333333333,2.0,6.959230769230769,0.18,0.025000000000000022
44,CrossEntropyLoss,LAC,0.15000000000000002,0.865,5.14,4.165,1.3333333333333333,2.0,6.565,0.18,0.025000000000000022
44,CrossEntropyLoss,LAC,0.18000000000000005,0.835,4.775,3.81,1.4848484848484849,3.0,6.476666666666665,0.245,0.03500000000000003
44,CrossEntropyLoss,LAC,0.19999999999999996,0.83,4.615,3.65,1.588235294117647,3.0,6.3,0.27,0.03500000000000003
45,CrossEntropyLoss,min-CPS,0.010000000000000009,1.0,8.535,7.535,,0.0,7.535,0.0,0.0
45,CrossEntropyLoss,min-CPS,0.020000000000000018,0.985,7.265,6.265,1.0,1.0,7.764999999999998,0.015,0.0
45,CrossEntropyLoss,min-CPS,0.030000000000000027,0.98,7.23,6.23,1.0,1.0,7.563333333333333,0.02,0.0
45,CrossEntropyLoss,min-CPS,0.050000000000000044,0.95,6.81,5.81,1.3,2.0,8.409999999999998,0.065,0.0
45,CrossEntropyLoss,min-CPS,0.07999999999999996,0.895,6.01,5.01,1.2380952380952381,2.0,8.260000000000002,0.13,0.0
45,CrossEntropyLoss,min-CPS,0.09999999999999998,0.895,5.985,4.985,1.2380952380952381,2.0,7.585,0.13,0.0
45,CrossEntropyLoss,min-CPS,0.13,0.88,5.935,4.935,1.2083333333333333,2.0,7.165769230769231,0.145,0.0
45,CrossEntropyLoss,min-CPS,0.15000000000000002,0.865,5.375,4.375,1.3333333333333333,3.0,6.775,0.18,0.0
45,CrossEntropyLoss,min-CPS,0.18000000000000005,0.835,4.99,3.99,1.303030303030303,3.0,6.378888888888888,0.215,0.0
45,CrossEntropyLoss,min-CPS,0.19999999999999996,0.795,4.85,3.85,1.3658536585365855,3.0,6.65,0.28,0.0
45,CrossEntropyLoss,RPS,0.010000000000000009,0.985,7.42,6.42,1.0,1.0,9.419999999999996,0.015,0.0
45,CrossEntropyLoss,RPS,0.020000000000000018,0.985,7.42,6.42,1.0,1.0,7.919999999999998,0.015,0.0
45,CrossEntropyLoss,RPS,0.030000000000000027,0.965,6.935,5.935,1.0,1.0,8.268333333333333,0.035,0.0
45,CrossEntropyLoss,RPS,0.050000000000000044,0.955,6.71,5.71,1.0,1.0,7.509999999999998,0.045,0.0
45,CrossEntropyLoss,RPS,0.07999999999999996,0.915,6.14,5.14,1.0,1.0,7.2650000000000015,0.085,0.0
45,CrossEntropyLoss,RPS,0.09999999999999998,0.895,5.685,4.685,1.0952380952380953,2.0,6.985,0.115,0.0
45,CrossEntropyLoss,RPS,0.13,0.875,5.25,4.25,1.24,2.0,6.634615384615384,0.155,0.0
45,CrossEntropyLoss,RPS,0.15000000000000002,0.835,4.955,3.955,1.2121212121212122,2.0,6.621666666666666,0.2,0.0
45,CrossEntropyLoss,RPS,0.18000000000000005,0.825,4.885,3.885,1.2285714285714286,2.0,6.273888888888888,0.215,0.0
45,CrossEntropyLoss,RPS,0.19999999999999996,0.825,4.82,3.82,1.2285714285714286,2.0,5.97,0.215,0.0
45,CrossEntropyLoss,OCDF,0.010000000000000009,0.995,8.79,7.79,1.0,1.0,8.79,0.005,0.0
45,CrossEntropyLoss,OCDF,0.020000000000000018,0.97,8.33,7.33,1.1666666666666667,2.0,10.829999999999995,0.035,0.0
45,CrossEntropyLoss,OCDF,0.030000000000000027,0.955,7.94,6.94,1.2222222222222223,2.0,10.606666666666666,0.055,0.0
45,CrossEntropyLoss,OCDF,0.050000000000000044,0.945,7.22,6.22,1.6363636363636365,3.0,9.819999999999997,0.09,0.0
45,CrossEntropyLoss,OCDF,0.07999999999999996,0.925,6.585,5.585,1.6666666666666667,3.0,8.710000000000003,0.125,0.0
45,CrossEntropyLoss,OCDF,0.09999999999999998,0.895,6.19,5.19,1.4761904761904763,3.0,8.29,0.155,0.0
45,CrossEntropyLoss,OCDF,0.13,0.855,5.795,4.795,1.4137931034482758,3.0,7.948846153846155,0.205,0.0
45,CrossEntropyLoss,OCDF,0.15000000000000002,0.835,5.45,4.45,1.4242424242424243,3.0,7.583333333333332,0.235,0.0
45,CrossEntropyLoss,OCDF,0.18000000000000005,0.82,5.295,4.295,1.4444444444444444,4.0,7.183888888888888,0.26,0.0
45,CrossEntropyLoss,OCDF,0.19999999999999996,0.79,4.93,3.93,1.4285714285714286,4.0,6.93,0.3,0.0
45,CrossEntropyLoss,APS,0.010000000000000009,1.0,8.695,7.88,,0.0,7.88,0.0,0.18500000000000005
45,CrossEntropyLoss,APS,0.020000000000000018,0.99,8.125,7.605,1.0,1.0,8.105,0.01,0.47
45,CrossEntropyLoss,APS,0.030000000000000027,0.965,7.24,6.71,1.0,1.0,8.043333333333333,0.035,0.41500000000000004
45,CrossEntropyLoss,APS,0.050000000000000044,0.955,6.51,5.9,1.0,1.0,7.1,0.045,0.31999999999999995
45,CrossEntropyLoss,APS,0.07999999999999996,0.945,6.225,5.565,1.0909090909090908,2.0,6.69,0.06,0.27
45,CrossEntropyLoss,APS,0.09999999999999998,0.91,5.775,5.025,1.1666666666666667,2.0,6.825,0.105,0.20999999999999996
45,CrossEntropyLoss,APS,0.13,0.875,5.28,4.4,1.16,2.0,6.476923076923076,0.145,0.11499999999999999
45,CrossEntropyLoss,APS,0.15000000000000002,0.855,5.135,4.215,1.1379310344827587,2.0,6.348333333333333,0.165,0.07999999999999996
45,CrossEntropyLoss,APS,0.18000000000000005,0.83,4.845,3.9,1.2941176470588236,3.0,6.288888888888888,0.22,0.05500000000000005
45,CrossEntropyLoss,APS,0.19999999999999996,0.815,4.615,3.69,1.2972972972972974,3.0,5.99,0.24,0.07499999999999996
45,CrossEntropyLoss,LAC,0.010000000000000009,0.985,8.595,7.805,1.0,1.0,8.805,0.015,0.17500000000000004
45,CrossEntropyLoss,LAC,0.020000000000000018,0.98,8.325,7.58,1.0,1.0,9.079999999999998,0.02,0.21999999999999997
45,CrossEntropyLoss,LAC,0.030000000000000027,0.975,7.685,6.905,1.0,1.0,8.238333333333333,0.025,0.21999999999999997
45,CrossEntropyLoss,LAC,0.050000000000000044,0.96,6.82,6.12,1.0,1.0,7.519999999999999,0.04,0.255
45,CrossEntropyLoss,LAC,0.07999999999999996,0.915,6.185,5.32,1.0588235294117647,2.0,7.445000000000001,0.09,0.135
45,CrossEntropyLoss,LAC,0.09999999999999998,0.905,5.87,5.025,1.0526315789473684,2.0,6.925,0.1,0.15500000000000003
45,CrossEntropyLoss,LAC,0.13,0.86,5.22,4.245,1.2857142857142858,2.0,7.014230769230769,0.18,0.025000000000000022
45,CrossEntropyLoss,LAC,0.15000000000000002,0.86,5.15,4.175,1.2857142857142858,2.0,6.575,0.18,0.025000000000000022
45,CrossEntropyLoss,LAC,0.18000000000000005,0.82,4.715,3.755,1.3611111111111112,3.0,6.421666666666666,0.245,0.040000000000000036
45,CrossEntropyLoss,LAC,0.19999999999999996,0.795,4.5,3.54,1.4146341463414633,3.0,6.39,0.29,0.040000000000000036
46,CrossEntropyLoss,min-CPS,0.010000000000000009,0.985,7.33,6.33,1.3333333333333333,2.0,10.329999999999995,0.02,0.0
46,CrossEntropyLoss,min-CPS,0.020000000000000018,0.975,7.215,6.215,1.2,2.0,9.214999999999998,0.03,0.0
46,CrossEntropyLoss,min-CPS,0.030000000000000027,0.975,7.215,6.215,1.2,2.0,8.214999999999998,0.03,0.0
46,CrossEntropyLoss,min-CPS,0.050000000000000044,0.96,6.985,5.985,1.125,2.0,7.7849999999999975,0.045,0.0
46,CrossEntropyLoss,min-CPS,0.07999999999999996,0.945,6.2,5.2,1.4545454545454546,3.0,7.200000000000002,0.08,0.0
46,CrossEntropyLoss,min-CPS,0.09999999999999998,0.935,6.05,5.05,1.4615384615384615,3.0,6.95,0.095,0.0
46,CrossEntropyLoss,min-CPS,0.13,0.92,5.965,4.965,1.4375,3.0,6.734230769230769,0.115,0.0
46,CrossEntropyLoss,min-CPS,0.15000000000000002,0.87,5.385,4.385,1.2692307692307692,3.0,6.585,0.165,0.0
46,CrossEntropyLoss,min-CPS,0.18000000000000005,0.86,5.09,4.09,1.2857142857142858,3.0,6.09,0.18,0.0
46,CrossEntropyLoss,min-CPS,0.19999999999999996,0.855,4.97,3.97,1.3103448275862069,3.0,5.87,0.19,0.0
46,CrossEntropyLoss,RPS,0.010000000000000009,0.99,7.495,6.495,1.0,1.0,8.494999999999997,0.01,0.0
46,CrossEntropyLoss,RPS,0.020000000000000018,0.99,7.475,6.475,1.0,1.0,7.474999999999999,0.01,0.0
46,CrossEntropyLoss,RPS,0.030000000000000027,0.99,7.475,6.475,1.0,1.0,7.141666666666667,0.01,0.0
46,CrossEntropyLoss,RPS,0.050000000000000044,0.95,6.595,5.595,1.1,2.0,7.794999999999998,0.055,0.0
46,CrossEntropyLoss,RPS,0.07999999999999996,0.94,6.175,5.175,1.0833333333333333,2.0,6.8,0.065,0.0
46,CrossEntropyLoss,RPS,0.09999999999999998,0.935,6.12,5.12,1.0769230769230769,2.0,6.52,0.07,0.0
46,CrossEntropyLoss,RPS,0.13,0.93,5.915,4.915,1.1428571428571428,2.0,6.145769230769231,0.08,0.0
46,CrossEntropyLoss,RPS,0.15000000000000002,0.91,5.455,4.455,1.2222222222222223,2.0,5.921666666666666,0.11,0.0
46,CrossEntropyLoss,RPS,0.18000000000000005,0.85,4.93,3.93,1.2,3.0,5.93,0.18,0.0
46,CrossEntropyLoss,RPS,0.19999999999999996,0.815,4.68,3.68,1.1891891891891893,3.0,5.88,0.22,0.0
46,CrossEntropyLoss,OCDF,0.010000000000000009,1.0,8.75,7.75,,0.0,7.75,0.0,0.0
46,CrossEntropyLoss,OCDF,0.020000000000000018,1.0,8.75,7.75,,0.0,7.75,0.0,0.0
46,CrossEntropyLoss,OCDF,0.030000000000000027,1.0,8.75,7.75,,0.0,7.75,0.0,0.0
46,CrossEntropyLoss,OCDF,0.050000000000000044,0.995,8.285,7.285,1.0,1.0,7.485,0.005,0.0
46,CrossEntropyLoss,OCDF,0.07999999999999996,0.955,6.805,5.805,1.2222222222222223,2.0,7.18,0.055,0.0
46,CrossEntropyLoss,OCDF,0.09999999999999998,0.93,6.44,5.44,1.2857142857142858,2.0,7.24,0.09,0.0
46,CrossEntropyLoss,OCDF,0.13,0.91,6.12,5.12,1.3333333333333333,3.0,6.966153846153845,0.12,0.0
46,CrossEntropyLoss,OCDF,0.15000000000000002,0.855,5.68,4.68,1.2758620689655173,3.0,7.1466666666666665,0.185,0.0
46,CrossEntropyLoss,OCDF,0.18000000000000005,0.805,5.12,4.12,1.205128205128205,3.0,6.731111111111111,0.235,0.0
46,CrossEntropyLoss,OCDF,0.19999999999999996,0.795,4.995,3.995,1.2439024390243902,3.0,6.545,0.255,0.0
46,CrossEntropyLoss,APS,0.010000000000000009,0.99,8.42,7.775,1.0,1.0,9.774999999999999,0.01,0.355
46,CrossEntropyLoss,APS,0.020000000000000018,0.985,7.945,7.47,1.0,1.0,8.469999999999999,0.015,0.51
46,CrossEntropyLoss,APS,0.030000000000000027,0.97,7.48,7.0,1.1666666666666667,2.0,8.666666666666664,0.035,0.45999999999999996
46,CrossEntropyLoss,APS,0.050000000000000044,0.935,6.285,5.65,1.0769230769230769,2.0,7.249999999999999,0.07,0.29500000000000004
46,CrossEntropyLoss,APS,0.07999999999999996,0.925,5.9,5.195,1.1333333333333333,2.0,6.82,0.085,0.24
46,CrossEntropyLoss,APS,0.09999999999999998,0.91,5.71,4.955,1.1111111111111112,2.0,6.555,0.1,0.21999999999999997
46,CrossEntropyLoss,APS,0.13,0.88,5.39,4.51,1.1666666666666667,2.0,6.51,0.14,0.11499999999999999
46,CrossEntropyLoss,APS,0.15000000000000002,0.875,5.25,4.335,1.16,2.0,6.134999999999999,0.145,0.08499999999999996
46,CrossEntropyLoss,APS,0.18000000000000005,0.865,5.095,4.165,1.1851851851851851,2.0,5.831666666666666,0.16,0.06999999999999995
46,CrossEntropyLoss,APS,0.19999999999999996,0.855,4.795,3.835,1.3448275862068966,3.0,5.735,0.195,0.040000000000000036
46,CrossEntropyLoss,LAC,0.010000000000000009,0.985,8.61,7.8,1.0,1.0,8.799999999999999,0.015,0.16500000000000004
46,CrossEntropyLoss,LAC,0.020000000000000018,0.985,8.37,7.64,1.0,1.0,8.14,0.015,0.245
46,CrossEntropyLoss,LAC,0.030000000000000027,0.96,7.35,6.59,1.125,2.0,8.589999999999998,0.045,0.22499999999999998
46,CrossEntropyLoss,LAC,0.050000000000000044,0.96,6.805,6.12,1.125,2.0,7.32,0.045,0.26
46,CrossEntropyLoss,LAC,0.07999999999999996,0.945,6.59,5.865,1.0909090909090908,2.0,6.99,0.06,0.24
46,CrossEntropyLoss,LAC,0.09999999999999998,0.935,6.16,5.295,1.1538461538461537,2.0,6.695,0.075,0.135
46,CrossEntropyLoss,LAC,0.13,0.9,5.55,4.595,1.2,2.0,6.364230769230769,0.12,0.04500000000000004
46,CrossEntropyLoss,LAC,0.15000000000000002,0.88,5.265,4.315,1.2916666666666667,2.0,6.381666666666666,0.155,0.050000000000000044
46,CrossEntropyLoss,LAC,0.18000000000000005,0.87,4.985,3.985,1.3846153846153846,2.0,5.9849999999999985,0.18,0.0
46,CrossEntropyLoss,LAC,0.19999999999999996,0.85,4.81,3.84,1.3666666666666667,3.0,5.84,0.205,0.030000000000000027
47,CrossEntropyLoss,min-CPS,0.010000000000000009,0.99,8.305,7.305,1.0,1.0,9.304999999999998,0.01,0.0
47,CrossEntropyLoss,min-CPS,0.020000000000000018,1.0,7.72,6.72,,0.0,6.72,0.0,0.0
47,CrossEntropyLoss,min-CPS,0.030000000000000027,0.985,7.245,6.245,1.0,1.0,7.245,0.015,0.0
47,CrossEntropyLoss,min-CPS,0.050000000000000044,0.98,7.12,6.12,1.0,1.0,6.92,0.02,0.0
47,CrossEntropyLoss,min-CPS,0.07999999999999996,0.94,6.21,5.21,1.25,2.0,7.085000000000001,0.075,0.0
47,CrossEntropyLoss,min-CPS,0.09999999999999998,0.935,5.985,4.985,1.2307692307692308,2.0,6.585,0.08,0.0
47,CrossEntropyLoss,min-CPS,0.13,0.86,5.475,4.475,1.1785714285714286,2.0,7.013461538461538,0.165,0.0
47,CrossEntropyLoss,min-CPS,0.15000000000000002,0.865,5.28,4.28,1.1481481481481481,2.0,6.346666666666667,0.155,0.0
47,CrossEntropyLoss,min-CPS,0.18000000000000005,0.845,4.97,3.97,1.1935483870967742,2.0,6.025555555555554,0.185,0.0
47,CrossEntropyLoss,min-CPS,0.19999999999999996,0.845,4.97,3.97,1.1935483870967742,2.0,5.82,0.185,0.0
47,CrossEntropyLoss,RPS,0.010000000000000009,1.0,7.785,6.785,,0.0,6.785,0.0,0.0
47,CrossEntropyLoss,RPS,0.020000000000000018,1.0,7.48,6.48,,0.0,6.48,0.0,0.0
47,CrossEntropyLoss,RPS,0.030000000000000027,1.0,7.445,6.445,,0.0,6.445,0.0,0.0
47,CrossEntropyLoss,RPS,0.050000000000000044,0.975,6.89,5.89,1.0,1.0,6.89,0.025,0.0
47,CrossEntropyLoss,RPS,0.07999999999999996,0.955,6.355,5.355,1.0,1.0,6.48,0.045,0.0
47,CrossEntropyLoss,RPS,0.09999999999999998,0.945,6.15,5.15,1.0,1.0,6.25,0.055,0.0
47,CrossEntropyLoss,RPS,0.13,0.935,5.895,4.895,1.0,1.0,5.895,0.065,0.0
47,CrossEntropyLoss,RPS,0.15000000000000002,0.9,5.28,4.28,1.15,2.0,5.813333333333333,0.115,0.0
47,CrossEntropyLoss,RPS,0.18000000000000005,0.865,4.96,3.96,1.1111111111111112,2.0,5.626666666666666,0.15,0.0
47,CrossEntropyLoss,RPS,0.19999999999999996,0.825,4.805,3.805,1.1428571428571428,2.0,5.805,0.2,0.0
47,CrossEntropyLoss,OCDF,0.010000000000000009,1.0,8.79,7.79,,0.0,7.79,0.0,0.0
47,CrossEntropyLoss,OCDF,0.020000000000000018,1.0,8.79,7.79,,0.0,7.79,0.0,0.0
47,CrossEntropyLoss,OCDF,0.030000000000000027,1.0,8.79,7.79,,0.0,7.79,0.0,0.0
47,CrossEntropyLoss,OCDF,0.050000000000000044,0.97,7.92,6.92,1.0,1.0,8.12,0.03,0.0
47,CrossEntropyLoss,OCDF,0.07999999999999996,0.955,6.825,5.825,1.3333333333333333,2.0,7.325,0.06,0.0
47,CrossEntropyLoss,OCDF,0.09999999999999998,0.93,6.475,5.475,1.2857142857142858,2.0,7.275,0.09,0.0
47,CrossEntropyLoss,OCDF,0.13,0.885,5.95,4.95,1.173913043478261,2.0,7.026923076923076,0.135,0.0
47,CrossEntropyLoss,OCDF,0.15000000000000002,0.875,5.835,4.835,1.24,2.0,6.901666666666666,0.155,0.0
47,CrossEntropyLoss,OCDF,0.18000000000000005,0.86,5.48,4.48,1.2142857142857142,2.0,6.368888888888889,0.17,0.0
47,CrossEntropyLoss,OCDF,0.19999999999999996,0.85,5.38,4.38,1.2,2.0,6.18,0.18,0.0
47,CrossEntropyLoss,APS,0.010000000000000009,0.995,8.455,7.76,1.0,1.0,7.76,0.005,0.30500000000000005
47,CrossEntropyLoss,APS,0.020000000000000018,0.98,7.87,7.365,1.0,1.0,8.364999999999998,0.02,0.46499999999999997
47,CrossEntropyLoss,APS,0.030000000000000027,0.975,7.55,7.055,1.0,1.0,7.721666666666667,0.025,0.44499999999999995
47,CrossEntropyLoss,APS,0.050000000000000044,0.965,6.53,5.88,1.0,1.0,6.48,0.035,0.28500000000000003
47,CrossEntropyLoss,APS,0.07999999999999996,0.935,6.02,5.325,1.0,1.0,6.2,0.065,0.24
47,CrossEntropyLoss,APS,0.09999999999999998,0.91,5.755,5.0,1.1111111111111112,2.0,6.5,0.1,0.20999999999999996
47,CrossEntropyLoss,APS,0.13,0.895,5.49,4.71,1.0952380952380953,2.0,6.171538461538462,0.115,0.18999999999999995
47,CrossEntropyLoss,APS,0.15000000000000002,0.88,5.215,4.335,1.0833333333333333,2.0,5.935,0.13,0.12
47,CrossEntropyLoss,APS,0.18000000000000005,0.875,5.045,4.14,1.08,2.0,5.584444444444443,0.135,0.09499999999999997
47,CrossEntropyLoss,APS,0.19999999999999996,0.87,4.955,4.05,1.1153846153846154,2.0,5.45,0.145,0.09499999999999997
47,CrossEntropyLoss,LAC,0.010000000000000009,1.0,8.7,7.835,,0.0,7.835,0.0,0.09999999999999998
47,CrossEntropyLoss,LAC,0.020000000000000018,0.99,8.57,7.815,1.0,1.0,7.815,0.01,0.18999999999999995
47,CrossEntropyLoss,LAC,0.030000000000000027,0.975,7.71,6.945,1.0,1.0,7.611666666666666,0.025,0.235
47,CrossEntropyLoss,LAC,0.050000000000000044,0.975,6.98,6.27,1.0,1.0,6.67,0.025,0.29000000000000004
47,CrossEntropyLoss,LAC,0.07999999999999996,0.97,6.735,6.0,1.0,1.0,6.375,0.03,0.235
47,CrossEntropyLoss,LAC,0.09999999999999998,0.905,5.8,4.95,1.0,1.0,6.45,0.095,0.15000000000000002
47,CrossEntropyLoss,LAC,0.13,0.885,5.245,4.305,1.0869565217391304,2.0,6.074230769230769,0.125,0.06000000000000005
47,CrossEntropyLoss,LAC,0.15000000000000002,0.87,5.19,4.215,1.1923076923076923,2.0,6.281666666666665,0.155,0.025000000000000022
47,CrossEntropyLoss,LAC,0.18000000000000005,0.84,4.835,3.865,1.25,2.0,6.031666666666665,0.2,0.030000000000000027
47,CrossEntropyLoss,LAC,0.19999999999999996,0.83,4.63,3.66,1.3235294117647058,2.0,5.86,0.225,0.030000000000000027
48,CrossEntropyLoss,min-CPS,0.010000000000000009,0.99,8.35,7.35,1.0,1.0,9.349999999999998,0.01,0.0
48,CrossEntropyLoss,min-CPS,0.020000000000000018,0.985,7.33,6.33,1.3333333333333333,2.0,8.329999999999998,0.02,0.0
48,CrossEntropyLoss,min-CPS,0.030000000000000027,0.98,7.29,6.29,1.25,2.0,7.956666666666665,0.025,0.0
48,CrossEntropyLoss,min-CPS,0.050000000000000044,0.965,7.04,6.04,1.1428571428571428,2.0,7.639999999999999,0.04,0.0
48,CrossEntropyLoss,min-CPS,0.07999999999999996,0.93,6.135,5.135,1.4285714285714286,3.0,7.6350000000000025,0.1,0.0
48,CrossEntropyLoss,min-CPS,0.09999999999999998,0.925,6.055,5.055,1.4,3.0,7.155,0.105,0.0
48,CrossEntropyLoss,min-CPS,0.13,0.885,5.655,4.655,1.2608695652173914,2.0,6.885769230769231,0.145,0.0
48,CrossEntropyLoss,min-CPS,0.15000000000000002,0.875,5.445,4.445,1.24,2.0,6.511666666666665,0.155,0.0
48,CrossEntropyLoss,min-CPS,0.18000000000000005,0.88,5.175,4.175,1.375,3.0,6.008333333333333,0.165,0.0
48,CrossEntropyLoss,min-CPS,0.19999999999999996,0.87,5.065,4.065,1.3846153846153846,3.0,5.865,0.18,0.0
48,CrossEntropyLoss,RPS,0.010000000000000009,0.995,7.605,6.605,1.0,1.0,7.604999999999999,0.005,0.0
48,CrossEntropyLoss,RPS,0.020000000000000018,0.995,7.505,6.505,1.0,1.0,7.005,0.005,0.0
48,CrossEntropyLoss,RPS,0.030000000000000027,0.995,7.505,6.505,1.0,1.0,6.838333333333333,0.005,0.0
48,CrossEntropyLoss,RPS,0.050000000000000044,0.97,6.96,5.96,1.1666666666666667,2.0,7.36,0.035,0.0
48,CrossEntropyLoss,RPS,0.07999999999999996,0.965,6.545,5.545,1.1428571428571428,2.0,6.545,0.04,0.0
48,CrossEntropyLoss,RPS,0.09999999999999998,0.955,6.165,5.165,1.1111111111111112,2.0,6.165,0.05,0.0
48,CrossEntropyLoss,RPS,0.13,0.9,5.57,4.57,1.15,2.0,6.3392307692307694,0.115,0.0
48,CrossEntropyLoss,RPS,0.15000000000000002,0.87,5.145,4.145,1.2307692307692308,3.0,6.278333333333332,0.16,0.0
48,CrossEntropyLoss,RPS,0.18000000000000005,0.785,4.65,3.65,1.1627906976744187,3.0,6.427777777777777,0.25,0.0
48,CrossEntropyLoss,RPS,0.19999999999999996,0.76,4.49,3.49,1.1666666666666667,3.0,6.29,0.28,0.0
48,CrossEntropyLoss,OCDF,0.010000000000000009,0.965,8.43,7.43,1.1428571428571428,2.0,15.429999999999993,0.04,0.0
48,CrossEntropyLoss,OCDF,0.020000000000000018,0.96,8.14,7.14,1.25,2.0,12.139999999999995,0.05,0.0
48,CrossEntropyLoss,OCDF,0.030000000000000027,0.95,7.935,6.935,1.2,2.0,10.934999999999997,0.06,0.0
48,CrossEntropyLoss,OCDF,0.050000000000000044,0.94,7.015,6.015,1.4166666666666667,3.0,9.414999999999997,0.085,0.0
48,CrossEntropyLoss,OCDF,0.07999999999999996,0.94,6.785,5.785,1.8333333333333333,3.0,8.535000000000002,0.11,0.0
48,CrossEntropyLoss,OCDF,0.09999999999999998,0.885,6.155,5.155,1.5217391304347827,3.0,8.655,0.175,0.0
48,CrossEntropyLoss,OCDF,0.13,0.88,5.945,4.945,1.5,3.0,7.7142307692307694,0.18,0.0
48,CrossEntropyLoss,OCDF,0.15000000000000002,0.835,5.52,4.52,1.4242424242424243,3.0,7.653333333333332,0.235,0.0
48,CrossEntropyLoss,OCDF,0.18000000000000005,0.835,5.395,4.395,1.4242424242424243,3.0,7.006111111111111,0.235,0.0
48,CrossEntropyLoss,OCDF,0.19999999999999996,0.825,5.155,4.155,1.457142857142857,4.0,6.705,0.255,0.0
48,CrossEntropyLoss,APS,0.010000000000000009,0.995,8.49,7.835,1.0,1.0,7.835,0.005,0.345
48,CrossEntropyLoss,APS,0.020000000000000018,0.98,7.765,7.285,1.0,1.0,8.284999999999998,0.02,0.49
48,CrossEntropyLoss,APS,0.030000000000000027,0.98,7.695,7.195,1.0,1.0,7.861666666666666,0.02,0.45999999999999996
48,CrossEntropyLoss,APS,0.050000000000000044,0.94,6.25,5.6,1.0833333333333333,2.0,7.2,0.065,0.28500000000000003
48,CrossEntropyLoss,APS,0.07999999999999996,0.915,6.015,5.31,1.0588235294117647,2.0,6.81,0.09,0.22999999999999998
48,CrossEntropyLoss,APS,0.09999999999999998,0.905,5.845,5.14,1.0526315789473684,2.0,6.54,0.1,0.235
48,CrossEntropyLoss,APS,0.13,0.89,5.505,4.695,1.1363636363636365,2.0,6.2334615384615395,0.125,0.16500000000000004
48,CrossEntropyLoss,APS,0.15000000000000002,0.88,5.16,4.245,1.125,2.0,5.978333333333333,0.135,0.07999999999999996
48,CrossEntropyLoss,APS,0.18000000000000005,0.87,5.0,4.06,1.2692307692307692,2.0,5.782222222222222,0.165,0.06000000000000005
48,CrossEntropyLoss,APS,0.19999999999999996,0.85,4.795,3.85,1.3,3.0,5.65,0.195,0.05500000000000005
48,CrossEntropyLoss,LAC,0.010000000000000009,0.995,8.755,7.875,1.0,1.0,7.875,0.005,0.10999999999999999
48,CrossEntropyLoss,LAC,0.020000000000000018,0.97,7.895,7.06,1.1666666666666667,2.0,9.559999999999997,0.035,0.16500000000000004
48,CrossEntropyLoss,LAC,0.030000000000000027,0.96,7.48,6.65,1.125,2.0,8.316666666666665,0.045,0.16000000000000003
48,CrossEntropyLoss,LAC,0.050000000000000044,0.93,6.685,5.95,1.0714285714285714,2.0,8.349999999999998,0.075,0.20499999999999996
48,CrossEntropyLoss,LAC,0.07999999999999996,0.91,6.05,5.13,1.1666666666666667,2.0,7.505000000000003,0.105,0.07999999999999996
48,CrossEntropyLoss,LAC,0.09999999999999998,0.895,5.815,4.965,1.1428571428571428,2.0,6.965,0.12,0.15000000000000002
48,CrossEntropyLoss,LAC,0.13,0.865,5.225,4.27,1.2222222222222223,2.0,6.808461538461538,0.165,0.04500000000000004
48,CrossEntropyLoss,LAC,0.15000000000000002,0.86,5.19,4.235,1.2142857142857142,2.0,6.501666666666666,0.17,0.04500000000000004
48,CrossEntropyLoss,LAC,0.18000000000000005,0.855,4.91,3.91,1.3448275862068966,3.0,6.076666666666667,0.195,0.0
48,CrossEntropyLoss,LAC,0.19999999999999996,0.845,4.81,3.83,1.3225806451612903,3.0,5.83,0.205,0.020000000000000018
49,CrossEntropyLoss,min-CPS,0.010000000000000009,0.99,8.315,7.315,1.0,1.0,9.314999999999998,0.01,0.0
49,CrossEntropyLoss,min-CPS,0.020000000000000018,0.99,7.33,6.33,1.0,1.0,7.329999999999999,0.01,0.0
49,CrossEntropyLoss,min-CPS,0.030000000000000027,0.98,7.26,6.26,1.0,1.0,7.593333333333333,0.02,0.0
49,CrossEntropyLoss,min-CPS,0.050000000000000044,0.965,7.045,6.045,1.0,1.0,7.445,0.035,0.0
49,CrossEntropyLoss,min-CPS,0.07999999999999996,0.93,6.105,5.105,1.3571428571428572,2.0,7.480000000000002,0.095,0.0
49,CrossEntropyLoss,min-CPS,0.09999999999999998,0.915,6.04,5.04,1.2941176470588236,2.0,7.24,0.11,0.0
49,CrossEntropyLoss,min-CPS,0.13,0.9,5.95,4.95,1.25,2.0,6.8730769230769235,0.125,0.0
49,CrossEntropyLoss,min-CPS,0.15000000000000002,0.85,5.18,4.18,1.2333333333333334,2.0,6.6466666666666665,0.185,0.0
49,CrossEntropyLoss,min-CPS,0.18000000000000005,0.83,5.01,4.01,1.2647058823529411,2.0,6.398888888888889,0.215,0.0
49,CrossEntropyLoss,min-CPS,0.19999999999999996,0.81,4.925,3.925,1.263157894736842,2.0,6.325,0.24,0.0
49,CrossEntropyLoss,RPS,0.010000000000000009,1.0,7.8,6.8,,0.0,6.8,0.0,0.0
49,CrossEntropyLoss,RPS,0.020000000000000018,0.995,7.465,6.465,1.0,1.0,6.965,0.005,0.0
49,CrossEntropyLoss,RPS,0.030000000000000027,0.995,7.465,6.465,1.0,1.0,6.798333333333333,0.005,0.0
49,CrossEntropyLoss,RPS,0.050000000000000044,0.95,6.62,5.62,1.0,1.0,7.619999999999997,0.05,0.0
49,CrossEntropyLoss,RPS,0.07999999999999996,0.925,6.14,5.14,1.0,1.0,7.0150000000000015,0.075,0.0
49,CrossEntropyLoss,RPS,0.09999999999999998,0.915,6.115,5.115,1.0,1.0,6.815,0.085,0.0
49,CrossEntropyLoss,RPS,0.13,0.875,5.27,4.27,1.16,2.0,6.500769230769231,0.145,0.0
49,CrossEntropyLoss,RPS,0.15000000000000002,0.865,5.07,4.07,1.1851851851851851,2.0,6.203333333333332,0.16,0.0
49,CrossEntropyLoss,RPS,0.18000000000000005,0.845,4.945,3.945,1.1612903225806452,2.0,5.945,0.18,0.0
49,CrossEntropyLoss,RPS,0.19999999999999996,0.835,4.86,3.86,1.1818181818181819,2.0,5.81,0.195,0.0
49,CrossEntropyLoss,OCDF,0.010000000000000009,1.0,8.76,7.76,,0.0,7.76,0.0,0.0
49,CrossEntropyLoss,OCDF,0.020000000000000018,1.0,8.76,7.76,,0.0,7.76,0.0,0.0
49,CrossEntropyLoss,OCDF,0.030000000000000027,0.98,8.265,7.265,1.0,1.0,8.598333333333333,0.02,0.0
49,CrossEntropyLoss,OCDF,0.050000000000000044,0.96,7.295,6.295,1.25,2.0,8.294999999999998,0.05,0.0
49,CrossEntropyLoss,OCDF,0.07999999999999996,0.945,6.805,5.805,1.4545454545454546,3.0,7.805,0.08,0.0
49,CrossEntropyLoss,OCDF,0.09999999999999998,0.91,6.3,5.3,1.3888888888888888,3.0,7.8,0.125,0.0
49,CrossEntropyLoss,OCDF,0.13,0.855,5.85,4.85,1.2758620689655173,3.0,7.696153846153846,0.185,0.0
49,CrossEntropyLoss,OCDF,0.15000000000000002,0.835,5.515,4.515,1.303030303030303,3.0,7.381666666666666,0.215,0.0
49,CrossEntropyLoss,OCDF,0.18000000000000005,0.825,5.37,4.37,1.2857142857142858,3.0,6.87,0.225,0.0
49,CrossEntropyLoss,OCDF,0.19999999999999996,0.795,5.055,4.055,1.2926829268292683,3.0,6.705,0.265,0.0
49,CrossEntropyLoss,APS,0.010000000000000009,0.98,8.325,7.695,1.0,1.0,9.694999999999999,0.02,0.37
49,CrossEntropyLoss,APS,0.020000000000000018,0.98,7.9,7.385,1.0,1.0,8.384999999999998,0.02,0.45999999999999996
49,CrossEntropyLoss,APS,0.030000000000000027,0.98,7.78,7.285,1.0,1.0,7.951666666666666,0.02,0.47
49,CrossEntropyLoss,APS,0.050000000000000044,0.94,6.285,5.605,1.0,1.0,7.405,0.06,0.255
49,CrossEntropyLoss,APS,0.07999999999999996,0.93,5.98,5.24,1.0,1.0,6.74,0.07,0.20499999999999996
49,CrossEntropyLoss,APS,0.09999999999999998,0.925,5.89,5.155,1.1333333333333333,2.0,6.655,0.085,0.21499999999999997
49,CrossEntropyLoss,APS,0.13,0.91,5.685,4.9,1.1111111111111112,2.0,6.284615384615385,0.1,0.18999999999999995
49,CrossEntropyLoss,APS,0.15000000000000002,0.88,5.32,4.465,1.125,2.0,6.131666666666666,0.135,0.14
49,CrossEntropyLoss,APS,0.18000000000000005,0.82,4.835,3.9,1.1944444444444444,2.0,6.177777777777777,0.215,0.06499999999999995
49,CrossEntropyLoss,APS,0.19999999999999996,0.815,4.725,3.795,1.2162162162162162,2.0,5.995,0.225,0.06999999999999995
49,CrossEntropyLoss,LAC,0.010000000000000009,0.985,8.65,7.815,1.0,1.0,7.815,0.015,0.14
49,CrossEntropyLoss,LAC,0.020000000000000018,0.985,8.475,7.705,1.0,1.0,7.705,0.015,0.20499999999999996
49,CrossEntropyLoss,LAC,0.030000000000000027,0.975,7.745,6.955,1.0,1.0,8.288333333333332,0.025,0.20999999999999996
49,CrossEntropyLoss,LAC,0.050000000000000044,0.97,6.865,6.14,1.0,1.0,7.14,0.03,0.22999999999999998
49,CrossEntropyLoss,LAC,0.07999999999999996,0.945,6.585,5.83,1.0909090909090908,2.0,7.205,0.06,0.21499999999999997
49,CrossEntropyLoss,LAC,0.09999999999999998,0.93,6.01,5.115,1.0714285714285714,2.0,6.515,0.075,0.10499999999999998
49,CrossEntropyLoss,LAC,0.13,0.895,5.425,4.465,1.1904761904761905,2.0,6.311153846153847,0.125,0.040000000000000036
49,CrossEntropyLoss,LAC,0.15000000000000002,0.875,5.205,4.245,1.28,2.0,6.378333333333333,0.16,0.040000000000000036
49,CrossEntropyLoss,LAC,0.18000000000000005,0.84,4.845,3.88,1.28125,2.0,6.1577777777777785,0.205,0.03500000000000003
49,CrossEntropyLoss,LAC,0.19999999999999996,0.79,4.485,3.54,1.3095238095238095,2.0,6.24,0.275,0.05500000000000005
