iteration,loss,score,ALPHA,COV,PS,MW,MAMM,WAMM,AISL,MASE,CV%
0,COPOC,min-CPS,0.010000000000000009,1.0,4.72,3.72,,0.0,3.72,0.0,0.0
0,COPOC,min-CPS,0.020000000000000018,1.0,3.78,2.78,,0.0,2.78,0.0,0.0
0,COPOC,min-CPS,0.030000000000000027,0.99,3.17,2.17,1.0,1.0,2.8366666666666664,0.01,0.0
0,COPOC,min-CPS,0.050000000000000044,0.97,2.94,1.94,1.0,1.0,3.139999999999999,0.03,0.0
0,COPOC,min-CPS,0.07999999999999996,0.95,2.68,1.68,1.0,1.0,2.930000000000001,0.05,0.0
0,COPOC,min-CPS,0.09999999999999998,0.94,2.45,1.45,1.0,1.0,2.65,0.06,0.0
0,COPOC,min-CPS,0.13,0.92,2.3,1.3,1.0,1.0,2.530769230769231,0.08,0.0
0,COPOC,min-CPS,0.15000000000000002,0.92,2.24,1.24,1.0,1.0,2.3066666666666666,0.08,0.0
0,COPOC,min-CPS,0.18000000000000005,0.89,2.12,1.12,1.0,1.0,2.3422222222222215,0.11,0.0
0,COPOC,min-CPS,0.19999999999999996,0.85,1.95,0.95,1.0,1.0,2.45,0.15,0.0
0,COPOC,RPS,0.010000000000000009,1.0,4.3,3.3,,0.0,3.3,0.0,0.0
0,COPOC,RPS,0.020000000000000018,0.99,3.76,2.76,1.0,1.0,3.759999999999999,0.01,0.0
0,COPOC,RPS,0.030000000000000027,0.99,3.66,2.66,1.0,1.0,3.326666666666666,0.01,0.0
0,COPOC,RPS,0.050000000000000044,0.96,2.94,1.94,1.0,1.0,3.5399999999999987,0.04,0.0
0,COPOC,RPS,0.07999999999999996,0.95,2.76,1.76,1.0,1.0,3.010000000000001,0.05,0.0
0,COPOC,RPS,0.09999999999999998,0.95,2.6,1.6,1.0,1.0,2.6,0.05,0.0
0,COPOC,RPS,0.13,0.9,2.14,1.14,1.1,2.0,2.832307692307692,0.11,0.0
0,COPOC,RPS,0.15000000000000002,0.89,2.09,1.09,1.0909090909090908,2.0,2.69,0.12,0.0
0,COPOC,RPS,0.18000000000000005,0.87,1.95,0.95,1.1538461538461537,2.0,2.6166666666666663,0.15,0.0
0,COPOC,RPS,0.19999999999999996,0.81,1.71,0.71,1.105263157894737,2.0,2.8100000000000005,0.21,0.0
0,COPOC,OCDF,0.010000000000000009,0.99,5.7,4.7,1.0,1.0,6.6999999999999975,0.01,0.0
0,COPOC,OCDF,0.020000000000000018,0.97,5.46,4.46,1.0,1.0,7.459999999999997,0.03,0.0
0,COPOC,OCDF,0.030000000000000027,0.95,5.29,4.29,1.0,1.0,7.62333333333333,0.05,0.0
0,COPOC,OCDF,0.050000000000000044,0.95,5.24,4.24,1.0,1.0,6.239999999999998,0.05,0.0
0,COPOC,OCDF,0.07999999999999996,0.94,4.91,3.91,1.0,1.0,5.410000000000001,0.06,0.0
0,COPOC,OCDF,0.09999999999999998,0.92,4.85,3.85,1.0,1.0,5.45,0.08,0.0
0,COPOC,OCDF,0.13,0.92,4.8,3.8,1.125,2.0,5.184615384615385,0.09,0.0
0,COPOC,OCDF,0.15000000000000002,0.88,4.54,3.54,1.0833333333333333,2.0,5.2733333333333325,0.13,0.0
0,COPOC,OCDF,0.18000000000000005,0.88,4.43,3.43,1.1666666666666667,2.0,4.985555555555555,0.14,0.0
0,COPOC,OCDF,0.19999999999999996,0.86,4.35,3.35,1.1428571428571428,2.0,4.95,0.16,0.0
0,COPOC,APS,0.010000000000000009,1.0,4.51,3.51,,0.0,3.51,0.0,0.0
0,COPOC,APS,0.020000000000000018,1.0,3.94,2.94,,0.0,2.94,0.0,0.0
0,COPOC,APS,0.030000000000000027,0.99,2.99,1.99,1.0,1.0,2.6566666666666663,0.01,0.0
0,COPOC,APS,0.050000000000000044,0.98,2.91,1.91,1.0,1.0,2.7099999999999995,0.02,0.0
0,COPOC,APS,0.07999999999999996,0.93,2.67,1.67,1.0,1.0,3.4200000000000013,0.07,0.0
0,COPOC,APS,0.09999999999999998,0.93,2.57,1.57,1.0,1.0,2.97,0.07,0.0
0,COPOC,APS,0.13,0.92,2.35,1.35,1.0,1.0,2.580769230769231,0.08,0.0
0,COPOC,APS,0.15000000000000002,0.92,2.32,1.32,1.0,1.0,2.3866666666666667,0.08,0.0
0,COPOC,APS,0.18000000000000005,0.92,2.25,1.25,1.0,1.0,2.1388888888888884,0.08,0.0
0,COPOC,APS,0.19999999999999996,0.91,2.17,1.17,1.0,1.0,2.07,0.09,0.0
0,COPOC,LAC,0.010000000000000009,1.0,4.76,3.76,,0.0,3.76,0.0,0.0
0,COPOC,LAC,0.020000000000000018,1.0,3.73,2.73,,0.0,2.73,0.0,0.0
0,COPOC,LAC,0.030000000000000027,0.98,3.05,2.05,1.0,1.0,3.3833333333333324,0.02,0.0
0,COPOC,LAC,0.050000000000000044,0.97,2.97,1.97,1.0,1.0,3.169999999999999,0.03,0.0
0,COPOC,LAC,0.07999999999999996,0.96,2.62,1.62,1.0,1.0,2.6200000000000006,0.04,0.0
0,COPOC,LAC,0.09999999999999998,0.94,2.39,1.39,1.0,1.0,2.59,0.06,0.0
0,COPOC,LAC,0.13,0.94,2.38,1.38,1.0,1.0,2.3030769230769232,0.06,0.0
0,COPOC,LAC,0.15000000000000002,0.93,2.23,1.23,1.0,1.0,2.163333333333333,0.07,0.0
0,COPOC,LAC,0.18000000000000005,0.89,2.07,1.07,1.0,1.0,2.2922222222222217,0.11,0.0
0,COPOC,LAC,0.19999999999999996,0.86,1.82,0.82,1.0714285714285714,2.0,2.32,0.15,0.0
1,COPOC,min-CPS,0.010000000000000009,0.99,3.73,2.73,1.0,1.0,4.729999999999999,0.01,0.0
1,COPOC,min-CPS,0.020000000000000018,0.99,3.2,2.2,1.0,1.0,3.199999999999999,0.01,0.0
1,COPOC,min-CPS,0.030000000000000027,0.97,3.14,2.14,1.3333333333333333,2.0,4.806666666666665,0.04,0.0
1,COPOC,min-CPS,0.050000000000000044,0.96,2.85,1.85,1.25,2.0,3.8499999999999988,0.05,0.0
1,COPOC,min-CPS,0.07999999999999996,0.96,2.66,1.66,1.25,2.0,2.9100000000000006,0.05,0.0
1,COPOC,min-CPS,0.09999999999999998,0.97,2.5,1.5,1.3333333333333333,2.0,2.3,0.04,0.0
1,COPOC,min-CPS,0.13,0.94,2.28,1.28,1.1666666666666667,2.0,2.356923076923077,0.07,0.0
1,COPOC,min-CPS,0.15000000000000002,0.93,2.25,1.25,1.1428571428571428,2.0,2.3166666666666664,0.08,0.0
1,COPOC,min-CPS,0.18000000000000005,0.89,2.11,1.11,1.0909090909090908,2.0,2.4433333333333334,0.12,0.0
1,COPOC,min-CPS,0.19999999999999996,0.89,2.01,1.01,1.0909090909090908,2.0,2.21,0.12,0.0
1,COPOC,RPS,0.010000000000000009,0.98,3.71,2.71,1.0,1.0,6.709999999999996,0.02,0.0
1,COPOC,RPS,0.020000000000000018,0.98,3.64,2.64,1.0,1.0,4.639999999999998,0.02,0.0
1,COPOC,RPS,0.030000000000000027,0.98,3.46,2.46,1.0,1.0,3.7933333333333326,0.02,0.0
1,COPOC,RPS,0.050000000000000044,0.98,3.25,2.25,1.0,1.0,3.0499999999999994,0.02,0.0
1,COPOC,RPS,0.07999999999999996,0.97,2.82,1.82,1.3333333333333333,2.0,2.8200000000000007,0.04,0.0
1,COPOC,RPS,0.09999999999999998,0.94,2.58,1.58,1.1666666666666667,2.0,2.98,0.07,0.0
1,COPOC,RPS,0.13,0.92,2.22,1.22,1.25,2.0,2.758461538461538,0.1,0.0
1,COPOC,RPS,0.15000000000000002,0.91,2.14,1.14,1.2222222222222223,2.0,2.6066666666666665,0.11,0.0
1,COPOC,RPS,0.18000000000000005,0.89,2.0,1.0,1.1818181818181819,2.0,2.444444444444444,0.13,0.0
1,COPOC,RPS,0.19999999999999996,0.89,1.98,0.98,1.1818181818181819,2.0,2.28,0.13,0.0
1,COPOC,OCDF,0.010000000000000009,0.99,5.69,4.69,1.0,1.0,6.689999999999998,0.01,0.0
1,COPOC,OCDF,0.020000000000000018,0.99,5.6,4.6,1.0,1.0,5.599999999999999,0.01,0.0
1,COPOC,OCDF,0.030000000000000027,0.99,5.42,4.42,1.0,1.0,5.086666666666666,0.01,0.0
1,COPOC,OCDF,0.050000000000000044,0.97,5.23,4.23,1.0,1.0,5.429999999999999,0.03,0.0
1,COPOC,OCDF,0.07999999999999996,0.96,4.97,3.97,1.0,1.0,4.970000000000001,0.04,0.0
1,COPOC,OCDF,0.09999999999999998,0.93,4.77,3.77,1.0,1.0,5.17,0.07,0.0
1,COPOC,OCDF,0.13,0.91,4.65,3.65,1.1111111111111112,2.0,5.188461538461538,0.1,0.0
1,COPOC,OCDF,0.15000000000000002,0.9,4.57,3.57,1.1,2.0,5.036666666666666,0.11,0.0
1,COPOC,OCDF,0.18000000000000005,0.85,4.29,3.29,1.0666666666666667,2.0,5.067777777777777,0.16,0.0
1,COPOC,OCDF,0.19999999999999996,0.85,4.28,3.28,1.0666666666666667,2.0,4.88,0.16,0.0
1,COPOC,APS,0.010000000000000009,0.99,4.01,3.01,1.0,1.0,5.009999999999998,0.01,0.0
1,COPOC,APS,0.020000000000000018,0.99,3.35,2.35,1.0,1.0,3.3499999999999988,0.01,0.0
1,COPOC,APS,0.030000000000000027,0.97,3.17,2.17,1.0,1.0,4.169999999999998,0.03,0.0
1,COPOC,APS,0.050000000000000044,0.97,3.05,2.05,1.3333333333333333,2.0,3.649999999999999,0.04,0.0
1,COPOC,APS,0.07999999999999996,0.97,2.93,1.93,1.3333333333333333,2.0,2.9300000000000006,0.04,0.0
1,COPOC,APS,0.09999999999999998,0.96,2.7,1.7,1.25,2.0,2.7,0.05,0.0
1,COPOC,APS,0.13,0.96,2.63,1.63,1.25,2.0,2.3992307692307695,0.05,0.0
1,COPOC,APS,0.15000000000000002,0.92,2.44,1.44,1.125,2.0,2.64,0.09,0.0
1,COPOC,APS,0.18000000000000005,0.92,2.38,1.38,1.125,2.0,2.38,0.09,0.0
1,COPOC,APS,0.19999999999999996,0.92,2.33,1.33,1.125,2.0,2.23,0.09,0.0
1,COPOC,LAC,0.010000000000000009,0.99,3.66,2.66,1.0,1.0,4.659999999999998,0.01,0.0
1,COPOC,LAC,0.020000000000000018,0.99,3.2,2.2,1.0,1.0,3.199999999999999,0.01,0.0
1,COPOC,LAC,0.030000000000000027,0.97,2.98,1.98,1.3333333333333333,2.0,4.646666666666665,0.04,0.0
1,COPOC,LAC,0.050000000000000044,0.96,2.8,1.8,1.25,2.0,3.7999999999999985,0.05,0.0
1,COPOC,LAC,0.07999999999999996,0.96,2.56,1.56,1.25,2.0,2.8100000000000005,0.05,0.0
1,COPOC,LAC,0.09999999999999998,0.96,2.4,1.4,1.25,2.0,2.4,0.05,0.0
1,COPOC,LAC,0.13,0.95,2.33,1.33,1.2,2.0,2.2530769230769234,0.06,0.0
1,COPOC,LAC,0.15000000000000002,0.93,2.21,1.21,1.1428571428571428,2.0,2.2766666666666664,0.08,0.0
1,COPOC,LAC,0.18000000000000005,0.92,2.12,1.12,1.125,2.0,2.12,0.09,0.0
1,COPOC,LAC,0.19999999999999996,0.9,2.05,1.05,1.1,2.0,2.15,0.11,0.0
2,COPOC,min-CPS,0.010000000000000009,1.0,4.77,3.77,,0.0,3.77,0.0,0.0
2,COPOC,min-CPS,0.020000000000000018,0.99,3.19,2.19,1.0,1.0,3.189999999999999,0.01,0.0
2,COPOC,min-CPS,0.030000000000000027,0.99,3.17,2.17,1.0,1.0,2.8366666666666664,0.01,0.0
2,COPOC,min-CPS,0.050000000000000044,0.99,3.1,2.1,1.0,1.0,2.4999999999999996,0.01,0.0
2,COPOC,min-CPS,0.07999999999999996,0.93,2.51,1.51,1.0,1.0,3.260000000000001,0.07,0.0
2,COPOC,min-CPS,0.09999999999999998,0.91,2.31,1.31,1.0,1.0,3.11,0.09,0.0
2,COPOC,min-CPS,0.13,0.9,2.2,1.2,1.1,2.0,2.8923076923076922,0.11,0.0
2,COPOC,min-CPS,0.15000000000000002,0.9,2.15,1.15,1.1,2.0,2.6166666666666663,0.11,0.0
2,COPOC,min-CPS,0.18000000000000005,0.87,1.98,0.98,1.1538461538461537,2.0,2.6466666666666665,0.15,0.0
2,COPOC,min-CPS,0.19999999999999996,0.84,1.89,0.89,1.125,2.0,2.69,0.18,0.0
2,COPOC,RPS,0.010000000000000009,1.0,4.27,3.27,,0.0,3.27,0.0,0.0
2,COPOC,RPS,0.020000000000000018,1.0,3.89,2.89,,0.0,2.89,0.0,0.0
2,COPOC,RPS,0.030000000000000027,0.98,3.44,2.44,1.0,1.0,3.7733333333333325,0.02,0.0
2,COPOC,RPS,0.050000000000000044,0.92,2.78,1.78,1.0,1.0,4.979999999999997,0.08,0.0
2,COPOC,RPS,0.07999999999999996,0.92,2.61,1.61,1.0,1.0,3.610000000000001,0.08,0.0
2,COPOC,RPS,0.09999999999999998,0.9,2.27,1.27,1.0,1.0,3.27,0.1,0.0
2,COPOC,RPS,0.13,0.89,2.17,1.17,1.0,1.0,2.8623076923076916,0.11,0.0
2,COPOC,RPS,0.15000000000000002,0.88,2.08,1.08,1.0,1.0,2.68,0.12,0.0
2,COPOC,RPS,0.18000000000000005,0.83,1.8,0.8,1.1764705882352942,2.0,3.0222222222222217,0.2,0.0
2,COPOC,RPS,0.19999999999999996,0.83,1.74,0.74,1.1764705882352942,2.0,2.7400000000000007,0.2,0.0
2,COPOC,OCDF,0.010000000000000009,0.98,5.54,4.54,1.0,1.0,8.539999999999997,0.02,0.0
2,COPOC,OCDF,0.020000000000000018,0.98,5.4,4.4,1.0,1.0,6.399999999999998,0.02,0.0
2,COPOC,OCDF,0.030000000000000027,0.97,5.38,4.38,1.0,1.0,6.379999999999999,0.03,0.0
2,COPOC,OCDF,0.050000000000000044,0.97,5.15,4.15,1.0,1.0,5.349999999999999,0.03,0.0
2,COPOC,OCDF,0.07999999999999996,0.91,4.69,3.69,1.1111111111111112,2.0,6.190000000000002,0.1,0.0
2,COPOC,OCDF,0.09999999999999998,0.87,4.51,3.51,1.0769230769230769,2.0,6.31,0.14,0.0
2,COPOC,OCDF,0.13,0.85,4.34,3.34,1.1333333333333333,2.0,5.955384615384614,0.17,0.0
2,COPOC,OCDF,0.15000000000000002,0.81,4.18,3.18,1.1578947368421053,2.0,6.113333333333332,0.22,0.0
2,COPOC,OCDF,0.18000000000000005,0.8,3.99,2.99,1.15,2.0,5.545555555555555,0.23,0.0
2,COPOC,OCDF,0.19999999999999996,0.78,3.88,2.88,1.1363636363636365,2.0,5.38,0.25,0.0
2,COPOC,APS,0.010000000000000009,1.0,4.63,3.63,,0.0,3.63,0.0,0.0
2,COPOC,APS,0.020000000000000018,0.96,3.02,2.02,1.0,1.0,6.019999999999997,0.04,0.0
2,COPOC,APS,0.030000000000000027,0.96,2.88,1.88,1.0,1.0,4.546666666666664,0.04,0.0
2,COPOC,APS,0.050000000000000044,0.94,2.73,1.73,1.0,1.0,4.129999999999998,0.06,0.0
2,COPOC,APS,0.07999999999999996,0.92,2.58,1.58,1.0,1.0,3.580000000000001,0.08,0.0
2,COPOC,APS,0.09999999999999998,0.88,2.41,1.41,1.0,1.0,3.81,0.12,0.0
2,COPOC,APS,0.13,0.83,2.07,1.08,1.2352941176470589,5.0,3.5415384615384613,0.21,0.0
2,COPOC,APS,0.15000000000000002,0.83,2.06,1.07,1.2352941176470589,5.0,3.203333333333333,0.21,0.0
2,COPOC,APS,0.18000000000000005,0.82,1.95,0.96,1.2777777777777777,5.0,2.9599999999999995,0.23,0.0
2,COPOC,APS,0.19999999999999996,0.79,1.81,0.82,1.2380952380952381,5.0,2.92,0.26,0.0
2,COPOC,LAC,0.010000000000000009,1.0,4.81,3.81,,0.0,3.81,0.0,0.0
2,COPOC,LAC,0.020000000000000018,0.99,3.17,2.17,1.0,1.0,3.169999999999999,0.01,0.0
2,COPOC,LAC,0.030000000000000027,0.99,3.11,2.11,1.0,1.0,2.7766666666666664,0.01,0.0
2,COPOC,LAC,0.050000000000000044,0.99,2.98,1.98,1.0,1.0,2.38,0.01,0.0
2,COPOC,LAC,0.07999999999999996,0.93,2.43,1.43,1.0,1.0,3.180000000000001,0.07,0.0
2,COPOC,LAC,0.09999999999999998,0.91,2.33,1.33,1.0,1.0,3.13,0.09,0.0
2,COPOC,LAC,0.13,0.91,2.24,1.24,1.0,1.0,2.6246153846153844,0.09,0.0
2,COPOC,LAC,0.15000000000000002,0.88,2.09,1.09,1.0833333333333333,2.0,2.8233333333333333,0.13,0.0
2,COPOC,LAC,0.18000000000000005,0.86,1.95,0.95,1.1428571428571428,2.0,2.727777777777777,0.16,0.0
2,COPOC,LAC,0.19999999999999996,0.84,1.76,0.76,1.1875,2.0,2.66,0.19,0.0
3,COPOC,min-CPS,0.010000000000000009,0.97,3.18,2.18,1.0,1.0,8.179999999999996,0.03,0.0
3,COPOC,min-CPS,0.020000000000000018,0.96,3.03,2.03,1.25,2.0,7.029999999999996,0.05,0.0
3,COPOC,min-CPS,0.030000000000000027,0.94,2.88,1.88,1.1666666666666667,2.0,6.546666666666663,0.07,0.0
3,COPOC,min-CPS,0.050000000000000044,0.92,2.68,1.68,1.125,2.0,5.279999999999997,0.09,0.0
3,COPOC,min-CPS,0.07999999999999996,0.91,2.42,1.42,1.1111111111111112,2.0,3.9200000000000013,0.1,0.0
3,COPOC,min-CPS,0.09999999999999998,0.86,2.19,1.19,1.1428571428571428,2.0,4.39,0.16,0.0
3,COPOC,min-CPS,0.13,0.84,2.09,1.09,1.1875,2.0,4.013076923076923,0.19,0.0
3,COPOC,min-CPS,0.15000000000000002,0.84,2.0,1.0,1.1875,2.0,3.533333333333333,0.19,0.0
3,COPOC,min-CPS,0.18000000000000005,0.81,1.89,0.89,1.1578947368421053,2.0,3.334444444444444,0.22,0.0
3,COPOC,min-CPS,0.19999999999999996,0.81,1.88,0.88,1.1578947368421053,2.0,3.08,0.22,0.0
3,COPOC,RPS,0.010000000000000009,0.92,2.94,1.94,1.0,1.0,17.939999999999984,0.08,0.0
3,COPOC,RPS,0.020000000000000018,0.9,2.78,1.78,1.1,2.0,12.77999999999999,0.11,0.0
3,COPOC,RPS,0.030000000000000027,0.89,2.69,1.69,1.0909090909090908,2.0,9.689999999999994,0.12,0.0
3,COPOC,RPS,0.050000000000000044,0.87,2.31,1.31,1.1538461538461537,2.0,7.309999999999995,0.15,0.0
3,COPOC,RPS,0.07999999999999996,0.86,2.19,1.19,1.1428571428571428,2.0,5.190000000000002,0.16,0.0
3,COPOC,RPS,0.09999999999999998,0.85,2.09,1.09,1.1333333333333333,2.0,4.49,0.17,0.0
3,COPOC,RPS,0.13,0.82,1.94,0.94,1.2222222222222223,2.0,4.324615384615384,0.22,0.0
3,COPOC,RPS,0.15000000000000002,0.82,1.84,0.84,1.2777777777777777,2.0,3.9066666666666667,0.23,0.0
3,COPOC,RPS,0.18000000000000005,0.82,1.8,0.8,1.2777777777777777,2.0,3.3555555555555556,0.23,0.0
3,COPOC,RPS,0.19999999999999996,0.8,1.72,0.72,1.25,2.0,3.22,0.25,0.0
3,COPOC,OCDF,0.010000000000000009,1.0,5.75,4.75,,0.0,4.75,0.0,0.0
3,COPOC,OCDF,0.020000000000000018,0.99,5.64,4.64,1.0,1.0,5.639999999999999,0.01,0.0
3,COPOC,OCDF,0.030000000000000027,0.99,5.52,4.52,1.0,1.0,5.1866666666666665,0.01,0.0
3,COPOC,OCDF,0.050000000000000044,0.94,5.06,4.06,1.1666666666666667,2.0,6.859999999999997,0.07,0.0
3,COPOC,OCDF,0.07999999999999996,0.93,4.85,3.85,1.1428571428571428,2.0,5.850000000000001,0.08,0.0
3,COPOC,OCDF,0.09999999999999998,0.91,4.77,3.77,1.2222222222222223,2.0,5.97,0.11,0.0
3,COPOC,OCDF,0.13,0.9,4.67,3.67,1.2,2.0,5.516153846153847,0.12,0.0
3,COPOC,OCDF,0.15000000000000002,0.9,4.62,3.62,1.2,2.0,5.22,0.12,0.0
3,COPOC,OCDF,0.18000000000000005,0.89,4.44,3.44,1.3636363636363635,2.0,5.1066666666666665,0.15,0.0
3,COPOC,OCDF,0.19999999999999996,0.88,4.38,3.38,1.3333333333333333,2.0,4.98,0.16,0.0
3,COPOC,APS,0.010000000000000009,0.98,3.4,2.4,1.5,2.0,8.399999999999995,0.03,0.0
3,COPOC,APS,0.020000000000000018,0.98,3.23,2.23,1.5,2.0,5.229999999999998,0.03,0.0
3,COPOC,APS,0.030000000000000027,0.98,3.23,2.23,1.5,2.0,4.229999999999999,0.03,0.0
3,COPOC,APS,0.050000000000000044,0.96,2.83,1.83,1.25,2.0,3.8299999999999983,0.05,0.0
3,COPOC,APS,0.07999999999999996,0.92,2.65,1.65,1.125,2.0,3.9000000000000012,0.09,0.0
3,COPOC,APS,0.09999999999999998,0.91,2.49,1.49,1.1111111111111112,2.0,3.49,0.1,0.0
3,COPOC,APS,0.13,0.89,2.29,1.29,1.0909090909090908,2.0,3.1361538461538454,0.12,0.0
3,COPOC,APS,0.15000000000000002,0.89,2.24,1.24,1.0909090909090908,2.0,2.8399999999999994,0.12,0.0
3,COPOC,APS,0.18000000000000005,0.87,2.13,1.13,1.1538461538461537,2.0,2.7966666666666664,0.15,0.0
3,COPOC,APS,0.19999999999999996,0.82,1.95,0.95,1.1111111111111112,2.0,2.95,0.2,0.0
3,COPOC,LAC,0.010000000000000009,0.96,3.07,2.07,1.0,1.0,10.069999999999993,0.04,0.0
3,COPOC,LAC,0.020000000000000018,0.95,3.01,2.01,1.2,2.0,8.009999999999994,0.06,0.0
3,COPOC,LAC,0.030000000000000027,0.94,2.84,1.84,1.1666666666666667,2.0,6.506666666666663,0.07,0.0
3,COPOC,LAC,0.050000000000000044,0.93,2.63,1.63,1.1428571428571428,2.0,4.829999999999997,0.08,0.0
3,COPOC,LAC,0.07999999999999996,0.91,2.35,1.35,1.1111111111111112,2.0,3.850000000000001,0.1,0.0
3,COPOC,LAC,0.09999999999999998,0.89,2.32,1.32,1.0909090909090908,2.0,3.72,0.12,0.0
3,COPOC,LAC,0.13,0.85,2.09,1.09,1.1333333333333333,2.0,3.705384615384615,0.17,0.0
3,COPOC,LAC,0.15000000000000002,0.83,1.95,0.95,1.1764705882352942,2.0,3.6166666666666667,0.2,0.0
3,COPOC,LAC,0.18000000000000005,0.82,1.83,0.83,1.2222222222222223,2.0,3.274444444444444,0.22,0.0
3,COPOC,LAC,0.19999999999999996,0.81,1.77,0.77,1.263157894736842,2.0,3.17,0.24,0.0
4,COPOC,min-CPS,0.010000000000000009,1.0,4.77,3.77,,0.0,3.77,0.0,0.0
4,COPOC,min-CPS,0.020000000000000018,0.99,3.28,2.28,1.0,1.0,3.279999999999999,0.01,0.0
4,COPOC,min-CPS,0.030000000000000027,0.99,3.23,2.23,1.0,1.0,2.8966666666666665,0.01,0.0
4,COPOC,min-CPS,0.050000000000000044,0.96,2.88,1.88,1.0,1.0,3.479999999999998,0.04,0.0
4,COPOC,min-CPS,0.07999999999999996,0.95,2.68,1.68,1.0,1.0,2.9300000000000006,0.05,0.0
4,COPOC,min-CPS,0.09999999999999998,0.96,2.57,1.57,1.0,1.0,2.37,0.04,0.0
4,COPOC,min-CPS,0.13,0.95,2.33,1.33,1.0,1.0,2.0992307692307692,0.05,0.0
4,COPOC,min-CPS,0.15000000000000002,0.86,2.06,1.06,1.1428571428571428,2.0,3.1933333333333334,0.16,0.0
4,COPOC,min-CPS,0.18000000000000005,0.83,1.93,0.93,1.1176470588235294,2.0,3.041111111111111,0.19,0.0
4,COPOC,min-CPS,0.19999999999999996,0.79,1.86,0.86,1.0952380952380953,2.0,3.16,0.23,0.0
4,COPOC,RPS,0.010000000000000009,1.0,4.29,3.29,,0.0,3.29,0.0,0.0
4,COPOC,RPS,0.020000000000000018,0.97,3.47,2.47,1.0,1.0,5.469999999999998,0.03,0.0
4,COPOC,RPS,0.030000000000000027,0.96,3.27,2.27,1.0,1.0,4.936666666666665,0.04,0.0
4,COPOC,RPS,0.050000000000000044,0.94,2.84,1.84,1.0,1.0,4.2399999999999975,0.06,0.0
4,COPOC,RPS,0.07999999999999996,0.93,2.55,1.55,1.0,1.0,3.300000000000001,0.07,0.0
4,COPOC,RPS,0.09999999999999998,0.89,2.16,1.16,1.0909090909090908,2.0,3.56,0.12,0.0
4,COPOC,RPS,0.13,0.88,2.07,1.07,1.0833333333333333,2.0,3.0699999999999994,0.13,0.0
4,COPOC,RPS,0.15000000000000002,0.86,1.98,0.98,1.2142857142857142,2.0,3.246666666666666,0.17,0.0
4,COPOC,RPS,0.18000000000000005,0.83,1.87,0.87,1.2352941176470589,2.0,3.203333333333333,0.21,0.0
4,COPOC,RPS,0.19999999999999996,0.81,1.77,0.77,1.2105263157894737,2.0,3.07,0.23,0.0
4,COPOC,OCDF,0.010000000000000009,1.0,5.74,4.74,,0.0,4.74,0.0,0.0
4,COPOC,OCDF,0.020000000000000018,0.98,5.42,4.42,1.0,1.0,6.419999999999998,0.02,0.0
4,COPOC,OCDF,0.030000000000000027,0.98,5.42,4.42,1.0,1.0,5.753333333333333,0.02,0.0
4,COPOC,OCDF,0.050000000000000044,0.94,4.99,3.99,1.1666666666666667,2.0,6.789999999999997,0.07,0.0
4,COPOC,OCDF,0.07999999999999996,0.89,4.68,3.68,1.1818181818181819,2.0,6.930000000000002,0.13,0.0
4,COPOC,OCDF,0.09999999999999998,0.85,4.52,3.52,1.1333333333333333,2.0,6.92,0.17,0.0
4,COPOC,OCDF,0.13,0.8,4.23,3.23,1.2,2.0,6.922307692307692,0.24,0.0
4,COPOC,OCDF,0.15000000000000002,0.77,3.98,2.98,1.173913043478261,2.0,6.579999999999999,0.27,0.0
4,COPOC,OCDF,0.18000000000000005,0.76,3.87,2.87,1.1666666666666667,2.0,5.981111111111111,0.28,0.0
4,COPOC,OCDF,0.19999999999999996,0.73,3.77,2.77,1.2222222222222223,3.0,6.07,0.33,0.0
4,COPOC,APS,0.010000000000000009,1.0,4.62,3.62,,0.0,3.62,0.0,0.0
4,COPOC,APS,0.020000000000000018,0.99,3.66,2.66,1.0,1.0,3.659999999999999,0.01,0.0
4,COPOC,APS,0.030000000000000027,0.99,3.59,2.59,1.0,1.0,3.2566666666666664,0.01,0.0
4,COPOC,APS,0.050000000000000044,0.96,3.03,2.03,1.0,1.0,3.629999999999999,0.04,0.0
4,COPOC,APS,0.07999999999999996,0.94,2.6,1.6,1.0,1.0,3.100000000000001,0.06,0.0
4,COPOC,APS,0.09999999999999998,0.94,2.52,1.52,1.1666666666666667,2.0,2.92,0.07,0.0
4,COPOC,APS,0.13,0.92,2.32,1.32,1.125,2.0,2.7046153846153844,0.09,0.0
4,COPOC,APS,0.15000000000000002,0.88,2.11,1.11,1.0833333333333333,2.0,2.8433333333333333,0.13,0.0
4,COPOC,APS,0.18000000000000005,0.83,1.93,0.93,1.1764705882352942,2.0,3.1522222222222216,0.2,0.0
4,COPOC,APS,0.19999999999999996,0.77,1.79,0.82,1.6521739130434783,5.0,3.42,0.38,0.0
4,COPOC,LAC,0.010000000000000009,1.0,4.85,3.85,,0.0,3.85,0.0,0.0
4,COPOC,LAC,0.020000000000000018,0.99,3.21,2.21,1.0,1.0,3.209999999999999,0.01,0.0
4,COPOC,LAC,0.030000000000000027,0.98,3.07,2.07,1.0,1.0,3.4033333333333324,0.02,0.0
4,COPOC,LAC,0.050000000000000044,0.96,2.83,1.83,1.0,1.0,3.4299999999999984,0.04,0.0
4,COPOC,LAC,0.07999999999999996,0.95,2.6,1.6,1.0,1.0,2.8500000000000005,0.05,0.0
4,COPOC,LAC,0.09999999999999998,0.95,2.47,1.47,1.0,1.0,2.47,0.05,0.0
4,COPOC,LAC,0.13,0.93,2.26,1.26,1.0,1.0,2.336923076923077,0.07,0.0
4,COPOC,LAC,0.15000000000000002,0.92,2.18,1.18,1.0,1.0,2.2466666666666666,0.08,0.0
4,COPOC,LAC,0.18000000000000005,0.81,1.82,0.82,1.1578947368421053,2.0,3.264444444444444,0.22,0.0
4,COPOC,LAC,0.19999999999999996,0.79,1.76,0.76,1.1904761904761905,2.0,3.26,0.25,0.0
5,COPOC,min-CPS,0.010000000000000009,0.99,3.71,2.71,1.0,1.0,4.709999999999998,0.01,0.0
5,COPOC,min-CPS,0.020000000000000018,0.97,3.07,2.07,1.3333333333333333,2.0,6.069999999999997,0.04,0.0
5,COPOC,min-CPS,0.030000000000000027,0.97,3.07,2.07,1.3333333333333333,2.0,4.736666666666665,0.04,0.0
5,COPOC,min-CPS,0.050000000000000044,0.96,2.8,1.8,1.25,2.0,3.7999999999999985,0.05,0.0
5,COPOC,min-CPS,0.07999999999999996,0.95,2.48,1.48,1.2,2.0,2.9800000000000004,0.06,0.0
5,COPOC,min-CPS,0.09999999999999998,0.92,2.31,1.31,1.125,2.0,3.11,0.09,0.0
5,COPOC,min-CPS,0.13,0.88,2.05,1.05,1.0833333333333333,2.0,3.05,0.13,0.0
5,COPOC,min-CPS,0.15000000000000002,0.81,1.86,0.86,1.0526315789473684,2.0,3.5266666666666664,0.2,0.0
5,COPOC,min-CPS,0.18000000000000005,0.77,1.74,0.74,1.0434782608695652,2.0,3.406666666666666,0.24,0.0
5,COPOC,min-CPS,0.19999999999999996,0.77,1.7,0.7,1.0434782608695652,2.0,3.1,0.24,0.0
5,COPOC,RPS,0.010000000000000009,0.99,3.86,2.86,1.0,1.0,4.8599999999999985,0.01,0.0
5,COPOC,RPS,0.020000000000000018,0.99,3.64,2.64,1.0,1.0,3.639999999999999,0.01,0.0
5,COPOC,RPS,0.030000000000000027,0.99,3.55,2.55,1.0,1.0,3.2166666666666663,0.01,0.0
5,COPOC,RPS,0.050000000000000044,0.98,3.23,2.23,1.0,1.0,3.0299999999999994,0.02,0.0
5,COPOC,RPS,0.07999999999999996,0.97,2.88,1.88,1.3333333333333333,2.0,2.880000000000001,0.04,0.0
5,COPOC,RPS,0.09999999999999998,0.95,2.66,1.66,1.2,2.0,2.86,0.06,0.0
5,COPOC,RPS,0.13,0.89,2.09,1.09,1.0909090909090908,2.0,2.9361538461538457,0.12,0.0
5,COPOC,RPS,0.15000000000000002,0.86,1.9,0.9,1.0714285714285714,2.0,2.9,0.15,0.0
5,COPOC,RPS,0.18000000000000005,0.74,1.59,0.59,1.0384615384615385,2.0,3.5899999999999994,0.27,0.0
5,COPOC,RPS,0.19999999999999996,0.7,1.52,0.52,1.0666666666666667,2.0,3.72,0.32,0.0
5,COPOC,OCDF,0.010000000000000009,0.99,5.71,4.71,1.0,1.0,6.709999999999997,0.01,0.0
5,COPOC,OCDF,0.020000000000000018,0.98,5.48,4.48,1.0,1.0,6.479999999999998,0.02,0.0
5,COPOC,OCDF,0.030000000000000027,0.97,5.45,4.45,1.0,1.0,6.449999999999999,0.03,0.0
5,COPOC,OCDF,0.050000000000000044,0.92,4.75,3.75,1.0,1.0,6.9499999999999975,0.08,0.0
5,COPOC,OCDF,0.07999999999999996,0.88,4.48,3.48,1.0,1.0,6.480000000000002,0.12,0.0
5,COPOC,OCDF,0.09999999999999998,0.87,4.41,3.41,1.0,1.0,6.01,0.13,0.0
5,COPOC,OCDF,0.13,0.82,4.17,3.17,1.0,1.0,5.939230769230769,0.18,0.0
5,COPOC,OCDF,0.15000000000000002,0.77,3.88,2.88,1.0434782608695652,2.0,6.08,0.24,0.0
5,COPOC,OCDF,0.18000000000000005,0.77,3.86,2.86,1.0434782608695652,2.0,5.5266666666666655,0.24,0.0
5,COPOC,OCDF,0.19999999999999996,0.75,3.83,2.83,1.04,2.0,5.43,0.26,0.0
5,COPOC,APS,0.010000000000000009,0.99,4.01,3.01,1.0,1.0,5.009999999999998,0.01,0.0
5,COPOC,APS,0.020000000000000018,0.99,3.48,2.48,1.0,1.0,3.4799999999999986,0.01,0.0
5,COPOC,APS,0.030000000000000027,0.99,3.26,2.26,1.0,1.0,2.9266666666666663,0.01,0.0
5,COPOC,APS,0.050000000000000044,0.99,3.22,2.22,1.0,1.0,2.62,0.01,0.0
5,COPOC,APS,0.07999999999999996,0.96,2.9,1.9,1.25,2.0,3.1500000000000004,0.05,0.0
5,COPOC,APS,0.09999999999999998,0.93,2.58,1.58,1.1428571428571428,2.0,3.18,0.08,0.0
5,COPOC,APS,0.13,0.91,2.31,1.31,1.1111111111111112,2.0,2.848461538461538,0.1,0.0
5,COPOC,APS,0.15000000000000002,0.91,2.28,1.28,1.1111111111111112,2.0,2.6133333333333333,0.1,0.0
5,COPOC,APS,0.18000000000000005,0.84,1.97,0.97,1.0625,2.0,2.858888888888888,0.17,0.0
5,COPOC,APS,0.19999999999999996,0.83,1.94,0.94,1.0588235294117647,2.0,2.74,0.18,0.0
5,COPOC,LAC,0.010000000000000009,0.99,3.62,2.62,1.0,1.0,4.619999999999998,0.01,0.0
5,COPOC,LAC,0.020000000000000018,0.98,3.09,2.09,1.0,1.0,4.089999999999998,0.02,0.0
5,COPOC,LAC,0.030000000000000027,0.97,2.94,1.94,1.3333333333333333,2.0,4.606666666666665,0.04,0.0
5,COPOC,LAC,0.050000000000000044,0.96,2.78,1.78,1.25,2.0,3.7799999999999985,0.05,0.0
5,COPOC,LAC,0.07999999999999996,0.95,2.52,1.52,1.2,2.0,3.0200000000000005,0.06,0.0
5,COPOC,LAC,0.09999999999999998,0.9,2.19,1.19,1.1,2.0,3.39,0.11,0.0
5,COPOC,LAC,0.13,0.83,1.92,0.92,1.0588235294117647,2.0,3.689230769230769,0.18,0.0
5,COPOC,LAC,0.15000000000000002,0.83,1.86,0.86,1.0588235294117647,2.0,3.26,0.18,0.0
5,COPOC,LAC,0.18000000000000005,0.74,1.59,0.59,1.0384615384615385,2.0,3.589999999999999,0.27,0.0
5,COPOC,LAC,0.19999999999999996,0.71,1.51,0.51,1.0344827586206897,2.0,3.51,0.3,0.0
6,COPOC,min-CPS,0.010000000000000009,0.99,3.81,2.81,1.0,1.0,4.809999999999999,0.01,0.0
6,COPOC,min-CPS,0.020000000000000018,0.99,3.29,2.29,1.0,1.0,3.2899999999999987,0.01,0.0
6,COPOC,min-CPS,0.030000000000000027,0.98,3.21,2.21,1.5,2.0,4.209999999999998,0.03,0.0
6,COPOC,min-CPS,0.050000000000000044,0.96,2.94,1.94,1.25,2.0,3.939999999999999,0.05,0.0
6,COPOC,min-CPS,0.07999999999999996,0.91,2.45,1.45,1.1111111111111112,2.0,3.950000000000001,0.1,0.0
6,COPOC,min-CPS,0.09999999999999998,0.89,2.32,1.32,1.0909090909090908,2.0,3.72,0.12,0.0
6,COPOC,min-CPS,0.13,0.85,2.15,1.15,1.0666666666666667,2.0,3.611538461538461,0.16,0.0
6,COPOC,min-CPS,0.15000000000000002,0.84,2.03,1.03,1.0625,2.0,3.2966666666666664,0.17,0.0
6,COPOC,min-CPS,0.18000000000000005,0.78,1.88,0.88,1.0454545454545454,2.0,3.4355555555555544,0.23,0.0
6,COPOC,min-CPS,0.19999999999999996,0.7,1.76,0.76,1.0333333333333334,2.0,3.86,0.31,0.0
6,COPOC,RPS,0.010000000000000009,0.99,3.92,2.92,1.0,1.0,4.919999999999998,0.01,0.0
6,COPOC,RPS,0.020000000000000018,0.99,3.75,2.75,1.0,1.0,3.7499999999999987,0.01,0.0
6,COPOC,RPS,0.030000000000000027,0.99,3.68,2.68,1.0,1.0,3.3466666666666662,0.01,0.0
6,COPOC,RPS,0.050000000000000044,0.96,2.96,1.96,1.0,1.0,3.5599999999999987,0.04,0.0
6,COPOC,RPS,0.07999999999999996,0.89,2.28,1.28,1.0909090909090908,2.0,4.280000000000002,0.12,0.0
6,COPOC,RPS,0.09999999999999998,0.86,2.13,1.13,1.0714285714285714,2.0,4.13,0.15,0.0
6,COPOC,RPS,0.13,0.81,1.92,0.92,1.105263157894737,2.0,4.15076923076923,0.21,0.0
6,COPOC,RPS,0.15000000000000002,0.8,1.83,0.83,1.1,2.0,3.7633333333333328,0.22,0.0
6,COPOC,RPS,0.18000000000000005,0.72,1.7,0.7,1.0714285714285714,2.0,4.033333333333332,0.3,0.0
6,COPOC,RPS,0.19999999999999996,0.69,1.65,0.65,1.064516129032258,2.0,3.9500000000000006,0.33,0.0
6,COPOC,OCDF,0.010000000000000009,0.99,5.78,4.78,1.0,1.0,6.779999999999998,0.01,0.0
6,COPOC,OCDF,0.020000000000000018,0.98,5.53,4.53,1.0,1.0,6.529999999999998,0.02,0.0
6,COPOC,OCDF,0.030000000000000027,0.98,5.53,4.53,1.0,1.0,5.863333333333332,0.02,0.0
6,COPOC,OCDF,0.050000000000000044,0.97,5.3,4.3,1.0,1.0,5.499999999999999,0.03,0.0
6,COPOC,OCDF,0.07999999999999996,0.93,4.96,3.96,1.0,1.0,5.710000000000001,0.07,0.0
6,COPOC,OCDF,0.09999999999999998,0.9,4.87,3.87,1.0,1.0,5.87,0.1,0.0
6,COPOC,OCDF,0.13,0.88,4.72,3.72,1.0,1.0,5.5661538461538465,0.12,0.0
6,COPOC,OCDF,0.15000000000000002,0.84,4.47,3.47,1.0625,2.0,5.736666666666666,0.17,0.0
6,COPOC,OCDF,0.18000000000000005,0.82,4.29,3.29,1.0555555555555556,2.0,5.401111111111111,0.19,0.0
6,COPOC,OCDF,0.19999999999999996,0.78,4.05,3.05,1.0454545454545454,2.0,5.35,0.23,0.0
6,COPOC,APS,0.010000000000000009,0.99,3.79,2.79,2.0,2.0,6.7899999999999965,0.02,0.0
6,COPOC,APS,0.020000000000000018,0.99,3.61,2.61,2.0,2.0,4.6099999999999985,0.02,0.0
6,COPOC,APS,0.030000000000000027,0.99,3.17,2.17,2.0,2.0,3.5033333333333325,0.02,0.0
6,COPOC,APS,0.050000000000000044,0.9,2.63,1.63,1.1,2.0,6.029999999999997,0.11,0.0
6,COPOC,APS,0.07999999999999996,0.86,2.39,1.39,1.0714285714285714,2.0,5.140000000000002,0.15,0.0
6,COPOC,APS,0.09999999999999998,0.86,2.38,1.38,1.0714285714285714,2.0,4.38,0.15,0.0
6,COPOC,APS,0.13,0.85,2.2,1.2,1.0666666666666667,2.0,3.661538461538461,0.16,0.0
6,COPOC,APS,0.15000000000000002,0.83,2.12,1.13,1.2941176470588236,5.0,3.5299999999999994,0.22,0.0
6,COPOC,APS,0.18000000000000005,0.72,1.85,0.86,1.1785714285714286,5.0,4.082222222222222,0.33,0.0
6,COPOC,APS,0.19999999999999996,0.72,1.85,0.86,1.1785714285714286,5.0,3.76,0.33,0.0
6,COPOC,LAC,0.010000000000000009,0.99,3.73,2.73,1.0,1.0,4.729999999999999,0.01,0.0
6,COPOC,LAC,0.020000000000000018,0.99,3.28,2.28,1.0,1.0,3.279999999999999,0.01,0.0
6,COPOC,LAC,0.030000000000000027,0.99,3.23,2.23,1.0,1.0,2.8966666666666665,0.01,0.0
6,COPOC,LAC,0.050000000000000044,0.96,2.95,1.95,1.25,2.0,3.949999999999999,0.05,0.0
6,COPOC,LAC,0.07999999999999996,0.91,2.4,1.4,1.1111111111111112,2.0,3.9000000000000012,0.1,0.0
6,COPOC,LAC,0.09999999999999998,0.89,2.34,1.34,1.0909090909090908,2.0,3.74,0.12,0.0
6,COPOC,LAC,0.13,0.86,2.13,1.13,1.0714285714285714,2.0,3.4376923076923074,0.15,0.0
6,COPOC,LAC,0.15000000000000002,0.83,1.98,0.98,1.0588235294117647,2.0,3.3799999999999994,0.18,0.0
6,COPOC,LAC,0.18000000000000005,0.74,1.67,0.67,1.0769230769230769,2.0,3.7811111111111098,0.28,0.0
6,COPOC,LAC,0.19999999999999996,0.72,1.64,0.64,1.1071428571428572,3.0,3.7400000000000007,0.31,0.0
7,COPOC,min-CPS,0.010000000000000009,0.99,3.89,2.89,1.0,1.0,4.889999999999998,0.01,0.0
7,COPOC,min-CPS,0.020000000000000018,0.99,3.32,2.32,1.0,1.0,3.319999999999999,0.01,0.0
7,COPOC,min-CPS,0.030000000000000027,0.96,3.05,2.05,1.25,2.0,5.38333333333333,0.05,0.0
7,COPOC,min-CPS,0.050000000000000044,0.94,2.88,1.88,1.1666666666666667,2.0,4.679999999999998,0.07,0.0
7,COPOC,min-CPS,0.07999999999999996,0.94,2.66,1.66,1.1666666666666667,2.0,3.410000000000001,0.07,0.0
7,COPOC,min-CPS,0.09999999999999998,0.88,2.32,1.32,1.0833333333333333,2.0,3.92,0.13,0.0
7,COPOC,min-CPS,0.13,0.85,2.15,1.15,1.1333333333333333,2.0,3.7653846153846153,0.17,0.0
7,COPOC,min-CPS,0.15000000000000002,0.85,2.1,1.1,1.1333333333333333,2.0,3.3666666666666663,0.17,0.0
7,COPOC,min-CPS,0.18000000000000005,0.82,2.0,1.0,1.1111111111111112,2.0,3.222222222222222,0.2,0.0
7,COPOC,min-CPS,0.19999999999999996,0.82,1.99,0.99,1.1111111111111112,2.0,2.99,0.2,0.0
7,COPOC,RPS,0.010000000000000009,0.98,3.8,2.8,1.0,1.0,6.799999999999996,0.02,0.0
7,COPOC,RPS,0.020000000000000018,0.97,3.54,2.54,1.0,1.0,5.539999999999997,0.03,0.0
7,COPOC,RPS,0.030000000000000027,0.96,3.31,2.31,1.0,1.0,4.976666666666665,0.04,0.0
7,COPOC,RPS,0.050000000000000044,0.94,2.85,1.85,1.1666666666666667,2.0,4.649999999999998,0.07,0.0
7,COPOC,RPS,0.07999999999999996,0.87,2.21,1.21,1.1538461538461537,2.0,4.960000000000003,0.15,0.0
7,COPOC,RPS,0.09999999999999998,0.85,2.1,1.1,1.1333333333333333,2.0,4.500000000000001,0.17,0.0
7,COPOC,RPS,0.13,0.83,2.02,1.02,1.1764705882352942,2.0,4.096923076923077,0.2,0.0
7,COPOC,RPS,0.15000000000000002,0.82,1.88,0.88,1.2222222222222223,2.0,3.813333333333333,0.22,0.0
7,COPOC,RPS,0.18000000000000005,0.82,1.86,0.86,1.2222222222222223,2.0,3.3044444444444436,0.22,0.0
7,COPOC,RPS,0.19999999999999996,0.8,1.81,0.81,1.2,2.0,3.2100000000000004,0.24,0.0
7,COPOC,OCDF,0.010000000000000009,1.0,5.83,4.83,,0.0,4.83,0.0,0.0
7,COPOC,OCDF,0.020000000000000018,1.0,5.79,4.79,,0.0,4.79,0.0,0.0
7,COPOC,OCDF,0.030000000000000027,0.98,5.53,4.53,1.0,1.0,5.863333333333332,0.02,0.0
7,COPOC,OCDF,0.050000000000000044,0.96,5.27,4.27,1.0,1.0,5.869999999999999,0.04,0.0
7,COPOC,OCDF,0.07999999999999996,0.96,5.08,4.08,1.0,1.0,5.080000000000001,0.04,0.0
7,COPOC,OCDF,0.09999999999999998,0.95,4.93,3.93,1.0,1.0,4.93,0.05,0.0
7,COPOC,OCDF,0.13,0.91,4.78,3.78,1.1111111111111112,2.0,5.318461538461538,0.1,0.0
7,COPOC,OCDF,0.15000000000000002,0.9,4.64,3.64,1.1,2.0,5.1066666666666665,0.11,0.0
7,COPOC,OCDF,0.18000000000000005,0.88,4.47,3.47,1.25,2.0,5.136666666666667,0.15,0.0
7,COPOC,OCDF,0.19999999999999996,0.88,4.41,3.41,1.25,2.0,4.91,0.15,0.0
7,COPOC,APS,0.010000000000000009,0.99,4.35,3.35,1.0,1.0,5.349999999999998,0.01,0.0
7,COPOC,APS,0.020000000000000018,0.99,3.68,2.68,2.0,2.0,4.679999999999998,0.02,0.0
7,COPOC,APS,0.030000000000000027,0.97,3.23,2.23,1.3333333333333333,2.0,4.896666666666665,0.04,0.0
7,COPOC,APS,0.050000000000000044,0.97,3.18,2.18,1.3333333333333333,2.0,3.779999999999999,0.04,0.0
7,COPOC,APS,0.07999999999999996,0.92,2.55,1.55,1.125,2.0,3.800000000000001,0.09,0.0
7,COPOC,APS,0.09999999999999998,0.91,2.48,1.48,1.1111111111111112,2.0,3.48,0.1,0.0
7,COPOC,APS,0.13,0.89,2.33,1.33,1.0909090909090908,2.0,3.176153846153846,0.12,0.0
7,COPOC,APS,0.15000000000000002,0.89,2.28,1.28,1.1818181818181819,2.0,3.0133333333333328,0.13,0.0
7,COPOC,APS,0.18000000000000005,0.86,2.14,1.14,1.1428571428571428,2.0,2.9177777777777774,0.16,0.0
7,COPOC,APS,0.19999999999999996,0.84,2.08,1.08,1.125,2.0,2.88,0.18,0.0
7,COPOC,LAC,0.010000000000000009,0.99,3.79,2.79,1.0,1.0,4.789999999999998,0.01,0.0
7,COPOC,LAC,0.020000000000000018,0.99,3.32,2.32,1.0,1.0,3.319999999999999,0.01,0.0
7,COPOC,LAC,0.030000000000000027,0.96,3.09,2.09,1.25,2.0,5.42333333333333,0.05,0.0
7,COPOC,LAC,0.050000000000000044,0.94,2.78,1.78,1.1666666666666667,2.0,4.579999999999997,0.07,0.0
7,COPOC,LAC,0.07999999999999996,0.94,2.55,1.55,1.1666666666666667,2.0,3.300000000000001,0.07,0.0
7,COPOC,LAC,0.09999999999999998,0.91,2.4,1.4,1.1111111111111112,2.0,3.4,0.1,0.0
7,COPOC,LAC,0.13,0.88,2.23,1.23,1.0833333333333333,2.0,3.23,0.13,0.0
7,COPOC,LAC,0.15000000000000002,0.88,2.2,1.2,1.0833333333333333,2.0,2.933333333333333,0.13,0.0
7,COPOC,LAC,0.18000000000000005,0.83,1.9,0.9,1.1764705882352942,2.0,3.122222222222222,0.2,0.0
7,COPOC,LAC,0.19999999999999996,0.79,1.79,0.79,1.1904761904761905,2.0,3.2900000000000005,0.25,0.0
8,COPOC,min-CPS,0.010000000000000009,1.0,4.86,3.86,,0.0,3.86,0.0,0.0
8,COPOC,min-CPS,0.020000000000000018,0.96,3.13,2.13,1.0,1.0,6.129999999999996,0.04,0.0
8,COPOC,min-CPS,0.030000000000000027,0.95,3.02,2.02,1.0,1.0,5.35333333333333,0.05,0.0
8,COPOC,min-CPS,0.050000000000000044,0.94,2.85,1.85,1.0,1.0,4.249999999999998,0.06,0.0
8,COPOC,min-CPS,0.07999999999999996,0.95,2.63,1.63,1.0,1.0,2.880000000000001,0.05,0.0
8,COPOC,min-CPS,0.09999999999999998,0.89,2.3,1.3,1.0,1.0,3.5,0.11,0.0
8,COPOC,min-CPS,0.13,0.87,2.18,1.18,1.0769230769230769,2.0,3.3338461538461535,0.14,0.0
8,COPOC,min-CPS,0.15000000000000002,0.87,2.16,1.16,1.0769230769230769,2.0,3.0266666666666664,0.14,0.0
8,COPOC,min-CPS,0.18000000000000005,0.78,1.86,0.86,1.0454545454545454,2.0,3.415555555555555,0.23,0.0
8,COPOC,min-CPS,0.19999999999999996,0.71,1.67,0.67,1.0689655172413792,2.0,3.7700000000000005,0.31,0.0
8,COPOC,RPS,0.010000000000000009,1.0,4.31,3.31,,0.0,3.31,0.0,0.0
8,COPOC,RPS,0.020000000000000018,0.98,3.63,2.63,1.0,1.0,4.629999999999998,0.02,0.0
8,COPOC,RPS,0.030000000000000027,0.96,3.26,2.26,1.0,1.0,4.926666666666665,0.04,0.0
8,COPOC,RPS,0.050000000000000044,0.94,2.88,1.88,1.0,1.0,4.279999999999998,0.06,0.0
8,COPOC,RPS,0.07999999999999996,0.9,2.41,1.41,1.1,2.0,4.160000000000001,0.11,0.0
8,COPOC,RPS,0.09999999999999998,0.88,2.26,1.26,1.0833333333333333,2.0,3.86,0.13,0.0
8,COPOC,RPS,0.13,0.83,1.98,0.98,1.1764705882352942,2.0,4.056923076923076,0.2,0.0
8,COPOC,RPS,0.15000000000000002,0.82,1.85,0.85,1.1666666666666667,2.0,3.6499999999999995,0.21,0.0
8,COPOC,RPS,0.18000000000000005,0.76,1.64,0.64,1.125,2.0,3.639999999999999,0.27,0.0
8,COPOC,RPS,0.19999999999999996,0.75,1.61,0.61,1.12,2.0,3.4100000000000006,0.28,0.0
8,COPOC,OCDF,0.010000000000000009,1.0,5.77,4.77,,0.0,4.77,0.0,0.0
8,COPOC,OCDF,0.020000000000000018,0.98,5.52,4.52,1.0,1.0,6.519999999999998,0.02,0.0
8,COPOC,OCDF,0.030000000000000027,0.95,5.23,4.23,1.0,1.0,7.563333333333332,0.05,0.0
8,COPOC,OCDF,0.050000000000000044,0.9,4.75,3.75,1.1,2.0,8.149999999999997,0.11,0.0
8,COPOC,OCDF,0.07999999999999996,0.87,4.58,3.58,1.1538461538461537,2.0,7.330000000000002,0.15,0.0
8,COPOC,OCDF,0.09999999999999998,0.86,4.48,3.48,1.1428571428571428,2.0,6.68,0.16,0.0
8,COPOC,OCDF,0.13,0.8,4.13,3.13,1.15,2.0,6.668461538461538,0.23,0.0
8,COPOC,OCDF,0.15000000000000002,0.79,4.02,3.02,1.1904761904761905,2.0,6.353333333333333,0.25,0.0
8,COPOC,OCDF,0.18000000000000005,0.74,3.81,2.81,1.1923076923076923,3.0,6.254444444444443,0.31,0.0
8,COPOC,OCDF,0.19999999999999996,0.74,3.78,2.78,1.2307692307692308,3.0,5.98,0.32,0.0
8,COPOC,APS,0.010000000000000009,1.0,4.68,3.68,,0.0,3.68,0.0,0.0
8,COPOC,APS,0.020000000000000018,0.99,3.43,2.43,1.0,1.0,3.429999999999999,0.01,0.0
8,COPOC,APS,0.030000000000000027,0.98,3.29,2.29,1.0,1.0,3.6233333333333326,0.02,0.0
8,COPOC,APS,0.050000000000000044,0.95,2.95,1.95,1.0,1.0,3.9499999999999984,0.05,0.0
8,COPOC,APS,0.07999999999999996,0.94,2.7,1.7,1.0,1.0,3.2000000000000006,0.06,0.0
8,COPOC,APS,0.09999999999999998,0.92,2.52,1.52,1.0,1.0,3.12,0.08,0.0
8,COPOC,APS,0.13,0.9,2.37,1.37,1.0,1.0,2.908461538461538,0.1,0.0
8,COPOC,APS,0.15000000000000002,0.88,2.26,1.27,1.3333333333333333,5.0,2.869999999999999,0.16,0.0
8,COPOC,APS,0.18000000000000005,0.86,2.13,1.14,1.3571428571428572,5.0,2.8066666666666658,0.19,0.0
8,COPOC,APS,0.19999999999999996,0.8,1.97,0.98,1.25,5.0,3.08,0.25,0.0
8,COPOC,LAC,0.010000000000000009,1.0,4.91,3.91,,0.0,3.91,0.0,0.0
8,COPOC,LAC,0.020000000000000018,0.95,3.07,2.07,1.0,1.0,7.069999999999996,0.05,0.0
8,COPOC,LAC,0.030000000000000027,0.95,3.03,2.03,1.0,1.0,5.363333333333331,0.05,0.0
8,COPOC,LAC,0.050000000000000044,0.94,2.76,1.76,1.0,1.0,4.1599999999999975,0.06,0.0
8,COPOC,LAC,0.07999999999999996,0.93,2.5,1.5,1.0,1.0,3.2500000000000013,0.07,0.0
8,COPOC,LAC,0.09999999999999998,0.92,2.42,1.42,1.0,1.0,3.02,0.08,0.0
8,COPOC,LAC,0.13,0.85,2.16,1.16,1.0666666666666667,2.0,3.621538461538461,0.16,0.0
8,COPOC,LAC,0.15000000000000002,0.83,1.97,0.97,1.0588235294117647,2.0,3.369999999999999,0.18,0.0
8,COPOC,LAC,0.18000000000000005,0.75,1.62,0.62,1.12,2.0,3.7311111111111104,0.28,0.0
8,COPOC,LAC,0.19999999999999996,0.75,1.62,0.62,1.12,2.0,3.4200000000000013,0.28,0.0
9,COPOC,min-CPS,0.010000000000000009,1.0,4.78,3.78,,0.0,3.78,0.0,0.0
9,COPOC,min-CPS,0.020000000000000018,0.98,3.22,2.22,1.0,1.0,4.219999999999998,0.02,0.0
9,COPOC,min-CPS,0.030000000000000027,0.97,3.14,2.14,1.0,1.0,4.139999999999999,0.03,0.0
9,COPOC,min-CPS,0.050000000000000044,0.97,2.95,1.95,1.0,1.0,3.149999999999999,0.03,0.0
9,COPOC,min-CPS,0.07999999999999996,0.95,2.7,1.7,1.0,1.0,2.950000000000001,0.05,0.0
9,COPOC,min-CPS,0.09999999999999998,0.94,2.49,1.49,1.0,1.0,2.69,0.06,0.0
9,COPOC,min-CPS,0.13,0.87,2.21,1.21,1.0769230769230769,2.0,3.3638461538461537,0.14,0.0
9,COPOC,min-CPS,0.15000000000000002,0.84,2.06,1.06,1.0625,2.0,3.326666666666666,0.17,0.0
9,COPOC,min-CPS,0.18000000000000005,0.83,1.99,0.99,1.0588235294117647,2.0,2.9899999999999993,0.18,0.0
9,COPOC,min-CPS,0.19999999999999996,0.81,1.97,0.97,1.0526315789473684,2.0,2.97,0.2,0.0
9,COPOC,RPS,0.010000000000000009,1.0,4.34,3.34,,0.0,3.34,0.0,0.0
9,COPOC,RPS,0.020000000000000018,0.98,3.68,2.68,1.0,1.0,4.679999999999998,0.02,0.0
9,COPOC,RPS,0.030000000000000027,0.97,3.46,2.46,1.0,1.0,4.459999999999999,0.03,0.0
9,COPOC,RPS,0.050000000000000044,0.95,2.91,1.91,1.0,1.0,3.9099999999999984,0.05,0.0
9,COPOC,RPS,0.07999999999999996,0.94,2.8,1.8,1.0,1.0,3.300000000000001,0.06,0.0
9,COPOC,RPS,0.09999999999999998,0.92,2.38,1.38,1.125,2.0,3.18,0.09,0.0
9,COPOC,RPS,0.13,0.88,2.1,1.1,1.0833333333333333,2.0,3.0999999999999996,0.13,0.0
9,COPOC,RPS,0.15000000000000002,0.88,2.04,1.04,1.0833333333333333,2.0,2.773333333333333,0.13,0.0
9,COPOC,RPS,0.18000000000000005,0.82,1.84,0.84,1.1111111111111112,2.0,3.0622222222222217,0.2,0.0
9,COPOC,RPS,0.19999999999999996,0.81,1.79,0.79,1.105263157894737,2.0,2.89,0.21,0.0
9,COPOC,OCDF,0.010000000000000009,1.0,5.82,4.82,,0.0,4.82,0.0,0.0
9,COPOC,OCDF,0.020000000000000018,0.98,5.6,4.6,1.0,1.0,6.599999999999998,0.02,0.0
9,COPOC,OCDF,0.030000000000000027,0.95,5.38,4.38,1.0,1.0,7.713333333333331,0.05,0.0
9,COPOC,OCDF,0.050000000000000044,0.94,5.16,4.16,1.1666666666666667,2.0,6.959999999999997,0.07,0.0
9,COPOC,OCDF,0.07999999999999996,0.92,4.91,3.91,1.125,2.0,6.160000000000001,0.09,0.0
9,COPOC,OCDF,0.09999999999999998,0.89,4.76,3.76,1.1818181818181819,2.0,6.36,0.13,0.0
9,COPOC,OCDF,0.13,0.89,4.64,3.64,1.1818181818181819,2.0,5.64,0.13,0.0
9,COPOC,OCDF,0.15000000000000002,0.89,4.51,3.51,1.1818181818181819,2.0,5.243333333333334,0.13,0.0
9,COPOC,OCDF,0.18000000000000005,0.86,4.35,3.35,1.1428571428571428,2.0,5.127777777777777,0.16,0.0
9,COPOC,OCDF,0.19999999999999996,0.86,4.32,3.32,1.1428571428571428,2.0,4.92,0.16,0.0
9,COPOC,APS,0.010000000000000009,1.0,4.83,3.83,,0.0,3.83,0.0,0.0
9,COPOC,APS,0.020000000000000018,0.98,3.34,2.34,1.0,1.0,4.339999999999998,0.02,0.0
9,COPOC,APS,0.030000000000000027,0.98,2.9,1.9,1.0,1.0,3.2333333333333325,0.02,0.0
9,COPOC,APS,0.050000000000000044,0.97,2.81,1.81,1.0,1.0,3.009999999999999,0.03,0.0
9,COPOC,APS,0.07999999999999996,0.96,2.67,1.67,1.0,1.0,2.6700000000000004,0.04,0.0
9,COPOC,APS,0.09999999999999998,0.93,2.48,1.48,1.0,1.0,2.88,0.07,0.0
9,COPOC,APS,0.13,0.93,2.42,1.42,1.0,1.0,2.496923076923077,0.07,0.0
9,COPOC,APS,0.15000000000000002,0.89,2.28,1.28,1.0,1.0,2.746666666666666,0.11,0.0
9,COPOC,APS,0.18000000000000005,0.84,2.01,1.01,1.0,1.0,2.7877777777777766,0.16,0.0
9,COPOC,APS,0.19999999999999996,0.83,1.94,0.94,1.0588235294117647,2.0,2.74,0.18,0.0
9,COPOC,LAC,0.010000000000000009,1.0,4.86,3.86,,0.0,3.86,0.0,0.0
9,COPOC,LAC,0.020000000000000018,0.97,3.11,2.11,1.0,1.0,5.109999999999998,0.03,0.0
9,COPOC,LAC,0.030000000000000027,0.97,3.03,2.03,1.0,1.0,4.0299999999999985,0.03,0.0
9,COPOC,LAC,0.050000000000000044,0.97,3.01,2.01,1.0,1.0,3.209999999999999,0.03,0.0
9,COPOC,LAC,0.07999999999999996,0.95,2.62,1.62,1.0,1.0,2.870000000000001,0.05,0.0
9,COPOC,LAC,0.09999999999999998,0.94,2.41,1.41,1.0,1.0,2.61,0.06,0.0
9,COPOC,LAC,0.13,0.94,2.4,1.4,1.0,1.0,2.3230769230769233,0.06,0.0
9,COPOC,LAC,0.15000000000000002,0.88,2.17,1.17,1.0833333333333333,2.0,2.9033333333333333,0.13,0.0
9,COPOC,LAC,0.18000000000000005,0.83,1.87,0.87,1.0588235294117647,2.0,2.869999999999999,0.18,0.0
9,COPOC,LAC,0.19999999999999996,0.83,1.87,0.87,1.0588235294117647,2.0,2.67,0.18,0.0
10,COPOC,min-CPS,0.010000000000000009,0.99,3.85,2.85,1.0,1.0,4.849999999999998,0.01,0.0
10,COPOC,min-CPS,0.020000000000000018,0.95,3.03,2.03,1.2,2.0,8.029999999999996,0.06,0.0
10,COPOC,min-CPS,0.030000000000000027,0.93,2.85,1.85,1.1428571428571428,2.0,7.183333333333328,0.08,0.0
10,COPOC,min-CPS,0.050000000000000044,0.92,2.62,1.62,1.125,2.0,5.219999999999996,0.09,0.0
10,COPOC,min-CPS,0.07999999999999996,0.85,2.23,1.23,1.0666666666666667,2.0,5.230000000000002,0.16,0.0
10,COPOC,min-CPS,0.09999999999999998,0.85,2.19,1.19,1.0666666666666667,2.0,4.39,0.16,0.0
10,COPOC,min-CPS,0.13,0.81,1.99,0.99,1.105263157894737,2.0,4.22076923076923,0.21,0.0
10,COPOC,min-CPS,0.15000000000000002,0.79,1.94,0.94,1.0952380952380953,2.0,4.006666666666666,0.23,0.0
10,COPOC,min-CPS,0.18000000000000005,0.75,1.78,0.78,1.12,2.0,3.89111111111111,0.28,0.0
10,COPOC,min-CPS,0.19999999999999996,0.72,1.72,0.72,1.0714285714285714,2.0,3.72,0.3,0.0
10,COPOC,RPS,0.010000000000000009,0.98,3.76,2.76,1.0,1.0,6.759999999999996,0.02,0.0
10,COPOC,RPS,0.020000000000000018,0.94,3.02,2.02,1.0,1.0,8.019999999999996,0.06,0.0
10,COPOC,RPS,0.030000000000000027,0.92,2.85,1.85,1.125,2.0,7.849999999999995,0.09,0.0
10,COPOC,RPS,0.050000000000000044,0.9,2.58,1.58,1.1,2.0,5.979999999999995,0.11,0.0
10,COPOC,RPS,0.07999999999999996,0.88,2.27,1.27,1.1666666666666667,2.0,4.770000000000002,0.14,0.0
10,COPOC,RPS,0.09999999999999998,0.86,2.22,1.22,1.1428571428571428,2.0,4.42,0.16,0.0
10,COPOC,RPS,0.13,0.81,2.0,1.0,1.1578947368421053,2.0,4.384615384615384,0.22,0.0
10,COPOC,RPS,0.15000000000000002,0.78,1.81,0.81,1.1818181818181819,2.0,4.276666666666666,0.26,0.0
10,COPOC,RPS,0.18000000000000005,0.75,1.72,0.72,1.16,2.0,3.942222222222221,0.29,0.0
10,COPOC,RPS,0.19999999999999996,0.72,1.64,0.64,1.1785714285714286,2.0,3.9400000000000004,0.33,0.0
10,COPOC,OCDF,0.010000000000000009,1.0,5.74,4.74,,0.0,4.74,0.0,0.0
10,COPOC,OCDF,0.020000000000000018,1.0,5.72,4.72,,0.0,4.72,0.0,0.0
10,COPOC,OCDF,0.030000000000000027,1.0,5.64,4.64,,0.0,4.64,0.0,0.0
10,COPOC,OCDF,0.050000000000000044,0.97,5.29,4.29,1.0,1.0,5.489999999999998,0.03,0.0
10,COPOC,OCDF,0.07999999999999996,0.94,4.92,3.92,1.0,1.0,5.420000000000001,0.06,0.0
10,COPOC,OCDF,0.09999999999999998,0.89,4.7,3.7,1.0909090909090908,2.0,6.1,0.12,0.0
10,COPOC,OCDF,0.13,0.82,4.36,3.36,1.1666666666666667,2.0,6.590769230769231,0.21,0.0
10,COPOC,OCDF,0.15000000000000002,0.78,4.0,3.0,1.1818181818181819,2.0,6.466666666666665,0.26,0.0
10,COPOC,OCDF,0.18000000000000005,0.78,3.96,2.96,1.1818181818181819,2.0,5.848888888888888,0.26,0.0
10,COPOC,OCDF,0.19999999999999996,0.74,3.79,2.79,1.2307692307692308,3.0,5.99,0.32,0.0
10,COPOC,APS,0.010000000000000009,0.99,4.39,3.39,1.0,1.0,5.389999999999998,0.01,0.0
10,COPOC,APS,0.020000000000000018,0.98,3.58,2.58,1.0,1.0,4.579999999999998,0.02,0.0
10,COPOC,APS,0.030000000000000027,0.95,3.15,2.15,1.0,1.0,5.483333333333331,0.05,0.0
10,COPOC,APS,0.050000000000000044,0.94,2.86,1.86,1.1666666666666667,2.0,4.6599999999999975,0.07,0.0
10,COPOC,APS,0.07999999999999996,0.87,2.39,1.39,1.0769230769230769,2.0,4.890000000000002,0.14,0.0
10,COPOC,APS,0.09999999999999998,0.84,2.26,1.26,1.0625,2.0,4.66,0.17,0.0
10,COPOC,APS,0.13,0.77,1.98,0.98,1.0869565217391304,2.0,4.826153846153846,0.25,0.0
10,COPOC,APS,0.15000000000000002,0.76,1.95,0.95,1.0833333333333333,2.0,4.416666666666666,0.26,0.0
10,COPOC,APS,0.18000000000000005,0.76,1.9,0.9,1.0833333333333333,2.0,3.788888888888888,0.26,0.0
10,COPOC,APS,0.19999999999999996,0.76,1.89,0.89,1.125,2.0,3.59,0.27,0.0
10,COPOC,LAC,0.010000000000000009,0.99,3.74,2.74,1.0,1.0,4.739999999999998,0.01,0.0
10,COPOC,LAC,0.020000000000000018,0.95,3.02,2.02,1.2,2.0,8.019999999999996,0.06,0.0
10,COPOC,LAC,0.030000000000000027,0.93,2.76,1.76,1.1428571428571428,2.0,7.093333333333328,0.08,0.0
10,COPOC,LAC,0.050000000000000044,0.9,2.5,1.5,1.1,2.0,5.899999999999997,0.11,0.0
10,COPOC,LAC,0.07999999999999996,0.88,2.34,1.34,1.0833333333333333,2.0,4.5900000000000025,0.13,0.0
10,COPOC,LAC,0.09999999999999998,0.83,2.16,1.16,1.0588235294117647,2.0,4.760000000000001,0.18,0.0
10,COPOC,LAC,0.13,0.8,1.89,0.89,1.1,2.0,4.274615384615385,0.22,0.0
10,COPOC,LAC,0.15000000000000002,0.79,1.81,0.81,1.1428571428571428,2.0,4.01,0.24,0.0
10,COPOC,LAC,0.18000000000000005,0.79,1.78,0.78,1.1904761904761905,2.0,3.557777777777777,0.25,0.0
10,COPOC,LAC,0.19999999999999996,0.72,1.65,0.65,1.1785714285714286,3.0,3.9500000000000006,0.33,0.0
11,COPOC,min-CPS,0.010000000000000009,1.0,4.9,3.9,,0.0,3.9,0.0,0.0
11,COPOC,min-CPS,0.020000000000000018,1.0,4.0,3.0,,0.0,3.0,0.0,0.0
11,COPOC,min-CPS,0.030000000000000027,1.0,3.4,2.4,,0.0,2.4,0.0,0.0
11,COPOC,min-CPS,0.050000000000000044,0.99,3.29,2.29,1.0,1.0,2.69,0.01,0.0
11,COPOC,min-CPS,0.07999999999999996,0.93,2.61,1.61,1.0,1.0,3.360000000000001,0.07,0.0
11,COPOC,min-CPS,0.09999999999999998,0.9,2.42,1.42,1.0,1.0,3.42,0.1,0.0
11,COPOC,min-CPS,0.13,0.83,2.09,1.09,1.0588235294117647,2.0,3.859230769230769,0.18,0.0
11,COPOC,min-CPS,0.15000000000000002,0.83,2.04,1.04,1.0588235294117647,2.0,3.44,0.18,0.0
11,COPOC,min-CPS,0.18000000000000005,0.82,1.98,0.98,1.0555555555555556,2.0,3.0911111111111103,0.19,0.0
11,COPOC,min-CPS,0.19999999999999996,0.81,1.94,0.94,1.0526315789473684,2.0,2.94,0.2,0.0
11,COPOC,RPS,0.010000000000000009,1.0,4.42,3.42,,0.0,3.42,0.0,0.0
11,COPOC,RPS,0.020000000000000018,1.0,3.98,2.98,,0.0,2.98,0.0,0.0
11,COPOC,RPS,0.030000000000000027,1.0,3.83,2.83,,0.0,2.83,0.0,0.0
11,COPOC,RPS,0.050000000000000044,0.99,3.48,2.48,1.0,1.0,2.8799999999999994,0.01,0.0
11,COPOC,RPS,0.07999999999999996,0.93,2.63,1.63,1.0,1.0,3.3800000000000012,0.07,0.0
11,COPOC,RPS,0.09999999999999998,0.91,2.33,1.33,1.0,1.0,3.13,0.09,0.0
11,COPOC,RPS,0.13,0.87,2.16,1.16,1.0,1.0,3.16,0.13,0.0
11,COPOC,RPS,0.15000000000000002,0.82,1.89,0.89,1.0555555555555556,2.0,3.4233333333333333,0.19,0.0
11,COPOC,RPS,0.18000000000000005,0.81,1.81,0.81,1.0526315789473684,2.0,3.032222222222222,0.2,0.0
11,COPOC,RPS,0.19999999999999996,0.77,1.73,0.73,1.0434782608695652,2.0,3.13,0.24,0.0
11,COPOC,OCDF,0.010000000000000009,1.0,5.85,4.85,,0.0,4.85,0.0,0.0
11,COPOC,OCDF,0.020000000000000018,1.0,5.83,4.83,,0.0,4.83,0.0,0.0
11,COPOC,OCDF,0.030000000000000027,0.98,5.59,4.59,1.0,1.0,5.923333333333333,0.02,0.0
11,COPOC,OCDF,0.050000000000000044,0.95,5.27,4.27,1.0,1.0,6.269999999999999,0.05,0.0
11,COPOC,OCDF,0.07999999999999996,0.94,4.94,3.94,1.0,1.0,5.440000000000001,0.06,0.0
11,COPOC,OCDF,0.09999999999999998,0.94,4.93,3.93,1.0,1.0,5.13,0.06,0.0
11,COPOC,OCDF,0.13,0.91,4.77,3.77,1.0,1.0,5.154615384615385,0.09,0.0
11,COPOC,OCDF,0.15000000000000002,0.9,4.65,3.65,1.0,1.0,4.9833333333333325,0.1,0.0
11,COPOC,OCDF,0.18000000000000005,0.85,4.32,3.32,1.0666666666666667,2.0,5.097777777777777,0.16,0.0
11,COPOC,OCDF,0.19999999999999996,0.84,4.19,3.19,1.0625,2.0,4.89,0.17,0.0
11,COPOC,APS,0.010000000000000009,1.0,4.74,3.74,,0.0,3.74,0.0,0.0
11,COPOC,APS,0.020000000000000018,1.0,3.77,2.77,,0.0,2.77,0.0,0.0
11,COPOC,APS,0.030000000000000027,1.0,3.62,2.62,,0.0,2.62,0.0,0.0
11,COPOC,APS,0.050000000000000044,0.99,3.3,2.3,1.0,1.0,2.7,0.01,0.0
11,COPOC,APS,0.07999999999999996,0.94,2.61,1.61,1.0,1.0,3.110000000000001,0.06,0.0
11,COPOC,APS,0.09999999999999998,0.92,2.48,1.48,1.0,1.0,3.08,0.08,0.0
11,COPOC,APS,0.13,0.86,2.3,1.3,1.0,1.0,3.4538461538461536,0.14,0.0
11,COPOC,APS,0.15000000000000002,0.85,2.23,1.23,1.0,1.0,3.2299999999999995,0.15,0.0
11,COPOC,APS,0.18000000000000005,0.79,1.99,1.0,1.2380952380952381,5.0,3.4444444444444433,0.26,0.0
11,COPOC,APS,0.19999999999999996,0.79,1.97,0.98,1.2380952380952381,5.0,3.18,0.26,0.0
11,COPOC,LAC,0.010000000000000009,1.0,4.94,3.94,,0.0,3.94,0.0,0.0
11,COPOC,LAC,0.020000000000000018,1.0,3.9,2.9,,0.0,2.9,0.0,0.0
11,COPOC,LAC,0.030000000000000027,1.0,3.35,2.35,,0.0,2.35,0.0,0.0
11,COPOC,LAC,0.050000000000000044,0.99,3.16,2.16,1.0,1.0,2.5599999999999996,0.01,0.0
11,COPOC,LAC,0.07999999999999996,0.94,2.58,1.58,1.0,1.0,3.080000000000001,0.06,0.0
11,COPOC,LAC,0.09999999999999998,0.9,2.43,1.43,1.0,1.0,3.43,0.1,0.0
11,COPOC,LAC,0.13,0.88,2.28,1.28,1.0,1.0,3.126153846153846,0.12,0.0
11,COPOC,LAC,0.15000000000000002,0.83,2.01,1.01,1.0588235294117647,2.0,3.41,0.18,0.0
11,COPOC,LAC,0.18000000000000005,0.82,1.83,0.83,1.0555555555555556,2.0,2.9411111111111103,0.19,0.0
11,COPOC,LAC,0.19999999999999996,0.82,1.79,0.79,1.0555555555555556,2.0,2.6900000000000004,0.19,0.0
12,COPOC,min-CPS,0.010000000000000009,1.0,4.67,3.67,,0.0,3.67,0.0,0.0
12,COPOC,min-CPS,0.020000000000000018,1.0,3.76,2.76,,0.0,2.76,0.0,0.0
12,COPOC,min-CPS,0.030000000000000027,1.0,3.23,2.23,,0.0,2.23,0.0,0.0
12,COPOC,min-CPS,0.050000000000000044,0.97,2.92,1.92,1.0,1.0,3.1199999999999988,0.03,0.0
12,COPOC,min-CPS,0.07999999999999996,0.95,2.64,1.64,1.0,1.0,2.8900000000000006,0.05,0.0
12,COPOC,min-CPS,0.09999999999999998,0.96,2.5,1.5,1.0,1.0,2.3,0.04,0.0
12,COPOC,min-CPS,0.13,0.94,2.27,1.27,1.0,1.0,2.1930769230769234,0.06,0.0
12,COPOC,min-CPS,0.15000000000000002,0.9,2.08,1.08,1.0,1.0,2.413333333333333,0.1,0.0
12,COPOC,min-CPS,0.18000000000000005,0.84,1.94,0.94,1.0,1.0,2.717777777777777,0.16,0.0
12,COPOC,min-CPS,0.19999999999999996,0.83,1.87,0.87,1.0,1.0,2.57,0.17,0.0
12,COPOC,RPS,0.010000000000000009,1.0,4.25,3.25,,0.0,3.25,0.0,0.0
12,COPOC,RPS,0.020000000000000018,0.99,3.67,2.67,1.0,1.0,3.669999999999999,0.01,0.0
12,COPOC,RPS,0.030000000000000027,0.99,3.58,2.58,1.0,1.0,3.246666666666666,0.01,0.0
12,COPOC,RPS,0.050000000000000044,0.99,3.4,2.4,1.0,1.0,2.8,0.01,0.0
12,COPOC,RPS,0.07999999999999996,0.96,2.79,1.79,1.0,1.0,2.7900000000000005,0.04,0.0
12,COPOC,RPS,0.09999999999999998,0.94,2.56,1.56,1.0,1.0,2.76,0.06,0.0
12,COPOC,RPS,0.13,0.92,2.21,1.21,1.125,2.0,2.5946153846153845,0.09,0.0
12,COPOC,RPS,0.15000000000000002,0.91,2.11,1.11,1.1111111111111112,2.0,2.4433333333333334,0.1,0.0
12,COPOC,RPS,0.18000000000000005,0.87,1.9,0.9,1.0769230769230769,2.0,2.4555555555555553,0.14,0.0
12,COPOC,RPS,0.19999999999999996,0.84,1.81,0.81,1.0625,2.0,2.51,0.17,0.0
12,COPOC,OCDF,0.010000000000000009,1.0,5.72,4.72,,0.0,4.72,0.0,0.0
12,COPOC,OCDF,0.020000000000000018,1.0,5.71,4.71,,0.0,4.71,0.0,0.0
12,COPOC,OCDF,0.030000000000000027,0.99,5.44,4.44,1.0,1.0,5.1066666666666665,0.01,0.0
12,COPOC,OCDF,0.050000000000000044,0.98,5.31,4.31,1.0,1.0,5.109999999999999,0.02,0.0
12,COPOC,OCDF,0.07999999999999996,0.91,4.89,3.89,1.0,1.0,6.140000000000002,0.09,0.0
12,COPOC,OCDF,0.09999999999999998,0.91,4.81,3.81,1.1111111111111112,2.0,5.81,0.1,0.0
12,COPOC,OCDF,0.13,0.91,4.78,3.78,1.1111111111111112,2.0,5.318461538461538,0.1,0.0
12,COPOC,OCDF,0.15000000000000002,0.9,4.68,3.68,1.1,2.0,5.1466666666666665,0.11,0.0
12,COPOC,OCDF,0.18000000000000005,0.9,4.56,3.56,1.1,2.0,4.782222222222222,0.11,0.0
12,COPOC,OCDF,0.19999999999999996,0.88,4.44,3.44,1.0833333333333333,2.0,4.74,0.13,0.0
12,COPOC,APS,0.010000000000000009,1.0,4.68,3.68,,0.0,3.68,0.0,0.0
12,COPOC,APS,0.020000000000000018,1.0,3.71,2.71,,0.0,2.71,0.0,0.0
12,COPOC,APS,0.030000000000000027,1.0,3.66,2.66,,0.0,2.66,0.0,0.0
12,COPOC,APS,0.050000000000000044,0.99,3.23,2.23,1.0,1.0,2.63,0.01,0.0
12,COPOC,APS,0.07999999999999996,0.98,3.03,2.03,1.0,1.0,2.5300000000000002,0.02,0.0
12,COPOC,APS,0.09999999999999998,0.96,2.7,1.7,1.0,1.0,2.5,0.04,0.0
12,COPOC,APS,0.13,0.95,2.56,1.56,1.0,1.0,2.329230769230769,0.05,0.0
12,COPOC,APS,0.15000000000000002,0.94,2.47,1.47,1.0,1.0,2.2699999999999996,0.06,0.0
12,COPOC,APS,0.18000000000000005,0.89,2.05,1.05,1.0,1.0,2.2722222222222217,0.11,0.0
12,COPOC,APS,0.19999999999999996,0.81,1.9,0.9,1.0,1.0,2.8,0.19,0.0
12,COPOC,LAC,0.010000000000000009,1.0,4.75,3.75,,0.0,3.75,0.0,0.0
12,COPOC,LAC,0.020000000000000018,1.0,3.68,2.68,,0.0,2.68,0.0,0.0
12,COPOC,LAC,0.030000000000000027,1.0,3.19,2.19,,0.0,2.19,0.0,0.0
12,COPOC,LAC,0.050000000000000044,0.97,2.92,1.92,1.0,1.0,3.1199999999999988,0.03,0.0
12,COPOC,LAC,0.07999999999999996,0.96,2.56,1.56,1.0,1.0,2.5600000000000005,0.04,0.0
12,COPOC,LAC,0.09999999999999998,0.95,2.38,1.38,1.0,1.0,2.38,0.05,0.0
12,COPOC,LAC,0.13,0.91,2.15,1.15,1.0,1.0,2.5346153846153845,0.09,0.0
12,COPOC,LAC,0.15000000000000002,0.91,2.12,1.12,1.0,1.0,2.32,0.09,0.0
12,COPOC,LAC,0.18000000000000005,0.87,1.94,0.94,1.0,1.0,2.384444444444444,0.13,0.0
12,COPOC,LAC,0.19999999999999996,0.84,1.81,0.81,1.0,1.0,2.41,0.16,0.0
13,COPOC,min-CPS,0.010000000000000009,1.0,4.79,3.79,,0.0,3.79,0.0,0.0
13,COPOC,min-CPS,0.020000000000000018,1.0,3.92,2.92,,0.0,2.92,0.0,0.0
13,COPOC,min-CPS,0.030000000000000027,0.98,3.23,2.23,1.0,1.0,3.5633333333333326,0.02,0.0
13,COPOC,min-CPS,0.050000000000000044,0.98,3.05,2.05,1.0,1.0,2.8499999999999996,0.02,0.0
13,COPOC,min-CPS,0.07999999999999996,0.98,2.94,1.94,1.0,1.0,2.4400000000000004,0.02,0.0
13,COPOC,min-CPS,0.09999999999999998,0.97,2.67,1.67,1.0,1.0,2.27,0.03,0.0
13,COPOC,min-CPS,0.13,0.94,2.44,1.44,1.0,1.0,2.3630769230769233,0.06,0.0
13,COPOC,min-CPS,0.15000000000000002,0.88,2.22,1.22,1.0,1.0,2.82,0.12,0.0
13,COPOC,min-CPS,0.18000000000000005,0.82,1.94,0.94,1.0,1.0,2.939999999999999,0.18,0.0
13,COPOC,min-CPS,0.19999999999999996,0.77,1.79,0.79,1.0,1.0,3.09,0.23,0.0
13,COPOC,RPS,0.010000000000000009,1.0,4.28,3.28,,0.0,3.28,0.0,0.0
13,COPOC,RPS,0.020000000000000018,1.0,3.97,2.97,,0.0,2.97,0.0,0.0
13,COPOC,RPS,0.030000000000000027,1.0,3.77,2.77,,0.0,2.77,0.0,0.0
13,COPOC,RPS,0.050000000000000044,0.97,3.0,2.0,1.0,1.0,3.199999999999999,0.03,0.0
13,COPOC,RPS,0.07999999999999996,0.97,2.87,1.87,1.0,1.0,2.6200000000000006,0.03,0.0
13,COPOC,RPS,0.09999999999999998,0.92,2.39,1.39,1.0,1.0,2.99,0.08,0.0
13,COPOC,RPS,0.13,0.92,2.28,1.28,1.0,1.0,2.510769230769231,0.08,0.0
13,COPOC,RPS,0.15000000000000002,0.87,2.1,1.1,1.0,1.0,2.833333333333333,0.13,0.0
13,COPOC,RPS,0.18000000000000005,0.78,1.72,0.72,1.0454545454545454,2.0,3.275555555555554,0.23,0.0
13,COPOC,RPS,0.19999999999999996,0.78,1.71,0.71,1.0454545454545454,2.0,3.01,0.23,0.0
13,COPOC,OCDF,0.010000000000000009,1.0,5.73,4.73,,0.0,4.73,0.0,0.0
13,COPOC,OCDF,0.020000000000000018,1.0,5.72,4.72,,0.0,4.72,0.0,0.0
13,COPOC,OCDF,0.030000000000000027,1.0,5.65,4.65,,0.0,4.65,0.0,0.0
13,COPOC,OCDF,0.050000000000000044,0.99,5.53,4.53,1.0,1.0,4.93,0.01,0.0
13,COPOC,OCDF,0.07999999999999996,0.9,4.74,3.74,1.0,1.0,6.240000000000002,0.1,0.0
13,COPOC,OCDF,0.09999999999999998,0.9,4.69,3.69,1.0,1.0,5.69,0.1,0.0
13,COPOC,OCDF,0.13,0.87,4.46,3.46,1.0,1.0,5.46,0.13,0.0
13,COPOC,OCDF,0.15000000000000002,0.87,4.43,3.43,1.0769230769230769,2.0,5.296666666666666,0.14,0.0
13,COPOC,OCDF,0.18000000000000005,0.84,4.27,3.27,1.0625,2.0,5.158888888888888,0.17,0.0
13,COPOC,OCDF,0.19999999999999996,0.79,3.98,2.98,1.0952380952380953,2.0,5.28,0.23,0.0
13,COPOC,APS,0.010000000000000009,1.0,4.75,3.75,,0.0,3.75,0.0,0.0
13,COPOC,APS,0.020000000000000018,0.99,3.87,2.87,1.0,1.0,3.8699999999999988,0.01,0.0
13,COPOC,APS,0.030000000000000027,0.99,3.51,2.51,1.0,1.0,3.1766666666666663,0.01,0.0
13,COPOC,APS,0.050000000000000044,0.99,3.46,2.46,1.0,1.0,2.86,0.01,0.0
13,COPOC,APS,0.07999999999999996,0.96,2.87,1.87,1.0,1.0,2.8700000000000006,0.04,0.0
13,COPOC,APS,0.09999999999999998,0.96,2.77,1.77,1.0,1.0,2.57,0.04,0.0
13,COPOC,APS,0.13,0.96,2.54,1.54,1.0,1.0,2.1553846153846155,0.04,0.0
13,COPOC,APS,0.15000000000000002,0.95,2.47,1.47,1.0,1.0,2.1366666666666663,0.05,0.0
13,COPOC,APS,0.18000000000000005,0.9,2.25,1.25,1.0,1.0,2.3611111111111107,0.1,0.0
13,COPOC,APS,0.19999999999999996,0.83,2.08,1.09,1.2352941176470589,5.0,2.79,0.21,0.0
13,COPOC,LAC,0.010000000000000009,1.0,4.83,3.83,,0.0,3.83,0.0,0.0
13,COPOC,LAC,0.020000000000000018,1.0,3.81,2.81,,0.0,2.81,0.0,0.0
13,COPOC,LAC,0.030000000000000027,0.99,3.26,2.26,1.0,1.0,2.9266666666666663,0.01,0.0
13,COPOC,LAC,0.050000000000000044,0.98,3.1,2.1,1.0,1.0,2.8999999999999995,0.02,0.0
13,COPOC,LAC,0.07999999999999996,0.98,2.82,1.82,1.0,1.0,2.3200000000000003,0.02,0.0
13,COPOC,LAC,0.09999999999999998,0.97,2.68,1.68,1.0,1.0,2.28,0.03,0.0
13,COPOC,LAC,0.13,0.9,2.3,1.3,1.0,1.0,2.8384615384615386,0.1,0.0
13,COPOC,LAC,0.15000000000000002,0.86,2.1,1.1,1.0,1.0,2.9666666666666663,0.14,0.0
13,COPOC,LAC,0.18000000000000005,0.82,1.81,0.81,1.0555555555555556,2.0,2.9211111111111103,0.19,0.0
13,COPOC,LAC,0.19999999999999996,0.81,1.77,0.77,1.0526315789473684,2.0,2.77,0.2,0.0
14,COPOC,min-CPS,0.010000000000000009,0.97,3.09,2.09,1.0,1.0,8.089999999999996,0.03,0.0
14,COPOC,min-CPS,0.020000000000000018,0.93,2.75,1.75,1.1428571428571428,2.0,9.749999999999993,0.08,0.0
14,COPOC,min-CPS,0.030000000000000027,0.92,2.68,1.68,1.125,2.0,7.679999999999995,0.09,0.0
14,COPOC,min-CPS,0.050000000000000044,0.91,2.47,1.47,1.1111111111111112,2.0,5.469999999999996,0.1,0.0
14,COPOC,min-CPS,0.07999999999999996,0.87,2.13,1.13,1.0769230769230769,2.0,4.630000000000003,0.14,0.0
14,COPOC,min-CPS,0.09999999999999998,0.87,2.08,1.08,1.1538461538461537,2.0,4.08,0.15,0.0
14,COPOC,min-CPS,0.13,0.86,2.06,1.06,1.1428571428571428,2.0,3.5215384615384613,0.16,0.0
14,COPOC,min-CPS,0.15000000000000002,0.85,1.95,0.95,1.2,2.0,3.35,0.18,0.0
14,COPOC,min-CPS,0.18000000000000005,0.84,1.89,0.89,1.1875,2.0,3.001111111111111,0.19,0.0
14,COPOC,min-CPS,0.19999999999999996,0.83,1.85,0.85,1.1764705882352942,2.0,2.85,0.2,0.0
14,COPOC,RPS,0.010000000000000009,0.95,3.35,2.35,1.0,1.0,12.34999999999999,0.05,0.0
14,COPOC,RPS,0.020000000000000018,0.95,3.2,2.2,1.0,1.0,7.199999999999996,0.05,0.0
14,COPOC,RPS,0.030000000000000027,0.95,2.98,1.98,1.0,1.0,5.31333333333333,0.05,0.0
14,COPOC,RPS,0.050000000000000044,0.93,2.74,1.74,1.1428571428571428,2.0,4.939999999999997,0.08,0.0
14,COPOC,RPS,0.07999999999999996,0.93,2.52,1.52,1.1428571428571428,2.0,3.5200000000000014,0.08,0.0
14,COPOC,RPS,0.09999999999999998,0.87,2.12,1.12,1.1538461538461537,2.0,4.12,0.15,0.0
14,COPOC,RPS,0.13,0.86,2.05,1.05,1.1428571428571428,2.0,3.5115384615384615,0.16,0.0
14,COPOC,RPS,0.15000000000000002,0.85,1.98,0.98,1.2,2.0,3.38,0.18,0.0
14,COPOC,RPS,0.18000000000000005,0.85,1.83,0.83,1.2666666666666666,2.0,2.9411111111111103,0.19,0.0
14,COPOC,RPS,0.19999999999999996,0.83,1.72,0.72,1.2352941176470589,2.0,2.82,0.21,0.0
14,COPOC,OCDF,0.010000000000000009,0.97,5.35,4.35,1.0,1.0,10.349999999999996,0.03,0.0
14,COPOC,OCDF,0.020000000000000018,0.97,5.35,4.35,1.0,1.0,7.349999999999998,0.03,0.0
14,COPOC,OCDF,0.030000000000000027,0.95,5.09,4.09,1.0,1.0,7.42333333333333,0.05,0.0
14,COPOC,OCDF,0.050000000000000044,0.95,5.05,4.05,1.2,2.0,6.4499999999999975,0.06,0.0
14,COPOC,OCDF,0.07999999999999996,0.94,4.69,3.69,1.1666666666666667,2.0,5.440000000000001,0.07,0.0
14,COPOC,OCDF,0.09999999999999998,0.91,4.56,3.56,1.2222222222222223,2.0,5.76,0.11,0.0
14,COPOC,OCDF,0.13,0.89,4.46,3.46,1.1818181818181819,2.0,5.46,0.13,0.0
14,COPOC,OCDF,0.15000000000000002,0.87,4.32,3.32,1.1538461538461537,2.0,5.32,0.15,0.0
14,COPOC,OCDF,0.18000000000000005,0.82,4.03,3.03,1.2222222222222223,2.0,5.474444444444443,0.22,0.0
14,COPOC,OCDF,0.19999999999999996,0.81,3.95,2.95,1.2105263157894737,2.0,5.25,0.23,0.0
14,COPOC,APS,0.010000000000000009,0.97,3.81,2.81,1.0,1.0,8.809999999999995,0.03,0.0
14,COPOC,APS,0.020000000000000018,0.96,3.28,2.28,1.0,1.0,6.279999999999997,0.04,0.0
14,COPOC,APS,0.030000000000000027,0.93,2.88,1.88,1.1428571428571428,2.0,7.213333333333328,0.08,0.0
14,COPOC,APS,0.050000000000000044,0.92,2.64,1.64,1.125,2.0,5.239999999999997,0.09,0.0
14,COPOC,APS,0.07999999999999996,0.84,2.18,1.18,1.1875,2.0,5.930000000000002,0.19,0.0
14,COPOC,APS,0.09999999999999998,0.83,2.12,1.12,1.1764705882352942,2.0,5.120000000000001,0.2,0.0
14,COPOC,APS,0.13,0.79,1.9,0.92,1.5238095238095237,5.0,4.458461538461538,0.32,0.0
14,COPOC,APS,0.15000000000000002,0.76,1.81,0.84,1.625,5.0,4.306666666666666,0.39,0.0
14,COPOC,APS,0.18000000000000005,0.74,1.76,0.79,1.6153846153846154,5.0,4.0122222222222215,0.42,0.0
14,COPOC,APS,0.19999999999999996,0.74,1.76,0.79,1.6153846153846154,5.0,3.69,0.42,0.0
14,COPOC,LAC,0.010000000000000009,0.96,3.01,2.01,1.0,1.0,10.009999999999993,0.04,0.0
14,COPOC,LAC,0.020000000000000018,0.93,2.75,1.75,1.1428571428571428,2.0,9.749999999999993,0.08,0.0
14,COPOC,LAC,0.030000000000000027,0.92,2.59,1.59,1.125,2.0,7.589999999999995,0.09,0.0
14,COPOC,LAC,0.050000000000000044,0.9,2.35,1.35,1.1,2.0,5.749999999999996,0.11,0.0
14,COPOC,LAC,0.07999999999999996,0.89,2.25,1.25,1.0909090909090908,2.0,4.250000000000002,0.12,0.0
14,COPOC,LAC,0.09999999999999998,0.85,2.04,1.04,1.1333333333333333,2.0,4.44,0.17,0.0
14,COPOC,LAC,0.13,0.84,1.95,0.95,1.1875,2.0,3.8730769230769226,0.19,0.0
14,COPOC,LAC,0.15000000000000002,0.84,1.91,0.91,1.1875,2.0,3.4433333333333325,0.19,0.0
14,COPOC,LAC,0.18000000000000005,0.84,1.79,0.79,1.1875,2.0,2.9011111111111108,0.19,0.0
14,COPOC,LAC,0.19999999999999996,0.82,1.72,0.72,1.2222222222222223,2.0,2.92,0.22,0.0
15,COPOC,min-CPS,0.010000000000000009,1.0,4.8,3.8,,0.0,3.8,0.0,0.0
15,COPOC,min-CPS,0.020000000000000018,0.99,3.13,2.13,1.0,1.0,3.129999999999999,0.01,0.0
15,COPOC,min-CPS,0.030000000000000027,0.99,3.11,2.11,1.0,1.0,2.7766666666666664,0.01,0.0
15,COPOC,min-CPS,0.050000000000000044,0.92,2.61,1.61,1.0,1.0,4.809999999999997,0.08,0.0
15,COPOC,min-CPS,0.07999999999999996,0.9,2.29,1.29,1.0,1.0,3.790000000000001,0.1,0.0
15,COPOC,min-CPS,0.09999999999999998,0.89,2.19,1.19,1.0,1.0,3.39,0.11,0.0
15,COPOC,min-CPS,0.13,0.88,2.08,1.08,1.0833333333333333,2.0,3.08,0.13,0.0
15,COPOC,min-CPS,0.15000000000000002,0.86,2.04,1.04,1.1428571428571428,2.0,3.1733333333333325,0.16,0.0
15,COPOC,min-CPS,0.18000000000000005,0.84,1.92,0.92,1.125,2.0,2.9199999999999995,0.18,0.0
15,COPOC,min-CPS,0.19999999999999996,0.79,1.8,0.8,1.0952380952380953,2.0,3.1,0.23,0.0
15,COPOC,RPS,0.010000000000000009,1.0,4.24,3.24,,0.0,3.24,0.0,0.0
15,COPOC,RPS,0.020000000000000018,0.97,3.47,2.47,1.0,1.0,5.469999999999998,0.03,0.0
15,COPOC,RPS,0.030000000000000027,0.97,3.4,2.4,1.0,1.0,4.399999999999999,0.03,0.0
15,COPOC,RPS,0.050000000000000044,0.91,2.69,1.69,1.0,1.0,5.2899999999999965,0.09,0.0
15,COPOC,RPS,0.07999999999999996,0.89,2.22,1.22,1.0909090909090908,2.0,4.2200000000000015,0.12,0.0
15,COPOC,RPS,0.09999999999999998,0.88,2.17,1.17,1.0833333333333333,2.0,3.77,0.13,0.0
15,COPOC,RPS,0.13,0.87,2.07,1.07,1.0769230769230769,2.0,3.2238461538461536,0.14,0.0
15,COPOC,RPS,0.15000000000000002,0.87,2.03,1.03,1.0769230769230769,2.0,2.8966666666666665,0.14,0.0
15,COPOC,RPS,0.18000000000000005,0.85,1.85,0.85,1.2,2.0,2.8499999999999996,0.18,0.0
15,COPOC,RPS,0.19999999999999996,0.83,1.74,0.74,1.1764705882352942,2.0,2.74,0.2,0.0
15,COPOC,OCDF,0.010000000000000009,1.0,5.64,4.64,,0.0,4.64,0.0,0.0
15,COPOC,OCDF,0.020000000000000018,0.97,5.39,4.39,1.0,1.0,7.389999999999998,0.03,0.0
15,COPOC,OCDF,0.030000000000000027,0.96,5.22,4.22,1.0,1.0,6.886666666666665,0.04,0.0
15,COPOC,OCDF,0.050000000000000044,0.95,5.1,4.1,1.2,2.0,6.499999999999997,0.06,0.0
15,COPOC,OCDF,0.07999999999999996,0.95,4.84,3.84,1.2,2.0,5.340000000000001,0.06,0.0
15,COPOC,OCDF,0.09999999999999998,0.92,4.65,3.65,1.125,2.0,5.45,0.09,0.0
15,COPOC,OCDF,0.13,0.83,4.24,3.24,1.1764705882352942,2.0,6.316923076923078,0.2,0.0
15,COPOC,OCDF,0.15000000000000002,0.8,4.15,3.15,1.15,2.0,6.216666666666665,0.23,0.0
15,COPOC,OCDF,0.18000000000000005,0.77,3.86,2.86,1.1304347826086956,2.0,5.748888888888887,0.26,0.0
15,COPOC,OCDF,0.19999999999999996,0.77,3.85,2.85,1.1304347826086956,2.0,5.45,0.26,0.0
15,COPOC,APS,0.010000000000000009,1.0,4.72,3.72,,0.0,3.72,0.0,0.0
15,COPOC,APS,0.020000000000000018,0.99,3.51,2.51,1.0,1.0,3.509999999999999,0.01,0.0
15,COPOC,APS,0.030000000000000027,0.99,3.27,2.27,1.0,1.0,2.936666666666666,0.01,0.0
15,COPOC,APS,0.050000000000000044,0.99,3.23,2.23,1.0,1.0,2.63,0.01,0.0
15,COPOC,APS,0.07999999999999996,0.91,2.4,1.4,1.1111111111111112,2.0,3.9000000000000012,0.1,0.0
15,COPOC,APS,0.09999999999999998,0.88,2.3,1.31,1.4166666666666667,5.0,3.91,0.17,0.0
15,COPOC,APS,0.13,0.87,2.15,1.16,1.3846153846153846,5.0,3.3138461538461534,0.18,0.0
15,COPOC,APS,0.15000000000000002,0.83,2.03,1.05,1.588235294117647,5.0,3.4499999999999993,0.27,0.0
15,COPOC,APS,0.18000000000000005,0.78,1.89,0.91,1.4545454545454546,5.0,3.465555555555555,0.32,0.0
15,COPOC,APS,0.19999999999999996,0.77,1.85,0.88,1.608695652173913,5.0,3.28,0.37,0.0
15,COPOC,LAC,0.010000000000000009,1.0,4.84,3.84,,0.0,3.84,0.0,0.0
15,COPOC,LAC,0.020000000000000018,0.99,3.1,2.1,1.0,1.0,3.0999999999999988,0.01,0.0
15,COPOC,LAC,0.030000000000000027,0.98,3.0,2.0,1.0,1.0,3.3333333333333326,0.02,0.0
15,COPOC,LAC,0.050000000000000044,0.93,2.56,1.56,1.0,1.0,4.359999999999998,0.07,0.0
15,COPOC,LAC,0.07999999999999996,0.9,2.28,1.28,1.0,1.0,3.780000000000001,0.1,0.0
15,COPOC,LAC,0.09999999999999998,0.9,2.23,1.23,1.0,1.0,3.23,0.1,0.0
15,COPOC,LAC,0.13,0.88,2.08,1.08,1.0833333333333333,2.0,3.08,0.13,0.0
15,COPOC,LAC,0.15000000000000002,0.85,2.01,1.01,1.1333333333333333,2.0,3.2766666666666664,0.17,0.0
15,COPOC,LAC,0.18000000000000005,0.81,1.77,0.77,1.105263157894737,2.0,3.1033333333333326,0.21,0.0
15,COPOC,LAC,0.19999999999999996,0.79,1.71,0.71,1.1428571428571428,2.0,3.11,0.24,0.0
16,COPOC,min-CPS,0.010000000000000009,1.0,4.82,3.82,,0.0,3.82,0.0,0.0
16,COPOC,min-CPS,0.020000000000000018,1.0,3.82,2.82,,0.0,2.82,0.0,0.0
16,COPOC,min-CPS,0.030000000000000027,0.99,3.23,2.23,1.0,1.0,2.8966666666666665,0.01,0.0
16,COPOC,min-CPS,0.050000000000000044,0.98,3.04,2.04,1.0,1.0,2.8399999999999994,0.02,0.0
16,COPOC,min-CPS,0.07999999999999996,0.98,2.87,1.87,1.0,1.0,2.37,0.02,0.0
16,COPOC,min-CPS,0.09999999999999998,0.95,2.58,1.58,1.0,1.0,2.58,0.05,0.0
16,COPOC,min-CPS,0.13,0.91,2.29,1.29,1.0,1.0,2.6746153846153846,0.09,0.0
16,COPOC,min-CPS,0.15000000000000002,0.89,2.15,1.15,1.0,1.0,2.6166666666666663,0.11,0.0
16,COPOC,min-CPS,0.18000000000000005,0.85,1.95,0.95,1.0,1.0,2.6166666666666663,0.15,0.0
16,COPOC,min-CPS,0.19999999999999996,0.81,1.88,0.88,1.0,1.0,2.78,0.19,0.0
16,COPOC,RPS,0.010000000000000009,1.0,4.26,3.26,,0.0,3.26,0.0,0.0
16,COPOC,RPS,0.020000000000000018,1.0,3.91,2.91,,0.0,2.91,0.0,0.0
16,COPOC,RPS,0.030000000000000027,1.0,3.68,2.68,,0.0,2.68,0.0,0.0
16,COPOC,RPS,0.050000000000000044,0.96,2.91,1.91,1.0,1.0,3.509999999999999,0.04,0.0
16,COPOC,RPS,0.07999999999999996,0.94,2.73,1.73,1.0,1.0,3.2300000000000004,0.06,0.0
16,COPOC,RPS,0.09999999999999998,0.92,2.38,1.38,1.0,1.0,2.98,0.08,0.0
16,COPOC,RPS,0.13,0.87,2.12,1.12,1.0,1.0,3.12,0.13,0.0
16,COPOC,RPS,0.15000000000000002,0.85,1.97,0.97,1.0666666666666667,2.0,3.103333333333333,0.16,0.0
16,COPOC,RPS,0.18000000000000005,0.84,1.86,0.86,1.0625,2.0,2.7488888888888887,0.17,0.0
16,COPOC,RPS,0.19999999999999996,0.83,1.76,0.76,1.0588235294117647,2.0,2.56,0.18,0.0
16,COPOC,OCDF,0.010000000000000009,1.0,5.82,4.82,,0.0,4.82,0.0,0.0
16,COPOC,OCDF,0.020000000000000018,1.0,5.79,4.79,,0.0,4.79,0.0,0.0
16,COPOC,OCDF,0.030000000000000027,1.0,5.7,4.7,,0.0,4.7,0.0,0.0
16,COPOC,OCDF,0.050000000000000044,0.99,5.54,4.54,1.0,1.0,4.94,0.01,0.0
16,COPOC,OCDF,0.07999999999999996,0.98,5.26,4.26,1.0,1.0,4.76,0.02,0.0
16,COPOC,OCDF,0.09999999999999998,0.9,4.72,3.72,1.0,1.0,5.72,0.1,0.0
16,COPOC,OCDF,0.13,0.87,4.49,3.49,1.0,1.0,5.49,0.13,0.0
16,COPOC,OCDF,0.15000000000000002,0.84,4.38,3.38,1.0625,2.0,5.6466666666666665,0.17,0.0
16,COPOC,OCDF,0.18000000000000005,0.84,4.31,3.31,1.0625,2.0,5.198888888888888,0.17,0.0
16,COPOC,OCDF,0.19999999999999996,0.84,4.15,3.15,1.125,2.0,4.95,0.18,0.0
16,COPOC,APS,0.010000000000000009,1.0,4.82,3.82,,0.0,3.82,0.0,0.0
16,COPOC,APS,0.020000000000000018,1.0,4.57,3.57,,0.0,3.57,0.0,0.0
16,COPOC,APS,0.030000000000000027,1.0,3.54,2.54,,0.0,2.54,0.0,0.0
16,COPOC,APS,0.050000000000000044,1.0,3.37,2.37,,0.0,2.37,0.0,0.0
16,COPOC,APS,0.07999999999999996,0.97,2.86,1.86,1.0,1.0,2.6100000000000008,0.03,0.0
16,COPOC,APS,0.09999999999999998,0.88,2.52,1.52,1.0,1.0,3.92,0.12,0.0
16,COPOC,APS,0.13,0.85,2.29,1.29,1.0,1.0,3.597692307692307,0.15,0.0
16,COPOC,APS,0.15000000000000002,0.85,2.26,1.26,1.0,1.0,3.2599999999999993,0.15,0.0
16,COPOC,APS,0.18000000000000005,0.82,2.07,1.07,1.0,1.0,3.069999999999999,0.18,0.0
16,COPOC,APS,0.19999999999999996,0.82,2.07,1.07,1.0,1.0,2.87,0.18,0.0
16,COPOC,LAC,0.010000000000000009,1.0,4.87,3.87,,0.0,3.87,0.0,0.0
16,COPOC,LAC,0.020000000000000018,1.0,3.73,2.73,,0.0,2.73,0.0,0.0
16,COPOC,LAC,0.030000000000000027,0.99,3.2,2.2,1.0,1.0,2.8666666666666663,0.01,0.0
16,COPOC,LAC,0.050000000000000044,0.98,3.05,2.05,1.0,1.0,2.8499999999999996,0.02,0.0
16,COPOC,LAC,0.07999999999999996,0.98,2.8,1.8,1.0,1.0,2.3000000000000003,0.02,0.0
16,COPOC,LAC,0.09999999999999998,0.95,2.5,1.5,1.0,1.0,2.5,0.05,0.0
16,COPOC,LAC,0.13,0.94,2.38,1.38,1.0,1.0,2.303076923076923,0.06,0.0
16,COPOC,LAC,0.15000000000000002,0.88,2.09,1.09,1.0,1.0,2.69,0.12,0.0
16,COPOC,LAC,0.18000000000000005,0.83,1.79,0.79,1.0588235294117647,2.0,2.7899999999999996,0.18,0.0
16,COPOC,LAC,0.19999999999999996,0.83,1.77,0.77,1.0588235294117647,2.0,2.57,0.18,0.0
17,COPOC,min-CPS,0.010000000000000009,0.99,3.84,2.84,1.0,1.0,4.839999999999998,0.01,0.0
17,COPOC,min-CPS,0.020000000000000018,0.99,3.33,2.33,1.0,1.0,3.3299999999999987,0.01,0.0
17,COPOC,min-CPS,0.030000000000000027,0.98,3.25,2.25,1.5,2.0,4.249999999999999,0.03,0.0
17,COPOC,min-CPS,0.050000000000000044,0.94,2.88,1.88,1.1666666666666667,2.0,4.679999999999998,0.07,0.0
17,COPOC,min-CPS,0.07999999999999996,0.92,2.54,1.54,1.125,2.0,3.790000000000001,0.09,0.0
17,COPOC,min-CPS,0.09999999999999998,0.85,2.2,1.2,1.0666666666666667,2.0,4.4,0.16,0.0
17,COPOC,min-CPS,0.13,0.84,2.12,1.12,1.125,2.0,3.8892307692307693,0.18,0.0
17,COPOC,min-CPS,0.15000000000000002,0.81,1.98,0.98,1.105263157894737,2.0,3.7799999999999994,0.21,0.0
17,COPOC,min-CPS,0.18000000000000005,0.76,1.81,0.81,1.0833333333333333,2.0,3.698888888888888,0.26,0.0
17,COPOC,min-CPS,0.19999999999999996,0.77,1.78,0.78,1.0869565217391304,2.0,3.28,0.25,0.0
17,COPOC,RPS,0.010000000000000009,0.99,3.96,2.96,1.0,1.0,4.959999999999998,0.01,0.0
17,COPOC,RPS,0.020000000000000018,0.99,3.79,2.79,1.0,1.0,3.7899999999999987,0.01,0.0
17,COPOC,RPS,0.030000000000000027,0.98,3.51,2.51,1.0,1.0,3.8433333333333324,0.02,0.0
17,COPOC,RPS,0.050000000000000044,0.98,3.34,2.34,1.0,1.0,3.1399999999999992,0.02,0.0
17,COPOC,RPS,0.07999999999999996,0.88,2.3,1.3,1.0833333333333333,2.0,4.550000000000002,0.13,0.0
17,COPOC,RPS,0.09999999999999998,0.86,2.18,1.18,1.0714285714285714,2.0,4.18,0.15,0.0
17,COPOC,RPS,0.13,0.84,2.05,1.05,1.0625,2.0,3.665384615384615,0.17,0.0
17,COPOC,RPS,0.15000000000000002,0.84,2.02,1.02,1.0625,2.0,3.286666666666666,0.17,0.0
17,COPOC,RPS,0.18000000000000005,0.8,1.77,0.77,1.1,2.0,3.214444444444444,0.22,0.0
17,COPOC,RPS,0.19999999999999996,0.76,1.7,0.7,1.0833333333333333,2.0,3.3,0.26,0.0
17,COPOC,OCDF,0.010000000000000009,0.99,5.83,4.83,1.0,1.0,6.829999999999997,0.01,0.0
17,COPOC,OCDF,0.020000000000000018,0.99,5.77,4.77,1.0,1.0,5.769999999999999,0.01,0.0
17,COPOC,OCDF,0.030000000000000027,0.99,5.63,4.63,1.0,1.0,5.296666666666666,0.01,0.0
17,COPOC,OCDF,0.050000000000000044,0.97,5.35,4.35,1.0,1.0,5.549999999999999,0.03,0.0
17,COPOC,OCDF,0.07999999999999996,0.95,4.95,3.95,1.0,1.0,5.2,0.05,0.0
17,COPOC,OCDF,0.09999999999999998,0.92,4.8,3.8,1.0,1.0,5.4,0.08,0.0
17,COPOC,OCDF,0.13,0.9,4.69,3.69,1.0,1.0,5.228461538461538,0.1,0.0
17,COPOC,OCDF,0.15000000000000002,0.88,4.55,3.55,1.0,1.0,5.15,0.12,0.0
17,COPOC,OCDF,0.18000000000000005,0.87,4.44,3.44,1.0769230769230769,2.0,4.995555555555555,0.14,0.0
17,COPOC,OCDF,0.19999999999999996,0.86,4.35,3.35,1.0714285714285714,2.0,4.85,0.15,0.0
17,COPOC,APS,0.010000000000000009,0.99,3.71,2.71,1.0,1.0,4.709999999999998,0.01,0.0
17,COPOC,APS,0.020000000000000018,0.99,3.6,2.6,1.0,1.0,3.5999999999999988,0.01,0.0
17,COPOC,APS,0.030000000000000027,0.97,3.21,2.21,1.0,1.0,4.209999999999999,0.03,0.0
17,COPOC,APS,0.050000000000000044,0.97,3.06,2.06,1.3333333333333333,2.0,3.659999999999999,0.04,0.0
17,COPOC,APS,0.07999999999999996,0.96,2.95,1.95,1.25,2.0,3.200000000000001,0.05,0.0
17,COPOC,APS,0.09999999999999998,0.89,2.45,1.45,1.0909090909090908,2.0,3.85,0.12,0.0
17,COPOC,APS,0.13,0.84,2.2,1.21,1.3125,5.0,3.825384615384615,0.21,0.0
17,COPOC,APS,0.15000000000000002,0.82,2.17,1.18,1.2777777777777777,5.0,3.713333333333333,0.23,0.0
17,COPOC,APS,0.18000000000000005,0.8,2.09,1.1,1.25,5.0,3.4333333333333327,0.25,0.0
17,COPOC,APS,0.19999999999999996,0.8,2.07,1.08,1.25,5.0,3.18,0.25,0.0
17,COPOC,LAC,0.010000000000000009,0.99,3.74,2.74,1.0,1.0,4.739999999999998,0.01,0.0
17,COPOC,LAC,0.020000000000000018,0.99,3.3,2.3,1.0,1.0,3.299999999999999,0.01,0.0
17,COPOC,LAC,0.030000000000000027,0.99,3.25,2.25,1.0,1.0,2.916666666666666,0.01,0.0
17,COPOC,LAC,0.050000000000000044,0.94,2.79,1.79,1.1666666666666667,2.0,4.589999999999998,0.07,0.0
17,COPOC,LAC,0.07999999999999996,0.92,2.46,1.46,1.125,2.0,3.7100000000000013,0.09,0.0
17,COPOC,LAC,0.09999999999999998,0.84,2.15,1.15,1.0625,2.0,4.55,0.17,0.0
17,COPOC,LAC,0.13,0.83,2.06,1.06,1.1176470588235294,2.0,3.9830769230769225,0.19,0.0
17,COPOC,LAC,0.15000000000000002,0.79,1.78,0.78,1.0952380952380953,2.0,3.8466666666666662,0.23,0.0
17,COPOC,LAC,0.18000000000000005,0.78,1.73,0.73,1.0909090909090908,2.0,3.3966666666666665,0.24,0.0
17,COPOC,LAC,0.19999999999999996,0.77,1.7,0.7,1.0869565217391304,2.0,3.2,0.25,0.0
18,COPOC,min-CPS,0.010000000000000009,0.99,3.85,2.85,1.0,1.0,4.849999999999998,0.01,0.0
18,COPOC,min-CPS,0.020000000000000018,0.97,3.15,2.15,1.3333333333333333,2.0,6.149999999999997,0.04,0.0
18,COPOC,min-CPS,0.030000000000000027,0.97,3.15,2.15,1.3333333333333333,2.0,4.816666666666665,0.04,0.0
18,COPOC,min-CPS,0.050000000000000044,0.96,2.89,1.89,1.25,2.0,3.889999999999999,0.05,0.0
18,COPOC,min-CPS,0.07999999999999996,0.93,2.52,1.52,1.1428571428571428,2.0,3.5200000000000014,0.08,0.0
18,COPOC,min-CPS,0.09999999999999998,0.91,2.34,1.34,1.1111111111111112,2.0,3.34,0.1,0.0
18,COPOC,min-CPS,0.13,0.89,2.16,1.16,1.0909090909090908,2.0,3.006153846153846,0.12,0.0
18,COPOC,min-CPS,0.15000000000000002,0.84,2.0,1.0,1.0625,2.0,3.266666666666666,0.17,0.0
18,COPOC,min-CPS,0.18000000000000005,0.8,1.9,0.9,1.05,2.0,3.2333333333333325,0.21,0.0
18,COPOC,min-CPS,0.19999999999999996,0.8,1.87,0.87,1.05,2.0,2.97,0.21,0.0
18,COPOC,RPS,0.010000000000000009,0.99,3.89,2.89,1.0,1.0,4.889999999999998,0.01,0.0
18,COPOC,RPS,0.020000000000000018,0.99,3.71,2.71,1.0,1.0,3.709999999999999,0.01,0.0
18,COPOC,RPS,0.030000000000000027,0.99,3.61,2.61,1.0,1.0,3.2766666666666664,0.01,0.0
18,COPOC,RPS,0.050000000000000044,0.95,2.87,1.87,1.0,1.0,3.8699999999999983,0.05,0.0
18,COPOC,RPS,0.07999999999999996,0.91,2.46,1.46,1.1111111111111112,2.0,3.9600000000000013,0.1,0.0
18,COPOC,RPS,0.09999999999999998,0.89,2.19,1.19,1.0909090909090908,2.0,3.59,0.12,0.0
18,COPOC,RPS,0.13,0.87,2.09,1.09,1.0769230769230769,2.0,3.2438461538461536,0.14,0.0
18,COPOC,RPS,0.15000000000000002,0.86,1.98,0.98,1.1428571428571428,2.0,3.1133333333333333,0.16,0.0
18,COPOC,RPS,0.18000000000000005,0.82,1.79,0.79,1.1111111111111112,2.0,3.012222222222222,0.2,0.0
18,COPOC,RPS,0.19999999999999996,0.79,1.72,0.72,1.0952380952380953,2.0,3.02,0.23,0.0
18,COPOC,OCDF,0.010000000000000009,0.99,5.82,4.82,1.0,1.0,6.819999999999998,0.01,0.0
18,COPOC,OCDF,0.020000000000000018,0.99,5.71,4.71,1.0,1.0,5.709999999999999,0.01,0.0
18,COPOC,OCDF,0.030000000000000027,0.98,5.56,4.56,1.0,1.0,5.893333333333333,0.02,0.0
18,COPOC,OCDF,0.050000000000000044,0.98,5.39,4.39,1.0,1.0,5.19,0.02,0.0
18,COPOC,OCDF,0.07999999999999996,0.93,4.84,3.84,1.0,1.0,5.590000000000001,0.07,0.0
18,COPOC,OCDF,0.09999999999999998,0.92,4.78,3.78,1.0,1.0,5.38,0.08,0.0
18,COPOC,OCDF,0.13,0.89,4.66,3.66,1.0,1.0,5.352307692307693,0.11,0.0
18,COPOC,OCDF,0.15000000000000002,0.89,4.54,3.54,1.0,1.0,5.006666666666666,0.11,0.0
18,COPOC,OCDF,0.18000000000000005,0.85,4.35,3.35,1.0666666666666667,2.0,5.127777777777777,0.16,0.0
18,COPOC,OCDF,0.19999999999999996,0.82,4.03,3.03,1.1111111111111112,2.0,5.03,0.2,0.0
18,COPOC,APS,0.010000000000000009,0.99,4.13,3.13,1.0,1.0,5.129999999999998,0.01,0.0
18,COPOC,APS,0.020000000000000018,0.98,3.49,2.49,1.5,2.0,5.4899999999999975,0.03,0.0
18,COPOC,APS,0.030000000000000027,0.98,3.39,2.39,1.5,2.0,4.389999999999998,0.03,0.0
18,COPOC,APS,0.050000000000000044,0.97,3.13,2.13,1.3333333333333333,2.0,3.7299999999999986,0.04,0.0
18,COPOC,APS,0.07999999999999996,0.95,2.79,1.79,1.2,2.0,3.290000000000001,0.06,0.0
18,COPOC,APS,0.09999999999999998,0.93,2.64,1.64,1.1428571428571428,2.0,3.24,0.08,0.0
18,COPOC,APS,0.13,0.87,2.15,1.15,1.0769230769230769,2.0,3.3038461538461537,0.14,0.0
18,COPOC,APS,0.15000000000000002,0.84,2.04,1.04,1.0625,2.0,3.306666666666666,0.17,0.0
18,COPOC,APS,0.18000000000000005,0.82,1.98,0.98,1.0555555555555556,2.0,3.0911111111111103,0.19,0.0
18,COPOC,APS,0.19999999999999996,0.82,1.89,0.9,1.2777777777777777,5.0,2.7,0.23,0.0
18,COPOC,LAC,0.010000000000000009,0.99,3.78,2.78,1.0,1.0,4.7799999999999985,0.01,0.0
18,COPOC,LAC,0.020000000000000018,0.98,3.19,2.19,1.0,1.0,4.189999999999999,0.02,0.0
18,COPOC,LAC,0.030000000000000027,0.97,3.04,2.04,1.3333333333333333,2.0,4.706666666666664,0.04,0.0
18,COPOC,LAC,0.050000000000000044,0.96,2.88,1.88,1.25,2.0,3.879999999999998,0.05,0.0
18,COPOC,LAC,0.07999999999999996,0.94,2.47,1.47,1.1666666666666667,2.0,3.220000000000001,0.07,0.0
18,COPOC,LAC,0.09999999999999998,0.9,2.29,1.29,1.1,2.0,3.49,0.11,0.0
18,COPOC,LAC,0.13,0.9,2.22,1.22,1.1,2.0,2.9123076923076923,0.11,0.0
18,COPOC,LAC,0.15000000000000002,0.87,2.08,1.08,1.0769230769230769,2.0,2.9466666666666663,0.14,0.0
18,COPOC,LAC,0.18000000000000005,0.77,1.69,0.69,1.0869565217391304,2.0,3.467777777777777,0.25,0.0
18,COPOC,LAC,0.19999999999999996,0.75,1.66,0.66,1.08,2.0,3.36,0.27,0.0
19,COPOC,min-CPS,0.010000000000000009,0.96,3.17,2.17,1.25,2.0,12.169999999999991,0.05,0.0
19,COPOC,min-CPS,0.020000000000000018,0.96,3.17,2.17,1.25,2.0,7.1699999999999955,0.05,0.0
19,COPOC,min-CPS,0.030000000000000027,0.97,3.06,2.06,1.3333333333333333,2.0,4.726666666666665,0.04,0.0
19,COPOC,min-CPS,0.050000000000000044,0.96,2.84,1.84,1.25,2.0,3.839999999999998,0.05,0.0
19,COPOC,min-CPS,0.07999999999999996,0.93,2.52,1.52,1.1428571428571428,2.0,3.5200000000000014,0.08,0.0
19,COPOC,min-CPS,0.09999999999999998,0.87,2.17,1.17,1.1538461538461537,2.0,4.17,0.15,0.0
19,COPOC,min-CPS,0.13,0.87,2.13,1.13,1.1538461538461537,2.0,3.437692307692308,0.15,0.0
19,COPOC,min-CPS,0.15000000000000002,0.85,2.0,1.0,1.1333333333333333,2.0,3.266666666666666,0.17,0.0
19,COPOC,min-CPS,0.18000000000000005,0.81,1.88,0.88,1.105263157894737,2.0,3.2133333333333325,0.21,0.0
19,COPOC,min-CPS,0.19999999999999996,0.78,1.81,0.81,1.0909090909090908,2.0,3.21,0.24,0.0
19,COPOC,RPS,0.010000000000000009,0.99,3.84,2.84,1.0,1.0,4.839999999999998,0.01,0.0
19,COPOC,RPS,0.020000000000000018,0.98,3.57,2.57,1.0,1.0,4.5699999999999985,0.02,0.0
19,COPOC,RPS,0.030000000000000027,0.97,3.38,2.38,1.0,1.0,4.379999999999998,0.03,0.0
19,COPOC,RPS,0.050000000000000044,0.96,2.9,1.9,1.0,1.0,3.4999999999999987,0.04,0.0
19,COPOC,RPS,0.07999999999999996,0.91,2.43,1.43,1.1111111111111112,2.0,3.930000000000001,0.1,0.0
19,COPOC,RPS,0.09999999999999998,0.9,2.25,1.25,1.1,2.0,3.45,0.11,0.0
19,COPOC,RPS,0.13,0.88,2.13,1.13,1.0833333333333333,2.0,3.13,0.13,0.0
19,COPOC,RPS,0.15000000000000002,0.88,2.08,1.08,1.0833333333333333,2.0,2.813333333333333,0.13,0.0
19,COPOC,RPS,0.18000000000000005,0.76,1.67,0.67,1.0833333333333333,2.0,3.558888888888888,0.26,0.0
19,COPOC,RPS,0.19999999999999996,0.76,1.67,0.67,1.0833333333333333,2.0,3.27,0.26,0.0
19,COPOC,OCDF,0.010000000000000009,1.0,5.73,4.73,,0.0,4.73,0.0,0.0
19,COPOC,OCDF,0.020000000000000018,0.99,5.62,4.62,1.0,1.0,5.619999999999999,0.01,0.0
19,COPOC,OCDF,0.030000000000000027,0.98,5.52,4.52,1.0,1.0,5.853333333333333,0.02,0.0
19,COPOC,OCDF,0.050000000000000044,0.97,5.3,4.3,1.0,1.0,5.499999999999999,0.03,0.0
19,COPOC,OCDF,0.07999999999999996,0.96,5.01,4.01,1.25,2.0,5.26,0.05,0.0
19,COPOC,OCDF,0.09999999999999998,0.92,4.74,3.74,1.125,2.0,5.54,0.09,0.0
19,COPOC,OCDF,0.13,0.92,4.68,3.68,1.125,2.0,5.064615384615385,0.09,0.0
19,COPOC,OCDF,0.15000000000000002,0.92,4.64,3.64,1.125,2.0,4.84,0.09,0.0
19,COPOC,OCDF,0.18000000000000005,0.88,4.43,3.43,1.0833333333333333,2.0,4.8744444444444435,0.13,0.0
19,COPOC,OCDF,0.19999999999999996,0.87,4.36,3.36,1.0769230769230769,2.0,4.76,0.14,0.0
19,COPOC,APS,0.010000000000000009,0.98,3.36,2.36,1.5,2.0,8.359999999999996,0.03,0.0
19,COPOC,APS,0.020000000000000018,0.98,3.34,2.34,1.5,2.0,5.339999999999998,0.03,0.0
19,COPOC,APS,0.030000000000000027,0.97,3.2,2.2,1.3333333333333333,2.0,4.8666666666666645,0.04,0.0
19,COPOC,APS,0.050000000000000044,0.94,2.87,1.87,1.1666666666666667,2.0,4.669999999999998,0.07,0.0
19,COPOC,APS,0.07999999999999996,0.93,2.66,1.66,1.1428571428571428,2.0,3.660000000000001,0.08,0.0
19,COPOC,APS,0.09999999999999998,0.88,2.26,1.26,1.0833333333333333,2.0,3.86,0.13,0.0
19,COPOC,APS,0.13,0.86,2.01,1.01,1.1428571428571428,2.0,3.471538461538462,0.16,0.0
19,COPOC,APS,0.15000000000000002,0.84,1.94,0.94,1.125,2.0,3.3399999999999994,0.18,0.0
19,COPOC,APS,0.18000000000000005,0.83,1.91,0.91,1.1176470588235294,2.0,3.021111111111111,0.19,0.0
19,COPOC,APS,0.19999999999999996,0.83,1.91,0.91,1.1176470588235294,2.0,2.81,0.19,0.0
19,COPOC,LAC,0.010000000000000009,0.97,3.15,2.15,1.0,1.0,8.149999999999995,0.03,0.0
19,COPOC,LAC,0.020000000000000018,0.96,2.99,1.99,1.25,2.0,6.989999999999996,0.05,0.0
19,COPOC,LAC,0.030000000000000027,0.96,2.98,1.98,1.25,2.0,5.31333333333333,0.05,0.0
19,COPOC,LAC,0.050000000000000044,0.96,2.84,1.84,1.25,2.0,3.839999999999998,0.05,0.0
19,COPOC,LAC,0.07999999999999996,0.94,2.5,1.5,1.1666666666666667,2.0,3.2500000000000004,0.07,0.0
19,COPOC,LAC,0.09999999999999998,0.92,2.39,1.39,1.125,2.0,3.19,0.09,0.0
19,COPOC,LAC,0.13,0.86,2.07,1.07,1.1428571428571428,2.0,3.5315384615384615,0.16,0.0
19,COPOC,LAC,0.15000000000000002,0.85,2.01,1.01,1.1333333333333333,2.0,3.2766666666666664,0.17,0.0
19,COPOC,LAC,0.18000000000000005,0.79,1.74,0.74,1.0952380952380953,2.0,3.2955555555555547,0.23,0.0
19,COPOC,LAC,0.19999999999999996,0.78,1.69,0.69,1.0909090909090908,2.0,3.09,0.24,0.0
20,COPOC,min-CPS,0.010000000000000009,1.0,4.75,3.75,,0.0,3.75,0.0,0.0
20,COPOC,min-CPS,0.020000000000000018,0.99,3.17,2.17,1.0,1.0,3.169999999999999,0.01,0.0
20,COPOC,min-CPS,0.030000000000000027,0.97,2.99,1.99,1.0,1.0,3.989999999999999,0.03,0.0
20,COPOC,min-CPS,0.050000000000000044,0.92,2.59,1.59,1.0,1.0,4.7899999999999965,0.08,0.0
20,COPOC,min-CPS,0.07999999999999996,0.86,2.12,1.12,1.0,1.0,4.620000000000001,0.14,0.0
20,COPOC,min-CPS,0.09999999999999998,0.83,2.0,1.0,1.0588235294117647,2.0,4.6000000000000005,0.18,0.0
20,COPOC,min-CPS,0.13,0.81,1.88,0.88,1.105263157894737,2.0,4.110769230769231,0.21,0.0
20,COPOC,min-CPS,0.15000000000000002,0.8,1.85,0.85,1.1,2.0,3.783333333333333,0.22,0.0
20,COPOC,min-CPS,0.18000000000000005,0.76,1.79,0.79,1.0833333333333333,2.0,3.6788888888888884,0.26,0.0
20,COPOC,min-CPS,0.19999999999999996,0.77,1.73,0.73,1.1304347826086956,2.0,3.33,0.26,0.0
20,COPOC,RPS,0.010000000000000009,1.0,4.24,3.24,,0.0,3.24,0.0,0.0
20,COPOC,RPS,0.020000000000000018,0.97,3.47,2.47,1.0,1.0,5.469999999999998,0.03,0.0
20,COPOC,RPS,0.030000000000000027,0.95,3.04,2.04,1.0,1.0,5.37333333333333,0.05,0.0
20,COPOC,RPS,0.050000000000000044,0.89,2.49,1.49,1.0,1.0,5.889999999999997,0.11,0.0
20,COPOC,RPS,0.07999999999999996,0.86,2.09,1.09,1.0714285714285714,2.0,4.8400000000000025,0.15,0.0
20,COPOC,RPS,0.09999999999999998,0.83,1.96,0.96,1.0588235294117647,2.0,4.5600000000000005,0.18,0.0
20,COPOC,RPS,0.13,0.82,1.89,0.89,1.1666666666666667,2.0,4.12076923076923,0.21,0.0
20,COPOC,RPS,0.15000000000000002,0.81,1.76,0.76,1.2105263157894737,2.0,3.826666666666666,0.23,0.0
20,COPOC,RPS,0.18000000000000005,0.8,1.71,0.71,1.2,2.0,3.3766666666666656,0.24,0.0
20,COPOC,RPS,0.19999999999999996,0.78,1.69,0.69,1.1818181818181819,2.0,3.29,0.26,0.0
20,COPOC,OCDF,0.010000000000000009,1.0,5.72,4.72,,0.0,4.72,0.0,0.0
20,COPOC,OCDF,0.020000000000000018,0.94,5.2,4.2,1.0,1.0,10.199999999999994,0.06,0.0
20,COPOC,OCDF,0.030000000000000027,0.94,5.2,4.2,1.0,1.0,8.199999999999996,0.06,0.0
20,COPOC,OCDF,0.050000000000000044,0.93,4.96,3.96,1.1428571428571428,2.0,7.1599999999999975,0.08,0.0
20,COPOC,OCDF,0.07999999999999996,0.9,4.75,3.75,1.1,2.0,6.500000000000003,0.11,0.0
20,COPOC,OCDF,0.09999999999999998,0.89,4.67,3.67,1.1818181818181819,2.0,6.27,0.13,0.0
20,COPOC,OCDF,0.13,0.87,4.51,3.51,1.1538461538461537,2.0,5.817692307692308,0.15,0.0
20,COPOC,OCDF,0.15000000000000002,0.85,4.39,3.39,1.2666666666666666,2.0,5.923333333333333,0.19,0.0
20,COPOC,OCDF,0.18000000000000005,0.79,3.98,2.98,1.1904761904761905,2.0,5.757777777777776,0.25,0.0
20,COPOC,OCDF,0.19999999999999996,0.78,3.87,2.87,1.1818181818181819,2.0,5.47,0.26,0.0
20,COPOC,APS,0.010000000000000009,1.0,4.79,3.79,,0.0,3.79,0.0,0.0
20,COPOC,APS,0.020000000000000018,0.99,3.62,2.62,1.0,1.0,3.6199999999999988,0.01,0.0
20,COPOC,APS,0.030000000000000027,0.99,3.25,2.25,1.0,1.0,2.916666666666666,0.01,0.0
20,COPOC,APS,0.050000000000000044,0.96,2.86,1.86,1.0,1.0,3.459999999999998,0.04,0.0
20,COPOC,APS,0.07999999999999996,0.89,2.35,1.35,1.0,1.0,4.100000000000001,0.11,0.0
20,COPOC,APS,0.09999999999999998,0.85,2.04,1.05,1.2666666666666666,5.0,3.85,0.19,0.0
20,COPOC,APS,0.13,0.83,1.96,0.97,1.2352941176470589,5.0,3.4315384615384605,0.21,0.0
20,COPOC,APS,0.15000000000000002,0.83,1.95,0.96,1.2352941176470589,5.0,3.0933333333333324,0.21,0.0
20,COPOC,APS,0.18000000000000005,0.78,1.8,0.81,1.2727272727272727,5.0,3.365555555555555,0.28,0.0
20,COPOC,APS,0.19999999999999996,0.77,1.77,0.78,1.2608695652173914,5.0,3.18,0.29,0.0
20,COPOC,LAC,0.010000000000000009,1.0,4.81,3.81,,0.0,3.81,0.0,0.0
20,COPOC,LAC,0.020000000000000018,0.99,3.14,2.14,1.0,1.0,3.139999999999999,0.01,0.0
20,COPOC,LAC,0.030000000000000027,0.96,2.92,1.92,1.0,1.0,4.586666666666664,0.04,0.0
20,COPOC,LAC,0.050000000000000044,0.92,2.5,1.5,1.0,1.0,4.699999999999997,0.08,0.0
20,COPOC,LAC,0.07999999999999996,0.86,2.09,1.09,1.0,1.0,4.590000000000001,0.14,0.0
20,COPOC,LAC,0.09999999999999998,0.84,2.01,1.01,1.0625,2.0,4.41,0.17,0.0
20,COPOC,LAC,0.13,0.8,1.8,0.8,1.1,2.0,4.184615384615384,0.22,0.0
20,COPOC,LAC,0.15000000000000002,0.78,1.75,0.75,1.1363636363636365,2.0,4.083333333333333,0.25,0.0
20,COPOC,LAC,0.18000000000000005,0.78,1.72,0.72,1.1818181818181819,2.0,3.6088888888888886,0.26,0.0
20,COPOC,LAC,0.19999999999999996,0.77,1.69,0.69,1.173913043478261,2.0,3.39,0.27,0.0
21,COPOC,min-CPS,0.010000000000000009,0.99,3.82,2.82,1.0,1.0,4.8199999999999985,0.01,0.0
21,COPOC,min-CPS,0.020000000000000018,0.99,3.26,2.26,1.0,1.0,3.259999999999999,0.01,0.0
21,COPOC,min-CPS,0.030000000000000027,0.94,2.88,1.88,1.1666666666666667,2.0,6.546666666666663,0.07,0.0
21,COPOC,min-CPS,0.050000000000000044,0.94,2.83,1.83,1.1666666666666667,2.0,4.629999999999998,0.07,0.0
21,COPOC,min-CPS,0.07999999999999996,0.95,2.57,1.57,1.2,2.0,3.0700000000000007,0.06,0.0
21,COPOC,min-CPS,0.09999999999999998,0.91,2.31,1.31,1.1111111111111112,2.0,3.31,0.1,0.0
21,COPOC,min-CPS,0.13,0.91,2.23,1.23,1.1111111111111112,2.0,2.7684615384615388,0.1,0.0
21,COPOC,min-CPS,0.15000000000000002,0.89,2.13,1.13,1.0909090909090908,2.0,2.73,0.12,0.0
21,COPOC,min-CPS,0.18000000000000005,0.87,2.0,1.0,1.1538461538461537,2.0,2.666666666666666,0.15,0.0
21,COPOC,min-CPS,0.19999999999999996,0.79,1.83,0.83,1.0952380952380953,2.0,3.13,0.23,0.0
21,COPOC,RPS,0.010000000000000009,0.98,3.67,2.67,1.0,1.0,6.669999999999996,0.02,0.0
21,COPOC,RPS,0.020000000000000018,0.97,3.45,2.45,1.0,1.0,5.4499999999999975,0.03,0.0
21,COPOC,RPS,0.030000000000000027,0.96,3.26,2.26,1.0,1.0,4.926666666666665,0.04,0.0
21,COPOC,RPS,0.050000000000000044,0.94,2.85,1.85,1.1666666666666667,2.0,4.649999999999998,0.07,0.0
21,COPOC,RPS,0.07999999999999996,0.91,2.42,1.42,1.1111111111111112,2.0,3.9200000000000013,0.1,0.0
21,COPOC,RPS,0.09999999999999998,0.9,2.23,1.23,1.2,2.0,3.63,0.12,0.0
21,COPOC,RPS,0.13,0.89,2.14,1.14,1.1818181818181819,2.0,3.14,0.13,0.0
21,COPOC,RPS,0.15000000000000002,0.86,1.96,0.96,1.2142857142857142,2.0,3.226666666666666,0.17,0.0
21,COPOC,RPS,0.18000000000000005,0.86,1.94,0.94,1.2142857142857142,2.0,2.828888888888888,0.17,0.0
21,COPOC,RPS,0.19999999999999996,0.85,1.82,0.82,1.2666666666666666,2.0,2.72,0.19,0.0
21,COPOC,OCDF,0.010000000000000009,0.99,5.73,4.73,1.0,1.0,6.729999999999998,0.01,0.0
21,COPOC,OCDF,0.020000000000000018,0.99,5.69,4.69,1.0,1.0,5.689999999999999,0.01,0.0
21,COPOC,OCDF,0.030000000000000027,0.99,5.54,4.54,1.0,1.0,5.206666666666666,0.01,0.0
21,COPOC,OCDF,0.050000000000000044,0.97,5.31,4.31,1.0,1.0,5.509999999999999,0.03,0.0
21,COPOC,OCDF,0.07999999999999996,0.93,4.82,3.82,1.0,1.0,5.570000000000001,0.07,0.0
21,COPOC,OCDF,0.09999999999999998,0.89,4.65,3.65,1.0909090909090908,2.0,6.05,0.12,0.0
21,COPOC,OCDF,0.13,0.88,4.53,3.53,1.0833333333333333,2.0,5.53,0.13,0.0
21,COPOC,OCDF,0.15000000000000002,0.82,4.23,3.23,1.1666666666666667,2.0,6.03,0.21,0.0
21,COPOC,OCDF,0.18000000000000005,0.78,3.9,2.9,1.1363636363636365,2.0,5.677777777777776,0.25,0.0
21,COPOC,OCDF,0.19999999999999996,0.77,3.87,2.87,1.1304347826086956,2.0,5.47,0.26,0.0
21,COPOC,APS,0.010000000000000009,0.99,3.96,2.96,2.0,2.0,6.959999999999996,0.02,0.0
21,COPOC,APS,0.020000000000000018,0.99,3.17,2.17,2.0,2.0,4.169999999999998,0.02,0.0
21,COPOC,APS,0.030000000000000027,0.98,3.1,2.1,1.5,2.0,4.099999999999998,0.03,0.0
21,COPOC,APS,0.050000000000000044,0.98,3.05,2.05,1.5,2.0,3.2499999999999987,0.03,0.0
21,COPOC,APS,0.07999999999999996,0.92,2.58,1.58,1.125,2.0,3.830000000000001,0.09,0.0
21,COPOC,APS,0.09999999999999998,0.92,2.47,1.47,1.125,2.0,3.27,0.09,0.0
21,COPOC,APS,0.13,0.9,2.22,1.22,1.1,2.0,2.9123076923076923,0.11,0.0
21,COPOC,APS,0.15000000000000002,0.87,2.09,1.09,1.0769230769230769,2.0,2.956666666666666,0.14,0.0
21,COPOC,APS,0.18000000000000005,0.83,2.02,1.02,1.1176470588235294,2.0,3.1311111111111103,0.19,0.0
21,COPOC,APS,0.19999999999999996,0.78,1.91,0.92,1.2727272727272727,5.0,3.32,0.28,0.0
21,COPOC,LAC,0.010000000000000009,0.99,3.71,2.71,1.0,1.0,4.709999999999998,0.01,0.0
21,COPOC,LAC,0.020000000000000018,0.99,3.25,2.25,1.0,1.0,3.2499999999999987,0.01,0.0
21,COPOC,LAC,0.030000000000000027,0.94,2.85,1.85,1.1666666666666667,2.0,6.516666666666663,0.07,0.0
21,COPOC,LAC,0.050000000000000044,0.94,2.73,1.73,1.1666666666666667,2.0,4.529999999999998,0.07,0.0
21,COPOC,LAC,0.07999999999999996,0.94,2.45,1.45,1.1666666666666667,2.0,3.2000000000000006,0.07,0.0
21,COPOC,LAC,0.09999999999999998,0.92,2.32,1.32,1.125,2.0,3.12,0.09,0.0
21,COPOC,LAC,0.13,0.89,2.19,1.19,1.0909090909090908,2.0,3.0361538461538458,0.12,0.0
21,COPOC,LAC,0.15000000000000002,0.89,2.12,1.12,1.0909090909090908,2.0,2.72,0.12,0.0
21,COPOC,LAC,0.18000000000000005,0.88,2.04,1.04,1.1666666666666667,2.0,2.5955555555555554,0.14,0.0
21,COPOC,LAC,0.19999999999999996,0.8,1.71,0.71,1.2,2.0,3.11,0.24,0.0
22,COPOC,min-CPS,0.010000000000000009,0.98,3.32,2.32,1.0,1.0,6.319999999999997,0.02,0.0
22,COPOC,min-CPS,0.020000000000000018,0.98,3.3,2.3,1.0,1.0,4.299999999999998,0.02,0.0
22,COPOC,min-CPS,0.030000000000000027,0.97,3.22,2.22,1.3333333333333333,2.0,4.886666666666665,0.04,0.0
22,COPOC,min-CPS,0.050000000000000044,0.96,2.98,1.98,1.25,2.0,3.9799999999999986,0.05,0.0
22,COPOC,min-CPS,0.07999999999999996,0.95,2.64,1.64,1.2,2.0,3.1400000000000006,0.06,0.0
22,COPOC,min-CPS,0.09999999999999998,0.92,2.39,1.39,1.125,2.0,3.19,0.09,0.0
22,COPOC,min-CPS,0.13,0.83,2.06,1.06,1.1176470588235294,2.0,3.9830769230769225,0.19,0.0
22,COPOC,min-CPS,0.15000000000000002,0.79,1.94,0.94,1.0952380952380953,2.0,4.006666666666666,0.23,0.0
22,COPOC,min-CPS,0.18000000000000005,0.75,1.81,0.81,1.12,2.0,3.9211111111111103,0.28,0.0
22,COPOC,min-CPS,0.19999999999999996,0.75,1.8,0.8,1.12,2.0,3.6,0.28,0.0
22,COPOC,RPS,0.010000000000000009,0.97,3.65,2.65,1.0,1.0,8.649999999999995,0.03,0.0
22,COPOC,RPS,0.020000000000000018,0.97,3.55,2.55,1.0,1.0,5.549999999999998,0.03,0.0
22,COPOC,RPS,0.030000000000000027,0.96,3.33,2.33,1.0,1.0,4.996666666666664,0.04,0.0
22,COPOC,RPS,0.050000000000000044,0.95,2.92,1.92,1.0,1.0,3.919999999999998,0.05,0.0
22,COPOC,RPS,0.07999999999999996,0.85,2.13,1.13,1.1333333333333333,2.0,5.380000000000003,0.17,0.0
22,COPOC,RPS,0.09999999999999998,0.84,2.07,1.07,1.125,2.0,4.670000000000001,0.18,0.0
22,COPOC,RPS,0.13,0.82,1.95,0.95,1.2222222222222223,2.0,4.334615384615384,0.22,0.0
22,COPOC,RPS,0.15000000000000002,0.78,1.76,0.76,1.1818181818181819,2.0,4.226666666666667,0.26,0.0
22,COPOC,RPS,0.18000000000000005,0.77,1.74,0.74,1.173913043478261,2.0,3.739999999999999,0.27,0.0
22,COPOC,RPS,0.19999999999999996,0.77,1.72,0.72,1.173913043478261,2.0,3.4200000000000004,0.27,0.0
22,COPOC,OCDF,0.010000000000000009,0.97,5.42,4.42,1.0,1.0,10.419999999999995,0.03,0.0
22,COPOC,OCDF,0.020000000000000018,0.97,5.42,4.42,1.0,1.0,7.419999999999998,0.03,0.0
22,COPOC,OCDF,0.030000000000000027,0.96,5.29,4.29,1.0,1.0,6.956666666666665,0.04,0.0
22,COPOC,OCDF,0.050000000000000044,0.93,4.92,3.92,1.1428571428571428,2.0,7.119999999999997,0.08,0.0
22,COPOC,OCDF,0.07999999999999996,0.91,4.78,3.78,1.1111111111111112,2.0,6.280000000000001,0.1,0.0
22,COPOC,OCDF,0.09999999999999998,0.89,4.69,3.69,1.1818181818181819,2.0,6.29,0.13,0.0
22,COPOC,OCDF,0.13,0.83,4.34,3.34,1.1764705882352942,2.0,6.4169230769230765,0.2,0.0
22,COPOC,OCDF,0.15000000000000002,0.82,4.23,3.23,1.1666666666666667,2.0,6.03,0.21,0.0
22,COPOC,OCDF,0.18000000000000005,0.81,4.01,3.01,1.1578947368421053,2.0,5.4544444444444435,0.22,0.0
22,COPOC,OCDF,0.19999999999999996,0.78,3.95,2.95,1.1363636363636365,2.0,5.45,0.25,0.0
22,COPOC,APS,0.010000000000000009,0.98,3.55,2.55,1.0,1.0,6.549999999999996,0.02,0.0
22,COPOC,APS,0.020000000000000018,0.97,3.32,2.32,1.3333333333333333,2.0,6.319999999999997,0.04,0.0
22,COPOC,APS,0.030000000000000027,0.97,3.25,2.25,1.3333333333333333,2.0,4.916666666666664,0.04,0.0
22,COPOC,APS,0.050000000000000044,0.97,3.19,2.19,1.3333333333333333,2.0,3.7899999999999987,0.04,0.0
22,COPOC,APS,0.07999999999999996,0.95,2.96,1.96,1.2,2.0,3.4600000000000013,0.06,0.0
22,COPOC,APS,0.09999999999999998,0.94,2.83,1.83,1.1666666666666667,2.0,3.23,0.07,0.0
22,COPOC,APS,0.13,0.86,2.28,1.29,1.3571428571428572,5.0,3.597692307692307,0.19,0.0
22,COPOC,APS,0.15000000000000002,0.82,2.11,1.12,1.3333333333333333,5.0,3.786666666666666,0.24,0.0
22,COPOC,APS,0.18000000000000005,0.78,2.03,1.05,1.4545454545454546,5.0,3.6055555555555547,0.32,0.0
22,COPOC,APS,0.19999999999999996,0.77,1.95,0.98,1.608695652173913,5.0,3.28,0.37,0.0
22,COPOC,LAC,0.010000000000000009,0.98,3.33,2.33,1.0,1.0,6.3299999999999965,0.02,0.0
22,COPOC,LAC,0.020000000000000018,0.97,3.21,2.21,1.0,1.0,5.209999999999997,0.03,0.0
22,COPOC,LAC,0.030000000000000027,0.97,3.1,2.1,1.3333333333333333,2.0,4.766666666666665,0.04,0.0
22,COPOC,LAC,0.050000000000000044,0.96,2.91,1.91,1.25,2.0,3.909999999999999,0.05,0.0
22,COPOC,LAC,0.07999999999999996,0.94,2.49,1.49,1.1666666666666667,2.0,3.240000000000001,0.07,0.0
22,COPOC,LAC,0.09999999999999998,0.91,2.4,1.4,1.1111111111111112,2.0,3.4,0.1,0.0
22,COPOC,LAC,0.13,0.84,2.07,1.07,1.125,2.0,3.839230769230769,0.18,0.0
22,COPOC,LAC,0.15000000000000002,0.8,1.79,0.79,1.15,2.0,3.8566666666666665,0.23,0.0
22,COPOC,LAC,0.18000000000000005,0.78,1.72,0.72,1.1818181818181819,2.0,3.608888888888888,0.26,0.0
22,COPOC,LAC,0.19999999999999996,0.76,1.68,0.68,1.1666666666666667,2.0,3.4800000000000004,0.28,0.0
23,COPOC,min-CPS,0.010000000000000009,0.97,3.17,2.17,1.0,1.0,8.169999999999995,0.03,0.0
23,COPOC,min-CPS,0.020000000000000018,0.97,3.1,2.1,1.3333333333333333,2.0,6.099999999999997,0.04,0.0
23,COPOC,min-CPS,0.030000000000000027,0.97,3.02,2.02,1.3333333333333333,2.0,4.686666666666665,0.04,0.0
23,COPOC,min-CPS,0.050000000000000044,0.96,2.84,1.84,1.25,2.0,3.839999999999998,0.05,0.0
23,COPOC,min-CPS,0.07999999999999996,0.9,2.32,1.32,1.1,2.0,4.070000000000001,0.11,0.0
23,COPOC,min-CPS,0.09999999999999998,0.86,2.09,1.09,1.1428571428571428,2.0,4.29,0.16,0.0
23,COPOC,min-CPS,0.13,0.85,1.99,0.99,1.1333333333333333,2.0,3.6053846153846147,0.17,0.0
23,COPOC,min-CPS,0.15000000000000002,0.83,1.87,0.87,1.1176470588235294,2.0,3.4033333333333333,0.19,0.0
23,COPOC,min-CPS,0.18000000000000005,0.83,1.84,0.84,1.1176470588235294,2.0,2.95111111111111,0.19,0.0
23,COPOC,min-CPS,0.19999999999999996,0.81,1.81,0.81,1.105263157894737,2.0,2.91,0.21,0.0
23,COPOC,RPS,0.010000000000000009,0.99,3.83,2.83,1.0,1.0,4.829999999999998,0.01,0.0
23,COPOC,RPS,0.020000000000000018,0.98,3.51,2.51,1.0,1.0,4.509999999999998,0.02,0.0
23,COPOC,RPS,0.030000000000000027,0.97,3.36,2.36,1.0,1.0,4.3599999999999985,0.03,0.0
23,COPOC,RPS,0.050000000000000044,0.97,3.03,2.03,1.0,1.0,3.2299999999999986,0.03,0.0
23,COPOC,RPS,0.07999999999999996,0.92,2.55,1.55,1.125,2.0,3.800000000000001,0.09,0.0
23,COPOC,RPS,0.09999999999999998,0.92,2.32,1.32,1.125,2.0,3.12,0.09,0.0
23,COPOC,RPS,0.13,0.85,1.98,0.98,1.0666666666666667,2.0,3.4415384615384608,0.16,0.0
23,COPOC,RPS,0.15000000000000002,0.85,1.92,0.92,1.1333333333333333,2.0,3.186666666666666,0.17,0.0
23,COPOC,RPS,0.18000000000000005,0.84,1.77,0.77,1.125,2.0,2.7699999999999996,0.18,0.0
23,COPOC,RPS,0.19999999999999996,0.82,1.69,0.69,1.1111111111111112,2.0,2.69,0.2,0.0
23,COPOC,OCDF,0.010000000000000009,1.0,5.72,4.72,,0.0,4.72,0.0,0.0
23,COPOC,OCDF,0.020000000000000018,0.96,5.42,4.42,1.0,1.0,8.419999999999996,0.04,0.0
23,COPOC,OCDF,0.030000000000000027,0.96,5.3,4.3,1.0,1.0,6.966666666666665,0.04,0.0
23,COPOC,OCDF,0.050000000000000044,0.94,4.94,3.94,1.1666666666666667,2.0,6.7399999999999975,0.07,0.0
23,COPOC,OCDF,0.07999999999999996,0.92,4.74,3.74,1.125,2.0,5.990000000000001,0.09,0.0
23,COPOC,OCDF,0.09999999999999998,0.9,4.62,3.62,1.1,2.0,5.82,0.11,0.0
23,COPOC,OCDF,0.13,0.86,4.43,3.43,1.0714285714285714,2.0,5.737692307692308,0.15,0.0
23,COPOC,OCDF,0.15000000000000002,0.86,4.33,3.33,1.0714285714285714,2.0,5.33,0.15,0.0
23,COPOC,OCDF,0.18000000000000005,0.86,4.3,3.3,1.0714285714285714,2.0,4.966666666666666,0.15,0.0
23,COPOC,OCDF,0.19999999999999996,0.79,3.9,2.9,1.0952380952380953,2.0,5.2,0.23,0.0
23,COPOC,APS,0.010000000000000009,0.97,3.2,2.2,1.0,1.0,8.199999999999996,0.03,0.0
23,COPOC,APS,0.020000000000000018,0.97,3.18,2.18,1.0,1.0,5.179999999999998,0.03,0.0
23,COPOC,APS,0.030000000000000027,0.95,3.04,2.04,1.2,2.0,6.0399999999999965,0.06,0.0
23,COPOC,APS,0.050000000000000044,0.95,2.91,1.91,1.2,2.0,4.309999999999998,0.06,0.0
23,COPOC,APS,0.07999999999999996,0.92,2.45,1.45,1.125,2.0,3.700000000000001,0.09,0.0
23,COPOC,APS,0.09999999999999998,0.88,2.33,1.33,1.0833333333333333,2.0,3.93,0.13,0.0
23,COPOC,APS,0.13,0.82,2.03,1.03,1.1111111111111112,2.0,4.106923076923076,0.2,0.0
23,COPOC,APS,0.15000000000000002,0.81,2.01,1.01,1.105263157894737,2.0,3.8099999999999996,0.21,0.0
23,COPOC,APS,0.18000000000000005,0.78,1.91,0.92,1.2727272727272727,5.0,3.5866666666666664,0.28,0.0
23,COPOC,APS,0.19999999999999996,0.78,1.85,0.86,1.2727272727272727,5.0,3.26,0.28,0.0
23,COPOC,LAC,0.010000000000000009,0.97,3.14,2.14,1.0,1.0,8.139999999999995,0.03,0.0
23,COPOC,LAC,0.020000000000000018,0.97,3.09,2.09,1.0,1.0,5.089999999999998,0.03,0.0
23,COPOC,LAC,0.030000000000000027,0.96,2.99,1.99,1.25,2.0,5.323333333333331,0.05,0.0
23,COPOC,LAC,0.050000000000000044,0.96,2.84,1.84,1.25,2.0,3.839999999999998,0.05,0.0
23,COPOC,LAC,0.07999999999999996,0.86,2.13,1.13,1.0714285714285714,2.0,4.880000000000003,0.15,0.0
23,COPOC,LAC,0.09999999999999998,0.84,2.01,1.01,1.125,2.0,4.610000000000001,0.18,0.0
23,COPOC,LAC,0.13,0.84,1.93,0.93,1.125,2.0,3.699230769230769,0.18,0.0
23,COPOC,LAC,0.15000000000000002,0.83,1.82,0.82,1.1176470588235294,2.0,3.353333333333333,0.19,0.0
23,COPOC,LAC,0.18000000000000005,0.83,1.72,0.72,1.1176470588235294,2.0,2.8311111111111105,0.19,0.0
23,COPOC,LAC,0.19999999999999996,0.82,1.67,0.67,1.1111111111111112,2.0,2.67,0.2,0.0
24,COPOC,min-CPS,0.010000000000000009,1.0,4.8,3.8,,0.0,3.8,0.0,0.0
24,COPOC,min-CPS,0.020000000000000018,0.98,3.26,2.26,1.0,1.0,4.259999999999998,0.02,0.0
24,COPOC,min-CPS,0.030000000000000027,0.98,3.19,2.19,1.0,1.0,3.5233333333333325,0.02,0.0
24,COPOC,min-CPS,0.050000000000000044,0.92,2.57,1.57,1.0,1.0,4.769999999999997,0.08,0.0
24,COPOC,min-CPS,0.07999999999999996,0.85,2.12,1.12,1.0666666666666667,2.0,5.120000000000002,0.16,0.0
24,COPOC,min-CPS,0.09999999999999998,0.84,2.07,1.07,1.0625,2.0,4.470000000000001,0.17,0.0
24,COPOC,min-CPS,0.13,0.82,1.95,0.95,1.1111111111111112,2.0,4.026923076923076,0.2,0.0
24,COPOC,min-CPS,0.15000000000000002,0.8,1.87,0.87,1.1,2.0,3.8033333333333332,0.22,0.0
24,COPOC,min-CPS,0.18000000000000005,0.79,1.85,0.85,1.0952380952380953,2.0,3.405555555555555,0.23,0.0
24,COPOC,min-CPS,0.19999999999999996,0.73,1.69,0.69,1.037037037037037,2.0,3.49,0.28,0.0
24,COPOC,RPS,0.010000000000000009,1.0,4.39,3.39,,0.0,3.39,0.0,0.0
24,COPOC,RPS,0.020000000000000018,1.0,3.94,2.94,,0.0,2.94,0.0,0.0
24,COPOC,RPS,0.030000000000000027,0.97,3.44,2.44,1.0,1.0,4.439999999999999,0.03,0.0
24,COPOC,RPS,0.050000000000000044,0.92,2.83,1.83,1.0,1.0,5.029999999999998,0.08,0.0
24,COPOC,RPS,0.07999999999999996,0.89,2.24,1.24,1.0,1.0,3.990000000000001,0.11,0.0
24,COPOC,RPS,0.09999999999999998,0.86,2.12,1.12,1.0,1.0,3.92,0.14,0.0
24,COPOC,RPS,0.13,0.82,1.93,0.93,1.0555555555555556,2.0,3.8530769230769226,0.19,0.0
24,COPOC,RPS,0.15000000000000002,0.81,1.85,0.85,1.105263157894737,2.0,3.6499999999999995,0.21,0.0
24,COPOC,RPS,0.18000000000000005,0.79,1.73,0.73,1.0952380952380953,2.0,3.285555555555555,0.23,0.0
24,COPOC,RPS,0.19999999999999996,0.77,1.7,0.7,1.0869565217391304,2.0,3.2,0.25,0.0
24,COPOC,OCDF,0.010000000000000009,0.97,5.47,4.47,1.0,1.0,10.469999999999995,0.03,0.0
24,COPOC,OCDF,0.020000000000000018,0.96,5.43,4.43,1.0,1.0,8.429999999999996,0.04,0.0
24,COPOC,OCDF,0.030000000000000027,0.93,5.08,4.08,1.1428571428571428,2.0,9.413333333333329,0.08,0.0
24,COPOC,OCDF,0.050000000000000044,0.92,4.84,3.84,1.125,2.0,7.439999999999997,0.09,0.0
24,COPOC,OCDF,0.07999999999999996,0.84,4.51,3.51,1.0625,2.0,7.7600000000000025,0.17,0.0
24,COPOC,OCDF,0.09999999999999998,0.83,4.39,3.39,1.0588235294117647,2.0,6.99,0.18,0.0
24,COPOC,OCDF,0.13,0.81,4.23,3.23,1.105263157894737,2.0,6.460769230769231,0.21,0.0
24,COPOC,OCDF,0.15000000000000002,0.8,4.17,3.17,1.1,2.0,6.103333333333333,0.22,0.0
24,COPOC,OCDF,0.18000000000000005,0.75,3.89,2.89,1.12,2.0,6.001111111111111,0.28,0.0
24,COPOC,OCDF,0.19999999999999996,0.75,3.88,2.88,1.12,2.0,5.68,0.28,0.0
24,COPOC,APS,0.010000000000000009,1.0,4.65,3.65,,0.0,3.65,0.0,0.0
24,COPOC,APS,0.020000000000000018,0.99,3.42,2.42,1.0,1.0,3.419999999999999,0.01,0.0
24,COPOC,APS,0.030000000000000027,0.97,3.01,2.01,1.0,1.0,4.009999999999998,0.03,0.0
24,COPOC,APS,0.050000000000000044,0.91,2.73,1.73,1.0,1.0,5.329999999999997,0.09,0.0
24,COPOC,APS,0.07999999999999996,0.89,2.32,1.32,1.0909090909090908,2.0,4.320000000000001,0.12,0.0
24,COPOC,APS,0.09999999999999998,0.89,2.28,1.28,1.0909090909090908,2.0,3.68,0.12,0.0
24,COPOC,APS,0.13,0.85,2.17,1.17,1.0666666666666667,2.0,3.6315384615384607,0.16,0.0
24,COPOC,APS,0.15000000000000002,0.79,1.84,0.84,1.0476190476190477,2.0,3.7733333333333325,0.22,0.0
24,COPOC,APS,0.18000000000000005,0.79,1.8,0.8,1.0952380952380953,2.0,3.3555555555555547,0.23,0.0
24,COPOC,APS,0.19999999999999996,0.78,1.75,0.76,1.2727272727272727,5.0,3.06,0.28,0.0
24,COPOC,LAC,0.010000000000000009,1.0,4.87,3.87,,0.0,3.87,0.0,0.0
24,COPOC,LAC,0.020000000000000018,0.98,3.2,2.2,1.0,1.0,4.199999999999998,0.02,0.0
24,COPOC,LAC,0.030000000000000027,0.98,3.15,2.15,1.0,1.0,3.4833333333333325,0.02,0.0
24,COPOC,LAC,0.050000000000000044,0.93,2.59,1.59,1.0,1.0,4.389999999999998,0.07,0.0
24,COPOC,LAC,0.07999999999999996,0.87,2.22,1.22,1.0,1.0,4.4700000000000015,0.13,0.0
24,COPOC,LAC,0.09999999999999998,0.85,2.09,1.09,1.0666666666666667,2.0,4.29,0.16,0.0
24,COPOC,LAC,0.13,0.83,2.0,1.0,1.1176470588235294,2.0,3.9230769230769225,0.19,0.0
24,COPOC,LAC,0.15000000000000002,0.8,1.79,0.79,1.1,2.0,3.7233333333333327,0.22,0.0
24,COPOC,LAC,0.18000000000000005,0.77,1.73,0.73,1.0869565217391304,2.0,3.507777777777777,0.25,0.0
24,COPOC,LAC,0.19999999999999996,0.75,1.7,0.7,1.08,2.0,3.4,0.27,0.0
25,COPOC,min-CPS,0.010000000000000009,0.98,3.18,2.18,1.0,1.0,6.179999999999996,0.02,0.0
25,COPOC,min-CPS,0.020000000000000018,0.98,3.16,2.16,1.0,1.0,4.159999999999998,0.02,0.0
25,COPOC,min-CPS,0.030000000000000027,0.98,3.11,2.11,1.5,2.0,4.1099999999999985,0.03,0.0
25,COPOC,min-CPS,0.050000000000000044,0.99,3.04,2.04,2.0,2.0,2.8399999999999994,0.02,0.0
25,COPOC,min-CPS,0.07999999999999996,0.91,2.42,1.42,1.1111111111111112,2.0,3.9200000000000013,0.1,0.0
25,COPOC,min-CPS,0.09999999999999998,0.9,2.33,1.33,1.1,2.0,3.53,0.11,0.0
25,COPOC,min-CPS,0.13,0.74,1.84,0.84,1.1153846153846154,2.0,5.301538461538461,0.29,0.0
25,COPOC,min-CPS,0.15000000000000002,0.72,1.73,0.73,1.1071428571428572,2.0,4.863333333333332,0.31,0.0
25,COPOC,min-CPS,0.18000000000000005,0.71,1.7,0.7,1.0689655172413792,2.0,4.144444444444443,0.31,0.0
25,COPOC,min-CPS,0.19999999999999996,0.7,1.68,0.68,1.0666666666666667,2.0,3.880000000000001,0.32,0.0
25,COPOC,RPS,0.010000000000000009,0.99,3.93,2.93,1.0,1.0,4.929999999999998,0.01,0.0
25,COPOC,RPS,0.020000000000000018,0.97,3.42,2.42,1.0,1.0,5.419999999999998,0.03,0.0
25,COPOC,RPS,0.030000000000000027,0.97,3.34,2.34,1.0,1.0,4.339999999999999,0.03,0.0
25,COPOC,RPS,0.050000000000000044,0.95,2.86,1.86,1.0,1.0,3.859999999999998,0.05,0.0
25,COPOC,RPS,0.07999999999999996,0.93,2.65,1.65,1.1428571428571428,2.0,3.6500000000000012,0.08,0.0
25,COPOC,RPS,0.09999999999999998,0.92,2.39,1.39,1.125,2.0,3.19,0.09,0.0
25,COPOC,RPS,0.13,0.77,1.73,0.73,1.1304347826086956,2.0,4.729999999999999,0.26,0.0
25,COPOC,RPS,0.15000000000000002,0.76,1.69,0.69,1.125,2.0,4.289999999999999,0.27,0.0
25,COPOC,RPS,0.18000000000000005,0.71,1.6,0.6,1.103448275862069,2.0,4.155555555555554,0.32,0.0
25,COPOC,RPS,0.19999999999999996,0.67,1.52,0.52,1.0909090909090908,2.0,4.120000000000001,0.36,0.0
25,COPOC,OCDF,0.010000000000000009,1.0,5.76,4.76,,0.0,4.76,0.0,0.0
25,COPOC,OCDF,0.020000000000000018,0.99,5.66,4.66,1.0,1.0,5.659999999999999,0.01,0.0
25,COPOC,OCDF,0.030000000000000027,0.97,5.5,4.5,1.0,1.0,6.499999999999999,0.03,0.0
25,COPOC,OCDF,0.050000000000000044,0.92,4.92,3.92,1.125,2.0,7.519999999999998,0.09,0.0
25,COPOC,OCDF,0.07999999999999996,0.9,4.74,3.74,1.1,2.0,6.490000000000002,0.11,0.0
25,COPOC,OCDF,0.09999999999999998,0.89,4.64,3.64,1.0909090909090908,2.0,6.04,0.12,0.0
25,COPOC,OCDF,0.13,0.87,4.4,3.4,1.0769230769230769,2.0,5.553846153846154,0.14,0.0
25,COPOC,OCDF,0.15000000000000002,0.86,4.29,3.29,1.1428571428571428,2.0,5.423333333333334,0.16,0.0
25,COPOC,OCDF,0.18000000000000005,0.83,4.22,3.22,1.1176470588235294,2.0,5.3311111111111105,0.19,0.0
25,COPOC,OCDF,0.19999999999999996,0.82,4.05,3.05,1.1111111111111112,2.0,5.05,0.2,0.0
25,COPOC,APS,0.010000000000000009,0.98,3.52,2.52,1.5,2.0,8.519999999999996,0.03,0.0
25,COPOC,APS,0.020000000000000018,0.97,3.37,2.37,1.3333333333333333,2.0,6.3699999999999966,0.04,0.0
25,COPOC,APS,0.030000000000000027,0.96,3.21,2.21,1.25,2.0,5.54333333333333,0.05,0.0
25,COPOC,APS,0.050000000000000044,0.93,2.87,1.87,1.1428571428571428,2.0,5.069999999999998,0.08,0.0
25,COPOC,APS,0.07999999999999996,0.87,2.48,1.49,1.3846153846153846,5.0,4.990000000000002,0.18,0.0
25,COPOC,APS,0.09999999999999998,0.86,2.33,1.34,1.3571428571428572,5.0,4.34,0.19,0.0
25,COPOC,APS,0.13,0.84,2.24,1.25,1.375,5.0,4.019230769230768,0.22,0.0
25,COPOC,APS,0.15000000000000002,0.82,2.13,1.14,1.3333333333333333,5.0,3.806666666666666,0.24,0.0
25,COPOC,APS,0.18000000000000005,0.74,1.93,0.94,1.2307692307692308,5.0,4.05111111111111,0.32,0.0
25,COPOC,APS,0.19999999999999996,0.74,1.84,0.85,1.2692307692307692,5.0,3.7500000000000004,0.33,0.0
25,COPOC,LAC,0.010000000000000009,0.98,3.16,2.16,1.0,1.0,6.159999999999997,0.02,0.0
25,COPOC,LAC,0.020000000000000018,0.98,3.12,2.12,1.0,1.0,4.119999999999998,0.02,0.0
25,COPOC,LAC,0.030000000000000027,0.98,3.08,2.08,1.0,1.0,3.4133333333333327,0.02,0.0
25,COPOC,LAC,0.050000000000000044,0.98,2.97,1.97,1.5,2.0,3.169999999999999,0.03,0.0
25,COPOC,LAC,0.07999999999999996,0.91,2.38,1.38,1.1111111111111112,2.0,3.8800000000000012,0.1,0.0
25,COPOC,LAC,0.09999999999999998,0.9,2.33,1.33,1.1,2.0,3.53,0.11,0.0
25,COPOC,LAC,0.13,0.78,1.76,0.76,1.1363636363636365,2.0,4.606153846153846,0.25,0.0
25,COPOC,LAC,0.15000000000000002,0.77,1.7,0.7,1.1304347826086956,2.0,4.166666666666666,0.26,0.0
25,COPOC,LAC,0.18000000000000005,0.75,1.66,0.66,1.12,2.0,3.7711111111111095,0.28,0.0
25,COPOC,LAC,0.19999999999999996,0.73,1.63,0.63,1.1111111111111112,2.0,3.63,0.3,0.0
26,COPOC,min-CPS,0.010000000000000009,1.0,4.86,3.86,,0.0,3.86,0.0,0.0
26,COPOC,min-CPS,0.020000000000000018,0.99,3.27,2.27,1.0,1.0,3.2699999999999987,0.01,0.0
26,COPOC,min-CPS,0.030000000000000027,0.99,3.25,2.25,1.0,1.0,2.916666666666666,0.01,0.0
26,COPOC,min-CPS,0.050000000000000044,0.99,3.2,2.2,1.0,1.0,2.6,0.01,0.0
26,COPOC,min-CPS,0.07999999999999996,0.89,2.39,1.39,1.0,1.0,4.1400000000000015,0.11,0.0
26,COPOC,min-CPS,0.09999999999999998,0.9,2.37,1.37,1.0,1.0,3.37,0.1,0.0
26,COPOC,min-CPS,0.13,0.87,2.2,1.2,1.0769230769230769,2.0,3.3538461538461535,0.14,0.0
26,COPOC,min-CPS,0.15000000000000002,0.85,2.05,1.05,1.1333333333333333,2.0,3.3166666666666664,0.17,0.0
26,COPOC,min-CPS,0.18000000000000005,0.8,1.94,0.94,1.1,2.0,3.3844444444444433,0.22,0.0
26,COPOC,min-CPS,0.19999999999999996,0.79,1.9,0.9,1.0952380952380953,2.0,3.2,0.23,0.0
26,COPOC,RPS,0.010000000000000009,1.0,4.31,3.31,,0.0,3.31,0.0,0.0
26,COPOC,RPS,0.020000000000000018,1.0,3.9,2.9,,0.0,2.9,0.0,0.0
26,COPOC,RPS,0.030000000000000027,0.98,3.56,2.56,1.0,1.0,3.8933333333333326,0.02,0.0
26,COPOC,RPS,0.050000000000000044,0.93,2.82,1.82,1.0,1.0,4.619999999999997,0.07,0.0
26,COPOC,RPS,0.07999999999999996,0.92,2.57,1.57,1.0,1.0,3.570000000000001,0.08,0.0
26,COPOC,RPS,0.09999999999999998,0.91,2.25,1.25,1.0,1.0,3.05,0.09,0.0
26,COPOC,RPS,0.13,0.85,2.05,1.05,1.0,1.0,3.3576923076923073,0.15,0.0
26,COPOC,RPS,0.15000000000000002,0.82,1.89,0.89,1.1666666666666667,2.0,3.6899999999999995,0.21,0.0
26,COPOC,RPS,0.18000000000000005,0.78,1.78,0.78,1.1363636363636365,2.0,3.557777777777777,0.25,0.0
26,COPOC,RPS,0.19999999999999996,0.74,1.72,0.72,1.1153846153846154,2.0,3.6200000000000006,0.29,0.0
26,COPOC,OCDF,0.010000000000000009,0.95,5.47,4.47,1.0,1.0,14.469999999999992,0.05,0.0
26,COPOC,OCDF,0.020000000000000018,0.95,5.32,4.32,1.0,1.0,9.319999999999995,0.05,0.0
26,COPOC,OCDF,0.030000000000000027,0.93,5.22,4.22,1.1428571428571428,2.0,9.55333333333333,0.08,0.0
26,COPOC,OCDF,0.050000000000000044,0.91,4.92,3.92,1.1111111111111112,2.0,7.919999999999998,0.1,0.0
26,COPOC,OCDF,0.07999999999999996,0.89,4.79,3.79,1.0909090909090908,2.0,6.790000000000001,0.12,0.0
26,COPOC,OCDF,0.09999999999999998,0.87,4.71,3.71,1.0769230769230769,2.0,6.51,0.14,0.0
26,COPOC,OCDF,0.13,0.81,4.33,3.33,1.1578947368421053,2.0,6.714615384615384,0.22,0.0
26,COPOC,OCDF,0.15000000000000002,0.77,4.02,3.02,1.1304347826086956,2.0,6.486666666666666,0.26,0.0
26,COPOC,OCDF,0.18000000000000005,0.76,3.93,2.93,1.125,2.0,5.93,0.27,0.0
26,COPOC,OCDF,0.19999999999999996,0.73,3.83,2.83,1.1481481481481481,3.0,5.93,0.31,0.0
26,COPOC,APS,0.010000000000000009,1.0,4.89,3.89,,0.0,3.89,0.0,0.0
26,COPOC,APS,0.020000000000000018,0.98,3.21,2.21,1.0,1.0,4.209999999999998,0.02,0.0
26,COPOC,APS,0.030000000000000027,0.98,3.19,2.19,1.0,1.0,3.5233333333333325,0.02,0.0
26,COPOC,APS,0.050000000000000044,0.97,3.15,2.15,1.0,1.0,3.3499999999999988,0.03,0.0
26,COPOC,APS,0.07999999999999996,0.93,2.82,1.82,1.0,1.0,3.570000000000001,0.07,0.0
26,COPOC,APS,0.09999999999999998,0.87,2.38,1.38,1.0,1.0,3.9800000000000004,0.13,0.0
26,COPOC,APS,0.13,0.87,2.28,1.28,1.0,1.0,3.28,0.13,0.0
26,COPOC,APS,0.15000000000000002,0.86,2.2,1.2,1.0714285714285714,2.0,3.1999999999999993,0.15,0.0
26,COPOC,APS,0.18000000000000005,0.84,2.05,1.05,1.0625,2.0,2.938888888888888,0.17,0.0
26,COPOC,APS,0.19999999999999996,0.84,2.01,1.01,1.125,2.0,2.81,0.18,0.0
26,COPOC,LAC,0.010000000000000009,1.0,4.91,3.91,,0.0,3.91,0.0,0.0
26,COPOC,LAC,0.020000000000000018,0.99,3.25,2.25,1.0,1.0,3.2499999999999987,0.01,0.0
26,COPOC,LAC,0.030000000000000027,0.99,3.2,2.2,1.0,1.0,2.8666666666666663,0.01,0.0
26,COPOC,LAC,0.050000000000000044,0.99,3.09,2.09,1.0,1.0,2.4899999999999998,0.01,0.0
26,COPOC,LAC,0.07999999999999996,0.88,2.34,1.34,1.0,1.0,4.340000000000002,0.12,0.0
26,COPOC,LAC,0.09999999999999998,0.87,2.26,1.26,1.0,1.0,3.8600000000000008,0.13,0.0
26,COPOC,LAC,0.13,0.86,2.14,1.14,1.0714285714285714,2.0,3.447692307692307,0.15,0.0
26,COPOC,LAC,0.15000000000000002,0.83,1.99,0.99,1.1176470588235294,2.0,3.523333333333333,0.19,0.0
26,COPOC,LAC,0.18000000000000005,0.8,1.79,0.79,1.15,2.0,3.345555555555555,0.23,0.0
26,COPOC,LAC,0.19999999999999996,0.76,1.73,0.73,1.125,2.0,3.4300000000000006,0.27,0.0
27,COPOC,min-CPS,0.010000000000000009,0.98,3.24,2.24,1.0,1.0,6.239999999999997,0.02,0.0
27,COPOC,min-CPS,0.020000000000000018,0.97,3.14,2.14,1.3333333333333333,2.0,6.139999999999997,0.04,0.0
27,COPOC,min-CPS,0.030000000000000027,0.97,3.14,2.14,1.3333333333333333,2.0,4.806666666666665,0.04,0.0
27,COPOC,min-CPS,0.050000000000000044,0.94,2.73,1.73,1.1666666666666667,2.0,4.529999999999998,0.07,0.0
27,COPOC,min-CPS,0.07999999999999996,0.91,2.34,1.34,1.1111111111111112,2.0,3.840000000000001,0.1,0.0
27,COPOC,min-CPS,0.09999999999999998,0.91,2.25,1.25,1.1111111111111112,2.0,3.25,0.1,0.0
27,COPOC,min-CPS,0.13,0.84,2.03,1.03,1.1875,2.0,3.9530769230769227,0.19,0.0
27,COPOC,min-CPS,0.15000000000000002,0.81,1.94,0.94,1.1578947368421053,2.0,3.8733333333333326,0.22,0.0
27,COPOC,min-CPS,0.18000000000000005,0.74,1.75,0.75,1.0769230769230769,2.0,3.8611111111111103,0.28,0.0
27,COPOC,min-CPS,0.19999999999999996,0.72,1.71,0.71,1.0714285714285714,2.0,3.71,0.3,0.0
27,COPOC,RPS,0.010000000000000009,0.99,3.84,2.84,1.0,1.0,4.839999999999998,0.01,0.0
27,COPOC,RPS,0.020000000000000018,0.97,3.41,2.41,1.0,1.0,5.4099999999999975,0.03,0.0
27,COPOC,RPS,0.030000000000000027,0.97,3.36,2.36,1.0,1.0,4.3599999999999985,0.03,0.0
27,COPOC,RPS,0.050000000000000044,0.95,2.83,1.83,1.0,1.0,3.8299999999999983,0.05,0.0
27,COPOC,RPS,0.07999999999999996,0.92,2.54,1.54,1.125,2.0,3.790000000000001,0.09,0.0
27,COPOC,RPS,0.09999999999999998,0.91,2.23,1.23,1.1111111111111112,2.0,3.23,0.1,0.0
27,COPOC,RPS,0.13,0.85,2.0,1.0,1.0666666666666667,2.0,3.4615384615384612,0.16,0.0
27,COPOC,RPS,0.15000000000000002,0.8,1.81,0.81,1.15,2.0,3.8766666666666665,0.23,0.0
27,COPOC,RPS,0.18000000000000005,0.76,1.71,0.71,1.125,2.0,3.7099999999999995,0.27,0.0
27,COPOC,RPS,0.19999999999999996,0.76,1.71,0.71,1.125,2.0,3.41,0.27,0.0
27,COPOC,OCDF,0.010000000000000009,1.0,5.71,4.71,,0.0,4.71,0.0,0.0
27,COPOC,OCDF,0.020000000000000018,0.98,5.4,4.4,1.0,1.0,6.399999999999998,0.02,0.0
27,COPOC,OCDF,0.030000000000000027,0.97,5.38,4.38,1.0,1.0,6.379999999999999,0.03,0.0
27,COPOC,OCDF,0.050000000000000044,0.94,5.06,4.06,1.1666666666666667,2.0,6.859999999999998,0.07,0.0
27,COPOC,OCDF,0.07999999999999996,0.91,4.83,3.83,1.1111111111111112,2.0,6.330000000000002,0.1,0.0
27,COPOC,OCDF,0.09999999999999998,0.85,4.6,3.6,1.0666666666666667,2.0,6.8,0.16,0.0
27,COPOC,OCDF,0.13,0.83,4.42,3.42,1.1176470588235294,2.0,6.343076923076922,0.19,0.0
27,COPOC,OCDF,0.15000000000000002,0.81,4.35,3.35,1.105263157894737,2.0,6.15,0.21,0.0
27,COPOC,OCDF,0.18000000000000005,0.75,3.93,2.93,1.08,2.0,5.929999999999999,0.27,0.0
27,COPOC,OCDF,0.19999999999999996,0.73,3.86,2.86,1.0740740740740742,2.0,5.76,0.29,0.0
27,COPOC,APS,0.010000000000000009,0.95,3.11,2.11,1.2,2.0,14.10999999999999,0.06,0.0
27,COPOC,APS,0.020000000000000018,0.94,3.0,2.0,1.1666666666666667,2.0,8.999999999999995,0.07,0.0
27,COPOC,APS,0.030000000000000027,0.94,2.91,1.91,1.1666666666666667,2.0,6.576666666666663,0.07,0.0
27,COPOC,APS,0.050000000000000044,0.93,2.75,1.75,1.1428571428571428,2.0,4.9499999999999975,0.08,0.0
27,COPOC,APS,0.07999999999999996,0.91,2.46,1.46,1.1111111111111112,2.0,3.9600000000000013,0.1,0.0
27,COPOC,APS,0.09999999999999998,0.9,2.23,1.23,1.2,2.0,3.63,0.12,0.0
27,COPOC,APS,0.13,0.87,2.13,1.13,1.1538461538461537,2.0,3.4376923076923074,0.15,0.0
27,COPOC,APS,0.15000000000000002,0.86,2.06,1.06,1.1428571428571428,2.0,3.1933333333333334,0.16,0.0
27,COPOC,APS,0.18000000000000005,0.8,1.83,0.83,1.15,2.0,3.3855555555555554,0.23,0.0
27,COPOC,APS,0.19999999999999996,0.79,1.81,0.81,1.1428571428571428,2.0,3.21,0.24,0.0
27,COPOC,LAC,0.010000000000000009,0.98,3.2,2.2,1.0,1.0,6.199999999999997,0.02,0.0
27,COPOC,LAC,0.020000000000000018,0.98,3.17,2.17,1.0,1.0,4.169999999999998,0.02,0.0
27,COPOC,LAC,0.030000000000000027,0.97,3.0,2.0,1.3333333333333333,2.0,4.666666666666664,0.04,0.0
27,COPOC,LAC,0.050000000000000044,0.94,2.6,1.6,1.1666666666666667,2.0,4.399999999999998,0.07,0.0
27,COPOC,LAC,0.07999999999999996,0.91,2.27,1.27,1.1111111111111112,2.0,3.7700000000000014,0.1,0.0
27,COPOC,LAC,0.09999999999999998,0.88,2.16,1.16,1.0833333333333333,2.0,3.76,0.13,0.0
27,COPOC,LAC,0.13,0.84,1.98,0.98,1.1875,2.0,3.9030769230769224,0.19,0.0
27,COPOC,LAC,0.15000000000000002,0.84,1.97,0.97,1.1875,2.0,3.503333333333333,0.19,0.0
27,COPOC,LAC,0.18000000000000005,0.78,1.74,0.74,1.1363636363636365,2.0,3.517777777777777,0.25,0.0
27,COPOC,LAC,0.19999999999999996,0.73,1.66,0.66,1.1111111111111112,2.0,3.66,0.3,0.0
28,COPOC,min-CPS,0.010000000000000009,1.0,4.85,3.85,,0.0,3.85,0.0,0.0
28,COPOC,min-CPS,0.020000000000000018,0.99,3.29,2.29,1.0,1.0,3.2899999999999987,0.01,0.0
28,COPOC,min-CPS,0.030000000000000027,0.99,3.25,2.25,1.0,1.0,2.916666666666666,0.01,0.0
28,COPOC,min-CPS,0.050000000000000044,0.92,2.71,1.71,1.0,1.0,4.9099999999999975,0.08,0.0
28,COPOC,min-CPS,0.07999999999999996,0.88,2.32,1.32,1.0,1.0,4.320000000000001,0.12,0.0
28,COPOC,min-CPS,0.09999999999999998,0.85,2.19,1.19,1.0666666666666667,2.0,4.3900000000000015,0.16,0.0
28,COPOC,min-CPS,0.13,0.79,1.97,0.97,1.0952380952380953,2.0,4.508461538461539,0.23,0.0
28,COPOC,min-CPS,0.15000000000000002,0.77,1.92,0.92,1.0869565217391304,2.0,4.253333333333333,0.25,0.0
28,COPOC,min-CPS,0.18000000000000005,0.76,1.84,0.84,1.0833333333333333,2.0,3.728888888888888,0.26,0.0
28,COPOC,min-CPS,0.19999999999999996,0.74,1.78,0.78,1.0769230769230769,2.0,3.58,0.28,0.0
28,COPOC,RPS,0.010000000000000009,1.0,4.36,3.36,,0.0,3.36,0.0,0.0
28,COPOC,RPS,0.020000000000000018,0.97,3.53,2.53,1.0,1.0,5.529999999999998,0.03,0.0
28,COPOC,RPS,0.030000000000000027,0.97,3.49,2.49,1.0,1.0,4.489999999999998,0.03,0.0
28,COPOC,RPS,0.050000000000000044,0.92,2.82,1.82,1.0,1.0,5.019999999999997,0.08,0.0
28,COPOC,RPS,0.07999999999999996,0.87,2.19,1.19,1.0769230769230769,2.0,4.690000000000001,0.14,0.0
28,COPOC,RPS,0.09999999999999998,0.82,1.99,0.99,1.0555555555555556,2.0,4.790000000000001,0.19,0.0
28,COPOC,RPS,0.13,0.78,1.84,0.84,1.1363636363636365,2.0,4.686153846153846,0.25,0.0
28,COPOC,RPS,0.15000000000000002,0.77,1.77,0.77,1.1304347826086956,2.0,4.236666666666667,0.26,0.0
28,COPOC,RPS,0.18000000000000005,0.76,1.73,0.73,1.125,2.0,3.7299999999999995,0.27,0.0
28,COPOC,RPS,0.19999999999999996,0.74,1.71,0.71,1.1153846153846154,2.0,3.61,0.29,0.0
28,COPOC,OCDF,0.010000000000000009,0.97,5.49,4.49,1.0,1.0,10.489999999999995,0.03,0.0
28,COPOC,OCDF,0.020000000000000018,0.95,5.35,4.35,1.0,1.0,9.349999999999996,0.05,0.0
28,COPOC,OCDF,0.030000000000000027,0.94,5.23,4.23,1.0,1.0,8.229999999999997,0.06,0.0
28,COPOC,OCDF,0.050000000000000044,0.91,4.89,3.89,1.1111111111111112,2.0,7.889999999999998,0.1,0.0
28,COPOC,OCDF,0.07999999999999996,0.9,4.76,3.76,1.1,2.0,6.5100000000000025,0.11,0.0
28,COPOC,OCDF,0.09999999999999998,0.88,4.68,3.68,1.1666666666666667,2.0,6.48,0.14,0.0
28,COPOC,OCDF,0.13,0.85,4.4,3.4,1.1333333333333333,2.0,6.015384615384615,0.17,0.0
28,COPOC,OCDF,0.15000000000000002,0.84,4.36,3.36,1.1875,2.0,5.893333333333333,0.19,0.0
28,COPOC,OCDF,0.18000000000000005,0.8,4.06,3.06,1.15,2.0,5.615555555555554,0.23,0.0
28,COPOC,OCDF,0.19999999999999996,0.75,3.9,2.9,1.16,3.0,5.8,0.29,0.0
28,COPOC,APS,0.010000000000000009,1.0,4.68,3.68,,0.0,3.68,0.0,0.0
28,COPOC,APS,0.020000000000000018,0.99,3.79,2.79,1.0,1.0,3.7899999999999987,0.01,0.0
28,COPOC,APS,0.030000000000000027,0.95,3.13,2.13,1.0,1.0,5.46333333333333,0.05,0.0
28,COPOC,APS,0.050000000000000044,0.92,2.83,1.83,1.0,1.0,5.029999999999998,0.08,0.0
28,COPOC,APS,0.07999999999999996,0.88,2.53,1.54,1.3333333333333333,5.0,4.290000000000001,0.16,0.0
28,COPOC,APS,0.09999999999999998,0.86,2.44,1.45,1.2857142857142858,5.0,4.05,0.18,0.0
28,COPOC,APS,0.13,0.77,1.97,0.99,1.434782608695652,5.0,4.528461538461538,0.33,0.0
28,COPOC,APS,0.15000000000000002,0.73,1.81,0.85,1.6666666666666667,5.0,4.316666666666666,0.45,0.0
28,COPOC,APS,0.18000000000000005,0.73,1.79,0.83,1.6666666666666667,5.0,3.718888888888888,0.45,0.0
28,COPOC,APS,0.19999999999999996,0.72,1.77,0.81,1.6428571428571428,5.0,3.51,0.46,0.0
28,COPOC,LAC,0.010000000000000009,1.0,4.9,3.9,,0.0,3.9,0.0,0.0
28,COPOC,LAC,0.020000000000000018,0.99,3.27,2.27,1.0,1.0,3.2699999999999987,0.01,0.0
28,COPOC,LAC,0.030000000000000027,0.98,3.15,2.15,1.0,1.0,3.4833333333333325,0.02,0.0
28,COPOC,LAC,0.050000000000000044,0.93,2.63,1.63,1.0,1.0,4.429999999999997,0.07,0.0
28,COPOC,LAC,0.07999999999999996,0.87,2.3,1.3,1.0,1.0,4.550000000000002,0.13,0.0
28,COPOC,LAC,0.09999999999999998,0.84,2.13,1.13,1.0625,2.0,4.530000000000001,0.17,0.0
28,COPOC,LAC,0.13,0.81,1.97,0.97,1.105263157894737,2.0,4.200769230769231,0.21,0.0
28,COPOC,LAC,0.15000000000000002,0.8,1.83,0.83,1.1,2.0,3.763333333333333,0.22,0.0
28,COPOC,LAC,0.18000000000000005,0.78,1.76,0.76,1.1363636363636365,2.0,3.537777777777777,0.25,0.0
28,COPOC,LAC,0.19999999999999996,0.75,1.7,0.7,1.12,2.0,3.5,0.28,0.0
29,COPOC,min-CPS,0.010000000000000009,1.0,4.73,3.73,,0.0,3.73,0.0,0.0
29,COPOC,min-CPS,0.020000000000000018,1.0,3.79,2.79,,0.0,2.79,0.0,0.0
29,COPOC,min-CPS,0.030000000000000027,0.98,3.16,2.16,1.0,1.0,3.4933333333333327,0.02,0.0
29,COPOC,min-CPS,0.050000000000000044,0.96,2.82,1.82,1.0,1.0,3.419999999999999,0.04,0.0
29,COPOC,min-CPS,0.07999999999999996,0.95,2.51,1.51,1.0,1.0,2.7600000000000007,0.05,0.0
29,COPOC,min-CPS,0.09999999999999998,0.94,2.39,1.39,1.0,1.0,2.59,0.06,0.0
29,COPOC,min-CPS,0.13,0.9,2.16,1.16,1.0,1.0,2.698461538461538,0.1,0.0
29,COPOC,min-CPS,0.15000000000000002,0.88,2.1,1.1,1.0,1.0,2.7,0.12,0.0
29,COPOC,min-CPS,0.18000000000000005,0.88,2.03,1.03,1.0833333333333333,2.0,2.474444444444444,0.13,0.0
29,COPOC,min-CPS,0.19999999999999996,0.88,1.99,0.99,1.0833333333333333,2.0,2.29,0.13,0.0
29,COPOC,RPS,0.010000000000000009,1.0,4.31,3.31,,0.0,3.31,0.0,0.0
29,COPOC,RPS,0.020000000000000018,1.0,3.86,2.86,,0.0,2.86,0.0,0.0
29,COPOC,RPS,0.030000000000000027,1.0,3.71,2.71,,0.0,2.71,0.0,0.0
29,COPOC,RPS,0.050000000000000044,0.97,3.03,2.03,1.0,1.0,3.2299999999999986,0.03,0.0
29,COPOC,RPS,0.07999999999999996,0.93,2.58,1.58,1.0,1.0,3.330000000000001,0.07,0.0
29,COPOC,RPS,0.09999999999999998,0.9,2.19,1.19,1.0,1.0,3.19,0.1,0.0
29,COPOC,RPS,0.13,0.89,2.12,1.12,1.0,1.0,2.8123076923076917,0.11,0.0
29,COPOC,RPS,0.15000000000000002,0.89,2.06,1.06,1.0,1.0,2.5266666666666664,0.11,0.0
29,COPOC,RPS,0.18000000000000005,0.86,1.95,0.95,1.0714285714285714,2.0,2.6166666666666663,0.15,0.0
29,COPOC,RPS,0.19999999999999996,0.85,1.84,0.84,1.1333333333333333,2.0,2.54,0.17,0.0
29,COPOC,OCDF,0.010000000000000009,0.99,5.68,4.68,1.0,1.0,6.679999999999998,0.01,0.0
29,COPOC,OCDF,0.020000000000000018,0.99,5.58,4.58,1.0,1.0,5.579999999999999,0.01,0.0
29,COPOC,OCDF,0.030000000000000027,0.99,5.38,4.38,1.0,1.0,5.046666666666666,0.01,0.0
29,COPOC,OCDF,0.050000000000000044,0.98,5.23,4.23,1.0,1.0,5.029999999999999,0.02,0.0
29,COPOC,OCDF,0.07999999999999996,0.96,4.96,3.96,1.0,1.0,4.960000000000001,0.04,0.0
29,COPOC,OCDF,0.09999999999999998,0.95,4.81,3.81,1.0,1.0,4.81,0.05,0.0
29,COPOC,OCDF,0.13,0.87,4.45,3.45,1.0,1.0,5.45,0.13,0.0
29,COPOC,OCDF,0.15000000000000002,0.85,4.3,3.3,1.1333333333333333,2.0,5.5666666666666655,0.17,0.0
29,COPOC,OCDF,0.18000000000000005,0.83,4.25,3.25,1.1176470588235294,2.0,5.361111111111111,0.19,0.0
29,COPOC,OCDF,0.19999999999999996,0.81,3.98,2.98,1.1578947368421053,2.0,5.18,0.22,0.0
29,COPOC,APS,0.010000000000000009,1.0,4.6,3.6,,0.0,3.6,0.0,0.0
29,COPOC,APS,0.020000000000000018,1.0,3.64,2.64,,0.0,2.64,0.0,0.0
29,COPOC,APS,0.030000000000000027,1.0,3.37,2.37,,0.0,2.37,0.0,0.0
29,COPOC,APS,0.050000000000000044,0.99,3.22,2.22,1.0,1.0,2.62,0.01,0.0
29,COPOC,APS,0.07999999999999996,0.92,2.56,1.56,1.0,1.0,3.560000000000001,0.08,0.0
29,COPOC,APS,0.09999999999999998,0.91,2.46,1.46,1.0,1.0,3.26,0.09,0.0
29,COPOC,APS,0.13,0.9,2.33,1.33,1.0,1.0,2.868461538461538,0.1,0.0
29,COPOC,APS,0.15000000000000002,0.87,2.18,1.19,1.3076923076923077,5.0,2.9233333333333333,0.17,0.0
29,COPOC,APS,0.18000000000000005,0.83,2.01,1.02,1.2352941176470589,5.0,2.908888888888888,0.21,0.0
29,COPOC,APS,0.19999999999999996,0.8,1.92,0.93,1.2,5.0,2.93,0.24,0.0
29,COPOC,LAC,0.010000000000000009,1.0,4.79,3.79,,0.0,3.79,0.0,0.0
29,COPOC,LAC,0.020000000000000018,1.0,3.69,2.69,,0.0,2.69,0.0,0.0
29,COPOC,LAC,0.030000000000000027,0.99,3.18,2.18,1.0,1.0,2.8466666666666662,0.01,0.0
29,COPOC,LAC,0.050000000000000044,0.96,2.79,1.79,1.0,1.0,3.389999999999999,0.04,0.0
29,COPOC,LAC,0.07999999999999996,0.96,2.53,1.53,1.0,1.0,2.5300000000000007,0.04,0.0
29,COPOC,LAC,0.09999999999999998,0.94,2.29,1.29,1.0,1.0,2.49,0.06,0.0
29,COPOC,LAC,0.13,0.92,2.22,1.22,1.0,1.0,2.450769230769231,0.08,0.0
29,COPOC,LAC,0.15000000000000002,0.91,2.17,1.17,1.0,1.0,2.37,0.09,0.0
29,COPOC,LAC,0.18000000000000005,0.89,2.02,1.02,1.0909090909090908,2.0,2.353333333333333,0.12,0.0
29,COPOC,LAC,0.19999999999999996,0.87,1.9,0.9,1.0769230769230769,2.0,2.3,0.14,0.0
30,COPOC,min-CPS,0.010000000000000009,0.99,3.66,2.66,1.0,1.0,4.659999999999998,0.01,0.0
30,COPOC,min-CPS,0.020000000000000018,0.99,3.12,2.12,1.0,1.0,3.1199999999999988,0.01,0.0
30,COPOC,min-CPS,0.030000000000000027,0.99,3.1,2.1,1.0,1.0,2.766666666666666,0.01,0.0
30,COPOC,min-CPS,0.050000000000000044,0.98,2.87,1.87,1.5,2.0,3.069999999999999,0.03,0.0
30,COPOC,min-CPS,0.07999999999999996,0.97,2.74,1.74,1.3333333333333333,2.0,2.7400000000000007,0.04,0.0
30,COPOC,min-CPS,0.09999999999999998,0.94,2.4,1.4,1.1666666666666667,2.0,2.8,0.07,0.0
30,COPOC,min-CPS,0.13,0.91,2.21,1.21,1.1111111111111112,2.0,2.7484615384615383,0.1,0.0
30,COPOC,min-CPS,0.15000000000000002,0.91,2.13,1.13,1.1111111111111112,2.0,2.4633333333333334,0.1,0.0
30,COPOC,min-CPS,0.18000000000000005,0.91,2.12,1.12,1.1111111111111112,2.0,2.231111111111111,0.1,0.0
30,COPOC,min-CPS,0.19999999999999996,0.9,2.0,1.0,1.1,2.0,2.1,0.11,0.0
30,COPOC,RPS,0.010000000000000009,0.99,3.83,2.83,1.0,1.0,4.829999999999998,0.01,0.0
30,COPOC,RPS,0.020000000000000018,0.99,3.61,2.61,1.0,1.0,3.609999999999999,0.01,0.0
30,COPOC,RPS,0.030000000000000027,0.99,3.54,2.54,1.0,1.0,3.206666666666666,0.01,0.0
30,COPOC,RPS,0.050000000000000044,0.98,3.22,2.22,1.0,1.0,3.0199999999999996,0.02,0.0
30,COPOC,RPS,0.07999999999999996,0.96,2.78,1.78,1.25,2.0,3.0300000000000007,0.05,0.0
30,COPOC,RPS,0.09999999999999998,0.96,2.67,1.67,1.25,2.0,2.67,0.05,0.0
30,COPOC,RPS,0.13,0.95,2.31,1.31,1.2,2.0,2.233076923076923,0.06,0.0
30,COPOC,RPS,0.15000000000000002,0.9,2.06,1.06,1.1,2.0,2.5266666666666664,0.11,0.0
30,COPOC,RPS,0.18000000000000005,0.88,1.92,0.92,1.1666666666666667,2.0,2.4755555555555553,0.14,0.0
30,COPOC,RPS,0.19999999999999996,0.88,1.92,0.92,1.1666666666666667,2.0,2.32,0.14,0.0
30,COPOC,OCDF,0.010000000000000009,1.0,5.64,4.64,,0.0,4.64,0.0,0.0
30,COPOC,OCDF,0.020000000000000018,1.0,5.62,4.62,,0.0,4.62,0.0,0.0
30,COPOC,OCDF,0.030000000000000027,0.97,5.39,4.39,1.0,1.0,6.389999999999999,0.03,0.0
30,COPOC,OCDF,0.050000000000000044,0.96,5.19,4.19,1.0,1.0,5.789999999999999,0.04,0.0
30,COPOC,OCDF,0.07999999999999996,0.96,4.95,3.95,1.0,1.0,4.95,0.04,0.0
30,COPOC,OCDF,0.09999999999999998,0.93,4.77,3.77,1.0,1.0,5.17,0.07,0.0
30,COPOC,OCDF,0.13,0.9,4.63,3.63,1.0,1.0,5.168461538461538,0.1,0.0
30,COPOC,OCDF,0.15000000000000002,0.89,4.51,3.51,1.0,1.0,4.976666666666667,0.11,0.0
30,COPOC,OCDF,0.18000000000000005,0.88,4.41,3.41,1.0833333333333333,2.0,4.854444444444444,0.13,0.0
30,COPOC,OCDF,0.19999999999999996,0.82,4.09,3.09,1.0555555555555556,2.0,4.99,0.19,0.0
30,COPOC,APS,0.010000000000000009,0.98,3.31,2.31,1.0,1.0,6.309999999999997,0.02,0.0
30,COPOC,APS,0.020000000000000018,0.98,3.26,2.26,1.0,1.0,4.259999999999998,0.02,0.0
30,COPOC,APS,0.030000000000000027,0.98,3.16,2.16,1.0,1.0,3.4933333333333327,0.02,0.0
30,COPOC,APS,0.050000000000000044,0.98,3.1,2.1,1.0,1.0,2.8999999999999995,0.02,0.0
30,COPOC,APS,0.07999999999999996,0.96,2.72,1.72,1.25,2.0,2.970000000000001,0.05,0.0
30,COPOC,APS,0.09999999999999998,0.94,2.57,1.57,1.1666666666666667,2.0,2.97,0.07,0.0
30,COPOC,APS,0.13,0.91,2.29,1.29,1.1111111111111112,2.0,2.828461538461539,0.1,0.0
30,COPOC,APS,0.15000000000000002,0.89,2.2,1.2,1.0909090909090908,2.0,2.8,0.12,0.0
30,COPOC,APS,0.18000000000000005,0.86,2.08,1.08,1.0714285714285714,2.0,2.7466666666666657,0.15,0.0
30,COPOC,APS,0.19999999999999996,0.86,2.07,1.07,1.0714285714285714,2.0,2.57,0.15,0.0
30,COPOC,LAC,0.010000000000000009,0.99,3.57,2.57,1.0,1.0,4.5699999999999985,0.01,0.0
30,COPOC,LAC,0.020000000000000018,0.99,3.12,2.12,1.0,1.0,3.1199999999999988,0.01,0.0
30,COPOC,LAC,0.030000000000000027,0.99,3.05,2.05,1.0,1.0,2.7166666666666663,0.01,0.0
30,COPOC,LAC,0.050000000000000044,0.98,2.92,1.92,1.5,2.0,3.1199999999999988,0.03,0.0
30,COPOC,LAC,0.07999999999999996,0.97,2.65,1.65,1.3333333333333333,2.0,2.6500000000000004,0.04,0.0
30,COPOC,LAC,0.09999999999999998,0.94,2.32,1.32,1.1666666666666667,2.0,2.72,0.07,0.0
30,COPOC,LAC,0.13,0.93,2.24,1.24,1.1428571428571428,2.0,2.4707692307692306,0.08,0.0
30,COPOC,LAC,0.15000000000000002,0.9,2.12,1.12,1.1,2.0,2.5866666666666664,0.11,0.0
30,COPOC,LAC,0.18000000000000005,0.9,2.05,1.05,1.1,2.0,2.272222222222222,0.11,0.0
30,COPOC,LAC,0.19999999999999996,0.9,2.0,1.0,1.1,2.0,2.1,0.11,0.0
31,COPOC,min-CPS,0.010000000000000009,0.99,3.73,2.73,1.0,1.0,4.729999999999999,0.01,0.0
31,COPOC,min-CPS,0.020000000000000018,0.98,3.09,2.09,1.0,1.0,4.089999999999998,0.02,0.0
31,COPOC,min-CPS,0.030000000000000027,0.95,2.79,1.79,1.2,2.0,5.7899999999999965,0.06,0.0
31,COPOC,min-CPS,0.050000000000000044,0.93,2.52,1.52,1.1428571428571428,2.0,4.719999999999997,0.08,0.0
31,COPOC,min-CPS,0.07999999999999996,0.91,2.26,1.26,1.1111111111111112,2.0,3.7600000000000016,0.1,0.0
31,COPOC,min-CPS,0.09999999999999998,0.88,2.11,1.11,1.0833333333333333,2.0,3.71,0.13,0.0
31,COPOC,min-CPS,0.13,0.88,2.0,1.0,1.0833333333333333,2.0,3.0,0.13,0.0
31,COPOC,min-CPS,0.15000000000000002,0.86,1.94,0.94,1.0714285714285714,2.0,2.94,0.15,0.0
31,COPOC,min-CPS,0.18000000000000005,0.85,1.86,0.86,1.0666666666666667,2.0,2.637777777777777,0.16,0.0
31,COPOC,min-CPS,0.19999999999999996,0.85,1.85,0.85,1.0666666666666667,2.0,2.45,0.16,0.0
31,COPOC,RPS,0.010000000000000009,0.98,3.65,2.65,1.0,1.0,6.649999999999997,0.02,0.0
31,COPOC,RPS,0.020000000000000018,0.98,3.56,2.56,1.0,1.0,4.559999999999999,0.02,0.0
31,COPOC,RPS,0.030000000000000027,0.97,3.43,2.43,1.0,1.0,4.429999999999999,0.03,0.0
31,COPOC,RPS,0.050000000000000044,0.93,2.75,1.75,1.1428571428571428,2.0,4.9499999999999975,0.08,0.0
31,COPOC,RPS,0.07999999999999996,0.93,2.53,1.53,1.1428571428571428,2.0,3.530000000000001,0.08,0.0
31,COPOC,RPS,0.09999999999999998,0.9,2.09,1.09,1.2,2.0,3.49,0.12,0.0
31,COPOC,RPS,0.13,0.88,1.98,0.98,1.1666666666666667,2.0,3.1338461538461537,0.14,0.0
31,COPOC,RPS,0.15000000000000002,0.87,1.92,0.92,1.1538461538461537,2.0,2.92,0.15,0.0
31,COPOC,RPS,0.18000000000000005,0.86,1.88,0.88,1.1428571428571428,2.0,2.657777777777777,0.16,0.0
31,COPOC,RPS,0.19999999999999996,0.85,1.79,0.79,1.1333333333333333,2.0,2.49,0.17,0.0
31,COPOC,OCDF,0.010000000000000009,0.99,5.72,4.72,1.0,1.0,6.719999999999998,0.01,0.0
31,COPOC,OCDF,0.020000000000000018,0.99,5.6,4.6,1.0,1.0,5.599999999999999,0.01,0.0
31,COPOC,OCDF,0.030000000000000027,0.96,5.32,4.32,1.0,1.0,6.9866666666666655,0.04,0.0
31,COPOC,OCDF,0.050000000000000044,0.95,5.18,4.18,1.0,1.0,6.179999999999998,0.05,0.0
31,COPOC,OCDF,0.07999999999999996,0.95,4.98,3.98,1.0,1.0,5.230000000000001,0.05,0.0
31,COPOC,OCDF,0.09999999999999998,0.95,4.92,3.92,1.0,1.0,4.92,0.05,0.0
31,COPOC,OCDF,0.13,0.91,4.75,3.75,1.1111111111111112,2.0,5.288461538461539,0.1,0.0
31,COPOC,OCDF,0.15000000000000002,0.91,4.7,3.7,1.1111111111111112,2.0,5.033333333333333,0.1,0.0
31,COPOC,OCDF,0.18000000000000005,0.9,4.55,3.55,1.1,2.0,4.772222222222222,0.11,0.0
31,COPOC,OCDF,0.19999999999999996,0.88,4.46,3.46,1.0833333333333333,2.0,4.76,0.13,0.0
31,COPOC,APS,0.010000000000000009,0.99,3.41,2.41,1.0,1.0,4.409999999999998,0.01,0.0
31,COPOC,APS,0.020000000000000018,0.94,2.81,1.81,1.0,1.0,7.809999999999995,0.06,0.0
31,COPOC,APS,0.030000000000000027,0.94,2.78,1.78,1.1666666666666667,2.0,6.446666666666663,0.07,0.0
31,COPOC,APS,0.050000000000000044,0.94,2.74,1.74,1.1666666666666667,2.0,4.539999999999997,0.07,0.0
31,COPOC,APS,0.07999999999999996,0.88,2.19,1.19,1.0833333333333333,2.0,4.440000000000001,0.13,0.0
31,COPOC,APS,0.09999999999999998,0.86,2.09,1.09,1.0714285714285714,2.0,4.09,0.15,0.0
31,COPOC,APS,0.13,0.86,2.03,1.03,1.0714285714285714,2.0,3.3376923076923073,0.15,0.0
31,COPOC,APS,0.15000000000000002,0.85,1.97,0.97,1.0666666666666667,2.0,3.103333333333333,0.16,0.0
31,COPOC,APS,0.18000000000000005,0.82,1.93,0.93,1.0555555555555556,2.0,3.0411111111111104,0.19,0.0
31,COPOC,APS,0.19999999999999996,0.82,1.87,0.87,1.0555555555555556,2.0,2.77,0.19,0.0
31,COPOC,LAC,0.010000000000000009,0.99,3.61,2.61,1.0,1.0,4.6099999999999985,0.01,0.0
31,COPOC,LAC,0.020000000000000018,0.97,2.96,1.96,1.0,1.0,4.959999999999997,0.03,0.0
31,COPOC,LAC,0.030000000000000027,0.95,2.82,1.82,1.2,2.0,5.819999999999997,0.06,0.0
31,COPOC,LAC,0.050000000000000044,0.93,2.44,1.44,1.1428571428571428,2.0,4.639999999999997,0.08,0.0
31,COPOC,LAC,0.07999999999999996,0.91,2.18,1.18,1.1111111111111112,2.0,3.6800000000000015,0.1,0.0
31,COPOC,LAC,0.09999999999999998,0.9,2.11,1.11,1.1,2.0,3.31,0.11,0.0
31,COPOC,LAC,0.13,0.88,2.01,1.01,1.0833333333333333,2.0,3.01,0.13,0.0
31,COPOC,LAC,0.15000000000000002,0.88,1.99,0.99,1.0833333333333333,2.0,2.723333333333333,0.13,0.0
31,COPOC,LAC,0.18000000000000005,0.87,1.87,0.87,1.0769230769230769,2.0,2.425555555555555,0.14,0.0
31,COPOC,LAC,0.19999999999999996,0.85,1.77,0.77,1.0666666666666667,2.0,2.37,0.16,0.0
32,COPOC,min-CPS,0.010000000000000009,1.0,4.83,3.83,,0.0,3.83,0.0,0.0
32,COPOC,min-CPS,0.020000000000000018,0.96,3.17,2.17,1.0,1.0,6.169999999999996,0.04,0.0
32,COPOC,min-CPS,0.030000000000000027,0.97,3.12,2.12,1.0,1.0,4.119999999999999,0.03,0.0
32,COPOC,min-CPS,0.050000000000000044,0.89,2.47,1.47,1.0,1.0,5.869999999999996,0.11,0.0
32,COPOC,min-CPS,0.07999999999999996,0.84,2.16,1.16,1.0625,2.0,5.410000000000002,0.17,0.0
32,COPOC,min-CPS,0.09999999999999998,0.83,2.12,1.12,1.0588235294117647,2.0,4.72,0.18,0.0
32,COPOC,min-CPS,0.13,0.83,1.98,0.98,1.1176470588235294,2.0,3.9030769230769224,0.19,0.0
32,COPOC,min-CPS,0.15000000000000002,0.8,1.92,0.92,1.1,2.0,3.8533333333333326,0.22,0.0
32,COPOC,min-CPS,0.18000000000000005,0.79,1.87,0.87,1.0952380952380953,2.0,3.4255555555555555,0.23,0.0
32,COPOC,min-CPS,0.19999999999999996,0.73,1.7,0.7,1.0740740740740742,2.0,3.6,0.29,0.0
32,COPOC,RPS,0.010000000000000009,1.0,4.29,3.29,,0.0,3.29,0.0,0.0
32,COPOC,RPS,0.020000000000000018,0.92,2.84,1.84,1.0,1.0,9.839999999999993,0.08,0.0
32,COPOC,RPS,0.030000000000000027,0.91,2.81,1.81,1.0,1.0,7.809999999999995,0.09,0.0
32,COPOC,RPS,0.050000000000000044,0.87,2.36,1.36,1.0769230769230769,2.0,6.9599999999999955,0.14,0.0
32,COPOC,RPS,0.07999999999999996,0.83,2.13,1.13,1.0588235294117647,2.0,5.630000000000003,0.18,0.0
32,COPOC,RPS,0.09999999999999998,0.82,2.04,1.04,1.0555555555555556,2.0,4.840000000000001,0.19,0.0
32,COPOC,RPS,0.13,0.8,1.83,0.83,1.2,2.0,4.522307692307693,0.24,0.0
32,COPOC,RPS,0.15000000000000002,0.79,1.76,0.76,1.1904761904761905,2.0,4.093333333333333,0.25,0.0
32,COPOC,RPS,0.18000000000000005,0.78,1.69,0.69,1.1818181818181819,2.0,3.578888888888888,0.26,0.0
32,COPOC,RPS,0.19999999999999996,0.76,1.67,0.67,1.1666666666666667,2.0,3.47,0.28,0.0
32,COPOC,OCDF,0.010000000000000009,1.0,5.81,4.81,,0.0,4.81,0.0,0.0
32,COPOC,OCDF,0.020000000000000018,0.99,5.68,4.68,1.0,1.0,5.679999999999999,0.01,0.0
32,COPOC,OCDF,0.030000000000000027,0.96,5.37,4.37,1.0,1.0,7.036666666666665,0.04,0.0
32,COPOC,OCDF,0.050000000000000044,0.94,5.08,4.08,1.1666666666666667,2.0,6.879999999999998,0.07,0.0
32,COPOC,OCDF,0.07999999999999996,0.93,4.89,3.89,1.1428571428571428,2.0,5.890000000000002,0.08,0.0
32,COPOC,OCDF,0.09999999999999998,0.88,4.68,3.68,1.1666666666666667,2.0,6.48,0.14,0.0
32,COPOC,OCDF,0.13,0.87,4.54,3.54,1.1538461538461537,2.0,5.847692307692308,0.15,0.0
32,COPOC,OCDF,0.15000000000000002,0.86,4.42,3.42,1.2857142857142858,2.0,5.82,0.18,0.0
32,COPOC,OCDF,0.18000000000000005,0.81,4.08,3.08,1.263157894736842,2.0,5.746666666666665,0.24,0.0
32,COPOC,OCDF,0.19999999999999996,0.8,4.01,3.01,1.25,2.0,5.51,0.25,0.0
32,COPOC,APS,0.010000000000000009,1.0,4.57,3.57,,0.0,3.57,0.0,0.0
32,COPOC,APS,0.020000000000000018,0.99,3.37,2.37,1.0,1.0,3.3699999999999988,0.01,0.0
32,COPOC,APS,0.030000000000000027,0.99,3.15,2.15,1.0,1.0,2.8166666666666664,0.01,0.0
32,COPOC,APS,0.050000000000000044,0.94,2.86,1.86,1.0,1.0,4.259999999999998,0.06,0.0
32,COPOC,APS,0.07999999999999996,0.88,2.48,1.48,1.0833333333333333,2.0,4.730000000000001,0.13,0.0
32,COPOC,APS,0.09999999999999998,0.83,2.29,1.29,1.0588235294117647,2.0,4.89,0.18,0.0
32,COPOC,APS,0.13,0.82,2.09,1.09,1.0555555555555556,2.0,4.013076923076922,0.19,0.0
32,COPOC,APS,0.15000000000000002,0.82,2.06,1.06,1.0555555555555556,2.0,3.5933333333333333,0.19,0.0
32,COPOC,APS,0.18000000000000005,0.81,1.98,0.99,1.263157894736842,5.0,3.2122222222222216,0.24,0.0
32,COPOC,APS,0.19999999999999996,0.79,1.86,0.88,1.4761904761904763,5.0,3.18,0.31,0.0
32,COPOC,LAC,0.010000000000000009,1.0,4.88,3.88,,0.0,3.88,0.0,0.0
32,COPOC,LAC,0.020000000000000018,0.96,3.09,2.09,1.0,1.0,6.089999999999996,0.04,0.0
32,COPOC,LAC,0.030000000000000027,0.96,3.09,2.09,1.0,1.0,4.756666666666664,0.04,0.0
32,COPOC,LAC,0.050000000000000044,0.89,2.41,1.41,1.0,1.0,5.809999999999995,0.11,0.0
32,COPOC,LAC,0.07999999999999996,0.85,2.22,1.22,1.0,1.0,4.970000000000002,0.15,0.0
32,COPOC,LAC,0.09999999999999998,0.83,2.09,1.09,1.0588235294117647,2.0,4.69,0.18,0.0
32,COPOC,LAC,0.13,0.81,1.96,0.96,1.105263157894737,2.0,4.190769230769231,0.21,0.0
32,COPOC,LAC,0.15000000000000002,0.79,1.78,0.78,1.1428571428571428,2.0,3.98,0.24,0.0
32,COPOC,LAC,0.18000000000000005,0.77,1.69,0.69,1.173913043478261,2.0,3.6899999999999995,0.27,0.0
32,COPOC,LAC,0.19999999999999996,0.75,1.67,0.67,1.16,2.0,3.57,0.29,0.0
33,COPOC,min-CPS,0.010000000000000009,0.98,3.27,2.27,1.0,1.0,6.269999999999997,0.02,0.0
33,COPOC,min-CPS,0.020000000000000018,0.98,3.24,2.24,1.0,1.0,4.239999999999998,0.02,0.0
33,COPOC,min-CPS,0.030000000000000027,0.98,3.17,2.17,1.5,2.0,4.169999999999998,0.03,0.0
33,COPOC,min-CPS,0.050000000000000044,0.92,2.61,1.61,1.125,2.0,5.209999999999996,0.09,0.0
33,COPOC,min-CPS,0.07999999999999996,0.92,2.53,1.53,1.125,2.0,3.780000000000001,0.09,0.0
33,COPOC,min-CPS,0.09999999999999998,0.89,2.32,1.32,1.0909090909090908,2.0,3.72,0.12,0.0
33,COPOC,min-CPS,0.13,0.84,2.12,1.12,1.1875,2.0,4.043076923076923,0.19,0.0
33,COPOC,min-CPS,0.15000000000000002,0.82,2.02,1.02,1.1666666666666667,2.0,3.8199999999999994,0.21,0.0
33,COPOC,min-CPS,0.18000000000000005,0.77,1.85,0.85,1.1304347826086956,2.0,3.738888888888888,0.26,0.0
33,COPOC,min-CPS,0.19999999999999996,0.76,1.8,0.8,1.0833333333333333,2.0,3.4000000000000004,0.26,0.0
33,COPOC,RPS,0.010000000000000009,0.99,3.92,2.92,1.0,1.0,4.919999999999998,0.01,0.0
33,COPOC,RPS,0.020000000000000018,0.97,3.48,2.48,1.0,1.0,5.479999999999998,0.03,0.0
33,COPOC,RPS,0.030000000000000027,0.96,3.25,2.25,1.0,1.0,4.916666666666664,0.04,0.0
33,COPOC,RPS,0.050000000000000044,0.91,2.74,1.74,1.1111111111111112,2.0,5.739999999999997,0.1,0.0
33,COPOC,RPS,0.07999999999999996,0.85,2.19,1.19,1.0666666666666667,2.0,5.190000000000002,0.16,0.0
33,COPOC,RPS,0.09999999999999998,0.85,2.15,1.15,1.0666666666666667,2.0,4.35,0.16,0.0
33,COPOC,RPS,0.13,0.8,1.87,0.87,1.2,2.0,4.562307692307692,0.24,0.0
33,COPOC,RPS,0.15000000000000002,0.78,1.75,0.75,1.1818181818181819,2.0,4.216666666666666,0.26,0.0
33,COPOC,RPS,0.18000000000000005,0.76,1.71,0.71,1.1666666666666667,2.0,3.82111111111111,0.28,0.0
33,COPOC,RPS,0.19999999999999996,0.76,1.71,0.71,1.1666666666666667,2.0,3.51,0.28,0.0
33,COPOC,OCDF,0.010000000000000009,0.97,5.52,4.52,1.0,1.0,10.519999999999996,0.03,0.0
33,COPOC,OCDF,0.020000000000000018,0.97,5.52,4.52,1.0,1.0,7.519999999999998,0.03,0.0
33,COPOC,OCDF,0.030000000000000027,0.97,5.5,4.5,1.0,1.0,6.499999999999999,0.03,0.0
33,COPOC,OCDF,0.050000000000000044,0.97,5.26,4.26,1.0,1.0,5.459999999999999,0.03,0.0
33,COPOC,OCDF,0.07999999999999996,0.9,4.75,3.75,1.1,2.0,6.500000000000003,0.11,0.0
33,COPOC,OCDF,0.09999999999999998,0.89,4.67,3.67,1.0909090909090908,2.0,6.07,0.12,0.0
33,COPOC,OCDF,0.13,0.85,4.43,3.43,1.1333333333333333,2.0,6.045384615384616,0.17,0.0
33,COPOC,OCDF,0.15000000000000002,0.82,4.24,3.24,1.1666666666666667,2.0,6.04,0.21,0.0
33,COPOC,OCDF,0.18000000000000005,0.78,3.94,2.94,1.1363636363636365,2.0,5.717777777777776,0.25,0.0
33,COPOC,OCDF,0.19999999999999996,0.78,3.91,2.91,1.1363636363636365,2.0,5.41,0.25,0.0
33,COPOC,APS,0.010000000000000009,0.99,3.79,2.79,1.0,1.0,4.789999999999998,0.01,0.0
33,COPOC,APS,0.020000000000000018,0.97,3.11,2.11,1.3333333333333333,2.0,6.109999999999997,0.04,0.0
33,COPOC,APS,0.030000000000000027,0.96,3.05,2.05,1.25,2.0,5.38333333333333,0.05,0.0
33,COPOC,APS,0.050000000000000044,0.95,2.93,1.93,1.2,2.0,4.329999999999997,0.06,0.0
33,COPOC,APS,0.07999999999999996,0.9,2.64,1.64,1.1,2.0,4.3900000000000015,0.11,0.0
33,COPOC,APS,0.09999999999999998,0.88,2.47,1.47,1.0833333333333333,2.0,4.07,0.13,0.0
33,COPOC,APS,0.13,0.84,2.28,1.29,1.3125,5.0,3.7515384615384613,0.21,0.0
33,COPOC,APS,0.15000000000000002,0.82,2.22,1.23,1.2777777777777777,5.0,3.6299999999999994,0.23,0.0
33,COPOC,APS,0.18000000000000005,0.79,2.08,1.09,1.2380952380952381,5.0,3.4233333333333325,0.26,0.0
33,COPOC,APS,0.19999999999999996,0.78,2.04,1.05,1.2727272727272727,5.0,3.35,0.28,0.0
33,COPOC,LAC,0.010000000000000009,0.98,3.23,2.23,1.0,1.0,6.229999999999997,0.02,0.0
33,COPOC,LAC,0.020000000000000018,0.98,3.2,2.2,1.0,1.0,4.199999999999998,0.02,0.0
33,COPOC,LAC,0.030000000000000027,0.98,3.14,2.14,1.0,1.0,3.4733333333333327,0.02,0.0
33,COPOC,LAC,0.050000000000000044,0.92,2.64,1.64,1.125,2.0,5.239999999999997,0.09,0.0
33,COPOC,LAC,0.07999999999999996,0.92,2.44,1.44,1.125,2.0,3.6900000000000013,0.09,0.0
33,COPOC,LAC,0.09999999999999998,0.89,2.36,1.36,1.0909090909090908,2.0,3.76,0.12,0.0
33,COPOC,LAC,0.13,0.85,2.17,1.17,1.1333333333333333,2.0,3.7853846153846153,0.17,0.0
33,COPOC,LAC,0.15000000000000002,0.78,1.79,0.79,1.1818181818181819,2.0,4.256666666666666,0.26,0.0
33,COPOC,LAC,0.18000000000000005,0.78,1.77,0.77,1.1818181818181819,2.0,3.658888888888888,0.26,0.0
33,COPOC,LAC,0.19999999999999996,0.78,1.75,0.75,1.1818181818181819,2.0,3.35,0.26,0.0
34,COPOC,min-CPS,0.010000000000000009,1.0,4.78,3.78,,0.0,3.78,0.0,0.0
34,COPOC,min-CPS,0.020000000000000018,0.97,3.17,2.17,1.0,1.0,5.169999999999998,0.03,0.0
34,COPOC,min-CPS,0.030000000000000027,0.97,3.17,2.17,1.0,1.0,4.169999999999999,0.03,0.0
34,COPOC,min-CPS,0.050000000000000044,0.92,2.56,1.56,1.0,1.0,4.759999999999997,0.08,0.0
34,COPOC,min-CPS,0.07999999999999996,0.91,2.45,1.45,1.0,1.0,3.700000000000001,0.09,0.0
34,COPOC,min-CPS,0.09999999999999998,0.91,2.39,1.39,1.0,1.0,3.19,0.09,0.0
34,COPOC,min-CPS,0.13,0.9,2.23,1.23,1.1,2.0,2.9223076923076916,0.11,0.0
34,COPOC,min-CPS,0.15000000000000002,0.9,2.17,1.17,1.1,2.0,2.6366666666666663,0.11,0.0
34,COPOC,min-CPS,0.18000000000000005,0.83,1.89,0.89,1.1176470588235294,2.0,3.0011111111111104,0.19,0.0
34,COPOC,min-CPS,0.19999999999999996,0.83,1.89,0.89,1.1176470588235294,2.0,2.79,0.19,0.0
34,COPOC,RPS,0.010000000000000009,1.0,4.35,3.35,,0.0,3.35,0.0,0.0
34,COPOC,RPS,0.020000000000000018,1.0,3.97,2.97,,0.0,2.97,0.0,0.0
34,COPOC,RPS,0.030000000000000027,0.97,3.4,2.4,1.0,1.0,4.399999999999999,0.03,0.0
34,COPOC,RPS,0.050000000000000044,0.95,2.88,1.88,1.0,1.0,3.879999999999998,0.05,0.0
34,COPOC,RPS,0.07999999999999996,0.93,2.61,1.61,1.0,1.0,3.3600000000000008,0.07,0.0
34,COPOC,RPS,0.09999999999999998,0.89,2.29,1.29,1.0,1.0,3.49,0.11,0.0
34,COPOC,RPS,0.13,0.89,2.21,1.21,1.0,1.0,2.9023076923076916,0.11,0.0
34,COPOC,RPS,0.15000000000000002,0.88,2.1,1.1,1.0,1.0,2.7,0.12,0.0
34,COPOC,RPS,0.18000000000000005,0.84,1.85,0.85,1.125,2.0,2.8499999999999988,0.18,0.0
34,COPOC,RPS,0.19999999999999996,0.8,1.71,0.71,1.1,2.0,2.91,0.22,0.0
34,COPOC,OCDF,0.010000000000000009,0.97,5.5,4.5,1.0,1.0,10.499999999999995,0.03,0.0
34,COPOC,OCDF,0.020000000000000018,0.97,5.5,4.5,1.0,1.0,7.499999999999997,0.03,0.0
34,COPOC,OCDF,0.030000000000000027,0.97,5.48,4.48,1.0,1.0,6.479999999999999,0.03,0.0
34,COPOC,OCDF,0.050000000000000044,0.97,5.31,4.31,1.0,1.0,5.509999999999999,0.03,0.0
34,COPOC,OCDF,0.07999999999999996,0.94,4.83,3.83,1.1666666666666667,2.0,5.58,0.07,0.0
34,COPOC,OCDF,0.09999999999999998,0.88,4.65,3.65,1.0833333333333333,2.0,6.25,0.13,0.0
34,COPOC,OCDF,0.13,0.84,4.31,3.31,1.125,2.0,6.079230769230769,0.18,0.0
34,COPOC,OCDF,0.15000000000000002,0.84,4.3,3.3,1.125,2.0,5.7,0.18,0.0
34,COPOC,OCDF,0.18000000000000005,0.76,3.89,2.89,1.125,2.0,5.889999999999999,0.27,0.0
34,COPOC,OCDF,0.19999999999999996,0.75,3.88,2.88,1.12,2.0,5.68,0.28,0.0
34,COPOC,APS,0.010000000000000009,1.0,4.82,3.82,,0.0,3.82,0.0,0.0
34,COPOC,APS,0.020000000000000018,0.98,3.27,2.27,1.0,1.0,4.269999999999999,0.02,0.0
34,COPOC,APS,0.030000000000000027,0.98,3.26,2.26,1.0,1.0,3.5933333333333324,0.02,0.0
34,COPOC,APS,0.050000000000000044,0.96,3.21,2.21,1.0,1.0,3.8099999999999983,0.04,0.0
34,COPOC,APS,0.07999999999999996,0.95,2.78,1.78,1.0,1.0,3.0300000000000007,0.05,0.0
34,COPOC,APS,0.09999999999999998,0.91,2.45,1.45,1.0,1.0,3.25,0.09,0.0
34,COPOC,APS,0.13,0.89,2.25,1.26,1.3636363636363635,5.0,2.952307692307692,0.15,0.0
34,COPOC,APS,0.15000000000000002,0.89,2.24,1.25,1.3636363636363635,5.0,2.7166666666666663,0.15,0.0
34,COPOC,APS,0.18000000000000005,0.88,2.15,1.16,1.3333333333333333,5.0,2.4933333333333327,0.16,0.0
34,COPOC,APS,0.19999999999999996,0.87,2.06,1.07,1.3846153846153846,5.0,2.47,0.18,0.0
34,COPOC,LAC,0.010000000000000009,1.0,4.85,3.85,,0.0,3.85,0.0,0.0
34,COPOC,LAC,0.020000000000000018,0.98,3.17,2.17,1.0,1.0,4.169999999999998,0.02,0.0
34,COPOC,LAC,0.030000000000000027,0.97,3.07,2.07,1.0,1.0,4.0699999999999985,0.03,0.0
34,COPOC,LAC,0.050000000000000044,0.93,2.6,1.6,1.0,1.0,4.399999999999997,0.07,0.0
34,COPOC,LAC,0.07999999999999996,0.91,2.4,1.4,1.0,1.0,3.6500000000000012,0.09,0.0
34,COPOC,LAC,0.09999999999999998,0.91,2.4,1.4,1.0,1.0,3.2,0.09,0.0
34,COPOC,LAC,0.13,0.9,2.27,1.27,1.0,1.0,2.808461538461538,0.1,0.0
34,COPOC,LAC,0.15000000000000002,0.85,2.03,1.03,1.1333333333333333,2.0,3.2966666666666664,0.17,0.0
34,COPOC,LAC,0.18000000000000005,0.81,1.76,0.76,1.105263157894737,2.0,3.0933333333333324,0.21,0.0
34,COPOC,LAC,0.19999999999999996,0.79,1.69,0.69,1.0952380952380953,2.0,2.99,0.23,0.0
35,COPOC,min-CPS,0.010000000000000009,1.0,4.73,3.73,,0.0,3.73,0.0,0.0
35,COPOC,min-CPS,0.020000000000000018,1.0,3.77,2.77,,0.0,2.77,0.0,0.0
35,COPOC,min-CPS,0.030000000000000027,1.0,3.2,2.2,,0.0,2.2,0.0,0.0
35,COPOC,min-CPS,0.050000000000000044,1.0,3.13,2.13,,0.0,2.13,0.0,0.0
35,COPOC,min-CPS,0.07999999999999996,1.0,2.92,1.92,,0.0,1.92,0.0,0.0
35,COPOC,min-CPS,0.09999999999999998,1.0,2.8,1.8,,0.0,1.8,0.0,0.0
35,COPOC,min-CPS,0.13,0.98,2.49,1.49,1.0,1.0,1.7976923076923077,0.02,0.0
35,COPOC,min-CPS,0.15000000000000002,0.98,2.4,1.4,1.0,1.0,1.6666666666666665,0.02,0.0
35,COPOC,min-CPS,0.18000000000000005,0.93,2.12,1.12,1.0,1.0,1.8977777777777773,0.07,0.0
35,COPOC,min-CPS,0.19999999999999996,0.91,2.05,1.05,1.0,1.0,1.95,0.09,0.0
35,COPOC,RPS,0.010000000000000009,1.0,4.28,3.28,,0.0,3.28,0.0,0.0
35,COPOC,RPS,0.020000000000000018,1.0,3.86,2.86,,0.0,2.86,0.0,0.0
35,COPOC,RPS,0.030000000000000027,1.0,3.67,2.67,,0.0,2.67,0.0,0.0
35,COPOC,RPS,0.050000000000000044,1.0,3.45,2.45,,0.0,2.45,0.0,0.0
35,COPOC,RPS,0.07999999999999996,0.99,2.94,1.94,1.0,1.0,2.19,0.01,0.0
35,COPOC,RPS,0.09999999999999998,0.99,2.85,1.85,1.0,1.0,2.05,0.01,0.0
35,COPOC,RPS,0.13,0.99,2.7,1.7,1.0,1.0,1.853846153846154,0.01,0.0
35,COPOC,RPS,0.15000000000000002,0.97,2.31,1.31,1.0,1.0,1.71,0.03,0.0
35,COPOC,RPS,0.18000000000000005,0.97,2.19,1.19,1.0,1.0,1.5233333333333332,0.03,0.0
35,COPOC,RPS,0.19999999999999996,0.96,2.1,1.1,1.0,1.0,1.5,0.04,0.0
35,COPOC,OCDF,0.010000000000000009,1.0,5.71,4.71,,0.0,4.71,0.0,0.0
35,COPOC,OCDF,0.020000000000000018,1.0,5.69,4.69,,0.0,4.69,0.0,0.0
35,COPOC,OCDF,0.030000000000000027,1.0,5.58,4.58,,0.0,4.58,0.0,0.0
35,COPOC,OCDF,0.050000000000000044,0.99,5.42,4.42,1.0,1.0,4.82,0.01,0.0
35,COPOC,OCDF,0.07999999999999996,0.94,4.82,3.82,1.0,1.0,5.320000000000001,0.06,0.0
35,COPOC,OCDF,0.09999999999999998,0.91,4.73,3.73,1.0,1.0,5.53,0.09,0.0
35,COPOC,OCDF,0.13,0.9,4.64,3.64,1.0,1.0,5.178461538461538,0.1,0.0
35,COPOC,OCDF,0.15000000000000002,0.87,4.45,3.45,1.0,1.0,5.183333333333333,0.13,0.0
35,COPOC,OCDF,0.18000000000000005,0.83,4.28,3.28,1.0,1.0,5.168888888888888,0.17,0.0
35,COPOC,OCDF,0.19999999999999996,0.81,4.01,3.01,1.0,1.0,4.91,0.19,0.0
35,COPOC,APS,0.010000000000000009,1.0,4.65,3.65,,0.0,3.65,0.0,0.0
35,COPOC,APS,0.020000000000000018,1.0,3.78,2.78,,0.0,2.78,0.0,0.0
35,COPOC,APS,0.030000000000000027,1.0,3.28,2.28,,0.0,2.28,0.0,0.0
35,COPOC,APS,0.050000000000000044,1.0,3.19,2.19,,0.0,2.19,0.0,0.0
35,COPOC,APS,0.07999999999999996,0.99,2.97,1.97,1.0,1.0,2.22,0.01,0.0
35,COPOC,APS,0.09999999999999998,0.99,2.94,1.94,1.0,1.0,2.14,0.01,0.0
35,COPOC,APS,0.13,0.97,2.82,1.82,1.0,1.0,2.2815384615384615,0.03,0.0
35,COPOC,APS,0.15000000000000002,0.95,2.54,1.54,1.0,1.0,2.2066666666666666,0.05,0.0
35,COPOC,APS,0.18000000000000005,0.93,2.29,1.29,1.0,1.0,2.0677777777777773,0.07,0.0
35,COPOC,APS,0.19999999999999996,0.92,2.23,1.23,1.0,1.0,2.03,0.08,0.0
35,COPOC,LAC,0.010000000000000009,1.0,4.79,3.79,,0.0,3.79,0.0,0.0
35,COPOC,LAC,0.020000000000000018,1.0,3.7,2.7,,0.0,2.7,0.0,0.0
35,COPOC,LAC,0.030000000000000027,1.0,3.2,2.2,,0.0,2.2,0.0,0.0
35,COPOC,LAC,0.050000000000000044,1.0,3.07,2.07,,0.0,2.07,0.0,0.0
35,COPOC,LAC,0.07999999999999996,1.0,2.94,1.94,,0.0,1.94,0.0,0.0
35,COPOC,LAC,0.09999999999999998,1.0,2.7,1.7,,0.0,1.7,0.0,0.0
35,COPOC,LAC,0.13,0.98,2.42,1.42,1.0,1.0,1.7276923076923076,0.02,0.0
35,COPOC,LAC,0.15000000000000002,0.98,2.34,1.34,1.0,1.0,1.6066666666666665,0.02,0.0
35,COPOC,LAC,0.18000000000000005,0.9,2.02,1.02,1.0,1.0,2.1311111111111107,0.1,0.0
35,COPOC,LAC,0.19999999999999996,0.9,2.0,1.0,1.0,1.0,2.0,0.1,0.0
36,COPOC,min-CPS,0.010000000000000009,0.97,3.09,2.09,1.0,1.0,8.089999999999996,0.03,0.0
36,COPOC,min-CPS,0.020000000000000018,0.96,3.02,2.02,1.25,2.0,7.019999999999995,0.05,0.0
36,COPOC,min-CPS,0.030000000000000027,0.97,3.0,2.0,1.3333333333333333,2.0,4.666666666666664,0.04,0.0
36,COPOC,min-CPS,0.050000000000000044,0.94,2.75,1.75,1.1666666666666667,2.0,4.549999999999998,0.07,0.0
36,COPOC,min-CPS,0.07999999999999996,0.88,2.27,1.27,1.0833333333333333,2.0,4.520000000000001,0.13,0.0
36,COPOC,min-CPS,0.09999999999999998,0.88,2.24,1.24,1.0833333333333333,2.0,3.84,0.13,0.0
36,COPOC,min-CPS,0.13,0.87,2.08,1.08,1.1538461538461537,2.0,3.387692307692307,0.15,0.0
36,COPOC,min-CPS,0.15000000000000002,0.84,1.94,0.94,1.1875,2.0,3.473333333333333,0.19,0.0
36,COPOC,min-CPS,0.18000000000000005,0.82,1.87,0.87,1.1666666666666667,2.0,3.2033333333333327,0.21,0.0
36,COPOC,min-CPS,0.19999999999999996,0.81,1.82,0.82,1.1578947368421053,2.0,3.02,0.22,0.0
36,COPOC,RPS,0.010000000000000009,0.94,3.24,2.24,1.0,1.0,14.239999999999991,0.06,0.0
36,COPOC,RPS,0.020000000000000018,0.94,3.01,2.01,1.0,1.0,8.009999999999996,0.06,0.0
36,COPOC,RPS,0.030000000000000027,0.93,2.87,1.87,1.0,1.0,6.536666666666663,0.07,0.0
36,COPOC,RPS,0.050000000000000044,0.91,2.68,1.68,1.1111111111111112,2.0,5.679999999999996,0.1,0.0
36,COPOC,RPS,0.07999999999999996,0.9,2.31,1.31,1.2,2.0,4.310000000000001,0.12,0.0
36,COPOC,RPS,0.09999999999999998,0.9,2.25,1.25,1.2,2.0,3.65,0.12,0.0
36,COPOC,RPS,0.13,0.85,1.98,0.98,1.1333333333333333,2.0,3.5953846153846154,0.17,0.0
36,COPOC,RPS,0.15000000000000002,0.84,1.88,0.88,1.25,2.0,3.5466666666666664,0.2,0.0
36,COPOC,RPS,0.18000000000000005,0.82,1.71,0.71,1.2777777777777777,2.0,3.2655555555555553,0.23,0.0
36,COPOC,RPS,0.19999999999999996,0.82,1.71,0.71,1.2777777777777777,2.0,3.01,0.23,0.0
36,COPOC,OCDF,0.010000000000000009,1.0,5.71,4.71,,0.0,4.71,0.0,0.0
36,COPOC,OCDF,0.020000000000000018,0.99,5.58,4.58,1.0,1.0,5.579999999999999,0.01,0.0
36,COPOC,OCDF,0.030000000000000027,0.96,5.28,4.28,1.0,1.0,6.946666666666665,0.04,0.0
36,COPOC,OCDF,0.050000000000000044,0.96,5.2,4.2,1.0,1.0,5.799999999999999,0.04,0.0
36,COPOC,OCDF,0.07999999999999996,0.9,4.78,3.78,1.1,2.0,6.530000000000002,0.11,0.0
36,COPOC,OCDF,0.09999999999999998,0.87,4.62,3.62,1.1538461538461537,2.0,6.62,0.15,0.0
36,COPOC,OCDF,0.13,0.87,4.51,3.51,1.1538461538461537,2.0,5.817692307692307,0.15,0.0
36,COPOC,OCDF,0.15000000000000002,0.85,4.4,3.4,1.2666666666666666,2.0,5.933333333333333,0.19,0.0
36,COPOC,OCDF,0.18000000000000005,0.84,4.35,3.35,1.25,2.0,5.572222222222222,0.2,0.0
36,COPOC,OCDF,0.19999999999999996,0.84,4.18,3.18,1.3125,2.0,5.28,0.21,0.0
36,COPOC,APS,0.010000000000000009,0.97,3.24,2.24,1.0,1.0,8.239999999999995,0.03,0.0
36,COPOC,APS,0.020000000000000018,0.95,3.08,2.08,1.0,1.0,7.079999999999996,0.05,0.0
36,COPOC,APS,0.030000000000000027,0.94,2.92,1.92,1.1666666666666667,2.0,6.5866666666666625,0.07,0.0
36,COPOC,APS,0.050000000000000044,0.94,2.9,1.9,1.1666666666666667,2.0,4.6999999999999975,0.07,0.0
36,COPOC,APS,0.07999999999999996,0.89,2.55,1.55,1.0909090909090908,2.0,4.550000000000002,0.12,0.0
36,COPOC,APS,0.09999999999999998,0.87,2.23,1.23,1.2307692307692308,2.0,4.43,0.16,0.0
36,COPOC,APS,0.13,0.87,2.16,1.16,1.2307692307692308,2.0,3.6215384615384614,0.16,0.0
36,COPOC,APS,0.15000000000000002,0.87,2.11,1.11,1.2307692307692308,2.0,3.243333333333333,0.16,0.0
36,COPOC,APS,0.18000000000000005,0.85,2.0,1.0,1.2,2.0,3.0,0.18,0.0
36,COPOC,APS,0.19999999999999996,0.85,1.93,0.93,1.2,2.0,2.73,0.18,0.0
36,COPOC,LAC,0.010000000000000009,0.96,3.0,2.0,1.0,1.0,9.999999999999993,0.04,0.0
36,COPOC,LAC,0.020000000000000018,0.96,2.94,1.94,1.25,2.0,6.939999999999995,0.05,0.0
36,COPOC,LAC,0.030000000000000027,0.96,2.93,1.93,1.25,2.0,5.26333333333333,0.05,0.0
36,COPOC,LAC,0.050000000000000044,0.94,2.69,1.69,1.1666666666666667,2.0,4.4899999999999975,0.07,0.0
36,COPOC,LAC,0.07999999999999996,0.87,2.25,1.25,1.0769230769230769,2.0,4.750000000000003,0.14,0.0
36,COPOC,LAC,0.09999999999999998,0.86,2.16,1.16,1.1428571428571428,2.0,4.36,0.16,0.0
36,COPOC,LAC,0.13,0.85,2.02,1.02,1.1333333333333333,2.0,3.6353846153846154,0.17,0.0
36,COPOC,LAC,0.15000000000000002,0.85,1.97,0.97,1.2,2.0,3.37,0.18,0.0
36,COPOC,LAC,0.18000000000000005,0.83,1.73,0.73,1.2352941176470589,2.0,3.0633333333333326,0.21,0.0
36,COPOC,LAC,0.19999999999999996,0.83,1.72,0.72,1.2352941176470589,2.0,2.82,0.21,0.0
37,COPOC,min-CPS,0.010000000000000009,0.99,3.75,2.75,1.0,1.0,4.749999999999998,0.01,0.0
37,COPOC,min-CPS,0.020000000000000018,0.97,3.08,2.08,1.3333333333333333,2.0,6.0799999999999965,0.04,0.0
37,COPOC,min-CPS,0.030000000000000027,0.97,3.08,2.08,1.3333333333333333,2.0,4.746666666666664,0.04,0.0
37,COPOC,min-CPS,0.050000000000000044,0.95,2.73,1.73,1.2,2.0,4.129999999999998,0.06,0.0
37,COPOC,min-CPS,0.07999999999999996,0.93,2.47,1.47,1.1428571428571428,2.0,3.470000000000001,0.08,0.0
37,COPOC,min-CPS,0.09999999999999998,0.92,2.33,1.33,1.125,2.0,3.13,0.09,0.0
37,COPOC,min-CPS,0.13,0.84,2.03,1.03,1.0625,2.0,3.6453846153846157,0.17,0.0
37,COPOC,min-CPS,0.15000000000000002,0.83,1.93,0.93,1.0588235294117647,2.0,3.33,0.18,0.0
37,COPOC,min-CPS,0.18000000000000005,0.81,1.88,0.88,1.0526315789473684,2.0,3.1022222222222218,0.2,0.0
37,COPOC,min-CPS,0.19999999999999996,0.81,1.86,0.86,1.0526315789473684,2.0,2.86,0.2,0.0
37,COPOC,RPS,0.010000000000000009,0.99,3.88,2.88,1.0,1.0,4.879999999999998,0.01,0.0
37,COPOC,RPS,0.020000000000000018,0.99,3.71,2.71,1.0,1.0,3.709999999999999,0.01,0.0
37,COPOC,RPS,0.030000000000000027,0.99,3.63,2.63,1.0,1.0,3.2966666666666664,0.01,0.0
37,COPOC,RPS,0.050000000000000044,0.95,2.86,1.86,1.0,1.0,3.859999999999998,0.05,0.0
37,COPOC,RPS,0.07999999999999996,0.88,2.18,1.18,1.0833333333333333,2.0,4.4300000000000015,0.13,0.0
37,COPOC,RPS,0.09999999999999998,0.87,2.08,1.08,1.0769230769230769,2.0,3.88,0.14,0.0
37,COPOC,RPS,0.13,0.86,2.01,1.01,1.0714285714285714,2.0,3.3176923076923073,0.15,0.0
37,COPOC,RPS,0.15000000000000002,0.8,1.81,0.81,1.1,2.0,3.743333333333333,0.22,0.0
37,COPOC,RPS,0.18000000000000005,0.78,1.68,0.68,1.0909090909090908,2.0,3.346666666666666,0.24,0.0
37,COPOC,RPS,0.19999999999999996,0.77,1.67,0.67,1.0869565217391304,2.0,3.17,0.25,0.0
37,COPOC,OCDF,0.010000000000000009,0.99,5.68,4.68,1.0,1.0,6.679999999999998,0.01,0.0
37,COPOC,OCDF,0.020000000000000018,0.99,5.58,4.58,1.0,1.0,5.579999999999999,0.01,0.0
37,COPOC,OCDF,0.030000000000000027,0.98,5.45,4.45,1.0,1.0,5.783333333333332,0.02,0.0
37,COPOC,OCDF,0.050000000000000044,0.98,5.3,4.3,1.0,1.0,5.1,0.02,0.0
37,COPOC,OCDF,0.07999999999999996,0.97,5.01,4.01,1.0,1.0,4.760000000000001,0.03,0.0
37,COPOC,OCDF,0.09999999999999998,0.94,4.81,3.81,1.0,1.0,5.01,0.06,0.0
37,COPOC,OCDF,0.13,0.92,4.66,3.66,1.0,1.0,4.890769230769231,0.08,0.0
37,COPOC,OCDF,0.15000000000000002,0.9,4.58,3.58,1.0,1.0,4.913333333333333,0.1,0.0
37,COPOC,OCDF,0.18000000000000005,0.81,4.09,3.09,1.105263157894737,2.0,5.423333333333333,0.21,0.0
37,COPOC,OCDF,0.19999999999999996,0.77,3.97,2.97,1.0869565217391304,2.0,5.47,0.25,0.0
37,COPOC,APS,0.010000000000000009,0.99,3.52,2.52,2.0,2.0,6.519999999999997,0.02,0.0
37,COPOC,APS,0.020000000000000018,0.98,3.26,2.26,1.5,2.0,5.259999999999998,0.03,0.0
37,COPOC,APS,0.030000000000000027,0.98,3.05,2.05,1.5,2.0,4.049999999999999,0.03,0.0
37,COPOC,APS,0.050000000000000044,0.98,3.02,2.02,1.5,2.0,3.219999999999999,0.03,0.0
37,COPOC,APS,0.07999999999999996,0.95,2.62,1.62,1.2,2.0,3.120000000000001,0.06,0.0
37,COPOC,APS,0.09999999999999998,0.92,2.5,1.5,1.125,2.0,3.3,0.09,0.0
37,COPOC,APS,0.13,0.91,2.35,1.35,1.1111111111111112,2.0,2.888461538461538,0.1,0.0
37,COPOC,APS,0.15000000000000002,0.86,2.07,1.08,1.3571428571428572,5.0,2.9466666666666663,0.19,0.0
37,COPOC,APS,0.18000000000000005,0.81,1.95,0.97,1.4736842105263157,5.0,3.0811111111111105,0.28,0.0
37,COPOC,APS,0.19999999999999996,0.75,1.75,0.78,1.52,5.0,3.28,0.38,0.0
37,COPOC,LAC,0.010000000000000009,0.99,3.67,2.67,1.0,1.0,4.669999999999998,0.01,0.0
37,COPOC,LAC,0.020000000000000018,0.98,3.1,2.1,1.0,1.0,4.099999999999998,0.02,0.0
37,COPOC,LAC,0.030000000000000027,0.97,2.96,1.96,1.3333333333333333,2.0,4.626666666666664,0.04,0.0
37,COPOC,LAC,0.050000000000000044,0.95,2.66,1.66,1.2,2.0,4.059999999999998,0.06,0.0
37,COPOC,LAC,0.07999999999999996,0.94,2.42,1.42,1.1666666666666667,2.0,3.1700000000000013,0.07,0.0
37,COPOC,LAC,0.09999999999999998,0.92,2.32,1.32,1.125,2.0,3.12,0.09,0.0
37,COPOC,LAC,0.13,0.92,2.25,1.25,1.125,2.0,2.6346153846153846,0.09,0.0
37,COPOC,LAC,0.15000000000000002,0.82,1.82,0.82,1.0555555555555556,2.0,3.353333333333333,0.19,0.0
37,COPOC,LAC,0.18000000000000005,0.78,1.74,0.74,1.0909090909090908,2.0,3.4066666666666663,0.24,0.0
37,COPOC,LAC,0.19999999999999996,0.78,1.71,0.71,1.0909090909090908,2.0,3.11,0.24,0.0
38,COPOC,min-CPS,0.010000000000000009,0.95,3.1,2.1,1.2,2.0,14.099999999999989,0.06,0.0
38,COPOC,min-CPS,0.020000000000000018,0.96,3.02,2.02,1.25,2.0,7.019999999999995,0.05,0.0
38,COPOC,min-CPS,0.030000000000000027,0.95,2.9,1.9,1.2,2.0,5.899999999999998,0.06,0.0
38,COPOC,min-CPS,0.050000000000000044,0.95,2.81,1.81,1.2,2.0,4.209999999999997,0.06,0.0
38,COPOC,min-CPS,0.07999999999999996,0.95,2.58,1.58,1.2,2.0,3.080000000000001,0.06,0.0
38,COPOC,min-CPS,0.09999999999999998,0.87,2.19,1.19,1.1538461538461537,2.0,4.19,0.15,0.0
38,COPOC,min-CPS,0.13,0.8,2.0,1.0,1.1,2.0,4.384615384615384,0.22,0.0
38,COPOC,min-CPS,0.15000000000000002,0.79,1.93,0.93,1.0952380952380953,2.0,3.9966666666666657,0.23,0.0
38,COPOC,min-CPS,0.18000000000000005,0.67,1.69,0.69,1.0909090909090908,2.0,4.689999999999999,0.36,0.0
38,COPOC,min-CPS,0.19999999999999996,0.67,1.64,0.64,1.0909090909090908,2.0,4.24,0.36,0.0
38,COPOC,RPS,0.010000000000000009,0.97,3.59,2.59,1.0,1.0,8.589999999999996,0.03,0.0
38,COPOC,RPS,0.020000000000000018,0.93,2.95,1.95,1.0,1.0,8.949999999999994,0.07,0.0
38,COPOC,RPS,0.030000000000000027,0.93,2.91,1.91,1.0,1.0,6.576666666666663,0.07,0.0
38,COPOC,RPS,0.050000000000000044,0.87,2.31,1.31,1.1538461538461537,2.0,7.309999999999994,0.15,0.0
38,COPOC,RPS,0.07999999999999996,0.85,2.12,1.12,1.1333333333333333,2.0,5.370000000000002,0.17,0.0
38,COPOC,RPS,0.09999999999999998,0.84,2.07,1.07,1.125,2.0,4.67,0.18,0.0
38,COPOC,RPS,0.13,0.78,1.84,0.84,1.1818181818181819,2.0,4.84,0.26,0.0
38,COPOC,RPS,0.15000000000000002,0.78,1.79,0.79,1.1818181818181819,2.0,4.256666666666666,0.26,0.0
38,COPOC,RPS,0.18000000000000005,0.77,1.76,0.76,1.173913043478261,2.0,3.7599999999999993,0.27,0.0
38,COPOC,RPS,0.19999999999999996,0.72,1.68,0.68,1.1785714285714286,2.0,3.9800000000000004,0.33,0.0
38,COPOC,OCDF,0.010000000000000009,1.0,5.76,4.76,,0.0,4.76,0.0,0.0
38,COPOC,OCDF,0.020000000000000018,0.99,5.64,4.64,1.0,1.0,5.639999999999999,0.01,0.0
38,COPOC,OCDF,0.030000000000000027,0.99,5.49,4.49,1.0,1.0,5.156666666666666,0.01,0.0
38,COPOC,OCDF,0.050000000000000044,0.95,5.13,4.13,1.2,2.0,6.529999999999998,0.06,0.0
38,COPOC,OCDF,0.07999999999999996,0.84,4.59,3.59,1.125,2.0,8.090000000000002,0.18,0.0
38,COPOC,OCDF,0.09999999999999998,0.84,4.47,3.47,1.125,2.0,7.07,0.18,0.0
38,COPOC,OCDF,0.13,0.81,4.32,3.32,1.1578947368421053,2.0,6.704615384615384,0.22,0.0
38,COPOC,OCDF,0.15000000000000002,0.81,4.28,3.28,1.1578947368421053,2.0,6.213333333333333,0.22,0.0
38,COPOC,OCDF,0.18000000000000005,0.79,3.98,2.98,1.1904761904761905,2.0,5.757777777777777,0.25,0.0
38,COPOC,OCDF,0.19999999999999996,0.76,3.91,2.91,1.2083333333333333,3.0,5.81,0.29,0.0
38,COPOC,APS,0.010000000000000009,0.97,3.46,2.46,1.3333333333333333,2.0,10.459999999999994,0.04,0.0
38,COPOC,APS,0.020000000000000018,0.97,3.33,2.33,1.3333333333333333,2.0,6.3299999999999965,0.04,0.0
38,COPOC,APS,0.030000000000000027,0.95,3.15,2.15,1.2,2.0,6.149999999999997,0.06,0.0
38,COPOC,APS,0.050000000000000044,0.93,2.57,1.57,1.1428571428571428,2.0,4.769999999999997,0.08,0.0
38,COPOC,APS,0.07999999999999996,0.93,2.47,1.47,1.1428571428571428,2.0,3.470000000000001,0.08,0.0
38,COPOC,APS,0.09999999999999998,0.88,2.29,1.29,1.1666666666666667,2.0,4.090000000000001,0.14,0.0
38,COPOC,APS,0.13,0.83,2.03,1.03,1.1176470588235294,2.0,3.9530769230769227,0.19,0.0
38,COPOC,APS,0.15000000000000002,0.82,1.99,1.0,1.3333333333333333,5.0,3.533333333333333,0.24,0.0
38,COPOC,APS,0.18000000000000005,0.77,1.84,0.85,1.3043478260869565,5.0,3.6277777777777773,0.3,0.0
38,COPOC,APS,0.19999999999999996,0.77,1.82,0.83,1.3043478260869565,5.0,3.33,0.3,0.0
38,COPOC,LAC,0.010000000000000009,0.95,2.99,1.99,1.2,2.0,13.989999999999988,0.06,0.0
38,COPOC,LAC,0.020000000000000018,0.95,2.99,1.99,1.2,2.0,7.989999999999994,0.06,0.0
38,COPOC,LAC,0.030000000000000027,0.95,2.96,1.96,1.2,2.0,5.959999999999997,0.06,0.0
38,COPOC,LAC,0.050000000000000044,0.95,2.75,1.75,1.2,2.0,4.149999999999998,0.06,0.0
38,COPOC,LAC,0.07999999999999996,0.94,2.47,1.47,1.1666666666666667,2.0,3.220000000000001,0.07,0.0
38,COPOC,LAC,0.09999999999999998,0.91,2.32,1.32,1.1111111111111112,2.0,3.32,0.1,0.0
38,COPOC,LAC,0.13,0.79,1.83,0.83,1.1428571428571428,2.0,4.522307692307692,0.24,0.0
38,COPOC,LAC,0.15000000000000002,0.79,1.83,0.83,1.1428571428571428,2.0,4.029999999999999,0.24,0.0
38,COPOC,LAC,0.18000000000000005,0.76,1.77,0.77,1.1666666666666667,2.0,3.8811111111111103,0.28,0.0
38,COPOC,LAC,0.19999999999999996,0.71,1.67,0.67,1.1724137931034482,3.0,4.07,0.34,0.0
39,COPOC,min-CPS,0.010000000000000009,0.99,3.94,2.94,1.0,1.0,4.939999999999999,0.01,0.0
39,COPOC,min-CPS,0.020000000000000018,0.98,3.29,2.29,1.0,1.0,4.289999999999998,0.02,0.0
39,COPOC,min-CPS,0.030000000000000027,0.97,3.23,2.23,1.3333333333333333,2.0,4.896666666666665,0.04,0.0
39,COPOC,min-CPS,0.050000000000000044,0.95,2.92,1.92,1.2,2.0,4.319999999999998,0.06,0.0
39,COPOC,min-CPS,0.07999999999999996,0.95,2.78,1.78,1.2,2.0,3.280000000000001,0.06,0.0
39,COPOC,min-CPS,0.09999999999999998,0.91,2.34,1.34,1.1111111111111112,2.0,3.34,0.1,0.0
39,COPOC,min-CPS,0.13,0.9,2.26,1.26,1.1,2.0,2.9523076923076923,0.11,0.0
39,COPOC,min-CPS,0.15000000000000002,0.87,2.17,1.17,1.1538461538461537,2.0,3.1699999999999995,0.15,0.0
39,COPOC,min-CPS,0.18000000000000005,0.83,1.95,0.95,1.1176470588235294,2.0,3.0611111111111104,0.19,0.0
39,COPOC,min-CPS,0.19999999999999996,0.82,1.94,0.94,1.1111111111111112,2.0,2.94,0.2,0.0
39,COPOC,RPS,0.010000000000000009,0.98,3.76,2.76,1.0,1.0,6.759999999999996,0.02,0.0
39,COPOC,RPS,0.020000000000000018,0.95,3.28,2.28,1.0,1.0,7.279999999999996,0.05,0.0
39,COPOC,RPS,0.030000000000000027,0.94,3.0,2.0,1.0,1.0,5.9999999999999964,0.06,0.0
39,COPOC,RPS,0.050000000000000044,0.94,2.92,1.92,1.1666666666666667,2.0,4.719999999999998,0.07,0.0
39,COPOC,RPS,0.07999999999999996,0.93,2.67,1.67,1.1428571428571428,2.0,3.6700000000000013,0.08,0.0
39,COPOC,RPS,0.09999999999999998,0.91,2.26,1.26,1.2222222222222223,2.0,3.46,0.11,0.0
39,COPOC,RPS,0.13,0.87,2.09,1.09,1.1538461538461537,2.0,3.3976923076923073,0.15,0.0
39,COPOC,RPS,0.15000000000000002,0.82,1.84,0.84,1.2222222222222223,2.0,3.773333333333333,0.22,0.0
39,COPOC,RPS,0.18000000000000005,0.81,1.76,0.76,1.2105263157894737,2.0,3.3155555555555547,0.23,0.0
39,COPOC,RPS,0.19999999999999996,0.77,1.68,0.68,1.173913043478261,2.0,3.380000000000001,0.27,0.0
39,COPOC,OCDF,0.010000000000000009,0.99,5.73,4.73,1.0,1.0,6.729999999999998,0.01,0.0
39,COPOC,OCDF,0.020000000000000018,0.99,5.65,4.65,1.0,1.0,5.649999999999999,0.01,0.0
39,COPOC,OCDF,0.030000000000000027,0.94,5.21,4.21,1.0,1.0,8.209999999999997,0.06,0.0
39,COPOC,OCDF,0.050000000000000044,0.9,4.76,3.76,1.0,1.0,7.759999999999996,0.1,0.0
39,COPOC,OCDF,0.07999999999999996,0.75,4.19,3.19,1.12,2.0,10.190000000000003,0.28,0.0
39,COPOC,OCDF,0.09999999999999998,0.71,3.91,2.91,1.1379310344827587,2.0,9.51,0.33,0.0
39,COPOC,OCDF,0.13,0.69,3.82,2.82,1.1612903225806452,3.0,8.358461538461537,0.36,0.0
39,COPOC,OCDF,0.15000000000000002,0.66,3.72,2.72,1.1764705882352942,3.0,8.053333333333335,0.4,0.0
39,COPOC,OCDF,0.18000000000000005,0.63,3.63,2.63,1.162162162162162,3.0,7.407777777777776,0.43,0.0
39,COPOC,OCDF,0.19999999999999996,0.63,3.53,2.53,1.162162162162162,3.0,6.83,0.43,0.0
39,COPOC,APS,0.010000000000000009,0.99,4.35,3.35,1.0,1.0,5.349999999999998,0.01,0.0
39,COPOC,APS,0.020000000000000018,0.98,3.2,2.2,1.5,2.0,5.1999999999999975,0.03,0.0
39,COPOC,APS,0.030000000000000027,0.98,3.18,2.18,1.5,2.0,4.179999999999998,0.03,0.0
39,COPOC,APS,0.050000000000000044,0.98,3.11,2.11,1.5,2.0,3.3099999999999987,0.03,0.0
39,COPOC,APS,0.07999999999999996,0.93,2.75,1.75,1.1428571428571428,2.0,3.7500000000000013,0.08,0.0
39,COPOC,APS,0.09999999999999998,0.89,2.47,1.47,1.0909090909090908,2.0,3.87,0.12,0.0
39,COPOC,APS,0.13,0.85,2.2,1.2,1.1333333333333333,2.0,3.8153846153846156,0.17,0.0
39,COPOC,APS,0.15000000000000002,0.82,2.01,1.02,1.3333333333333333,5.0,3.686666666666666,0.24,0.0
39,COPOC,APS,0.18000000000000005,0.82,2.0,1.01,1.3333333333333333,5.0,3.232222222222221,0.24,0.0
39,COPOC,APS,0.19999999999999996,0.81,1.98,0.99,1.3157894736842106,5.0,3.09,0.25,0.0
39,COPOC,LAC,0.010000000000000009,0.99,3.85,2.85,1.0,1.0,4.849999999999998,0.01,0.0
39,COPOC,LAC,0.020000000000000018,0.97,3.22,2.22,1.0,1.0,5.219999999999998,0.03,0.0
39,COPOC,LAC,0.030000000000000027,0.97,3.13,2.13,1.3333333333333333,2.0,4.796666666666664,0.04,0.0
39,COPOC,LAC,0.050000000000000044,0.95,2.81,1.81,1.2,2.0,4.209999999999997,0.06,0.0
39,COPOC,LAC,0.07999999999999996,0.95,2.69,1.69,1.2,2.0,3.1900000000000013,0.06,0.0
39,COPOC,LAC,0.09999999999999998,0.9,2.32,1.32,1.1,2.0,3.52,0.11,0.0
39,COPOC,LAC,0.13,0.89,2.26,1.26,1.0909090909090908,2.0,3.1061538461538465,0.12,0.0
39,COPOC,LAC,0.15000000000000002,0.85,2.07,1.07,1.1333333333333333,2.0,3.3366666666666664,0.17,0.0
39,COPOC,LAC,0.18000000000000005,0.77,1.71,0.71,1.173913043478261,2.0,3.709999999999999,0.27,0.0
39,COPOC,LAC,0.19999999999999996,0.75,1.66,0.66,1.16,2.0,3.5600000000000005,0.29,0.0
40,COPOC,min-CPS,0.010000000000000009,1.0,4.75,3.75,,0.0,3.75,0.0,0.0
40,COPOC,min-CPS,0.020000000000000018,1.0,3.85,2.85,,0.0,2.85,0.0,0.0
40,COPOC,min-CPS,0.030000000000000027,0.98,3.15,2.15,1.0,1.0,3.4833333333333325,0.02,0.0
40,COPOC,min-CPS,0.050000000000000044,0.97,2.91,1.91,1.0,1.0,3.109999999999999,0.03,0.0
40,COPOC,min-CPS,0.07999999999999996,0.94,2.53,1.53,1.0,1.0,3.030000000000001,0.06,0.0
40,COPOC,min-CPS,0.09999999999999998,0.91,2.35,1.35,1.0,1.0,3.15,0.09,0.0
40,COPOC,min-CPS,0.13,0.9,2.2,1.2,1.0,1.0,2.738461538461538,0.1,0.0
40,COPOC,min-CPS,0.15000000000000002,0.9,2.14,1.14,1.0,1.0,2.473333333333333,0.1,0.0
40,COPOC,min-CPS,0.18000000000000005,0.8,1.92,0.92,1.0,1.0,3.1422222222222214,0.2,0.0
40,COPOC,min-CPS,0.19999999999999996,0.76,1.77,0.77,1.0,1.0,3.17,0.24,0.0
40,COPOC,RPS,0.010000000000000009,1.0,4.33,3.33,,0.0,3.33,0.0,0.0
40,COPOC,RPS,0.020000000000000018,1.0,3.94,2.94,,0.0,2.94,0.0,0.0
40,COPOC,RPS,0.030000000000000027,1.0,3.72,2.72,,0.0,2.72,0.0,0.0
40,COPOC,RPS,0.050000000000000044,0.95,2.88,1.88,1.0,1.0,3.879999999999998,0.05,0.0
40,COPOC,RPS,0.07999999999999996,0.92,2.6,1.6,1.0,1.0,3.600000000000001,0.08,0.0
40,COPOC,RPS,0.09999999999999998,0.89,2.19,1.19,1.0,1.0,3.39,0.11,0.0
40,COPOC,RPS,0.13,0.89,2.13,1.13,1.0,1.0,2.8223076923076915,0.11,0.0
40,COPOC,RPS,0.15000000000000002,0.86,1.99,0.99,1.0714285714285714,2.0,2.99,0.15,0.0
40,COPOC,RPS,0.18000000000000005,0.82,1.82,0.82,1.0555555555555556,2.0,2.931111111111111,0.19,0.0
40,COPOC,RPS,0.19999999999999996,0.82,1.8,0.8,1.0555555555555556,2.0,2.7,0.19,0.0
40,COPOC,OCDF,0.010000000000000009,0.99,5.79,4.79,1.0,1.0,6.789999999999997,0.01,0.0
40,COPOC,OCDF,0.020000000000000018,0.99,5.7,4.7,1.0,1.0,5.699999999999999,0.01,0.0
40,COPOC,OCDF,0.030000000000000027,0.99,5.54,4.54,1.0,1.0,5.206666666666666,0.01,0.0
40,COPOC,OCDF,0.050000000000000044,0.99,5.54,4.54,1.0,1.0,4.94,0.01,0.0
40,COPOC,OCDF,0.07999999999999996,0.93,4.86,3.86,1.0,1.0,5.610000000000001,0.07,0.0
40,COPOC,OCDF,0.09999999999999998,0.9,4.7,3.7,1.0,1.0,5.7,0.1,0.0
40,COPOC,OCDF,0.13,0.87,4.5,3.5,1.0,1.0,5.5,0.13,0.0
40,COPOC,OCDF,0.15000000000000002,0.83,4.31,3.31,1.0588235294117647,2.0,5.709999999999999,0.18,0.0
40,COPOC,OCDF,0.18000000000000005,0.8,4.03,3.03,1.1,2.0,5.474444444444443,0.22,0.0
40,COPOC,OCDF,0.19999999999999996,0.8,3.99,2.99,1.1,2.0,5.19,0.22,0.0
40,COPOC,APS,0.010000000000000009,1.0,4.54,3.54,,0.0,3.54,0.0,0.0
40,COPOC,APS,0.020000000000000018,1.0,3.7,2.7,,0.0,2.7,0.0,0.0
40,COPOC,APS,0.030000000000000027,1.0,3.51,2.51,,0.0,2.51,0.0,0.0
40,COPOC,APS,0.050000000000000044,0.99,3.18,2.18,1.0,1.0,2.58,0.01,0.0
40,COPOC,APS,0.07999999999999996,0.96,2.6,1.6,1.0,1.0,2.6000000000000005,0.04,0.0
40,COPOC,APS,0.09999999999999998,0.93,2.4,1.4,1.0,1.0,2.8,0.07,0.0
40,COPOC,APS,0.13,0.86,2.22,1.22,1.0,1.0,3.3738461538461535,0.14,0.0
40,COPOC,APS,0.15000000000000002,0.82,2.04,1.04,1.0,1.0,3.4399999999999995,0.18,0.0
40,COPOC,APS,0.18000000000000005,0.8,1.97,0.97,1.0,1.0,3.1922222222222216,0.2,0.0
40,COPOC,APS,0.19999999999999996,0.76,1.85,0.85,1.0,1.0,3.25,0.24,0.0
40,COPOC,LAC,0.010000000000000009,1.0,4.85,3.85,,0.0,3.85,0.0,0.0
40,COPOC,LAC,0.020000000000000018,1.0,3.72,2.72,,0.0,2.72,0.0,0.0
40,COPOC,LAC,0.030000000000000027,0.99,3.12,2.12,1.0,1.0,2.786666666666666,0.01,0.0
40,COPOC,LAC,0.050000000000000044,0.97,2.93,1.93,1.0,1.0,3.129999999999999,0.03,0.0
40,COPOC,LAC,0.07999999999999996,0.94,2.45,1.45,1.0,1.0,2.950000000000001,0.06,0.0
40,COPOC,LAC,0.09999999999999998,0.91,2.32,1.32,1.0,1.0,3.12,0.09,0.0
40,COPOC,LAC,0.13,0.91,2.23,1.23,1.0,1.0,2.6146153846153846,0.09,0.0
40,COPOC,LAC,0.15000000000000002,0.87,2.09,1.09,1.0,1.0,2.8233333333333333,0.13,0.0
40,COPOC,LAC,0.18000000000000005,0.82,1.8,0.8,1.0555555555555556,2.0,2.911111111111111,0.19,0.0
40,COPOC,LAC,0.19999999999999996,0.82,1.79,0.79,1.0555555555555556,2.0,2.69,0.19,0.0
41,COPOC,min-CPS,0.010000000000000009,0.99,3.89,2.89,1.0,1.0,4.889999999999998,0.01,0.0
41,COPOC,min-CPS,0.020000000000000018,0.98,3.25,2.25,1.0,1.0,4.249999999999998,0.02,0.0
41,COPOC,min-CPS,0.030000000000000027,0.95,2.98,1.98,1.2,2.0,5.979999999999997,0.06,0.0
41,COPOC,min-CPS,0.050000000000000044,0.94,2.83,1.83,1.1666666666666667,2.0,4.629999999999998,0.07,0.0
41,COPOC,min-CPS,0.07999999999999996,0.91,2.39,1.39,1.1111111111111112,2.0,3.890000000000001,0.1,0.0
41,COPOC,min-CPS,0.09999999999999998,0.91,2.35,1.35,1.1111111111111112,2.0,3.35,0.1,0.0
41,COPOC,min-CPS,0.13,0.85,2.11,1.11,1.0666666666666667,2.0,3.571538461538461,0.16,0.0
41,COPOC,min-CPS,0.15000000000000002,0.8,1.94,0.94,1.05,2.0,3.74,0.21,0.0
41,COPOC,min-CPS,0.18000000000000005,0.79,1.92,0.92,1.0476190476190477,2.0,3.3644444444444432,0.22,0.0
41,COPOC,min-CPS,0.19999999999999996,0.78,1.87,0.87,1.0454545454545454,2.0,3.17,0.23,0.0
41,COPOC,RPS,0.010000000000000009,0.98,3.7,2.7,1.0,1.0,6.699999999999997,0.02,0.0
41,COPOC,RPS,0.020000000000000018,0.98,3.63,2.63,1.0,1.0,4.629999999999998,0.02,0.0
41,COPOC,RPS,0.030000000000000027,0.96,3.31,2.31,1.0,1.0,4.976666666666665,0.04,0.0
41,COPOC,RPS,0.050000000000000044,0.91,2.69,1.69,1.1111111111111112,2.0,5.689999999999997,0.1,0.0
41,COPOC,RPS,0.07999999999999996,0.88,2.16,1.16,1.1666666666666667,2.0,4.660000000000002,0.14,0.0
41,COPOC,RPS,0.09999999999999998,0.86,2.1,1.1,1.1428571428571428,2.0,4.3,0.16,0.0
41,COPOC,RPS,0.13,0.84,1.97,0.97,1.1875,2.0,3.8930769230769227,0.19,0.0
41,COPOC,RPS,0.15000000000000002,0.81,1.86,0.86,1.1578947368421053,2.0,3.7933333333333326,0.22,0.0
41,COPOC,RPS,0.18000000000000005,0.79,1.76,0.76,1.1428571428571428,2.0,3.4266666666666663,0.24,0.0
41,COPOC,RPS,0.19999999999999996,0.78,1.75,0.75,1.1363636363636365,2.0,3.25,0.25,0.0
41,COPOC,OCDF,0.010000000000000009,0.99,5.77,4.77,1.0,1.0,6.769999999999998,0.01,0.0
41,COPOC,OCDF,0.020000000000000018,0.99,5.66,4.66,1.0,1.0,5.659999999999999,0.01,0.0
41,COPOC,OCDF,0.030000000000000027,0.99,5.53,4.53,1.0,1.0,5.196666666666666,0.01,0.0
41,COPOC,OCDF,0.050000000000000044,0.95,5.2,4.2,1.0,1.0,6.1999999999999975,0.05,0.0
41,COPOC,OCDF,0.07999999999999996,0.89,4.78,3.78,1.0909090909090908,2.0,6.780000000000002,0.12,0.0
41,COPOC,OCDF,0.09999999999999998,0.89,4.77,3.77,1.0909090909090908,2.0,6.17,0.12,0.0
41,COPOC,OCDF,0.13,0.87,4.54,3.54,1.0769230769230769,2.0,5.693846153846155,0.14,0.0
41,COPOC,OCDF,0.15000000000000002,0.85,4.43,3.43,1.1333333333333333,2.0,5.696666666666665,0.17,0.0
41,COPOC,OCDF,0.18000000000000005,0.85,4.35,3.35,1.1333333333333333,2.0,5.238888888888889,0.17,0.0
41,COPOC,OCDF,0.19999999999999996,0.84,4.25,3.25,1.1875,2.0,5.15,0.19,0.0
41,COPOC,APS,0.010000000000000009,0.99,3.84,2.84,1.0,1.0,4.839999999999998,0.01,0.0
41,COPOC,APS,0.020000000000000018,0.97,3.51,2.51,1.0,1.0,5.509999999999998,0.03,0.0
41,COPOC,APS,0.030000000000000027,0.95,3.13,2.13,1.2,2.0,6.129999999999996,0.06,0.0
41,COPOC,APS,0.050000000000000044,0.95,3.1,2.1,1.2,2.0,4.499999999999998,0.06,0.0
41,COPOC,APS,0.07999999999999996,0.92,2.63,1.63,1.125,2.0,3.8800000000000012,0.09,0.0
41,COPOC,APS,0.09999999999999998,0.88,2.34,1.34,1.0833333333333333,2.0,3.94,0.13,0.0
41,COPOC,APS,0.13,0.87,2.21,1.21,1.0769230769230769,2.0,3.3638461538461537,0.14,0.0
41,COPOC,APS,0.15000000000000002,0.86,2.08,1.09,1.3571428571428572,5.0,2.956666666666666,0.19,0.0
41,COPOC,APS,0.18000000000000005,0.82,1.93,0.95,1.5555555555555556,5.0,3.061111111111111,0.28,0.0
41,COPOC,APS,0.19999999999999996,0.82,1.89,0.91,1.5555555555555556,5.0,2.8100000000000005,0.28,0.0
41,COPOC,LAC,0.010000000000000009,0.99,3.78,2.78,1.0,1.0,4.7799999999999985,0.01,0.0
41,COPOC,LAC,0.020000000000000018,0.97,3.15,2.15,1.0,1.0,5.149999999999998,0.03,0.0
41,COPOC,LAC,0.030000000000000027,0.95,3.02,2.02,1.2,2.0,6.019999999999997,0.06,0.0
41,COPOC,LAC,0.050000000000000044,0.94,2.69,1.69,1.1666666666666667,2.0,4.4899999999999975,0.07,0.0
41,COPOC,LAC,0.07999999999999996,0.91,2.32,1.32,1.1111111111111112,2.0,3.820000000000001,0.1,0.0
41,COPOC,LAC,0.09999999999999998,0.9,2.27,1.27,1.1,2.0,3.47,0.11,0.0
41,COPOC,LAC,0.13,0.81,1.92,0.92,1.0526315789473684,2.0,3.9969230769230766,0.2,0.0
41,COPOC,LAC,0.15000000000000002,0.79,1.81,0.81,1.0952380952380953,2.0,3.8766666666666665,0.23,0.0
41,COPOC,LAC,0.18000000000000005,0.79,1.78,0.78,1.1428571428571428,2.0,3.4466666666666663,0.24,0.0
41,COPOC,LAC,0.19999999999999996,0.78,1.76,0.76,1.1363636363636365,2.0,3.26,0.25,0.0
42,COPOC,min-CPS,0.010000000000000009,0.98,3.2,2.2,1.0,1.0,6.199999999999997,0.02,0.0
42,COPOC,min-CPS,0.020000000000000018,0.94,2.91,1.91,1.1666666666666667,2.0,8.909999999999995,0.07,0.0
42,COPOC,min-CPS,0.030000000000000027,0.94,2.83,1.83,1.1666666666666667,2.0,6.496666666666663,0.07,0.0
42,COPOC,min-CPS,0.050000000000000044,0.92,2.54,1.54,1.125,2.0,5.139999999999997,0.09,0.0
42,COPOC,min-CPS,0.07999999999999996,0.86,2.27,1.27,1.0714285714285714,2.0,5.020000000000001,0.15,0.0
42,COPOC,min-CPS,0.09999999999999998,0.84,2.14,1.14,1.125,2.0,4.74,0.18,0.0
42,COPOC,min-CPS,0.13,0.82,2.01,1.01,1.1111111111111112,2.0,4.086923076923076,0.2,0.0
42,COPOC,min-CPS,0.15000000000000002,0.8,1.92,0.92,1.1,2.0,3.8533333333333326,0.22,0.0
42,COPOC,min-CPS,0.18000000000000005,0.76,1.86,0.86,1.0833333333333333,2.0,3.748888888888888,0.26,0.0
42,COPOC,min-CPS,0.19999999999999996,0.69,1.71,0.71,1.096774193548387,2.0,4.11,0.34,0.0
42,COPOC,RPS,0.010000000000000009,0.97,3.62,2.62,1.0,1.0,8.619999999999996,0.03,0.0
42,COPOC,RPS,0.020000000000000018,0.97,3.49,2.49,1.0,1.0,5.4899999999999975,0.03,0.0
42,COPOC,RPS,0.030000000000000027,0.94,2.97,1.97,1.0,1.0,5.969999999999996,0.06,0.0
42,COPOC,RPS,0.050000000000000044,0.93,2.84,1.84,1.1428571428571428,2.0,5.039999999999997,0.08,0.0
42,COPOC,RPS,0.07999999999999996,0.84,2.08,1.08,1.125,2.0,5.580000000000002,0.18,0.0
42,COPOC,RPS,0.09999999999999998,0.81,1.93,0.93,1.2105263157894737,2.0,5.530000000000001,0.23,0.0
42,COPOC,RPS,0.13,0.8,1.86,0.86,1.2,2.0,4.552307692307692,0.24,0.0
42,COPOC,RPS,0.15000000000000002,0.8,1.84,0.84,1.2,2.0,4.039999999999999,0.24,0.0
42,COPOC,RPS,0.18000000000000005,0.75,1.74,0.74,1.16,2.0,3.962222222222221,0.29,0.0
42,COPOC,RPS,0.19999999999999996,0.7,1.66,0.66,1.1333333333333333,2.0,4.06,0.34,0.0
42,COPOC,OCDF,0.010000000000000009,0.97,5.44,4.44,1.0,1.0,10.439999999999996,0.03,0.0
42,COPOC,OCDF,0.020000000000000018,0.93,5.16,4.16,1.0,1.0,11.159999999999993,0.07,0.0
42,COPOC,OCDF,0.030000000000000027,0.93,5.1,4.1,1.1428571428571428,2.0,9.43333333333333,0.08,0.0
42,COPOC,OCDF,0.050000000000000044,0.85,4.63,3.63,1.1333333333333333,2.0,10.429999999999996,0.17,0.0
42,COPOC,OCDF,0.07999999999999996,0.83,4.49,3.49,1.1176470588235294,2.0,8.240000000000002,0.19,0.0
42,COPOC,OCDF,0.09999999999999998,0.81,4.22,3.22,1.1578947368421053,2.0,7.62,0.22,0.0
42,COPOC,OCDF,0.13,0.72,3.8,2.8,1.1071428571428572,2.0,7.569230769230769,0.31,0.0
42,COPOC,OCDF,0.15000000000000002,0.69,3.73,2.73,1.1612903225806452,3.0,7.53,0.36,0.0
42,COPOC,OCDF,0.18000000000000005,0.66,3.67,2.67,1.1470588235294117,3.0,7.003333333333333,0.39,0.0
42,COPOC,OCDF,0.19999999999999996,0.6,3.47,2.47,1.125,3.0,6.97,0.45,0.0
42,COPOC,APS,0.010000000000000009,0.96,3.17,2.17,1.25,2.0,12.169999999999991,0.05,0.0
42,COPOC,APS,0.020000000000000018,0.96,3.16,2.16,1.25,2.0,7.159999999999996,0.05,0.0
42,COPOC,APS,0.030000000000000027,0.96,3.15,2.15,1.25,2.0,5.483333333333331,0.05,0.0
42,COPOC,APS,0.050000000000000044,0.92,2.76,1.76,1.125,2.0,5.359999999999997,0.09,0.0
42,COPOC,APS,0.07999999999999996,0.88,2.35,1.35,1.1666666666666667,2.0,4.850000000000001,0.14,0.0
42,COPOC,APS,0.09999999999999998,0.83,2.12,1.13,1.3529411764705883,5.0,4.93,0.23,0.0
42,COPOC,APS,0.13,0.77,1.89,0.9,1.3043478260869565,5.0,4.899999999999999,0.3,0.0
42,COPOC,APS,0.15000000000000002,0.76,1.8,0.82,1.4583333333333333,5.0,4.286666666666665,0.35,0.0
42,COPOC,APS,0.18000000000000005,0.72,1.72,0.74,1.3928571428571428,5.0,4.073333333333332,0.39,0.0
42,COPOC,APS,0.19999999999999996,0.71,1.63,0.65,1.3793103448275863,5.0,3.75,0.4,0.0
42,COPOC,LAC,0.010000000000000009,0.98,3.19,2.19,1.0,1.0,6.189999999999997,0.02,0.0
42,COPOC,LAC,0.020000000000000018,0.94,2.95,1.95,1.1666666666666667,2.0,8.949999999999994,0.07,0.0
42,COPOC,LAC,0.030000000000000027,0.94,2.82,1.82,1.1666666666666667,2.0,6.486666666666663,0.07,0.0
42,COPOC,LAC,0.050000000000000044,0.9,2.42,1.42,1.1,2.0,5.819999999999997,0.11,0.0
42,COPOC,LAC,0.07999999999999996,0.87,2.23,1.23,1.0769230769230769,2.0,4.730000000000001,0.14,0.0
42,COPOC,LAC,0.09999999999999998,0.84,2.12,1.12,1.125,2.0,4.72,0.18,0.0
42,COPOC,LAC,0.13,0.81,1.94,0.94,1.105263157894737,2.0,4.1707692307692295,0.21,0.0
42,COPOC,LAC,0.15000000000000002,0.74,1.74,0.74,1.1538461538461537,2.0,4.739999999999998,0.3,0.0
42,COPOC,LAC,0.18000000000000005,0.72,1.71,0.71,1.1428571428571428,2.0,4.265555555555554,0.32,0.0
42,COPOC,LAC,0.19999999999999996,0.71,1.65,0.65,1.1724137931034482,3.0,4.05,0.34,0.0
43,COPOC,min-CPS,0.010000000000000009,0.99,3.82,2.82,1.0,1.0,4.8199999999999985,0.01,0.0
43,COPOC,min-CPS,0.020000000000000018,0.95,2.96,1.96,1.2,2.0,7.9599999999999955,0.06,0.0
43,COPOC,min-CPS,0.030000000000000027,0.93,2.82,1.82,1.1428571428571428,2.0,7.153333333333329,0.08,0.0
43,COPOC,min-CPS,0.050000000000000044,0.92,2.67,1.67,1.125,2.0,5.269999999999997,0.09,0.0
43,COPOC,min-CPS,0.07999999999999996,0.91,2.38,1.38,1.1111111111111112,2.0,3.8800000000000012,0.1,0.0
43,COPOC,min-CPS,0.09999999999999998,0.91,2.27,1.27,1.1111111111111112,2.0,3.27,0.1,0.0
43,COPOC,min-CPS,0.13,0.88,2.14,1.14,1.0833333333333333,2.0,3.14,0.13,0.0
43,COPOC,min-CPS,0.15000000000000002,0.88,2.14,1.14,1.0833333333333333,2.0,2.873333333333333,0.13,0.0
43,COPOC,min-CPS,0.18000000000000005,0.88,2.05,1.05,1.1666666666666667,2.0,2.6055555555555547,0.14,0.0
43,COPOC,min-CPS,0.19999999999999996,0.88,2.0,1.0,1.1666666666666667,2.0,2.4,0.14,0.0
43,COPOC,RPS,0.010000000000000009,0.98,3.72,2.72,1.0,1.0,6.719999999999996,0.02,0.0
43,COPOC,RPS,0.020000000000000018,0.96,3.41,2.41,1.0,1.0,6.409999999999997,0.04,0.0
43,COPOC,RPS,0.030000000000000027,0.96,3.26,2.26,1.0,1.0,4.926666666666665,0.04,0.0
43,COPOC,RPS,0.050000000000000044,0.93,2.78,1.78,1.1428571428571428,2.0,4.979999999999997,0.08,0.0
43,COPOC,RPS,0.07999999999999996,0.91,2.4,1.4,1.1111111111111112,2.0,3.9000000000000012,0.1,0.0
43,COPOC,RPS,0.09999999999999998,0.91,2.27,1.27,1.2222222222222223,2.0,3.47,0.11,0.0
43,COPOC,RPS,0.13,0.89,2.12,1.12,1.1818181818181819,2.0,3.12,0.13,0.0
43,COPOC,RPS,0.15000000000000002,0.89,2.07,1.07,1.1818181818181819,2.0,2.8033333333333332,0.13,0.0
43,COPOC,RPS,0.18000000000000005,0.87,1.95,0.95,1.1538461538461537,2.0,2.616666666666666,0.15,0.0
43,COPOC,RPS,0.19999999999999996,0.87,1.88,0.88,1.2307692307692308,2.0,2.48,0.16,0.0
43,COPOC,OCDF,0.010000000000000009,1.0,5.72,4.72,,0.0,4.72,0.0,0.0
43,COPOC,OCDF,0.020000000000000018,1.0,5.68,4.68,,0.0,4.68,0.0,0.0
43,COPOC,OCDF,0.030000000000000027,1.0,5.6,4.6,,0.0,4.6,0.0,0.0
43,COPOC,OCDF,0.050000000000000044,0.98,5.28,4.28,1.0,1.0,5.079999999999999,0.02,0.0
43,COPOC,OCDF,0.07999999999999996,0.97,5.06,4.06,1.0,1.0,4.81,0.03,0.0
43,COPOC,OCDF,0.09999999999999998,0.97,4.94,3.94,1.0,1.0,4.54,0.03,0.0
43,COPOC,OCDF,0.13,0.89,4.62,3.62,1.0909090909090908,2.0,5.466153846153845,0.12,0.0
43,COPOC,OCDF,0.15000000000000002,0.88,4.48,3.48,1.0833333333333333,2.0,5.213333333333333,0.13,0.0
43,COPOC,OCDF,0.18000000000000005,0.87,4.32,3.32,1.1538461538461537,2.0,4.986666666666666,0.15,0.0
43,COPOC,OCDF,0.19999999999999996,0.86,4.26,3.26,1.1428571428571428,2.0,4.86,0.16,0.0
43,COPOC,APS,0.010000000000000009,0.99,3.66,2.66,2.0,2.0,6.659999999999997,0.02,0.0
43,COPOC,APS,0.020000000000000018,0.98,3.34,2.34,1.5,2.0,5.339999999999998,0.03,0.0
43,COPOC,APS,0.030000000000000027,0.94,3.0,2.0,1.1666666666666667,2.0,6.6666666666666625,0.07,0.0
43,COPOC,APS,0.050000000000000044,0.92,2.66,1.66,1.125,2.0,5.259999999999996,0.09,0.0
43,COPOC,APS,0.07999999999999996,0.91,2.49,1.49,1.1111111111111112,2.0,3.990000000000001,0.1,0.0
43,COPOC,APS,0.09999999999999998,0.91,2.43,1.43,1.1111111111111112,2.0,3.43,0.1,0.0
43,COPOC,APS,0.13,0.89,2.2,1.2,1.1818181818181819,2.0,3.2,0.13,0.0
43,COPOC,APS,0.15000000000000002,0.89,2.14,1.14,1.1818181818181819,2.0,2.873333333333333,0.13,0.0
43,COPOC,APS,0.18000000000000005,0.89,2.07,1.07,1.1818181818181819,2.0,2.514444444444444,0.13,0.0
43,COPOC,APS,0.19999999999999996,0.85,1.96,0.96,1.2,2.0,2.76,0.18,0.0
43,COPOC,LAC,0.010000000000000009,0.99,3.71,2.71,1.0,1.0,4.709999999999998,0.01,0.0
43,COPOC,LAC,0.020000000000000018,0.95,3.0,2.0,1.2,2.0,7.999999999999996,0.06,0.0
43,COPOC,LAC,0.030000000000000027,0.93,2.74,1.74,1.1428571428571428,2.0,7.073333333333329,0.08,0.0
43,COPOC,LAC,0.050000000000000044,0.93,2.61,1.61,1.1428571428571428,2.0,4.809999999999997,0.08,0.0
43,COPOC,LAC,0.07999999999999996,0.91,2.3,1.3,1.1111111111111112,2.0,3.800000000000001,0.1,0.0
43,COPOC,LAC,0.09999999999999998,0.91,2.3,1.3,1.1111111111111112,2.0,3.3,0.1,0.0
43,COPOC,LAC,0.13,0.9,2.2,1.2,1.1,2.0,2.892307692307692,0.11,0.0
43,COPOC,LAC,0.15000000000000002,0.9,2.16,1.16,1.1,2.0,2.6266666666666665,0.11,0.0
43,COPOC,LAC,0.18000000000000005,0.88,2.06,1.06,1.1666666666666667,2.0,2.615555555555555,0.14,0.0
43,COPOC,LAC,0.19999999999999996,0.88,1.97,0.97,1.1666666666666667,2.0,2.37,0.14,0.0
44,COPOC,min-CPS,0.010000000000000009,1.0,4.84,3.84,,0.0,3.84,0.0,0.0
44,COPOC,min-CPS,0.020000000000000018,1.0,3.86,2.86,,0.0,2.86,0.0,0.0
44,COPOC,min-CPS,0.030000000000000027,0.97,3.23,2.23,1.0,1.0,4.229999999999999,0.03,0.0
44,COPOC,min-CPS,0.050000000000000044,0.95,2.86,1.86,1.0,1.0,3.859999999999998,0.05,0.0
44,COPOC,min-CPS,0.07999999999999996,0.9,2.39,1.39,1.0,1.0,3.890000000000001,0.1,0.0
44,COPOC,min-CPS,0.09999999999999998,0.88,2.25,1.25,1.0,1.0,3.65,0.12,0.0
44,COPOC,min-CPS,0.13,0.87,2.15,1.15,1.0,1.0,3.15,0.13,0.0
44,COPOC,min-CPS,0.15000000000000002,0.83,1.98,0.98,1.0,1.0,3.246666666666666,0.17,0.0
44,COPOC,min-CPS,0.18000000000000005,0.83,1.94,0.94,1.0,1.0,2.828888888888888,0.17,0.0
44,COPOC,min-CPS,0.19999999999999996,0.81,1.9,0.9,1.0,1.0,2.8,0.19,0.0
44,COPOC,RPS,0.010000000000000009,1.0,4.33,3.33,,0.0,3.33,0.0,0.0
44,COPOC,RPS,0.020000000000000018,0.99,3.73,2.73,1.0,1.0,3.7299999999999986,0.01,0.0
44,COPOC,RPS,0.030000000000000027,0.99,3.64,2.64,1.0,1.0,3.306666666666666,0.01,0.0
44,COPOC,RPS,0.050000000000000044,0.97,3.03,2.03,1.0,1.0,3.2299999999999986,0.03,0.0
44,COPOC,RPS,0.07999999999999996,0.95,2.81,1.81,1.0,1.0,3.060000000000001,0.05,0.0
44,COPOC,RPS,0.09999999999999998,0.91,2.27,1.27,1.1111111111111112,2.0,3.27,0.1,0.0
44,COPOC,RPS,0.13,0.89,2.15,1.15,1.0909090909090908,2.0,2.9961538461538457,0.12,0.0
44,COPOC,RPS,0.15000000000000002,0.85,1.99,0.99,1.0666666666666667,2.0,3.123333333333333,0.16,0.0
44,COPOC,RPS,0.18000000000000005,0.78,1.72,0.72,1.0454545454545454,2.0,3.2755555555555547,0.23,0.0
44,COPOC,RPS,0.19999999999999996,0.75,1.67,0.67,1.04,2.0,3.27,0.26,0.0
44,COPOC,OCDF,0.010000000000000009,0.99,5.71,4.71,1.0,1.0,6.709999999999997,0.01,0.0
44,COPOC,OCDF,0.020000000000000018,0.99,5.6,4.6,1.0,1.0,5.599999999999999,0.01,0.0
44,COPOC,OCDF,0.030000000000000027,0.99,5.43,4.43,1.0,1.0,5.096666666666667,0.01,0.0
44,COPOC,OCDF,0.050000000000000044,0.96,5.22,4.22,1.0,1.0,5.8199999999999985,0.04,0.0
44,COPOC,OCDF,0.07999999999999996,0.92,4.86,3.86,1.0,1.0,5.860000000000002,0.08,0.0
44,COPOC,OCDF,0.09999999999999998,0.9,4.73,3.73,1.1,2.0,5.93,0.11,0.0
44,COPOC,OCDF,0.13,0.83,4.32,3.32,1.0588235294117647,2.0,6.0892307692307694,0.18,0.0
44,COPOC,OCDF,0.15000000000000002,0.81,4.25,3.25,1.0526315789473684,2.0,5.916666666666666,0.2,0.0
44,COPOC,OCDF,0.18000000000000005,0.79,3.98,2.98,1.0952380952380953,2.0,5.535555555555554,0.23,0.0
44,COPOC,OCDF,0.19999999999999996,0.73,3.77,2.77,1.1111111111111112,3.0,5.77,0.3,0.0
44,COPOC,APS,0.010000000000000009,1.0,4.7,3.7,,0.0,3.7,0.0,0.0
44,COPOC,APS,0.020000000000000018,1.0,3.54,2.54,,0.0,2.54,0.0,0.0
44,COPOC,APS,0.030000000000000027,0.96,3.01,2.01,1.0,1.0,4.676666666666665,0.04,0.0
44,COPOC,APS,0.050000000000000044,0.94,2.81,1.81,1.0,1.0,4.209999999999997,0.06,0.0
44,COPOC,APS,0.07999999999999996,0.93,2.68,1.68,1.0,1.0,3.430000000000001,0.07,0.0
44,COPOC,APS,0.09999999999999998,0.89,2.37,1.37,1.0,1.0,3.57,0.11,0.0
44,COPOC,APS,0.13,0.87,2.28,1.28,1.0,1.0,3.28,0.13,0.0
44,COPOC,APS,0.15000000000000002,0.86,2.22,1.22,1.0,1.0,3.0866666666666664,0.14,0.0
44,COPOC,APS,0.18000000000000005,0.85,2.14,1.14,1.0,1.0,2.806666666666666,0.15,0.0
44,COPOC,APS,0.19999999999999996,0.84,2.02,1.02,1.0,1.0,2.62,0.16,0.0
44,COPOC,LAC,0.010000000000000009,1.0,4.9,3.9,,0.0,3.9,0.0,0.0
44,COPOC,LAC,0.020000000000000018,1.0,3.75,2.75,,0.0,2.75,0.0,0.0
44,COPOC,LAC,0.030000000000000027,0.97,3.07,2.07,1.0,1.0,4.0699999999999985,0.03,0.0
44,COPOC,LAC,0.050000000000000044,0.95,2.74,1.74,1.0,1.0,3.7399999999999984,0.05,0.0
44,COPOC,LAC,0.07999999999999996,0.85,2.2,1.2,1.0,1.0,4.950000000000002,0.15,0.0
44,COPOC,LAC,0.09999999999999998,0.84,2.11,1.11,1.0,1.0,4.3100000000000005,0.16,0.0
44,COPOC,LAC,0.13,0.84,2.07,1.07,1.0,1.0,3.5315384615384615,0.16,0.0
44,COPOC,LAC,0.15000000000000002,0.84,1.99,0.99,1.0,1.0,3.123333333333333,0.16,0.0
44,COPOC,LAC,0.18000000000000005,0.79,1.74,0.74,1.0476190476190477,2.0,3.1844444444444435,0.22,0.0
44,COPOC,LAC,0.19999999999999996,0.77,1.71,0.71,1.0434782608695652,2.0,3.11,0.24,0.0
45,COPOC,min-CPS,0.010000000000000009,0.97,3.18,2.18,1.0,1.0,8.179999999999996,0.03,0.0
45,COPOC,min-CPS,0.020000000000000018,0.97,3.08,2.08,1.3333333333333333,2.0,6.0799999999999965,0.04,0.0
45,COPOC,min-CPS,0.030000000000000027,0.92,2.75,1.75,1.125,2.0,7.749999999999996,0.09,0.0
45,COPOC,min-CPS,0.050000000000000044,0.92,2.55,1.55,1.125,2.0,5.149999999999997,0.09,0.0
45,COPOC,min-CPS,0.07999999999999996,0.9,2.34,1.34,1.1,2.0,4.090000000000001,0.11,0.0
45,COPOC,min-CPS,0.09999999999999998,0.89,2.26,1.26,1.0909090909090908,2.0,3.66,0.12,0.0
45,COPOC,min-CPS,0.13,0.87,2.12,1.12,1.1538461538461537,2.0,3.427692307692307,0.15,0.0
45,COPOC,min-CPS,0.15000000000000002,0.82,1.94,0.94,1.1666666666666667,2.0,3.74,0.21,0.0
45,COPOC,min-CPS,0.18000000000000005,0.79,1.82,0.82,1.1428571428571428,2.0,3.486666666666666,0.24,0.0
45,COPOC,min-CPS,0.19999999999999996,0.77,1.73,0.73,1.1304347826086956,2.0,3.33,0.26,0.0
45,COPOC,RPS,0.010000000000000009,0.99,3.86,2.86,1.0,1.0,4.8599999999999985,0.01,0.0
45,COPOC,RPS,0.020000000000000018,0.95,3.28,2.28,1.0,1.0,7.279999999999996,0.05,0.0
45,COPOC,RPS,0.030000000000000027,0.92,2.8,1.8,1.125,2.0,7.799999999999995,0.09,0.0
45,COPOC,RPS,0.050000000000000044,0.9,2.55,1.55,1.1,2.0,5.949999999999997,0.11,0.0
45,COPOC,RPS,0.07999999999999996,0.87,2.22,1.22,1.0769230769230769,2.0,4.7200000000000015,0.14,0.0
45,COPOC,RPS,0.09999999999999998,0.86,2.13,1.13,1.0714285714285714,2.0,4.13,0.15,0.0
45,COPOC,RPS,0.13,0.86,2.03,1.03,1.0714285714285714,2.0,3.3376923076923073,0.15,0.0
45,COPOC,RPS,0.15000000000000002,0.81,1.83,0.83,1.2105263157894737,2.0,3.8966666666666665,0.23,0.0
45,COPOC,RPS,0.18000000000000005,0.79,1.72,0.72,1.1904761904761905,2.0,3.497777777777777,0.25,0.0
45,COPOC,RPS,0.19999999999999996,0.76,1.67,0.67,1.1666666666666667,2.0,3.470000000000001,0.28,0.0
45,COPOC,OCDF,0.010000000000000009,0.97,5.43,4.43,1.0,1.0,10.429999999999996,0.03,0.0
45,COPOC,OCDF,0.020000000000000018,0.96,5.39,4.39,1.0,1.0,8.389999999999997,0.04,0.0
45,COPOC,OCDF,0.030000000000000027,0.96,5.24,4.24,1.0,1.0,6.906666666666665,0.04,0.0
45,COPOC,OCDF,0.050000000000000044,0.95,5.13,4.13,1.2,2.0,6.529999999999998,0.06,0.0
45,COPOC,OCDF,0.07999999999999996,0.89,4.67,3.67,1.0909090909090908,2.0,6.670000000000003,0.12,0.0
45,COPOC,OCDF,0.09999999999999998,0.87,4.6,3.6,1.0769230769230769,2.0,6.4,0.14,0.0
45,COPOC,OCDF,0.13,0.83,4.37,3.37,1.1764705882352942,2.0,6.446923076923076,0.2,0.0
45,COPOC,OCDF,0.15000000000000002,0.78,4.03,3.03,1.1818181818181819,2.0,6.496666666666666,0.26,0.0
45,COPOC,OCDF,0.18000000000000005,0.73,3.89,2.89,1.1481481481481481,2.0,6.334444444444443,0.31,0.0
45,COPOC,OCDF,0.19999999999999996,0.73,3.83,2.83,1.1851851851851851,3.0,6.03,0.32,0.0
45,COPOC,APS,0.010000000000000009,0.96,3.21,2.21,1.25,2.0,12.20999999999999,0.05,0.0
45,COPOC,APS,0.020000000000000018,0.94,2.77,1.77,1.1666666666666667,2.0,8.769999999999992,0.07,0.0
45,COPOC,APS,0.030000000000000027,0.93,2.74,1.74,1.1428571428571428,2.0,7.073333333333329,0.08,0.0
45,COPOC,APS,0.050000000000000044,0.92,2.63,1.63,1.125,2.0,5.229999999999998,0.09,0.0
45,COPOC,APS,0.07999999999999996,0.89,2.39,1.39,1.1818181818181819,2.0,4.6400000000000015,0.13,0.0
45,COPOC,APS,0.09999999999999998,0.88,2.34,1.34,1.1666666666666667,2.0,4.14,0.14,0.0
45,COPOC,APS,0.13,0.88,2.3,1.3,1.1666666666666667,2.0,3.4538461538461536,0.14,0.0
45,COPOC,APS,0.15000000000000002,0.85,2.14,1.14,1.1333333333333333,2.0,3.4066666666666663,0.17,0.0
45,COPOC,APS,0.18000000000000005,0.83,2.02,1.02,1.1176470588235294,2.0,3.1311111111111103,0.19,0.0
45,COPOC,APS,0.19999999999999996,0.81,1.9,0.9,1.1578947368421053,2.0,3.1,0.22,0.0
45,COPOC,LAC,0.010000000000000009,0.97,3.11,2.11,1.0,1.0,8.109999999999996,0.03,0.0
45,COPOC,LAC,0.020000000000000018,0.97,3.03,2.03,1.0,1.0,5.029999999999998,0.03,0.0
45,COPOC,LAC,0.030000000000000027,0.92,2.64,1.64,1.125,2.0,7.639999999999995,0.09,0.0
45,COPOC,LAC,0.050000000000000044,0.92,2.56,1.56,1.125,2.0,5.159999999999997,0.09,0.0
45,COPOC,LAC,0.07999999999999996,0.9,2.34,1.34,1.1,2.0,4.090000000000001,0.11,0.0
45,COPOC,LAC,0.09999999999999998,0.9,2.29,1.29,1.1,2.0,3.49,0.11,0.0
45,COPOC,LAC,0.13,0.86,2.05,1.05,1.1428571428571428,2.0,3.5115384615384606,0.16,0.0
45,COPOC,LAC,0.15000000000000002,0.8,1.76,0.76,1.2,2.0,3.96,0.24,0.0
45,COPOC,LAC,0.18000000000000005,0.8,1.72,0.72,1.2,2.0,3.3866666666666663,0.24,0.0
45,COPOC,LAC,0.19999999999999996,0.76,1.67,0.67,1.1666666666666667,2.0,3.4700000000000006,0.28,0.0
46,COPOC,min-CPS,0.010000000000000009,1.0,4.78,3.78,,0.0,3.78,0.0,0.0
46,COPOC,min-CPS,0.020000000000000018,0.99,3.22,2.22,1.0,1.0,3.219999999999999,0.01,0.0
46,COPOC,min-CPS,0.030000000000000027,0.99,3.18,2.18,1.0,1.0,2.8466666666666662,0.01,0.0
46,COPOC,min-CPS,0.050000000000000044,0.99,3.03,2.03,1.0,1.0,2.4299999999999997,0.01,0.0
46,COPOC,min-CPS,0.07999999999999996,0.95,2.58,1.58,1.0,1.0,2.830000000000001,0.05,0.0
46,COPOC,min-CPS,0.09999999999999998,0.87,2.17,1.17,1.0769230769230769,2.0,3.97,0.14,0.0
46,COPOC,min-CPS,0.13,0.86,2.12,1.12,1.0714285714285714,2.0,3.427692307692307,0.15,0.0
46,COPOC,min-CPS,0.15000000000000002,0.83,1.94,0.94,1.0588235294117647,2.0,3.3399999999999994,0.18,0.0
46,COPOC,min-CPS,0.18000000000000005,0.77,1.81,0.81,1.0434782608695652,2.0,3.4766666666666657,0.24,0.0
46,COPOC,min-CPS,0.19999999999999996,0.77,1.74,0.74,1.0869565217391304,2.0,3.24,0.25,0.0
46,COPOC,RPS,0.010000000000000009,1.0,4.26,3.26,,0.0,3.26,0.0,0.0
46,COPOC,RPS,0.020000000000000018,0.98,3.58,2.58,1.0,1.0,4.579999999999998,0.02,0.0
46,COPOC,RPS,0.030000000000000027,0.98,3.46,2.46,1.0,1.0,3.7933333333333326,0.02,0.0
46,COPOC,RPS,0.050000000000000044,0.97,3.0,2.0,1.0,1.0,3.199999999999999,0.03,0.0
46,COPOC,RPS,0.07999999999999996,0.91,2.44,1.44,1.0,1.0,3.6900000000000013,0.09,0.0
46,COPOC,RPS,0.09999999999999998,0.91,2.27,1.27,1.1111111111111112,2.0,3.27,0.1,0.0
46,COPOC,RPS,0.13,0.89,2.16,1.16,1.0909090909090908,2.0,3.006153846153845,0.12,0.0
46,COPOC,RPS,0.15000000000000002,0.89,2.09,1.09,1.0909090909090908,2.0,2.69,0.12,0.0
46,COPOC,RPS,0.18000000000000005,0.76,1.67,0.67,1.0833333333333333,2.0,3.558888888888888,0.26,0.0
46,COPOC,RPS,0.19999999999999996,0.75,1.64,0.64,1.08,2.0,3.3400000000000007,0.27,0.0
46,COPOC,OCDF,0.010000000000000009,1.0,5.72,4.72,,0.0,4.72,0.0,0.0
46,COPOC,OCDF,0.020000000000000018,0.98,5.46,4.46,1.0,1.0,6.459999999999997,0.02,0.0
46,COPOC,OCDF,0.030000000000000027,0.93,5.15,4.15,1.1428571428571428,2.0,9.483333333333329,0.08,0.0
46,COPOC,OCDF,0.050000000000000044,0.92,4.88,3.88,1.125,2.0,7.479999999999998,0.09,0.0
46,COPOC,OCDF,0.07999999999999996,0.9,4.68,3.68,1.1,2.0,6.430000000000002,0.11,0.0
46,COPOC,OCDF,0.09999999999999998,0.9,4.64,3.64,1.2,2.0,6.04,0.12,0.0
46,COPOC,OCDF,0.13,0.86,4.39,3.39,1.1428571428571428,2.0,5.851538461538462,0.16,0.0
46,COPOC,OCDF,0.15000000000000002,0.85,4.29,3.29,1.1333333333333333,2.0,5.556666666666667,0.17,0.0
46,COPOC,OCDF,0.18000000000000005,0.79,3.97,2.97,1.0952380952380953,2.0,5.525555555555554,0.23,0.0
46,COPOC,OCDF,0.19999999999999996,0.78,3.92,2.92,1.0909090909090908,2.0,5.32,0.24,0.0
46,COPOC,APS,0.010000000000000009,1.0,4.75,3.75,,0.0,3.75,0.0,0.0
46,COPOC,APS,0.020000000000000018,0.99,3.24,2.24,1.0,1.0,3.239999999999999,0.01,0.0
46,COPOC,APS,0.030000000000000027,0.99,3.1,2.1,1.0,1.0,2.766666666666666,0.01,0.0
46,COPOC,APS,0.050000000000000044,0.98,2.98,1.98,1.0,1.0,2.7799999999999994,0.02,0.0
46,COPOC,APS,0.07999999999999996,0.93,2.52,1.52,1.0,1.0,3.2700000000000014,0.07,0.0
46,COPOC,APS,0.09999999999999998,0.9,2.33,1.33,1.1,2.0,3.53,0.11,0.0
46,COPOC,APS,0.13,0.89,2.17,1.17,1.0909090909090908,2.0,3.0161538461538453,0.12,0.0
46,COPOC,APS,0.15000000000000002,0.87,2.09,1.09,1.0769230769230769,2.0,2.956666666666666,0.14,0.0
46,COPOC,APS,0.18000000000000005,0.84,1.96,0.96,1.0625,2.0,2.848888888888888,0.17,0.0
46,COPOC,APS,0.19999999999999996,0.84,1.94,0.94,1.0625,2.0,2.64,0.17,0.0
46,COPOC,LAC,0.010000000000000009,1.0,4.84,3.84,,0.0,3.84,0.0,0.0
46,COPOC,LAC,0.020000000000000018,0.99,3.17,2.17,1.0,1.0,3.169999999999999,0.01,0.0
46,COPOC,LAC,0.030000000000000027,0.98,3.06,2.06,1.0,1.0,3.3933333333333326,0.02,0.0
46,COPOC,LAC,0.050000000000000044,0.98,2.97,1.97,1.0,1.0,2.7699999999999996,0.02,0.0
46,COPOC,LAC,0.07999999999999996,0.93,2.43,1.43,1.0,1.0,3.180000000000001,0.07,0.0
46,COPOC,LAC,0.09999999999999998,0.91,2.32,1.32,1.0,1.0,3.12,0.09,0.0
46,COPOC,LAC,0.13,0.85,2.06,1.06,1.0666666666666667,2.0,3.521538461538461,0.16,0.0
46,COPOC,LAC,0.15000000000000002,0.84,1.95,0.95,1.0625,2.0,3.2166666666666663,0.17,0.0
46,COPOC,LAC,0.18000000000000005,0.79,1.71,0.71,1.0952380952380953,2.0,3.265555555555555,0.23,0.0
46,COPOC,LAC,0.19999999999999996,0.75,1.63,0.63,1.08,2.0,3.33,0.27,0.0
47,COPOC,min-CPS,0.010000000000000009,0.96,3.19,2.19,1.25,2.0,12.18999999999999,0.05,0.0
47,COPOC,min-CPS,0.020000000000000018,0.96,3.19,2.19,1.25,2.0,7.189999999999995,0.05,0.0
47,COPOC,min-CPS,0.030000000000000027,0.97,3.09,2.09,1.3333333333333333,2.0,4.756666666666664,0.04,0.0
47,COPOC,min-CPS,0.050000000000000044,0.89,2.43,1.43,1.0909090909090908,2.0,6.229999999999995,0.12,0.0
47,COPOC,min-CPS,0.07999999999999996,0.88,2.28,1.28,1.0833333333333333,2.0,4.530000000000002,0.13,0.0
47,COPOC,min-CPS,0.09999999999999998,0.87,2.2,1.2,1.1538461538461537,2.0,4.2,0.15,0.0
47,COPOC,min-CPS,0.13,0.85,2.06,1.06,1.2,2.0,3.8292307692307683,0.18,0.0
47,COPOC,min-CPS,0.15000000000000002,0.84,1.97,0.97,1.1875,2.0,3.5033333333333325,0.19,0.0
47,COPOC,min-CPS,0.18000000000000005,0.84,1.93,0.93,1.1875,2.0,3.0411111111111104,0.19,0.0
47,COPOC,min-CPS,0.19999999999999996,0.84,1.88,0.88,1.1875,2.0,2.78,0.19,0.0
47,COPOC,RPS,0.010000000000000009,0.99,3.92,2.92,1.0,1.0,4.919999999999998,0.01,0.0
47,COPOC,RPS,0.020000000000000018,0.96,3.4,2.4,1.0,1.0,6.399999999999997,0.04,0.0
47,COPOC,RPS,0.030000000000000027,0.95,3.04,2.04,1.0,1.0,5.37333333333333,0.05,0.0
47,COPOC,RPS,0.050000000000000044,0.92,2.83,1.83,1.125,2.0,5.429999999999996,0.09,0.0
47,COPOC,RPS,0.07999999999999996,0.9,2.34,1.34,1.1,2.0,4.090000000000001,0.11,0.0
47,COPOC,RPS,0.09999999999999998,0.88,2.2,1.2,1.0833333333333333,2.0,3.8,0.13,0.0
47,COPOC,RPS,0.13,0.87,2.11,1.11,1.0769230769230769,2.0,3.2638461538461536,0.14,0.0
47,COPOC,RPS,0.15000000000000002,0.87,2.06,1.06,1.0769230769230769,2.0,2.9266666666666663,0.14,0.0
47,COPOC,RPS,0.18000000000000005,0.84,1.81,0.81,1.1875,2.0,2.9211111111111103,0.19,0.0
47,COPOC,RPS,0.19999999999999996,0.83,1.76,0.76,1.1764705882352942,2.0,2.7600000000000007,0.2,0.0
47,COPOC,OCDF,0.010000000000000009,1.0,5.83,4.83,,0.0,4.83,0.0,0.0
47,COPOC,OCDF,0.020000000000000018,0.97,5.57,4.57,1.0,1.0,7.569999999999998,0.03,0.0
47,COPOC,OCDF,0.030000000000000027,0.97,5.54,4.54,1.0,1.0,6.539999999999999,0.03,0.0
47,COPOC,OCDF,0.050000000000000044,0.97,5.34,4.34,1.0,1.0,5.539999999999999,0.03,0.0
47,COPOC,OCDF,0.07999999999999996,0.95,4.96,3.96,1.2,2.0,5.460000000000001,0.06,0.0
47,COPOC,OCDF,0.09999999999999998,0.95,4.86,3.86,1.2,2.0,5.06,0.06,0.0
47,COPOC,OCDF,0.13,0.91,4.66,3.66,1.1111111111111112,2.0,5.1984615384615385,0.1,0.0
47,COPOC,OCDF,0.15000000000000002,0.91,4.62,3.62,1.1111111111111112,2.0,4.953333333333332,0.1,0.0
47,COPOC,OCDF,0.18000000000000005,0.88,4.39,3.39,1.1666666666666667,2.0,4.945555555555555,0.14,0.0
47,COPOC,OCDF,0.19999999999999996,0.85,4.27,3.27,1.1333333333333333,2.0,4.97,0.17,0.0
47,COPOC,APS,0.010000000000000009,0.96,3.45,2.45,1.25,2.0,12.44999999999999,0.05,0.0
47,COPOC,APS,0.020000000000000018,0.96,3.36,2.36,1.25,2.0,7.359999999999996,0.05,0.0
47,COPOC,APS,0.030000000000000027,0.93,2.93,1.93,1.1428571428571428,2.0,7.263333333333329,0.08,0.0
47,COPOC,APS,0.050000000000000044,0.92,2.65,1.65,1.125,2.0,5.2499999999999964,0.09,0.0
47,COPOC,APS,0.07999999999999996,0.86,2.42,1.42,1.0714285714285714,2.0,5.170000000000003,0.15,0.0
47,COPOC,APS,0.09999999999999998,0.85,2.31,1.32,1.3333333333333333,5.0,4.32,0.2,0.0
47,COPOC,APS,0.13,0.82,2.12,1.13,1.2777777777777777,5.0,3.8992307692307686,0.23,0.0
47,COPOC,APS,0.15000000000000002,0.81,2.1,1.11,1.263157894736842,5.0,3.643333333333333,0.24,0.0
47,COPOC,APS,0.18000000000000005,0.76,1.94,0.96,1.4166666666666667,5.0,3.7377777777777768,0.34,0.0
47,COPOC,APS,0.19999999999999996,0.75,1.9,0.92,1.4,5.0,3.52,0.35,0.0
47,COPOC,LAC,0.010000000000000009,0.97,3.18,2.18,1.0,1.0,8.179999999999996,0.03,0.0
47,COPOC,LAC,0.020000000000000018,0.96,3.06,2.06,1.25,2.0,7.059999999999995,0.05,0.0
47,COPOC,LAC,0.030000000000000027,0.96,3.05,2.05,1.25,2.0,5.38333333333333,0.05,0.0
47,COPOC,LAC,0.050000000000000044,0.89,2.34,1.34,1.0909090909090908,2.0,6.139999999999995,0.12,0.0
47,COPOC,LAC,0.07999999999999996,0.88,2.3,1.3,1.0833333333333333,2.0,4.550000000000002,0.13,0.0
47,COPOC,LAC,0.09999999999999998,0.88,2.23,1.23,1.0833333333333333,2.0,3.83,0.13,0.0
47,COPOC,LAC,0.13,0.85,2.07,1.07,1.1333333333333333,2.0,3.685384615384615,0.17,0.0
47,COPOC,LAC,0.15000000000000002,0.84,1.91,0.91,1.1875,2.0,3.4433333333333325,0.19,0.0
47,COPOC,LAC,0.18000000000000005,0.84,1.8,0.8,1.1875,2.0,2.91111111111111,0.19,0.0
47,COPOC,LAC,0.19999999999999996,0.83,1.79,0.79,1.1764705882352942,2.0,2.7900000000000005,0.2,0.0
48,COPOC,min-CPS,0.010000000000000009,0.99,3.83,2.83,1.0,1.0,4.829999999999998,0.01,0.0
48,COPOC,min-CPS,0.020000000000000018,0.98,3.19,2.19,1.0,1.0,4.189999999999999,0.02,0.0
48,COPOC,min-CPS,0.030000000000000027,0.97,3.11,2.11,1.3333333333333333,2.0,4.776666666666665,0.04,0.0
48,COPOC,min-CPS,0.050000000000000044,0.95,2.8,1.8,1.2,2.0,4.1999999999999975,0.06,0.0
48,COPOC,min-CPS,0.07999999999999996,0.95,2.57,1.57,1.2,2.0,3.070000000000001,0.06,0.0
48,COPOC,min-CPS,0.09999999999999998,0.94,2.46,1.46,1.1666666666666667,2.0,2.86,0.07,0.0
48,COPOC,min-CPS,0.13,0.92,2.26,1.26,1.125,2.0,2.6446153846153844,0.09,0.0
48,COPOC,min-CPS,0.15000000000000002,0.91,2.17,1.17,1.1111111111111112,2.0,2.503333333333333,0.1,0.0
48,COPOC,min-CPS,0.18000000000000005,0.89,2.07,1.07,1.1818181818181819,2.0,2.514444444444444,0.13,0.0
48,COPOC,min-CPS,0.19999999999999996,0.88,1.96,0.96,1.1666666666666667,2.0,2.36,0.14,0.0
48,COPOC,RPS,0.010000000000000009,0.98,3.74,2.74,1.0,1.0,6.739999999999997,0.02,0.0
48,COPOC,RPS,0.020000000000000018,0.95,3.24,2.24,1.0,1.0,7.239999999999996,0.05,0.0
48,COPOC,RPS,0.030000000000000027,0.95,3.03,2.03,1.0,1.0,5.363333333333331,0.05,0.0
48,COPOC,RPS,0.050000000000000044,0.94,2.83,1.83,1.1666666666666667,2.0,4.629999999999998,0.07,0.0
48,COPOC,RPS,0.07999999999999996,0.92,2.56,1.56,1.125,2.0,3.810000000000001,0.09,0.0
48,COPOC,RPS,0.09999999999999998,0.91,2.26,1.26,1.2222222222222223,2.0,3.4600000000000004,0.11,0.0
48,COPOC,RPS,0.13,0.9,2.15,1.15,1.2,2.0,2.9961538461538457,0.12,0.0
48,COPOC,RPS,0.15000000000000002,0.9,2.11,1.11,1.2,2.0,2.71,0.12,0.0
48,COPOC,RPS,0.18000000000000005,0.89,2.01,1.01,1.2727272727272727,2.0,2.5655555555555556,0.14,0.0
48,COPOC,RPS,0.19999999999999996,0.88,1.96,0.96,1.25,2.0,2.46,0.15,0.0
48,COPOC,OCDF,0.010000000000000009,1.0,5.79,4.79,,0.0,4.79,0.0,0.0
48,COPOC,OCDF,0.020000000000000018,1.0,5.79,4.79,,0.0,4.79,0.0,0.0
48,COPOC,OCDF,0.030000000000000027,1.0,5.71,4.71,,0.0,4.71,0.0,0.0
48,COPOC,OCDF,0.050000000000000044,1.0,5.6,4.6,,0.0,4.6,0.0,0.0
48,COPOC,OCDF,0.07999999999999996,0.97,5.24,4.24,1.0,1.0,4.99,0.03,0.0
48,COPOC,OCDF,0.09999999999999998,0.96,5.0,4.0,1.0,1.0,4.8,0.04,0.0
48,COPOC,OCDF,0.13,0.9,4.74,3.74,1.1,2.0,5.432307692307693,0.11,0.0
48,COPOC,OCDF,0.15000000000000002,0.88,4.6,3.6,1.0833333333333333,2.0,5.333333333333332,0.13,0.0
48,COPOC,OCDF,0.18000000000000005,0.88,4.46,3.46,1.25,2.0,5.126666666666666,0.15,0.0
48,COPOC,OCDF,0.19999999999999996,0.88,4.42,3.42,1.25,2.0,4.92,0.15,0.0
48,COPOC,APS,0.010000000000000009,0.99,3.89,2.89,1.0,1.0,4.889999999999998,0.01,0.0
48,COPOC,APS,0.020000000000000018,0.98,3.21,2.21,1.5,2.0,5.209999999999997,0.03,0.0
48,COPOC,APS,0.030000000000000027,0.98,3.13,2.13,1.5,2.0,4.129999999999999,0.03,0.0
48,COPOC,APS,0.050000000000000044,0.96,2.89,1.89,1.25,2.0,3.8899999999999983,0.05,0.0
48,COPOC,APS,0.07999999999999996,0.93,2.7,1.7,1.1428571428571428,2.0,3.700000000000001,0.08,0.0
48,COPOC,APS,0.09999999999999998,0.92,2.62,1.62,1.125,2.0,3.42,0.09,0.0
48,COPOC,APS,0.13,0.91,2.39,1.39,1.1111111111111112,2.0,2.928461538461538,0.1,0.0
48,COPOC,APS,0.15000000000000002,0.9,2.31,1.31,1.1,2.0,2.7766666666666664,0.11,0.0
48,COPOC,APS,0.18000000000000005,0.88,2.14,1.14,1.0833333333333333,2.0,2.5844444444444434,0.13,0.0
48,COPOC,APS,0.19999999999999996,0.84,1.99,1.01,1.5625,5.0,2.71,0.25,0.0
48,COPOC,LAC,0.010000000000000009,0.99,3.7,2.7,1.0,1.0,4.699999999999998,0.01,0.0
48,COPOC,LAC,0.020000000000000018,0.97,3.06,2.06,1.0,1.0,5.059999999999998,0.03,0.0
48,COPOC,LAC,0.030000000000000027,0.97,3.01,2.01,1.3333333333333333,2.0,4.676666666666665,0.04,0.0
48,COPOC,LAC,0.050000000000000044,0.95,2.71,1.71,1.2,2.0,4.109999999999998,0.06,0.0
48,COPOC,LAC,0.07999999999999996,0.94,2.48,1.48,1.1666666666666667,2.0,3.2300000000000013,0.07,0.0
48,COPOC,LAC,0.09999999999999998,0.94,2.39,1.39,1.1666666666666667,2.0,2.79,0.07,0.0
48,COPOC,LAC,0.13,0.94,2.39,1.39,1.1666666666666667,2.0,2.4669230769230768,0.07,0.0
48,COPOC,LAC,0.15000000000000002,0.91,2.22,1.22,1.1111111111111112,2.0,2.5533333333333332,0.1,0.0
48,COPOC,LAC,0.18000000000000005,0.89,2.02,1.02,1.1818181818181819,2.0,2.464444444444444,0.13,0.0
48,COPOC,LAC,0.19999999999999996,0.87,1.81,0.81,1.1538461538461537,2.0,2.31,0.15,0.0
49,COPOC,min-CPS,0.010000000000000009,0.96,3.06,2.06,1.25,2.0,12.059999999999992,0.05,0.0
49,COPOC,min-CPS,0.020000000000000018,0.96,3.06,2.06,1.25,2.0,7.059999999999995,0.05,0.0
49,COPOC,min-CPS,0.030000000000000027,0.97,3.0,2.0,1.3333333333333333,2.0,4.666666666666664,0.04,0.0
49,COPOC,min-CPS,0.050000000000000044,0.94,2.75,1.75,1.1666666666666667,2.0,4.549999999999998,0.07,0.0
49,COPOC,min-CPS,0.07999999999999996,0.92,2.45,1.45,1.125,2.0,3.700000000000001,0.09,0.0
49,COPOC,min-CPS,0.09999999999999998,0.89,2.24,1.24,1.0909090909090908,2.0,3.64,0.12,0.0
49,COPOC,min-CPS,0.13,0.88,2.13,1.13,1.1666666666666667,2.0,3.2838461538461536,0.14,0.0
49,COPOC,min-CPS,0.15000000000000002,0.88,2.13,1.13,1.1666666666666667,2.0,2.996666666666666,0.14,0.0
49,COPOC,min-CPS,0.18000000000000005,0.83,1.9,0.9,1.1176470588235294,2.0,3.0111111111111097,0.19,0.0
49,COPOC,min-CPS,0.19999999999999996,0.82,1.89,0.89,1.1111111111111112,2.0,2.89,0.2,0.0
49,COPOC,RPS,0.010000000000000009,0.99,3.82,2.82,1.0,1.0,4.8199999999999985,0.01,0.0
49,COPOC,RPS,0.020000000000000018,0.98,3.63,2.63,1.0,1.0,4.629999999999998,0.02,0.0
49,COPOC,RPS,0.030000000000000027,0.96,3.33,2.33,1.0,1.0,4.996666666666664,0.04,0.0
49,COPOC,RPS,0.050000000000000044,0.92,2.81,1.81,1.125,2.0,5.409999999999997,0.09,0.0
49,COPOC,RPS,0.07999999999999996,0.91,2.39,1.39,1.1111111111111112,2.0,3.890000000000001,0.1,0.0
49,COPOC,RPS,0.09999999999999998,0.89,2.17,1.17,1.0909090909090908,2.0,3.57,0.12,0.0
49,COPOC,RPS,0.13,0.87,2.06,1.06,1.0769230769230769,2.0,3.213846153846153,0.14,0.0
49,COPOC,RPS,0.15000000000000002,0.85,1.92,0.92,1.2,2.0,3.3199999999999994,0.18,0.0
49,COPOC,RPS,0.18000000000000005,0.8,1.77,0.77,1.15,2.0,3.3255555555555545,0.23,0.0
49,COPOC,RPS,0.19999999999999996,0.79,1.73,0.73,1.1428571428571428,2.0,3.13,0.24,0.0
49,COPOC,OCDF,0.010000000000000009,1.0,5.74,4.74,,0.0,4.74,0.0,0.0
49,COPOC,OCDF,0.020000000000000018,0.97,5.48,4.48,1.0,1.0,7.479999999999997,0.03,0.0
49,COPOC,OCDF,0.030000000000000027,0.97,5.48,4.48,1.0,1.0,6.479999999999999,0.03,0.0
49,COPOC,OCDF,0.050000000000000044,0.96,5.24,4.24,1.0,1.0,5.839999999999999,0.04,0.0
49,COPOC,OCDF,0.07999999999999996,0.94,4.82,3.82,1.1666666666666667,2.0,5.57,0.07,0.0
49,COPOC,OCDF,0.09999999999999998,0.92,4.73,3.73,1.125,2.0,5.53,0.09,0.0
49,COPOC,OCDF,0.13,0.92,4.67,3.67,1.125,2.0,5.054615384615384,0.09,0.0
49,COPOC,OCDF,0.15000000000000002,0.88,4.49,3.49,1.0833333333333333,2.0,5.223333333333333,0.13,0.0
49,COPOC,OCDF,0.18000000000000005,0.82,4.19,3.19,1.1666666666666667,2.0,5.5233333333333325,0.21,0.0
49,COPOC,OCDF,0.19999999999999996,0.8,4.04,3.04,1.15,2.0,5.34,0.23,0.0
49,COPOC,APS,0.010000000000000009,0.98,3.35,2.35,1.5,2.0,8.349999999999996,0.03,0.0
49,COPOC,APS,0.020000000000000018,0.98,3.35,2.35,1.5,2.0,5.349999999999998,0.03,0.0
49,COPOC,APS,0.030000000000000027,0.95,2.95,1.95,1.2,2.0,5.949999999999997,0.06,0.0
49,COPOC,APS,0.050000000000000044,0.95,2.84,1.84,1.2,2.0,4.239999999999998,0.06,0.0
49,COPOC,APS,0.07999999999999996,0.92,2.52,1.52,1.125,2.0,3.7700000000000014,0.09,0.0
49,COPOC,APS,0.09999999999999998,0.92,2.43,1.43,1.125,2.0,3.23,0.09,0.0
49,COPOC,APS,0.13,0.88,2.21,1.21,1.0833333333333333,2.0,3.2099999999999995,0.13,0.0
49,COPOC,APS,0.15000000000000002,0.87,2.12,1.12,1.0769230769230769,2.0,2.9866666666666664,0.14,0.0
49,COPOC,APS,0.18000000000000005,0.87,2.06,1.06,1.0769230769230769,2.0,2.615555555555555,0.14,0.0
49,COPOC,APS,0.19999999999999996,0.86,2.02,1.02,1.0714285714285714,2.0,2.52,0.15,0.0
49,COPOC,LAC,0.010000000000000009,0.97,3.06,2.06,1.0,1.0,8.059999999999995,0.03,0.0
49,COPOC,LAC,0.020000000000000018,0.96,2.94,1.94,1.25,2.0,6.939999999999995,0.05,0.0
49,COPOC,LAC,0.030000000000000027,0.96,2.94,1.94,1.25,2.0,5.27333333333333,0.05,0.0
49,COPOC,LAC,0.050000000000000044,0.94,2.69,1.69,1.1666666666666667,2.0,4.4899999999999975,0.07,0.0
49,COPOC,LAC,0.07999999999999996,0.92,2.34,1.34,1.125,2.0,3.590000000000001,0.09,0.0
49,COPOC,LAC,0.09999999999999998,0.91,2.32,1.32,1.1111111111111112,2.0,3.32,0.1,0.0
49,COPOC,LAC,0.13,0.91,2.2,1.2,1.1111111111111112,2.0,2.738461538461538,0.1,0.0
49,COPOC,LAC,0.15000000000000002,0.88,2.07,1.07,1.1666666666666667,2.0,2.936666666666666,0.14,0.0
49,COPOC,LAC,0.18000000000000005,0.84,1.81,0.81,1.1875,2.0,2.9211111111111103,0.19,0.0
49,COPOC,LAC,0.19999999999999996,0.81,1.78,0.78,1.1578947368421053,2.0,2.98,0.22,0.0
0,CrossEntropyLoss,min-CPS,0.010000000000000009,1.0,4.87,3.87,,0.0,3.87,0.0,0.0
0,CrossEntropyLoss,min-CPS,0.020000000000000018,1.0,4.5,3.5,,0.0,3.5,0.0,0.0
0,CrossEntropyLoss,min-CPS,0.030000000000000027,0.99,4.18,3.18,1.0,1.0,3.8466666666666662,0.01,0.0
0,CrossEntropyLoss,min-CPS,0.050000000000000044,0.98,3.31,2.31,1.0,1.0,3.1099999999999994,0.02,0.0
0,CrossEntropyLoss,min-CPS,0.07999999999999996,0.91,2.5,1.5,1.0,1.0,3.7500000000000013,0.09,0.0
0,CrossEntropyLoss,min-CPS,0.09999999999999998,0.88,2.14,1.14,1.0,1.0,3.54,0.12,0.0
0,CrossEntropyLoss,min-CPS,0.13,0.87,2.05,1.05,1.0,1.0,3.05,0.13,0.0
0,CrossEntropyLoss,min-CPS,0.15000000000000002,0.88,1.99,0.99,1.0833333333333333,2.0,2.723333333333333,0.13,0.0
0,CrossEntropyLoss,min-CPS,0.18000000000000005,0.87,1.98,0.98,1.0769230769230769,2.0,2.5355555555555553,0.14,0.0
0,CrossEntropyLoss,min-CPS,0.19999999999999996,0.88,1.82,0.82,1.0833333333333333,2.0,2.12,0.13,0.0
0,CrossEntropyLoss,RPS,0.010000000000000009,0.98,3.3,2.3,1.0,1.0,6.299999999999996,0.02,0.0
0,CrossEntropyLoss,RPS,0.020000000000000018,0.98,3.2,2.2,1.0,1.0,4.199999999999998,0.02,0.0
0,CrossEntropyLoss,RPS,0.030000000000000027,0.95,2.73,1.73,1.0,1.0,5.06333333333333,0.05,0.0
0,CrossEntropyLoss,RPS,0.050000000000000044,0.95,2.61,1.61,1.0,1.0,3.609999999999998,0.05,0.0
0,CrossEntropyLoss,RPS,0.07999999999999996,0.92,2.38,1.38,1.0,1.0,3.3800000000000012,0.08,0.0
0,CrossEntropyLoss,RPS,0.09999999999999998,0.92,2.25,1.25,1.0,1.0,2.85,0.08,0.0
0,CrossEntropyLoss,RPS,0.13,0.88,2.04,1.04,1.0,1.0,2.886153846153846,0.12,0.0
0,CrossEntropyLoss,RPS,0.15000000000000002,0.83,1.7,0.7,1.0588235294117647,2.0,3.1,0.18,0.0
0,CrossEntropyLoss,RPS,0.18000000000000005,0.81,1.55,0.55,1.105263157894737,2.0,2.8833333333333324,0.21,0.0
0,CrossEntropyLoss,RPS,0.19999999999999996,0.81,1.54,0.54,1.105263157894737,2.0,2.64,0.21,0.0
0,CrossEntropyLoss,OCDF,0.010000000000000009,0.99,5.19,4.19,1.0,1.0,6.189999999999998,0.01,0.0
0,CrossEntropyLoss,OCDF,0.020000000000000018,0.97,5.0,4.0,1.0,1.0,6.999999999999997,0.03,0.0
0,CrossEntropyLoss,OCDF,0.030000000000000027,0.97,4.99,3.99,1.0,1.0,5.989999999999998,0.03,0.0
0,CrossEntropyLoss,OCDF,0.050000000000000044,0.97,4.96,3.96,1.3333333333333333,2.0,5.559999999999999,0.04,0.0
0,CrossEntropyLoss,OCDF,0.07999999999999996,0.97,4.77,3.77,1.3333333333333333,2.0,4.7700000000000005,0.04,0.0
0,CrossEntropyLoss,OCDF,0.09999999999999998,0.97,4.74,3.74,1.3333333333333333,2.0,4.54,0.04,0.0
0,CrossEntropyLoss,OCDF,0.13,0.94,4.52,3.52,1.1666666666666667,2.0,4.596923076923077,0.07,0.0
0,CrossEntropyLoss,OCDF,0.15000000000000002,0.93,4.44,3.44,1.1428571428571428,2.0,4.506666666666666,0.08,0.0
0,CrossEntropyLoss,OCDF,0.18000000000000005,0.93,4.38,3.38,1.1428571428571428,2.0,4.268888888888888,0.08,0.0
0,CrossEntropyLoss,OCDF,0.19999999999999996,0.9,4.13,3.13,1.1,2.0,4.23,0.11,0.0
0,CrossEntropyLoss,APS,0.010000000000000009,1.0,5.68,4.88,,0.0,4.88,0.0,0.18999999999999995
0,CrossEntropyLoss,APS,0.020000000000000018,0.99,5.22,4.62,1.0,1.0,4.62,0.01,0.32999999999999996
0,CrossEntropyLoss,APS,0.030000000000000027,0.99,5.22,4.62,1.0,1.0,4.62,0.01,0.32999999999999996
0,CrossEntropyLoss,APS,0.050000000000000044,0.97,4.47,4.09,1.0,1.0,4.09,0.03,0.48
0,CrossEntropyLoss,APS,0.07999999999999996,0.95,3.09,2.45,1.0,1.0,3.2,0.05,0.27
0,CrossEntropyLoss,APS,0.09999999999999998,0.89,2.53,1.86,1.0,1.0,3.26,0.11,0.25
0,CrossEntropyLoss,APS,0.13,0.89,2.3,1.59,1.0,1.0,2.820769230769231,0.11,0.20999999999999996
0,CrossEntropyLoss,APS,0.15000000000000002,0.89,2.22,1.5,1.0,1.0,2.5666666666666664,0.11,0.20999999999999996
0,CrossEntropyLoss,APS,0.18000000000000005,0.87,2.08,1.32,1.0,1.0,2.6533333333333324,0.13,0.18000000000000005
0,CrossEntropyLoss,APS,0.19999999999999996,0.86,2.02,1.24,1.2857142857142858,5.0,2.54,0.18,0.16000000000000003
0,CrossEntropyLoss,LAC,0.010000000000000009,1.0,5.43,4.69,,0.0,4.69,0.0,0.18999999999999995
0,CrossEntropyLoss,LAC,0.020000000000000018,1.0,5.39,4.62,,0.0,4.62,0.0,0.18000000000000005
0,CrossEntropyLoss,LAC,0.030000000000000027,1.0,5.39,4.62,,0.0,4.62,0.0,0.18000000000000005
0,CrossEntropyLoss,LAC,0.050000000000000044,0.97,4.05,3.3,1.0,1.0,3.7,0.03,0.20999999999999996
0,CrossEntropyLoss,LAC,0.07999999999999996,0.93,3.11,2.36,1.0,1.0,3.1100000000000008,0.07,0.18999999999999995
0,CrossEntropyLoss,LAC,0.09999999999999998,0.92,2.62,1.87,1.0,1.0,2.87,0.08,0.17000000000000004
0,CrossEntropyLoss,LAC,0.13,0.91,2.38,1.58,1.0,1.0,2.5030769230769234,0.09,0.14
0,CrossEntropyLoss,LAC,0.15000000000000002,0.88,1.97,1.12,1.0833333333333333,2.0,2.72,0.13,0.10999999999999999
0,CrossEntropyLoss,LAC,0.18000000000000005,0.87,1.88,1.01,1.0769230769230769,2.0,2.454444444444444,0.14,0.08999999999999997
0,CrossEntropyLoss,LAC,0.19999999999999996,0.86,1.7,0.82,1.0714285714285714,2.0,2.22,0.15,0.07999999999999996
1,CrossEntropyLoss,min-CPS,0.010000000000000009,0.99,4.75,3.75,1.0,1.0,5.749999999999997,0.01,0.0
1,CrossEntropyLoss,min-CPS,0.020000000000000018,0.97,4.09,3.09,1.0,1.0,6.089999999999998,0.03,0.0
1,CrossEntropyLoss,min-CPS,0.030000000000000027,0.97,3.89,2.89,1.0,1.0,4.889999999999999,0.03,0.0
1,CrossEntropyLoss,min-CPS,0.050000000000000044,0.98,3.23,2.23,1.0,1.0,3.0299999999999994,0.02,0.0
1,CrossEntropyLoss,min-CPS,0.07999999999999996,0.94,2.7,1.7,1.0,1.0,3.200000000000001,0.06,0.0
1,CrossEntropyLoss,min-CPS,0.09999999999999998,0.93,2.44,1.44,1.0,1.0,2.84,0.07,0.0
1,CrossEntropyLoss,min-CPS,0.13,0.91,2.06,1.06,1.0,1.0,2.4446153846153846,0.09,0.0
1,CrossEntropyLoss,min-CPS,0.15000000000000002,0.85,1.91,0.91,1.0,1.0,2.91,0.15,0.0
1,CrossEntropyLoss,min-CPS,0.18000000000000005,0.83,1.62,0.62,1.0588235294117647,2.0,2.619999999999999,0.18,0.0
1,CrossEntropyLoss,min-CPS,0.19999999999999996,0.83,1.61,0.61,1.0588235294117647,2.0,2.41,0.18,0.0
1,CrossEntropyLoss,RPS,0.010000000000000009,1.0,3.52,2.52,,0.0,2.52,0.0,0.0
1,CrossEntropyLoss,RPS,0.020000000000000018,1.0,3.4,2.4,,0.0,2.4,0.0,0.0
1,CrossEntropyLoss,RPS,0.030000000000000027,0.99,3.17,2.17,1.0,1.0,2.8366666666666664,0.01,0.0
1,CrossEntropyLoss,RPS,0.050000000000000044,0.99,2.91,1.91,1.0,1.0,2.3099999999999996,0.01,0.0
1,CrossEntropyLoss,RPS,0.07999999999999996,0.97,2.42,1.42,1.0,1.0,2.1700000000000004,0.03,0.0
1,CrossEntropyLoss,RPS,0.09999999999999998,0.94,2.3,1.3,1.0,1.0,2.5,0.06,0.0
1,CrossEntropyLoss,RPS,0.13,0.91,2.09,1.09,1.0,1.0,2.4746153846153844,0.09,0.0
1,CrossEntropyLoss,RPS,0.15000000000000002,0.9,2.04,1.04,1.0,1.0,2.373333333333333,0.1,0.0
1,CrossEntropyLoss,RPS,0.18000000000000005,0.85,1.64,0.64,1.0,1.0,2.3066666666666666,0.15,0.0
1,CrossEntropyLoss,RPS,0.19999999999999996,0.85,1.62,0.62,1.0,1.0,2.12,0.15,0.0
1,CrossEntropyLoss,OCDF,0.010000000000000009,0.99,5.16,4.16,1.0,1.0,6.1599999999999975,0.01,0.0
1,CrossEntropyLoss,OCDF,0.020000000000000018,0.99,5.15,4.15,1.0,1.0,5.149999999999999,0.01,0.0
1,CrossEntropyLoss,OCDF,0.030000000000000027,0.98,4.94,3.94,1.0,1.0,5.2733333333333325,0.02,0.0
1,CrossEntropyLoss,OCDF,0.050000000000000044,0.94,4.6,3.6,1.0,1.0,5.999999999999997,0.06,0.0
1,CrossEntropyLoss,OCDF,0.07999999999999996,0.94,4.57,3.57,1.0,1.0,5.070000000000001,0.06,0.0
1,CrossEntropyLoss,OCDF,0.09999999999999998,0.94,4.47,3.47,1.0,1.0,4.67,0.06,0.0
1,CrossEntropyLoss,OCDF,0.13,0.88,4.24,3.24,1.0,1.0,5.086153846153846,0.12,0.0
1,CrossEntropyLoss,OCDF,0.15000000000000002,0.85,4.05,3.05,1.0,1.0,5.05,0.15,0.0
1,CrossEntropyLoss,OCDF,0.18000000000000005,0.8,3.84,2.84,1.0,1.0,5.062222222222221,0.2,0.0
1,CrossEntropyLoss,OCDF,0.19999999999999996,0.78,3.62,2.62,1.0,1.0,4.82,0.22,0.0
1,CrossEntropyLoss,APS,0.010000000000000009,1.0,5.92,4.99,,0.0,4.99,0.0,0.06999999999999995
1,CrossEntropyLoss,APS,0.020000000000000018,0.98,5.28,4.78,1.0,1.0,4.78,0.02,0.47
1,CrossEntropyLoss,APS,0.030000000000000027,0.98,5.2,4.77,1.0,1.0,4.77,0.02,0.52
1,CrossEntropyLoss,APS,0.050000000000000044,0.96,4.36,4.18,1.0,1.0,4.58,0.04,0.6
1,CrossEntropyLoss,APS,0.07999999999999996,0.96,3.2,2.75,1.0,1.0,3.5,0.04,0.4
1,CrossEntropyLoss,APS,0.09999999999999998,0.93,2.71,2.11,1.0,1.0,2.91,0.07,0.28
1,CrossEntropyLoss,APS,0.13,0.89,2.35,1.63,1.0,1.0,2.7069230769230774,0.11,0.20999999999999996
1,CrossEntropyLoss,APS,0.15000000000000002,0.87,2.13,1.4,1.3076923076923077,5.0,2.733333333333333,0.17,0.18999999999999995
1,CrossEntropyLoss,APS,0.18000000000000005,0.87,2.08,1.32,1.3076923076923077,5.0,2.5422222222222217,0.17,0.17000000000000004
1,CrossEntropyLoss,APS,0.19999999999999996,0.83,1.86,1.05,1.7058823529411764,5.0,2.45,0.29,0.12
1,CrossEntropyLoss,LAC,0.010000000000000009,1.0,5.43,4.71,,0.0,4.71,0.0,0.19999999999999996
1,CrossEntropyLoss,LAC,0.020000000000000018,0.98,5.17,4.58,1.0,1.0,4.58,0.02,0.27
1,CrossEntropyLoss,LAC,0.030000000000000027,0.97,4.64,3.99,1.0,1.0,4.656666666666666,0.03,0.28
1,CrossEntropyLoss,LAC,0.050000000000000044,0.96,3.81,3.16,1.0,1.0,3.9599999999999995,0.04,0.28
1,CrossEntropyLoss,LAC,0.07999999999999996,0.94,2.98,2.31,1.0,1.0,3.06,0.06,0.26
1,CrossEntropyLoss,LAC,0.09999999999999998,0.91,2.4,1.59,1.0,1.0,2.79,0.09,0.14
1,CrossEntropyLoss,LAC,0.13,0.87,2.04,1.19,1.0,1.0,2.8823076923076916,0.13,0.12
1,CrossEntropyLoss,LAC,0.15000000000000002,0.86,1.86,0.99,1.0,1.0,2.59,0.14,0.08999999999999997
1,CrossEntropyLoss,LAC,0.18000000000000005,0.85,1.78,0.89,1.0,1.0,2.334444444444444,0.15,0.07999999999999996
1,CrossEntropyLoss,LAC,0.19999999999999996,0.84,1.61,0.68,1.0625,2.0,2.18,0.17,0.050000000000000044
2,CrossEntropyLoss,min-CPS,0.010000000000000009,1.0,4.77,3.77,,0.0,3.77,0.0,0.0
2,CrossEntropyLoss,min-CPS,0.020000000000000018,1.0,4.4,3.4,,0.0,3.4,0.0,0.0
2,CrossEntropyLoss,min-CPS,0.030000000000000027,1.0,4.32,3.32,,0.0,3.32,0.0,0.0
2,CrossEntropyLoss,min-CPS,0.050000000000000044,0.99,3.87,2.87,1.0,1.0,3.27,0.01,0.0
2,CrossEntropyLoss,min-CPS,0.07999999999999996,0.99,3.16,2.16,1.0,1.0,2.41,0.01,0.0
2,CrossEntropyLoss,min-CPS,0.09999999999999998,0.99,2.97,1.97,1.0,1.0,2.17,0.01,0.0
2,CrossEntropyLoss,min-CPS,0.13,0.93,2.14,1.14,1.0,1.0,2.216923076923077,0.07,0.0
2,CrossEntropyLoss,min-CPS,0.15000000000000002,0.91,2.08,1.08,1.0,1.0,2.28,0.09,0.0
2,CrossEntropyLoss,min-CPS,0.18000000000000005,0.88,1.99,0.99,1.0833333333333333,2.0,2.434444444444444,0.13,0.0
2,CrossEntropyLoss,min-CPS,0.19999999999999996,0.88,1.83,0.83,1.0833333333333333,2.0,2.13,0.13,0.0
2,CrossEntropyLoss,RPS,0.010000000000000009,0.99,3.44,2.44,1.0,1.0,4.439999999999999,0.01,0.0
2,CrossEntropyLoss,RPS,0.020000000000000018,0.99,3.32,2.32,1.0,1.0,3.319999999999999,0.01,0.0
2,CrossEntropyLoss,RPS,0.030000000000000027,0.99,3.24,2.24,1.0,1.0,2.9066666666666663,0.01,0.0
2,CrossEntropyLoss,RPS,0.050000000000000044,0.98,2.8,1.8,1.0,1.0,2.5999999999999996,0.02,0.0
2,CrossEntropyLoss,RPS,0.07999999999999996,0.95,2.39,1.39,1.0,1.0,2.6400000000000006,0.05,0.0
2,CrossEntropyLoss,RPS,0.09999999999999998,0.93,2.23,1.23,1.0,1.0,2.63,0.07,0.0
2,CrossEntropyLoss,RPS,0.13,0.92,2.12,1.12,1.0,1.0,2.3507692307692305,0.08,0.0
2,CrossEntropyLoss,RPS,0.15000000000000002,0.89,1.9,0.9,1.0,1.0,2.3666666666666667,0.11,0.0
2,CrossEntropyLoss,RPS,0.18000000000000005,0.87,1.74,0.74,1.0,1.0,2.1844444444444444,0.13,0.0
2,CrossEntropyLoss,RPS,0.19999999999999996,0.81,1.58,0.58,1.0526315789473684,2.0,2.5800000000000005,0.2,0.0
2,CrossEntropyLoss,OCDF,0.010000000000000009,0.99,5.02,4.02,1.0,1.0,6.019999999999998,0.01,0.0
2,CrossEntropyLoss,OCDF,0.020000000000000018,0.96,4.82,3.82,1.0,1.0,7.819999999999997,0.04,0.0
2,CrossEntropyLoss,OCDF,0.030000000000000027,0.95,4.78,3.78,1.2,2.0,7.779999999999998,0.06,0.0
2,CrossEntropyLoss,OCDF,0.050000000000000044,0.95,4.58,3.58,1.2,2.0,5.979999999999998,0.06,0.0
2,CrossEntropyLoss,OCDF,0.07999999999999996,0.88,4.28,3.28,1.0833333333333333,2.0,6.530000000000002,0.13,0.0
2,CrossEntropyLoss,OCDF,0.09999999999999998,0.87,4.23,3.23,1.0769230769230769,2.0,6.03,0.14,0.0
2,CrossEntropyLoss,OCDF,0.13,0.84,3.96,2.96,1.0625,2.0,5.575384615384614,0.17,0.0
2,CrossEntropyLoss,OCDF,0.15000000000000002,0.83,3.93,2.93,1.0588235294117647,2.0,5.329999999999999,0.18,0.0
2,CrossEntropyLoss,OCDF,0.18000000000000005,0.76,3.44,2.44,1.0416666666666667,2.0,5.217777777777777,0.25,0.0
2,CrossEntropyLoss,OCDF,0.19999999999999996,0.72,3.18,2.18,1.0357142857142858,2.0,5.08,0.29,0.0
2,CrossEntropyLoss,APS,0.010000000000000009,1.0,5.75,4.91,,0.0,4.91,0.0,0.16000000000000003
2,CrossEntropyLoss,APS,0.020000000000000018,1.0,5.63,4.88,,0.0,4.88,0.0,0.25
2,CrossEntropyLoss,APS,0.030000000000000027,0.99,5.17,4.71,1.0,1.0,4.71,0.01,0.44999999999999996
2,CrossEntropyLoss,APS,0.050000000000000044,0.99,4.6,4.31,1.0,1.0,4.31,0.01,0.53
2,CrossEntropyLoss,APS,0.07999999999999996,0.96,3.22,2.65,1.0,1.0,3.15,0.04,0.32999999999999996
2,CrossEntropyLoss,APS,0.09999999999999998,0.96,3.05,2.49,1.0,1.0,2.89,0.04,0.32999999999999996
2,CrossEntropyLoss,APS,0.13,0.95,2.74,2.08,1.0,1.0,2.3876923076923076,0.05,0.26
2,CrossEntropyLoss,APS,0.15000000000000002,0.95,2.59,1.87,1.0,1.0,2.1366666666666667,0.05,0.21999999999999997
2,CrossEntropyLoss,APS,0.18000000000000005,0.9,2.02,1.19,1.4,5.0,2.3011111111111107,0.14,0.13
2,CrossEntropyLoss,APS,0.19999999999999996,0.87,1.92,1.1,1.9230769230769231,5.0,3.2,0.25,0.10999999999999999
2,CrossEntropyLoss,LAC,0.010000000000000009,1.0,5.32,4.54,,0.0,4.54,0.0,0.16000000000000003
2,CrossEntropyLoss,LAC,0.020000000000000018,1.0,5.3,4.53,,0.0,4.53,0.0,0.17000000000000004
2,CrossEntropyLoss,LAC,0.030000000000000027,1.0,5.3,4.53,,0.0,4.53,0.0,0.17000000000000004
2,CrossEntropyLoss,LAC,0.050000000000000044,1.0,4.85,4.13,,0.0,4.13,0.0,0.21999999999999997
2,CrossEntropyLoss,LAC,0.07999999999999996,0.97,3.73,3.02,1.0,1.0,3.27,0.03,0.25
2,CrossEntropyLoss,LAC,0.09999999999999998,0.97,3.35,2.66,1.0,1.0,2.86,0.03,0.26
2,CrossEntropyLoss,LAC,0.13,0.95,2.56,1.76,1.0,1.0,2.0676923076923077,0.05,0.15000000000000002
2,CrossEntropyLoss,LAC,0.15000000000000002,0.95,2.4,1.55,1.0,1.0,1.8166666666666667,0.05,0.13
2,CrossEntropyLoss,LAC,0.18000000000000005,0.91,2.0,1.11,1.1111111111111112,2.0,2.11,0.1,0.08999999999999997
2,CrossEntropyLoss,LAC,0.19999999999999996,0.88,1.93,1.04,1.0833333333333333,2.0,2.24,0.13,0.08999999999999997
3,CrossEntropyLoss,min-CPS,0.010000000000000009,1.0,4.83,3.83,,0.0,3.83,0.0,0.0
3,CrossEntropyLoss,min-CPS,0.020000000000000018,0.95,3.34,2.34,1.0,1.0,7.339999999999995,0.05,0.0
3,CrossEntropyLoss,min-CPS,0.030000000000000027,0.95,3.34,2.34,1.0,1.0,5.67333333333333,0.05,0.0
3,CrossEntropyLoss,min-CPS,0.050000000000000044,0.93,2.87,1.87,1.0,1.0,4.669999999999998,0.07,0.0
3,CrossEntropyLoss,min-CPS,0.07999999999999996,0.93,2.67,1.67,1.0,1.0,3.4200000000000013,0.07,0.0
3,CrossEntropyLoss,min-CPS,0.09999999999999998,0.86,2.07,1.07,1.0,1.0,3.87,0.14,0.0
3,CrossEntropyLoss,min-CPS,0.13,0.82,1.94,0.94,1.0555555555555556,2.0,3.863076923076923,0.19,0.0
3,CrossEntropyLoss,min-CPS,0.15000000000000002,0.77,1.65,0.65,1.0869565217391304,2.0,3.983333333333333,0.25,0.0
3,CrossEntropyLoss,min-CPS,0.18000000000000005,0.75,1.56,0.56,1.08,2.0,3.5599999999999996,0.27,0.0
3,CrossEntropyLoss,min-CPS,0.19999999999999996,0.77,1.52,0.52,1.0869565217391304,2.0,3.02,0.25,0.0
3,CrossEntropyLoss,RPS,0.010000000000000009,0.99,3.4,2.4,1.0,1.0,4.399999999999999,0.01,0.0
3,CrossEntropyLoss,RPS,0.020000000000000018,0.97,3.16,2.16,1.0,1.0,5.1599999999999975,0.03,0.0
3,CrossEntropyLoss,RPS,0.030000000000000027,0.93,2.57,1.57,1.0,1.0,6.236666666666663,0.07,0.0
3,CrossEntropyLoss,RPS,0.050000000000000044,0.91,2.36,1.36,1.0,1.0,4.959999999999996,0.09,0.0
3,CrossEntropyLoss,RPS,0.07999999999999996,0.88,2.18,1.18,1.0,1.0,4.1800000000000015,0.12,0.0
3,CrossEntropyLoss,RPS,0.09999999999999998,0.84,1.92,0.92,1.0,1.0,4.120000000000001,0.16,0.0
3,CrossEntropyLoss,RPS,0.13,0.78,1.58,0.58,1.0454545454545454,2.0,4.118461538461538,0.23,0.0
3,CrossEntropyLoss,RPS,0.15000000000000002,0.78,1.57,0.57,1.0454545454545454,2.0,3.6366666666666663,0.23,0.0
3,CrossEntropyLoss,RPS,0.18000000000000005,0.75,1.5,0.5,1.04,2.0,3.388888888888888,0.26,0.0
3,CrossEntropyLoss,RPS,0.19999999999999996,0.75,1.47,0.47,1.04,2.0,3.0700000000000007,0.26,0.0
3,CrossEntropyLoss,OCDF,0.010000000000000009,1.0,5.34,4.34,,0.0,4.34,0.0,0.0
3,CrossEntropyLoss,OCDF,0.020000000000000018,0.96,4.98,3.98,1.0,1.0,7.979999999999997,0.04,0.0
3,CrossEntropyLoss,OCDF,0.030000000000000027,0.93,4.66,3.66,1.1428571428571428,2.0,8.993333333333329,0.08,0.0
3,CrossEntropyLoss,OCDF,0.050000000000000044,0.92,4.57,3.57,1.125,2.0,7.169999999999998,0.09,0.0
3,CrossEntropyLoss,OCDF,0.07999999999999996,0.9,4.4,3.4,1.1,2.0,6.150000000000002,0.11,0.0
3,CrossEntropyLoss,OCDF,0.09999999999999998,0.89,4.28,3.28,1.0909090909090908,2.0,5.68,0.12,0.0
3,CrossEntropyLoss,OCDF,0.13,0.89,4.23,3.23,1.0909090909090908,2.0,5.076153846153846,0.12,0.0
3,CrossEntropyLoss,OCDF,0.15000000000000002,0.89,4.15,3.15,1.0909090909090908,2.0,4.749999999999999,0.12,0.0
3,CrossEntropyLoss,OCDF,0.18000000000000005,0.87,4.07,3.07,1.0769230769230769,2.0,4.625555555555555,0.14,0.0
3,CrossEntropyLoss,OCDF,0.19999999999999996,0.86,4.01,3.01,1.0714285714285714,2.0,4.51,0.15,0.0
3,CrossEntropyLoss,APS,0.010000000000000009,0.99,5.77,4.89,1.0,1.0,4.89,0.01,0.12
3,CrossEntropyLoss,APS,0.020000000000000018,0.96,4.76,4.43,1.0,1.0,5.429999999999999,0.04,0.56
3,CrossEntropyLoss,APS,0.030000000000000027,0.96,4.44,4.09,1.0,1.0,4.756666666666666,0.04,0.53
3,CrossEntropyLoss,APS,0.050000000000000044,0.92,3.31,2.8,1.0,1.0,4.799999999999998,0.08,0.38
3,CrossEntropyLoss,APS,0.07999999999999996,0.9,2.64,2.01,1.0,1.0,4.010000000000002,0.1,0.26
3,CrossEntropyLoss,APS,0.09999999999999998,0.89,2.41,1.66,1.0,1.0,3.46,0.11,0.17000000000000004
3,CrossEntropyLoss,APS,0.13,0.84,2.06,1.32,2.25,5.0,3.1661538461538465,0.36,0.15000000000000002
3,CrossEntropyLoss,APS,0.15000000000000002,0.83,2.0,1.23,2.176470588235294,5.0,2.963333333333333,0.37,0.14
3,CrossEntropyLoss,APS,0.18000000000000005,0.8,1.88,1.1,2.0,5.0,2.8777777777777773,0.4,0.14
3,CrossEntropyLoss,APS,0.19999999999999996,0.78,1.74,0.94,1.9545454545454546,5.0,2.84,0.43,0.12
3,CrossEntropyLoss,LAC,0.010000000000000009,0.98,5.37,4.61,1.0,1.0,4.61,0.02,0.18999999999999995
3,CrossEntropyLoss,LAC,0.020000000000000018,0.98,5.15,4.46,1.0,1.0,5.459999999999999,0.02,0.21999999999999997
3,CrossEntropyLoss,LAC,0.030000000000000027,0.91,3.48,2.81,1.0,1.0,6.14333333333333,0.09,0.27
3,CrossEntropyLoss,LAC,0.050000000000000044,0.91,3.12,2.43,1.0,1.0,4.829999999999998,0.09,0.27
3,CrossEntropyLoss,LAC,0.07999999999999996,0.91,2.65,1.89,1.0,1.0,3.640000000000001,0.09,0.18999999999999995
3,CrossEntropyLoss,LAC,0.09999999999999998,0.89,2.36,1.59,1.0,1.0,3.39,0.11,0.18999999999999995
3,CrossEntropyLoss,LAC,0.13,0.84,1.88,0.99,1.0625,2.0,3.4515384615384614,0.17,0.08999999999999997
3,CrossEntropyLoss,LAC,0.15000000000000002,0.81,1.69,0.8,1.0526315789473684,2.0,3.333333333333333,0.2,0.08999999999999997
3,CrossEntropyLoss,LAC,0.18000000000000005,0.73,1.51,0.62,1.0740740740740742,2.0,3.508888888888888,0.29,0.09999999999999998
3,CrossEntropyLoss,LAC,0.19999999999999996,0.72,1.49,0.6,1.0714285714285714,2.0,3.3,0.3,0.09999999999999998
4,CrossEntropyLoss,min-CPS,0.010000000000000009,1.0,4.86,3.86,,0.0,3.86,0.0,0.0
4,CrossEntropyLoss,min-CPS,0.020000000000000018,0.96,3.99,2.99,1.0,1.0,6.989999999999997,0.04,0.0
4,CrossEntropyLoss,min-CPS,0.030000000000000027,0.95,3.38,2.38,1.0,1.0,5.71333333333333,0.05,0.0
4,CrossEntropyLoss,min-CPS,0.050000000000000044,0.94,3.07,2.07,1.0,1.0,4.469999999999998,0.06,0.0
4,CrossEntropyLoss,min-CPS,0.07999999999999996,0.94,2.84,1.84,1.0,1.0,3.340000000000001,0.06,0.0
4,CrossEntropyLoss,min-CPS,0.09999999999999998,0.95,2.78,1.78,1.0,1.0,2.78,0.05,0.0
4,CrossEntropyLoss,min-CPS,0.13,0.92,2.25,1.25,1.0,1.0,2.480769230769231,0.08,0.0
4,CrossEntropyLoss,min-CPS,0.15000000000000002,0.91,2.14,1.14,1.0,1.0,2.34,0.09,0.0
4,CrossEntropyLoss,min-CPS,0.18000000000000005,0.88,2.06,1.06,1.0833333333333333,2.0,2.504444444444444,0.13,0.0
4,CrossEntropyLoss,min-CPS,0.19999999999999996,0.89,1.88,0.88,1.0909090909090908,2.0,2.08,0.12,0.0
4,CrossEntropyLoss,RPS,0.010000000000000009,0.99,3.48,2.48,1.0,1.0,4.479999999999999,0.01,0.0
4,CrossEntropyLoss,RPS,0.020000000000000018,0.99,3.31,2.31,1.0,1.0,3.3099999999999987,0.01,0.0
4,CrossEntropyLoss,RPS,0.030000000000000027,0.98,3.2,2.2,1.0,1.0,3.5333333333333328,0.02,0.0
4,CrossEntropyLoss,RPS,0.050000000000000044,0.95,2.62,1.62,1.0,1.0,3.619999999999998,0.05,0.0
4,CrossEntropyLoss,RPS,0.07999999999999996,0.92,2.4,1.4,1.0,1.0,3.4000000000000012,0.08,0.0
4,CrossEntropyLoss,RPS,0.09999999999999998,0.9,2.27,1.27,1.0,1.0,3.27,0.1,0.0
4,CrossEntropyLoss,RPS,0.13,0.89,2.17,1.17,1.0,1.0,2.8623076923076916,0.11,0.0
4,CrossEntropyLoss,RPS,0.15000000000000002,0.88,1.94,0.94,1.0,1.0,2.54,0.12,0.0
4,CrossEntropyLoss,RPS,0.18000000000000005,0.85,1.69,0.69,1.0666666666666667,2.0,2.4677777777777776,0.16,0.0
4,CrossEntropyLoss,RPS,0.19999999999999996,0.85,1.66,0.66,1.0666666666666667,2.0,2.26,0.16,0.0
4,CrossEntropyLoss,OCDF,0.010000000000000009,1.0,5.28,4.28,,0.0,4.28,0.0,0.0
4,CrossEntropyLoss,OCDF,0.020000000000000018,0.97,4.9,3.9,1.0,1.0,6.899999999999997,0.03,0.0
4,CrossEntropyLoss,OCDF,0.030000000000000027,0.95,4.81,3.81,1.2,2.0,7.809999999999998,0.06,0.0
4,CrossEntropyLoss,OCDF,0.050000000000000044,0.92,4.48,3.48,1.125,2.0,7.079999999999997,0.09,0.0
4,CrossEntropyLoss,OCDF,0.07999999999999996,0.89,4.27,3.27,1.0909090909090908,2.0,6.270000000000001,0.12,0.0
4,CrossEntropyLoss,OCDF,0.09999999999999998,0.89,4.21,3.21,1.0909090909090908,2.0,5.61,0.12,0.0
4,CrossEntropyLoss,OCDF,0.13,0.88,4.12,3.12,1.0833333333333333,2.0,5.12,0.13,0.0
4,CrossEntropyLoss,OCDF,0.15000000000000002,0.82,3.86,2.86,1.0555555555555556,2.0,5.3933333333333335,0.19,0.0
4,CrossEntropyLoss,OCDF,0.18000000000000005,0.81,3.73,2.73,1.0526315789473684,2.0,4.952222222222221,0.2,0.0
4,CrossEntropyLoss,OCDF,0.19999999999999996,0.8,3.56,2.56,1.05,2.0,4.66,0.21,0.0
4,CrossEntropyLoss,APS,0.010000000000000009,1.0,5.91,4.98,,0.0,4.98,0.0,0.06999999999999995
4,CrossEntropyLoss,APS,0.020000000000000018,0.97,5.65,4.87,1.0,1.0,4.87,0.03,0.21999999999999997
4,CrossEntropyLoss,APS,0.030000000000000027,0.97,4.9,4.54,1.0,1.0,5.206666666666666,0.03,0.55
4,CrossEntropyLoss,APS,0.050000000000000044,0.97,4.26,3.96,1.0,1.0,4.76,0.03,0.51
4,CrossEntropyLoss,APS,0.07999999999999996,0.95,3.17,2.61,1.0,1.0,3.8600000000000008,0.05,0.35
4,CrossEntropyLoss,APS,0.09999999999999998,0.94,3.05,2.45,1.0,1.0,3.65,0.06,0.32999999999999996
4,CrossEntropyLoss,APS,0.13,0.93,2.6,1.85,1.0,1.0,2.7730769230769226,0.07,0.20999999999999996
4,CrossEntropyLoss,APS,0.15000000000000002,0.92,2.36,1.62,1.0,1.0,2.42,0.08,0.21999999999999997
4,CrossEntropyLoss,APS,0.18000000000000005,0.89,2.19,1.44,1.7272727272727273,5.0,2.4399999999999995,0.19,0.17000000000000004
4,CrossEntropyLoss,APS,0.19999999999999996,0.87,2.06,1.29,1.6923076923076923,5.0,2.39,0.22,0.16000000000000003
4,CrossEntropyLoss,LAC,0.010000000000000009,0.98,5.37,4.59,1.0,1.0,4.59,0.02,0.18000000000000005
4,CrossEntropyLoss,LAC,0.020000000000000018,0.98,5.21,4.49,1.0,1.0,5.489999999999998,0.02,0.22999999999999998
4,CrossEntropyLoss,LAC,0.030000000000000027,0.97,4.77,4.1,1.0,1.0,5.433333333333333,0.03,0.26
4,CrossEntropyLoss,LAC,0.050000000000000044,0.94,3.93,3.26,1.0,1.0,4.459999999999999,0.06,0.30000000000000004
4,CrossEntropyLoss,LAC,0.07999999999999996,0.92,2.85,2.09,1.0,1.0,3.590000000000001,0.08,0.19999999999999996
4,CrossEntropyLoss,LAC,0.09999999999999998,0.92,2.69,1.9,1.0,1.0,3.1,0.08,0.17000000000000004
4,CrossEntropyLoss,LAC,0.13,0.92,2.46,1.63,1.0,1.0,2.5530769230769232,0.08,0.16000000000000003
4,CrossEntropyLoss,LAC,0.15000000000000002,0.89,2.14,1.26,1.0909090909090908,2.0,2.726666666666667,0.12,0.10999999999999999
4,CrossEntropyLoss,LAC,0.18000000000000005,0.88,1.96,1.07,1.0833333333333333,2.0,2.4033333333333333,0.13,0.08999999999999997
4,CrossEntropyLoss,LAC,0.19999999999999996,0.88,1.93,1.02,1.0833333333333333,2.0,2.22,0.13,0.07999999999999996
5,CrossEntropyLoss,min-CPS,0.010000000000000009,0.99,4.86,3.86,1.0,1.0,5.859999999999998,0.01,0.0
5,CrossEntropyLoss,min-CPS,0.020000000000000018,0.99,4.45,3.45,1.0,1.0,4.449999999999999,0.01,0.0
5,CrossEntropyLoss,min-CPS,0.030000000000000027,0.99,4.22,3.22,1.0,1.0,3.8866666666666663,0.01,0.0
5,CrossEntropyLoss,min-CPS,0.050000000000000044,0.99,3.96,2.96,1.0,1.0,3.36,0.01,0.0
5,CrossEntropyLoss,min-CPS,0.07999999999999996,0.97,2.99,1.99,1.0,1.0,2.7400000000000007,0.03,0.0
5,CrossEntropyLoss,min-CPS,0.09999999999999998,0.93,2.42,1.42,1.0,1.0,2.82,0.07,0.0
5,CrossEntropyLoss,min-CPS,0.13,0.94,2.16,1.16,1.0,1.0,2.083076923076923,0.06,0.0
5,CrossEntropyLoss,min-CPS,0.15000000000000002,0.94,2.15,1.15,1.0,1.0,1.95,0.06,0.0
5,CrossEntropyLoss,min-CPS,0.18000000000000005,0.88,1.97,0.97,1.0,1.0,2.303333333333333,0.12,0.0
5,CrossEntropyLoss,min-CPS,0.19999999999999996,0.88,1.76,0.76,1.0833333333333333,2.0,2.06,0.13,0.0
5,CrossEntropyLoss,RPS,0.010000000000000009,1.0,3.59,2.59,,0.0,2.59,0.0,0.0
5,CrossEntropyLoss,RPS,0.020000000000000018,0.98,3.23,2.23,1.0,1.0,4.229999999999999,0.02,0.0
5,CrossEntropyLoss,RPS,0.030000000000000027,0.98,3.22,2.22,1.0,1.0,3.553333333333333,0.02,0.0
5,CrossEntropyLoss,RPS,0.050000000000000044,0.97,2.72,1.72,1.0,1.0,2.919999999999999,0.03,0.0
5,CrossEntropyLoss,RPS,0.07999999999999996,0.96,2.53,1.53,1.0,1.0,2.5300000000000007,0.04,0.0
5,CrossEntropyLoss,RPS,0.09999999999999998,0.94,2.43,1.43,1.0,1.0,2.63,0.06,0.0
5,CrossEntropyLoss,RPS,0.13,0.92,2.2,1.2,1.0,1.0,2.4307692307692306,0.08,0.0
5,CrossEntropyLoss,RPS,0.15000000000000002,0.87,1.81,0.81,1.0,1.0,2.543333333333333,0.13,0.0
5,CrossEntropyLoss,RPS,0.18000000000000005,0.84,1.6,0.6,1.0625,2.0,2.4888888888888885,0.17,0.0
5,CrossEntropyLoss,RPS,0.19999999999999996,0.81,1.55,0.55,1.0526315789473684,2.0,2.5500000000000003,0.2,0.0
5,CrossEntropyLoss,OCDF,0.010000000000000009,0.99,5.17,4.17,1.0,1.0,6.169999999999998,0.01,0.0
5,CrossEntropyLoss,OCDF,0.020000000000000018,0.99,5.16,4.16,1.0,1.0,5.159999999999999,0.01,0.0
5,CrossEntropyLoss,OCDF,0.030000000000000027,0.99,5.0,4.0,1.0,1.0,4.666666666666666,0.01,0.0
5,CrossEntropyLoss,OCDF,0.050000000000000044,0.97,4.92,3.92,1.0,1.0,5.119999999999999,0.03,0.0
5,CrossEntropyLoss,OCDF,0.07999999999999996,0.93,4.55,3.55,1.0,1.0,5.300000000000001,0.07,0.0
5,CrossEntropyLoss,OCDF,0.09999999999999998,0.9,4.37,3.37,1.0,1.0,5.37,0.1,0.0
5,CrossEntropyLoss,OCDF,0.13,0.89,4.25,3.25,1.0,1.0,4.9423076923076925,0.11,0.0
5,CrossEntropyLoss,OCDF,0.15000000000000002,0.85,4.02,3.02,1.0,1.0,5.02,0.15,0.0
5,CrossEntropyLoss,OCDF,0.18000000000000005,0.79,3.71,2.71,1.0,1.0,5.043333333333333,0.21,0.0
5,CrossEntropyLoss,OCDF,0.19999999999999996,0.77,3.55,2.55,1.0,1.0,4.85,0.23,0.0
5,CrossEntropyLoss,APS,0.010000000000000009,0.99,5.79,4.93,1.0,1.0,4.93,0.01,0.14
5,CrossEntropyLoss,APS,0.020000000000000018,0.99,5.41,4.8,1.0,1.0,4.8,0.01,0.39
5,CrossEntropyLoss,APS,0.030000000000000027,0.99,5.26,4.74,1.0,1.0,4.74,0.01,0.48
5,CrossEntropyLoss,APS,0.050000000000000044,0.98,4.78,4.42,1.0,1.0,4.42,0.02,0.54
5,CrossEntropyLoss,APS,0.07999999999999996,0.94,3.1,2.57,1.0,1.0,3.32,0.06,0.36
5,CrossEntropyLoss,APS,0.09999999999999998,0.94,2.7,2.02,1.0,1.0,2.62,0.06,0.24
5,CrossEntropyLoss,APS,0.13,0.92,2.58,1.89,1.0,1.0,2.659230769230769,0.08,0.22999999999999998
5,CrossEntropyLoss,APS,0.15000000000000002,0.89,2.25,1.46,1.7272727272727273,5.0,2.5266666666666664,0.19,0.14
5,CrossEntropyLoss,APS,0.18000000000000005,0.88,2.0,1.16,1.6666666666666667,5.0,2.1599999999999997,0.2,0.09999999999999998
5,CrossEntropyLoss,APS,0.19999999999999996,0.86,1.86,1.04,1.8571428571428572,5.0,2.34,0.26,0.09999999999999998
5,CrossEntropyLoss,LAC,0.010000000000000009,1.0,5.55,4.81,,0.0,4.81,0.0,0.19999999999999996
5,CrossEntropyLoss,LAC,0.020000000000000018,1.0,5.49,4.74,,0.0,4.74,0.0,0.20999999999999996
5,CrossEntropyLoss,LAC,0.030000000000000027,0.98,4.9,4.26,1.0,1.0,4.26,0.02,0.27
5,CrossEntropyLoss,LAC,0.050000000000000044,0.98,4.59,3.98,1.0,1.0,3.98,0.02,0.29000000000000004
5,CrossEntropyLoss,LAC,0.07999999999999996,0.95,3.31,2.69,1.0,1.0,3.19,0.05,0.31000000000000005
5,CrossEntropyLoss,LAC,0.09999999999999998,0.95,3.01,2.28,1.0,1.0,2.68,0.05,0.21999999999999997
5,CrossEntropyLoss,LAC,0.13,0.94,2.45,1.61,1.0,1.0,2.2253846153846153,0.06,0.13
5,CrossEntropyLoss,LAC,0.15000000000000002,0.93,2.34,1.51,1.0,1.0,2.1766666666666667,0.07,0.12
5,CrossEntropyLoss,LAC,0.18000000000000005,0.88,1.85,0.96,1.0,1.0,2.0711111111111107,0.12,0.07999999999999996
5,CrossEntropyLoss,LAC,0.19999999999999996,0.84,1.62,0.73,1.0625,2.0,2.13,0.17,0.07999999999999996
6,CrossEntropyLoss,min-CPS,0.010000000000000009,0.99,4.85,3.85,1.0,1.0,5.849999999999998,0.01,0.0
6,CrossEntropyLoss,min-CPS,0.020000000000000018,0.99,4.45,3.45,1.0,1.0,4.449999999999999,0.01,0.0
6,CrossEntropyLoss,min-CPS,0.030000000000000027,0.94,3.3,2.3,1.0,1.0,6.299999999999996,0.06,0.0
6,CrossEntropyLoss,min-CPS,0.050000000000000044,0.92,2.81,1.81,1.0,1.0,5.009999999999997,0.08,0.0
6,CrossEntropyLoss,min-CPS,0.07999999999999996,0.9,2.45,1.45,1.0,1.0,3.950000000000001,0.1,0.0
6,CrossEntropyLoss,min-CPS,0.09999999999999998,0.9,2.25,1.25,1.0,1.0,3.25,0.1,0.0
6,CrossEntropyLoss,min-CPS,0.13,0.86,2.05,1.05,1.0714285714285714,2.0,3.3576923076923073,0.15,0.0
6,CrossEntropyLoss,min-CPS,0.15000000000000002,0.76,1.67,0.67,1.0833333333333333,2.0,4.136666666666667,0.26,0.0
6,CrossEntropyLoss,min-CPS,0.18000000000000005,0.73,1.51,0.51,1.1481481481481481,2.0,3.954444444444444,0.31,0.0
6,CrossEntropyLoss,min-CPS,0.19999999999999996,0.72,1.51,0.51,1.1428571428571428,2.0,3.71,0.32,0.0
6,CrossEntropyLoss,RPS,0.010000000000000009,0.95,2.94,1.94,1.0,1.0,11.93999999999999,0.05,0.0
6,CrossEntropyLoss,RPS,0.020000000000000018,0.95,2.85,1.85,1.0,1.0,6.849999999999995,0.05,0.0
6,CrossEntropyLoss,RPS,0.030000000000000027,0.95,2.71,1.71,1.0,1.0,5.04333333333333,0.05,0.0
6,CrossEntropyLoss,RPS,0.050000000000000044,0.94,2.5,1.5,1.0,1.0,3.8999999999999977,0.06,0.0
6,CrossEntropyLoss,RPS,0.07999999999999996,0.86,2.16,1.16,1.0,1.0,4.660000000000002,0.14,0.0
6,CrossEntropyLoss,RPS,0.09999999999999998,0.83,1.89,0.89,1.0,1.0,4.290000000000001,0.17,0.0
6,CrossEntropyLoss,RPS,0.13,0.82,1.76,0.76,1.0555555555555556,2.0,3.6830769230769227,0.19,0.0
6,CrossEntropyLoss,RPS,0.15000000000000002,0.75,1.56,0.56,1.08,2.0,4.159999999999999,0.27,0.0
6,CrossEntropyLoss,RPS,0.18000000000000005,0.74,1.52,0.52,1.0769230769230769,2.0,3.6311111111111103,0.28,0.0
6,CrossEntropyLoss,RPS,0.19999999999999996,0.7,1.42,0.42,1.1,2.0,3.7200000000000006,0.33,0.0
6,CrossEntropyLoss,OCDF,0.010000000000000009,0.99,5.21,4.21,1.0,1.0,6.209999999999997,0.01,0.0
6,CrossEntropyLoss,OCDF,0.020000000000000018,0.98,5.07,4.07,1.0,1.0,6.069999999999998,0.02,0.0
6,CrossEntropyLoss,OCDF,0.030000000000000027,0.98,5.05,4.05,1.0,1.0,5.383333333333333,0.02,0.0
6,CrossEntropyLoss,OCDF,0.050000000000000044,0.91,4.56,3.56,1.1111111111111112,2.0,7.559999999999998,0.1,0.0
6,CrossEntropyLoss,OCDF,0.07999999999999996,0.9,4.41,3.41,1.1,2.0,6.160000000000002,0.11,0.0
6,CrossEntropyLoss,OCDF,0.09999999999999998,0.83,4.09,3.09,1.0588235294117647,2.0,6.69,0.18,0.0
6,CrossEntropyLoss,OCDF,0.13,0.81,3.99,2.99,1.0526315789473684,2.0,6.066923076923078,0.2,0.0
6,CrossEntropyLoss,OCDF,0.15000000000000002,0.78,3.79,2.79,1.0454545454545454,2.0,5.8566666666666665,0.23,0.0
6,CrossEntropyLoss,OCDF,0.18000000000000005,0.74,3.53,2.53,1.0384615384615385,2.0,5.5299999999999985,0.27,0.0
6,CrossEntropyLoss,OCDF,0.19999999999999996,0.72,3.35,2.35,1.0357142857142858,2.0,5.25,0.29,0.0
6,CrossEntropyLoss,APS,0.010000000000000009,0.99,5.74,4.9,1.0,1.0,4.9,0.01,0.16000000000000003
6,CrossEntropyLoss,APS,0.020000000000000018,0.98,5.36,4.77,1.0,1.0,4.77,0.02,0.39
6,CrossEntropyLoss,APS,0.030000000000000027,0.98,5.0,4.57,1.0,1.0,4.57,0.02,0.5
6,CrossEntropyLoss,APS,0.050000000000000044,0.9,2.81,2.14,1.0,1.0,4.139999999999998,0.1,0.28
6,CrossEntropyLoss,APS,0.07999999999999996,0.89,2.56,1.84,1.0,1.0,3.5900000000000007,0.11,0.22999999999999998
6,CrossEntropyLoss,APS,0.09999999999999998,0.89,2.44,1.72,1.0,1.0,3.32,0.11,0.21999999999999997
6,CrossEntropyLoss,APS,0.13,0.86,2.04,1.26,1.2857142857142858,5.0,3.5676923076923073,0.18,0.18000000000000005
6,CrossEntropyLoss,APS,0.15000000000000002,0.77,1.81,1.04,1.3478260869565217,5.0,4.239999999999999,0.31,0.17000000000000004
6,CrossEntropyLoss,APS,0.18000000000000005,0.72,1.71,0.96,1.7857142857142858,5.0,4.959999999999999,0.5,0.16000000000000003
6,CrossEntropyLoss,APS,0.19999999999999996,0.69,1.63,0.84,1.7096774193548387,5.0,4.74,0.53,0.13
6,CrossEntropyLoss,LAC,0.010000000000000009,1.0,5.52,4.74,,0.0,4.74,0.0,0.18000000000000005
6,CrossEntropyLoss,LAC,0.020000000000000018,0.98,5.29,4.58,1.0,1.0,4.58,0.02,0.25
6,CrossEntropyLoss,LAC,0.030000000000000027,0.98,5.02,4.34,1.0,1.0,5.006666666666666,0.02,0.27
6,CrossEntropyLoss,LAC,0.050000000000000044,0.95,3.92,3.21,1.0,1.0,4.409999999999999,0.05,0.21999999999999997
6,CrossEntropyLoss,LAC,0.07999999999999996,0.91,2.64,1.86,1.0,1.0,3.1100000000000008,0.09,0.18000000000000005
6,CrossEntropyLoss,LAC,0.09999999999999998,0.89,2.41,1.62,1.0,1.0,3.02,0.11,0.18000000000000005
6,CrossEntropyLoss,LAC,0.13,0.83,1.91,1.08,1.0588235294117647,2.0,3.387692307692307,0.18,0.14
6,CrossEntropyLoss,LAC,0.15000000000000002,0.81,1.71,0.84,1.0526315789473684,2.0,3.1066666666666665,0.2,0.10999999999999999
6,CrossEntropyLoss,LAC,0.18000000000000005,0.78,1.6,0.69,1.0909090909090908,2.0,3.1344444444444433,0.24,0.07999999999999996
6,CrossEntropyLoss,LAC,0.19999999999999996,0.75,1.53,0.61,1.08,2.0,3.11,0.27,0.06999999999999995
7,CrossEntropyLoss,min-CPS,0.010000000000000009,0.97,4.12,3.12,1.0,1.0,9.119999999999996,0.03,0.0
7,CrossEntropyLoss,min-CPS,0.020000000000000018,0.94,3.19,2.19,1.0,1.0,8.189999999999994,0.06,0.0
7,CrossEntropyLoss,min-CPS,0.030000000000000027,0.92,2.91,1.91,1.0,1.0,7.243333333333329,0.08,0.0
7,CrossEntropyLoss,min-CPS,0.050000000000000044,0.91,2.67,1.67,1.0,1.0,5.269999999999997,0.09,0.0
7,CrossEntropyLoss,min-CPS,0.07999999999999996,0.91,2.36,1.36,1.0,1.0,3.610000000000001,0.09,0.0
7,CrossEntropyLoss,min-CPS,0.09999999999999998,0.88,2.05,1.05,1.0,1.0,3.45,0.12,0.0
7,CrossEntropyLoss,min-CPS,0.13,0.83,1.9,0.9,1.0588235294117647,2.0,3.6692307692307686,0.18,0.0
7,CrossEntropyLoss,min-CPS,0.15000000000000002,0.83,1.72,0.72,1.1176470588235294,2.0,3.253333333333333,0.19,0.0
7,CrossEntropyLoss,min-CPS,0.18000000000000005,0.83,1.62,0.62,1.1176470588235294,2.0,2.7311111111111104,0.19,0.0
7,CrossEntropyLoss,min-CPS,0.19999999999999996,0.83,1.6,0.6,1.1176470588235294,2.0,2.5,0.19,0.0
7,CrossEntropyLoss,RPS,0.010000000000000009,0.99,3.38,2.38,1.0,1.0,4.379999999999998,0.01,0.0
7,CrossEntropyLoss,RPS,0.020000000000000018,0.96,2.87,1.87,1.0,1.0,5.8699999999999966,0.04,0.0
7,CrossEntropyLoss,RPS,0.030000000000000027,0.9,2.34,1.34,1.0,1.0,8.006666666666662,0.1,0.0
7,CrossEntropyLoss,RPS,0.050000000000000044,0.88,2.2,1.2,1.0,1.0,5.999999999999996,0.12,0.0
7,CrossEntropyLoss,RPS,0.07999999999999996,0.88,2.13,1.13,1.0,1.0,4.130000000000001,0.12,0.0
7,CrossEntropyLoss,RPS,0.09999999999999998,0.87,2.07,1.07,1.0,1.0,3.67,0.13,0.0
7,CrossEntropyLoss,RPS,0.13,0.86,1.86,0.86,1.0,1.0,3.0138461538461536,0.14,0.0
7,CrossEntropyLoss,RPS,0.15000000000000002,0.85,1.77,0.77,1.0,1.0,2.7699999999999996,0.15,0.0
7,CrossEntropyLoss,RPS,0.18000000000000005,0.83,1.59,0.59,1.0588235294117647,2.0,2.5899999999999994,0.18,0.0
7,CrossEntropyLoss,RPS,0.19999999999999996,0.83,1.57,0.57,1.0588235294117647,2.0,2.37,0.18,0.0
7,CrossEntropyLoss,OCDF,0.010000000000000009,1.0,5.21,4.21,,0.0,4.21,0.0,0.0
7,CrossEntropyLoss,OCDF,0.020000000000000018,0.97,4.82,3.82,1.0,1.0,6.819999999999998,0.03,0.0
7,CrossEntropyLoss,OCDF,0.030000000000000027,0.94,4.7,3.7,1.1666666666666667,2.0,8.366666666666664,0.07,0.0
7,CrossEntropyLoss,OCDF,0.050000000000000044,0.94,4.48,3.48,1.1666666666666667,2.0,6.279999999999998,0.07,0.0
7,CrossEntropyLoss,OCDF,0.07999999999999996,0.9,4.28,3.28,1.1,2.0,6.030000000000002,0.11,0.0
7,CrossEntropyLoss,OCDF,0.09999999999999998,0.9,4.26,3.26,1.1,2.0,5.46,0.11,0.0
7,CrossEntropyLoss,OCDF,0.13,0.86,4.01,3.01,1.0714285714285714,2.0,5.317692307692307,0.15,0.0
7,CrossEntropyLoss,OCDF,0.15000000000000002,0.86,3.98,2.98,1.0714285714285714,2.0,4.9799999999999995,0.15,0.0
7,CrossEntropyLoss,OCDF,0.18000000000000005,0.84,3.91,2.91,1.0625,2.0,4.7988888888888885,0.17,0.0
7,CrossEntropyLoss,OCDF,0.19999999999999996,0.83,3.8,2.8,1.0588235294117647,2.0,4.6,0.18,0.0
7,CrossEntropyLoss,APS,0.010000000000000009,0.99,5.87,4.97,1.0,1.0,4.97,0.01,0.09999999999999998
7,CrossEntropyLoss,APS,0.020000000000000018,0.98,5.69,4.9,1.0,1.0,4.9,0.02,0.20999999999999996
7,CrossEntropyLoss,APS,0.030000000000000027,0.95,4.54,4.2,1.0,1.0,4.866666666666666,0.05,0.53
7,CrossEntropyLoss,APS,0.050000000000000044,0.94,3.42,2.89,1.0,1.0,4.489999999999998,0.06,0.39
7,CrossEntropyLoss,APS,0.07999999999999996,0.9,2.86,2.26,1.4,5.0,4.510000000000002,0.14,0.31000000000000005
7,CrossEntropyLoss,APS,0.09999999999999998,0.88,2.44,1.85,1.3333333333333333,5.0,3.85,0.16,0.31000000000000005
7,CrossEntropyLoss,APS,0.13,0.88,2.35,1.73,1.6666666666666667,5.0,3.422307692307692,0.2,0.29000000000000004
7,CrossEntropyLoss,APS,0.15000000000000002,0.88,2.03,1.32,1.6666666666666667,5.0,2.92,0.2,0.20999999999999996
7,CrossEntropyLoss,APS,0.18000000000000005,0.83,1.76,0.91,1.7647058823529411,5.0,2.9099999999999993,0.3,0.09999999999999998
7,CrossEntropyLoss,APS,0.19999999999999996,0.81,1.71,0.86,1.6842105263157894,5.0,2.86,0.32,0.09999999999999998
7,CrossEntropyLoss,LAC,0.010000000000000009,0.99,5.4,4.62,1.0,1.0,4.62,0.01,0.19999999999999996
7,CrossEntropyLoss,LAC,0.020000000000000018,0.98,5.15,4.45,1.0,1.0,5.449999999999999,0.02,0.25
7,CrossEntropyLoss,LAC,0.030000000000000027,0.95,4.07,3.33,1.0,1.0,5.329999999999999,0.05,0.24
7,CrossEntropyLoss,LAC,0.050000000000000044,0.92,3.29,2.58,1.0,1.0,4.979999999999999,0.08,0.25
7,CrossEntropyLoss,LAC,0.07999999999999996,0.91,2.48,1.7,1.0,1.0,3.450000000000001,0.09,0.17000000000000004
7,CrossEntropyLoss,LAC,0.09999999999999998,0.89,2.17,1.37,1.0,1.0,3.17,0.11,0.17000000000000004
7,CrossEntropyLoss,LAC,0.13,0.86,1.87,0.98,1.0714285714285714,2.0,3.287692307692307,0.15,0.08999999999999997
7,CrossEntropyLoss,LAC,0.15000000000000002,0.86,1.84,0.95,1.0714285714285714,2.0,2.9499999999999993,0.15,0.08999999999999997
7,CrossEntropyLoss,LAC,0.18000000000000005,0.86,1.8,0.91,1.0714285714285714,2.0,2.576666666666666,0.15,0.08999999999999997
7,CrossEntropyLoss,LAC,0.19999999999999996,0.82,1.57,0.64,1.1111111111111112,2.0,2.64,0.2,0.06000000000000005
8,CrossEntropyLoss,min-CPS,0.010000000000000009,0.99,4.55,3.55,1.0,1.0,5.549999999999998,0.01,0.0
8,CrossEntropyLoss,min-CPS,0.020000000000000018,0.94,3.33,2.33,1.0,1.0,8.329999999999995,0.06,0.0
8,CrossEntropyLoss,min-CPS,0.030000000000000027,0.93,3.2,2.2,1.0,1.0,6.866666666666663,0.07,0.0
8,CrossEntropyLoss,min-CPS,0.050000000000000044,0.9,2.76,1.76,1.0,1.0,5.759999999999996,0.1,0.0
8,CrossEntropyLoss,min-CPS,0.07999999999999996,0.89,2.29,1.29,1.0,1.0,4.040000000000001,0.11,0.0
8,CrossEntropyLoss,min-CPS,0.09999999999999998,0.86,2.18,1.18,1.0,1.0,3.9800000000000004,0.14,0.0
8,CrossEntropyLoss,min-CPS,0.13,0.82,1.93,0.93,1.0555555555555556,2.0,3.8530769230769226,0.19,0.0
8,CrossEntropyLoss,min-CPS,0.15000000000000002,0.82,1.82,0.82,1.0555555555555556,2.0,3.353333333333333,0.19,0.0
8,CrossEntropyLoss,min-CPS,0.18000000000000005,0.8,1.78,0.78,1.05,2.0,3.1133333333333324,0.21,0.0
8,CrossEntropyLoss,min-CPS,0.19999999999999996,0.8,1.75,0.75,1.05,2.0,2.85,0.21,0.0
8,CrossEntropyLoss,RPS,0.010000000000000009,0.98,3.36,2.36,1.0,1.0,6.359999999999997,0.02,0.0
8,CrossEntropyLoss,RPS,0.020000000000000018,0.94,2.79,1.79,1.0,1.0,7.789999999999995,0.06,0.0
8,CrossEntropyLoss,RPS,0.030000000000000027,0.94,2.69,1.69,1.0,1.0,5.689999999999997,0.06,0.0
8,CrossEntropyLoss,RPS,0.050000000000000044,0.89,2.43,1.43,1.0,1.0,5.8299999999999965,0.11,0.0
8,CrossEntropyLoss,RPS,0.07999999999999996,0.8,1.88,0.88,1.0,1.0,5.880000000000003,0.2,0.0
8,CrossEntropyLoss,RPS,0.09999999999999998,0.8,1.81,0.81,1.05,2.0,5.010000000000002,0.21,0.0
8,CrossEntropyLoss,RPS,0.13,0.8,1.67,0.67,1.1,2.0,4.054615384615384,0.22,0.0
8,CrossEntropyLoss,RPS,0.15000000000000002,0.79,1.61,0.61,1.0952380952380953,2.0,3.6766666666666663,0.23,0.0
8,CrossEntropyLoss,RPS,0.18000000000000005,0.79,1.6,0.6,1.0952380952380953,2.0,3.155555555555555,0.23,0.0
8,CrossEntropyLoss,RPS,0.19999999999999996,0.76,1.51,0.52,1.25,5.0,3.3200000000000007,0.3,0.0
8,CrossEntropyLoss,OCDF,0.010000000000000009,1.0,5.31,4.31,,0.0,4.31,0.0,0.0
8,CrossEntropyLoss,OCDF,0.020000000000000018,1.0,5.2,4.2,,0.0,4.2,0.0,0.0
8,CrossEntropyLoss,OCDF,0.030000000000000027,0.99,5.06,4.06,1.0,1.0,4.726666666666667,0.01,0.0
8,CrossEntropyLoss,OCDF,0.050000000000000044,0.95,4.71,3.71,1.2,2.0,6.109999999999998,0.06,0.0
8,CrossEntropyLoss,OCDF,0.07999999999999996,0.95,4.65,3.65,1.2,2.0,5.150000000000001,0.06,0.0
8,CrossEntropyLoss,OCDF,0.09999999999999998,0.95,4.63,3.63,1.2,2.0,4.83,0.06,0.0
8,CrossEntropyLoss,OCDF,0.13,0.86,4.11,3.11,1.0714285714285714,2.0,5.417692307692307,0.15,0.0
8,CrossEntropyLoss,OCDF,0.15000000000000002,0.85,4.05,3.05,1.0666666666666667,2.0,5.183333333333333,0.16,0.0
8,CrossEntropyLoss,OCDF,0.18000000000000005,0.84,3.99,2.99,1.0625,2.0,4.878888888888889,0.17,0.0
8,CrossEntropyLoss,OCDF,0.19999999999999996,0.81,3.74,2.74,1.0526315789473684,2.0,4.74,0.2,0.0
8,CrossEntropyLoss,APS,0.010000000000000009,1.0,5.99,5.0,,0.0,5.0,0.0,0.010000000000000009
8,CrossEntropyLoss,APS,0.020000000000000018,0.94,4.42,4.09,1.0,1.0,4.09,0.06,0.49
8,CrossEntropyLoss,APS,0.030000000000000027,0.93,3.67,3.31,1.0,1.0,5.309999999999999,0.07,0.41000000000000003
8,CrossEntropyLoss,APS,0.050000000000000044,0.92,3.07,2.5,1.0,1.0,4.499999999999999,0.08,0.30000000000000004
8,CrossEntropyLoss,APS,0.07999999999999996,0.87,2.54,1.83,1.3076923076923077,5.0,5.080000000000002,0.17,0.19999999999999996
8,CrossEntropyLoss,APS,0.09999999999999998,0.87,2.32,1.55,1.3076923076923077,5.0,4.15,0.17,0.15000000000000002
8,CrossEntropyLoss,APS,0.13,0.83,2.05,1.25,1.5294117647058822,5.0,4.1730769230769225,0.26,0.13
8,CrossEntropyLoss,APS,0.15000000000000002,0.79,1.92,1.11,1.4285714285714286,5.0,4.176666666666666,0.3,0.14
8,CrossEntropyLoss,APS,0.18000000000000005,0.74,1.81,0.98,1.3461538461538463,5.0,3.9799999999999986,0.35,0.13
8,CrossEntropyLoss,APS,0.19999999999999996,0.73,1.79,0.98,1.3333333333333333,5.0,3.68,0.36,0.15000000000000002
8,CrossEntropyLoss,LAC,0.010000000000000009,1.0,5.52,4.74,,0.0,4.74,0.0,0.17000000000000004
8,CrossEntropyLoss,LAC,0.020000000000000018,0.92,3.9,3.24,1.0,1.0,7.239999999999997,0.08,0.25
8,CrossEntropyLoss,LAC,0.030000000000000027,0.9,3.45,2.74,1.0,1.0,6.7399999999999975,0.1,0.22999999999999998
8,CrossEntropyLoss,LAC,0.050000000000000044,0.88,2.74,1.94,1.0,1.0,5.539999999999997,0.12,0.15000000000000002
8,CrossEntropyLoss,LAC,0.07999999999999996,0.87,2.49,1.69,1.0,1.0,4.190000000000001,0.13,0.17000000000000004
8,CrossEntropyLoss,LAC,0.09999999999999998,0.86,2.43,1.63,1.0714285714285714,2.0,4.03,0.15,0.16000000000000003
8,CrossEntropyLoss,LAC,0.13,0.79,1.8,0.92,1.0476190476190477,2.0,3.996923076923076,0.22,0.08999999999999997
8,CrossEntropyLoss,LAC,0.15000000000000002,0.78,1.76,0.88,1.0454545454545454,2.0,3.6799999999999993,0.23,0.08999999999999997
8,CrossEntropyLoss,LAC,0.18000000000000005,0.7,1.59,0.71,1.0333333333333334,2.0,3.598888888888888,0.31,0.09999999999999998
8,CrossEntropyLoss,LAC,0.19999999999999996,0.69,1.52,0.64,1.096774193548387,2.0,3.5400000000000005,0.34,0.09999999999999998
9,CrossEntropyLoss,min-CPS,0.010000000000000009,1.0,4.88,3.88,,0.0,3.88,0.0,0.0
9,CrossEntropyLoss,min-CPS,0.020000000000000018,0.96,4.17,3.17,1.0,1.0,7.169999999999996,0.04,0.0
9,CrossEntropyLoss,min-CPS,0.030000000000000027,0.96,3.36,2.36,1.0,1.0,5.026666666666665,0.04,0.0
9,CrossEntropyLoss,min-CPS,0.050000000000000044,0.94,3.02,2.02,1.0,1.0,4.419999999999998,0.06,0.0
9,CrossEntropyLoss,min-CPS,0.07999999999999996,0.91,2.48,1.48,1.0,1.0,3.7300000000000013,0.09,0.0
9,CrossEntropyLoss,min-CPS,0.09999999999999998,0.9,2.2,1.2,1.0,1.0,3.2,0.1,0.0
9,CrossEntropyLoss,min-CPS,0.13,0.87,2.04,1.04,1.0,1.0,3.0399999999999996,0.13,0.0
9,CrossEntropyLoss,min-CPS,0.15000000000000002,0.86,2.0,1.0,1.0,1.0,2.8666666666666663,0.14,0.0
9,CrossEntropyLoss,min-CPS,0.18000000000000005,0.8,1.67,0.67,1.0,1.0,2.8922222222222214,0.2,0.0
9,CrossEntropyLoss,min-CPS,0.19999999999999996,0.8,1.65,0.65,1.0,1.0,2.65,0.2,0.0
9,CrossEntropyLoss,RPS,0.010000000000000009,1.0,3.55,2.55,,0.0,2.55,0.0,0.0
9,CrossEntropyLoss,RPS,0.020000000000000018,0.99,3.3,2.3,1.0,1.0,3.299999999999999,0.01,0.0
9,CrossEntropyLoss,RPS,0.030000000000000027,0.99,3.19,2.19,1.0,1.0,2.8566666666666665,0.01,0.0
9,CrossEntropyLoss,RPS,0.050000000000000044,0.95,2.53,1.53,1.0,1.0,3.5299999999999985,0.05,0.0
9,CrossEntropyLoss,RPS,0.07999999999999996,0.92,2.37,1.37,1.0,1.0,3.370000000000001,0.08,0.0
9,CrossEntropyLoss,RPS,0.09999999999999998,0.9,2.28,1.28,1.0,1.0,3.28,0.1,0.0
9,CrossEntropyLoss,RPS,0.13,0.84,1.87,0.87,1.0,1.0,3.331538461538461,0.16,0.0
9,CrossEntropyLoss,RPS,0.15000000000000002,0.83,1.77,0.77,1.0588235294117647,2.0,3.1699999999999995,0.18,0.0
9,CrossEntropyLoss,RPS,0.18000000000000005,0.8,1.58,0.58,1.05,2.0,2.9133333333333327,0.21,0.0
9,CrossEntropyLoss,RPS,0.19999999999999996,0.8,1.57,0.57,1.05,2.0,2.67,0.21,0.0
9,CrossEntropyLoss,OCDF,0.010000000000000009,1.0,5.34,4.34,,0.0,4.34,0.0,0.0
9,CrossEntropyLoss,OCDF,0.020000000000000018,0.99,5.17,4.17,1.0,1.0,5.169999999999999,0.01,0.0
9,CrossEntropyLoss,OCDF,0.030000000000000027,0.99,5.03,4.03,1.0,1.0,4.696666666666666,0.01,0.0
9,CrossEntropyLoss,OCDF,0.050000000000000044,0.98,4.91,3.91,1.0,1.0,4.709999999999999,0.02,0.0
9,CrossEntropyLoss,OCDF,0.07999999999999996,0.95,4.57,3.57,1.0,1.0,4.82,0.05,0.0
9,CrossEntropyLoss,OCDF,0.09999999999999998,0.95,4.55,3.55,1.0,1.0,4.55,0.05,0.0
9,CrossEntropyLoss,OCDF,0.13,0.88,4.22,3.22,1.0,1.0,5.0661538461538465,0.12,0.0
9,CrossEntropyLoss,OCDF,0.15000000000000002,0.86,4.05,3.05,1.0,1.0,4.916666666666666,0.14,0.0
9,CrossEntropyLoss,OCDF,0.18000000000000005,0.86,4.04,3.04,1.0,1.0,4.5955555555555545,0.14,0.0
9,CrossEntropyLoss,OCDF,0.19999999999999996,0.82,3.84,2.84,1.0,1.0,4.64,0.18,0.0
9,CrossEntropyLoss,APS,0.010000000000000009,0.98,5.86,4.95,1.0,1.0,4.95,0.02,0.08999999999999997
9,CrossEntropyLoss,APS,0.020000000000000018,0.98,5.81,4.91,1.0,1.0,4.91,0.02,0.09999999999999998
9,CrossEntropyLoss,APS,0.030000000000000027,0.95,4.63,4.34,1.0,1.0,5.006666666666666,0.05,0.5700000000000001
9,CrossEntropyLoss,APS,0.050000000000000044,0.95,3.89,3.52,1.0,1.0,4.319999999999999,0.05,0.5
9,CrossEntropyLoss,APS,0.07999999999999996,0.92,2.71,2.06,1.0,1.0,3.560000000000001,0.08,0.26
9,CrossEntropyLoss,APS,0.09999999999999998,0.92,2.62,1.92,1.0,1.0,3.32,0.08,0.21999999999999997
9,CrossEntropyLoss,APS,0.13,0.91,2.34,1.6,1.0,1.0,2.830769230769231,0.09,0.18000000000000005
9,CrossEntropyLoss,APS,0.15000000000000002,0.9,2.17,1.38,1.0,1.0,2.58,0.1,0.15000000000000002
9,CrossEntropyLoss,APS,0.18000000000000005,0.84,1.87,1.06,1.0,1.0,2.726666666666666,0.16,0.13
9,CrossEntropyLoss,APS,0.19999999999999996,0.82,1.76,0.91,1.4444444444444444,5.0,2.91,0.26,0.09999999999999998
9,CrossEntropyLoss,LAC,0.010000000000000009,0.98,5.47,4.67,1.0,1.0,4.67,0.02,0.18000000000000005
9,CrossEntropyLoss,LAC,0.020000000000000018,0.98,5.27,4.54,1.0,1.0,5.539999999999999,0.02,0.21999999999999997
9,CrossEntropyLoss,LAC,0.030000000000000027,0.96,4.57,3.9,1.0,1.0,5.899999999999999,0.04,0.27
9,CrossEntropyLoss,LAC,0.050000000000000044,0.93,3.55,2.87,1.0,1.0,4.869999999999998,0.07,0.27
9,CrossEntropyLoss,LAC,0.07999999999999996,0.92,2.8,2.06,1.0,1.0,3.560000000000001,0.08,0.20999999999999996
9,CrossEntropyLoss,LAC,0.09999999999999998,0.92,2.6,1.85,1.0,1.0,3.05,0.08,0.18000000000000005
9,CrossEntropyLoss,LAC,0.13,0.89,2.29,1.48,1.0,1.0,2.864615384615384,0.11,0.14
9,CrossEntropyLoss,LAC,0.15000000000000002,0.88,2.03,1.15,1.0,1.0,2.6166666666666663,0.12,0.08999999999999997
9,CrossEntropyLoss,LAC,0.18000000000000005,0.87,1.91,1.03,1.0,1.0,2.3633333333333333,0.13,0.08999999999999997
9,CrossEntropyLoss,LAC,0.19999999999999996,0.83,1.7,0.8,1.0,1.0,2.3,0.17,0.07999999999999996
10,CrossEntropyLoss,min-CPS,0.010000000000000009,0.99,4.53,3.53,1.0,1.0,5.529999999999998,0.01,0.0
10,CrossEntropyLoss,min-CPS,0.020000000000000018,0.96,3.71,2.71,1.0,1.0,6.709999999999996,0.04,0.0
10,CrossEntropyLoss,min-CPS,0.030000000000000027,0.95,3.32,2.32,1.0,1.0,5.653333333333331,0.05,0.0
10,CrossEntropyLoss,min-CPS,0.050000000000000044,0.9,2.68,1.68,1.0,1.0,5.679999999999996,0.1,0.0
10,CrossEntropyLoss,min-CPS,0.07999999999999996,0.87,2.18,1.18,1.0,1.0,4.4300000000000015,0.13,0.0
10,CrossEntropyLoss,min-CPS,0.09999999999999998,0.84,2.0,1.0,1.0625,2.0,4.4,0.17,0.0
10,CrossEntropyLoss,min-CPS,0.13,0.81,1.77,0.77,1.105263157894737,2.0,4.0007692307692295,0.21,0.0
10,CrossEntropyLoss,min-CPS,0.15000000000000002,0.78,1.7,0.7,1.0909090909090908,2.0,3.899999999999999,0.24,0.0
10,CrossEntropyLoss,min-CPS,0.18000000000000005,0.77,1.66,0.66,1.0869565217391304,2.0,3.437777777777777,0.25,0.0
10,CrossEntropyLoss,min-CPS,0.19999999999999996,0.77,1.57,0.57,1.1304347826086956,2.0,3.17,0.26,0.0
10,CrossEntropyLoss,RPS,0.010000000000000009,0.99,3.43,2.43,1.0,1.0,4.429999999999998,0.01,0.0
10,CrossEntropyLoss,RPS,0.020000000000000018,0.93,2.64,1.64,1.0,1.0,8.639999999999993,0.07,0.0
10,CrossEntropyLoss,RPS,0.030000000000000027,0.88,2.39,1.39,1.0,1.0,9.389999999999993,0.12,0.0
10,CrossEntropyLoss,RPS,0.050000000000000044,0.86,2.25,1.25,1.0,1.0,6.849999999999995,0.14,0.0
10,CrossEntropyLoss,RPS,0.07999999999999996,0.86,2.17,1.17,1.0,1.0,4.670000000000002,0.14,0.0
10,CrossEntropyLoss,RPS,0.09999999999999998,0.82,1.85,0.85,1.0,1.0,4.450000000000001,0.18,0.0
10,CrossEntropyLoss,RPS,0.13,0.81,1.73,0.73,1.0,1.0,3.6530769230769224,0.19,0.0
10,CrossEntropyLoss,RPS,0.15000000000000002,0.77,1.61,0.61,1.0434782608695652,2.0,3.8099999999999996,0.24,0.0
10,CrossEntropyLoss,RPS,0.18000000000000005,0.75,1.55,0.55,1.04,2.0,3.438888888888888,0.26,0.0
10,CrossEntropyLoss,RPS,0.19999999999999996,0.75,1.52,0.53,1.2,5.0,3.33,0.3,0.0
10,CrossEntropyLoss,OCDF,0.010000000000000009,1.0,5.27,4.27,,0.0,4.27,0.0,0.0
10,CrossEntropyLoss,OCDF,0.020000000000000018,1.0,5.13,4.13,,0.0,4.13,0.0,0.0
10,CrossEntropyLoss,OCDF,0.030000000000000027,0.99,5.0,4.0,1.0,1.0,4.666666666666666,0.01,0.0
10,CrossEntropyLoss,OCDF,0.050000000000000044,0.97,4.92,3.92,1.3333333333333333,2.0,5.519999999999999,0.04,0.0
10,CrossEntropyLoss,OCDF,0.07999999999999996,0.95,4.63,3.63,1.2,2.0,5.130000000000001,0.06,0.0
10,CrossEntropyLoss,OCDF,0.09999999999999998,0.94,4.49,3.49,1.1666666666666667,2.0,4.89,0.07,0.0
10,CrossEntropyLoss,OCDF,0.13,0.9,4.32,3.32,1.1,2.0,5.012307692307693,0.11,0.0
10,CrossEntropyLoss,OCDF,0.15000000000000002,0.9,4.25,3.25,1.1,2.0,4.716666666666666,0.11,0.0
10,CrossEntropyLoss,OCDF,0.18000000000000005,0.78,3.68,2.68,1.0454545454545454,2.0,5.235555555555554,0.23,0.0
10,CrossEntropyLoss,OCDF,0.19999999999999996,0.78,3.6,2.6,1.0454545454545454,2.0,4.9,0.23,0.0
10,CrossEntropyLoss,APS,0.010000000000000009,0.96,5.52,4.82,1.0,1.0,4.82,0.04,0.30000000000000004
10,CrossEntropyLoss,APS,0.020000000000000018,0.9,3.32,2.83,1.0,1.0,7.829999999999996,0.1,0.4
10,CrossEntropyLoss,APS,0.030000000000000027,0.88,2.85,2.22,1.0,1.0,6.886666666666663,0.12,0.26
10,CrossEntropyLoss,APS,0.050000000000000044,0.88,2.84,2.21,1.0,1.0,5.009999999999998,0.12,0.26
10,CrossEntropyLoss,APS,0.07999999999999996,0.86,2.45,1.69,1.0,1.0,4.190000000000001,0.14,0.17000000000000004
10,CrossEntropyLoss,APS,0.09999999999999998,0.81,2.04,1.21,1.2105263157894737,5.0,4.41,0.23,0.12
10,CrossEntropyLoss,APS,0.13,0.79,1.9,1.06,1.380952380952381,5.0,3.521538461538461,0.29,0.10999999999999999
10,CrossEntropyLoss,APS,0.15000000000000002,0.78,1.88,1.05,1.5454545454545454,5.0,3.3166666666666664,0.34,0.10999999999999999
10,CrossEntropyLoss,APS,0.18000000000000005,0.78,1.87,1.04,1.5454545454545454,5.0,2.928888888888888,0.34,0.10999999999999999
10,CrossEntropyLoss,APS,0.19999999999999996,0.75,1.73,0.86,1.52,5.0,2.96,0.38,0.07999999999999996
10,CrossEntropyLoss,LAC,0.010000000000000009,1.0,5.58,4.76,,0.0,4.76,0.0,0.16000000000000003
10,CrossEntropyLoss,LAC,0.020000000000000018,0.96,4.76,4.12,1.0,1.0,5.119999999999999,0.04,0.30000000000000004
10,CrossEntropyLoss,LAC,0.030000000000000027,0.93,3.78,3.16,1.0,1.0,5.159999999999999,0.07,0.27
10,CrossEntropyLoss,LAC,0.050000000000000044,0.86,2.5,1.66,1.0,1.0,5.6599999999999975,0.14,0.14
10,CrossEntropyLoss,LAC,0.07999999999999996,0.86,2.38,1.53,1.0,1.0,4.030000000000001,0.14,0.13
10,CrossEntropyLoss,LAC,0.09999999999999998,0.84,2.17,1.31,1.0625,2.0,4.11,0.17,0.12
10,CrossEntropyLoss,LAC,0.13,0.77,1.66,0.76,1.0869565217391304,2.0,4.144615384615383,0.25,0.06999999999999995
10,CrossEntropyLoss,LAC,0.15000000000000002,0.75,1.64,0.75,1.08,2.0,3.8166666666666664,0.27,0.07999999999999996
10,CrossEntropyLoss,LAC,0.18000000000000005,0.71,1.57,0.67,1.0689655172413792,2.0,3.558888888888888,0.31,0.07999999999999996
10,CrossEntropyLoss,LAC,0.19999999999999996,0.7,1.5,0.6,1.1,2.0,3.3,0.33,0.08999999999999997
11,CrossEntropyLoss,min-CPS,0.010000000000000009,0.99,4.86,3.86,1.0,1.0,5.859999999999998,0.01,0.0
11,CrossEntropyLoss,min-CPS,0.020000000000000018,0.99,4.48,3.48,1.0,1.0,4.479999999999999,0.01,0.0
11,CrossEntropyLoss,min-CPS,0.030000000000000027,0.99,4.27,3.27,1.0,1.0,3.936666666666666,0.01,0.0
11,CrossEntropyLoss,min-CPS,0.050000000000000044,0.99,3.96,2.96,1.0,1.0,3.36,0.01,0.0
11,CrossEntropyLoss,min-CPS,0.07999999999999996,0.94,2.81,1.81,1.0,1.0,3.310000000000001,0.06,0.0
11,CrossEntropyLoss,min-CPS,0.09999999999999998,0.94,2.51,1.51,1.0,1.0,2.71,0.06,0.0
11,CrossEntropyLoss,min-CPS,0.13,0.91,2.21,1.21,1.0,1.0,2.5946153846153845,0.09,0.0
11,CrossEntropyLoss,min-CPS,0.15000000000000002,0.89,2.07,1.07,1.0,1.0,2.5366666666666666,0.11,0.0
11,CrossEntropyLoss,min-CPS,0.18000000000000005,0.86,1.76,0.76,1.0,1.0,2.315555555555555,0.14,0.0
11,CrossEntropyLoss,min-CPS,0.19999999999999996,0.84,1.72,0.72,1.0,1.0,2.32,0.16,0.0
11,CrossEntropyLoss,RPS,0.010000000000000009,1.0,3.56,2.56,,0.0,2.56,0.0,0.0
11,CrossEntropyLoss,RPS,0.020000000000000018,1.0,3.46,2.46,,0.0,2.46,0.0,0.0
11,CrossEntropyLoss,RPS,0.030000000000000027,1.0,3.32,2.32,,0.0,2.32,0.0,0.0
11,CrossEntropyLoss,RPS,0.050000000000000044,0.99,2.94,1.94,1.0,1.0,2.34,0.01,0.0
11,CrossEntropyLoss,RPS,0.07999999999999996,0.97,2.49,1.49,1.0,1.0,2.2400000000000007,0.03,0.0
11,CrossEntropyLoss,RPS,0.09999999999999998,0.93,2.3,1.3,1.0,1.0,2.7,0.07,0.0
11,CrossEntropyLoss,RPS,0.13,0.92,2.23,1.23,1.0,1.0,2.460769230769231,0.08,0.0
11,CrossEntropyLoss,RPS,0.15000000000000002,0.9,2.12,1.12,1.0,1.0,2.4533333333333336,0.1,0.0
11,CrossEntropyLoss,RPS,0.18000000000000005,0.83,1.66,0.66,1.0,1.0,2.548888888888888,0.17,0.0
11,CrossEntropyLoss,RPS,0.19999999999999996,0.81,1.61,0.61,1.0,1.0,2.51,0.19,0.0
11,CrossEntropyLoss,OCDF,0.010000000000000009,1.0,5.33,4.33,,0.0,4.33,0.0,0.0
11,CrossEntropyLoss,OCDF,0.020000000000000018,1.0,5.2,4.2,,0.0,4.2,0.0,0.0
11,CrossEntropyLoss,OCDF,0.030000000000000027,1.0,5.19,4.19,,0.0,4.19,0.0,0.0
11,CrossEntropyLoss,OCDF,0.050000000000000044,0.97,4.9,3.9,1.0,1.0,5.099999999999999,0.03,0.0
11,CrossEntropyLoss,OCDF,0.07999999999999996,0.91,4.36,3.36,1.0,1.0,5.610000000000002,0.09,0.0
11,CrossEntropyLoss,OCDF,0.09999999999999998,0.88,4.25,3.25,1.0,1.0,5.65,0.12,0.0
11,CrossEntropyLoss,OCDF,0.13,0.86,4.04,3.04,1.0,1.0,5.193846153846153,0.14,0.0
11,CrossEntropyLoss,OCDF,0.15000000000000002,0.83,3.96,2.96,1.0,1.0,5.226666666666667,0.17,0.0
11,CrossEntropyLoss,OCDF,0.18000000000000005,0.77,3.6,2.6,1.0,1.0,5.155555555555554,0.23,0.0
11,CrossEntropyLoss,OCDF,0.19999999999999996,0.76,3.52,2.52,1.0,1.0,4.92,0.24,0.0
11,CrossEntropyLoss,APS,0.010000000000000009,1.0,5.79,4.92,,0.0,4.92,0.0,0.13
11,CrossEntropyLoss,APS,0.020000000000000018,1.0,5.79,4.92,,0.0,4.92,0.0,0.13
11,CrossEntropyLoss,APS,0.030000000000000027,1.0,5.58,4.79,,0.0,4.79,0.0,0.18999999999999995
11,CrossEntropyLoss,APS,0.050000000000000044,0.97,4.48,4.19,1.0,1.0,4.19,0.03,0.53
11,CrossEntropyLoss,APS,0.07999999999999996,0.97,3.36,2.84,1.0,1.0,3.09,0.03,0.35
11,CrossEntropyLoss,APS,0.09999999999999998,0.97,3.08,2.49,1.0,1.0,2.69,0.03,0.31000000000000005
11,CrossEntropyLoss,APS,0.13,0.95,2.76,2.09,1.0,1.0,2.397692307692308,0.05,0.27
11,CrossEntropyLoss,APS,0.15000000000000002,0.91,2.3,1.58,1.0,1.0,2.38,0.09,0.22999999999999998
11,CrossEntropyLoss,APS,0.18000000000000005,0.84,1.95,1.16,1.5,5.0,2.604444444444444,0.24,0.15000000000000002
11,CrossEntropyLoss,APS,0.19999999999999996,0.83,1.89,1.08,1.7058823529411764,5.0,2.78,0.29,0.13
11,CrossEntropyLoss,LAC,0.010000000000000009,1.0,5.52,4.74,,0.0,4.74,0.0,0.17000000000000004
11,CrossEntropyLoss,LAC,0.020000000000000018,1.0,5.5,4.73,,0.0,4.73,0.0,0.18000000000000005
11,CrossEntropyLoss,LAC,0.030000000000000027,0.99,5.31,4.62,1.0,1.0,4.62,0.01,0.21999999999999997
11,CrossEntropyLoss,LAC,0.050000000000000044,0.99,4.88,4.2,1.0,1.0,4.2,0.01,0.22999999999999998
11,CrossEntropyLoss,LAC,0.07999999999999996,0.95,3.43,2.75,1.0,1.0,3.25,0.05,0.27
11,CrossEntropyLoss,LAC,0.09999999999999998,0.92,2.62,1.85,1.0,1.0,2.85,0.08,0.19999999999999996
11,CrossEntropyLoss,LAC,0.13,0.9,2.35,1.57,1.0,1.0,2.6469230769230774,0.1,0.18999999999999995
11,CrossEntropyLoss,LAC,0.15000000000000002,0.89,2.14,1.29,1.0,1.0,2.623333333333333,0.11,0.14
11,CrossEntropyLoss,LAC,0.18000000000000005,0.88,1.95,1.09,1.0,1.0,2.312222222222222,0.12,0.12
11,CrossEntropyLoss,LAC,0.19999999999999996,0.85,1.67,0.76,1.0,1.0,2.16,0.15,0.07999999999999996
12,CrossEntropyLoss,min-CPS,0.010000000000000009,0.97,4.1,3.1,1.0,1.0,9.099999999999996,0.03,0.0
12,CrossEntropyLoss,min-CPS,0.020000000000000018,0.97,4.07,3.07,1.0,1.0,6.069999999999998,0.03,0.0
12,CrossEntropyLoss,min-CPS,0.030000000000000027,0.96,3.2,2.2,1.0,1.0,4.8666666666666645,0.04,0.0
12,CrossEntropyLoss,min-CPS,0.050000000000000044,0.93,2.8,1.8,1.0,1.0,4.599999999999997,0.07,0.0
12,CrossEntropyLoss,min-CPS,0.07999999999999996,0.92,2.39,1.39,1.0,1.0,3.390000000000001,0.08,0.0
12,CrossEntropyLoss,min-CPS,0.09999999999999998,0.91,2.11,1.11,1.0,1.0,2.91,0.09,0.0
12,CrossEntropyLoss,min-CPS,0.13,0.89,2.01,1.01,1.0,1.0,2.7023076923076923,0.11,0.0
12,CrossEntropyLoss,min-CPS,0.15000000000000002,0.87,1.93,0.93,1.0,1.0,2.663333333333333,0.13,0.0
12,CrossEntropyLoss,min-CPS,0.18000000000000005,0.83,1.67,0.67,1.0,1.0,2.5588888888888888,0.17,0.0
12,CrossEntropyLoss,min-CPS,0.19999999999999996,0.82,1.66,0.66,1.0,1.0,2.4600000000000004,0.18,0.0
12,CrossEntropyLoss,RPS,0.010000000000000009,1.0,3.49,2.49,,0.0,2.49,0.0,0.0
12,CrossEntropyLoss,RPS,0.020000000000000018,1.0,3.38,2.38,,0.0,2.38,0.0,0.0
12,CrossEntropyLoss,RPS,0.030000000000000027,1.0,3.27,2.27,,0.0,2.27,0.0,0.0
12,CrossEntropyLoss,RPS,0.050000000000000044,0.99,2.92,1.92,1.0,1.0,2.32,0.01,0.0
12,CrossEntropyLoss,RPS,0.07999999999999996,0.94,2.38,1.38,1.0,1.0,2.880000000000001,0.06,0.0
12,CrossEntropyLoss,RPS,0.09999999999999998,0.93,2.27,1.27,1.0,1.0,2.67,0.07,0.0
12,CrossEntropyLoss,RPS,0.13,0.88,2.0,1.0,1.0,1.0,2.846153846153846,0.12,0.0
12,CrossEntropyLoss,RPS,0.15000000000000002,0.84,1.7,0.7,1.0,1.0,2.833333333333333,0.16,0.0
12,CrossEntropyLoss,RPS,0.18000000000000005,0.77,1.53,0.53,1.0,1.0,3.0855555555555547,0.23,0.0
12,CrossEntropyLoss,RPS,0.19999999999999996,0.76,1.49,0.49,1.0,1.0,2.89,0.24,0.0
12,CrossEntropyLoss,OCDF,0.010000000000000009,1.0,5.4,4.4,,0.0,4.4,0.0,0.0
12,CrossEntropyLoss,OCDF,0.020000000000000018,0.99,5.24,4.24,1.0,1.0,5.239999999999998,0.01,0.0
12,CrossEntropyLoss,OCDF,0.030000000000000027,0.99,5.07,4.07,1.0,1.0,4.736666666666666,0.01,0.0
12,CrossEntropyLoss,OCDF,0.050000000000000044,0.99,5.04,4.04,1.0,1.0,4.44,0.01,0.0
12,CrossEntropyLoss,OCDF,0.07999999999999996,0.95,4.69,3.69,1.0,1.0,4.940000000000001,0.05,0.0
12,CrossEntropyLoss,OCDF,0.09999999999999998,0.91,4.46,3.46,1.0,1.0,5.26,0.09,0.0
12,CrossEntropyLoss,OCDF,0.13,0.89,4.3,3.3,1.0,1.0,4.992307692307693,0.11,0.0
12,CrossEntropyLoss,OCDF,0.15000000000000002,0.89,4.22,3.22,1.0,1.0,4.6866666666666665,0.11,0.0
12,CrossEntropyLoss,OCDF,0.18000000000000005,0.82,3.94,2.94,1.0,1.0,4.9399999999999995,0.18,0.0
12,CrossEntropyLoss,OCDF,0.19999999999999996,0.82,3.9,2.9,1.0,1.0,4.7,0.18,0.0
12,CrossEntropyLoss,APS,0.010000000000000009,0.99,5.84,4.94,1.0,1.0,4.94,0.01,0.09999999999999998
12,CrossEntropyLoss,APS,0.020000000000000018,0.97,4.76,4.49,1.0,1.0,4.49,0.03,0.6
12,CrossEntropyLoss,APS,0.030000000000000027,0.95,4.19,3.94,1.0,1.0,5.2733333333333325,0.05,0.5700000000000001
12,CrossEntropyLoss,APS,0.050000000000000044,0.95,3.77,3.44,1.0,1.0,4.239999999999999,0.05,0.49
12,CrossEntropyLoss,APS,0.07999999999999996,0.92,2.89,2.33,1.0,1.0,3.580000000000001,0.08,0.31000000000000005
12,CrossEntropyLoss,APS,0.09999999999999998,0.9,2.42,1.63,1.0,1.0,3.23,0.1,0.16000000000000003
12,CrossEntropyLoss,APS,0.13,0.87,2.06,1.23,1.0,1.0,2.9223076923076916,0.13,0.12
12,CrossEntropyLoss,APS,0.15000000000000002,0.83,1.93,1.1,1.4705882352941178,5.0,3.4999999999999996,0.25,0.10999999999999999
12,CrossEntropyLoss,APS,0.18000000000000005,0.8,1.72,0.88,1.6,5.0,3.1022222222222213,0.32,0.09999999999999998
12,CrossEntropyLoss,APS,0.19999999999999996,0.79,1.68,0.85,1.5714285714285714,5.0,2.95,0.33,0.09999999999999998
12,CrossEntropyLoss,LAC,0.010000000000000009,0.99,5.37,4.59,1.0,1.0,4.59,0.01,0.18000000000000005
12,CrossEntropyLoss,LAC,0.020000000000000018,0.98,5.15,4.41,1.0,1.0,5.409999999999999,0.02,0.18999999999999995
12,CrossEntropyLoss,LAC,0.030000000000000027,0.94,3.77,3.13,1.0,1.0,5.129999999999999,0.06,0.29000000000000004
12,CrossEntropyLoss,LAC,0.050000000000000044,0.93,3.35,2.68,1.0,1.0,4.2799999999999985,0.07,0.25
12,CrossEntropyLoss,LAC,0.07999999999999996,0.91,2.51,1.7,1.0,1.0,3.450000000000001,0.09,0.15000000000000002
12,CrossEntropyLoss,LAC,0.09999999999999998,0.9,2.39,1.59,1.0,1.0,3.19,0.1,0.16000000000000003
12,CrossEntropyLoss,LAC,0.13,0.88,2.22,1.39,1.0,1.0,2.928461538461538,0.12,0.14
12,CrossEntropyLoss,LAC,0.15000000000000002,0.87,1.92,1.04,1.0,1.0,2.5066666666666664,0.13,0.08999999999999997
12,CrossEntropyLoss,LAC,0.18000000000000005,0.84,1.68,0.78,1.0,1.0,2.335555555555555,0.16,0.06999999999999995
12,CrossEntropyLoss,LAC,0.19999999999999996,0.82,1.64,0.75,1.0,1.0,2.25,0.18,0.07999999999999996
13,CrossEntropyLoss,min-CPS,0.010000000000000009,0.99,4.83,3.83,1.0,1.0,5.829999999999997,0.01,0.0
13,CrossEntropyLoss,min-CPS,0.020000000000000018,0.99,4.45,3.45,1.0,1.0,4.449999999999999,0.01,0.0
13,CrossEntropyLoss,min-CPS,0.030000000000000027,0.98,4.21,3.21,1.0,1.0,4.543333333333333,0.02,0.0
13,CrossEntropyLoss,min-CPS,0.050000000000000044,0.96,3.26,2.26,1.0,1.0,3.859999999999999,0.04,0.0
13,CrossEntropyLoss,min-CPS,0.07999999999999996,0.95,2.83,1.83,1.0,1.0,3.080000000000001,0.05,0.0
13,CrossEntropyLoss,min-CPS,0.09999999999999998,0.93,2.49,1.49,1.0,1.0,2.89,0.07,0.0
13,CrossEntropyLoss,min-CPS,0.13,0.93,2.21,1.21,1.0,1.0,2.286923076923077,0.07,0.0
13,CrossEntropyLoss,min-CPS,0.15000000000000002,0.9,2.1,1.1,1.0,1.0,2.433333333333333,0.1,0.0
13,CrossEntropyLoss,min-CPS,0.18000000000000005,0.86,1.78,0.78,1.0714285714285714,2.0,2.4466666666666663,0.15,0.0
13,CrossEntropyLoss,min-CPS,0.19999999999999996,0.85,1.65,0.65,1.0666666666666667,2.0,2.25,0.16,0.0
13,CrossEntropyLoss,RPS,0.010000000000000009,0.99,3.43,2.43,1.0,1.0,4.429999999999998,0.01,0.0
13,CrossEntropyLoss,RPS,0.020000000000000018,0.99,3.27,2.27,1.0,1.0,3.2699999999999987,0.01,0.0
13,CrossEntropyLoss,RPS,0.030000000000000027,0.99,3.19,2.19,1.0,1.0,2.8566666666666665,0.01,0.0
13,CrossEntropyLoss,RPS,0.050000000000000044,0.97,2.67,1.67,1.0,1.0,2.8699999999999988,0.03,0.0
13,CrossEntropyLoss,RPS,0.07999999999999996,0.95,2.41,1.41,1.0,1.0,2.6600000000000006,0.05,0.0
13,CrossEntropyLoss,RPS,0.09999999999999998,0.95,2.38,1.38,1.0,1.0,2.38,0.05,0.0
13,CrossEntropyLoss,RPS,0.13,0.91,2.15,1.15,1.0,1.0,2.5346153846153845,0.09,0.0
13,CrossEntropyLoss,RPS,0.15000000000000002,0.89,1.94,0.94,1.0,1.0,2.4066666666666667,0.11,0.0
13,CrossEntropyLoss,RPS,0.18000000000000005,0.89,1.84,0.84,1.0,1.0,2.062222222222222,0.11,0.0
13,CrossEntropyLoss,RPS,0.19999999999999996,0.87,1.65,0.65,1.0769230769230769,2.0,2.05,0.14,0.0
13,CrossEntropyLoss,OCDF,0.010000000000000009,1.0,5.31,4.31,,0.0,4.31,0.0,0.0
13,CrossEntropyLoss,OCDF,0.020000000000000018,1.0,5.22,4.22,,0.0,4.22,0.0,0.0
13,CrossEntropyLoss,OCDF,0.030000000000000027,0.99,5.01,4.01,1.0,1.0,4.676666666666666,0.01,0.0
13,CrossEntropyLoss,OCDF,0.050000000000000044,0.98,4.87,3.87,1.5,2.0,5.0699999999999985,0.03,0.0
13,CrossEntropyLoss,OCDF,0.07999999999999996,0.93,4.54,3.54,1.1428571428571428,2.0,5.540000000000001,0.08,0.0
13,CrossEntropyLoss,OCDF,0.09999999999999998,0.93,4.42,3.42,1.1428571428571428,2.0,5.02,0.08,0.0
13,CrossEntropyLoss,OCDF,0.13,0.88,4.19,3.19,1.0833333333333333,2.0,5.19,0.13,0.0
13,CrossEntropyLoss,OCDF,0.15000000000000002,0.87,4.05,3.05,1.0769230769230769,2.0,4.916666666666666,0.14,0.0
13,CrossEntropyLoss,OCDF,0.18000000000000005,0.83,3.86,2.86,1.0588235294117647,2.0,4.8599999999999985,0.18,0.0
13,CrossEntropyLoss,OCDF,0.19999999999999996,0.81,3.74,2.74,1.0526315789473684,2.0,4.74,0.2,0.0
13,CrossEntropyLoss,APS,0.010000000000000009,1.0,5.88,4.98,,0.0,4.98,0.0,0.09999999999999998
13,CrossEntropyLoss,APS,0.020000000000000018,1.0,5.83,4.98,,0.0,4.98,0.0,0.15000000000000002
13,CrossEntropyLoss,APS,0.030000000000000027,1.0,5.51,4.84,,0.0,4.84,0.0,0.31000000000000005
13,CrossEntropyLoss,APS,0.050000000000000044,0.96,3.78,3.36,1.0,1.0,3.76,0.04,0.43999999999999995
13,CrossEntropyLoss,APS,0.07999999999999996,0.96,3.41,2.91,1.0,1.0,3.41,0.04,0.37
13,CrossEntropyLoss,APS,0.09999999999999998,0.95,2.83,2.2,1.0,1.0,2.8,0.05,0.24
13,CrossEntropyLoss,APS,0.13,0.92,2.43,1.7,1.0,1.0,2.4692307692307693,0.08,0.18000000000000005
13,CrossEntropyLoss,APS,0.15000000000000002,0.89,2.14,1.36,1.0,1.0,2.4266666666666663,0.11,0.16000000000000003
13,CrossEntropyLoss,APS,0.18000000000000005,0.81,1.9,1.12,1.2105263157894737,5.0,2.8977777777777773,0.23,0.16000000000000003
13,CrossEntropyLoss,APS,0.19999999999999996,0.8,1.82,1.02,1.2,5.0,2.72,0.24,0.15000000000000002
13,CrossEntropyLoss,LAC,0.010000000000000009,1.0,5.48,4.67,,0.0,4.67,0.0,0.14
13,CrossEntropyLoss,LAC,0.020000000000000018,0.97,4.99,4.34,1.0,1.0,5.339999999999999,0.03,0.26
13,CrossEntropyLoss,LAC,0.030000000000000027,0.96,4.63,4.01,1.0,1.0,5.343333333333333,0.04,0.28
13,CrossEntropyLoss,LAC,0.050000000000000044,0.96,3.87,3.26,1.0,1.0,4.459999999999999,0.04,0.29000000000000004
13,CrossEntropyLoss,LAC,0.07999999999999996,0.96,3.5,2.85,1.0,1.0,3.6,0.04,0.25
13,CrossEntropyLoss,LAC,0.09999999999999998,0.94,2.76,1.99,1.0,1.0,2.59,0.06,0.17000000000000004
13,CrossEntropyLoss,LAC,0.13,0.91,2.36,1.53,1.0,1.0,2.453076923076923,0.09,0.14
13,CrossEntropyLoss,LAC,0.15000000000000002,0.9,2.3,1.46,1.1,2.0,2.5266666666666664,0.11,0.13
13,CrossEntropyLoss,LAC,0.18000000000000005,0.87,1.87,0.99,1.0769230769230769,2.0,2.323333333333333,0.14,0.08999999999999997
13,CrossEntropyLoss,LAC,0.19999999999999996,0.83,1.64,0.74,1.0588235294117647,2.0,2.24,0.18,0.07999999999999996
14,CrossEntropyLoss,min-CPS,0.010000000000000009,1.0,4.79,3.79,,0.0,3.79,0.0,0.0
14,CrossEntropyLoss,min-CPS,0.020000000000000018,0.96,3.88,2.88,1.0,1.0,6.879999999999996,0.04,0.0
14,CrossEntropyLoss,min-CPS,0.030000000000000027,0.92,2.99,1.99,1.0,1.0,7.323333333333329,0.08,0.0
14,CrossEntropyLoss,min-CPS,0.050000000000000044,0.92,2.78,1.78,1.0,1.0,4.979999999999997,0.08,0.0
14,CrossEntropyLoss,min-CPS,0.07999999999999996,0.92,2.38,1.38,1.0,1.0,3.3800000000000012,0.08,0.0
14,CrossEntropyLoss,min-CPS,0.09999999999999998,0.9,2.15,1.15,1.0,1.0,3.15,0.1,0.0
14,CrossEntropyLoss,min-CPS,0.13,0.89,2.09,1.09,1.0,1.0,2.7823076923076915,0.11,0.0
14,CrossEntropyLoss,min-CPS,0.15000000000000002,0.82,1.72,0.72,1.0555555555555556,2.0,3.253333333333333,0.19,0.0
14,CrossEntropyLoss,min-CPS,0.18000000000000005,0.77,1.63,0.63,1.0434782608695652,2.0,3.2966666666666655,0.24,0.0
14,CrossEntropyLoss,min-CPS,0.19999999999999996,0.74,1.53,0.53,1.0384615384615385,2.0,3.2300000000000004,0.27,0.0
14,CrossEntropyLoss,RPS,0.010000000000000009,1.0,3.52,2.52,,0.0,2.52,0.0,0.0
14,CrossEntropyLoss,RPS,0.020000000000000018,1.0,3.44,2.44,,0.0,2.44,0.0,0.0
14,CrossEntropyLoss,RPS,0.030000000000000027,0.98,3.18,2.18,1.0,1.0,3.5133333333333328,0.02,0.0
14,CrossEntropyLoss,RPS,0.050000000000000044,0.93,2.48,1.48,1.0,1.0,4.279999999999998,0.07,0.0
14,CrossEntropyLoss,RPS,0.07999999999999996,0.92,2.34,1.34,1.0,1.0,3.340000000000001,0.08,0.0
14,CrossEntropyLoss,RPS,0.09999999999999998,0.89,2.14,1.14,1.0,1.0,3.34,0.11,0.0
14,CrossEntropyLoss,RPS,0.13,0.88,2.08,1.08,1.0,1.0,2.926153846153846,0.12,0.0
14,CrossEntropyLoss,RPS,0.15000000000000002,0.85,1.77,0.77,1.0,1.0,2.7699999999999996,0.15,0.0
14,CrossEntropyLoss,RPS,0.18000000000000005,0.82,1.61,0.61,1.0,1.0,2.6099999999999994,0.18,0.0
14,CrossEntropyLoss,RPS,0.19999999999999996,0.8,1.58,0.58,1.0,1.0,2.5800000000000005,0.2,0.0
14,CrossEntropyLoss,OCDF,0.010000000000000009,0.98,5.07,4.07,1.0,1.0,8.069999999999997,0.02,0.0
14,CrossEntropyLoss,OCDF,0.020000000000000018,0.97,4.92,3.92,1.0,1.0,6.919999999999998,0.03,0.0
14,CrossEntropyLoss,OCDF,0.030000000000000027,0.94,4.85,3.85,1.0,1.0,7.849999999999997,0.06,0.0
14,CrossEntropyLoss,OCDF,0.050000000000000044,0.9,4.52,3.52,1.0,1.0,7.519999999999998,0.1,0.0
14,CrossEntropyLoss,OCDF,0.07999999999999996,0.85,4.26,3.26,1.0,1.0,7.0100000000000025,0.15,0.0
14,CrossEntropyLoss,OCDF,0.09999999999999998,0.84,4.08,3.08,1.0,1.0,6.28,0.16,0.0
14,CrossEntropyLoss,OCDF,0.13,0.84,4.02,3.02,1.0,1.0,5.481538461538462,0.16,0.0
14,CrossEntropyLoss,OCDF,0.15000000000000002,0.83,3.99,2.99,1.0,1.0,5.256666666666666,0.17,0.0
14,CrossEntropyLoss,OCDF,0.18000000000000005,0.82,3.81,2.81,1.0,1.0,4.809999999999999,0.18,0.0
14,CrossEntropyLoss,OCDF,0.19999999999999996,0.78,3.55,2.55,1.0,1.0,4.75,0.22,0.0
14,CrossEntropyLoss,APS,0.010000000000000009,0.97,5.09,4.61,1.0,1.0,4.61,0.03,0.45999999999999996
14,CrossEntropyLoss,APS,0.020000000000000018,0.95,4.67,4.33,1.0,1.0,5.329999999999999,0.05,0.54
14,CrossEntropyLoss,APS,0.030000000000000027,0.92,3.34,2.87,1.0,1.0,5.536666666666665,0.08,0.42000000000000004
14,CrossEntropyLoss,APS,0.050000000000000044,0.88,2.87,2.25,1.3333333333333333,5.0,4.649999999999999,0.16,0.28
14,CrossEntropyLoss,APS,0.07999999999999996,0.85,2.42,1.65,1.2666666666666666,5.0,3.9000000000000012,0.19,0.18000000000000005
14,CrossEntropyLoss,APS,0.09999999999999998,0.84,2.21,1.46,1.5,5.0,3.46,0.24,0.18000000000000005
14,CrossEntropyLoss,APS,0.13,0.84,2.13,1.34,1.5,5.0,2.878461538461538,0.24,0.16000000000000003
14,CrossEntropyLoss,APS,0.15000000000000002,0.84,2.04,1.21,1.5,5.0,2.5433333333333334,0.24,0.13
14,CrossEntropyLoss,APS,0.18000000000000005,0.81,1.95,1.11,1.4210526315789473,5.0,2.665555555555555,0.27,0.12
14,CrossEntropyLoss,APS,0.19999999999999996,0.81,1.94,1.09,1.4210526315789473,5.0,2.49,0.27,0.10999999999999999
14,CrossEntropyLoss,LAC,0.010000000000000009,0.98,5.39,4.64,1.0,1.0,4.64,0.02,0.20999999999999996
14,CrossEntropyLoss,LAC,0.020000000000000018,0.96,4.66,3.96,1.0,1.0,5.959999999999997,0.04,0.25
14,CrossEntropyLoss,LAC,0.030000000000000027,0.92,3.73,3.08,1.0,1.0,5.079999999999999,0.08,0.30000000000000004
14,CrossEntropyLoss,LAC,0.050000000000000044,0.89,2.74,1.94,1.0,1.0,4.339999999999998,0.11,0.17000000000000004
14,CrossEntropyLoss,LAC,0.07999999999999996,0.85,2.28,1.4,1.0,1.0,3.9000000000000012,0.15,0.10999999999999999
14,CrossEntropyLoss,LAC,0.09999999999999998,0.83,2.0,1.12,1.0,1.0,3.72,0.17,0.10999999999999999
14,CrossEntropyLoss,LAC,0.13,0.8,1.79,0.9,1.0,1.0,3.361538461538461,0.2,0.09999999999999998
14,CrossEntropyLoss,LAC,0.15000000000000002,0.8,1.68,0.79,1.0,1.0,2.9233333333333333,0.2,0.09999999999999998
14,CrossEntropyLoss,LAC,0.18000000000000005,0.77,1.61,0.7,1.0434782608695652,2.0,3.1444444444444435,0.24,0.07999999999999996
14,CrossEntropyLoss,LAC,0.19999999999999996,0.75,1.55,0.63,1.04,2.0,3.03,0.26,0.06999999999999995
15,CrossEntropyLoss,min-CPS,0.010000000000000009,1.0,4.81,3.81,,0.0,3.81,0.0,0.0
15,CrossEntropyLoss,min-CPS,0.020000000000000018,1.0,4.74,3.74,,0.0,3.74,0.0,0.0
15,CrossEntropyLoss,min-CPS,0.030000000000000027,0.99,4.15,3.15,1.0,1.0,3.8166666666666664,0.01,0.0
15,CrossEntropyLoss,min-CPS,0.050000000000000044,0.97,3.23,2.23,1.0,1.0,3.429999999999999,0.03,0.0
15,CrossEntropyLoss,min-CPS,0.07999999999999996,0.96,2.81,1.81,1.0,1.0,2.8100000000000005,0.04,0.0
15,CrossEntropyLoss,min-CPS,0.09999999999999998,0.95,2.59,1.59,1.0,1.0,2.59,0.05,0.0
15,CrossEntropyLoss,min-CPS,0.13,0.93,2.14,1.14,1.0,1.0,2.2169230769230768,0.07,0.0
15,CrossEntropyLoss,min-CPS,0.15000000000000002,0.88,1.97,0.97,1.0,1.0,2.57,0.12,0.0
15,CrossEntropyLoss,min-CPS,0.18000000000000005,0.88,1.96,0.96,1.0,1.0,2.293333333333333,0.12,0.0
15,CrossEntropyLoss,min-CPS,0.19999999999999996,0.9,1.82,0.82,1.0,1.0,1.82,0.1,0.0
15,CrossEntropyLoss,RPS,0.010000000000000009,1.0,3.5,2.5,,0.0,2.5,0.0,0.0
15,CrossEntropyLoss,RPS,0.020000000000000018,1.0,3.42,2.42,,0.0,2.42,0.0,0.0
15,CrossEntropyLoss,RPS,0.030000000000000027,1.0,3.3,2.3,,0.0,2.3,0.0,0.0
15,CrossEntropyLoss,RPS,0.050000000000000044,0.99,2.92,1.92,1.0,1.0,2.32,0.01,0.0
15,CrossEntropyLoss,RPS,0.07999999999999996,0.97,2.46,1.46,1.0,1.0,2.2100000000000004,0.03,0.0
15,CrossEntropyLoss,RPS,0.09999999999999998,0.97,2.43,1.43,1.0,1.0,2.03,0.03,0.0
15,CrossEntropyLoss,RPS,0.13,0.94,2.2,1.2,1.0,1.0,2.123076923076923,0.06,0.0
15,CrossEntropyLoss,RPS,0.15000000000000002,0.93,2.13,1.13,1.0,1.0,2.063333333333333,0.07,0.0
15,CrossEntropyLoss,RPS,0.18000000000000005,0.93,2.04,1.04,1.0,1.0,1.8177777777777777,0.07,0.0
15,CrossEntropyLoss,RPS,0.19999999999999996,0.89,1.74,0.74,1.0,1.0,1.84,0.11,0.0
15,CrossEntropyLoss,OCDF,0.010000000000000009,1.0,5.22,4.22,,0.0,4.22,0.0,0.0
15,CrossEntropyLoss,OCDF,0.020000000000000018,1.0,5.08,4.08,,0.0,4.08,0.0,0.0
15,CrossEntropyLoss,OCDF,0.030000000000000027,1.0,5.08,4.08,,0.0,4.08,0.0,0.0
15,CrossEntropyLoss,OCDF,0.050000000000000044,0.97,4.8,3.8,1.0,1.0,4.999999999999999,0.03,0.0
15,CrossEntropyLoss,OCDF,0.07999999999999996,0.96,4.6,3.6,1.0,1.0,4.6000000000000005,0.04,0.0
15,CrossEntropyLoss,OCDF,0.09999999999999998,0.96,4.55,3.55,1.0,1.0,4.35,0.04,0.0
15,CrossEntropyLoss,OCDF,0.13,0.92,4.29,3.29,1.0,1.0,4.520769230769231,0.08,0.0
15,CrossEntropyLoss,OCDF,0.15000000000000002,0.92,4.28,3.28,1.0,1.0,4.346666666666667,0.08,0.0
15,CrossEntropyLoss,OCDF,0.18000000000000005,0.89,4.0,3.0,1.0,1.0,4.222222222222221,0.11,0.0
15,CrossEntropyLoss,OCDF,0.19999999999999996,0.87,3.92,2.92,1.0,1.0,4.22,0.13,0.0
15,CrossEntropyLoss,APS,0.010000000000000009,1.0,5.8,4.89,,0.0,4.89,0.0,0.07999999999999996
15,CrossEntropyLoss,APS,0.020000000000000018,1.0,5.64,4.83,,0.0,4.83,0.0,0.17000000000000004
15,CrossEntropyLoss,APS,0.030000000000000027,0.96,5.0,4.66,1.0,1.0,4.66,0.04,0.6
15,CrossEntropyLoss,APS,0.050000000000000044,0.96,4.19,3.92,1.0,1.0,3.92,0.04,0.56
15,CrossEntropyLoss,APS,0.07999999999999996,0.94,3.16,2.69,1.6666666666666667,5.0,3.19,0.1,0.4
15,CrossEntropyLoss,APS,0.09999999999999998,0.9,2.51,1.79,1.8,5.0,2.59,0.18,0.19999999999999996
15,CrossEntropyLoss,APS,0.13,0.88,2.26,1.51,2.0,5.0,2.740769230769231,0.24,0.15000000000000002
15,CrossEntropyLoss,APS,0.15000000000000002,0.88,2.17,1.39,2.0,5.0,2.456666666666666,0.24,0.12
15,CrossEntropyLoss,APS,0.18000000000000005,0.86,2.0,1.22,2.7142857142857144,5.0,2.2199999999999993,0.38,0.09999999999999998
15,CrossEntropyLoss,APS,0.19999999999999996,0.84,1.95,1.17,2.75,5.0,2.27,0.44,0.09999999999999998
15,CrossEntropyLoss,LAC,0.010000000000000009,1.0,5.47,4.67,,0.0,4.67,0.0,0.16000000000000003
15,CrossEntropyLoss,LAC,0.020000000000000018,1.0,5.41,4.63,,0.0,4.63,0.0,0.18000000000000005
15,CrossEntropyLoss,LAC,0.030000000000000027,1.0,5.41,4.63,,0.0,4.63,0.0,0.18000000000000005
15,CrossEntropyLoss,LAC,0.050000000000000044,0.92,3.3,2.63,1.0,1.0,3.8299999999999987,0.08,0.27
15,CrossEntropyLoss,LAC,0.07999999999999996,0.92,2.6,1.79,1.0,1.0,3.0400000000000005,0.08,0.16000000000000003
15,CrossEntropyLoss,LAC,0.09999999999999998,0.91,2.38,1.54,1.0,1.0,2.74,0.09,0.12
15,CrossEntropyLoss,LAC,0.13,0.9,2.25,1.41,1.0,1.0,2.4869230769230772,0.1,0.12
15,CrossEntropyLoss,LAC,0.15000000000000002,0.89,2.11,1.25,1.0,1.0,2.4499999999999997,0.11,0.10999999999999999
15,CrossEntropyLoss,LAC,0.18000000000000005,0.89,1.93,1.05,1.0,1.0,2.0499999999999994,0.11,0.08999999999999997
15,CrossEntropyLoss,LAC,0.19999999999999996,0.89,1.88,1.0,1.0,1.0,1.9,0.11,0.08999999999999997
16,CrossEntropyLoss,min-CPS,0.010000000000000009,1.0,4.82,3.82,,0.0,3.82,0.0,0.0
16,CrossEntropyLoss,min-CPS,0.020000000000000018,0.99,4.38,3.38,1.0,1.0,4.379999999999999,0.01,0.0
16,CrossEntropyLoss,min-CPS,0.030000000000000027,0.96,3.34,2.34,1.0,1.0,5.006666666666664,0.04,0.0
16,CrossEntropyLoss,min-CPS,0.050000000000000044,0.96,3.24,2.24,1.0,1.0,3.839999999999999,0.04,0.0
16,CrossEntropyLoss,min-CPS,0.07999999999999996,0.93,2.75,1.75,1.0,1.0,3.5000000000000013,0.07,0.0
16,CrossEntropyLoss,min-CPS,0.09999999999999998,0.92,2.49,1.49,1.0,1.0,3.09,0.08,0.0
16,CrossEntropyLoss,min-CPS,0.13,0.85,2.05,1.05,1.0666666666666667,2.0,3.5115384615384606,0.16,0.0
16,CrossEntropyLoss,min-CPS,0.15000000000000002,0.85,2.04,1.04,1.0666666666666667,2.0,3.1733333333333333,0.16,0.0
16,CrossEntropyLoss,min-CPS,0.18000000000000005,0.85,1.76,0.76,1.0666666666666667,2.0,2.5377777777777775,0.16,0.0
16,CrossEntropyLoss,min-CPS,0.19999999999999996,0.83,1.75,0.75,1.0588235294117647,2.0,2.55,0.18,0.0
16,CrossEntropyLoss,RPS,0.010000000000000009,0.99,3.42,2.42,1.0,1.0,4.419999999999998,0.01,0.0
16,CrossEntropyLoss,RPS,0.020000000000000018,0.99,3.28,2.28,1.0,1.0,3.279999999999999,0.01,0.0
16,CrossEntropyLoss,RPS,0.030000000000000027,0.96,2.81,1.81,1.0,1.0,4.476666666666665,0.04,0.0
16,CrossEntropyLoss,RPS,0.050000000000000044,0.95,2.58,1.58,1.0,1.0,3.5799999999999983,0.05,0.0
16,CrossEntropyLoss,RPS,0.07999999999999996,0.92,2.38,1.38,1.0,1.0,3.3800000000000012,0.08,0.0
16,CrossEntropyLoss,RPS,0.09999999999999998,0.91,2.27,1.27,1.0,1.0,3.07,0.09,0.0
16,CrossEntropyLoss,RPS,0.13,0.87,1.94,0.94,1.0,1.0,2.94,0.13,0.0
16,CrossEntropyLoss,RPS,0.15000000000000002,0.85,1.79,0.79,1.0,1.0,2.79,0.15,0.0
16,CrossEntropyLoss,RPS,0.18000000000000005,0.82,1.59,0.59,1.0555555555555556,2.0,2.70111111111111,0.19,0.0
16,CrossEntropyLoss,RPS,0.19999999999999996,0.82,1.58,0.58,1.0555555555555556,2.0,2.48,0.19,0.0
16,CrossEntropyLoss,OCDF,0.010000000000000009,1.0,5.3,4.3,,0.0,4.3,0.0,0.0
16,CrossEntropyLoss,OCDF,0.020000000000000018,0.96,4.92,3.92,1.0,1.0,7.919999999999996,0.04,0.0
16,CrossEntropyLoss,OCDF,0.030000000000000027,0.96,4.85,3.85,1.25,2.0,7.183333333333332,0.05,0.0
16,CrossEntropyLoss,OCDF,0.050000000000000044,0.95,4.57,3.57,1.2,2.0,5.969999999999998,0.06,0.0
16,CrossEntropyLoss,OCDF,0.07999999999999996,0.95,4.52,3.52,1.2,2.0,5.020000000000001,0.06,0.0
16,CrossEntropyLoss,OCDF,0.09999999999999998,0.95,4.5,3.5,1.2,2.0,4.7,0.06,0.0
16,CrossEntropyLoss,OCDF,0.13,0.94,4.38,3.38,1.1666666666666667,2.0,4.456923076923077,0.07,0.0
16,CrossEntropyLoss,OCDF,0.15000000000000002,0.88,4.08,3.08,1.0833333333333333,2.0,4.8133333333333335,0.13,0.0
16,CrossEntropyLoss,OCDF,0.18000000000000005,0.84,3.93,2.93,1.0625,2.0,4.818888888888888,0.17,0.0
16,CrossEntropyLoss,OCDF,0.19999999999999996,0.84,3.84,2.84,1.0625,2.0,4.54,0.17,0.0
16,CrossEntropyLoss,APS,0.010000000000000009,0.99,5.79,4.9,1.0,1.0,4.9,0.01,0.10999999999999999
16,CrossEntropyLoss,APS,0.020000000000000018,0.98,5.43,4.75,1.0,1.0,4.75,0.02,0.29000000000000004
16,CrossEntropyLoss,APS,0.030000000000000027,0.97,4.92,4.46,1.0,1.0,5.126666666666666,0.03,0.44999999999999996
16,CrossEntropyLoss,APS,0.050000000000000044,0.93,3.3,2.8,1.0,1.0,3.9999999999999987,0.07,0.38
16,CrossEntropyLoss,APS,0.07999999999999996,0.92,2.86,2.23,1.0,1.0,2.9800000000000004,0.08,0.28
16,CrossEntropyLoss,APS,0.09999999999999998,0.89,2.35,1.59,1.0,1.0,2.99,0.11,0.17000000000000004
16,CrossEntropyLoss,APS,0.13,0.86,2.08,1.26,1.0,1.0,2.9523076923076923,0.14,0.12
16,CrossEntropyLoss,APS,0.15000000000000002,0.83,2.02,1.21,1.2352941176470589,5.0,2.9433333333333334,0.21,0.12
16,CrossEntropyLoss,APS,0.18000000000000005,0.8,1.86,1.04,1.4,5.0,3.1511111111111103,0.28,0.10999999999999999
16,CrossEntropyLoss,APS,0.19999999999999996,0.8,1.85,1.03,1.4,5.0,2.93,0.28,0.10999999999999999
16,CrossEntropyLoss,LAC,0.010000000000000009,0.98,5.36,4.55,1.0,1.0,4.55,0.02,0.16000000000000003
16,CrossEntropyLoss,LAC,0.020000000000000018,0.97,4.94,4.15,1.0,1.0,6.149999999999998,0.03,0.18000000000000005
16,CrossEntropyLoss,LAC,0.030000000000000027,0.97,4.75,3.97,1.0,1.0,5.303333333333333,0.03,0.19999999999999996
16,CrossEntropyLoss,LAC,0.050000000000000044,0.93,3.53,2.78,1.0,1.0,3.9799999999999986,0.07,0.18000000000000005
16,CrossEntropyLoss,LAC,0.07999999999999996,0.9,2.69,1.9,1.0,1.0,3.4000000000000012,0.1,0.15000000000000002
16,CrossEntropyLoss,LAC,0.09999999999999998,0.89,2.45,1.64,1.0,1.0,3.04,0.11,0.15000000000000002
16,CrossEntropyLoss,LAC,0.13,0.88,2.35,1.52,1.0833333333333333,2.0,2.9046153846153846,0.13,0.13
16,CrossEntropyLoss,LAC,0.15000000000000002,0.88,2.03,1.13,1.0833333333333333,2.0,2.5966666666666662,0.13,0.07999999999999996
16,CrossEntropyLoss,LAC,0.18000000000000005,0.81,1.65,0.73,1.0526315789473684,2.0,2.8411111111111107,0.2,0.050000000000000044
16,CrossEntropyLoss,LAC,0.19999999999999996,0.79,1.63,0.72,1.0476190476190477,2.0,2.72,0.22,0.06000000000000005
17,CrossEntropyLoss,min-CPS,0.010000000000000009,0.99,4.5,3.5,1.0,1.0,5.499999999999997,0.01,0.0
17,CrossEntropyLoss,min-CPS,0.020000000000000018,0.99,4.43,3.43,1.0,1.0,4.429999999999999,0.01,0.0
17,CrossEntropyLoss,min-CPS,0.030000000000000027,0.96,3.25,2.25,1.0,1.0,4.916666666666664,0.04,0.0
17,CrossEntropyLoss,min-CPS,0.050000000000000044,0.96,3.17,2.17,1.0,1.0,3.7699999999999987,0.04,0.0
17,CrossEntropyLoss,min-CPS,0.07999999999999996,0.85,2.1,1.1,1.0,1.0,4.850000000000002,0.15,0.0
17,CrossEntropyLoss,min-CPS,0.09999999999999998,0.79,1.95,0.95,1.0,1.0,5.150000000000001,0.21,0.0
17,CrossEntropyLoss,min-CPS,0.13,0.79,1.73,0.73,1.0476190476190477,2.0,4.114615384615384,0.22,0.0
17,CrossEntropyLoss,min-CPS,0.15000000000000002,0.79,1.72,0.72,1.0476190476190477,2.0,3.6533333333333333,0.22,0.0
17,CrossEntropyLoss,min-CPS,0.18000000000000005,0.75,1.56,0.56,1.08,2.0,3.5599999999999987,0.27,0.0
17,CrossEntropyLoss,min-CPS,0.19999999999999996,0.75,1.53,0.53,1.08,2.0,3.23,0.27,0.0
17,CrossEntropyLoss,RPS,0.010000000000000009,1.0,3.53,2.53,,0.0,2.53,0.0,0.0
17,CrossEntropyLoss,RPS,0.020000000000000018,0.97,3.24,2.24,1.0,1.0,5.2399999999999975,0.03,0.0
17,CrossEntropyLoss,RPS,0.030000000000000027,0.97,2.95,1.95,1.0,1.0,3.949999999999999,0.03,0.0
17,CrossEntropyLoss,RPS,0.050000000000000044,0.96,2.63,1.63,1.0,1.0,3.2299999999999986,0.04,0.0
17,CrossEntropyLoss,RPS,0.07999999999999996,0.87,2.16,1.16,1.0,1.0,4.410000000000002,0.13,0.0
17,CrossEntropyLoss,RPS,0.09999999999999998,0.86,2.12,1.12,1.0,1.0,3.92,0.14,0.0
17,CrossEntropyLoss,RPS,0.13,0.8,1.64,0.64,1.05,2.0,3.8707692307692296,0.21,0.0
17,CrossEntropyLoss,RPS,0.15000000000000002,0.77,1.58,0.58,1.0434782608695652,2.0,3.78,0.24,0.0
17,CrossEntropyLoss,RPS,0.18000000000000005,0.71,1.44,0.45,1.1724137931034482,5.0,4.005555555555555,0.34,0.0
17,CrossEntropyLoss,RPS,0.19999999999999996,0.7,1.39,0.4,1.2,5.0,3.800000000000001,0.36,0.0
17,CrossEntropyLoss,OCDF,0.010000000000000009,0.99,5.22,4.22,1.0,1.0,6.219999999999998,0.01,0.0
17,CrossEntropyLoss,OCDF,0.020000000000000018,0.99,5.19,4.19,1.0,1.0,5.189999999999999,0.01,0.0
17,CrossEntropyLoss,OCDF,0.030000000000000027,0.97,5.01,4.01,1.0,1.0,6.009999999999999,0.03,0.0
17,CrossEntropyLoss,OCDF,0.050000000000000044,0.94,4.67,3.67,1.0,1.0,6.069999999999998,0.06,0.0
17,CrossEntropyLoss,OCDF,0.07999999999999996,0.94,4.63,3.63,1.0,1.0,5.130000000000001,0.06,0.0
17,CrossEntropyLoss,OCDF,0.09999999999999998,0.93,4.48,3.48,1.0,1.0,4.88,0.07,0.0
17,CrossEntropyLoss,OCDF,0.13,0.88,4.31,3.31,1.0,1.0,5.156153846153846,0.12,0.0
17,CrossEntropyLoss,OCDF,0.15000000000000002,0.84,4.1,3.1,1.0,1.0,5.2333333333333325,0.16,0.0
17,CrossEntropyLoss,OCDF,0.18000000000000005,0.81,3.9,2.9,1.0,1.0,5.011111111111111,0.19,0.0
17,CrossEntropyLoss,OCDF,0.19999999999999996,0.76,3.63,2.63,1.0,1.0,5.03,0.24,0.0
17,CrossEntropyLoss,APS,0.010000000000000009,1.0,5.94,4.98,,0.0,4.98,0.0,0.040000000000000036
17,CrossEntropyLoss,APS,0.020000000000000018,1.0,5.91,4.97,,0.0,4.97,0.0,0.06000000000000005
17,CrossEntropyLoss,APS,0.030000000000000027,1.0,5.71,4.92,,0.0,4.92,0.0,0.20999999999999996
17,CrossEntropyLoss,APS,0.050000000000000044,0.97,4.32,4.07,1.0,1.0,4.07,0.03,0.55
17,CrossEntropyLoss,APS,0.07999999999999996,0.92,3.02,2.48,1.0,1.0,3.4800000000000004,0.08,0.33999999999999997
17,CrossEntropyLoss,APS,0.09999999999999998,0.81,1.99,1.19,1.631578947368421,5.0,4.59,0.31,0.12
17,CrossEntropyLoss,APS,0.13,0.78,1.82,0.95,1.5454545454545454,5.0,4.026923076923076,0.34,0.07999999999999996
17,CrossEntropyLoss,APS,0.15000000000000002,0.76,1.8,0.94,1.6666666666666667,5.0,3.873333333333333,0.4,0.07999999999999996
17,CrossEntropyLoss,APS,0.18000000000000005,0.74,1.71,0.85,1.6153846153846154,5.0,3.5166666666666657,0.42,0.07999999999999996
17,CrossEntropyLoss,APS,0.19999999999999996,0.74,1.71,0.85,1.6153846153846154,5.0,3.25,0.42,0.07999999999999996
17,CrossEntropyLoss,LAC,0.010000000000000009,1.0,5.53,4.77,,0.0,4.77,0.0,0.18000000000000005
17,CrossEntropyLoss,LAC,0.020000000000000018,0.97,4.9,4.28,1.0,1.0,5.2799999999999985,0.03,0.29000000000000004
17,CrossEntropyLoss,LAC,0.030000000000000027,0.97,4.69,4.05,1.0,1.0,4.716666666666666,0.03,0.28
17,CrossEntropyLoss,LAC,0.050000000000000044,0.93,3.39,2.7,1.0,1.0,3.899999999999999,0.07,0.22999999999999998
17,CrossEntropyLoss,LAC,0.07999999999999996,0.89,2.48,1.64,1.0,1.0,3.640000000000001,0.11,0.12
17,CrossEntropyLoss,LAC,0.09999999999999998,0.89,2.38,1.53,1.0,1.0,3.13,0.11,0.12
17,CrossEntropyLoss,LAC,0.13,0.81,1.85,0.98,1.0,1.0,3.5953846153846154,0.19,0.09999999999999998
17,CrossEntropyLoss,LAC,0.15000000000000002,0.79,1.65,0.78,1.0476190476190477,2.0,3.4466666666666663,0.22,0.09999999999999998
17,CrossEntropyLoss,LAC,0.18000000000000005,0.79,1.64,0.76,1.0476190476190477,2.0,3.0933333333333324,0.22,0.08999999999999997
17,CrossEntropyLoss,LAC,0.19999999999999996,0.78,1.62,0.72,1.0454545454545454,2.0,2.92,0.23,0.07999999999999996
18,CrossEntropyLoss,min-CPS,0.010000000000000009,0.99,4.43,3.43,1.0,1.0,5.429999999999998,0.01,0.0
18,CrossEntropyLoss,min-CPS,0.020000000000000018,0.99,4.35,3.35,1.0,1.0,4.349999999999999,0.01,0.0
18,CrossEntropyLoss,min-CPS,0.030000000000000027,0.99,4.14,3.14,1.0,1.0,3.806666666666666,0.01,0.0
18,CrossEntropyLoss,min-CPS,0.050000000000000044,0.94,2.97,1.97,1.0,1.0,4.369999999999998,0.06,0.0
18,CrossEntropyLoss,min-CPS,0.07999999999999996,0.91,2.38,1.38,1.0,1.0,3.6300000000000012,0.09,0.0
18,CrossEntropyLoss,min-CPS,0.09999999999999998,0.92,2.33,1.33,1.0,1.0,2.93,0.08,0.0
18,CrossEntropyLoss,min-CPS,0.13,0.87,2.05,1.05,1.0,1.0,3.0499999999999994,0.13,0.0
18,CrossEntropyLoss,min-CPS,0.15000000000000002,0.87,1.98,0.98,1.0769230769230769,2.0,2.8466666666666662,0.14,0.0
18,CrossEntropyLoss,min-CPS,0.18000000000000005,0.86,1.68,0.68,1.1428571428571428,2.0,2.4577777777777774,0.16,0.0
18,CrossEntropyLoss,min-CPS,0.19999999999999996,0.85,1.65,0.65,1.1333333333333333,2.0,2.35,0.17,0.0
18,CrossEntropyLoss,RPS,0.010000000000000009,0.99,3.45,2.45,1.0,1.0,4.449999999999998,0.01,0.0
18,CrossEntropyLoss,RPS,0.020000000000000018,0.98,3.24,2.24,1.0,1.0,4.239999999999998,0.02,0.0
18,CrossEntropyLoss,RPS,0.030000000000000027,0.98,3.24,2.24,1.0,1.0,3.5733333333333324,0.02,0.0
18,CrossEntropyLoss,RPS,0.050000000000000044,0.97,2.63,1.63,1.0,1.0,2.8299999999999987,0.03,0.0
18,CrossEntropyLoss,RPS,0.07999999999999996,0.95,2.37,1.37,1.0,1.0,2.620000000000001,0.05,0.0
18,CrossEntropyLoss,RPS,0.09999999999999998,0.93,2.26,1.26,1.0,1.0,2.66,0.07,0.0
18,CrossEntropyLoss,RPS,0.13,0.88,2.04,1.04,1.0,1.0,2.8861538461538454,0.12,0.0
18,CrossEntropyLoss,RPS,0.15000000000000002,0.85,1.8,0.8,1.0,1.0,2.7999999999999994,0.15,0.0
18,CrossEntropyLoss,RPS,0.18000000000000005,0.83,1.6,0.6,1.0588235294117647,2.0,2.5999999999999996,0.18,0.0
18,CrossEntropyLoss,RPS,0.19999999999999996,0.81,1.55,0.55,1.0526315789473684,2.0,2.5500000000000003,0.2,0.0
18,CrossEntropyLoss,OCDF,0.010000000000000009,0.99,5.08,4.08,1.0,1.0,6.079999999999997,0.01,0.0
18,CrossEntropyLoss,OCDF,0.020000000000000018,0.97,4.93,3.93,1.0,1.0,6.929999999999998,0.03,0.0
18,CrossEntropyLoss,OCDF,0.030000000000000027,0.95,4.82,3.82,1.2,2.0,7.819999999999997,0.06,0.0
18,CrossEntropyLoss,OCDF,0.050000000000000044,0.95,4.59,3.59,1.2,2.0,5.9899999999999975,0.06,0.0
18,CrossEntropyLoss,OCDF,0.07999999999999996,0.94,4.53,3.53,1.1666666666666667,2.0,5.280000000000001,0.07,0.0
18,CrossEntropyLoss,OCDF,0.09999999999999998,0.94,4.45,3.45,1.1666666666666667,2.0,4.85,0.07,0.0
18,CrossEntropyLoss,OCDF,0.13,0.91,4.29,3.29,1.1111111111111112,2.0,4.828461538461539,0.1,0.0
18,CrossEntropyLoss,OCDF,0.15000000000000002,0.85,4.05,3.05,1.0666666666666667,2.0,5.183333333333333,0.16,0.0
18,CrossEntropyLoss,OCDF,0.18000000000000005,0.84,3.98,2.98,1.0625,2.0,4.868888888888889,0.17,0.0
18,CrossEntropyLoss,OCDF,0.19999999999999996,0.82,3.81,2.81,1.0555555555555556,2.0,4.71,0.19,0.0
18,CrossEntropyLoss,APS,0.010000000000000009,1.0,5.91,4.99,,0.0,4.99,0.0,0.07999999999999996
18,CrossEntropyLoss,APS,0.020000000000000018,1.0,5.88,4.98,,0.0,4.98,0.0,0.09999999999999998
18,CrossEntropyLoss,APS,0.030000000000000027,1.0,5.68,4.9,,0.0,4.9,0.0,0.19999999999999996
18,CrossEntropyLoss,APS,0.050000000000000044,1.0,5.07,4.66,,0.0,4.66,0.0,0.52
18,CrossEntropyLoss,APS,0.07999999999999996,0.99,4.26,3.96,1.0,1.0,3.96,0.01,0.5
18,CrossEntropyLoss,APS,0.09999999999999998,0.93,2.6,1.9,1.0,1.0,3.1,0.07,0.25
18,CrossEntropyLoss,APS,0.13,0.89,2.44,1.73,1.7272727272727273,5.0,3.576153846153846,0.19,0.21999999999999997
18,CrossEntropyLoss,APS,0.15000000000000002,0.86,2.09,1.28,2.142857142857143,5.0,3.413333333333333,0.3,0.14
18,CrossEntropyLoss,APS,0.18000000000000005,0.82,1.81,0.96,1.8888888888888888,5.0,3.182222222222222,0.34,0.09999999999999998
18,CrossEntropyLoss,APS,0.19999999999999996,0.81,1.75,0.93,2.0526315789473686,5.0,3.03,0.39,0.10999999999999999
18,CrossEntropyLoss,LAC,0.010000000000000009,1.0,5.4,4.66,,0.0,4.66,0.0,0.18999999999999995
18,CrossEntropyLoss,LAC,0.020000000000000018,1.0,5.33,4.58,,0.0,4.58,0.0,0.19999999999999996
18,CrossEntropyLoss,LAC,0.030000000000000027,0.99,5.1,4.45,1.0,1.0,4.45,0.01,0.26
18,CrossEntropyLoss,LAC,0.050000000000000044,0.98,4.5,3.81,1.0,1.0,4.209999999999999,0.02,0.25
18,CrossEntropyLoss,LAC,0.07999999999999996,0.94,3.07,2.33,1.0,1.0,3.33,0.06,0.20999999999999996
18,CrossEntropyLoss,LAC,0.09999999999999998,0.94,2.72,1.89,1.0,1.0,2.89,0.06,0.14
18,CrossEntropyLoss,LAC,0.13,0.92,2.34,1.5,1.0,1.0,2.5769230769230775,0.08,0.13
18,CrossEntropyLoss,LAC,0.15000000000000002,0.89,2.1,1.23,1.0909090909090908,2.0,2.8299999999999996,0.12,0.09999999999999998
18,CrossEntropyLoss,LAC,0.18000000000000005,0.87,1.91,1.05,1.0769230769230769,2.0,2.6055555555555547,0.14,0.09999999999999998
18,CrossEntropyLoss,LAC,0.19999999999999996,0.85,1.66,0.77,1.0666666666666667,2.0,2.37,0.16,0.07999999999999996
19,CrossEntropyLoss,min-CPS,0.010000000000000009,0.99,4.6,3.6,1.0,1.0,5.599999999999998,0.01,0.0
19,CrossEntropyLoss,min-CPS,0.020000000000000018,0.99,4.53,3.53,1.0,1.0,4.5299999999999985,0.01,0.0
19,CrossEntropyLoss,min-CPS,0.030000000000000027,0.99,4.33,3.33,1.0,1.0,3.996666666666666,0.01,0.0
19,CrossEntropyLoss,min-CPS,0.050000000000000044,0.97,3.43,2.43,1.0,1.0,3.629999999999999,0.03,0.0
19,CrossEntropyLoss,min-CPS,0.07999999999999996,0.95,2.9,1.9,1.0,1.0,3.1500000000000004,0.05,0.0
19,CrossEntropyLoss,min-CPS,0.09999999999999998,0.95,2.8,1.8,1.0,1.0,2.8,0.05,0.0
19,CrossEntropyLoss,min-CPS,0.13,0.95,2.62,1.62,1.0,1.0,2.3892307692307693,0.05,0.0
19,CrossEntropyLoss,min-CPS,0.15000000000000002,0.93,2.3,1.3,1.0,1.0,2.233333333333333,0.07,0.0
19,CrossEntropyLoss,min-CPS,0.18000000000000005,0.89,2.11,1.11,1.0,1.0,2.332222222222222,0.11,0.0
19,CrossEntropyLoss,min-CPS,0.19999999999999996,0.89,2.1,1.1,1.0,1.0,2.2,0.11,0.0
19,CrossEntropyLoss,RPS,0.010000000000000009,1.0,3.56,2.56,,0.0,2.56,0.0,0.0
19,CrossEntropyLoss,RPS,0.020000000000000018,1.0,3.44,2.44,,0.0,2.44,0.0,0.0
19,CrossEntropyLoss,RPS,0.030000000000000027,0.99,3.23,2.23,1.0,1.0,2.8966666666666665,0.01,0.0
19,CrossEntropyLoss,RPS,0.050000000000000044,0.97,2.72,1.72,1.0,1.0,2.919999999999999,0.03,0.0
19,CrossEntropyLoss,RPS,0.07999999999999996,0.95,2.45,1.45,1.0,1.0,2.7000000000000006,0.05,0.0
19,CrossEntropyLoss,RPS,0.09999999999999998,0.93,2.35,1.35,1.0,1.0,2.75,0.07,0.0
19,CrossEntropyLoss,RPS,0.13,0.93,2.28,1.28,1.0,1.0,2.356923076923077,0.07,0.0
19,CrossEntropyLoss,RPS,0.15000000000000002,0.91,2.17,1.17,1.0,1.0,2.37,0.09,0.0
19,CrossEntropyLoss,RPS,0.18000000000000005,0.91,1.92,0.92,1.0,1.0,1.9199999999999997,0.09,0.0
19,CrossEntropyLoss,RPS,0.19999999999999996,0.89,1.79,0.79,1.0,1.0,1.89,0.11,0.0
19,CrossEntropyLoss,OCDF,0.010000000000000009,1.0,5.38,4.38,,0.0,4.38,0.0,0.0
19,CrossEntropyLoss,OCDF,0.020000000000000018,1.0,5.27,4.27,,0.0,4.27,0.0,0.0
19,CrossEntropyLoss,OCDF,0.030000000000000027,1.0,5.25,4.25,,0.0,4.25,0.0,0.0
19,CrossEntropyLoss,OCDF,0.050000000000000044,0.98,4.95,3.95,1.0,1.0,4.749999999999999,0.02,0.0
19,CrossEntropyLoss,OCDF,0.07999999999999996,0.95,4.59,3.59,1.0,1.0,4.840000000000001,0.05,0.0
19,CrossEntropyLoss,OCDF,0.09999999999999998,0.95,4.56,3.56,1.0,1.0,4.56,0.05,0.0
19,CrossEntropyLoss,OCDF,0.13,0.95,4.43,3.43,1.0,1.0,4.199230769230769,0.05,0.0
19,CrossEntropyLoss,OCDF,0.15000000000000002,0.92,4.34,3.34,1.0,1.0,4.406666666666666,0.08,0.0
19,CrossEntropyLoss,OCDF,0.18000000000000005,0.92,4.18,3.18,1.0,1.0,4.068888888888889,0.08,0.0
19,CrossEntropyLoss,OCDF,0.19999999999999996,0.9,4.1,3.1,1.0,1.0,4.1,0.1,0.0
19,CrossEntropyLoss,APS,0.010000000000000009,0.99,5.61,4.85,1.0,1.0,4.85,0.01,0.21999999999999997
19,CrossEntropyLoss,APS,0.020000000000000018,0.98,5.15,4.69,1.0,1.0,4.69,0.02,0.47
19,CrossEntropyLoss,APS,0.030000000000000027,0.97,4.88,4.53,1.0,1.0,4.53,0.03,0.53
19,CrossEntropyLoss,APS,0.050000000000000044,0.93,3.11,2.6,1.0,1.0,3.799999999999999,0.07,0.31999999999999995
19,CrossEntropyLoss,APS,0.07999999999999996,0.9,2.67,2.01,1.0,1.0,3.0100000000000007,0.1,0.25
19,CrossEntropyLoss,APS,0.09999999999999998,0.89,2.55,1.89,1.3636363636363635,5.0,2.69,0.15,0.24
19,CrossEntropyLoss,APS,0.13,0.89,2.43,1.73,1.3636363636363635,5.0,2.3453846153846154,0.15,0.20999999999999996
19,CrossEntropyLoss,APS,0.15000000000000002,0.88,2.3,1.57,1.3333333333333333,5.0,2.2366666666666664,0.16,0.18999999999999995
19,CrossEntropyLoss,APS,0.18000000000000005,0.84,2.01,1.27,1.75,5.0,2.714444444444444,0.28,0.16000000000000003
19,CrossEntropyLoss,APS,0.19999999999999996,0.81,1.93,1.19,1.8421052631578947,5.0,2.89,0.35,0.15000000000000002
19,CrossEntropyLoss,LAC,0.010000000000000009,1.0,5.51,4.7,,0.0,4.7,0.0,0.16000000000000003
19,CrossEntropyLoss,LAC,0.020000000000000018,1.0,5.48,4.66,,0.0,4.66,0.0,0.17000000000000004
19,CrossEntropyLoss,LAC,0.030000000000000027,0.98,5.02,4.42,1.0,1.0,4.42,0.02,0.31999999999999995
19,CrossEntropyLoss,LAC,0.050000000000000044,0.98,4.68,4.09,1.0,1.0,4.09,0.02,0.32999999999999996
19,CrossEntropyLoss,LAC,0.07999999999999996,0.91,2.78,2.03,1.0,1.0,2.7800000000000007,0.09,0.18000000000000005
19,CrossEntropyLoss,LAC,0.09999999999999998,0.89,2.57,1.79,1.0,1.0,2.79,0.11,0.17000000000000004
19,CrossEntropyLoss,LAC,0.13,0.89,2.48,1.71,1.0,1.0,2.479230769230769,0.11,0.17000000000000004
19,CrossEntropyLoss,LAC,0.15000000000000002,0.89,2.27,1.46,1.0,1.0,2.393333333333333,0.11,0.15000000000000002
19,CrossEntropyLoss,LAC,0.18000000000000005,0.89,2.08,1.26,1.0,1.0,2.0377777777777775,0.11,0.13
19,CrossEntropyLoss,LAC,0.19999999999999996,0.86,1.78,0.95,1.0,1.0,1.95,0.14,0.12
20,CrossEntropyLoss,min-CPS,0.010000000000000009,0.99,4.4,3.4,1.0,1.0,5.399999999999998,0.01,0.0
20,CrossEntropyLoss,min-CPS,0.020000000000000018,0.96,3.6,2.6,1.0,1.0,6.599999999999997,0.04,0.0
20,CrossEntropyLoss,min-CPS,0.030000000000000027,0.95,3.23,2.23,1.0,1.0,5.56333333333333,0.05,0.0
20,CrossEntropyLoss,min-CPS,0.050000000000000044,0.94,2.92,1.92,1.0,1.0,4.319999999999998,0.06,0.0
20,CrossEntropyLoss,min-CPS,0.07999999999999996,0.93,2.65,1.65,1.0,1.0,3.4000000000000012,0.07,0.0
20,CrossEntropyLoss,min-CPS,0.09999999999999998,0.91,2.12,1.12,1.0,1.0,2.92,0.09,0.0
20,CrossEntropyLoss,min-CPS,0.13,0.85,1.98,0.98,1.0666666666666667,2.0,3.4415384615384608,0.16,0.0
20,CrossEntropyLoss,min-CPS,0.15000000000000002,0.85,1.79,0.79,1.0666666666666667,2.0,2.9233333333333325,0.16,0.0
20,CrossEntropyLoss,min-CPS,0.18000000000000005,0.84,1.7,0.7,1.0625,2.0,2.588888888888888,0.17,0.0
20,CrossEntropyLoss,min-CPS,0.19999999999999996,0.83,1.68,0.68,1.0588235294117647,2.0,2.48,0.18,0.0
20,CrossEntropyLoss,RPS,0.010000000000000009,0.99,3.42,2.42,1.0,1.0,4.419999999999998,0.01,0.0
20,CrossEntropyLoss,RPS,0.020000000000000018,0.99,3.28,2.28,1.0,1.0,3.279999999999999,0.01,0.0
20,CrossEntropyLoss,RPS,0.030000000000000027,0.98,3.14,2.14,1.0,1.0,3.4733333333333327,0.02,0.0
20,CrossEntropyLoss,RPS,0.050000000000000044,0.96,2.61,1.61,1.0,1.0,3.209999999999998,0.04,0.0
20,CrossEntropyLoss,RPS,0.07999999999999996,0.93,2.37,1.37,1.0,1.0,3.1200000000000006,0.07,0.0
20,CrossEntropyLoss,RPS,0.09999999999999998,0.91,2.22,1.22,1.0,1.0,3.02,0.09,0.0
20,CrossEntropyLoss,RPS,0.13,0.89,2.1,1.1,1.0,1.0,2.7923076923076917,0.11,0.0
20,CrossEntropyLoss,RPS,0.15000000000000002,0.86,1.83,0.83,1.0,1.0,2.6966666666666668,0.14,0.0
20,CrossEntropyLoss,RPS,0.18000000000000005,0.84,1.61,0.61,1.0625,2.0,2.4988888888888887,0.17,0.0
20,CrossEntropyLoss,RPS,0.19999999999999996,0.83,1.59,0.59,1.0588235294117647,2.0,2.39,0.18,0.0
20,CrossEntropyLoss,OCDF,0.010000000000000009,1.0,5.24,4.24,,0.0,4.24,0.0,0.0
20,CrossEntropyLoss,OCDF,0.020000000000000018,1.0,5.1,4.1,,0.0,4.1,0.0,0.0
20,CrossEntropyLoss,OCDF,0.030000000000000027,0.99,4.91,3.91,1.0,1.0,4.576666666666666,0.01,0.0
20,CrossEntropyLoss,OCDF,0.050000000000000044,0.95,4.53,3.53,1.2,2.0,5.929999999999998,0.06,0.0
20,CrossEntropyLoss,OCDF,0.07999999999999996,0.94,4.45,3.45,1.1666666666666667,2.0,5.200000000000001,0.07,0.0
20,CrossEntropyLoss,OCDF,0.09999999999999998,0.89,4.17,3.17,1.0909090909090908,2.0,5.57,0.12,0.0
20,CrossEntropyLoss,OCDF,0.13,0.87,3.98,2.98,1.0769230769230769,2.0,5.133846153846154,0.14,0.0
20,CrossEntropyLoss,OCDF,0.15000000000000002,0.84,3.93,2.93,1.0625,2.0,5.196666666666665,0.17,0.0
20,CrossEntropyLoss,OCDF,0.18000000000000005,0.83,3.81,2.81,1.0588235294117647,2.0,4.809999999999999,0.18,0.0
20,CrossEntropyLoss,OCDF,0.19999999999999996,0.83,3.77,2.77,1.0588235294117647,2.0,4.57,0.18,0.0
20,CrossEntropyLoss,APS,0.010000000000000009,1.0,5.84,4.95,,0.0,4.95,0.0,0.10999999999999999
20,CrossEntropyLoss,APS,0.020000000000000018,0.99,5.23,4.71,1.0,1.0,4.71,0.01,0.4
20,CrossEntropyLoss,APS,0.030000000000000027,0.96,4.77,4.44,1.0,1.0,4.44,0.04,0.53
20,CrossEntropyLoss,APS,0.050000000000000044,0.96,3.83,3.46,1.0,1.0,4.26,0.04,0.48
20,CrossEntropyLoss,APS,0.07999999999999996,0.91,2.8,2.17,1.4444444444444444,5.0,3.6700000000000004,0.13,0.25
20,CrossEntropyLoss,APS,0.09999999999999998,0.88,2.43,1.69,1.3333333333333333,5.0,3.69,0.16,0.18000000000000005
20,CrossEntropyLoss,APS,0.13,0.88,2.28,1.56,1.3333333333333333,5.0,3.098461538461538,0.16,0.18999999999999995
20,CrossEntropyLoss,APS,0.15000000000000002,0.85,2.0,1.26,1.5333333333333334,5.0,3.2599999999999993,0.23,0.17000000000000004
20,CrossEntropyLoss,APS,0.18000000000000005,0.83,1.94,1.19,1.4705882352941178,5.0,2.9677777777777767,0.25,0.16000000000000003
20,CrossEntropyLoss,APS,0.19999999999999996,0.81,1.87,1.12,1.4210526315789473,5.0,2.82,0.27,0.16000000000000003
20,CrossEntropyLoss,LAC,0.010000000000000009,1.0,5.4,4.6,,0.0,4.6,0.0,0.17000000000000004
20,CrossEntropyLoss,LAC,0.020000000000000018,1.0,5.36,4.57,,0.0,4.57,0.0,0.18000000000000005
20,CrossEntropyLoss,LAC,0.030000000000000027,0.95,4.01,3.3,1.0,1.0,4.633333333333333,0.05,0.26
20,CrossEntropyLoss,LAC,0.050000000000000044,0.92,3.29,2.57,1.0,1.0,4.5699999999999985,0.08,0.24
20,CrossEntropyLoss,LAC,0.07999999999999996,0.92,2.69,1.89,1.0,1.0,3.640000000000001,0.08,0.16000000000000003
20,CrossEntropyLoss,LAC,0.09999999999999998,0.91,2.43,1.61,1.0,1.0,3.21,0.09,0.14
20,CrossEntropyLoss,LAC,0.13,0.89,2.19,1.38,1.0909090909090908,2.0,3.0723076923076915,0.12,0.14
20,CrossEntropyLoss,LAC,0.15000000000000002,0.86,1.91,1.01,1.0714285714285714,2.0,2.8766666666666665,0.15,0.07999999999999996
20,CrossEntropyLoss,LAC,0.18000000000000005,0.85,1.83,0.94,1.0666666666666667,2.0,2.6066666666666665,0.16,0.08999999999999997
20,CrossEntropyLoss,LAC,0.19999999999999996,0.81,1.64,0.73,1.0526315789473684,2.0,2.53,0.2,0.06999999999999995
21,CrossEntropyLoss,min-CPS,0.010000000000000009,0.99,4.77,3.77,1.0,1.0,5.769999999999998,0.01,0.0
21,CrossEntropyLoss,min-CPS,0.020000000000000018,0.98,4.24,3.24,1.0,1.0,5.2399999999999975,0.02,0.0
21,CrossEntropyLoss,min-CPS,0.030000000000000027,0.97,3.95,2.95,1.0,1.0,4.949999999999999,0.03,0.0
21,CrossEntropyLoss,min-CPS,0.050000000000000044,0.94,3.05,2.05,1.0,1.0,4.449999999999998,0.06,0.0
21,CrossEntropyLoss,min-CPS,0.07999999999999996,0.91,2.48,1.48,1.0,1.0,3.7300000000000013,0.09,0.0
21,CrossEntropyLoss,min-CPS,0.09999999999999998,0.88,2.17,1.17,1.0,1.0,3.57,0.12,0.0
21,CrossEntropyLoss,min-CPS,0.13,0.8,1.67,0.67,1.1,2.0,4.054615384615383,0.22,0.0
21,CrossEntropyLoss,min-CPS,0.15000000000000002,0.78,1.65,0.65,1.0909090909090908,2.0,3.8499999999999996,0.24,0.0
21,CrossEntropyLoss,min-CPS,0.18000000000000005,0.77,1.6,0.6,1.0869565217391304,2.0,3.3777777777777764,0.25,0.0
21,CrossEntropyLoss,min-CPS,0.19999999999999996,0.77,1.58,0.58,1.0869565217391304,2.0,3.08,0.25,0.0
21,CrossEntropyLoss,RPS,0.010000000000000009,0.96,3.12,2.12,1.0,1.0,10.119999999999994,0.04,0.0
21,CrossEntropyLoss,RPS,0.020000000000000018,0.96,2.91,1.91,1.0,1.0,5.909999999999997,0.04,0.0
21,CrossEntropyLoss,RPS,0.030000000000000027,0.94,2.65,1.65,1.0,1.0,5.649999999999997,0.06,0.0
21,CrossEntropyLoss,RPS,0.050000000000000044,0.93,2.53,1.53,1.0,1.0,4.329999999999997,0.07,0.0
21,CrossEntropyLoss,RPS,0.07999999999999996,0.91,2.35,1.35,1.0,1.0,3.600000000000001,0.09,0.0
21,CrossEntropyLoss,RPS,0.09999999999999998,0.85,2.14,1.14,1.0,1.0,4.14,0.15,0.0
21,CrossEntropyLoss,RPS,0.13,0.84,1.91,0.91,1.0,1.0,3.371538461538461,0.16,0.0
21,CrossEntropyLoss,RPS,0.15000000000000002,0.84,1.78,0.78,1.0625,2.0,3.0466666666666655,0.17,0.0
21,CrossEntropyLoss,RPS,0.18000000000000005,0.81,1.63,0.63,1.105263157894737,2.0,2.963333333333332,0.21,0.0
21,CrossEntropyLoss,RPS,0.19999999999999996,0.73,1.47,0.47,1.0740740740740742,2.0,3.3700000000000006,0.29,0.0
21,CrossEntropyLoss,OCDF,0.010000000000000009,0.99,5.19,4.19,1.0,1.0,6.189999999999998,0.01,0.0
21,CrossEntropyLoss,OCDF,0.020000000000000018,0.98,5.02,4.02,1.0,1.0,6.019999999999998,0.02,0.0
21,CrossEntropyLoss,OCDF,0.030000000000000027,0.98,5.0,4.0,1.0,1.0,5.333333333333332,0.02,0.0
21,CrossEntropyLoss,OCDF,0.050000000000000044,0.92,4.51,3.51,1.125,2.0,7.109999999999998,0.09,0.0
21,CrossEntropyLoss,OCDF,0.07999999999999996,0.9,4.37,3.37,1.1,2.0,6.120000000000002,0.11,0.0
21,CrossEntropyLoss,OCDF,0.09999999999999998,0.81,3.93,2.93,1.0526315789473684,2.0,6.93,0.2,0.0
21,CrossEntropyLoss,OCDF,0.13,0.79,3.85,2.85,1.0476190476190477,2.0,6.234615384615385,0.22,0.0
21,CrossEntropyLoss,OCDF,0.15000000000000002,0.78,3.73,2.73,1.0454545454545454,2.0,5.796666666666666,0.23,0.0
21,CrossEntropyLoss,OCDF,0.18000000000000005,0.77,3.56,2.56,1.0434782608695652,2.0,5.226666666666665,0.24,0.0
21,CrossEntropyLoss,OCDF,0.19999999999999996,0.74,3.31,2.31,1.0769230769230769,2.0,5.11,0.28,0.0
21,CrossEntropyLoss,APS,0.010000000000000009,1.0,5.72,4.92,,0.0,4.92,0.0,0.18999999999999995
21,CrossEntropyLoss,APS,0.020000000000000018,1.0,5.62,4.89,,0.0,4.89,0.0,0.25
21,CrossEntropyLoss,APS,0.030000000000000027,0.96,4.54,4.3,1.0,1.0,4.3,0.04,0.56
21,CrossEntropyLoss,APS,0.050000000000000044,0.96,4.28,4.1,1.0,1.0,4.1,0.04,0.6
21,CrossEntropyLoss,APS,0.07999999999999996,0.93,2.91,2.31,1.0,1.0,3.5600000000000005,0.07,0.30000000000000004
21,CrossEntropyLoss,APS,0.09999999999999998,0.92,2.5,1.8,1.0,1.0,3.0,0.08,0.21999999999999997
21,CrossEntropyLoss,APS,0.13,0.91,2.38,1.7,1.4444444444444444,5.0,2.776923076923077,0.13,0.21999999999999997
21,CrossEntropyLoss,APS,0.15000000000000002,0.81,1.85,1.08,1.6842105263157894,5.0,3.3466666666666662,0.32,0.14
21,CrossEntropyLoss,APS,0.18000000000000005,0.81,1.83,1.04,1.6842105263157894,5.0,2.928888888888888,0.32,0.13
21,CrossEntropyLoss,APS,0.19999999999999996,0.77,1.71,0.91,1.608695652173913,5.0,3.01,0.37,0.13
21,CrossEntropyLoss,LAC,0.010000000000000009,1.0,5.56,4.77,,0.0,4.77,0.0,0.15000000000000002
21,CrossEntropyLoss,LAC,0.020000000000000018,1.0,5.52,4.75,,0.0,4.75,0.0,0.17000000000000004
21,CrossEntropyLoss,LAC,0.030000000000000027,0.99,5.31,4.67,1.0,1.0,4.67,0.01,0.27
21,CrossEntropyLoss,LAC,0.050000000000000044,0.96,3.87,3.27,1.0,1.0,3.67,0.04,0.31000000000000005
21,CrossEntropyLoss,LAC,0.07999999999999996,0.94,3.03,2.29,1.0,1.0,3.2900000000000005,0.06,0.20999999999999996
21,CrossEntropyLoss,LAC,0.09999999999999998,0.93,2.65,1.93,1.0,1.0,2.93,0.07,0.20999999999999996
21,CrossEntropyLoss,LAC,0.13,0.81,1.87,0.99,1.0526315789473684,2.0,3.7592307692307685,0.2,0.08999999999999997
21,CrossEntropyLoss,LAC,0.15000000000000002,0.77,1.64,0.75,1.0869565217391304,2.0,3.6833333333333327,0.25,0.08999999999999997
21,CrossEntropyLoss,LAC,0.18000000000000005,0.75,1.58,0.66,1.08,2.0,3.4377777777777765,0.27,0.06999999999999995
21,CrossEntropyLoss,LAC,0.19999999999999996,0.71,1.48,0.58,1.0689655172413792,2.0,3.28,0.31,0.08999999999999997
22,CrossEntropyLoss,min-CPS,0.010000000000000009,1.0,4.88,3.88,,0.0,3.88,0.0,0.0
22,CrossEntropyLoss,min-CPS,0.020000000000000018,1.0,4.48,3.48,,0.0,3.48,0.0,0.0
22,CrossEntropyLoss,min-CPS,0.030000000000000027,0.99,4.18,3.18,1.0,1.0,3.8466666666666662,0.01,0.0
22,CrossEntropyLoss,min-CPS,0.050000000000000044,0.99,3.8,2.8,1.0,1.0,3.2,0.01,0.0
22,CrossEntropyLoss,min-CPS,0.07999999999999996,0.91,2.53,1.53,1.0,1.0,3.780000000000001,0.09,0.0
22,CrossEntropyLoss,min-CPS,0.09999999999999998,0.89,2.21,1.21,1.0,1.0,3.41,0.11,0.0
22,CrossEntropyLoss,min-CPS,0.13,0.87,2.11,1.11,1.0,1.0,3.1099999999999994,0.13,0.0
22,CrossEntropyLoss,min-CPS,0.15000000000000002,0.83,1.74,0.74,1.1176470588235294,2.0,3.273333333333333,0.19,0.0
22,CrossEntropyLoss,min-CPS,0.18000000000000005,0.8,1.67,0.67,1.1,2.0,3.114444444444444,0.22,0.0
22,CrossEntropyLoss,min-CPS,0.19999999999999996,0.77,1.58,0.58,1.0869565217391304,2.0,3.08,0.25,0.0
22,CrossEntropyLoss,RPS,0.010000000000000009,0.97,3.16,2.16,1.0,1.0,8.159999999999995,0.03,0.0
22,CrossEntropyLoss,RPS,0.020000000000000018,0.97,3.15,2.15,1.0,1.0,5.149999999999998,0.03,0.0
22,CrossEntropyLoss,RPS,0.030000000000000027,0.97,2.9,1.9,1.0,1.0,3.899999999999999,0.03,0.0
22,CrossEntropyLoss,RPS,0.050000000000000044,0.96,2.68,1.68,1.0,1.0,3.2799999999999985,0.04,0.0
22,CrossEntropyLoss,RPS,0.07999999999999996,0.91,2.32,1.32,1.0,1.0,3.570000000000001,0.09,0.0
22,CrossEntropyLoss,RPS,0.09999999999999998,0.89,2.19,1.19,1.0,1.0,3.39,0.11,0.0
22,CrossEntropyLoss,RPS,0.13,0.86,1.92,0.92,1.0,1.0,3.0738461538461537,0.14,0.0
22,CrossEntropyLoss,RPS,0.15000000000000002,0.77,1.59,0.59,1.0869565217391304,2.0,3.9233333333333333,0.25,0.0
22,CrossEntropyLoss,RPS,0.18000000000000005,0.73,1.49,0.5,1.2222222222222223,5.0,3.944444444444444,0.33,0.0
22,CrossEntropyLoss,RPS,0.19999999999999996,0.72,1.46,0.47,1.2142857142857142,5.0,3.6700000000000013,0.34,0.0
22,CrossEntropyLoss,OCDF,0.010000000000000009,0.99,5.15,4.15,1.0,1.0,6.149999999999998,0.01,0.0
22,CrossEntropyLoss,OCDF,0.020000000000000018,0.97,4.93,3.93,1.0,1.0,6.929999999999998,0.03,0.0
22,CrossEntropyLoss,OCDF,0.030000000000000027,0.94,4.84,3.84,1.1666666666666667,2.0,8.506666666666662,0.07,0.0
22,CrossEntropyLoss,OCDF,0.050000000000000044,0.92,4.48,3.48,1.125,2.0,7.079999999999997,0.09,0.0
22,CrossEntropyLoss,OCDF,0.07999999999999996,0.89,4.34,3.34,1.0909090909090908,2.0,6.3400000000000025,0.12,0.0
22,CrossEntropyLoss,OCDF,0.09999999999999998,0.87,4.27,3.27,1.0769230769230769,2.0,6.07,0.14,0.0
22,CrossEntropyLoss,OCDF,0.13,0.83,3.97,2.97,1.0588235294117647,2.0,5.739230769230769,0.18,0.0
22,CrossEntropyLoss,OCDF,0.15000000000000002,0.8,3.83,2.83,1.05,2.0,5.63,0.21,0.0
22,CrossEntropyLoss,OCDF,0.18000000000000005,0.79,3.66,2.66,1.0476190476190477,2.0,5.104444444444443,0.22,0.0
22,CrossEntropyLoss,OCDF,0.19999999999999996,0.77,3.48,2.48,1.0434782608695652,2.0,4.88,0.24,0.0
22,CrossEntropyLoss,APS,0.010000000000000009,1.0,5.89,4.99,,0.0,4.99,0.0,0.09999999999999998
22,CrossEntropyLoss,APS,0.020000000000000018,1.0,5.79,4.96,,0.0,4.96,0.0,0.15000000000000002
22,CrossEntropyLoss,APS,0.030000000000000027,0.99,5.56,4.87,1.0,1.0,4.87,0.01,0.29000000000000004
22,CrossEntropyLoss,APS,0.050000000000000044,0.98,4.38,4.05,1.0,1.0,4.05,0.02,0.51
22,CrossEntropyLoss,APS,0.07999999999999996,0.95,3.27,2.78,1.0,1.0,3.7800000000000007,0.05,0.4
22,CrossEntropyLoss,APS,0.09999999999999998,0.95,2.97,2.41,1.0,1.0,3.21,0.05,0.32999999999999996
22,CrossEntropyLoss,APS,0.13,0.89,2.34,1.71,1.7272727272727273,5.0,2.940769230769231,0.19,0.25
22,CrossEntropyLoss,APS,0.15000000000000002,0.89,2.08,1.38,1.7272727272727273,5.0,2.4466666666666668,0.19,0.19999999999999996
22,CrossEntropyLoss,APS,0.18000000000000005,0.78,1.84,1.07,1.7727272727272727,5.0,3.736666666666665,0.39,0.14
22,CrossEntropyLoss,APS,0.19999999999999996,0.76,1.74,0.97,2.0416666666666665,5.0,3.37,0.49,0.13
22,CrossEntropyLoss,LAC,0.010000000000000009,1.0,5.49,4.72,,0.0,4.72,0.0,0.17000000000000004
22,CrossEntropyLoss,LAC,0.020000000000000018,1.0,5.46,4.69,,0.0,4.69,0.0,0.17000000000000004
22,CrossEntropyLoss,LAC,0.030000000000000027,1.0,5.46,4.69,,0.0,4.69,0.0,0.17000000000000004
22,CrossEntropyLoss,LAC,0.050000000000000044,0.98,4.58,4.04,1.0,1.0,4.04,0.02,0.38
22,CrossEntropyLoss,LAC,0.07999999999999996,0.95,3.47,2.78,1.0,1.0,3.53,0.05,0.26
22,CrossEntropyLoss,LAC,0.09999999999999998,0.95,3.13,2.4,1.0,1.0,3.0,0.05,0.21999999999999997
22,CrossEntropyLoss,LAC,0.13,0.86,2.01,1.19,1.0714285714285714,2.0,3.3438461538461537,0.15,0.14
22,CrossEntropyLoss,LAC,0.15000000000000002,0.83,1.84,0.98,1.0588235294117647,2.0,3.246666666666666,0.18,0.09999999999999998
22,CrossEntropyLoss,LAC,0.18000000000000005,0.83,1.71,0.83,1.0588235294117647,2.0,2.718888888888888,0.18,0.07999999999999996
22,CrossEntropyLoss,LAC,0.19999999999999996,0.8,1.65,0.75,1.1,2.0,2.85,0.22,0.06999999999999995
23,CrossEntropyLoss,min-CPS,0.010000000000000009,1.0,4.83,3.83,,0.0,3.83,0.0,0.0
23,CrossEntropyLoss,min-CPS,0.020000000000000018,0.99,4.41,3.41,1.0,1.0,4.409999999999999,0.01,0.0
23,CrossEntropyLoss,min-CPS,0.030000000000000027,0.99,4.27,3.27,1.0,1.0,3.936666666666666,0.01,0.0
23,CrossEntropyLoss,min-CPS,0.050000000000000044,0.96,3.29,2.29,1.0,1.0,3.889999999999999,0.04,0.0
23,CrossEntropyLoss,min-CPS,0.07999999999999996,0.93,2.7,1.7,1.0,1.0,3.450000000000001,0.07,0.0
23,CrossEntropyLoss,min-CPS,0.09999999999999998,0.93,2.46,1.46,1.0,1.0,2.86,0.07,0.0
23,CrossEntropyLoss,min-CPS,0.13,0.94,2.2,1.2,1.0,1.0,2.123076923076923,0.06,0.0
23,CrossEntropyLoss,min-CPS,0.15000000000000002,0.87,1.99,0.99,1.0,1.0,2.723333333333333,0.13,0.0
23,CrossEntropyLoss,min-CPS,0.18000000000000005,0.8,1.67,0.67,1.05,2.0,3.0033333333333325,0.21,0.0
23,CrossEntropyLoss,min-CPS,0.19999999999999996,0.79,1.65,0.65,1.0476190476190477,2.0,2.85,0.22,0.0
23,CrossEntropyLoss,RPS,0.010000000000000009,1.0,3.47,2.47,,0.0,2.47,0.0,0.0
23,CrossEntropyLoss,RPS,0.020000000000000018,0.97,3.18,2.18,1.0,1.0,5.179999999999998,0.03,0.0
23,CrossEntropyLoss,RPS,0.030000000000000027,0.96,2.84,1.84,1.0,1.0,4.506666666666664,0.04,0.0
23,CrossEntropyLoss,RPS,0.050000000000000044,0.95,2.54,1.54,1.0,1.0,3.5399999999999983,0.05,0.0
23,CrossEntropyLoss,RPS,0.07999999999999996,0.93,2.37,1.37,1.0,1.0,3.120000000000001,0.07,0.0
23,CrossEntropyLoss,RPS,0.09999999999999998,0.93,2.3,1.3,1.0,1.0,2.7,0.07,0.0
23,CrossEntropyLoss,RPS,0.13,0.92,2.23,1.23,1.0,1.0,2.460769230769231,0.08,0.0
23,CrossEntropyLoss,RPS,0.15000000000000002,0.91,2.17,1.17,1.0,1.0,2.37,0.09,0.0
23,CrossEntropyLoss,RPS,0.18000000000000005,0.82,1.59,0.59,1.0555555555555556,2.0,2.701111111111111,0.19,0.0
23,CrossEntropyLoss,RPS,0.19999999999999996,0.82,1.57,0.57,1.0555555555555556,2.0,2.47,0.19,0.0
23,CrossEntropyLoss,OCDF,0.010000000000000009,1.0,5.34,4.34,,0.0,4.34,0.0,0.0
23,CrossEntropyLoss,OCDF,0.020000000000000018,0.99,5.17,4.17,1.0,1.0,5.169999999999999,0.01,0.0
23,CrossEntropyLoss,OCDF,0.030000000000000027,0.99,5.02,4.02,1.0,1.0,4.6866666666666665,0.01,0.0
23,CrossEntropyLoss,OCDF,0.050000000000000044,0.92,4.58,3.58,1.0,1.0,6.779999999999998,0.08,0.0
23,CrossEntropyLoss,OCDF,0.07999999999999996,0.89,4.37,3.37,1.0,1.0,6.120000000000002,0.11,0.0
23,CrossEntropyLoss,OCDF,0.09999999999999998,0.89,4.32,3.32,1.0,1.0,5.52,0.11,0.0
23,CrossEntropyLoss,OCDF,0.13,0.88,4.25,3.25,1.0,1.0,5.096153846153847,0.12,0.0
23,CrossEntropyLoss,OCDF,0.15000000000000002,0.87,4.07,3.07,1.0,1.0,4.803333333333333,0.13,0.0
23,CrossEntropyLoss,OCDF,0.18000000000000005,0.86,4.04,3.04,1.0,1.0,4.595555555555555,0.14,0.0
23,CrossEntropyLoss,OCDF,0.19999999999999996,0.86,3.96,2.96,1.0,1.0,4.36,0.14,0.0
23,CrossEntropyLoss,APS,0.010000000000000009,1.0,5.99,4.99,,0.0,4.99,0.0,0.0
23,CrossEntropyLoss,APS,0.020000000000000018,0.99,5.7,4.88,1.0,1.0,4.88,0.01,0.17000000000000004
23,CrossEntropyLoss,APS,0.030000000000000027,0.96,4.84,4.45,1.0,1.0,5.116666666666666,0.04,0.56
23,CrossEntropyLoss,APS,0.050000000000000044,0.92,3.24,2.79,1.0,1.0,3.5899999999999994,0.08,0.4
23,CrossEntropyLoss,APS,0.07999999999999996,0.9,2.61,2.01,1.0,1.0,3.260000000000001,0.1,0.28
23,CrossEntropyLoss,APS,0.09999999999999998,0.89,2.38,1.67,1.0,1.0,3.07,0.11,0.20999999999999996
23,CrossEntropyLoss,APS,0.13,0.84,2.01,1.26,1.5,5.0,3.26,0.24,0.17000000000000004
23,CrossEntropyLoss,APS,0.15000000000000002,0.82,1.96,1.22,1.6666666666666667,5.0,3.4866666666666664,0.3,0.17000000000000004
23,CrossEntropyLoss,APS,0.18000000000000005,0.82,1.89,1.14,1.6666666666666667,5.0,3.028888888888888,0.3,0.16000000000000003
23,CrossEntropyLoss,APS,0.19999999999999996,0.81,1.81,1.04,1.631578947368421,5.0,2.94,0.31,0.14
23,CrossEntropyLoss,LAC,0.010000000000000009,0.99,5.47,4.67,1.0,1.0,4.67,0.01,0.18000000000000005
23,CrossEntropyLoss,LAC,0.020000000000000018,0.99,5.47,4.67,1.0,1.0,4.67,0.01,0.18000000000000005
23,CrossEntropyLoss,LAC,0.030000000000000027,0.98,4.95,4.28,1.0,1.0,4.946666666666666,0.02,0.26
23,CrossEntropyLoss,LAC,0.050000000000000044,0.95,3.89,3.24,1.0,1.0,4.039999999999999,0.05,0.27
23,CrossEntropyLoss,LAC,0.07999999999999996,0.91,2.64,1.86,1.0,1.0,3.110000000000001,0.09,0.18000000000000005
23,CrossEntropyLoss,LAC,0.09999999999999998,0.89,2.33,1.52,1.0,1.0,2.92,0.11,0.15000000000000002
23,CrossEntropyLoss,LAC,0.13,0.88,2.24,1.42,1.0,1.0,2.6507692307692308,0.12,0.14
23,CrossEntropyLoss,LAC,0.15000000000000002,0.84,1.81,0.93,1.0,1.0,2.53,0.16,0.09999999999999998
23,CrossEntropyLoss,LAC,0.18000000000000005,0.8,1.61,0.72,1.05,2.0,2.608888888888888,0.21,0.09999999999999998
23,CrossEntropyLoss,LAC,0.19999999999999996,0.79,1.58,0.67,1.0476190476190477,2.0,2.57,0.22,0.07999999999999996
24,CrossEntropyLoss,min-CPS,0.010000000000000009,1.0,4.9,3.9,,0.0,3.9,0.0,0.0
24,CrossEntropyLoss,min-CPS,0.020000000000000018,1.0,4.85,3.85,,0.0,3.85,0.0,0.0
24,CrossEntropyLoss,min-CPS,0.030000000000000027,0.99,4.25,3.25,1.0,1.0,3.916666666666666,0.01,0.0
24,CrossEntropyLoss,min-CPS,0.050000000000000044,0.95,3.22,2.22,1.0,1.0,4.219999999999999,0.05,0.0
24,CrossEntropyLoss,min-CPS,0.07999999999999996,0.92,2.48,1.48,1.0,1.0,3.4800000000000013,0.08,0.0
24,CrossEntropyLoss,min-CPS,0.09999999999999998,0.92,2.47,1.47,1.0,1.0,3.07,0.08,0.0
24,CrossEntropyLoss,min-CPS,0.13,0.92,2.24,1.24,1.0,1.0,2.4707692307692306,0.08,0.0
24,CrossEntropyLoss,min-CPS,0.15000000000000002,0.89,2.08,1.08,1.0,1.0,2.5466666666666664,0.11,0.0
24,CrossEntropyLoss,min-CPS,0.18000000000000005,0.89,2.06,1.06,1.0,1.0,2.282222222222222,0.11,0.0
24,CrossEntropyLoss,min-CPS,0.19999999999999996,0.81,1.72,0.72,1.0,1.0,2.62,0.19,0.0
24,CrossEntropyLoss,RPS,0.010000000000000009,1.0,3.59,2.59,,0.0,2.59,0.0,0.0
24,CrossEntropyLoss,RPS,0.020000000000000018,1.0,3.46,2.46,,0.0,2.46,0.0,0.0
24,CrossEntropyLoss,RPS,0.030000000000000027,1.0,3.31,2.31,,0.0,2.31,0.0,0.0
24,CrossEntropyLoss,RPS,0.050000000000000044,0.98,2.88,1.88,1.0,1.0,2.6799999999999993,0.02,0.0
24,CrossEntropyLoss,RPS,0.07999999999999996,0.95,2.52,1.52,1.0,1.0,2.7700000000000014,0.05,0.0
24,CrossEntropyLoss,RPS,0.09999999999999998,0.93,2.37,1.37,1.0,1.0,2.77,0.07,0.0
24,CrossEntropyLoss,RPS,0.13,0.82,1.78,0.78,1.0,1.0,3.549230769230769,0.18,0.0
24,CrossEntropyLoss,RPS,0.15000000000000002,0.81,1.65,0.65,1.0,1.0,3.183333333333333,0.19,0.0
24,CrossEntropyLoss,RPS,0.18000000000000005,0.8,1.6,0.6,1.0,1.0,2.8222222222222215,0.2,0.0
24,CrossEntropyLoss,RPS,0.19999999999999996,0.79,1.57,0.57,1.0,1.0,2.67,0.21,0.0
24,CrossEntropyLoss,OCDF,0.010000000000000009,0.98,5.16,4.16,1.0,1.0,8.159999999999997,0.02,0.0
24,CrossEntropyLoss,OCDF,0.020000000000000018,0.98,5.03,4.03,1.0,1.0,6.029999999999998,0.02,0.0
24,CrossEntropyLoss,OCDF,0.030000000000000027,0.96,4.9,3.9,1.0,1.0,6.5666666666666655,0.04,0.0
24,CrossEntropyLoss,OCDF,0.050000000000000044,0.96,4.9,3.9,1.0,1.0,5.499999999999999,0.04,0.0
24,CrossEntropyLoss,OCDF,0.07999999999999996,0.93,4.55,3.55,1.0,1.0,5.300000000000001,0.07,0.0
24,CrossEntropyLoss,OCDF,0.09999999999999998,0.92,4.44,3.44,1.0,1.0,5.04,0.08,0.0
24,CrossEntropyLoss,OCDF,0.13,0.86,4.07,3.07,1.0,1.0,5.2238461538461545,0.14,0.0
24,CrossEntropyLoss,OCDF,0.15000000000000002,0.81,3.93,2.93,1.0,1.0,5.463333333333333,0.19,0.0
24,CrossEntropyLoss,OCDF,0.18000000000000005,0.8,3.79,2.79,1.0,1.0,5.0122222222222215,0.2,0.0
24,CrossEntropyLoss,OCDF,0.19999999999999996,0.8,3.67,2.67,1.0,1.0,4.67,0.2,0.0
24,CrossEntropyLoss,APS,0.010000000000000009,1.0,5.98,4.99,,0.0,4.99,0.0,0.010000000000000009
24,CrossEntropyLoss,APS,0.020000000000000018,0.99,5.5,4.8,1.0,1.0,4.8,0.01,0.29000000000000004
24,CrossEntropyLoss,APS,0.030000000000000027,0.99,5.29,4.72,1.0,1.0,4.72,0.01,0.39
24,CrossEntropyLoss,APS,0.050000000000000044,0.98,4.75,4.42,1.0,1.0,4.82,0.02,0.54
24,CrossEntropyLoss,APS,0.07999999999999996,0.97,3.34,2.81,1.0,1.0,3.06,0.03,0.35
24,CrossEntropyLoss,APS,0.09999999999999998,0.94,2.95,2.41,1.0,1.0,3.21,0.06,0.31999999999999995
24,CrossEntropyLoss,APS,0.13,0.93,2.43,1.68,1.5714285714285714,5.0,2.603076923076923,0.11,0.18999999999999995
24,CrossEntropyLoss,APS,0.15000000000000002,0.93,2.39,1.65,1.5714285714285714,5.0,2.45,0.11,0.18999999999999995
24,CrossEntropyLoss,APS,0.18000000000000005,0.9,2.21,1.41,1.4,5.0,2.4099999999999993,0.14,0.15000000000000002
24,CrossEntropyLoss,APS,0.19999999999999996,0.89,2.05,1.24,1.7272727272727273,5.0,2.44,0.19,0.13
24,CrossEntropyLoss,LAC,0.010000000000000009,0.99,5.41,4.65,1.0,1.0,4.65,0.01,0.18999999999999995
24,CrossEntropyLoss,LAC,0.020000000000000018,0.99,5.41,4.65,1.0,1.0,4.65,0.01,0.18999999999999995
24,CrossEntropyLoss,LAC,0.030000000000000027,0.99,5.21,4.49,1.0,1.0,5.156666666666666,0.01,0.20999999999999996
24,CrossEntropyLoss,LAC,0.050000000000000044,0.97,4.11,3.4,1.0,1.0,4.199999999999999,0.03,0.24
24,CrossEntropyLoss,LAC,0.07999999999999996,0.95,3.44,2.75,1.0,1.0,3.5,0.05,0.27
24,CrossEntropyLoss,LAC,0.09999999999999998,0.95,3.13,2.34,1.0,1.0,3.14,0.05,0.18999999999999995
24,CrossEntropyLoss,LAC,0.13,0.95,2.73,1.95,1.0,1.0,2.719230769230769,0.05,0.17000000000000004
24,CrossEntropyLoss,LAC,0.15000000000000002,0.93,2.49,1.7,1.0,1.0,2.6333333333333333,0.07,0.16000000000000003
24,CrossEntropyLoss,LAC,0.18000000000000005,0.91,2.15,1.29,1.0,1.0,2.2899999999999996,0.09,0.12
24,CrossEntropyLoss,LAC,0.19999999999999996,0.89,2.01,1.15,1.0,1.0,2.25,0.11,0.10999999999999999
25,CrossEntropyLoss,min-CPS,0.010000000000000009,1.0,4.8,3.8,,0.0,3.8,0.0,0.0
25,CrossEntropyLoss,min-CPS,0.020000000000000018,0.99,4.36,3.36,1.0,1.0,4.3599999999999985,0.01,0.0
25,CrossEntropyLoss,min-CPS,0.030000000000000027,0.94,3.18,2.18,1.0,1.0,6.179999999999998,0.06,0.0
25,CrossEntropyLoss,min-CPS,0.050000000000000044,0.89,2.47,1.47,1.0,1.0,5.8699999999999966,0.11,0.0
25,CrossEntropyLoss,min-CPS,0.07999999999999996,0.89,2.19,1.19,1.0,1.0,3.9400000000000013,0.11,0.0
25,CrossEntropyLoss,min-CPS,0.09999999999999998,0.86,2.08,1.08,1.0,1.0,3.88,0.14,0.0
25,CrossEntropyLoss,min-CPS,0.13,0.81,1.73,0.73,1.0526315789473684,2.0,3.806923076923076,0.2,0.0
25,CrossEntropyLoss,min-CPS,0.15000000000000002,0.8,1.72,0.72,1.05,2.0,3.5199999999999987,0.21,0.0
25,CrossEntropyLoss,min-CPS,0.18000000000000005,0.79,1.71,0.71,1.0476190476190477,2.0,3.1544444444444433,0.22,0.0
25,CrossEntropyLoss,min-CPS,0.19999999999999996,0.78,1.61,0.61,1.1363636363636365,2.0,3.11,0.25,0.0
25,CrossEntropyLoss,RPS,0.010000000000000009,1.0,3.49,2.49,,0.0,2.49,0.0,0.0
25,CrossEntropyLoss,RPS,0.020000000000000018,0.98,3.18,2.18,1.0,1.0,4.179999999999998,0.02,0.0
25,CrossEntropyLoss,RPS,0.030000000000000027,0.97,2.94,1.94,1.0,1.0,3.939999999999999,0.03,0.0
25,CrossEntropyLoss,RPS,0.050000000000000044,0.95,2.55,1.55,1.0,1.0,3.5499999999999985,0.05,0.0
25,CrossEntropyLoss,RPS,0.07999999999999996,0.92,2.33,1.33,1.0,1.0,3.330000000000001,0.08,0.0
25,CrossEntropyLoss,RPS,0.09999999999999998,0.9,2.23,1.23,1.0,1.0,3.23,0.1,0.0
25,CrossEntropyLoss,RPS,0.13,0.85,1.86,0.86,1.0,1.0,3.1676923076923074,0.15,0.0
25,CrossEntropyLoss,RPS,0.15000000000000002,0.82,1.66,0.66,1.0555555555555556,2.0,3.1933333333333334,0.19,0.0
25,CrossEntropyLoss,RPS,0.18000000000000005,0.76,1.54,0.54,1.0416666666666667,2.0,3.3177777777777773,0.25,0.0
25,CrossEntropyLoss,RPS,0.19999999999999996,0.76,1.49,0.5,1.2083333333333333,5.0,3.2000000000000006,0.29,0.0
25,CrossEntropyLoss,OCDF,0.010000000000000009,1.0,5.35,4.35,,0.0,4.35,0.0,0.0
25,CrossEntropyLoss,OCDF,0.020000000000000018,0.99,5.2,4.2,1.0,1.0,5.199999999999999,0.01,0.0
25,CrossEntropyLoss,OCDF,0.030000000000000027,0.99,5.03,4.03,1.0,1.0,4.696666666666666,0.01,0.0
25,CrossEntropyLoss,OCDF,0.050000000000000044,0.96,4.89,3.89,1.0,1.0,5.489999999999998,0.04,0.0
25,CrossEntropyLoss,OCDF,0.07999999999999996,0.95,4.6,3.6,1.0,1.0,4.8500000000000005,0.05,0.0
25,CrossEntropyLoss,OCDF,0.09999999999999998,0.95,4.58,3.58,1.0,1.0,4.58,0.05,0.0
25,CrossEntropyLoss,OCDF,0.13,0.94,4.43,3.43,1.0,1.0,4.353076923076923,0.06,0.0
25,CrossEntropyLoss,OCDF,0.15000000000000002,0.91,4.3,3.3,1.0,1.0,4.499999999999999,0.09,0.0
25,CrossEntropyLoss,OCDF,0.18000000000000005,0.91,4.19,3.19,1.0,1.0,4.19,0.09,0.0
25,CrossEntropyLoss,OCDF,0.19999999999999996,0.87,4.06,3.06,1.0,1.0,4.36,0.13,0.0
25,CrossEntropyLoss,APS,0.010000000000000009,1.0,5.95,4.99,,0.0,4.99,0.0,0.040000000000000036
25,CrossEntropyLoss,APS,0.020000000000000018,0.99,5.53,4.85,1.0,1.0,4.85,0.01,0.31000000000000005
25,CrossEntropyLoss,APS,0.030000000000000027,0.96,4.52,4.12,1.0,1.0,4.786666666666666,0.04,0.51
25,CrossEntropyLoss,APS,0.050000000000000044,0.88,2.71,2.12,1.3333333333333333,5.0,4.919999999999998,0.16,0.28
25,CrossEntropyLoss,APS,0.07999999999999996,0.86,2.13,1.36,1.2857142857142858,5.0,3.860000000000001,0.18,0.16000000000000003
25,CrossEntropyLoss,APS,0.09999999999999998,0.86,2.1,1.32,1.2857142857142858,5.0,3.52,0.18,0.15000000000000002
25,CrossEntropyLoss,APS,0.13,0.8,1.92,1.11,1.4,5.0,3.7253846153846144,0.28,0.13
25,CrossEntropyLoss,APS,0.15000000000000002,0.76,1.74,0.91,1.5,5.0,3.709999999999999,0.36,0.09999999999999998
25,CrossEntropyLoss,APS,0.18000000000000005,0.71,1.59,0.73,1.5862068965517242,5.0,3.6188888888888875,0.46,0.07999999999999996
25,CrossEntropyLoss,APS,0.19999999999999996,0.71,1.57,0.72,1.5862068965517242,5.0,3.32,0.46,0.08999999999999997
25,CrossEntropyLoss,LAC,0.010000000000000009,0.98,5.42,4.63,1.0,1.0,4.63,0.02,0.19999999999999996
25,CrossEntropyLoss,LAC,0.020000000000000018,0.97,4.86,4.16,1.0,1.0,6.1599999999999975,0.03,0.26
25,CrossEntropyLoss,LAC,0.030000000000000027,0.96,4.48,3.84,1.0,1.0,5.839999999999999,0.04,0.30000000000000004
25,CrossEntropyLoss,LAC,0.050000000000000044,0.9,3.05,2.32,1.0,1.0,4.3199999999999985,0.1,0.21999999999999997
25,CrossEntropyLoss,LAC,0.07999999999999996,0.86,2.37,1.57,1.0,1.0,4.070000000000001,0.14,0.15000000000000002
25,CrossEntropyLoss,LAC,0.09999999999999998,0.86,2.32,1.52,1.0,1.0,3.52,0.14,0.15000000000000002
25,CrossEntropyLoss,LAC,0.13,0.81,1.88,1.02,1.0,1.0,3.481538461538461,0.19,0.09999999999999998
25,CrossEntropyLoss,LAC,0.15000000000000002,0.8,1.68,0.82,1.0,1.0,3.0866666666666664,0.2,0.09999999999999998
25,CrossEntropyLoss,LAC,0.18000000000000005,0.79,1.63,0.74,1.0476190476190477,2.0,2.9622222222222216,0.22,0.07999999999999996
25,CrossEntropyLoss,LAC,0.19999999999999996,0.79,1.63,0.74,1.0476190476190477,2.0,2.74,0.22,0.07999999999999996
26,CrossEntropyLoss,min-CPS,0.010000000000000009,1.0,4.88,3.88,,0.0,3.88,0.0,0.0
26,CrossEntropyLoss,min-CPS,0.020000000000000018,1.0,4.84,3.84,,0.0,3.84,0.0,0.0
26,CrossEntropyLoss,min-CPS,0.030000000000000027,1.0,4.5,3.5,,0.0,3.5,0.0,0.0
26,CrossEntropyLoss,min-CPS,0.050000000000000044,1.0,4.17,3.17,,0.0,3.17,0.0,0.0
26,CrossEntropyLoss,min-CPS,0.07999999999999996,0.98,3.2,2.2,1.0,1.0,2.7,0.02,0.0
26,CrossEntropyLoss,min-CPS,0.09999999999999998,0.97,2.91,1.91,1.0,1.0,2.51,0.03,0.0
26,CrossEntropyLoss,min-CPS,0.13,0.93,2.29,1.29,1.0,1.0,2.366923076923077,0.07,0.0
26,CrossEntropyLoss,min-CPS,0.15000000000000002,0.88,2.12,1.12,1.0833333333333333,2.0,2.853333333333333,0.13,0.0
26,CrossEntropyLoss,min-CPS,0.18000000000000005,0.82,1.77,0.77,1.0555555555555556,2.0,2.8811111111111107,0.19,0.0
26,CrossEntropyLoss,min-CPS,0.19999999999999996,0.79,1.69,0.69,1.0476190476190477,2.0,2.8900000000000006,0.22,0.0
26,CrossEntropyLoss,RPS,0.010000000000000009,0.99,3.48,2.48,1.0,1.0,4.479999999999999,0.01,0.0
26,CrossEntropyLoss,RPS,0.020000000000000018,0.99,3.34,2.34,1.0,1.0,3.339999999999999,0.01,0.0
26,CrossEntropyLoss,RPS,0.030000000000000027,0.99,3.24,2.24,1.0,1.0,2.9066666666666663,0.01,0.0
26,CrossEntropyLoss,RPS,0.050000000000000044,0.98,2.89,1.89,1.0,1.0,2.6899999999999995,0.02,0.0
26,CrossEntropyLoss,RPS,0.07999999999999996,0.97,2.48,1.48,1.0,1.0,2.2300000000000004,0.03,0.0
26,CrossEntropyLoss,RPS,0.09999999999999998,0.93,2.29,1.29,1.0,1.0,2.69,0.07,0.0
26,CrossEntropyLoss,RPS,0.13,0.86,1.9,0.9,1.0,1.0,3.0538461538461537,0.14,0.0
26,CrossEntropyLoss,RPS,0.15000000000000002,0.84,1.81,0.81,1.0,1.0,2.9433333333333334,0.16,0.0
26,CrossEntropyLoss,RPS,0.18000000000000005,0.8,1.62,0.62,1.05,2.0,2.9533333333333327,0.21,0.0
26,CrossEntropyLoss,RPS,0.19999999999999996,0.79,1.58,0.58,1.0476190476190477,2.0,2.78,0.22,0.0
26,CrossEntropyLoss,OCDF,0.010000000000000009,0.99,5.25,4.25,1.0,1.0,6.249999999999997,0.01,0.0
26,CrossEntropyLoss,OCDF,0.020000000000000018,0.95,4.9,3.9,1.2,2.0,9.899999999999995,0.06,0.0
26,CrossEntropyLoss,OCDF,0.030000000000000027,0.95,4.9,3.9,1.2,2.0,7.899999999999998,0.06,0.0
26,CrossEntropyLoss,OCDF,0.050000000000000044,0.92,4.55,3.55,1.125,2.0,7.149999999999998,0.09,0.0
26,CrossEntropyLoss,OCDF,0.07999999999999996,0.89,4.34,3.34,1.0909090909090908,2.0,6.3400000000000025,0.12,0.0
26,CrossEntropyLoss,OCDF,0.09999999999999998,0.88,4.26,3.26,1.0833333333333333,2.0,5.86,0.13,0.0
26,CrossEntropyLoss,OCDF,0.13,0.84,3.97,2.97,1.0625,2.0,5.585384615384616,0.17,0.0
26,CrossEntropyLoss,OCDF,0.15000000000000002,0.81,3.89,2.89,1.0526315789473684,2.0,5.556666666666667,0.2,0.0
26,CrossEntropyLoss,OCDF,0.18000000000000005,0.78,3.56,2.56,1.0454545454545454,2.0,5.115555555555555,0.23,0.0
26,CrossEntropyLoss,OCDF,0.19999999999999996,0.77,3.48,2.48,1.0434782608695652,2.0,4.88,0.24,0.0
26,CrossEntropyLoss,APS,0.010000000000000009,0.98,5.49,4.87,1.0,1.0,4.87,0.02,0.37
26,CrossEntropyLoss,APS,0.020000000000000018,0.97,5.37,4.82,1.0,1.0,4.82,0.03,0.43000000000000005
26,CrossEntropyLoss,APS,0.030000000000000027,0.97,5.35,4.82,1.0,1.0,4.82,0.03,0.44999999999999996
26,CrossEntropyLoss,APS,0.050000000000000044,0.97,4.43,4.15,1.0,1.0,4.15,0.03,0.54
26,CrossEntropyLoss,APS,0.07999999999999996,0.96,3.56,3.08,1.0,1.0,3.08,0.04,0.39
26,CrossEntropyLoss,APS,0.09999999999999998,0.94,3.24,2.63,1.0,1.0,2.83,0.06,0.31000000000000005
26,CrossEntropyLoss,APS,0.13,0.88,2.24,1.55,1.3333333333333333,5.0,2.626923076923077,0.16,0.21999999999999997
26,CrossEntropyLoss,APS,0.15000000000000002,0.83,1.97,1.18,1.2941176470588236,5.0,3.0466666666666664,0.22,0.16000000000000003
26,CrossEntropyLoss,APS,0.18000000000000005,0.81,1.87,1.08,1.263157894736842,5.0,2.968888888888888,0.24,0.16000000000000003
26,CrossEntropyLoss,APS,0.19999999999999996,0.78,1.81,1.02,1.4090909090909092,5.0,2.92,0.31,0.16000000000000003
26,CrossEntropyLoss,LAC,0.010000000000000009,1.0,5.45,4.73,,0.0,4.73,0.0,0.21999999999999997
26,CrossEntropyLoss,LAC,0.020000000000000018,1.0,5.45,4.73,,0.0,4.73,0.0,0.21999999999999997
26,CrossEntropyLoss,LAC,0.030000000000000027,1.0,5.45,4.73,,0.0,4.73,0.0,0.21999999999999997
26,CrossEntropyLoss,LAC,0.050000000000000044,0.99,4.83,4.19,1.0,1.0,4.19,0.01,0.27
26,CrossEntropyLoss,LAC,0.07999999999999996,0.97,3.85,3.14,1.0,1.0,3.14,0.03,0.25
26,CrossEntropyLoss,LAC,0.09999999999999998,0.92,2.71,2.0,1.0,1.0,2.4,0.08,0.22999999999999998
26,CrossEntropyLoss,LAC,0.13,0.91,2.51,1.78,1.0,1.0,2.2415384615384615,0.09,0.21999999999999997
26,CrossEntropyLoss,LAC,0.15000000000000002,0.88,2.13,1.31,1.0833333333333333,2.0,2.51,0.13,0.15000000000000002
26,CrossEntropyLoss,LAC,0.18000000000000005,0.86,1.98,1.12,1.0714285714285714,2.0,2.3422222222222215,0.15,0.10999999999999999
26,CrossEntropyLoss,LAC,0.19999999999999996,0.73,1.55,0.67,1.037037037037037,2.0,2.97,0.28,0.09999999999999998
27,CrossEntropyLoss,min-CPS,0.010000000000000009,0.99,4.81,3.81,1.0,1.0,5.809999999999998,0.01,0.0
27,CrossEntropyLoss,min-CPS,0.020000000000000018,0.99,4.41,3.41,1.0,1.0,4.409999999999999,0.01,0.0
27,CrossEntropyLoss,min-CPS,0.030000000000000027,0.99,4.29,3.29,1.0,1.0,3.956666666666666,0.01,0.0
27,CrossEntropyLoss,min-CPS,0.050000000000000044,0.99,4.0,3.0,1.0,1.0,3.4,0.01,0.0
27,CrossEntropyLoss,min-CPS,0.07999999999999996,0.99,3.26,2.26,1.0,1.0,2.51,0.01,0.0
27,CrossEntropyLoss,min-CPS,0.09999999999999998,0.96,2.79,1.79,1.0,1.0,2.59,0.04,0.0
27,CrossEntropyLoss,min-CPS,0.13,0.92,2.15,1.15,1.0,1.0,2.3807692307692307,0.08,0.0
27,CrossEntropyLoss,min-CPS,0.15000000000000002,0.91,2.07,1.07,1.0,1.0,2.27,0.09,0.0
27,CrossEntropyLoss,min-CPS,0.18000000000000005,0.87,1.96,0.96,1.0,1.0,2.404444444444444,0.13,0.0
27,CrossEntropyLoss,min-CPS,0.19999999999999996,0.88,1.8,0.8,1.0833333333333333,2.0,2.1,0.13,0.0
27,CrossEntropyLoss,RPS,0.010000000000000009,1.0,3.52,2.52,,0.0,2.52,0.0,0.0
27,CrossEntropyLoss,RPS,0.020000000000000018,1.0,3.42,2.42,,0.0,2.42,0.0,0.0
27,CrossEntropyLoss,RPS,0.030000000000000027,0.99,3.21,2.21,1.0,1.0,2.8766666666666665,0.01,0.0
27,CrossEntropyLoss,RPS,0.050000000000000044,0.98,2.85,1.85,1.0,1.0,2.6499999999999995,0.02,0.0
27,CrossEntropyLoss,RPS,0.07999999999999996,0.96,2.5,1.5,1.0,1.0,2.5000000000000004,0.04,0.0
27,CrossEntropyLoss,RPS,0.09999999999999998,0.96,2.45,1.45,1.0,1.0,2.25,0.04,0.0
27,CrossEntropyLoss,RPS,0.13,0.93,2.21,1.21,1.0,1.0,2.286923076923077,0.07,0.0
27,CrossEntropyLoss,RPS,0.15000000000000002,0.91,2.12,1.12,1.0,1.0,2.32,0.09,0.0
27,CrossEntropyLoss,RPS,0.18000000000000005,0.84,1.66,0.66,1.0,1.0,2.437777777777777,0.16,0.0
27,CrossEntropyLoss,RPS,0.19999999999999996,0.81,1.6,0.6,1.0,1.0,2.5,0.19,0.0
27,CrossEntropyLoss,OCDF,0.010000000000000009,1.0,5.38,4.38,,0.0,4.38,0.0,0.0
27,CrossEntropyLoss,OCDF,0.020000000000000018,1.0,5.22,4.22,,0.0,4.22,0.0,0.0
27,CrossEntropyLoss,OCDF,0.030000000000000027,1.0,5.22,4.22,,0.0,4.22,0.0,0.0
27,CrossEntropyLoss,OCDF,0.050000000000000044,0.99,5.05,4.05,1.0,1.0,4.45,0.01,0.0
27,CrossEntropyLoss,OCDF,0.07999999999999996,0.91,4.45,3.45,1.0,1.0,5.700000000000002,0.09,0.0
27,CrossEntropyLoss,OCDF,0.09999999999999998,0.9,4.37,3.37,1.0,1.0,5.37,0.1,0.0
27,CrossEntropyLoss,OCDF,0.13,0.88,4.25,3.25,1.0,1.0,5.096153846153847,0.12,0.0
27,CrossEntropyLoss,OCDF,0.15000000000000002,0.82,3.97,2.97,1.0,1.0,5.369999999999999,0.18,0.0
27,CrossEntropyLoss,OCDF,0.18000000000000005,0.81,3.81,2.81,1.0,1.0,4.921111111111109,0.19,0.0
27,CrossEntropyLoss,OCDF,0.19999999999999996,0.81,3.75,2.75,1.0,1.0,4.65,0.19,0.0
27,CrossEntropyLoss,APS,0.010000000000000009,1.0,5.85,4.92,,0.0,4.92,0.0,0.06999999999999995
27,CrossEntropyLoss,APS,0.020000000000000018,1.0,5.51,4.78,,0.0,4.78,0.0,0.25
27,CrossEntropyLoss,APS,0.030000000000000027,1.0,5.37,4.7,,0.0,4.7,0.0,0.30000000000000004
27,CrossEntropyLoss,APS,0.050000000000000044,0.98,5.0,4.51,1.0,1.0,4.51,0.02,0.42000000000000004
27,CrossEntropyLoss,APS,0.07999999999999996,0.97,3.42,2.96,1.0,1.0,3.21,0.03,0.38
27,CrossEntropyLoss,APS,0.09999999999999998,0.95,2.94,2.47,1.0,1.0,2.87,0.05,0.35
27,CrossEntropyLoss,APS,0.13,0.9,2.47,1.77,1.4,5.0,2.539230769230769,0.14,0.20999999999999996
27,CrossEntropyLoss,APS,0.15000000000000002,0.9,2.39,1.68,1.4,5.0,2.4799999999999995,0.14,0.19999999999999996
27,CrossEntropyLoss,APS,0.18000000000000005,0.87,2.0,1.21,1.3076923076923077,5.0,2.3211111111111107,0.17,0.13
27,CrossEntropyLoss,APS,0.19999999999999996,0.85,1.92,1.13,1.2666666666666666,5.0,2.33,0.19,0.13
27,CrossEntropyLoss,LAC,0.010000000000000009,1.0,5.47,4.67,,0.0,4.67,0.0,0.14
27,CrossEntropyLoss,LAC,0.020000000000000018,1.0,5.45,4.63,,0.0,4.63,0.0,0.14
27,CrossEntropyLoss,LAC,0.030000000000000027,0.99,5.25,4.48,1.0,1.0,4.48,0.01,0.17000000000000004
27,CrossEntropyLoss,LAC,0.050000000000000044,0.99,4.82,4.09,1.0,1.0,4.09,0.01,0.20999999999999996
27,CrossEntropyLoss,LAC,0.07999999999999996,0.99,3.9,3.24,1.0,1.0,3.49,0.01,0.26
27,CrossEntropyLoss,LAC,0.09999999999999998,0.98,3.53,2.89,1.0,1.0,3.09,0.02,0.26
27,CrossEntropyLoss,LAC,0.13,0.91,2.3,1.52,1.0,1.0,2.4430769230769234,0.09,0.16000000000000003
27,CrossEntropyLoss,LAC,0.15000000000000002,0.91,2.25,1.45,1.0,1.0,2.2499999999999996,0.09,0.15000000000000002
27,CrossEntropyLoss,LAC,0.18000000000000005,0.86,1.86,0.98,1.0,1.0,2.313333333333333,0.14,0.09999999999999998
27,CrossEntropyLoss,LAC,0.19999999999999996,0.86,1.73,0.86,1.0,1.0,2.06,0.14,0.09999999999999998
28,CrossEntropyLoss,min-CPS,0.010000000000000009,1.0,4.81,3.81,,0.0,3.81,0.0,0.0
28,CrossEntropyLoss,min-CPS,0.020000000000000018,1.0,4.47,3.47,,0.0,3.47,0.0,0.0
28,CrossEntropyLoss,min-CPS,0.030000000000000027,0.99,4.16,3.16,1.0,1.0,3.826666666666666,0.01,0.0
28,CrossEntropyLoss,min-CPS,0.050000000000000044,0.99,3.75,2.75,1.0,1.0,3.15,0.01,0.0
28,CrossEntropyLoss,min-CPS,0.07999999999999996,0.95,2.87,1.87,1.0,1.0,3.1200000000000006,0.05,0.0
28,CrossEntropyLoss,min-CPS,0.09999999999999998,0.94,2.57,1.57,1.0,1.0,2.77,0.06,0.0
28,CrossEntropyLoss,min-CPS,0.13,0.87,2.06,1.06,1.0,1.0,3.0599999999999996,0.13,0.0
28,CrossEntropyLoss,min-CPS,0.15000000000000002,0.85,1.91,0.91,1.0,1.0,2.9099999999999993,0.15,0.0
28,CrossEntropyLoss,min-CPS,0.18000000000000005,0.83,1.77,0.77,1.0,1.0,2.658888888888888,0.17,0.0
28,CrossEntropyLoss,min-CPS,0.19999999999999996,0.79,1.68,0.68,1.0,1.0,2.78,0.21,0.0
28,CrossEntropyLoss,RPS,0.010000000000000009,1.0,3.6,2.6,,0.0,2.6,0.0,0.0
28,CrossEntropyLoss,RPS,0.020000000000000018,0.99,3.36,2.36,1.0,1.0,3.359999999999999,0.01,0.0
28,CrossEntropyLoss,RPS,0.030000000000000027,0.99,3.22,2.22,1.0,1.0,2.8866666666666663,0.01,0.0
28,CrossEntropyLoss,RPS,0.050000000000000044,0.96,2.63,1.63,1.0,1.0,3.229999999999998,0.04,0.0
28,CrossEntropyLoss,RPS,0.07999999999999996,0.91,2.29,1.29,1.0,1.0,3.540000000000001,0.09,0.0
28,CrossEntropyLoss,RPS,0.09999999999999998,0.88,2.15,1.15,1.0,1.0,3.55,0.12,0.0
28,CrossEntropyLoss,RPS,0.13,0.82,1.76,0.76,1.0555555555555556,2.0,3.6830769230769227,0.19,0.0
28,CrossEntropyLoss,RPS,0.15000000000000002,0.82,1.65,0.65,1.0555555555555556,2.0,3.183333333333333,0.19,0.0
28,CrossEntropyLoss,RPS,0.18000000000000005,0.81,1.61,0.61,1.0526315789473684,2.0,2.8322222222222213,0.2,0.0
28,CrossEntropyLoss,RPS,0.19999999999999996,0.81,1.6,0.6,1.0526315789473684,2.0,2.6,0.2,0.0
28,CrossEntropyLoss,OCDF,0.010000000000000009,0.99,5.21,4.21,1.0,1.0,6.209999999999997,0.01,0.0
28,CrossEntropyLoss,OCDF,0.020000000000000018,0.99,5.2,4.2,1.0,1.0,5.199999999999999,0.01,0.0
28,CrossEntropyLoss,OCDF,0.030000000000000027,0.96,4.94,3.94,1.0,1.0,6.606666666666666,0.04,0.0
28,CrossEntropyLoss,OCDF,0.050000000000000044,0.94,4.67,3.67,1.0,1.0,6.069999999999998,0.06,0.0
28,CrossEntropyLoss,OCDF,0.07999999999999996,0.88,4.38,3.38,1.0,1.0,6.380000000000001,0.12,0.0
28,CrossEntropyLoss,OCDF,0.09999999999999998,0.87,4.31,3.31,1.0,1.0,5.91,0.13,0.0
28,CrossEntropyLoss,OCDF,0.13,0.84,4.03,3.03,1.0,1.0,5.491538461538462,0.16,0.0
28,CrossEntropyLoss,OCDF,0.15000000000000002,0.78,3.76,2.76,1.0,1.0,5.693333333333333,0.22,0.0
28,CrossEntropyLoss,OCDF,0.18000000000000005,0.7,3.28,2.28,1.0,1.0,5.6133333333333315,0.3,0.0
28,CrossEntropyLoss,OCDF,0.19999999999999996,0.7,3.24,2.24,1.0333333333333334,2.0,5.34,0.31,0.0
28,CrossEntropyLoss,APS,0.010000000000000009,1.0,5.95,4.98,,0.0,4.98,0.0,0.030000000000000027
28,CrossEntropyLoss,APS,0.020000000000000018,1.0,5.47,4.82,,0.0,4.82,0.0,0.31000000000000005
28,CrossEntropyLoss,APS,0.030000000000000027,1.0,5.45,4.8,,0.0,4.8,0.0,0.31000000000000005
28,CrossEntropyLoss,APS,0.050000000000000044,0.98,4.28,3.87,1.0,1.0,3.87,0.02,0.47
28,CrossEntropyLoss,APS,0.07999999999999996,0.94,3.25,2.67,1.0,1.0,3.42,0.06,0.33999999999999997
28,CrossEntropyLoss,APS,0.09999999999999998,0.93,2.81,2.1,1.0,1.0,2.9,0.07,0.24
28,CrossEntropyLoss,APS,0.13,0.91,2.41,1.67,1.0,1.0,2.4392307692307695,0.09,0.20999999999999996
28,CrossEntropyLoss,APS,0.15000000000000002,0.9,2.22,1.5,1.4,5.0,2.1666666666666665,0.14,0.20999999999999996
28,CrossEntropyLoss,APS,0.18000000000000005,0.89,2.11,1.41,1.7272727272727273,5.0,2.2988888888888885,0.19,0.21999999999999997
28,CrossEntropyLoss,APS,0.19999999999999996,0.85,1.99,1.25,1.8,5.0,2.45,0.27,0.18999999999999995
28,CrossEntropyLoss,LAC,0.010000000000000009,1.0,5.41,4.6,,0.0,4.6,0.0,0.16000000000000003
28,CrossEntropyLoss,LAC,0.020000000000000018,1.0,5.39,4.58,,0.0,4.58,0.0,0.16000000000000003
28,CrossEntropyLoss,LAC,0.030000000000000027,1.0,5.39,4.58,,0.0,4.58,0.0,0.16000000000000003
28,CrossEntropyLoss,LAC,0.050000000000000044,0.99,4.77,4.0,1.0,1.0,4.0,0.01,0.18999999999999995
28,CrossEntropyLoss,LAC,0.07999999999999996,0.95,3.49,2.76,1.0,1.0,3.5100000000000007,0.05,0.22999999999999998
28,CrossEntropyLoss,LAC,0.09999999999999998,0.92,2.65,1.84,1.0,1.0,2.64,0.08,0.17000000000000004
28,CrossEntropyLoss,LAC,0.13,0.91,2.44,1.66,1.0,1.0,2.4292307692307693,0.09,0.18999999999999995
28,CrossEntropyLoss,LAC,0.15000000000000002,0.83,1.89,1.0,1.0,1.0,2.9999999999999996,0.17,0.09999999999999998
28,CrossEntropyLoss,LAC,0.18000000000000005,0.79,1.68,0.81,1.0,1.0,2.9211111111111103,0.21,0.10999999999999999
28,CrossEntropyLoss,LAC,0.19999999999999996,0.78,1.65,0.78,1.0,1.0,2.78,0.22,0.10999999999999999
29,CrossEntropyLoss,min-CPS,0.010000000000000009,0.99,4.81,3.81,1.0,1.0,5.809999999999998,0.01,0.0
29,CrossEntropyLoss,min-CPS,0.020000000000000018,0.98,4.28,3.28,1.0,1.0,5.279999999999998,0.02,0.0
29,CrossEntropyLoss,min-CPS,0.030000000000000027,0.98,4.22,3.22,1.0,1.0,4.553333333333333,0.02,0.0
29,CrossEntropyLoss,min-CPS,0.050000000000000044,0.97,3.35,2.35,1.0,1.0,3.549999999999999,0.03,0.0
29,CrossEntropyLoss,min-CPS,0.07999999999999996,0.97,3.06,2.06,1.0,1.0,2.81,0.03,0.0
29,CrossEntropyLoss,min-CPS,0.09999999999999998,0.91,2.22,1.22,1.0,1.0,3.02,0.09,0.0
29,CrossEntropyLoss,min-CPS,0.13,0.88,2.14,1.14,1.0,1.0,2.9861538461538464,0.12,0.0
29,CrossEntropyLoss,min-CPS,0.15000000000000002,0.87,2.06,1.06,1.0769230769230769,2.0,2.9266666666666663,0.14,0.0
29,CrossEntropyLoss,min-CPS,0.18000000000000005,0.75,1.59,0.59,1.08,2.0,3.5899999999999994,0.27,0.0
29,CrossEntropyLoss,min-CPS,0.19999999999999996,0.74,1.55,0.55,1.0769230769230769,2.0,3.3500000000000005,0.28,0.0
29,CrossEntropyLoss,RPS,0.010000000000000009,0.99,3.45,2.45,1.0,1.0,4.449999999999998,0.01,0.0
29,CrossEntropyLoss,RPS,0.020000000000000018,0.99,3.32,2.32,1.0,1.0,3.319999999999999,0.01,0.0
29,CrossEntropyLoss,RPS,0.030000000000000027,0.99,3.24,2.24,1.0,1.0,2.9066666666666663,0.01,0.0
29,CrossEntropyLoss,RPS,0.050000000000000044,0.94,2.46,1.46,1.0,1.0,3.8599999999999977,0.06,0.0
29,CrossEntropyLoss,RPS,0.07999999999999996,0.93,2.38,1.38,1.0,1.0,3.1300000000000012,0.07,0.0
29,CrossEntropyLoss,RPS,0.09999999999999998,0.93,2.31,1.31,1.0,1.0,2.71,0.07,0.0
29,CrossEntropyLoss,RPS,0.13,0.9,2.2,1.2,1.0,1.0,2.738461538461538,0.1,0.0
29,CrossEntropyLoss,RPS,0.15000000000000002,0.89,2.01,1.01,1.0,1.0,2.476666666666666,0.11,0.0
29,CrossEntropyLoss,RPS,0.18000000000000005,0.84,1.68,0.68,1.0625,2.0,2.5688888888888886,0.17,0.0
29,CrossEntropyLoss,RPS,0.19999999999999996,0.81,1.62,0.62,1.0526315789473684,2.0,2.62,0.2,0.0
29,CrossEntropyLoss,OCDF,0.010000000000000009,0.97,5.05,4.05,1.0,1.0,10.049999999999995,0.03,0.0
29,CrossEntropyLoss,OCDF,0.020000000000000018,0.96,5.03,4.03,1.0,1.0,8.029999999999996,0.04,0.0
29,CrossEntropyLoss,OCDF,0.030000000000000027,0.96,4.96,3.96,1.25,2.0,7.29333333333333,0.05,0.0
29,CrossEntropyLoss,OCDF,0.050000000000000044,0.91,4.63,3.63,1.1111111111111112,2.0,7.629999999999996,0.1,0.0
29,CrossEntropyLoss,OCDF,0.07999999999999996,0.91,4.48,3.48,1.1111111111111112,2.0,5.980000000000002,0.1,0.0
29,CrossEntropyLoss,OCDF,0.09999999999999998,0.91,4.44,3.44,1.1111111111111112,2.0,5.44,0.1,0.0
29,CrossEntropyLoss,OCDF,0.13,0.91,4.37,3.37,1.1111111111111112,2.0,4.908461538461538,0.1,0.0
29,CrossEntropyLoss,OCDF,0.15000000000000002,0.88,4.13,3.13,1.0833333333333333,2.0,4.863333333333332,0.13,0.0
29,CrossEntropyLoss,OCDF,0.18000000000000005,0.82,3.91,2.91,1.0555555555555556,2.0,5.02111111111111,0.19,0.0
29,CrossEntropyLoss,OCDF,0.19999999999999996,0.8,3.66,2.66,1.05,2.0,4.76,0.21,0.0
29,CrossEntropyLoss,APS,0.010000000000000009,1.0,5.75,4.92,,0.0,4.92,0.0,0.16000000000000003
29,CrossEntropyLoss,APS,0.020000000000000018,1.0,5.63,4.88,,0.0,4.88,0.0,0.24
29,CrossEntropyLoss,APS,0.030000000000000027,0.99,5.01,4.56,1.0,1.0,4.56,0.01,0.47
29,CrossEntropyLoss,APS,0.050000000000000044,0.96,3.56,3.18,1.0,1.0,3.9799999999999995,0.04,0.47
29,CrossEntropyLoss,APS,0.07999999999999996,0.95,3.08,2.56,1.0,1.0,3.06,0.05,0.37
29,CrossEntropyLoss,APS,0.09999999999999998,0.88,2.45,1.69,1.3333333333333333,5.0,3.49,0.16,0.17000000000000004
29,CrossEntropyLoss,APS,0.13,0.87,2.23,1.47,1.6153846153846154,5.0,3.008461538461538,0.21,0.16000000000000003
29,CrossEntropyLoss,APS,0.15000000000000002,0.84,2.06,1.32,1.5625,5.0,3.186666666666666,0.25,0.17000000000000004
29,CrossEntropyLoss,APS,0.18000000000000005,0.84,2.05,1.29,1.5625,5.0,2.845555555555555,0.25,0.16000000000000003
29,CrossEntropyLoss,APS,0.19999999999999996,0.82,1.96,1.21,1.7222222222222223,5.0,2.71,0.31,0.16000000000000003
29,CrossEntropyLoss,LAC,0.010000000000000009,0.99,5.43,4.66,1.0,1.0,4.66,0.01,0.18999999999999995
29,CrossEntropyLoss,LAC,0.020000000000000018,0.98,5.21,4.51,1.0,1.0,5.509999999999999,0.02,0.24
29,CrossEntropyLoss,LAC,0.030000000000000027,0.98,4.93,4.22,1.0,1.0,4.886666666666667,0.02,0.22999999999999998
29,CrossEntropyLoss,LAC,0.050000000000000044,0.96,3.89,3.3,1.0,1.0,4.499999999999999,0.04,0.30000000000000004
29,CrossEntropyLoss,LAC,0.07999999999999996,0.95,3.47,2.78,1.0,1.0,3.53,0.05,0.27
29,CrossEntropyLoss,LAC,0.09999999999999998,0.93,2.75,1.98,1.0,1.0,2.78,0.07,0.18999999999999995
29,CrossEntropyLoss,LAC,0.13,0.91,2.4,1.62,1.0,1.0,2.543076923076923,0.09,0.17000000000000004
29,CrossEntropyLoss,LAC,0.15000000000000002,0.88,2.05,1.16,1.0833333333333333,2.0,2.6266666666666665,0.13,0.09999999999999998
29,CrossEntropyLoss,LAC,0.18000000000000005,0.85,1.88,0.99,1.0666666666666667,2.0,2.545555555555555,0.16,0.09999999999999998
29,CrossEntropyLoss,LAC,0.19999999999999996,0.83,1.73,0.8,1.0588235294117647,2.0,2.4,0.18,0.06999999999999995
30,CrossEntropyLoss,min-CPS,0.010000000000000009,1.0,4.8,3.8,,0.0,3.8,0.0,0.0
30,CrossEntropyLoss,min-CPS,0.020000000000000018,1.0,4.35,3.35,,0.0,3.35,0.0,0.0
30,CrossEntropyLoss,min-CPS,0.030000000000000027,1.0,4.29,3.29,,0.0,3.29,0.0,0.0
30,CrossEntropyLoss,min-CPS,0.050000000000000044,0.96,3.1,2.1,1.0,1.0,3.6999999999999984,0.04,0.0
30,CrossEntropyLoss,min-CPS,0.07999999999999996,0.9,2.34,1.34,1.0,1.0,3.840000000000001,0.1,0.0
30,CrossEntropyLoss,min-CPS,0.09999999999999998,0.91,2.07,1.07,1.0,1.0,2.87,0.09,0.0
30,CrossEntropyLoss,min-CPS,0.13,0.87,1.94,0.94,1.0,1.0,2.9399999999999995,0.13,0.0
30,CrossEntropyLoss,min-CPS,0.15000000000000002,0.86,1.88,0.88,1.0714285714285714,2.0,2.8799999999999994,0.15,0.0
30,CrossEntropyLoss,min-CPS,0.18000000000000005,0.83,1.6,0.6,1.1176470588235294,2.0,2.7111111111111104,0.19,0.0
30,CrossEntropyLoss,min-CPS,0.19999999999999996,0.83,1.59,0.59,1.1176470588235294,2.0,2.49,0.19,0.0
30,CrossEntropyLoss,RPS,0.010000000000000009,0.95,2.89,1.89,1.0,1.0,11.889999999999992,0.05,0.0
30,CrossEntropyLoss,RPS,0.020000000000000018,0.95,2.81,1.81,1.0,1.0,6.809999999999995,0.05,0.0
30,CrossEntropyLoss,RPS,0.030000000000000027,0.95,2.63,1.63,1.0,1.0,4.96333333333333,0.05,0.0
30,CrossEntropyLoss,RPS,0.050000000000000044,0.95,2.54,1.54,1.0,1.0,3.5399999999999983,0.05,0.0
30,CrossEntropyLoss,RPS,0.07999999999999996,0.9,2.18,1.18,1.0,1.0,3.680000000000001,0.1,0.0
30,CrossEntropyLoss,RPS,0.09999999999999998,0.89,2.13,1.13,1.0,1.0,3.33,0.11,0.0
30,CrossEntropyLoss,RPS,0.13,0.89,2.08,1.08,1.0,1.0,2.7723076923076917,0.11,0.0
30,CrossEntropyLoss,RPS,0.15000000000000002,0.87,1.77,0.77,1.0,1.0,2.503333333333333,0.13,0.0
30,CrossEntropyLoss,RPS,0.18000000000000005,0.86,1.65,0.65,1.0714285714285714,2.0,2.3166666666666664,0.15,0.0
30,CrossEntropyLoss,RPS,0.19999999999999996,0.86,1.56,0.56,1.1428571428571428,2.0,2.16,0.16,0.0
30,CrossEntropyLoss,OCDF,0.010000000000000009,1.0,5.25,4.25,,0.0,4.25,0.0,0.0
30,CrossEntropyLoss,OCDF,0.020000000000000018,1.0,5.11,4.11,,0.0,4.11,0.0,0.0
30,CrossEntropyLoss,OCDF,0.030000000000000027,0.99,4.95,3.95,1.0,1.0,4.616666666666666,0.01,0.0
30,CrossEntropyLoss,OCDF,0.050000000000000044,0.96,4.86,3.86,1.25,2.0,5.859999999999998,0.05,0.0
30,CrossEntropyLoss,OCDF,0.07999999999999996,0.94,4.6,3.6,1.1666666666666667,2.0,5.350000000000001,0.07,0.0
30,CrossEntropyLoss,OCDF,0.09999999999999998,0.93,4.46,3.46,1.1428571428571428,2.0,5.06,0.08,0.0
30,CrossEntropyLoss,OCDF,0.13,0.92,4.38,3.38,1.125,2.0,4.764615384615385,0.09,0.0
30,CrossEntropyLoss,OCDF,0.15000000000000002,0.92,4.37,3.37,1.125,2.0,4.569999999999999,0.09,0.0
30,CrossEntropyLoss,OCDF,0.18000000000000005,0.89,4.09,3.09,1.0909090909090908,2.0,4.423333333333333,0.12,0.0
30,CrossEntropyLoss,OCDF,0.19999999999999996,0.88,4.07,3.07,1.0833333333333333,2.0,4.37,0.13,0.0
30,CrossEntropyLoss,APS,0.010000000000000009,0.98,5.38,4.83,1.0,1.0,4.83,0.02,0.43000000000000005
30,CrossEntropyLoss,APS,0.020000000000000018,0.98,5.1,4.73,1.0,1.0,4.73,0.02,0.56
30,CrossEntropyLoss,APS,0.030000000000000027,0.98,5.05,4.71,1.0,1.0,4.71,0.02,0.5800000000000001
30,CrossEntropyLoss,APS,0.050000000000000044,0.94,3.35,2.92,1.0,1.0,3.32,0.06,0.41000000000000003
30,CrossEntropyLoss,APS,0.07999999999999996,0.91,2.49,1.84,1.0,1.0,2.8400000000000007,0.09,0.27
30,CrossEntropyLoss,APS,0.09999999999999998,0.86,2.08,1.38,1.2857142857142858,5.0,3.18,0.18,0.20999999999999996
30,CrossEntropyLoss,APS,0.13,0.82,1.81,1.01,1.2777777777777777,5.0,3.3176923076923073,0.23,0.13
30,CrossEntropyLoss,APS,0.15000000000000002,0.81,1.79,0.99,1.263157894736842,5.0,3.1233333333333326,0.24,0.13
30,CrossEntropyLoss,APS,0.18000000000000005,0.78,1.71,0.92,1.2272727272727273,5.0,3.03111111111111,0.27,0.14
30,CrossEntropyLoss,APS,0.19999999999999996,0.74,1.56,0.71,1.3461538461538463,5.0,2.81,0.35,0.10999999999999999
30,CrossEntropyLoss,LAC,0.010000000000000009,1.0,5.34,4.6,,0.0,4.6,0.0,0.18999999999999995
30,CrossEntropyLoss,LAC,0.020000000000000018,1.0,5.29,4.53,,0.0,4.53,0.0,0.18999999999999995
30,CrossEntropyLoss,LAC,0.030000000000000027,1.0,5.29,4.53,,0.0,4.53,0.0,0.18999999999999995
30,CrossEntropyLoss,LAC,0.050000000000000044,0.99,4.55,3.91,1.0,1.0,3.91,0.01,0.27
30,CrossEntropyLoss,LAC,0.07999999999999996,0.91,2.44,1.72,1.0,1.0,2.7200000000000006,0.09,0.20999999999999996
30,CrossEntropyLoss,LAC,0.09999999999999998,0.86,2.13,1.33,1.0714285714285714,2.0,3.33,0.15,0.17000000000000004
30,CrossEntropyLoss,LAC,0.13,0.84,1.74,0.89,1.0625,2.0,2.8899999999999992,0.17,0.10999999999999999
30,CrossEntropyLoss,LAC,0.15000000000000002,0.82,1.65,0.78,1.0555555555555556,2.0,2.7799999999999994,0.19,0.09999999999999998
30,CrossEntropyLoss,LAC,0.18000000000000005,0.81,1.55,0.67,1.105263157894737,2.0,2.5588888888888883,0.21,0.08999999999999997
30,CrossEntropyLoss,LAC,0.19999999999999996,0.8,1.52,0.64,1.1,2.0,2.4400000000000004,0.22,0.08999999999999997
31,CrossEntropyLoss,min-CPS,0.010000000000000009,1.0,4.83,3.83,,0.0,3.83,0.0,0.0
31,CrossEntropyLoss,min-CPS,0.020000000000000018,1.0,4.46,3.46,,0.0,3.46,0.0,0.0
31,CrossEntropyLoss,min-CPS,0.030000000000000027,0.97,3.81,2.81,1.0,1.0,4.809999999999999,0.03,0.0
31,CrossEntropyLoss,min-CPS,0.050000000000000044,0.97,3.24,2.24,1.0,1.0,3.439999999999999,0.03,0.0
31,CrossEntropyLoss,min-CPS,0.07999999999999996,0.94,2.68,1.68,1.0,1.0,3.180000000000001,0.06,0.0
31,CrossEntropyLoss,min-CPS,0.09999999999999998,0.92,2.33,1.33,1.0,1.0,2.93,0.08,0.0
31,CrossEntropyLoss,min-CPS,0.13,0.89,2.03,1.03,1.0,1.0,2.722307692307692,0.11,0.0
31,CrossEntropyLoss,min-CPS,0.15000000000000002,0.88,1.99,0.99,1.0,1.0,2.5899999999999994,0.12,0.0
31,CrossEntropyLoss,min-CPS,0.18000000000000005,0.88,1.96,0.96,1.0,1.0,2.293333333333333,0.12,0.0
31,CrossEntropyLoss,min-CPS,0.19999999999999996,0.9,1.83,0.83,1.1,2.0,1.93,0.11,0.0
31,CrossEntropyLoss,RPS,0.010000000000000009,1.0,3.54,2.54,,0.0,2.54,0.0,0.0
31,CrossEntropyLoss,RPS,0.020000000000000018,1.0,3.44,2.44,,0.0,2.44,0.0,0.0
31,CrossEntropyLoss,RPS,0.030000000000000027,0.98,3.2,2.2,1.0,1.0,3.5333333333333328,0.02,0.0
31,CrossEntropyLoss,RPS,0.050000000000000044,0.96,2.59,1.59,1.0,1.0,3.189999999999999,0.04,0.0
31,CrossEntropyLoss,RPS,0.07999999999999996,0.91,2.25,1.25,1.0,1.0,3.5000000000000013,0.09,0.0
31,CrossEntropyLoss,RPS,0.09999999999999998,0.91,2.17,1.17,1.0,1.0,2.97,0.09,0.0
31,CrossEntropyLoss,RPS,0.13,0.89,2.06,1.06,1.0,1.0,2.7523076923076917,0.11,0.0
31,CrossEntropyLoss,RPS,0.15000000000000002,0.87,1.77,0.77,1.0,1.0,2.503333333333333,0.13,0.0
31,CrossEntropyLoss,RPS,0.18000000000000005,0.86,1.67,0.67,1.0,1.0,2.225555555555555,0.14,0.0
31,CrossEntropyLoss,RPS,0.19999999999999996,0.84,1.57,0.57,1.0,1.0,2.17,0.16,0.0
31,CrossEntropyLoss,OCDF,0.010000000000000009,0.99,5.13,4.13,1.0,1.0,6.129999999999998,0.01,0.0
31,CrossEntropyLoss,OCDF,0.020000000000000018,0.99,5.13,4.13,1.0,1.0,5.129999999999999,0.01,0.0
31,CrossEntropyLoss,OCDF,0.030000000000000027,0.99,4.95,3.95,1.0,1.0,4.616666666666666,0.01,0.0
31,CrossEntropyLoss,OCDF,0.050000000000000044,0.97,4.84,3.84,1.0,1.0,5.039999999999999,0.03,0.0
31,CrossEntropyLoss,OCDF,0.07999999999999996,0.95,4.56,3.56,1.0,1.0,4.810000000000001,0.05,0.0
31,CrossEntropyLoss,OCDF,0.09999999999999998,0.92,4.39,3.39,1.0,1.0,4.99,0.08,0.0
31,CrossEntropyLoss,OCDF,0.13,0.92,4.29,3.29,1.0,1.0,4.520769230769231,0.08,0.0
31,CrossEntropyLoss,OCDF,0.15000000000000002,0.9,4.21,3.21,1.0,1.0,4.543333333333333,0.1,0.0
31,CrossEntropyLoss,OCDF,0.18000000000000005,0.89,4.03,3.03,1.0,1.0,4.252222222222222,0.11,0.0
31,CrossEntropyLoss,OCDF,0.19999999999999996,0.89,4.03,3.03,1.0,1.0,4.13,0.11,0.0
31,CrossEntropyLoss,APS,0.010000000000000009,1.0,5.7,4.87,,0.0,4.87,0.0,0.16000000000000003
31,CrossEntropyLoss,APS,0.020000000000000018,0.99,5.63,4.87,1.0,1.0,4.87,0.01,0.22999999999999998
31,CrossEntropyLoss,APS,0.030000000000000027,0.98,5.49,4.84,1.0,1.0,4.84,0.02,0.33999999999999997
31,CrossEntropyLoss,APS,0.050000000000000044,0.98,4.71,4.39,1.0,1.0,4.39,0.02,0.56
31,CrossEntropyLoss,APS,0.07999999999999996,0.97,3.19,2.61,1.0,1.0,3.11,0.03,0.31999999999999995
31,CrossEntropyLoss,APS,0.09999999999999998,0.91,2.47,1.8,1.0,1.0,3.2,0.09,0.24
31,CrossEntropyLoss,APS,0.13,0.89,2.2,1.44,1.3636363636363635,5.0,2.9784615384615383,0.15,0.15000000000000002
31,CrossEntropyLoss,APS,0.15000000000000002,0.86,2.04,1.21,1.8571428571428572,5.0,3.3433333333333333,0.26,0.08999999999999997
31,CrossEntropyLoss,APS,0.18000000000000005,0.83,1.87,1.03,2.176470588235294,5.0,3.2522222222222217,0.37,0.07999999999999996
31,CrossEntropyLoss,APS,0.19999999999999996,0.81,1.79,0.96,2.0526315789473686,5.0,3.16,0.39,0.08999999999999997
31,CrossEntropyLoss,LAC,0.010000000000000009,1.0,5.43,4.73,,0.0,4.73,0.0,0.20999999999999996
31,CrossEntropyLoss,LAC,0.020000000000000018,1.0,5.4,4.67,,0.0,4.67,0.0,0.19999999999999996
31,CrossEntropyLoss,LAC,0.030000000000000027,1.0,5.4,4.67,,0.0,4.67,0.0,0.19999999999999996
31,CrossEntropyLoss,LAC,0.050000000000000044,0.99,4.66,3.99,1.0,1.0,3.99,0.01,0.25
31,CrossEntropyLoss,LAC,0.07999999999999996,0.95,3.26,2.55,1.0,1.0,3.3,0.05,0.25
31,CrossEntropyLoss,LAC,0.09999999999999998,0.94,2.67,1.87,1.0,1.0,2.87,0.06,0.15000000000000002
31,CrossEntropyLoss,LAC,0.13,0.91,2.32,1.48,1.0,1.0,2.710769230769231,0.09,0.12
31,CrossEntropyLoss,LAC,0.15000000000000002,0.9,2.24,1.4,1.0,1.0,2.6,0.1,0.12
31,CrossEntropyLoss,LAC,0.18000000000000005,0.89,1.94,1.05,1.0,1.0,2.161111111111111,0.11,0.08999999999999997
31,CrossEntropyLoss,LAC,0.19999999999999996,0.89,1.89,1.0,1.0,1.0,2.0,0.11,0.08999999999999997
32,CrossEntropyLoss,min-CPS,0.010000000000000009,0.99,4.44,3.44,1.0,1.0,5.439999999999998,0.01,0.0
32,CrossEntropyLoss,min-CPS,0.020000000000000018,0.96,3.7,2.7,1.0,1.0,6.699999999999997,0.04,0.0
32,CrossEntropyLoss,min-CPS,0.030000000000000027,0.95,3.33,2.33,1.0,1.0,5.66333333333333,0.05,0.0
32,CrossEntropyLoss,min-CPS,0.050000000000000044,0.94,3.03,2.03,1.0,1.0,4.429999999999998,0.06,0.0
32,CrossEntropyLoss,min-CPS,0.07999999999999996,0.93,2.7,1.7,1.0,1.0,3.450000000000001,0.07,0.0
32,CrossEntropyLoss,min-CPS,0.09999999999999998,0.89,2.17,1.17,1.0,1.0,3.37,0.11,0.0
32,CrossEntropyLoss,min-CPS,0.13,0.84,2.02,1.02,1.0625,2.0,3.635384615384615,0.17,0.0
32,CrossEntropyLoss,min-CPS,0.15000000000000002,0.84,2.01,1.01,1.0625,2.0,3.2766666666666664,0.17,0.0
32,CrossEntropyLoss,min-CPS,0.18000000000000005,0.8,1.71,0.71,1.05,2.0,3.0433333333333326,0.21,0.0
32,CrossEntropyLoss,min-CPS,0.19999999999999996,0.77,1.65,0.65,1.0434782608695652,2.0,3.05,0.24,0.0
32,CrossEntropyLoss,RPS,0.010000000000000009,0.99,3.4,2.4,1.0,1.0,4.399999999999999,0.01,0.0
32,CrossEntropyLoss,RPS,0.020000000000000018,0.99,3.24,2.24,1.0,1.0,3.239999999999999,0.01,0.0
32,CrossEntropyLoss,RPS,0.030000000000000027,0.99,3.19,2.19,1.0,1.0,2.8566666666666665,0.01,0.0
32,CrossEntropyLoss,RPS,0.050000000000000044,0.92,2.43,1.43,1.0,1.0,4.629999999999997,0.08,0.0
32,CrossEntropyLoss,RPS,0.07999999999999996,0.88,2.22,1.22,1.0,1.0,4.2200000000000015,0.12,0.0
32,CrossEntropyLoss,RPS,0.09999999999999998,0.86,2.15,1.15,1.0,1.0,3.95,0.14,0.0
32,CrossEntropyLoss,RPS,0.13,0.83,1.79,0.79,1.0,1.0,3.405384615384615,0.17,0.0
32,CrossEntropyLoss,RPS,0.15000000000000002,0.81,1.61,0.61,1.0526315789473684,2.0,3.2766666666666664,0.2,0.0
32,CrossEntropyLoss,RPS,0.18000000000000005,0.76,1.5,0.5,1.0416666666666667,2.0,3.2777777777777772,0.25,0.0
32,CrossEntropyLoss,RPS,0.19999999999999996,0.75,1.45,0.46,1.2,5.0,3.2600000000000007,0.3,0.0
32,CrossEntropyLoss,OCDF,0.010000000000000009,1.0,5.29,4.29,,0.0,4.29,0.0,0.0
32,CrossEntropyLoss,OCDF,0.020000000000000018,1.0,5.19,4.19,,0.0,4.19,0.0,0.0
32,CrossEntropyLoss,OCDF,0.030000000000000027,0.95,4.85,3.85,1.2,2.0,7.849999999999998,0.06,0.0
32,CrossEntropyLoss,OCDF,0.050000000000000044,0.95,4.65,3.65,1.2,2.0,6.049999999999998,0.06,0.0
32,CrossEntropyLoss,OCDF,0.07999999999999996,0.92,4.47,3.47,1.125,2.0,5.720000000000002,0.09,0.0
32,CrossEntropyLoss,OCDF,0.09999999999999998,0.9,4.35,3.35,1.1,2.0,5.55,0.11,0.0
32,CrossEntropyLoss,OCDF,0.13,0.84,4.04,3.04,1.0625,2.0,5.655384615384616,0.17,0.0
32,CrossEntropyLoss,OCDF,0.15000000000000002,0.81,3.95,2.95,1.0526315789473684,2.0,5.616666666666666,0.2,0.0
32,CrossEntropyLoss,OCDF,0.18000000000000005,0.78,3.66,2.66,1.0454545454545454,2.0,5.215555555555555,0.23,0.0
32,CrossEntropyLoss,OCDF,0.19999999999999996,0.77,3.57,2.57,1.0434782608695652,2.0,4.97,0.24,0.0
32,CrossEntropyLoss,APS,0.010000000000000009,1.0,5.8,4.96,,0.0,4.96,0.0,0.16000000000000003
32,CrossEntropyLoss,APS,0.020000000000000018,1.0,5.73,4.95,,0.0,4.95,0.0,0.20999999999999996
32,CrossEntropyLoss,APS,0.030000000000000027,1.0,5.48,4.83,,0.0,4.83,0.0,0.31999999999999995
32,CrossEntropyLoss,APS,0.050000000000000044,0.93,3.32,2.81,1.0,1.0,4.409999999999999,0.07,0.39
32,CrossEntropyLoss,APS,0.07999999999999996,0.89,2.58,1.85,1.3636363636363635,5.0,3.350000000000001,0.15,0.22999999999999998
32,CrossEntropyLoss,APS,0.09999999999999998,0.89,2.51,1.77,1.3636363636363635,5.0,2.97,0.15,0.20999999999999996
32,CrossEntropyLoss,APS,0.13,0.83,2.0,1.22,1.9411764705882353,5.0,3.3738461538461535,0.33,0.14
32,CrossEntropyLoss,APS,0.15000000000000002,0.83,1.99,1.2,1.9411764705882353,5.0,3.2,0.33,0.13
32,CrossEntropyLoss,APS,0.18000000000000005,0.81,1.91,1.08,1.8421052631578947,5.0,2.968888888888888,0.35,0.10999999999999999
32,CrossEntropyLoss,APS,0.19999999999999996,0.8,1.82,1.0,2.0,5.0,2.8,0.4,0.10999999999999999
32,CrossEntropyLoss,LAC,0.010000000000000009,1.0,5.4,4.59,,0.0,4.59,0.0,0.17000000000000004
32,CrossEntropyLoss,LAC,0.020000000000000018,0.95,4.55,3.87,1.0,1.0,5.869999999999997,0.05,0.29000000000000004
32,CrossEntropyLoss,LAC,0.030000000000000027,0.95,4.08,3.39,1.0,1.0,5.389999999999999,0.05,0.25
32,CrossEntropyLoss,LAC,0.050000000000000044,0.9,3.1,2.35,1.0,1.0,4.749999999999997,0.1,0.21999999999999997
32,CrossEntropyLoss,LAC,0.07999999999999996,0.89,2.55,1.76,1.0,1.0,3.510000000000001,0.11,0.16000000000000003
32,CrossEntropyLoss,LAC,0.09999999999999998,0.89,2.41,1.6,1.0,1.0,3.0,0.11,0.16000000000000003
32,CrossEntropyLoss,LAC,0.13,0.86,2.03,1.15,1.0714285714285714,2.0,3.15,0.15,0.09999999999999998
32,CrossEntropyLoss,LAC,0.15000000000000002,0.84,1.89,1.02,1.0625,2.0,3.02,0.17,0.09999999999999998
32,CrossEntropyLoss,LAC,0.18000000000000005,0.81,1.66,0.78,1.0526315789473684,2.0,2.7799999999999994,0.2,0.09999999999999998
32,CrossEntropyLoss,LAC,0.19999999999999996,0.81,1.64,0.75,1.0526315789473684,2.0,2.55,0.2,0.08999999999999997
33,CrossEntropyLoss,min-CPS,0.010000000000000009,1.0,4.8,3.8,,0.0,3.8,0.0,0.0
33,CrossEntropyLoss,min-CPS,0.020000000000000018,1.0,4.79,3.79,,0.0,3.79,0.0,0.0
33,CrossEntropyLoss,min-CPS,0.030000000000000027,0.98,4.11,3.11,1.0,1.0,4.4433333333333325,0.02,0.0
33,CrossEntropyLoss,min-CPS,0.050000000000000044,0.96,3.15,2.15,1.0,1.0,3.7499999999999982,0.04,0.0
33,CrossEntropyLoss,min-CPS,0.07999999999999996,0.87,2.1,1.1,1.0,1.0,4.350000000000001,0.13,0.0
33,CrossEntropyLoss,min-CPS,0.09999999999999998,0.82,1.99,0.99,1.0555555555555556,2.0,4.790000000000001,0.19,0.0
33,CrossEntropyLoss,min-CPS,0.13,0.82,1.82,0.82,1.1111111111111112,2.0,3.896923076923076,0.2,0.0
33,CrossEntropyLoss,min-CPS,0.15000000000000002,0.79,1.72,0.72,1.0952380952380953,2.0,3.786666666666666,0.23,0.0
33,CrossEntropyLoss,min-CPS,0.18000000000000005,0.73,1.51,0.51,1.1481481481481481,2.0,3.9544444444444435,0.31,0.0
33,CrossEntropyLoss,min-CPS,0.19999999999999996,0.72,1.5,0.5,1.1428571428571428,2.0,3.700000000000001,0.32,0.0
33,CrossEntropyLoss,RPS,0.010000000000000009,0.95,2.91,1.91,1.0,1.0,11.909999999999991,0.05,0.0
33,CrossEntropyLoss,RPS,0.020000000000000018,0.95,2.83,1.83,1.0,1.0,6.829999999999996,0.05,0.0
33,CrossEntropyLoss,RPS,0.030000000000000027,0.93,2.56,1.56,1.0,1.0,6.226666666666663,0.07,0.0
33,CrossEntropyLoss,RPS,0.050000000000000044,0.93,2.48,1.48,1.0,1.0,4.279999999999998,0.07,0.0
33,CrossEntropyLoss,RPS,0.07999999999999996,0.87,2.17,1.17,1.0,1.0,4.420000000000002,0.13,0.0
33,CrossEntropyLoss,RPS,0.09999999999999998,0.86,2.12,1.12,1.0,1.0,3.92,0.14,0.0
33,CrossEntropyLoss,RPS,0.13,0.82,1.77,0.77,1.0555555555555556,2.0,3.6930769230769225,0.19,0.0
33,CrossEntropyLoss,RPS,0.15000000000000002,0.82,1.67,0.67,1.1111111111111112,2.0,3.3366666666666664,0.2,0.0
33,CrossEntropyLoss,RPS,0.18000000000000005,0.8,1.61,0.61,1.1,2.0,3.0544444444444436,0.22,0.0
33,CrossEntropyLoss,RPS,0.19999999999999996,0.75,1.52,0.52,1.08,2.0,3.22,0.27,0.0
33,CrossEntropyLoss,OCDF,0.010000000000000009,0.96,4.93,3.93,1.0,1.0,11.929999999999993,0.04,0.0
33,CrossEntropyLoss,OCDF,0.020000000000000018,0.95,4.82,3.82,1.2,2.0,9.819999999999995,0.06,0.0
33,CrossEntropyLoss,OCDF,0.030000000000000027,0.93,4.6,3.6,1.1428571428571428,2.0,8.93333333333333,0.08,0.0
33,CrossEntropyLoss,OCDF,0.050000000000000044,0.92,4.51,3.51,1.125,2.0,7.109999999999998,0.09,0.0
33,CrossEntropyLoss,OCDF,0.07999999999999996,0.87,4.21,3.21,1.0769230769230769,2.0,6.710000000000003,0.14,0.0
33,CrossEntropyLoss,OCDF,0.09999999999999998,0.84,4.05,3.05,1.0625,2.0,6.45,0.17,0.0
33,CrossEntropyLoss,OCDF,0.13,0.82,3.96,2.96,1.0555555555555556,2.0,5.883076923076922,0.19,0.0
33,CrossEntropyLoss,OCDF,0.15000000000000002,0.78,3.76,2.76,1.0454545454545454,2.0,5.826666666666667,0.23,0.0
33,CrossEntropyLoss,OCDF,0.18000000000000005,0.72,3.37,2.37,1.0714285714285714,2.0,5.703333333333331,0.3,0.0
33,CrossEntropyLoss,OCDF,0.19999999999999996,0.71,3.3,2.3,1.0689655172413792,2.0,5.4,0.31,0.0
33,CrossEntropyLoss,APS,0.010000000000000009,1.0,5.78,4.95,,0.0,4.95,0.0,0.17000000000000004
33,CrossEntropyLoss,APS,0.020000000000000018,0.99,5.41,4.77,1.0,1.0,4.77,0.01,0.35
33,CrossEntropyLoss,APS,0.030000000000000027,0.98,4.95,4.56,1.0,1.0,4.56,0.02,0.48
33,CrossEntropyLoss,APS,0.050000000000000044,0.91,3.2,2.63,1.0,1.0,4.629999999999998,0.09,0.31000000000000005
33,CrossEntropyLoss,APS,0.07999999999999996,0.86,2.46,1.78,1.0,1.0,4.280000000000001,0.14,0.22999999999999998
33,CrossEntropyLoss,APS,0.09999999999999998,0.84,2.19,1.47,1.25,5.0,4.27,0.2,0.18999999999999995
33,CrossEntropyLoss,APS,0.13,0.81,1.95,1.2,1.4736842105263157,5.0,3.8153846153846147,0.28,0.18000000000000005
33,CrossEntropyLoss,APS,0.15000000000000002,0.8,1.85,1.02,1.45,5.0,3.5533333333333332,0.29,0.14
33,CrossEntropyLoss,APS,0.18000000000000005,0.8,1.83,1.0,1.45,5.0,3.1111111111111107,0.29,0.14
33,CrossEntropyLoss,APS,0.19999999999999996,0.78,1.79,0.95,1.4090909090909092,5.0,3.15,0.31,0.13
33,CrossEntropyLoss,LAC,0.010000000000000009,0.98,5.37,4.69,1.0,1.0,4.69,0.02,0.24
33,CrossEntropyLoss,LAC,0.020000000000000018,0.98,5.18,4.54,1.0,1.0,5.539999999999999,0.02,0.25
33,CrossEntropyLoss,LAC,0.030000000000000027,0.98,4.88,4.2,1.0,1.0,5.533333333333332,0.02,0.24
33,CrossEntropyLoss,LAC,0.050000000000000044,0.96,3.87,3.23,1.0,1.0,4.029999999999999,0.04,0.27
33,CrossEntropyLoss,LAC,0.07999999999999996,0.89,2.46,1.67,1.0,1.0,3.4200000000000013,0.11,0.17000000000000004
33,CrossEntropyLoss,LAC,0.09999999999999998,0.82,1.9,1.0,1.0555555555555556,2.0,4.4,0.19,0.08999999999999997
33,CrossEntropyLoss,LAC,0.13,0.82,1.87,0.97,1.0555555555555556,2.0,3.5853846153846147,0.19,0.08999999999999997
33,CrossEntropyLoss,LAC,0.15000000000000002,0.82,1.82,0.93,1.0555555555555556,2.0,3.1966666666666663,0.19,0.09999999999999998
33,CrossEntropyLoss,LAC,0.18000000000000005,0.77,1.66,0.75,1.0869565217391304,2.0,3.305555555555555,0.25,0.07999999999999996
33,CrossEntropyLoss,LAC,0.19999999999999996,0.76,1.63,0.72,1.0833333333333333,2.0,3.12,0.26,0.07999999999999996
34,CrossEntropyLoss,min-CPS,0.010000000000000009,0.99,4.49,3.49,1.0,1.0,5.4899999999999975,0.01,0.0
34,CrossEntropyLoss,min-CPS,0.020000000000000018,0.99,4.44,3.44,1.0,1.0,4.439999999999999,0.01,0.0
34,CrossEntropyLoss,min-CPS,0.030000000000000027,0.99,4.22,3.22,1.0,1.0,3.8866666666666663,0.01,0.0
34,CrossEntropyLoss,min-CPS,0.050000000000000044,0.98,3.31,2.31,1.0,1.0,3.1099999999999994,0.02,0.0
34,CrossEntropyLoss,min-CPS,0.07999999999999996,0.98,3.21,2.21,1.0,1.0,2.71,0.02,0.0
34,CrossEntropyLoss,min-CPS,0.09999999999999998,0.98,2.96,1.96,1.0,1.0,2.36,0.02,0.0
34,CrossEntropyLoss,min-CPS,0.13,0.93,2.19,1.19,1.0,1.0,2.2669230769230766,0.07,0.0
34,CrossEntropyLoss,min-CPS,0.15000000000000002,0.92,2.16,1.16,1.0,1.0,2.2266666666666666,0.08,0.0
34,CrossEntropyLoss,min-CPS,0.18000000000000005,0.89,2.05,1.05,1.0,1.0,2.2722222222222217,0.11,0.0
34,CrossEntropyLoss,min-CPS,0.19999999999999996,0.88,1.91,0.91,1.0,1.0,2.11,0.12,0.0
34,CrossEntropyLoss,RPS,0.010000000000000009,1.0,3.55,2.55,,0.0,2.55,0.0,0.0
34,CrossEntropyLoss,RPS,0.020000000000000018,0.99,3.35,2.35,1.0,1.0,3.3499999999999988,0.01,0.0
34,CrossEntropyLoss,RPS,0.030000000000000027,0.99,3.27,2.27,1.0,1.0,2.936666666666666,0.01,0.0
34,CrossEntropyLoss,RPS,0.050000000000000044,0.98,2.87,1.87,1.0,1.0,2.6699999999999995,0.02,0.0
34,CrossEntropyLoss,RPS,0.07999999999999996,0.94,2.42,1.42,1.0,1.0,2.9200000000000013,0.06,0.0
34,CrossEntropyLoss,RPS,0.09999999999999998,0.93,2.29,1.29,1.0,1.0,2.69,0.07,0.0
34,CrossEntropyLoss,RPS,0.13,0.92,2.17,1.17,1.0,1.0,2.4007692307692308,0.08,0.0
34,CrossEntropyLoss,RPS,0.15000000000000002,0.85,1.77,0.77,1.0666666666666667,2.0,2.9033333333333333,0.16,0.0
34,CrossEntropyLoss,RPS,0.18000000000000005,0.82,1.61,0.61,1.0555555555555556,2.0,2.72111111111111,0.19,0.0
34,CrossEntropyLoss,RPS,0.19999999999999996,0.79,1.56,0.56,1.0476190476190477,2.0,2.76,0.22,0.0
34,CrossEntropyLoss,OCDF,0.010000000000000009,0.99,5.2,4.2,1.0,1.0,6.1999999999999975,0.01,0.0
34,CrossEntropyLoss,OCDF,0.020000000000000018,0.99,5.2,4.2,1.0,1.0,5.199999999999999,0.01,0.0
34,CrossEntropyLoss,OCDF,0.030000000000000027,0.98,4.99,3.99,1.0,1.0,5.323333333333332,0.02,0.0
34,CrossEntropyLoss,OCDF,0.050000000000000044,0.98,4.91,3.91,1.0,1.0,4.709999999999999,0.02,0.0
34,CrossEntropyLoss,OCDF,0.07999999999999996,0.98,4.73,3.73,1.0,1.0,4.23,0.02,0.0
34,CrossEntropyLoss,OCDF,0.09999999999999998,0.95,4.6,3.6,1.0,1.0,4.6,0.05,0.0
34,CrossEntropyLoss,OCDF,0.13,0.91,4.36,3.36,1.0,1.0,4.7446153846153845,0.09,0.0
34,CrossEntropyLoss,OCDF,0.15000000000000002,0.89,4.13,3.13,1.0,1.0,4.596666666666667,0.11,0.0
34,CrossEntropyLoss,OCDF,0.18000000000000005,0.84,3.96,2.96,1.0,1.0,4.737777777777777,0.16,0.0
34,CrossEntropyLoss,OCDF,0.19999999999999996,0.68,3.09,2.09,1.0625,2.0,5.49,0.34,0.0
34,CrossEntropyLoss,APS,0.010000000000000009,1.0,5.72,4.9,,0.0,4.9,0.0,0.18000000000000005
34,CrossEntropyLoss,APS,0.020000000000000018,1.0,5.57,4.85,,0.0,4.85,0.0,0.27
34,CrossEntropyLoss,APS,0.030000000000000027,1.0,5.56,4.84,,0.0,4.84,0.0,0.27
34,CrossEntropyLoss,APS,0.050000000000000044,0.99,4.55,4.26,1.0,1.0,4.26,0.01,0.55
34,CrossEntropyLoss,APS,0.07999999999999996,0.98,3.91,3.53,1.0,1.0,3.53,0.02,0.45999999999999996
34,CrossEntropyLoss,APS,0.09999999999999998,0.95,3.18,2.64,1.8,5.0,3.44,0.09,0.36
34,CrossEntropyLoss,APS,0.13,0.92,2.47,1.86,1.5,5.0,2.7830769230769232,0.12,0.26
34,CrossEntropyLoss,APS,0.15000000000000002,0.9,2.26,1.6,1.8,5.0,2.666666666666666,0.18,0.21999999999999997
34,CrossEntropyLoss,APS,0.18000000000000005,0.88,2.09,1.38,1.6666666666666667,5.0,2.491111111111111,0.2,0.18000000000000005
34,CrossEntropyLoss,APS,0.19999999999999996,0.87,2.01,1.28,1.6153846153846154,5.0,2.38,0.21,0.16000000000000003
34,CrossEntropyLoss,LAC,0.010000000000000009,1.0,5.43,4.67,,0.0,4.67,0.0,0.18999999999999995
34,CrossEntropyLoss,LAC,0.020000000000000018,1.0,5.39,4.64,,0.0,4.64,0.0,0.19999999999999996
34,CrossEntropyLoss,LAC,0.030000000000000027,0.98,4.89,4.22,1.0,1.0,4.22,0.02,0.27
34,CrossEntropyLoss,LAC,0.050000000000000044,0.98,4.56,3.86,1.0,1.0,3.86,0.02,0.25
34,CrossEntropyLoss,LAC,0.07999999999999996,0.95,3.45,2.8,1.0,1.0,3.3,0.05,0.29000000000000004
34,CrossEntropyLoss,LAC,0.09999999999999998,0.95,3.12,2.44,1.0,1.0,2.84,0.05,0.25
34,CrossEntropyLoss,LAC,0.13,0.95,2.65,1.9,1.0,1.0,2.3615384615384616,0.05,0.18000000000000005
34,CrossEntropyLoss,LAC,0.15000000000000002,0.95,2.52,1.75,1.0,1.0,2.15,0.05,0.18000000000000005
34,CrossEntropyLoss,LAC,0.18000000000000005,0.95,2.38,1.6,1.0,1.0,1.9333333333333331,0.05,0.16000000000000003
34,CrossEntropyLoss,LAC,0.19999999999999996,0.92,1.96,1.12,1.0,1.0,1.82,0.08,0.12
35,CrossEntropyLoss,min-CPS,0.010000000000000009,1.0,4.8,3.8,,0.0,3.8,0.0,0.0
35,CrossEntropyLoss,min-CPS,0.020000000000000018,1.0,4.73,3.73,,0.0,3.73,0.0,0.0
35,CrossEntropyLoss,min-CPS,0.030000000000000027,1.0,4.34,3.34,,0.0,3.34,0.0,0.0
35,CrossEntropyLoss,min-CPS,0.050000000000000044,1.0,4.07,3.07,,0.0,3.07,0.0,0.0
35,CrossEntropyLoss,min-CPS,0.07999999999999996,0.98,3.12,2.12,1.0,1.0,2.62,0.02,0.0
35,CrossEntropyLoss,min-CPS,0.09999999999999998,0.94,2.42,1.42,1.0,1.0,2.62,0.06,0.0
35,CrossEntropyLoss,min-CPS,0.13,0.95,2.36,1.36,1.0,1.0,2.1292307692307695,0.05,0.0
35,CrossEntropyLoss,min-CPS,0.15000000000000002,0.95,2.15,1.15,1.0,1.0,1.8166666666666667,0.05,0.0
35,CrossEntropyLoss,min-CPS,0.18000000000000005,0.93,2.05,1.05,1.0,1.0,1.8277777777777775,0.07,0.0
35,CrossEntropyLoss,min-CPS,0.19999999999999996,0.94,1.98,0.98,1.0,1.0,1.58,0.06,0.0
35,CrossEntropyLoss,RPS,0.010000000000000009,1.0,3.52,2.52,,0.0,2.52,0.0,0.0
35,CrossEntropyLoss,RPS,0.020000000000000018,0.99,3.29,2.29,1.0,1.0,3.2899999999999987,0.01,0.0
35,CrossEntropyLoss,RPS,0.030000000000000027,0.99,3.18,2.18,1.0,1.0,2.8466666666666662,0.01,0.0
35,CrossEntropyLoss,RPS,0.050000000000000044,0.98,2.85,1.85,1.0,1.0,2.6499999999999995,0.02,0.0
35,CrossEntropyLoss,RPS,0.07999999999999996,0.98,2.59,1.59,1.0,1.0,2.0900000000000003,0.02,0.0
35,CrossEntropyLoss,RPS,0.09999999999999998,0.98,2.5,1.5,1.0,1.0,1.9,0.02,0.0
35,CrossEntropyLoss,RPS,0.13,0.96,2.31,1.31,1.0,1.0,1.9253846153846155,0.04,0.0
35,CrossEntropyLoss,RPS,0.15000000000000002,0.94,2.19,1.19,1.0,1.0,1.99,0.06,0.0
35,CrossEntropyLoss,RPS,0.18000000000000005,0.94,2.14,1.14,1.0,1.0,1.8066666666666662,0.06,0.0
35,CrossEntropyLoss,RPS,0.19999999999999996,0.92,1.77,0.77,1.0,1.0,1.57,0.08,0.0
35,CrossEntropyLoss,OCDF,0.010000000000000009,1.0,5.29,4.29,,0.0,4.29,0.0,0.0
35,CrossEntropyLoss,OCDF,0.020000000000000018,1.0,5.13,4.13,,0.0,4.13,0.0,0.0
35,CrossEntropyLoss,OCDF,0.030000000000000027,1.0,5.12,4.12,,0.0,4.12,0.0,0.0
35,CrossEntropyLoss,OCDF,0.050000000000000044,0.98,4.85,3.85,1.0,1.0,4.6499999999999995,0.02,0.0
35,CrossEntropyLoss,OCDF,0.07999999999999996,0.92,4.36,3.36,1.0,1.0,5.360000000000002,0.08,0.0
35,CrossEntropyLoss,OCDF,0.09999999999999998,0.91,4.3,3.3,1.0,1.0,5.1,0.09,0.0
35,CrossEntropyLoss,OCDF,0.13,0.87,4.04,3.04,1.0,1.0,5.04,0.13,0.0
35,CrossEntropyLoss,OCDF,0.15000000000000002,0.87,3.97,2.97,1.0,1.0,4.703333333333332,0.13,0.0
35,CrossEntropyLoss,OCDF,0.18000000000000005,0.86,3.94,2.94,1.0,1.0,4.495555555555555,0.14,0.0
35,CrossEntropyLoss,OCDF,0.19999999999999996,0.84,3.78,2.78,1.0,1.0,4.38,0.16,0.0
35,CrossEntropyLoss,APS,0.010000000000000009,1.0,5.45,4.8,,0.0,4.8,0.0,0.31999999999999995
35,CrossEntropyLoss,APS,0.020000000000000018,1.0,5.39,4.77,,0.0,4.77,0.0,0.33999999999999997
35,CrossEntropyLoss,APS,0.030000000000000027,0.99,5.37,4.76,1.0,1.0,4.76,0.01,0.35
35,CrossEntropyLoss,APS,0.050000000000000044,0.97,4.3,4.03,1.0,1.0,4.03,0.03,0.54
35,CrossEntropyLoss,APS,0.07999999999999996,0.96,3.3,2.89,1.0,1.0,3.14,0.04,0.43000000000000005
35,CrossEntropyLoss,APS,0.09999999999999998,0.93,2.79,2.22,1.5714285714285714,5.0,2.42,0.11,0.30000000000000004
35,CrossEntropyLoss,APS,0.13,0.92,2.56,1.9,1.5,5.0,2.207692307692308,0.12,0.22999999999999998
35,CrossEntropyLoss,APS,0.15000000000000002,0.89,2.13,1.41,2.090909090909091,5.0,2.3433333333333333,0.23,0.18999999999999995
35,CrossEntropyLoss,APS,0.18000000000000005,0.83,1.9,1.19,2.411764705882353,5.0,2.523333333333333,0.41,0.17000000000000004
35,CrossEntropyLoss,APS,0.19999999999999996,0.8,1.75,1.01,2.4,5.0,2.81,0.48,0.15000000000000002
35,CrossEntropyLoss,LAC,0.010000000000000009,1.0,5.37,4.59,,0.0,4.59,0.0,0.17000000000000004
35,CrossEntropyLoss,LAC,0.020000000000000018,1.0,5.33,4.53,,0.0,4.53,0.0,0.17000000000000004
35,CrossEntropyLoss,LAC,0.030000000000000027,1.0,5.33,4.53,,0.0,4.53,0.0,0.17000000000000004
35,CrossEntropyLoss,LAC,0.050000000000000044,0.99,4.65,3.96,1.0,1.0,3.96,0.01,0.25
35,CrossEntropyLoss,LAC,0.07999999999999996,0.98,3.69,3.1,1.0,1.0,3.1,0.02,0.30000000000000004
35,CrossEntropyLoss,LAC,0.09999999999999998,0.93,2.52,1.79,1.0,1.0,2.39,0.07,0.20999999999999996
35,CrossEntropyLoss,LAC,0.13,0.91,2.23,1.44,1.0,1.0,2.2092307692307696,0.09,0.16000000000000003
35,CrossEntropyLoss,LAC,0.15000000000000002,0.91,2.21,1.4,1.0,1.0,2.0666666666666664,0.09,0.15000000000000002
35,CrossEntropyLoss,LAC,0.18000000000000005,0.88,1.85,1.01,1.0,1.0,2.01,0.12,0.12
35,CrossEntropyLoss,LAC,0.19999999999999996,0.88,1.81,0.94,1.0,1.0,1.84,0.12,0.09999999999999998
36,CrossEntropyLoss,min-CPS,0.010000000000000009,1.0,4.83,3.83,,0.0,3.83,0.0,0.0
36,CrossEntropyLoss,min-CPS,0.020000000000000018,1.0,4.76,3.76,,0.0,3.76,0.0,0.0
36,CrossEntropyLoss,min-CPS,0.030000000000000027,0.98,4.01,3.01,1.0,1.0,4.343333333333333,0.02,0.0
36,CrossEntropyLoss,min-CPS,0.050000000000000044,0.98,3.22,2.22,1.0,1.0,3.0199999999999996,0.02,0.0
36,CrossEntropyLoss,min-CPS,0.07999999999999996,0.93,2.62,1.62,1.0,1.0,3.370000000000001,0.07,0.0
36,CrossEntropyLoss,min-CPS,0.09999999999999998,0.9,2.15,1.15,1.0,1.0,3.15,0.1,0.0
36,CrossEntropyLoss,min-CPS,0.13,0.88,2.02,1.02,1.0,1.0,2.866153846153846,0.12,0.0
36,CrossEntropyLoss,min-CPS,0.15000000000000002,0.88,1.95,0.95,1.0833333333333333,2.0,2.683333333333333,0.13,0.0
36,CrossEntropyLoss,min-CPS,0.18000000000000005,0.85,1.68,0.68,1.1333333333333333,2.0,2.568888888888888,0.17,0.0
36,CrossEntropyLoss,min-CPS,0.19999999999999996,0.85,1.67,0.67,1.1333333333333333,2.0,2.37,0.17,0.0
36,CrossEntropyLoss,RPS,0.010000000000000009,0.97,3.2,2.2,1.0,1.0,8.199999999999996,0.03,0.0
36,CrossEntropyLoss,RPS,0.020000000000000018,0.93,2.56,1.56,1.0,1.0,8.559999999999995,0.07,0.0
36,CrossEntropyLoss,RPS,0.030000000000000027,0.93,2.52,1.52,1.0,1.0,6.186666666666663,0.07,0.0
36,CrossEntropyLoss,RPS,0.050000000000000044,0.93,2.42,1.42,1.0,1.0,4.219999999999998,0.07,0.0
36,CrossEntropyLoss,RPS,0.07999999999999996,0.89,2.17,1.17,1.0,1.0,3.9200000000000017,0.11,0.0
36,CrossEntropyLoss,RPS,0.09999999999999998,0.88,2.06,1.06,1.0,1.0,3.46,0.12,0.0
36,CrossEntropyLoss,RPS,0.13,0.86,1.82,0.82,1.0,1.0,2.9738461538461536,0.14,0.0
36,CrossEntropyLoss,RPS,0.15000000000000002,0.85,1.76,0.76,1.0666666666666667,2.0,2.893333333333333,0.16,0.0
36,CrossEntropyLoss,RPS,0.18000000000000005,0.83,1.6,0.6,1.1176470588235294,2.0,2.711111111111111,0.19,0.0
36,CrossEntropyLoss,RPS,0.19999999999999996,0.83,1.6,0.6,1.1176470588235294,2.0,2.5,0.19,0.0
36,CrossEntropyLoss,OCDF,0.010000000000000009,1.0,5.23,4.23,,0.0,4.23,0.0,0.0
36,CrossEntropyLoss,OCDF,0.020000000000000018,1.0,5.12,4.12,,0.0,4.12,0.0,0.0
36,CrossEntropyLoss,OCDF,0.030000000000000027,0.99,5.02,4.02,1.0,1.0,4.6866666666666665,0.01,0.0
36,CrossEntropyLoss,OCDF,0.050000000000000044,0.98,4.91,3.91,1.5,2.0,5.1099999999999985,0.03,0.0
36,CrossEntropyLoss,OCDF,0.07999999999999996,0.96,4.67,3.67,1.25,2.0,4.920000000000001,0.05,0.0
36,CrossEntropyLoss,OCDF,0.09999999999999998,0.96,4.63,3.63,1.25,2.0,4.63,0.05,0.0
36,CrossEntropyLoss,OCDF,0.13,0.93,4.4,3.4,1.1428571428571428,2.0,4.630769230769231,0.08,0.0
36,CrossEntropyLoss,OCDF,0.15000000000000002,0.92,4.35,3.35,1.125,2.0,4.55,0.09,0.0
36,CrossEntropyLoss,OCDF,0.18000000000000005,0.91,4.16,3.16,1.1111111111111112,2.0,4.271111111111111,0.1,0.0
36,CrossEntropyLoss,OCDF,0.19999999999999996,0.88,4.08,3.08,1.0833333333333333,2.0,4.38,0.13,0.0
36,CrossEntropyLoss,APS,0.010000000000000009,1.0,5.83,4.94,,0.0,4.94,0.0,0.10999999999999999
36,CrossEntropyLoss,APS,0.020000000000000018,1.0,5.77,4.89,,0.0,4.89,0.0,0.12
36,CrossEntropyLoss,APS,0.030000000000000027,1.0,5.67,4.85,,0.0,4.85,0.0,0.17000000000000004
36,CrossEntropyLoss,APS,0.050000000000000044,0.99,4.78,4.38,1.0,1.0,4.38,0.01,0.47
36,CrossEntropyLoss,APS,0.07999999999999996,0.93,2.73,2.09,1.0,1.0,3.0900000000000007,0.07,0.29000000000000004
36,CrossEntropyLoss,APS,0.09999999999999998,0.92,2.67,2.01,1.0,1.0,3.01,0.08,0.27
36,CrossEntropyLoss,APS,0.13,0.91,2.52,1.83,1.0,1.0,2.7530769230769225,0.09,0.24
36,CrossEntropyLoss,APS,0.15000000000000002,0.91,2.27,1.49,1.0,1.0,2.29,0.09,0.17000000000000004
36,CrossEntropyLoss,APS,0.18000000000000005,0.9,2.14,1.33,1.0,1.0,2.1077777777777778,0.1,0.15000000000000002
36,CrossEntropyLoss,APS,0.19999999999999996,0.87,1.94,1.13,1.3846153846153846,5.0,2.73,0.18,0.13
36,CrossEntropyLoss,LAC,0.010000000000000009,1.0,5.34,4.64,,0.0,4.64,0.0,0.19999999999999996
36,CrossEntropyLoss,LAC,0.020000000000000018,0.99,5.3,4.58,1.0,1.0,4.58,0.01,0.19999999999999996
36,CrossEntropyLoss,LAC,0.030000000000000027,0.99,5.1,4.46,1.0,1.0,4.46,0.01,0.24
36,CrossEntropyLoss,LAC,0.050000000000000044,0.97,4.03,3.25,1.0,1.0,4.05,0.03,0.20999999999999996
36,CrossEntropyLoss,LAC,0.07999999999999996,0.97,3.72,2.97,1.0,1.0,3.47,0.03,0.19999999999999996
36,CrossEntropyLoss,LAC,0.09999999999999998,0.91,2.46,1.64,1.0,1.0,2.84,0.09,0.14
36,CrossEntropyLoss,LAC,0.13,0.91,2.28,1.45,1.0,1.0,2.373076923076923,0.09,0.14
36,CrossEntropyLoss,LAC,0.15000000000000002,0.85,1.82,0.96,1.0666666666666667,2.0,2.826666666666666,0.16,0.10999999999999999
36,CrossEntropyLoss,LAC,0.18000000000000005,0.81,1.59,0.69,1.105263157894737,2.0,2.912222222222222,0.21,0.08999999999999997
36,CrossEntropyLoss,LAC,0.19999999999999996,0.81,1.57,0.66,1.105263157894737,2.0,2.76,0.21,0.07999999999999996
37,CrossEntropyLoss,min-CPS,0.010000000000000009,0.98,4.32,3.32,1.0,1.0,7.319999999999997,0.02,0.0
37,CrossEntropyLoss,min-CPS,0.020000000000000018,0.98,4.12,3.12,1.0,1.0,5.119999999999998,0.02,0.0
37,CrossEntropyLoss,min-CPS,0.030000000000000027,0.97,3.99,2.99,1.0,1.0,4.989999999999998,0.03,0.0
37,CrossEntropyLoss,min-CPS,0.050000000000000044,0.96,3.13,2.13,1.0,1.0,3.7299999999999986,0.04,0.0
37,CrossEntropyLoss,min-CPS,0.07999999999999996,0.88,2.09,1.09,1.0,1.0,4.090000000000001,0.12,0.0
37,CrossEntropyLoss,min-CPS,0.09999999999999998,0.86,1.98,0.98,1.0,1.0,3.78,0.14,0.0
37,CrossEntropyLoss,min-CPS,0.13,0.84,1.87,0.87,1.0625,2.0,3.485384615384614,0.17,0.0
37,CrossEntropyLoss,min-CPS,0.15000000000000002,0.85,1.74,0.74,1.1333333333333333,2.0,3.0066666666666664,0.17,0.0
37,CrossEntropyLoss,min-CPS,0.18000000000000005,0.81,1.59,0.59,1.105263157894737,2.0,2.9233333333333325,0.21,0.0
37,CrossEntropyLoss,min-CPS,0.19999999999999996,0.76,1.43,0.43,1.1666666666666667,2.0,3.2300000000000004,0.28,0.0
37,CrossEntropyLoss,RPS,0.010000000000000009,0.97,3.18,2.18,1.0,1.0,8.179999999999996,0.03,0.0
37,CrossEntropyLoss,RPS,0.020000000000000018,0.95,2.82,1.82,1.0,1.0,6.819999999999996,0.05,0.0
37,CrossEntropyLoss,RPS,0.030000000000000027,0.95,2.7,1.7,1.0,1.0,5.0333333333333306,0.05,0.0
37,CrossEntropyLoss,RPS,0.050000000000000044,0.92,2.36,1.36,1.0,1.0,4.559999999999997,0.08,0.0
37,CrossEntropyLoss,RPS,0.07999999999999996,0.9,2.16,1.16,1.0,1.0,3.660000000000001,0.1,0.0
37,CrossEntropyLoss,RPS,0.09999999999999998,0.89,2.13,1.13,1.0,1.0,3.33,0.11,0.0
37,CrossEntropyLoss,RPS,0.13,0.87,1.9,0.9,1.0,1.0,2.9,0.13,0.0
37,CrossEntropyLoss,RPS,0.15000000000000002,0.82,1.6,0.6,1.1111111111111112,2.0,3.266666666666666,0.2,0.0
37,CrossEntropyLoss,RPS,0.18000000000000005,0.78,1.5,0.5,1.0909090909090908,2.0,3.1666666666666656,0.24,0.0
37,CrossEntropyLoss,RPS,0.19999999999999996,0.78,1.48,0.48,1.0909090909090908,2.0,2.880000000000001,0.24,0.0
37,CrossEntropyLoss,OCDF,0.010000000000000009,0.96,4.86,3.86,1.0,1.0,11.859999999999992,0.04,0.0
37,CrossEntropyLoss,OCDF,0.020000000000000018,0.94,4.73,3.73,1.1666666666666667,2.0,10.729999999999993,0.07,0.0
37,CrossEntropyLoss,OCDF,0.030000000000000027,0.94,4.73,3.73,1.1666666666666667,2.0,8.396666666666663,0.07,0.0
37,CrossEntropyLoss,OCDF,0.050000000000000044,0.89,4.39,3.39,1.0909090909090908,2.0,8.189999999999996,0.12,0.0
37,CrossEntropyLoss,OCDF,0.07999999999999996,0.87,4.25,3.25,1.0769230769230769,2.0,6.750000000000003,0.14,0.0
37,CrossEntropyLoss,OCDF,0.09999999999999998,0.87,4.24,3.24,1.0769230769230769,2.0,6.04,0.14,0.0
37,CrossEntropyLoss,OCDF,0.13,0.86,4.03,3.03,1.0714285714285714,2.0,5.337692307692307,0.15,0.0
37,CrossEntropyLoss,OCDF,0.15000000000000002,0.84,4.0,3.0,1.0625,2.0,5.266666666666667,0.17,0.0
37,CrossEntropyLoss,OCDF,0.18000000000000005,0.8,3.81,2.81,1.05,2.0,5.143333333333333,0.21,0.0
37,CrossEntropyLoss,OCDF,0.19999999999999996,0.8,3.68,2.68,1.05,2.0,4.78,0.21,0.0
37,CrossEntropyLoss,APS,0.010000000000000009,0.99,5.68,4.9,1.0,1.0,4.9,0.01,0.20999999999999996
37,CrossEntropyLoss,APS,0.020000000000000018,0.99,5.62,4.88,1.0,1.0,4.88,0.01,0.25
37,CrossEntropyLoss,APS,0.030000000000000027,0.99,5.42,4.83,1.0,1.0,4.83,0.01,0.38
37,CrossEntropyLoss,APS,0.050000000000000044,0.97,4.51,4.23,1.0,1.0,4.63,0.03,0.52
37,CrossEntropyLoss,APS,0.07999999999999996,0.92,2.94,2.29,1.5,5.0,3.2900000000000005,0.12,0.28
37,CrossEntropyLoss,APS,0.09999999999999998,0.9,2.58,1.84,1.4,5.0,2.84,0.14,0.19999999999999996
37,CrossEntropyLoss,APS,0.13,0.87,2.28,1.49,1.6153846153846154,5.0,3.1823076923076923,0.21,0.14
37,CrossEntropyLoss,APS,0.15000000000000002,0.83,1.91,1.08,1.9411764705882353,5.0,3.6133333333333333,0.33,0.09999999999999998
37,CrossEntropyLoss,APS,0.18000000000000005,0.81,1.81,0.97,1.894736842105263,5.0,3.4144444444444435,0.36,0.08999999999999997
37,CrossEntropyLoss,APS,0.19999999999999996,0.81,1.73,0.88,1.894736842105263,5.0,3.08,0.36,0.07999999999999996
37,CrossEntropyLoss,LAC,0.010000000000000009,0.99,5.39,4.64,1.0,1.0,4.64,0.01,0.19999999999999996
37,CrossEntropyLoss,LAC,0.020000000000000018,0.98,5.17,4.51,1.0,1.0,5.509999999999999,0.02,0.25
37,CrossEntropyLoss,LAC,0.030000000000000027,0.98,4.88,4.16,1.0,1.0,4.826666666666666,0.02,0.22999999999999998
37,CrossEntropyLoss,LAC,0.050000000000000044,0.98,4.52,3.82,1.0,1.0,4.22,0.02,0.24
37,CrossEntropyLoss,LAC,0.07999999999999996,0.92,2.64,1.79,1.0,1.0,3.040000000000001,0.08,0.12
37,CrossEntropyLoss,LAC,0.09999999999999998,0.9,2.44,1.58,1.0,1.0,2.98,0.1,0.12
37,CrossEntropyLoss,LAC,0.13,0.85,1.86,0.93,1.0666666666666667,2.0,3.237692307692307,0.16,0.06000000000000005
37,CrossEntropyLoss,LAC,0.15000000000000002,0.85,1.83,0.9,1.0666666666666667,2.0,2.9,0.16,0.06000000000000005
37,CrossEntropyLoss,LAC,0.18000000000000005,0.83,1.62,0.68,1.0588235294117647,2.0,2.568888888888889,0.18,0.050000000000000044
37,CrossEntropyLoss,LAC,0.19999999999999996,0.81,1.56,0.6,1.105263157894737,2.0,2.7000000000000006,0.21,0.030000000000000027
38,CrossEntropyLoss,min-CPS,0.010000000000000009,0.97,4.24,3.24,1.0,1.0,9.239999999999995,0.03,0.0
38,CrossEntropyLoss,min-CPS,0.020000000000000018,0.96,4.13,3.13,1.0,1.0,7.129999999999996,0.04,0.0
38,CrossEntropyLoss,min-CPS,0.030000000000000027,0.97,3.94,2.94,1.0,1.0,4.939999999999999,0.03,0.0
38,CrossEntropyLoss,min-CPS,0.050000000000000044,0.94,3.06,2.06,1.0,1.0,4.459999999999997,0.06,0.0
38,CrossEntropyLoss,min-CPS,0.07999999999999996,0.93,2.72,1.72,1.0,1.0,3.470000000000001,0.07,0.0
38,CrossEntropyLoss,min-CPS,0.09999999999999998,0.93,2.46,1.46,1.0,1.0,2.86,0.07,0.0
38,CrossEntropyLoss,min-CPS,0.13,0.91,2.16,1.16,1.0,1.0,2.5446153846153847,0.09,0.0
38,CrossEntropyLoss,min-CPS,0.15000000000000002,0.91,2.12,1.12,1.0,1.0,2.32,0.09,0.0
38,CrossEntropyLoss,min-CPS,0.18000000000000005,0.9,2.05,1.05,1.1,2.0,2.2722222222222217,0.11,0.0
38,CrossEntropyLoss,min-CPS,0.19999999999999996,0.89,1.85,0.85,1.1818181818181819,2.0,2.15,0.13,0.0
38,CrossEntropyLoss,RPS,0.010000000000000009,0.99,3.44,2.44,1.0,1.0,4.439999999999999,0.01,0.0
38,CrossEntropyLoss,RPS,0.020000000000000018,0.98,3.24,2.24,1.0,1.0,4.239999999999998,0.02,0.0
38,CrossEntropyLoss,RPS,0.030000000000000027,0.95,2.68,1.68,1.0,1.0,5.01333333333333,0.05,0.0
38,CrossEntropyLoss,RPS,0.050000000000000044,0.92,2.43,1.43,1.0,1.0,4.629999999999998,0.08,0.0
38,CrossEntropyLoss,RPS,0.07999999999999996,0.91,2.3,1.3,1.0,1.0,3.550000000000001,0.09,0.0
38,CrossEntropyLoss,RPS,0.09999999999999998,0.9,2.24,1.24,1.0,1.0,3.24,0.1,0.0
38,CrossEntropyLoss,RPS,0.13,0.88,2.06,1.06,1.0,1.0,2.9061538461538463,0.12,0.0
38,CrossEntropyLoss,RPS,0.15000000000000002,0.88,1.88,0.88,1.0,1.0,2.4799999999999995,0.12,0.0
38,CrossEntropyLoss,RPS,0.18000000000000005,0.88,1.81,0.81,1.0,1.0,2.1433333333333326,0.12,0.0
38,CrossEntropyLoss,RPS,0.19999999999999996,0.88,1.75,0.75,1.0,1.0,1.95,0.12,0.0
38,CrossEntropyLoss,OCDF,0.010000000000000009,1.0,5.21,4.21,,0.0,4.21,0.0,0.0
38,CrossEntropyLoss,OCDF,0.020000000000000018,0.98,4.9,3.9,1.0,1.0,5.899999999999998,0.02,0.0
38,CrossEntropyLoss,OCDF,0.030000000000000027,0.98,4.9,3.9,1.0,1.0,5.2333333333333325,0.02,0.0
38,CrossEntropyLoss,OCDF,0.050000000000000044,0.98,4.84,3.84,1.5,2.0,5.039999999999999,0.03,0.0
38,CrossEntropyLoss,OCDF,0.07999999999999996,0.94,4.48,3.48,1.1666666666666667,2.0,5.230000000000001,0.07,0.0
38,CrossEntropyLoss,OCDF,0.09999999999999998,0.94,4.39,3.39,1.1666666666666667,2.0,4.79,0.07,0.0
38,CrossEntropyLoss,OCDF,0.13,0.86,4.01,3.01,1.0714285714285714,2.0,5.317692307692307,0.15,0.0
38,CrossEntropyLoss,OCDF,0.15000000000000002,0.85,3.93,2.93,1.0666666666666667,2.0,5.0633333333333335,0.16,0.0
38,CrossEntropyLoss,OCDF,0.18000000000000005,0.84,3.86,2.86,1.0625,2.0,4.748888888888888,0.17,0.0
38,CrossEntropyLoss,OCDF,0.19999999999999996,0.82,3.68,2.68,1.0555555555555556,2.0,4.58,0.19,0.0
38,CrossEntropyLoss,APS,0.010000000000000009,1.0,5.81,4.93,,0.0,4.93,0.0,0.12
38,CrossEntropyLoss,APS,0.020000000000000018,0.99,5.65,4.9,1.0,1.0,4.9,0.01,0.22999999999999998
38,CrossEntropyLoss,APS,0.030000000000000027,0.95,4.45,4.11,1.0,1.0,5.4433333333333325,0.05,0.51
38,CrossEntropyLoss,APS,0.050000000000000044,0.94,3.46,2.93,1.0,1.0,4.5299999999999985,0.06,0.37
38,CrossEntropyLoss,APS,0.07999999999999996,0.92,3.02,2.37,1.0,1.0,3.6200000000000006,0.08,0.27
38,CrossEntropyLoss,APS,0.09999999999999998,0.91,2.65,1.92,1.4444444444444444,5.0,2.92,0.13,0.19999999999999996
38,CrossEntropyLoss,APS,0.13,0.89,2.23,1.47,1.3636363636363635,5.0,2.700769230769231,0.15,0.15000000000000002
38,CrossEntropyLoss,APS,0.15000000000000002,0.89,2.14,1.36,1.3636363636363635,5.0,2.4266666666666667,0.15,0.14
38,CrossEntropyLoss,APS,0.18000000000000005,0.89,2.07,1.26,1.3636363636363635,5.0,2.1488888888888886,0.15,0.12
38,CrossEntropyLoss,APS,0.19999999999999996,0.89,2.0,1.16,1.3636363636363635,5.0,1.96,0.15,0.10999999999999999
38,CrossEntropyLoss,LAC,0.010000000000000009,0.99,5.43,4.61,1.0,1.0,4.61,0.01,0.14
38,CrossEntropyLoss,LAC,0.020000000000000018,0.98,5.2,4.46,1.0,1.0,5.459999999999999,0.02,0.18000000000000005
38,CrossEntropyLoss,LAC,0.030000000000000027,0.97,4.78,4.05,1.0,1.0,4.716666666666666,0.03,0.21999999999999997
38,CrossEntropyLoss,LAC,0.050000000000000044,0.95,3.89,3.21,1.0,1.0,4.409999999999999,0.05,0.26
38,CrossEntropyLoss,LAC,0.07999999999999996,0.95,3.41,2.7,1.0,1.0,3.7000000000000006,0.05,0.25
38,CrossEntropyLoss,LAC,0.09999999999999998,0.93,2.7,1.89,1.0,1.0,2.69,0.07,0.16000000000000003
38,CrossEntropyLoss,LAC,0.13,0.89,2.31,1.46,1.0909090909090908,2.0,2.8446153846153845,0.12,0.12
38,CrossEntropyLoss,LAC,0.15000000000000002,0.89,2.1,1.19,1.0909090909090908,2.0,2.523333333333333,0.12,0.06999999999999995
38,CrossEntropyLoss,LAC,0.18000000000000005,0.87,1.91,1.02,1.0769230769230769,2.0,2.353333333333333,0.14,0.07999999999999996
38,CrossEntropyLoss,LAC,0.19999999999999996,0.86,1.74,0.81,1.0714285714285714,2.0,2.11,0.15,0.050000000000000044
39,CrossEntropyLoss,min-CPS,0.010000000000000009,1.0,4.75,3.75,,0.0,3.75,0.0,0.0
39,CrossEntropyLoss,min-CPS,0.020000000000000018,0.98,4.09,3.09,1.0,1.0,5.089999999999998,0.02,0.0
39,CrossEntropyLoss,min-CPS,0.030000000000000027,0.98,4.01,3.01,1.0,1.0,4.343333333333333,0.02,0.0
39,CrossEntropyLoss,min-CPS,0.050000000000000044,0.94,2.95,1.95,1.0,1.0,4.349999999999998,0.06,0.0
39,CrossEntropyLoss,min-CPS,0.07999999999999996,0.88,2.1,1.1,1.0,1.0,4.100000000000001,0.12,0.0
39,CrossEntropyLoss,min-CPS,0.09999999999999998,0.83,1.92,0.92,1.0588235294117647,2.0,4.5200000000000005,0.18,0.0
39,CrossEntropyLoss,min-CPS,0.13,0.81,1.73,0.73,1.105263157894737,2.0,3.9607692307692304,0.21,0.0
39,CrossEntropyLoss,min-CPS,0.15000000000000002,0.8,1.63,0.63,1.1,2.0,3.563333333333333,0.22,0.0
39,CrossEntropyLoss,min-CPS,0.18000000000000005,0.78,1.59,0.59,1.0909090909090908,2.0,3.2566666666666664,0.24,0.0
39,CrossEntropyLoss,min-CPS,0.19999999999999996,0.78,1.57,0.57,1.0909090909090908,2.0,2.97,0.24,0.0
39,CrossEntropyLoss,RPS,0.010000000000000009,0.97,3.25,2.25,1.0,1.0,8.249999999999995,0.03,0.0
39,CrossEntropyLoss,RPS,0.020000000000000018,0.92,2.5,1.5,1.0,1.0,9.499999999999993,0.08,0.0
39,CrossEntropyLoss,RPS,0.030000000000000027,0.92,2.44,1.44,1.0,1.0,6.773333333333329,0.08,0.0
39,CrossEntropyLoss,RPS,0.050000000000000044,0.89,2.29,1.29,1.0,1.0,5.689999999999995,0.11,0.0
39,CrossEntropyLoss,RPS,0.07999999999999996,0.86,2.07,1.07,1.0,1.0,4.570000000000002,0.14,0.0
39,CrossEntropyLoss,RPS,0.09999999999999998,0.84,1.89,0.89,1.0,1.0,4.090000000000001,0.16,0.0
39,CrossEntropyLoss,RPS,0.13,0.82,1.71,0.71,1.0555555555555556,2.0,3.6330769230769224,0.19,0.0
39,CrossEntropyLoss,RPS,0.15000000000000002,0.79,1.56,0.56,1.0952380952380953,2.0,3.6266666666666656,0.23,0.0
39,CrossEntropyLoss,RPS,0.18000000000000005,0.78,1.54,0.54,1.0909090909090908,2.0,3.2066666666666657,0.24,0.0
39,CrossEntropyLoss,RPS,0.19999999999999996,0.77,1.52,0.52,1.0869565217391304,2.0,3.0200000000000005,0.25,0.0
39,CrossEntropyLoss,OCDF,0.010000000000000009,0.97,4.96,3.96,1.0,1.0,9.959999999999996,0.03,0.0
39,CrossEntropyLoss,OCDF,0.020000000000000018,0.94,4.82,3.82,1.1666666666666667,2.0,10.819999999999993,0.07,0.0
39,CrossEntropyLoss,OCDF,0.030000000000000027,0.94,4.81,3.81,1.1666666666666667,2.0,8.476666666666663,0.07,0.0
39,CrossEntropyLoss,OCDF,0.050000000000000044,0.91,4.51,3.51,1.1111111111111112,2.0,7.509999999999996,0.1,0.0
39,CrossEntropyLoss,OCDF,0.07999999999999996,0.86,4.27,3.27,1.0714285714285714,2.0,7.020000000000002,0.15,0.0
39,CrossEntropyLoss,OCDF,0.09999999999999998,0.82,3.99,2.99,1.0555555555555556,2.0,6.79,0.19,0.0
39,CrossEntropyLoss,OCDF,0.13,0.79,3.89,2.89,1.0476190476190477,2.0,6.274615384615385,0.22,0.0
39,CrossEntropyLoss,OCDF,0.15000000000000002,0.77,3.7,2.7,1.0434782608695652,2.0,5.9,0.24,0.0
39,CrossEntropyLoss,OCDF,0.18000000000000005,0.72,3.33,2.33,1.0357142857142858,2.0,5.5522222222222215,0.29,0.0
39,CrossEntropyLoss,OCDF,0.19999999999999996,0.72,3.26,2.26,1.0357142857142858,2.0,5.16,0.29,0.0
39,CrossEntropyLoss,APS,0.010000000000000009,0.99,5.71,4.95,1.0,1.0,4.95,0.01,0.22999999999999998
39,CrossEntropyLoss,APS,0.020000000000000018,0.99,5.49,4.85,1.0,1.0,4.85,0.01,0.35
39,CrossEntropyLoss,APS,0.030000000000000027,0.98,5.33,4.76,1.0,1.0,4.76,0.02,0.41000000000000003
39,CrossEntropyLoss,APS,0.050000000000000044,0.97,4.44,4.11,1.0,1.0,4.51,0.03,0.52
39,CrossEntropyLoss,APS,0.07999999999999996,0.92,2.68,2.03,1.0,1.0,3.2800000000000007,0.08,0.26
39,CrossEntropyLoss,APS,0.09999999999999998,0.91,2.54,1.82,1.0,1.0,3.22,0.09,0.21999999999999997
39,CrossEntropyLoss,APS,0.13,0.86,2.02,1.19,1.2857142857142858,5.0,3.19,0.18,0.14
39,CrossEntropyLoss,APS,0.15000000000000002,0.83,1.81,0.96,1.7058823529411764,5.0,3.0933333333333324,0.29,0.10999999999999999
39,CrossEntropyLoss,APS,0.18000000000000005,0.8,1.73,0.9,1.8,5.0,3.4555555555555544,0.36,0.10999999999999999
39,CrossEntropyLoss,APS,0.19999999999999996,0.73,1.62,0.81,1.9259259259259258,5.0,3.81,0.52,0.10999999999999999
39,CrossEntropyLoss,LAC,0.010000000000000009,0.99,5.35,4.59,1.0,1.0,4.59,0.01,0.18999999999999995
39,CrossEntropyLoss,LAC,0.020000000000000018,0.99,5.35,4.59,1.0,1.0,4.59,0.01,0.18999999999999995
39,CrossEntropyLoss,LAC,0.030000000000000027,0.99,5.17,4.49,1.0,1.0,5.156666666666666,0.01,0.24
39,CrossEntropyLoss,LAC,0.050000000000000044,0.97,4.05,3.35,1.0,1.0,4.1499999999999995,0.03,0.25
39,CrossEntropyLoss,LAC,0.07999999999999996,0.95,3.26,2.55,1.0,1.0,3.5500000000000007,0.05,0.22999999999999998
39,CrossEntropyLoss,LAC,0.09999999999999998,0.93,2.51,1.73,1.0,1.0,2.73,0.07,0.18000000000000005
39,CrossEntropyLoss,LAC,0.13,0.83,1.84,0.95,1.0588235294117647,2.0,3.5653846153846156,0.18,0.08999999999999997
39,CrossEntropyLoss,LAC,0.15000000000000002,0.79,1.61,0.71,1.0952380952380953,2.0,3.5099999999999993,0.23,0.07999999999999996
39,CrossEntropyLoss,LAC,0.18000000000000005,0.78,1.58,0.68,1.0909090909090908,2.0,3.1244444444444435,0.24,0.07999999999999996
39,CrossEntropyLoss,LAC,0.19999999999999996,0.76,1.51,0.61,1.0833333333333333,2.0,3.01,0.26,0.07999999999999996
40,CrossEntropyLoss,min-CPS,0.010000000000000009,0.98,4.24,3.24,1.0,1.0,7.239999999999997,0.02,0.0
40,CrossEntropyLoss,min-CPS,0.020000000000000018,0.96,3.9,2.9,1.0,1.0,6.899999999999997,0.04,0.0
40,CrossEntropyLoss,min-CPS,0.030000000000000027,0.96,3.11,2.11,1.0,1.0,4.776666666666665,0.04,0.0
40,CrossEntropyLoss,min-CPS,0.050000000000000044,0.95,2.97,1.97,1.0,1.0,3.969999999999999,0.05,0.0
40,CrossEntropyLoss,min-CPS,0.07999999999999996,0.9,2.32,1.32,1.0,1.0,3.820000000000001,0.1,0.0
40,CrossEntropyLoss,min-CPS,0.09999999999999998,0.87,2.04,1.04,1.0,1.0,3.64,0.13,0.0
40,CrossEntropyLoss,min-CPS,0.13,0.83,1.72,0.72,1.0588235294117647,2.0,3.4892307692307685,0.18,0.0
40,CrossEntropyLoss,min-CPS,0.15000000000000002,0.83,1.7,0.7,1.0588235294117647,2.0,3.0999999999999996,0.18,0.0
40,CrossEntropyLoss,min-CPS,0.18000000000000005,0.8,1.59,0.59,1.05,2.0,2.9233333333333325,0.21,0.0
40,CrossEntropyLoss,min-CPS,0.19999999999999996,0.78,1.55,0.55,1.0454545454545454,2.0,2.85,0.23,0.0
40,CrossEntropyLoss,RPS,0.010000000000000009,0.98,3.25,2.25,1.0,1.0,6.2499999999999964,0.02,0.0
40,CrossEntropyLoss,RPS,0.020000000000000018,0.98,3.13,2.13,1.0,1.0,4.129999999999998,0.02,0.0
40,CrossEntropyLoss,RPS,0.030000000000000027,0.98,3.12,2.12,1.0,1.0,3.4533333333333327,0.02,0.0
40,CrossEntropyLoss,RPS,0.050000000000000044,0.97,2.62,1.62,1.0,1.0,2.819999999999999,0.03,0.0
40,CrossEntropyLoss,RPS,0.07999999999999996,0.94,2.39,1.39,1.0,1.0,2.890000000000001,0.06,0.0
40,CrossEntropyLoss,RPS,0.09999999999999998,0.89,2.12,1.12,1.0,1.0,3.32,0.11,0.0
40,CrossEntropyLoss,RPS,0.13,0.87,1.91,0.91,1.0,1.0,2.91,0.13,0.0
40,CrossEntropyLoss,RPS,0.15000000000000002,0.84,1.72,0.72,1.0625,2.0,2.9866666666666664,0.17,0.0
40,CrossEntropyLoss,RPS,0.18000000000000005,0.81,1.57,0.57,1.105263157894737,2.0,2.9033333333333324,0.21,0.0
40,CrossEntropyLoss,RPS,0.19999999999999996,0.76,1.44,0.44,1.0833333333333333,2.0,3.04,0.26,0.0
40,CrossEntropyLoss,OCDF,0.010000000000000009,0.96,4.95,3.95,1.0,1.0,11.949999999999994,0.04,0.0
40,CrossEntropyLoss,OCDF,0.020000000000000018,0.96,4.94,3.94,1.0,1.0,7.939999999999997,0.04,0.0
40,CrossEntropyLoss,OCDF,0.030000000000000027,0.96,4.85,3.85,1.25,2.0,7.18333333333333,0.05,0.0
40,CrossEntropyLoss,OCDF,0.050000000000000044,0.95,4.58,3.58,1.2,2.0,5.979999999999998,0.06,0.0
40,CrossEntropyLoss,OCDF,0.07999999999999996,0.94,4.53,3.53,1.1666666666666667,2.0,5.280000000000001,0.07,0.0
40,CrossEntropyLoss,OCDF,0.09999999999999998,0.93,4.38,3.38,1.1428571428571428,2.0,4.98,0.08,0.0
40,CrossEntropyLoss,OCDF,0.13,0.89,4.2,3.2,1.0909090909090908,2.0,5.046153846153846,0.12,0.0
40,CrossEntropyLoss,OCDF,0.15000000000000002,0.89,4.13,3.13,1.0909090909090908,2.0,4.73,0.12,0.0
40,CrossEntropyLoss,OCDF,0.18000000000000005,0.88,4.07,3.07,1.0833333333333333,2.0,4.514444444444444,0.13,0.0
40,CrossEntropyLoss,OCDF,0.19999999999999996,0.87,4.03,3.03,1.0769230769230769,2.0,4.43,0.14,0.0
40,CrossEntropyLoss,APS,0.010000000000000009,1.0,5.92,4.96,,0.0,4.96,0.0,0.040000000000000036
40,CrossEntropyLoss,APS,0.020000000000000018,0.99,5.65,4.87,1.0,1.0,4.87,0.01,0.20999999999999996
40,CrossEntropyLoss,APS,0.030000000000000027,0.98,5.01,4.6,1.0,1.0,4.6,0.02,0.5
40,CrossEntropyLoss,APS,0.050000000000000044,0.97,4.4,4.14,1.0,1.0,4.54,0.03,0.55
40,CrossEntropyLoss,APS,0.07999999999999996,0.95,2.69,1.99,1.0,1.0,2.9900000000000007,0.05,0.21999999999999997
40,CrossEntropyLoss,APS,0.09999999999999998,0.95,2.56,1.85,1.0,1.0,2.65,0.05,0.18999999999999995
40,CrossEntropyLoss,APS,0.13,0.9,2.02,1.21,1.0,1.0,2.440769230769231,0.1,0.13
40,CrossEntropyLoss,APS,0.15000000000000002,0.89,1.96,1.16,1.3636363636363635,5.0,2.6266666666666665,0.15,0.13
40,CrossEntropyLoss,APS,0.18000000000000005,0.76,1.64,0.78,1.875,5.0,3.779999999999999,0.45,0.06999999999999995
40,CrossEntropyLoss,APS,0.19999999999999996,0.71,1.53,0.69,1.8620689655172413,5.0,3.69,0.54,0.08999999999999997
40,CrossEntropyLoss,LAC,0.010000000000000009,0.97,5.04,4.38,1.0,1.0,6.379999999999998,0.03,0.24
40,CrossEntropyLoss,LAC,0.020000000000000018,0.97,4.73,3.99,1.0,1.0,5.9899999999999975,0.03,0.19999999999999996
40,CrossEntropyLoss,LAC,0.030000000000000027,0.97,4.58,3.81,1.0,1.0,5.143333333333333,0.03,0.18999999999999995
40,CrossEntropyLoss,LAC,0.050000000000000044,0.94,3.56,2.79,1.0,1.0,4.389999999999999,0.06,0.18999999999999995
40,CrossEntropyLoss,LAC,0.07999999999999996,0.94,2.9,2.15,1.0,1.0,3.1500000000000004,0.06,0.20999999999999996
40,CrossEntropyLoss,LAC,0.09999999999999998,0.94,2.59,1.83,1.0,1.0,2.63,0.06,0.18999999999999995
40,CrossEntropyLoss,LAC,0.13,0.88,2.15,1.34,1.0833333333333333,2.0,3.0323076923076924,0.13,0.13
40,CrossEntropyLoss,LAC,0.15000000000000002,0.87,1.86,0.98,1.0769230769230769,2.0,2.713333333333333,0.14,0.08999999999999997
40,CrossEntropyLoss,LAC,0.18000000000000005,0.8,1.57,0.67,1.05,2.0,2.78111111111111,0.21,0.07999999999999996
40,CrossEntropyLoss,LAC,0.19999999999999996,0.79,1.55,0.64,1.0476190476190477,2.0,2.64,0.22,0.06999999999999995
41,CrossEntropyLoss,min-CPS,0.010000000000000009,1.0,4.81,3.81,,0.0,3.81,0.0,0.0
41,CrossEntropyLoss,min-CPS,0.020000000000000018,0.98,4.19,3.19,1.0,1.0,5.189999999999998,0.02,0.0
41,CrossEntropyLoss,min-CPS,0.030000000000000027,0.97,3.87,2.87,1.0,1.0,4.869999999999999,0.03,0.0
41,CrossEntropyLoss,min-CPS,0.050000000000000044,0.93,2.87,1.87,1.0,1.0,4.669999999999998,0.07,0.0
41,CrossEntropyLoss,min-CPS,0.07999999999999996,0.85,2.07,1.07,1.0,1.0,4.820000000000002,0.15,0.0
41,CrossEntropyLoss,min-CPS,0.09999999999999998,0.84,2.0,1.0,1.0,1.0,4.2,0.16,0.0
41,CrossEntropyLoss,min-CPS,0.13,0.84,1.95,0.95,1.0625,2.0,3.5653846153846147,0.17,0.0
41,CrossEntropyLoss,min-CPS,0.15000000000000002,0.81,1.69,0.69,1.105263157894737,2.0,3.49,0.21,0.0
41,CrossEntropyLoss,min-CPS,0.18000000000000005,0.77,1.61,0.61,1.0869565217391304,2.0,3.387777777777777,0.25,0.0
41,CrossEntropyLoss,min-CPS,0.19999999999999996,0.77,1.54,0.54,1.1304347826086956,2.0,3.1400000000000006,0.26,0.0
41,CrossEntropyLoss,RPS,0.010000000000000009,0.96,3.15,2.15,1.0,1.0,10.149999999999993,0.04,0.0
41,CrossEntropyLoss,RPS,0.020000000000000018,0.94,2.69,1.69,1.0,1.0,7.689999999999995,0.06,0.0
41,CrossEntropyLoss,RPS,0.030000000000000027,0.93,2.54,1.54,1.0,1.0,6.206666666666663,0.07,0.0
41,CrossEntropyLoss,RPS,0.050000000000000044,0.88,2.27,1.27,1.0,1.0,6.069999999999996,0.12,0.0
41,CrossEntropyLoss,RPS,0.07999999999999996,0.86,2.12,1.12,1.0,1.0,4.620000000000002,0.14,0.0
41,CrossEntropyLoss,RPS,0.09999999999999998,0.82,1.83,0.83,1.0,1.0,4.4300000000000015,0.18,0.0
41,CrossEntropyLoss,RPS,0.13,0.81,1.69,0.69,1.0526315789473684,2.0,3.766923076923076,0.2,0.0
41,CrossEntropyLoss,RPS,0.15000000000000002,0.79,1.56,0.56,1.0952380952380953,2.0,3.6266666666666665,0.23,0.0
41,CrossEntropyLoss,RPS,0.18000000000000005,0.76,1.52,0.52,1.0833333333333333,2.0,3.408888888888888,0.26,0.0
41,CrossEntropyLoss,RPS,0.19999999999999996,0.74,1.46,0.47,1.2307692307692308,5.0,3.470000000000001,0.32,0.0
41,CrossEntropyLoss,OCDF,0.010000000000000009,0.97,4.95,3.95,1.0,1.0,9.949999999999996,0.03,0.0
41,CrossEntropyLoss,OCDF,0.020000000000000018,0.96,4.92,3.92,1.0,1.0,7.919999999999996,0.04,0.0
41,CrossEntropyLoss,OCDF,0.030000000000000027,0.96,4.86,3.86,1.25,2.0,7.193333333333331,0.05,0.0
41,CrossEntropyLoss,OCDF,0.050000000000000044,0.93,4.6,3.6,1.1428571428571428,2.0,6.799999999999998,0.08,0.0
41,CrossEntropyLoss,OCDF,0.07999999999999996,0.89,4.44,3.44,1.0909090909090908,2.0,6.440000000000002,0.12,0.0
41,CrossEntropyLoss,OCDF,0.09999999999999998,0.88,4.37,3.37,1.0833333333333333,2.0,5.97,0.13,0.0
41,CrossEntropyLoss,OCDF,0.13,0.87,4.14,3.14,1.0769230769230769,2.0,5.293846153846155,0.14,0.0
41,CrossEntropyLoss,OCDF,0.15000000000000002,0.85,4.04,3.04,1.0666666666666667,2.0,5.173333333333333,0.16,0.0
41,CrossEntropyLoss,OCDF,0.18000000000000005,0.83,3.88,2.88,1.0588235294117647,2.0,4.879999999999999,0.18,0.0
41,CrossEntropyLoss,OCDF,0.19999999999999996,0.79,3.55,2.55,1.0476190476190477,2.0,4.75,0.22,0.0
41,CrossEntropyLoss,APS,0.010000000000000009,0.99,5.68,4.92,1.0,1.0,4.92,0.01,0.22999999999999998
41,CrossEntropyLoss,APS,0.020000000000000018,0.99,5.53,4.86,1.0,1.0,4.86,0.01,0.31000000000000005
41,CrossEntropyLoss,APS,0.030000000000000027,0.96,4.8,4.46,1.0,1.0,4.46,0.04,0.54
41,CrossEntropyLoss,APS,0.050000000000000044,0.96,4.21,3.88,1.0,1.0,4.68,0.04,0.48
41,CrossEntropyLoss,APS,0.07999999999999996,0.92,3.01,2.42,1.0,1.0,3.6700000000000013,0.08,0.31000000000000005
41,CrossEntropyLoss,APS,0.09999999999999998,0.88,2.22,1.45,1.3333333333333333,5.0,3.05,0.16,0.16000000000000003
41,CrossEntropyLoss,APS,0.13,0.86,1.99,1.18,1.8571428571428572,5.0,3.1799999999999993,0.26,0.12
41,CrossEntropyLoss,APS,0.15000000000000002,0.82,1.88,1.06,1.6666666666666667,5.0,3.326666666666666,0.3,0.12
41,CrossEntropyLoss,APS,0.18000000000000005,0.78,1.75,0.93,1.9090909090909092,5.0,3.0411111111111104,0.42,0.10999999999999999
41,CrossEntropyLoss,APS,0.19999999999999996,0.72,1.62,0.8,2.0357142857142856,5.0,3.9,0.57,0.08999999999999997
41,CrossEntropyLoss,LAC,0.010000000000000009,0.99,5.38,4.61,1.0,1.0,4.61,0.01,0.19999999999999996
41,CrossEntropyLoss,LAC,0.020000000000000018,0.99,5.38,4.61,1.0,1.0,4.61,0.01,0.19999999999999996
41,CrossEntropyLoss,LAC,0.030000000000000027,0.97,4.67,3.95,1.0,1.0,4.616666666666666,0.03,0.25
41,CrossEntropyLoss,LAC,0.050000000000000044,0.95,3.86,3.18,1.0,1.0,3.9799999999999995,0.05,0.28
41,CrossEntropyLoss,LAC,0.07999999999999996,0.94,3.1,2.37,1.0,1.0,3.3700000000000006,0.06,0.20999999999999996
41,CrossEntropyLoss,LAC,0.09999999999999998,0.88,2.3,1.5,1.0,1.0,3.5,0.12,0.16000000000000003
41,CrossEntropyLoss,LAC,0.13,0.82,1.82,0.93,1.0555555555555556,2.0,3.5453846153846156,0.19,0.08999999999999997
41,CrossEntropyLoss,LAC,0.15000000000000002,0.78,1.65,0.76,1.0909090909090908,2.0,3.5599999999999996,0.24,0.08999999999999997
41,CrossEntropyLoss,LAC,0.18000000000000005,0.75,1.57,0.67,1.08,2.0,3.3366666666666664,0.27,0.07999999999999996
41,CrossEntropyLoss,LAC,0.19999999999999996,0.71,1.47,0.59,1.0689655172413792,2.0,3.1900000000000013,0.31,0.09999999999999998
42,CrossEntropyLoss,min-CPS,0.010000000000000009,0.99,4.44,3.44,1.0,1.0,5.439999999999998,0.01,0.0
42,CrossEntropyLoss,min-CPS,0.020000000000000018,0.96,3.57,2.57,1.0,1.0,6.569999999999997,0.04,0.0
42,CrossEntropyLoss,min-CPS,0.030000000000000027,0.92,2.89,1.89,1.0,1.0,7.223333333333329,0.08,0.0
42,CrossEntropyLoss,min-CPS,0.050000000000000044,0.92,2.74,1.74,1.0,1.0,4.939999999999997,0.08,0.0
42,CrossEntropyLoss,min-CPS,0.07999999999999996,0.9,2.36,1.36,1.0,1.0,3.860000000000001,0.1,0.0
42,CrossEntropyLoss,min-CPS,0.09999999999999998,0.84,2.0,1.0,1.0,1.0,4.2,0.16,0.0
42,CrossEntropyLoss,min-CPS,0.13,0.85,1.97,0.97,1.0666666666666667,2.0,3.4315384615384605,0.16,0.0
42,CrossEntropyLoss,min-CPS,0.15000000000000002,0.83,1.79,0.79,1.1176470588235294,2.0,3.3233333333333324,0.19,0.0
42,CrossEntropyLoss,min-CPS,0.18000000000000005,0.82,1.68,0.68,1.1111111111111112,2.0,2.902222222222221,0.2,0.0
42,CrossEntropyLoss,min-CPS,0.19999999999999996,0.8,1.63,0.63,1.1,2.0,2.83,0.22,0.0
42,CrossEntropyLoss,RPS,0.010000000000000009,0.96,3.21,2.21,1.0,1.0,10.209999999999994,0.04,0.0
42,CrossEntropyLoss,RPS,0.020000000000000018,0.96,2.93,1.93,1.0,1.0,5.929999999999996,0.04,0.0
42,CrossEntropyLoss,RPS,0.030000000000000027,0.95,2.69,1.69,1.0,1.0,5.023333333333331,0.05,0.0
42,CrossEntropyLoss,RPS,0.050000000000000044,0.93,2.43,1.43,1.0,1.0,4.229999999999998,0.07,0.0
42,CrossEntropyLoss,RPS,0.07999999999999996,0.91,2.26,1.26,1.0,1.0,3.510000000000001,0.09,0.0
42,CrossEntropyLoss,RPS,0.09999999999999998,0.88,2.08,1.08,1.0,1.0,3.48,0.12,0.0
42,CrossEntropyLoss,RPS,0.13,0.85,1.86,0.86,1.0,1.0,3.1676923076923074,0.15,0.0
42,CrossEntropyLoss,RPS,0.15000000000000002,0.85,1.81,0.81,1.0666666666666667,2.0,2.9433333333333325,0.16,0.0
42,CrossEntropyLoss,RPS,0.18000000000000005,0.83,1.63,0.63,1.1176470588235294,2.0,2.74111111111111,0.19,0.0
42,CrossEntropyLoss,RPS,0.19999999999999996,0.83,1.61,0.61,1.1176470588235294,2.0,2.51,0.19,0.0
42,CrossEntropyLoss,OCDF,0.010000000000000009,0.99,5.19,4.19,1.0,1.0,6.189999999999998,0.01,0.0
42,CrossEntropyLoss,OCDF,0.020000000000000018,0.98,4.99,3.99,1.0,1.0,5.9899999999999975,0.02,0.0
42,CrossEntropyLoss,OCDF,0.030000000000000027,0.96,4.87,3.87,1.25,2.0,7.2033333333333305,0.05,0.0
42,CrossEntropyLoss,OCDF,0.050000000000000044,0.96,4.86,3.86,1.25,2.0,5.8599999999999985,0.05,0.0
42,CrossEntropyLoss,OCDF,0.07999999999999996,0.83,4.18,3.18,1.0588235294117647,2.0,7.680000000000002,0.18,0.0
42,CrossEntropyLoss,OCDF,0.09999999999999998,0.81,4.0,3.0,1.0526315789473684,2.0,7.0,0.2,0.0
42,CrossEntropyLoss,OCDF,0.13,0.8,3.94,2.94,1.05,2.0,6.170769230769231,0.21,0.0
42,CrossEntropyLoss,OCDF,0.15000000000000002,0.79,3.82,2.82,1.0476190476190477,2.0,5.753333333333334,0.22,0.0
42,CrossEntropyLoss,OCDF,0.18000000000000005,0.79,3.71,2.71,1.0476190476190477,2.0,5.154444444444444,0.22,0.0
42,CrossEntropyLoss,OCDF,0.19999999999999996,0.76,3.51,2.51,1.0416666666666667,2.0,5.01,0.25,0.0
42,CrossEntropyLoss,APS,0.010000000000000009,0.99,5.82,4.91,1.0,1.0,4.91,0.01,0.08999999999999997
42,CrossEntropyLoss,APS,0.020000000000000018,0.97,5.33,4.75,1.0,1.0,4.75,0.03,0.39
42,CrossEntropyLoss,APS,0.030000000000000027,0.96,4.18,3.83,1.0,1.0,4.496666666666666,0.04,0.45999999999999996
42,CrossEntropyLoss,APS,0.050000000000000044,0.94,3.34,2.83,1.0,1.0,4.429999999999999,0.06,0.36
42,CrossEntropyLoss,APS,0.07999999999999996,0.85,2.27,1.54,1.2666666666666666,5.0,4.290000000000001,0.19,0.20999999999999996
42,CrossEntropyLoss,APS,0.09999999999999998,0.83,2.06,1.27,1.2352941176470589,5.0,3.87,0.21,0.17000000000000004
42,CrossEntropyLoss,APS,0.13,0.81,1.9,1.09,1.4210526315789473,5.0,3.3976923076923073,0.27,0.14
42,CrossEntropyLoss,APS,0.15000000000000002,0.79,1.85,1.04,1.380952380952381,5.0,3.306666666666666,0.29,0.14
42,CrossEntropyLoss,APS,0.18000000000000005,0.75,1.72,0.87,1.68,5.0,3.5366666666666653,0.42,0.08999999999999997
42,CrossEntropyLoss,APS,0.19999999999999996,0.75,1.69,0.84,1.84,5.0,3.54,0.46,0.07999999999999996
42,CrossEntropyLoss,LAC,0.010000000000000009,1.0,5.42,4.69,,0.0,4.69,0.0,0.18000000000000005
42,CrossEntropyLoss,LAC,0.020000000000000018,1.0,5.38,4.64,,0.0,4.64,0.0,0.18999999999999995
42,CrossEntropyLoss,LAC,0.030000000000000027,0.99,5.19,4.54,1.0,1.0,4.54,0.01,0.25
42,CrossEntropyLoss,LAC,0.050000000000000044,0.94,3.72,3.04,1.0,1.0,4.239999999999998,0.06,0.24
42,CrossEntropyLoss,LAC,0.07999999999999996,0.91,2.58,1.77,1.0,1.0,3.2700000000000005,0.09,0.16000000000000003
42,CrossEntropyLoss,LAC,0.09999999999999998,0.89,2.35,1.53,1.0,1.0,3.13,0.11,0.16000000000000003
42,CrossEntropyLoss,LAC,0.13,0.86,2.0,1.11,1.0714285714285714,2.0,2.9561538461538452,0.15,0.09999999999999998
42,CrossEntropyLoss,LAC,0.15000000000000002,0.83,1.89,0.98,1.0588235294117647,2.0,2.9799999999999995,0.18,0.07999999999999996
42,CrossEntropyLoss,LAC,0.18000000000000005,0.78,1.63,0.73,1.0909090909090908,2.0,3.0633333333333326,0.24,0.07999999999999996
42,CrossEntropyLoss,LAC,0.19999999999999996,0.76,1.57,0.67,1.0833333333333333,2.0,2.97,0.26,0.07999999999999996
43,CrossEntropyLoss,min-CPS,0.010000000000000009,0.99,4.78,3.78,1.0,1.0,5.779999999999998,0.01,0.0
43,CrossEntropyLoss,min-CPS,0.020000000000000018,0.96,3.93,2.93,1.0,1.0,6.929999999999996,0.04,0.0
43,CrossEntropyLoss,min-CPS,0.030000000000000027,0.97,3.73,2.73,1.0,1.0,4.729999999999999,0.03,0.0
43,CrossEntropyLoss,min-CPS,0.050000000000000044,0.97,3.36,2.36,1.0,1.0,3.5599999999999987,0.03,0.0
43,CrossEntropyLoss,min-CPS,0.07999999999999996,0.93,2.75,1.75,1.0,1.0,3.5000000000000004,0.07,0.0
43,CrossEntropyLoss,min-CPS,0.09999999999999998,0.89,2.19,1.19,1.0,1.0,3.39,0.11,0.0
43,CrossEntropyLoss,min-CPS,0.13,0.85,2.05,1.05,1.0,1.0,3.3576923076923073,0.15,0.0
43,CrossEntropyLoss,min-CPS,0.15000000000000002,0.85,2.04,1.04,1.0,1.0,3.0399999999999996,0.15,0.0
43,CrossEntropyLoss,min-CPS,0.18000000000000005,0.8,1.78,0.78,1.05,2.0,3.1133333333333324,0.21,0.0
43,CrossEntropyLoss,min-CPS,0.19999999999999996,0.77,1.7,0.7,1.0434782608695652,2.0,3.1,0.24,0.0
43,CrossEntropyLoss,RPS,0.010000000000000009,1.0,3.55,2.55,,0.0,2.55,0.0,0.0
43,CrossEntropyLoss,RPS,0.020000000000000018,0.93,2.65,1.65,1.0,1.0,8.649999999999993,0.07,0.0
43,CrossEntropyLoss,RPS,0.030000000000000027,0.92,2.49,1.49,1.0,1.0,6.823333333333329,0.08,0.0
43,CrossEntropyLoss,RPS,0.050000000000000044,0.91,2.41,1.41,1.0,1.0,5.009999999999996,0.09,0.0
43,CrossEntropyLoss,RPS,0.07999999999999996,0.89,2.2,1.2,1.0,1.0,3.950000000000001,0.11,0.0
43,CrossEntropyLoss,RPS,0.09999999999999998,0.89,2.16,1.16,1.0,1.0,3.36,0.11,0.0
43,CrossEntropyLoss,RPS,0.13,0.86,1.91,0.91,1.0,1.0,3.063846153846153,0.14,0.0
43,CrossEntropyLoss,RPS,0.15000000000000002,0.84,1.79,0.79,1.0625,2.0,3.056666666666666,0.17,0.0
43,CrossEntropyLoss,RPS,0.18000000000000005,0.83,1.66,0.66,1.0588235294117647,2.0,2.6599999999999993,0.18,0.0
43,CrossEntropyLoss,RPS,0.19999999999999996,0.82,1.64,0.64,1.0555555555555556,2.0,2.54,0.19,0.0
43,CrossEntropyLoss,OCDF,0.010000000000000009,1.0,5.35,4.35,,0.0,4.35,0.0,0.0
43,CrossEntropyLoss,OCDF,0.020000000000000018,1.0,5.24,4.24,,0.0,4.24,0.0,0.0
43,CrossEntropyLoss,OCDF,0.030000000000000027,1.0,5.23,4.23,,0.0,4.23,0.0,0.0
43,CrossEntropyLoss,OCDF,0.050000000000000044,0.99,5.06,4.06,1.0,1.0,4.46,0.01,0.0
43,CrossEntropyLoss,OCDF,0.07999999999999996,0.96,4.77,3.77,1.0,1.0,4.7700000000000005,0.04,0.0
43,CrossEntropyLoss,OCDF,0.09999999999999998,0.94,4.58,3.58,1.0,1.0,4.78,0.06,0.0
43,CrossEntropyLoss,OCDF,0.13,0.93,4.47,3.47,1.0,1.0,4.546923076923077,0.07,0.0
43,CrossEntropyLoss,OCDF,0.15000000000000002,0.92,4.39,3.39,1.0,1.0,4.456666666666666,0.08,0.0
43,CrossEntropyLoss,OCDF,0.18000000000000005,0.89,4.13,3.13,1.0,1.0,4.352222222222221,0.11,0.0
43,CrossEntropyLoss,OCDF,0.19999999999999996,0.86,3.98,2.98,1.0,1.0,4.38,0.14,0.0
43,CrossEntropyLoss,APS,0.010000000000000009,0.99,5.88,4.96,1.0,1.0,4.96,0.01,0.07999999999999996
43,CrossEntropyLoss,APS,0.020000000000000018,0.98,5.42,4.8,1.0,1.0,4.8,0.02,0.36
43,CrossEntropyLoss,APS,0.030000000000000027,0.95,4.37,4.11,1.0,1.0,4.776666666666666,0.05,0.52
43,CrossEntropyLoss,APS,0.050000000000000044,0.93,3.27,2.79,1.0,1.0,4.389999999999999,0.07,0.37
43,CrossEntropyLoss,APS,0.07999999999999996,0.93,3.07,2.51,1.0,1.0,3.5100000000000007,0.07,0.32999999999999996
43,CrossEntropyLoss,APS,0.09999999999999998,0.93,2.79,2.14,1.0,1.0,3.14,0.07,0.27
43,CrossEntropyLoss,APS,0.13,0.92,2.37,1.61,1.0,1.0,2.686923076923077,0.08,0.18000000000000005
43,CrossEntropyLoss,APS,0.15000000000000002,0.91,2.3,1.51,1.0,1.0,2.576666666666666,0.09,0.16000000000000003
43,CrossEntropyLoss,APS,0.18000000000000005,0.85,1.98,1.15,1.2666666666666666,5.0,2.594444444444444,0.19,0.13
43,CrossEntropyLoss,APS,0.19999999999999996,0.8,1.87,1.02,1.2,5.0,2.72,0.24,0.12
43,CrossEntropyLoss,LAC,0.010000000000000009,1.0,5.37,4.57,,0.0,4.57,0.0,0.18000000000000005
43,CrossEntropyLoss,LAC,0.020000000000000018,0.98,5.18,4.45,1.0,1.0,4.45,0.02,0.21999999999999997
43,CrossEntropyLoss,LAC,0.030000000000000027,0.97,4.77,4.09,1.0,1.0,4.756666666666666,0.03,0.26
43,CrossEntropyLoss,LAC,0.050000000000000044,0.95,3.95,3.27,1.0,1.0,4.069999999999999,0.05,0.22999999999999998
43,CrossEntropyLoss,LAC,0.07999999999999996,0.95,3.44,2.71,1.0,1.0,3.46,0.05,0.19999999999999996
43,CrossEntropyLoss,LAC,0.09999999999999998,0.94,2.83,2.05,1.0,1.0,2.85,0.06,0.17000000000000004
43,CrossEntropyLoss,LAC,0.13,0.89,2.37,1.53,1.0,1.0,2.9146153846153844,0.11,0.13
43,CrossEntropyLoss,LAC,0.15000000000000002,0.86,2.05,1.15,1.0,1.0,2.8833333333333324,0.14,0.08999999999999997
43,CrossEntropyLoss,LAC,0.18000000000000005,0.83,1.74,0.85,1.0,1.0,2.6277777777777773,0.17,0.09999999999999998
43,CrossEntropyLoss,LAC,0.19999999999999996,0.77,1.65,0.75,1.0434782608695652,2.0,2.95,0.24,0.09999999999999998
44,CrossEntropyLoss,min-CPS,0.010000000000000009,0.97,4.19,3.19,1.0,1.0,9.189999999999996,0.03,0.0
44,CrossEntropyLoss,min-CPS,0.020000000000000018,0.97,4.15,3.15,1.0,1.0,6.149999999999998,0.03,0.0
44,CrossEntropyLoss,min-CPS,0.030000000000000027,0.97,4.1,3.1,1.0,1.0,5.099999999999999,0.03,0.0
44,CrossEntropyLoss,min-CPS,0.050000000000000044,0.98,3.34,2.34,1.0,1.0,3.1399999999999992,0.02,0.0
44,CrossEntropyLoss,min-CPS,0.07999999999999996,0.95,2.82,1.82,1.0,1.0,3.0700000000000007,0.05,0.0
44,CrossEntropyLoss,min-CPS,0.09999999999999998,0.94,2.48,1.48,1.0,1.0,2.68,0.06,0.0
44,CrossEntropyLoss,min-CPS,0.13,0.92,2.17,1.17,1.0,1.0,2.4007692307692308,0.08,0.0
44,CrossEntropyLoss,min-CPS,0.15000000000000002,0.91,2.12,1.12,1.0,1.0,2.32,0.09,0.0
44,CrossEntropyLoss,min-CPS,0.18000000000000005,0.87,1.85,0.85,1.0,1.0,2.294444444444444,0.13,0.0
44,CrossEntropyLoss,min-CPS,0.19999999999999996,0.87,1.72,0.72,1.0,1.0,2.0200000000000005,0.13,0.0
44,CrossEntropyLoss,RPS,0.010000000000000009,1.0,3.55,2.55,,0.0,2.55,0.0,0.0
44,CrossEntropyLoss,RPS,0.020000000000000018,0.99,3.33,2.33,1.0,1.0,3.3299999999999987,0.01,0.0
44,CrossEntropyLoss,RPS,0.030000000000000027,0.99,3.24,2.24,1.0,1.0,2.9066666666666663,0.01,0.0
44,CrossEntropyLoss,RPS,0.050000000000000044,0.94,2.48,1.48,1.0,1.0,3.8799999999999977,0.06,0.0
44,CrossEntropyLoss,RPS,0.07999999999999996,0.94,2.43,1.43,1.0,1.0,2.930000000000001,0.06,0.0
44,CrossEntropyLoss,RPS,0.09999999999999998,0.93,2.29,1.29,1.0,1.0,2.69,0.07,0.0
44,CrossEntropyLoss,RPS,0.13,0.86,1.87,0.87,1.0,1.0,3.0238461538461534,0.14,0.0
44,CrossEntropyLoss,RPS,0.15000000000000002,0.85,1.79,0.79,1.0666666666666667,2.0,2.9233333333333333,0.16,0.0
44,CrossEntropyLoss,RPS,0.18000000000000005,0.84,1.65,0.65,1.0625,2.0,2.5388888888888888,0.17,0.0
44,CrossEntropyLoss,RPS,0.19999999999999996,0.82,1.61,0.61,1.0555555555555556,2.0,2.51,0.19,0.0
44,CrossEntropyLoss,OCDF,0.010000000000000009,0.98,5.02,4.02,1.0,1.0,8.019999999999996,0.02,0.0
44,CrossEntropyLoss,OCDF,0.020000000000000018,0.98,4.88,3.88,1.0,1.0,5.879999999999998,0.02,0.0
44,CrossEntropyLoss,OCDF,0.030000000000000027,0.97,4.86,3.86,1.0,1.0,5.8599999999999985,0.03,0.0
44,CrossEntropyLoss,OCDF,0.050000000000000044,0.94,4.54,3.54,1.0,1.0,5.939999999999998,0.06,0.0
44,CrossEntropyLoss,OCDF,0.07999999999999996,0.88,4.29,3.29,1.0,1.0,6.290000000000001,0.12,0.0
44,CrossEntropyLoss,OCDF,0.09999999999999998,0.85,4.14,3.14,1.0,1.0,6.14,0.15,0.0
44,CrossEntropyLoss,OCDF,0.13,0.84,3.98,2.98,1.0,1.0,5.441538461538462,0.16,0.0
44,CrossEntropyLoss,OCDF,0.15000000000000002,0.82,3.88,2.88,1.0,1.0,5.28,0.18,0.0
44,CrossEntropyLoss,OCDF,0.18000000000000005,0.77,3.52,2.52,1.0,1.0,5.075555555555555,0.23,0.0
44,CrossEntropyLoss,OCDF,0.19999999999999996,0.72,3.2,2.2,1.0,1.0,5.0,0.28,0.0
44,CrossEntropyLoss,APS,0.010000000000000009,0.98,5.14,4.62,1.0,1.0,4.62,0.02,0.43999999999999995
44,CrossEntropyLoss,APS,0.020000000000000018,0.95,4.57,4.3,1.0,1.0,4.3,0.05,0.5800000000000001
44,CrossEntropyLoss,APS,0.030000000000000027,0.93,3.53,3.23,1.0,1.0,5.229999999999999,0.07,0.49
44,CrossEntropyLoss,APS,0.050000000000000044,0.92,3.09,2.56,1.0,1.0,3.759999999999999,0.08,0.33999999999999997
44,CrossEntropyLoss,APS,0.07999999999999996,0.91,2.87,2.22,1.0,1.0,3.2200000000000006,0.09,0.28
44,CrossEntropyLoss,APS,0.09999999999999998,0.9,2.43,1.72,1.0,1.0,2.72,0.1,0.20999999999999996
44,CrossEntropyLoss,APS,0.13,0.89,2.28,1.52,1.0,1.0,2.4430769230769234,0.11,0.18000000000000005
44,CrossEntropyLoss,APS,0.15000000000000002,0.87,2.11,1.33,1.0,1.0,2.3966666666666665,0.13,0.15000000000000002
44,CrossEntropyLoss,APS,0.18000000000000005,0.84,1.93,1.12,1.0,1.0,2.3422222222222215,0.16,0.14
44,CrossEntropyLoss,APS,0.19999999999999996,0.77,1.78,0.96,1.3478260869565217,5.0,3.06,0.31,0.12
44,CrossEntropyLoss,LAC,0.010000000000000009,0.99,5.34,4.63,1.0,1.0,4.63,0.01,0.20999999999999996
44,CrossEntropyLoss,LAC,0.020000000000000018,0.96,4.74,4.05,1.0,1.0,5.049999999999999,0.04,0.24
44,CrossEntropyLoss,LAC,0.030000000000000027,0.96,4.59,3.93,1.0,1.0,4.596666666666667,0.04,0.27
44,CrossEntropyLoss,LAC,0.050000000000000044,0.95,3.85,3.11,1.0,1.0,3.9099999999999993,0.05,0.20999999999999996
44,CrossEntropyLoss,LAC,0.07999999999999996,0.92,2.74,1.98,1.0,1.0,2.7300000000000004,0.08,0.18999999999999995
44,CrossEntropyLoss,LAC,0.09999999999999998,0.9,2.47,1.64,1.0,1.0,2.64,0.1,0.14
44,CrossEntropyLoss,LAC,0.13,0.88,2.29,1.47,1.0,1.0,2.546923076923077,0.12,0.14
44,CrossEntropyLoss,LAC,0.15000000000000002,0.84,1.89,1.03,1.0,1.0,2.63,0.16,0.10999999999999999
44,CrossEntropyLoss,LAC,0.18000000000000005,0.83,1.69,0.8,1.0,1.0,2.244444444444444,0.17,0.08999999999999997
44,CrossEntropyLoss,LAC,0.19999999999999996,0.82,1.66,0.76,1.0,1.0,2.26,0.18,0.07999999999999996
45,CrossEntropyLoss,min-CPS,0.010000000000000009,1.0,4.89,3.89,,0.0,3.89,0.0,0.0
45,CrossEntropyLoss,min-CPS,0.020000000000000018,1.0,4.52,3.52,,0.0,3.52,0.0,0.0
45,CrossEntropyLoss,min-CPS,0.030000000000000027,1.0,4.43,3.43,,0.0,3.43,0.0,0.0
45,CrossEntropyLoss,min-CPS,0.050000000000000044,0.94,2.95,1.95,1.0,1.0,4.349999999999998,0.06,0.0
45,CrossEntropyLoss,min-CPS,0.07999999999999996,0.84,2.02,1.02,1.0,1.0,5.020000000000002,0.16,0.0
45,CrossEntropyLoss,min-CPS,0.09999999999999998,0.83,1.97,0.97,1.0588235294117647,2.0,4.57,0.18,0.0
45,CrossEntropyLoss,min-CPS,0.13,0.82,1.96,0.96,1.0555555555555556,2.0,3.8830769230769224,0.19,0.0
45,CrossEntropyLoss,min-CPS,0.15000000000000002,0.84,1.86,0.86,1.125,2.0,3.26,0.18,0.0
45,CrossEntropyLoss,min-CPS,0.18000000000000005,0.76,1.61,0.61,1.0833333333333333,2.0,3.498888888888888,0.26,0.0
45,CrossEntropyLoss,min-CPS,0.19999999999999996,0.76,1.51,0.51,1.1666666666666667,2.0,3.31,0.28,0.0
45,CrossEntropyLoss,RPS,0.010000000000000009,0.94,2.86,1.86,1.0,1.0,13.85999999999999,0.06,0.0
45,CrossEntropyLoss,RPS,0.020000000000000018,0.93,2.64,1.64,1.0,1.0,8.639999999999993,0.07,0.0
45,CrossEntropyLoss,RPS,0.030000000000000027,0.93,2.58,1.58,1.0,1.0,6.246666666666663,0.07,0.0
45,CrossEntropyLoss,RPS,0.050000000000000044,0.92,2.47,1.47,1.0,1.0,4.669999999999997,0.08,0.0
45,CrossEntropyLoss,RPS,0.07999999999999996,0.84,2.14,1.14,1.0,1.0,5.140000000000002,0.16,0.0
45,CrossEntropyLoss,RPS,0.09999999999999998,0.81,1.85,0.85,1.0,1.0,4.650000000000001,0.19,0.0
45,CrossEntropyLoss,RPS,0.13,0.77,1.54,0.54,1.0869565217391304,2.0,4.386153846153846,0.25,0.0
45,CrossEntropyLoss,RPS,0.15000000000000002,0.74,1.48,0.48,1.0769230769230769,2.0,4.213333333333333,0.28,0.0
45,CrossEntropyLoss,RPS,0.18000000000000005,0.74,1.46,0.47,1.2307692307692308,5.0,3.803333333333333,0.32,0.0
45,CrossEntropyLoss,RPS,0.19999999999999996,0.71,1.42,0.43,1.206896551724138,5.0,3.7300000000000004,0.35,0.0
45,CrossEntropyLoss,OCDF,0.010000000000000009,0.99,5.06,4.06,1.0,1.0,6.059999999999998,0.01,0.0
45,CrossEntropyLoss,OCDF,0.020000000000000018,0.98,4.88,3.88,1.0,1.0,5.879999999999998,0.02,0.0
45,CrossEntropyLoss,OCDF,0.030000000000000027,0.96,4.77,3.77,1.25,2.0,7.10333333333333,0.05,0.0
45,CrossEntropyLoss,OCDF,0.050000000000000044,0.96,4.77,3.77,1.25,2.0,5.769999999999998,0.05,0.0
45,CrossEntropyLoss,OCDF,0.07999999999999996,0.89,4.31,3.31,1.0909090909090908,2.0,6.310000000000002,0.12,0.0
45,CrossEntropyLoss,OCDF,0.09999999999999998,0.89,4.27,3.27,1.0909090909090908,2.0,5.67,0.12,0.0
45,CrossEntropyLoss,OCDF,0.13,0.89,4.2,3.2,1.0909090909090908,2.0,5.046153846153846,0.12,0.0
45,CrossEntropyLoss,OCDF,0.15000000000000002,0.82,3.95,2.95,1.0555555555555556,2.0,5.4833333333333325,0.19,0.0
45,CrossEntropyLoss,OCDF,0.18000000000000005,0.79,3.74,2.74,1.0476190476190477,2.0,5.184444444444443,0.22,0.0
45,CrossEntropyLoss,OCDF,0.19999999999999996,0.77,3.57,2.57,1.0434782608695652,2.0,4.97,0.24,0.0
45,CrossEntropyLoss,APS,0.010000000000000009,0.99,5.73,4.91,1.0,1.0,4.91,0.01,0.18000000000000005
45,CrossEntropyLoss,APS,0.020000000000000018,0.99,5.52,4.82,1.0,1.0,4.82,0.01,0.29000000000000004
45,CrossEntropyLoss,APS,0.030000000000000027,0.98,4.79,4.39,1.0,1.0,4.39,0.02,0.49
45,CrossEntropyLoss,APS,0.050000000000000044,0.94,3.31,2.81,1.0,1.0,4.409999999999999,0.06,0.37
45,CrossEntropyLoss,APS,0.07999999999999996,0.89,2.61,1.89,1.0,1.0,3.640000000000001,0.11,0.20999999999999996
45,CrossEntropyLoss,APS,0.09999999999999998,0.84,2.07,1.32,1.25,5.0,4.72,0.2,0.16000000000000003
45,CrossEntropyLoss,APS,0.13,0.83,1.93,1.16,1.2352941176470589,5.0,4.083076923076923,0.21,0.14
45,CrossEntropyLoss,APS,0.15000000000000002,0.82,1.88,1.1,1.2222222222222223,5.0,3.766666666666666,0.22,0.14
45,CrossEntropyLoss,APS,0.18000000000000005,0.82,1.86,1.08,1.2222222222222223,5.0,3.3022222222222215,0.22,0.14
45,CrossEntropyLoss,APS,0.19999999999999996,0.82,1.8,1.01,1.2222222222222223,5.0,3.01,0.22,0.14
45,CrossEntropyLoss,LAC,0.010000000000000009,1.0,5.49,4.73,,0.0,4.73,0.0,0.16000000000000003
45,CrossEntropyLoss,LAC,0.020000000000000018,0.99,5.45,4.67,1.0,1.0,4.67,0.01,0.16000000000000003
45,CrossEntropyLoss,LAC,0.030000000000000027,0.98,4.93,4.21,1.0,1.0,4.876666666666666,0.02,0.24
45,CrossEntropyLoss,LAC,0.050000000000000044,0.95,3.75,3.06,1.0,1.0,4.259999999999999,0.05,0.26
45,CrossEntropyLoss,LAC,0.07999999999999996,0.89,2.5,1.72,1.0,1.0,3.720000000000001,0.11,0.17000000000000004
45,CrossEntropyLoss,LAC,0.09999999999999998,0.89,2.37,1.59,1.0,1.0,3.19,0.11,0.17000000000000004
45,CrossEntropyLoss,LAC,0.13,0.84,1.88,1.02,1.0625,2.0,3.327692307692307,0.17,0.09999999999999998
45,CrossEntropyLoss,LAC,0.15000000000000002,0.79,1.69,0.83,1.0952380952380953,2.0,3.496666666666666,0.23,0.10999999999999999
45,CrossEntropyLoss,LAC,0.18000000000000005,0.71,1.55,0.67,1.0689655172413792,2.0,3.558888888888888,0.31,0.09999999999999998
45,CrossEntropyLoss,LAC,0.19999999999999996,0.71,1.51,0.64,1.103448275862069,2.0,3.34,0.32,0.10999999999999999
46,CrossEntropyLoss,min-CPS,0.010000000000000009,1.0,4.93,3.93,,0.0,3.93,0.0,0.0
46,CrossEntropyLoss,min-CPS,0.020000000000000018,1.0,4.91,3.91,,0.0,3.91,0.0,0.0
46,CrossEntropyLoss,min-CPS,0.030000000000000027,0.99,4.29,3.29,1.0,1.0,3.956666666666666,0.01,0.0
46,CrossEntropyLoss,min-CPS,0.050000000000000044,0.99,3.77,2.77,1.0,1.0,3.17,0.01,0.0
46,CrossEntropyLoss,min-CPS,0.07999999999999996,0.98,3.25,2.25,1.0,1.0,2.75,0.02,0.0
46,CrossEntropyLoss,min-CPS,0.09999999999999998,0.96,2.83,1.83,1.0,1.0,2.63,0.04,0.0
46,CrossEntropyLoss,min-CPS,0.13,0.97,2.54,1.54,1.0,1.0,2.0015384615384617,0.03,0.0
46,CrossEntropyLoss,min-CPS,0.15000000000000002,0.94,2.23,1.23,1.0,1.0,2.03,0.06,0.0
46,CrossEntropyLoss,min-CPS,0.18000000000000005,0.92,2.08,1.08,1.0,1.0,1.9688888888888885,0.08,0.0
46,CrossEntropyLoss,min-CPS,0.19999999999999996,0.9,2.05,1.05,1.0,1.0,2.05,0.1,0.0
46,CrossEntropyLoss,RPS,0.010000000000000009,1.0,3.57,2.57,,0.0,2.57,0.0,0.0
46,CrossEntropyLoss,RPS,0.020000000000000018,1.0,3.46,2.46,,0.0,2.46,0.0,0.0
46,CrossEntropyLoss,RPS,0.030000000000000027,1.0,3.33,2.33,,0.0,2.33,0.0,0.0
46,CrossEntropyLoss,RPS,0.050000000000000044,0.99,2.91,1.91,1.0,1.0,2.3099999999999996,0.01,0.0
46,CrossEntropyLoss,RPS,0.07999999999999996,0.98,2.6,1.6,1.0,1.0,2.1,0.02,0.0
46,CrossEntropyLoss,RPS,0.09999999999999998,0.96,2.44,1.44,1.0,1.0,2.24,0.04,0.0
46,CrossEntropyLoss,RPS,0.13,0.95,2.26,1.26,1.0,1.0,2.029230769230769,0.05,0.0
46,CrossEntropyLoss,RPS,0.15000000000000002,0.95,2.26,1.26,1.0,1.0,1.9266666666666665,0.05,0.0
46,CrossEntropyLoss,RPS,0.18000000000000005,0.88,1.85,0.85,1.0,1.0,2.183333333333333,0.12,0.0
46,CrossEntropyLoss,RPS,0.19999999999999996,0.87,1.7,0.7,1.0,1.0,2.0,0.13,0.0
46,CrossEntropyLoss,OCDF,0.010000000000000009,1.0,5.36,4.36,,0.0,4.36,0.0,0.0
46,CrossEntropyLoss,OCDF,0.020000000000000018,1.0,5.22,4.22,,0.0,4.22,0.0,0.0
46,CrossEntropyLoss,OCDF,0.030000000000000027,1.0,5.2,4.2,,0.0,4.2,0.0,0.0
46,CrossEntropyLoss,OCDF,0.050000000000000044,0.98,4.96,3.96,1.0,1.0,4.76,0.02,0.0
46,CrossEntropyLoss,OCDF,0.07999999999999996,0.96,4.74,3.74,1.0,1.0,4.74,0.04,0.0
46,CrossEntropyLoss,OCDF,0.09999999999999998,0.89,4.36,3.36,1.0,1.0,5.56,0.11,0.0
46,CrossEntropyLoss,OCDF,0.13,0.87,4.15,3.15,1.0,1.0,5.15,0.13,0.0
46,CrossEntropyLoss,OCDF,0.15000000000000002,0.85,4.07,3.07,1.0,1.0,5.069999999999999,0.15,0.0
46,CrossEntropyLoss,OCDF,0.18000000000000005,0.82,3.85,2.85,1.0,1.0,4.85,0.18,0.0
46,CrossEntropyLoss,OCDF,0.19999999999999996,0.78,3.53,2.53,1.0,1.0,4.73,0.22,0.0
46,CrossEntropyLoss,APS,0.010000000000000009,1.0,5.97,5.0,,0.0,5.0,0.0,0.030000000000000027
46,CrossEntropyLoss,APS,0.020000000000000018,0.98,5.43,4.79,1.0,1.0,4.79,0.02,0.35
46,CrossEntropyLoss,APS,0.030000000000000027,0.98,5.39,4.77,1.0,1.0,4.77,0.02,0.37
46,CrossEntropyLoss,APS,0.050000000000000044,0.97,4.28,3.98,1.0,1.0,3.98,0.03,0.49
46,CrossEntropyLoss,APS,0.07999999999999996,0.97,3.59,3.22,1.0,1.0,3.47,0.03,0.41000000000000003
46,CrossEntropyLoss,APS,0.09999999999999998,0.97,3.58,3.19,1.0,1.0,3.39,0.03,0.4
46,CrossEntropyLoss,APS,0.13,0.95,2.62,1.9,1.0,1.0,2.3615384615384616,0.05,0.19999999999999996
46,CrossEntropyLoss,APS,0.15000000000000002,0.94,2.36,1.61,1.0,1.0,2.143333333333333,0.06,0.17000000000000004
46,CrossEntropyLoss,APS,0.18000000000000005,0.91,2.06,1.22,1.4444444444444444,5.0,2.3311111111111105,0.13,0.10999999999999999
46,CrossEntropyLoss,APS,0.19999999999999996,0.9,1.99,1.15,1.8,5.0,2.35,0.18,0.09999999999999998
46,CrossEntropyLoss,LAC,0.010000000000000009,1.0,5.44,4.65,,0.0,4.65,0.0,0.17000000000000004
46,CrossEntropyLoss,LAC,0.020000000000000018,1.0,5.39,4.62,,0.0,4.62,0.0,0.18999999999999995
46,CrossEntropyLoss,LAC,0.030000000000000027,1.0,5.39,4.62,,0.0,4.62,0.0,0.18999999999999995
46,CrossEntropyLoss,LAC,0.050000000000000044,0.97,4.24,3.62,1.0,1.0,4.02,0.03,0.30000000000000004
46,CrossEntropyLoss,LAC,0.07999999999999996,0.96,3.66,3.01,1.0,1.0,3.51,0.04,0.26
46,CrossEntropyLoss,LAC,0.09999999999999998,0.95,3.17,2.45,1.0,1.0,2.85,0.05,0.24
46,CrossEntropyLoss,LAC,0.13,0.92,2.44,1.65,1.0,1.0,2.4192307692307695,0.08,0.16000000000000003
46,CrossEntropyLoss,LAC,0.15000000000000002,0.92,2.38,1.6,1.0,1.0,2.2666666666666666,0.08,0.16000000000000003
46,CrossEntropyLoss,LAC,0.18000000000000005,0.92,2.18,1.31,1.0,1.0,2.0877777777777773,0.08,0.09999999999999998
46,CrossEntropyLoss,LAC,0.19999999999999996,0.91,2.05,1.15,1.0,1.0,1.95,0.09,0.06000000000000005
47,CrossEntropyLoss,min-CPS,0.010000000000000009,0.99,4.7,3.7,1.0,1.0,5.6999999999999975,0.01,0.0
47,CrossEntropyLoss,min-CPS,0.020000000000000018,0.97,4.02,3.02,1.0,1.0,6.019999999999998,0.03,0.0
47,CrossEntropyLoss,min-CPS,0.030000000000000027,0.95,3.14,2.14,1.0,1.0,5.47333333333333,0.05,0.0
47,CrossEntropyLoss,min-CPS,0.050000000000000044,0.93,2.76,1.76,1.0,1.0,4.559999999999998,0.07,0.0
47,CrossEntropyLoss,min-CPS,0.07999999999999996,0.9,2.39,1.39,1.0,1.0,3.890000000000001,0.1,0.0
47,CrossEntropyLoss,min-CPS,0.09999999999999998,0.9,2.1,1.1,1.0,1.0,3.1,0.1,0.0
47,CrossEntropyLoss,min-CPS,0.13,0.88,1.99,0.99,1.0,1.0,2.836153846153846,0.12,0.0
47,CrossEntropyLoss,min-CPS,0.15000000000000002,0.87,1.95,0.95,1.0,1.0,2.683333333333333,0.13,0.0
47,CrossEntropyLoss,min-CPS,0.18000000000000005,0.86,1.79,0.79,1.0714285714285714,2.0,2.456666666666666,0.15,0.0
47,CrossEntropyLoss,min-CPS,0.19999999999999996,0.85,1.72,0.72,1.0666666666666667,2.0,2.32,0.16,0.0
47,CrossEntropyLoss,RPS,0.010000000000000009,1.0,3.51,2.51,,0.0,2.51,0.0,0.0
47,CrossEntropyLoss,RPS,0.020000000000000018,0.98,3.27,2.27,1.0,1.0,4.269999999999999,0.02,0.0
47,CrossEntropyLoss,RPS,0.030000000000000027,0.98,3.26,2.26,1.0,1.0,3.5933333333333324,0.02,0.0
47,CrossEntropyLoss,RPS,0.050000000000000044,0.94,2.43,1.43,1.0,1.0,3.829999999999998,0.06,0.0
47,CrossEntropyLoss,RPS,0.07999999999999996,0.89,2.12,1.12,1.0,1.0,3.870000000000001,0.11,0.0
47,CrossEntropyLoss,RPS,0.09999999999999998,0.88,2.02,1.02,1.0,1.0,3.42,0.12,0.0
47,CrossEntropyLoss,RPS,0.13,0.88,1.97,0.97,1.0,1.0,2.816153846153845,0.12,0.0
47,CrossEntropyLoss,RPS,0.15000000000000002,0.87,1.82,0.82,1.0,1.0,2.5533333333333332,0.13,0.0
47,CrossEntropyLoss,RPS,0.18000000000000005,0.83,1.62,0.62,1.0588235294117647,2.0,2.619999999999999,0.18,0.0
47,CrossEntropyLoss,RPS,0.19999999999999996,0.8,1.57,0.57,1.05,2.0,2.67,0.21,0.0
47,CrossEntropyLoss,OCDF,0.010000000000000009,1.0,5.18,4.18,,0.0,4.18,0.0,0.0
47,CrossEntropyLoss,OCDF,0.020000000000000018,0.99,5.06,4.06,1.0,1.0,5.059999999999999,0.01,0.0
47,CrossEntropyLoss,OCDF,0.030000000000000027,0.99,4.89,3.89,1.0,1.0,4.556666666666667,0.01,0.0
47,CrossEntropyLoss,OCDF,0.050000000000000044,0.98,4.78,3.78,1.0,1.0,4.579999999999999,0.02,0.0
47,CrossEntropyLoss,OCDF,0.07999999999999996,0.98,4.6,3.6,1.0,1.0,4.1,0.02,0.0
47,CrossEntropyLoss,OCDF,0.09999999999999998,0.97,4.54,3.54,1.0,1.0,4.14,0.03,0.0
47,CrossEntropyLoss,OCDF,0.13,0.93,4.36,3.36,1.0,1.0,4.436923076923077,0.07,0.0
47,CrossEntropyLoss,OCDF,0.15000000000000002,0.93,4.33,3.33,1.0,1.0,4.263333333333333,0.07,0.0
47,CrossEntropyLoss,OCDF,0.18000000000000005,0.91,4.12,3.12,1.0,1.0,4.119999999999999,0.09,0.0
47,CrossEntropyLoss,OCDF,0.19999999999999996,0.89,4.07,3.07,1.0,1.0,4.17,0.11,0.0
47,CrossEntropyLoss,APS,0.010000000000000009,1.0,5.92,4.98,,0.0,4.98,0.0,0.06000000000000005
47,CrossEntropyLoss,APS,0.020000000000000018,1.0,5.6,4.88,,0.0,4.88,0.0,0.28
47,CrossEntropyLoss,APS,0.030000000000000027,0.99,5.07,4.66,1.0,1.0,4.66,0.01,0.51
47,CrossEntropyLoss,APS,0.050000000000000044,0.96,3.65,3.22,1.0,1.0,4.02,0.04,0.43999999999999995
47,CrossEntropyLoss,APS,0.07999999999999996,0.94,2.93,2.31,1.0,1.0,3.3100000000000005,0.06,0.29000000000000004
47,CrossEntropyLoss,APS,0.09999999999999998,0.91,2.54,1.82,1.4444444444444444,5.0,3.22,0.13,0.21999999999999997
47,CrossEntropyLoss,APS,0.13,0.86,1.98,1.13,1.5714285714285714,5.0,3.2838461538461536,0.22,0.12
47,CrossEntropyLoss,APS,0.15000000000000002,0.85,1.96,1.11,1.5333333333333334,5.0,3.1099999999999994,0.23,0.12
47,CrossEntropyLoss,APS,0.18000000000000005,0.84,1.86,1.0,1.5,5.0,2.7777777777777772,0.24,0.10999999999999999
47,CrossEntropyLoss,APS,0.19999999999999996,0.81,1.72,0.87,1.631578947368421,5.0,2.97,0.31,0.09999999999999998
47,CrossEntropyLoss,LAC,0.010000000000000009,0.97,5.04,4.4,1.0,1.0,6.399999999999998,0.03,0.26
47,CrossEntropyLoss,LAC,0.020000000000000018,0.97,4.71,4.1,1.0,1.0,6.099999999999998,0.03,0.30000000000000004
47,CrossEntropyLoss,LAC,0.030000000000000027,0.96,4.39,3.78,1.0,1.0,5.7799999999999985,0.04,0.30000000000000004
47,CrossEntropyLoss,LAC,0.050000000000000044,0.95,3.65,2.92,1.0,1.0,4.519999999999999,0.05,0.20999999999999996
47,CrossEntropyLoss,LAC,0.07999999999999996,0.93,3.0,2.21,1.0,1.0,3.4600000000000013,0.07,0.18999999999999995
47,CrossEntropyLoss,LAC,0.09999999999999998,0.9,2.37,1.49,1.0,1.0,3.09,0.1,0.12
47,CrossEntropyLoss,LAC,0.13,0.89,2.23,1.37,1.0,1.0,2.7546153846153847,0.11,0.13
47,CrossEntropyLoss,LAC,0.15000000000000002,0.87,1.91,1.01,1.0,1.0,2.4766666666666666,0.13,0.09999999999999998
47,CrossEntropyLoss,LAC,0.18000000000000005,0.87,1.85,0.95,1.0,1.0,2.172222222222222,0.13,0.09999999999999998
47,CrossEntropyLoss,LAC,0.19999999999999996,0.85,1.67,0.78,1.0,1.0,2.08,0.15,0.09999999999999998
48,CrossEntropyLoss,min-CPS,0.010000000000000009,1.0,4.85,3.85,,0.0,3.85,0.0,0.0
48,CrossEntropyLoss,min-CPS,0.020000000000000018,0.97,4.1,3.1,1.0,1.0,6.099999999999998,0.03,0.0
48,CrossEntropyLoss,min-CPS,0.030000000000000027,0.97,4.06,3.06,1.0,1.0,5.059999999999999,0.03,0.0
48,CrossEntropyLoss,min-CPS,0.050000000000000044,0.94,2.99,1.99,1.0,1.0,4.389999999999998,0.06,0.0
48,CrossEntropyLoss,min-CPS,0.07999999999999996,0.93,2.66,1.66,1.0,1.0,3.410000000000001,0.07,0.0
48,CrossEntropyLoss,min-CPS,0.09999999999999998,0.9,2.21,1.21,1.0,1.0,3.21,0.1,0.0
48,CrossEntropyLoss,min-CPS,0.13,0.86,2.02,1.02,1.0714285714285714,2.0,3.327692307692307,0.15,0.0
48,CrossEntropyLoss,min-CPS,0.15000000000000002,0.86,1.98,0.98,1.0714285714285714,2.0,2.98,0.15,0.0
48,CrossEntropyLoss,min-CPS,0.18000000000000005,0.77,1.61,0.61,1.0869565217391304,2.0,3.387777777777777,0.25,0.0
48,CrossEntropyLoss,min-CPS,0.19999999999999996,0.77,1.57,0.57,1.0869565217391304,2.0,3.07,0.25,0.0
48,CrossEntropyLoss,RPS,0.010000000000000009,0.97,3.18,2.18,1.0,1.0,8.179999999999996,0.03,0.0
48,CrossEntropyLoss,RPS,0.020000000000000018,0.97,3.17,2.17,1.0,1.0,5.169999999999998,0.03,0.0
48,CrossEntropyLoss,RPS,0.030000000000000027,0.93,2.57,1.57,1.0,1.0,6.236666666666663,0.07,0.0
48,CrossEntropyLoss,RPS,0.050000000000000044,0.92,2.44,1.44,1.0,1.0,4.639999999999997,0.08,0.0
48,CrossEntropyLoss,RPS,0.07999999999999996,0.88,2.22,1.22,1.0,1.0,4.2200000000000015,0.12,0.0
48,CrossEntropyLoss,RPS,0.09999999999999998,0.87,2.11,1.11,1.0,1.0,3.71,0.13,0.0
48,CrossEntropyLoss,RPS,0.13,0.87,1.95,0.95,1.0,1.0,2.9499999999999993,0.13,0.0
48,CrossEntropyLoss,RPS,0.15000000000000002,0.86,1.84,0.84,1.0,1.0,2.706666666666666,0.14,0.0
48,CrossEntropyLoss,RPS,0.18000000000000005,0.78,1.55,0.55,1.0909090909090908,2.0,3.216666666666666,0.24,0.0
48,CrossEntropyLoss,RPS,0.19999999999999996,0.76,1.45,0.46,1.25,5.0,3.26,0.3,0.0
48,CrossEntropyLoss,OCDF,0.010000000000000009,1.0,5.38,4.38,,0.0,4.38,0.0,0.0
48,CrossEntropyLoss,OCDF,0.020000000000000018,0.98,5.09,4.09,1.0,1.0,6.089999999999998,0.02,0.0
48,CrossEntropyLoss,OCDF,0.030000000000000027,0.98,5.06,4.06,1.0,1.0,5.393333333333333,0.02,0.0
48,CrossEntropyLoss,OCDF,0.050000000000000044,0.96,4.92,3.92,1.25,2.0,5.919999999999998,0.05,0.0
48,CrossEntropyLoss,OCDF,0.07999999999999996,0.9,4.41,3.41,1.1,2.0,6.160000000000002,0.11,0.0
48,CrossEntropyLoss,OCDF,0.09999999999999998,0.89,4.29,3.29,1.0909090909090908,2.0,5.69,0.12,0.0
48,CrossEntropyLoss,OCDF,0.13,0.88,4.23,3.23,1.0833333333333333,2.0,5.23,0.13,0.0
48,CrossEntropyLoss,OCDF,0.15000000000000002,0.83,4.02,3.02,1.0588235294117647,2.0,5.42,0.18,0.0
48,CrossEntropyLoss,OCDF,0.18000000000000005,0.82,3.86,2.86,1.0555555555555556,2.0,4.97111111111111,0.19,0.0
48,CrossEntropyLoss,OCDF,0.19999999999999996,0.79,3.64,2.64,1.0476190476190477,2.0,4.84,0.22,0.0
48,CrossEntropyLoss,APS,0.010000000000000009,0.99,5.53,4.89,1.0,1.0,4.89,0.01,0.32999999999999996
48,CrossEntropyLoss,APS,0.020000000000000018,0.97,5.08,4.68,1.0,1.0,4.68,0.03,0.51
48,CrossEntropyLoss,APS,0.030000000000000027,0.97,4.49,4.22,1.0,1.0,4.886666666666667,0.03,0.54
48,CrossEntropyLoss,APS,0.050000000000000044,0.91,3.29,2.82,1.4444444444444444,5.0,4.8199999999999985,0.13,0.37
48,CrossEntropyLoss,APS,0.07999999999999996,0.9,2.61,1.86,1.4,5.0,3.610000000000001,0.14,0.18999999999999995
48,CrossEntropyLoss,APS,0.09999999999999998,0.85,2.2,1.44,1.2666666666666666,5.0,3.64,0.19,0.17000000000000004
48,CrossEntropyLoss,APS,0.13,0.83,1.95,1.21,1.2352941176470589,5.0,3.2099999999999995,0.21,0.18999999999999995
48,CrossEntropyLoss,APS,0.15000000000000002,0.83,1.91,1.17,1.2352941176470589,5.0,2.9033333333333333,0.21,0.18999999999999995
48,CrossEntropyLoss,APS,0.18000000000000005,0.83,1.91,1.17,1.2352941176470589,5.0,2.614444444444444,0.21,0.18999999999999995
48,CrossEntropyLoss,APS,0.19999999999999996,0.82,1.8,1.07,1.2222222222222223,5.0,2.47,0.22,0.18999999999999995
48,CrossEntropyLoss,LAC,0.010000000000000009,0.98,5.4,4.63,1.0,1.0,4.63,0.02,0.18999999999999995
48,CrossEntropyLoss,LAC,0.020000000000000018,0.96,4.72,4.09,1.0,1.0,6.089999999999998,0.04,0.27
48,CrossEntropyLoss,LAC,0.030000000000000027,0.96,4.54,3.95,1.0,1.0,5.283333333333332,0.04,0.30000000000000004
48,CrossEntropyLoss,LAC,0.050000000000000044,0.96,3.88,3.27,1.0,1.0,4.069999999999999,0.04,0.29000000000000004
48,CrossEntropyLoss,LAC,0.07999999999999996,0.92,2.73,1.94,1.0,1.0,3.1900000000000013,0.08,0.17000000000000004
48,CrossEntropyLoss,LAC,0.09999999999999998,0.89,2.32,1.55,1.0,1.0,3.15,0.11,0.19999999999999996
48,CrossEntropyLoss,LAC,0.13,0.85,1.87,1.04,1.0666666666666667,2.0,3.04,0.16,0.14
48,CrossEntropyLoss,LAC,0.15000000000000002,0.85,1.85,1.02,1.0666666666666667,2.0,2.753333333333333,0.16,0.14
48,CrossEntropyLoss,LAC,0.18000000000000005,0.8,1.59,0.71,1.1,2.0,2.8211111111111107,0.22,0.09999999999999998
48,CrossEntropyLoss,LAC,0.19999999999999996,0.77,1.52,0.62,1.0869565217391304,2.0,2.92,0.25,0.07999999999999996
49,CrossEntropyLoss,min-CPS,0.010000000000000009,0.98,4.32,3.32,1.0,1.0,7.319999999999996,0.02,0.0
49,CrossEntropyLoss,min-CPS,0.020000000000000018,0.96,4.05,3.05,1.0,1.0,7.049999999999996,0.04,0.0
49,CrossEntropyLoss,min-CPS,0.030000000000000027,0.94,3.08,2.08,1.0,1.0,6.0799999999999965,0.06,0.0
49,CrossEntropyLoss,min-CPS,0.050000000000000044,0.87,2.36,1.36,1.0,1.0,6.559999999999995,0.13,0.0
49,CrossEntropyLoss,min-CPS,0.07999999999999996,0.87,2.06,1.06,1.0,1.0,4.310000000000001,0.13,0.0
49,CrossEntropyLoss,min-CPS,0.09999999999999998,0.86,1.98,0.98,1.0,1.0,3.78,0.14,0.0
49,CrossEntropyLoss,min-CPS,0.13,0.85,1.88,0.88,1.0666666666666667,2.0,3.3415384615384607,0.16,0.0
49,CrossEntropyLoss,min-CPS,0.15000000000000002,0.84,1.87,0.87,1.0625,2.0,3.1366666666666663,0.17,0.0
49,CrossEntropyLoss,min-CPS,0.18000000000000005,0.86,1.71,0.71,1.1428571428571428,2.0,2.4877777777777776,0.16,0.0
49,CrossEntropyLoss,min-CPS,0.19999999999999996,0.86,1.65,0.65,1.1428571428571428,2.0,2.25,0.16,0.0
49,CrossEntropyLoss,RPS,0.010000000000000009,0.99,3.4,2.4,1.0,1.0,4.399999999999999,0.01,0.0
49,CrossEntropyLoss,RPS,0.020000000000000018,0.98,3.19,2.19,1.0,1.0,4.189999999999999,0.02,0.0
49,CrossEntropyLoss,RPS,0.030000000000000027,0.96,2.77,1.77,1.0,1.0,4.436666666666665,0.04,0.0
49,CrossEntropyLoss,RPS,0.050000000000000044,0.93,2.42,1.42,1.0,1.0,4.219999999999997,0.07,0.0
49,CrossEntropyLoss,RPS,0.07999999999999996,0.87,2.11,1.11,1.0,1.0,4.360000000000002,0.13,0.0
49,CrossEntropyLoss,RPS,0.09999999999999998,0.86,2.05,1.05,1.0,1.0,3.85,0.14,0.0
49,CrossEntropyLoss,RPS,0.13,0.82,1.74,0.74,1.0,1.0,3.509230769230768,0.18,0.0
49,CrossEntropyLoss,RPS,0.15000000000000002,0.81,1.6,0.6,1.0526315789473684,2.0,3.266666666666666,0.2,0.0
49,CrossEntropyLoss,RPS,0.18000000000000005,0.8,1.57,0.57,1.05,2.0,2.9033333333333324,0.21,0.0
49,CrossEntropyLoss,RPS,0.19999999999999996,0.79,1.54,0.54,1.0476190476190477,2.0,2.74,0.22,0.0
49,CrossEntropyLoss,OCDF,0.010000000000000009,1.0,5.25,4.25,,0.0,4.25,0.0,0.0
49,CrossEntropyLoss,OCDF,0.020000000000000018,0.98,4.95,3.95,1.0,1.0,5.9499999999999975,0.02,0.0
49,CrossEntropyLoss,OCDF,0.030000000000000027,0.98,4.93,3.93,1.0,1.0,5.263333333333333,0.02,0.0
49,CrossEntropyLoss,OCDF,0.050000000000000044,0.96,4.85,3.85,1.25,2.0,5.849999999999999,0.05,0.0
49,CrossEntropyLoss,OCDF,0.07999999999999996,0.96,4.66,3.66,1.25,2.0,4.91,0.05,0.0
49,CrossEntropyLoss,OCDF,0.09999999999999998,0.93,4.44,3.44,1.1428571428571428,2.0,5.04,0.08,0.0
49,CrossEntropyLoss,OCDF,0.13,0.89,4.27,3.27,1.0909090909090908,2.0,5.116153846153846,0.12,0.0
49,CrossEntropyLoss,OCDF,0.15000000000000002,0.89,4.18,3.18,1.0909090909090908,2.0,4.779999999999999,0.12,0.0
49,CrossEntropyLoss,OCDF,0.18000000000000005,0.88,4.06,3.06,1.0833333333333333,2.0,4.504444444444443,0.13,0.0
49,CrossEntropyLoss,OCDF,0.19999999999999996,0.87,4.0,3.0,1.0769230769230769,2.0,4.4,0.14,0.0
49,CrossEntropyLoss,APS,0.010000000000000009,0.99,5.34,4.79,1.0,1.0,4.79,0.01,0.42000000000000004
49,CrossEntropyLoss,APS,0.020000000000000018,0.99,5.18,4.68,1.0,1.0,4.68,0.01,0.43999999999999995
49,CrossEntropyLoss,APS,0.030000000000000027,0.98,4.99,4.61,1.0,1.0,5.276666666666666,0.02,0.51
49,CrossEntropyLoss,APS,0.050000000000000044,0.93,3.15,2.58,1.0,1.0,4.579999999999998,0.07,0.33999999999999997
49,CrossEntropyLoss,APS,0.07999999999999996,0.9,2.67,1.98,1.0,1.0,3.7300000000000013,0.1,0.25
49,CrossEntropyLoss,APS,0.09999999999999998,0.87,2.37,1.61,1.3076923076923077,5.0,3.61,0.17,0.18999999999999995
49,CrossEntropyLoss,APS,0.13,0.86,2.2,1.41,1.2857142857142858,5.0,3.256153846153846,0.18,0.16000000000000003
49,CrossEntropyLoss,APS,0.15000000000000002,0.84,1.93,1.15,1.5,5.0,2.8833333333333333,0.24,0.14
49,CrossEntropyLoss,APS,0.18000000000000005,0.84,1.83,1.01,1.5,5.0,2.5655555555555556,0.24,0.12
49,CrossEntropyLoss,APS,0.19999999999999996,0.84,1.82,1.0,1.5,5.0,2.4,0.24,0.12
49,CrossEntropyLoss,LAC,0.010000000000000009,0.97,5.18,4.54,1.0,1.0,6.539999999999997,0.03,0.26
49,CrossEntropyLoss,LAC,0.020000000000000018,0.97,4.87,4.2,1.0,1.0,6.1999999999999975,0.03,0.25
49,CrossEntropyLoss,LAC,0.030000000000000027,0.97,4.67,3.98,1.0,1.0,5.313333333333333,0.03,0.25
49,CrossEntropyLoss,LAC,0.050000000000000044,0.95,3.68,2.98,1.0,1.0,4.579999999999998,0.05,0.22999999999999998
49,CrossEntropyLoss,LAC,0.07999999999999996,0.88,2.31,1.51,1.0,1.0,4.010000000000002,0.12,0.15000000000000002
49,CrossEntropyLoss,LAC,0.09999999999999998,0.85,2.17,1.31,1.0666666666666667,2.0,4.11,0.16,0.10999999999999999
49,CrossEntropyLoss,LAC,0.13,0.85,1.87,1.0,1.0666666666666667,2.0,3.307692307692307,0.16,0.08999999999999997
49,CrossEntropyLoss,LAC,0.15000000000000002,0.84,1.81,0.94,1.0625,2.0,3.0733333333333333,0.17,0.08999999999999997
49,CrossEntropyLoss,LAC,0.18000000000000005,0.83,1.62,0.72,1.0588235294117647,2.0,2.6088888888888886,0.18,0.06999999999999995
49,CrossEntropyLoss,LAC,0.19999999999999996,0.82,1.58,0.66,1.1111111111111112,2.0,2.56,0.2,0.06000000000000005
