iteration,loss,score,ALPHA,COV,PS,MW,MAMM,WAMM,AISL,MASE,CV%
0,COPOC,min-CPS,0.010000000000000009,0.995,4.39,3.39,1.0,1.0,4.389999999999999,0.005,0.0
0,COPOC,min-CPS,0.020000000000000018,0.995,4.235,3.235,1.0,1.0,3.7349999999999994,0.005,0.0
0,COPOC,min-CPS,0.030000000000000027,0.985,3.77,2.77,1.0,1.0,3.7699999999999996,0.015,0.0
0,COPOC,min-CPS,0.050000000000000044,0.965,3.335,2.335,1.0,1.0,3.734999999999999,0.035,0.0
0,COPOC,min-CPS,0.07999999999999996,0.925,2.955,1.955,1.0666666666666667,2.0,3.955000000000001,0.08,0.0
0,COPOC,min-CPS,0.09999999999999998,0.92,2.925,1.925,1.0625,2.0,3.625,0.085,0.0
0,COPOC,min-CPS,0.13,0.865,2.67,1.67,1.037037037037037,2.0,3.8238461538461537,0.14,0.0
0,COPOC,min-CPS,0.15000000000000002,0.855,2.64,1.64,1.0344827586206897,2.0,3.64,0.15,0.0
0,COPOC,min-CPS,0.18000000000000005,0.82,2.56,1.56,1.0555555555555556,2.0,3.6711111111111103,0.19,0.0
0,COPOC,min-CPS,0.19999999999999996,0.81,2.145,1.145,1.0526315789473684,2.0,3.145,0.2,0.0
0,COPOC,RPS,0.010000000000000009,0.995,3.905,2.905,1.0,1.0,3.904999999999999,0.005,0.0
0,COPOC,RPS,0.020000000000000018,0.99,3.53,2.53,1.0,1.0,3.529999999999999,0.01,0.0
0,COPOC,RPS,0.030000000000000027,0.99,3.485,2.485,1.0,1.0,3.1516666666666664,0.01,0.0
0,COPOC,RPS,0.050000000000000044,0.965,3.01,2.01,1.0,1.0,3.409999999999999,0.035,0.0
0,COPOC,RPS,0.07999999999999996,0.94,2.655,1.655,1.0833333333333333,2.0,3.280000000000001,0.065,0.0
0,COPOC,RPS,0.09999999999999998,0.915,2.3,1.3,1.0588235294117647,2.0,3.1,0.09,0.0
0,COPOC,RPS,0.13,0.88,2.1,1.1,1.0416666666666667,2.0,3.0230769230769226,0.125,0.0
0,COPOC,RPS,0.15000000000000002,0.85,1.995,0.995,1.0333333333333334,2.0,3.061666666666666,0.155,0.0
0,COPOC,RPS,0.18000000000000005,0.825,1.85,0.85,1.0571428571428572,2.0,2.9055555555555554,0.185,0.0
0,COPOC,RPS,0.19999999999999996,0.81,1.775,0.775,1.0526315789473684,2.0,2.775,0.2,0.0
0,COPOC,OCDF,0.010000000000000009,0.995,4.87,3.87,1.0,1.0,4.869999999999999,0.005,0.0
0,COPOC,OCDF,0.020000000000000018,0.985,4.27,3.27,1.0,1.0,4.769999999999999,0.015,0.0
0,COPOC,OCDF,0.030000000000000027,0.975,3.93,2.93,1.0,1.0,4.596666666666665,0.025,0.0
0,COPOC,OCDF,0.050000000000000044,0.93,3.7,2.7,1.0,1.0,5.499999999999997,0.07,0.0
0,COPOC,OCDF,0.07999999999999996,0.91,3.44,2.44,1.0555555555555556,2.0,4.815000000000001,0.095,0.0
0,COPOC,OCDF,0.09999999999999998,0.88,3.225,2.225,1.0416666666666667,2.0,4.725,0.125,0.0
0,COPOC,OCDF,0.13,0.83,2.91,1.91,1.088235294117647,2.0,4.756153846153846,0.185,0.0
0,COPOC,OCDF,0.15000000000000002,0.825,2.815,1.815,1.0857142857142856,2.0,4.348333333333333,0.19,0.0
0,COPOC,OCDF,0.18000000000000005,0.805,2.635,1.635,1.1025641025641026,2.0,4.023888888888888,0.215,0.0
0,COPOC,OCDF,0.19999999999999996,0.785,2.53,1.53,1.0930232558139534,2.0,3.88,0.235,0.0
0,COPOC,APS,0.010000000000000009,1.0,4.54,3.54,,0.0,3.54,0.0,0.0
0,COPOC,APS,0.020000000000000018,0.99,3.885,2.885,1.0,1.0,3.884999999999999,0.01,0.0
0,COPOC,APS,0.030000000000000027,0.975,3.705,2.705,1.0,1.0,4.371666666666666,0.025,0.0
0,COPOC,APS,0.050000000000000044,0.955,3.375,2.375,1.0,1.0,4.174999999999999,0.045,0.0
0,COPOC,APS,0.07999999999999996,0.925,2.735,1.735,1.0666666666666667,2.0,3.735000000000001,0.08,0.0
0,COPOC,APS,0.09999999999999998,0.895,2.545,1.545,1.0476190476190477,2.0,3.745,0.11,0.0
0,COPOC,APS,0.13,0.87,2.3,1.3,1.0384615384615385,2.0,3.376923076923077,0.135,0.0
0,COPOC,APS,0.15000000000000002,0.85,2.255,1.255,1.0333333333333334,2.0,3.3216666666666663,0.155,0.0
0,COPOC,APS,0.18000000000000005,0.79,1.91,0.91,1.0238095238095237,2.0,3.298888888888888,0.215,0.0
0,COPOC,APS,0.19999999999999996,0.755,1.74,0.74,1.0408163265306123,2.0,3.29,0.255,0.0
0,COPOC,LAC,0.010000000000000009,0.995,4.34,3.34,1.0,1.0,4.339999999999999,0.005,0.0
0,COPOC,LAC,0.020000000000000018,0.995,4.2,3.2,1.0,1.0,3.6999999999999993,0.005,0.0
0,COPOC,LAC,0.030000000000000027,0.985,3.845,2.845,1.0,1.0,3.8449999999999993,0.015,0.0
0,COPOC,LAC,0.050000000000000044,0.955,3.17,2.17,1.0,1.0,3.9699999999999984,0.045,0.0
0,COPOC,LAC,0.07999999999999996,0.895,2.485,1.485,1.0476190476190477,2.0,4.235000000000001,0.11,0.0
0,COPOC,LAC,0.09999999999999998,0.885,2.295,1.295,1.0434782608695652,2.0,3.695,0.12,0.0
0,COPOC,LAC,0.13,0.88,2.2,1.2,1.0416666666666667,2.0,3.1230769230769226,0.125,0.0
0,COPOC,LAC,0.15000000000000002,0.88,2.11,1.11,1.0416666666666667,2.0,2.7766666666666664,0.125,0.0
0,COPOC,LAC,0.18000000000000005,0.84,1.955,0.955,1.03125,2.0,2.7883333333333327,0.165,0.0
0,COPOC,LAC,0.19999999999999996,0.82,1.79,0.79,1.0277777777777777,2.0,2.64,0.185,0.0
1,COPOC,min-CPS,0.010000000000000009,0.995,4.39,3.39,1.0,1.0,4.389999999999999,0.005,0.0
1,COPOC,min-CPS,0.020000000000000018,0.985,4.185,3.185,1.0,1.0,4.684999999999999,0.015,0.0
1,COPOC,min-CPS,0.030000000000000027,0.985,3.79,2.79,1.0,1.0,3.7899999999999996,0.015,0.0
1,COPOC,min-CPS,0.050000000000000044,0.97,3.46,2.46,1.0,1.0,3.6599999999999993,0.03,0.0
1,COPOC,min-CPS,0.07999999999999996,0.94,3.09,2.09,1.0833333333333333,2.0,3.715000000000001,0.065,0.0
1,COPOC,min-CPS,0.09999999999999998,0.925,2.955,1.955,1.0666666666666667,2.0,3.555,0.08,0.0
1,COPOC,min-CPS,0.13,0.87,2.68,1.68,1.0384615384615385,2.0,3.7569230769230773,0.135,0.0
1,COPOC,min-CPS,0.15000000000000002,0.87,2.68,1.68,1.0384615384615385,2.0,3.48,0.135,0.0
1,COPOC,min-CPS,0.18000000000000005,0.845,2.62,1.62,1.032258064516129,2.0,3.3977777777777773,0.16,0.0
1,COPOC,min-CPS,0.19999999999999996,0.835,2.55,1.55,1.0303030303030303,2.0,3.25,0.17,0.0
1,COPOC,RPS,0.010000000000000009,0.995,3.885,2.885,1.0,1.0,3.884999999999999,0.005,0.0
1,COPOC,RPS,0.020000000000000018,0.995,3.715,2.715,1.0,1.0,3.2149999999999994,0.005,0.0
1,COPOC,RPS,0.030000000000000027,0.99,3.51,2.51,1.0,1.0,3.1766666666666663,0.01,0.0
1,COPOC,RPS,0.050000000000000044,0.985,3.245,2.245,1.0,1.0,2.845,0.015,0.0
1,COPOC,RPS,0.07999999999999996,0.93,2.58,1.58,1.0714285714285714,2.0,3.455000000000001,0.075,0.0
1,COPOC,RPS,0.09999999999999998,0.905,2.25,1.25,1.0526315789473684,2.0,3.25,0.1,0.0
1,COPOC,RPS,0.13,0.885,2.1,1.1,1.0434782608695652,2.0,2.946153846153846,0.12,0.0
1,COPOC,RPS,0.15000000000000002,0.875,2.02,1.02,1.04,2.0,2.753333333333333,0.13,0.0
1,COPOC,RPS,0.18000000000000005,0.86,1.905,0.905,1.0357142857142858,2.0,2.516111111111111,0.145,0.0
1,COPOC,RPS,0.19999999999999996,0.815,1.795,0.795,1.027027027027027,2.0,2.695,0.19,0.0
1,COPOC,OCDF,0.010000000000000009,0.98,4.5,3.5,1.0,1.0,7.4999999999999964,0.02,0.0
1,COPOC,OCDF,0.020000000000000018,0.98,4.245,3.245,1.0,1.0,5.244999999999997,0.02,0.0
1,COPOC,OCDF,0.030000000000000027,0.975,3.83,2.83,1.0,1.0,4.496666666666665,0.025,0.0
1,COPOC,OCDF,0.050000000000000044,0.96,3.715,2.715,1.0,1.0,4.314999999999999,0.04,0.0
1,COPOC,OCDF,0.07999999999999996,0.94,3.55,2.55,1.0,1.0,4.050000000000001,0.06,0.0
1,COPOC,OCDF,0.09999999999999998,0.935,3.325,2.325,1.1538461538461537,2.0,3.825,0.075,0.0
1,COPOC,OCDF,0.13,0.905,3.125,2.125,1.1578947368421053,2.0,3.817307692307692,0.11,0.0
1,COPOC,OCDF,0.15000000000000002,0.85,2.86,1.86,1.1333333333333333,2.0,4.126666666666666,0.17,0.0
1,COPOC,OCDF,0.18000000000000005,0.825,2.675,1.675,1.1142857142857143,2.0,3.8416666666666663,0.195,0.0
1,COPOC,OCDF,0.19999999999999996,0.805,2.55,1.55,1.1025641025641026,2.0,3.7,0.215,0.0
1,COPOC,APS,0.010000000000000009,0.99,4.2,3.2,1.0,1.0,5.1999999999999975,0.01,0.0
1,COPOC,APS,0.020000000000000018,0.99,4.085,3.085,1.0,1.0,4.084999999999999,0.01,0.0
1,COPOC,APS,0.030000000000000027,0.99,4.005,3.005,1.0,1.0,3.6716666666666664,0.01,0.0
1,COPOC,APS,0.050000000000000044,0.975,3.37,2.37,1.0,1.0,3.3699999999999988,0.025,0.0
1,COPOC,APS,0.07999999999999996,0.97,3.22,2.22,1.0,1.0,2.97,0.03,0.0
1,COPOC,APS,0.09999999999999998,0.92,2.775,1.775,1.0625,2.0,3.475,0.085,0.0
1,COPOC,APS,0.13,0.875,2.37,1.37,1.04,2.0,3.369999999999999,0.13,0.0
1,COPOC,APS,0.15000000000000002,0.875,2.285,1.285,1.08,2.0,3.085,0.135,0.0
1,COPOC,APS,0.18000000000000005,0.82,1.945,0.945,1.0833333333333333,2.0,3.1116666666666664,0.195,0.0
1,COPOC,APS,0.19999999999999996,0.785,1.79,0.79,1.069767441860465,2.0,3.09,0.23,0.0
1,COPOC,LAC,0.010000000000000009,0.995,4.36,3.36,1.0,1.0,4.3599999999999985,0.005,0.0
1,COPOC,LAC,0.020000000000000018,0.995,4.215,3.215,1.0,1.0,3.7149999999999994,0.005,0.0
1,COPOC,LAC,0.030000000000000027,0.985,3.855,2.855,1.0,1.0,3.8549999999999995,0.015,0.0
1,COPOC,LAC,0.050000000000000044,0.975,3.355,2.355,1.0,1.0,3.3549999999999995,0.025,0.0
1,COPOC,LAC,0.07999999999999996,0.945,2.77,1.77,1.0909090909090908,2.0,3.2700000000000014,0.06,0.0
1,COPOC,LAC,0.09999999999999998,0.935,2.65,1.65,1.0769230769230769,2.0,3.05,0.07,0.0
1,COPOC,LAC,0.13,0.91,2.35,1.35,1.0555555555555556,2.0,2.8115384615384613,0.095,0.0
1,COPOC,LAC,0.15000000000000002,0.9,2.255,1.255,1.05,2.0,2.655,0.105,0.0
1,COPOC,LAC,0.18000000000000005,0.805,1.83,0.83,1.0512820512820513,2.0,3.1077777777777773,0.205,0.0
1,COPOC,LAC,0.19999999999999996,0.77,1.71,0.71,1.0434782608695652,2.0,3.11,0.24,0.0
2,COPOC,min-CPS,0.010000000000000009,0.99,4.195,3.195,1.0,1.0,5.194999999999998,0.01,0.0
2,COPOC,min-CPS,0.020000000000000018,0.98,3.88,2.88,1.0,1.0,4.879999999999998,0.02,0.0
2,COPOC,min-CPS,0.030000000000000027,0.98,3.675,2.675,1.0,1.0,4.008333333333333,0.02,0.0
2,COPOC,min-CPS,0.050000000000000044,0.93,3.235,2.235,1.0714285714285714,2.0,5.234999999999998,0.075,0.0
2,COPOC,min-CPS,0.07999999999999996,0.925,2.92,1.92,1.0666666666666667,2.0,3.9200000000000013,0.08,0.0
2,COPOC,min-CPS,0.09999999999999998,0.9,2.83,1.83,1.05,2.0,3.93,0.105,0.0
2,COPOC,min-CPS,0.13,0.86,2.63,1.63,1.0357142857142858,2.0,3.8607692307692307,0.145,0.0
2,COPOC,min-CPS,0.15000000000000002,0.845,2.605,1.605,1.032258064516129,2.0,3.7383333333333333,0.16,0.0
2,COPOC,min-CPS,0.18000000000000005,0.81,2.485,1.485,1.0263157894736843,2.0,3.6516666666666664,0.195,0.0
2,COPOC,min-CPS,0.19999999999999996,0.815,2.125,1.125,1.0810810810810811,2.0,3.125,0.2,0.0
2,COPOC,RPS,0.010000000000000009,0.995,3.85,2.85,1.0,1.0,3.8499999999999988,0.005,0.0
2,COPOC,RPS,0.020000000000000018,0.99,3.555,2.555,1.0,1.0,3.554999999999999,0.01,0.0
2,COPOC,RPS,0.030000000000000027,0.965,3.2,2.2,1.0,1.0,4.533333333333331,0.035,0.0
2,COPOC,RPS,0.050000000000000044,0.945,2.89,1.89,1.0,1.0,4.089999999999998,0.055,0.0
2,COPOC,RPS,0.07999999999999996,0.905,2.33,1.33,1.0526315789473684,2.0,3.830000000000001,0.1,0.0
2,COPOC,RPS,0.09999999999999998,0.905,2.255,1.255,1.0526315789473684,2.0,3.255,0.1,0.0
2,COPOC,RPS,0.13,0.875,2.085,1.085,1.04,2.0,3.085,0.13,0.0
2,COPOC,RPS,0.15000000000000002,0.85,1.99,0.99,1.0333333333333334,2.0,3.056666666666666,0.155,0.0
2,COPOC,RPS,0.18000000000000005,0.82,1.84,0.84,1.0277777777777777,2.0,2.8955555555555548,0.185,0.0
2,COPOC,RPS,0.19999999999999996,0.8,1.77,0.77,1.025,2.0,2.82,0.205,0.0
2,COPOC,OCDF,0.010000000000000009,0.98,4.51,3.51,1.0,1.0,7.509999999999996,0.02,0.0
2,COPOC,OCDF,0.020000000000000018,0.975,4.13,3.13,1.0,1.0,5.629999999999998,0.025,0.0
2,COPOC,OCDF,0.030000000000000027,0.965,3.885,2.885,1.0,1.0,5.218333333333331,0.035,0.0
2,COPOC,OCDF,0.050000000000000044,0.945,3.745,2.745,1.0,1.0,4.9449999999999985,0.055,0.0
2,COPOC,OCDF,0.07999999999999996,0.925,3.37,2.37,1.2,2.0,4.620000000000001,0.09,0.0
2,COPOC,OCDF,0.09999999999999998,0.9,3.175,2.175,1.15,2.0,4.475,0.115,0.0
2,COPOC,OCDF,0.13,0.85,2.89,1.89,1.1666666666666667,2.0,4.582307692307692,0.175,0.0
2,COPOC,OCDF,0.15000000000000002,0.825,2.78,1.78,1.1428571428571428,2.0,4.446666666666666,0.2,0.0
2,COPOC,OCDF,0.18000000000000005,0.81,2.675,1.675,1.131578947368421,2.0,4.063888888888888,0.215,0.0
2,COPOC,OCDF,0.19999999999999996,0.785,2.51,1.51,1.1162790697674418,2.0,3.91,0.24,0.0
2,COPOC,APS,0.010000000000000009,0.985,4.025,3.025,1.0,1.0,6.024999999999998,0.015,0.0
2,COPOC,APS,0.020000000000000018,0.98,3.915,2.915,1.0,1.0,4.914999999999997,0.02,0.0
2,COPOC,APS,0.030000000000000027,0.97,3.615,2.615,1.0,1.0,4.614999999999998,0.03,0.0
2,COPOC,APS,0.050000000000000044,0.91,3.035,2.035,1.0555555555555556,2.0,5.834999999999996,0.095,0.0
2,COPOC,APS,0.07999999999999996,0.905,2.78,1.78,1.0526315789473684,2.0,4.280000000000002,0.1,0.0
2,COPOC,APS,0.09999999999999998,0.895,2.675,1.675,1.0476190476190477,2.0,3.875,0.11,0.0
2,COPOC,APS,0.13,0.845,2.285,1.285,1.096774193548387,2.0,3.900384615384615,0.17,0.0
2,COPOC,APS,0.15000000000000002,0.84,2.175,1.175,1.09375,2.0,3.5083333333333333,0.175,0.0
2,COPOC,APS,0.18000000000000005,0.795,1.965,0.965,1.0975609756097562,2.0,3.4649999999999994,0.225,0.0
2,COPOC,APS,0.19999999999999996,0.765,1.825,0.825,1.1063829787234043,2.0,3.425,0.26,0.0
2,COPOC,LAC,0.010000000000000009,0.99,4.23,3.23,1.0,1.0,5.229999999999998,0.01,0.0
2,COPOC,LAC,0.020000000000000018,0.975,3.78,2.78,1.0,1.0,5.279999999999998,0.025,0.0
2,COPOC,LAC,0.030000000000000027,0.965,3.66,2.66,1.0,1.0,4.993333333333331,0.035,0.0
2,COPOC,LAC,0.050000000000000044,0.955,3.1,2.1,1.0,1.0,3.899999999999998,0.045,0.0
2,COPOC,LAC,0.07999999999999996,0.945,2.795,1.795,1.0909090909090908,2.0,3.2950000000000013,0.06,0.0
2,COPOC,LAC,0.09999999999999998,0.94,2.715,1.715,1.0833333333333333,2.0,3.015,0.065,0.0
2,COPOC,LAC,0.13,0.885,2.24,1.24,1.0434782608695652,2.0,3.0861538461538465,0.12,0.0
2,COPOC,LAC,0.15000000000000002,0.865,2.13,1.13,1.037037037037037,2.0,2.996666666666666,0.14,0.0
2,COPOC,LAC,0.18000000000000005,0.805,1.81,0.81,1.0512820512820513,2.0,3.0877777777777773,0.205,0.0
2,COPOC,LAC,0.19999999999999996,0.805,1.73,0.73,1.0512820512820513,2.0,2.78,0.205,0.0
3,COPOC,min-CPS,0.010000000000000009,0.99,4.28,3.28,1.0,1.0,5.279999999999998,0.01,0.0
3,COPOC,min-CPS,0.020000000000000018,0.99,4.265,3.265,1.0,1.0,4.264999999999999,0.01,0.0
3,COPOC,min-CPS,0.030000000000000027,0.97,3.515,2.515,1.0,1.0,4.514999999999999,0.03,0.0
3,COPOC,min-CPS,0.050000000000000044,0.955,3.35,2.35,1.0,1.0,4.149999999999999,0.045,0.0
3,COPOC,min-CPS,0.07999999999999996,0.925,2.955,1.955,1.0666666666666667,2.0,3.955000000000001,0.08,0.0
3,COPOC,min-CPS,0.09999999999999998,0.9,2.865,1.865,1.05,2.0,3.965,0.105,0.0
3,COPOC,min-CPS,0.13,0.9,2.7,1.7,1.05,2.0,3.3153846153846156,0.105,0.0
3,COPOC,min-CPS,0.15000000000000002,0.895,2.685,1.685,1.0476190476190477,2.0,3.1516666666666664,0.11,0.0
3,COPOC,min-CPS,0.18000000000000005,0.86,2.63,1.63,1.0714285714285714,2.0,3.2966666666666664,0.15,0.0
3,COPOC,min-CPS,0.19999999999999996,0.85,2.575,1.575,1.0666666666666667,2.0,3.175,0.16,0.0
3,COPOC,RPS,0.010000000000000009,0.995,3.895,2.895,1.0,1.0,3.8949999999999987,0.005,0.0
3,COPOC,RPS,0.020000000000000018,0.985,3.54,2.54,1.0,1.0,4.039999999999999,0.015,0.0
3,COPOC,RPS,0.030000000000000027,0.975,3.2,2.2,1.0,1.0,3.8666666666666654,0.025,0.0
3,COPOC,RPS,0.050000000000000044,0.95,2.935,1.935,1.0,1.0,3.9349999999999983,0.05,0.0
3,COPOC,RPS,0.07999999999999996,0.92,2.51,1.51,1.0625,2.0,3.635000000000001,0.085,0.0
3,COPOC,RPS,0.09999999999999998,0.91,2.295,1.295,1.0555555555555556,2.0,3.195,0.095,0.0
3,COPOC,RPS,0.13,0.885,2.125,1.125,1.0434782608695652,2.0,2.971153846153846,0.12,0.0
3,COPOC,RPS,0.15000000000000002,0.88,2.02,1.02,1.0416666666666667,2.0,2.686666666666666,0.125,0.0
3,COPOC,RPS,0.18000000000000005,0.855,1.9,0.9,1.0344827586206897,2.0,2.5666666666666664,0.15,0.0
3,COPOC,RPS,0.19999999999999996,0.825,1.795,0.795,1.0571428571428572,2.0,2.645,0.185,0.0
3,COPOC,OCDF,0.010000000000000009,0.975,4.275,3.275,1.0,1.0,8.274999999999995,0.025,0.0
3,COPOC,OCDF,0.020000000000000018,0.97,3.94,2.94,1.0,1.0,5.939999999999998,0.03,0.0
3,COPOC,OCDF,0.030000000000000027,0.96,3.89,2.89,1.0,1.0,5.556666666666665,0.04,0.0
3,COPOC,OCDF,0.050000000000000044,0.945,3.76,2.76,1.0,1.0,4.959999999999998,0.055,0.0
3,COPOC,OCDF,0.07999999999999996,0.93,3.39,2.39,1.1428571428571428,2.0,4.3900000000000015,0.08,0.0
3,COPOC,OCDF,0.09999999999999998,0.915,3.25,2.25,1.1176470588235294,2.0,4.15,0.095,0.0
3,COPOC,OCDF,0.13,0.89,3.06,2.06,1.1818181818181819,2.0,4.06,0.13,0.0
3,COPOC,OCDF,0.15000000000000002,0.85,2.88,1.88,1.1666666666666667,2.0,4.213333333333333,0.175,0.0
3,COPOC,OCDF,0.18000000000000005,0.81,2.655,1.655,1.1578947368421053,2.0,4.099444444444443,0.22,0.0
3,COPOC,OCDF,0.19999999999999996,0.785,2.48,1.48,1.1395348837209303,2.0,3.93,0.245,0.0
3,COPOC,APS,0.010000000000000009,0.98,3.945,2.945,1.0,1.0,6.944999999999997,0.02,0.0
3,COPOC,APS,0.020000000000000018,0.975,3.83,2.83,1.0,1.0,5.329999999999997,0.025,0.0
3,COPOC,APS,0.030000000000000027,0.97,3.75,2.75,1.0,1.0,4.749999999999999,0.03,0.0
3,COPOC,APS,0.050000000000000044,0.965,3.39,2.39,1.1428571428571428,2.0,3.989999999999999,0.04,0.0
3,COPOC,APS,0.07999999999999996,0.915,2.755,1.755,1.0588235294117647,2.0,4.005000000000001,0.09,0.0
3,COPOC,APS,0.09999999999999998,0.91,2.645,1.645,1.0555555555555556,2.0,3.545,0.095,0.0
3,COPOC,APS,0.13,0.885,2.38,1.38,1.0434782608695652,2.0,3.2261538461538457,0.12,0.0
3,COPOC,APS,0.15000000000000002,0.875,2.29,1.29,1.04,2.0,3.023333333333333,0.13,0.0
3,COPOC,APS,0.18000000000000005,0.86,2.17,1.17,1.0357142857142858,2.0,2.7811111111111106,0.145,0.0
3,COPOC,APS,0.19999999999999996,0.83,1.99,0.99,1.0294117647058822,2.0,2.74,0.175,0.0
3,COPOC,LAC,0.010000000000000009,0.99,4.31,3.31,1.0,1.0,5.309999999999998,0.01,0.0
3,COPOC,LAC,0.020000000000000018,0.99,4.23,3.23,1.0,1.0,4.229999999999999,0.01,0.0
3,COPOC,LAC,0.030000000000000027,0.985,3.845,2.845,1.0,1.0,3.8449999999999993,0.015,0.0
3,COPOC,LAC,0.050000000000000044,0.935,2.85,1.85,1.0,1.0,4.4499999999999975,0.065,0.0
3,COPOC,LAC,0.07999999999999996,0.935,2.715,1.715,1.0769230769230769,2.0,3.465000000000001,0.07,0.0
3,COPOC,LAC,0.09999999999999998,0.935,2.62,1.62,1.0769230769230769,2.0,3.02,0.07,0.0
3,COPOC,LAC,0.13,0.91,2.275,1.275,1.1111111111111112,2.0,2.8134615384615382,0.1,0.0
3,COPOC,LAC,0.15000000000000002,0.9,2.205,1.205,1.1,2.0,2.6716666666666664,0.11,0.0
3,COPOC,LAC,0.18000000000000005,0.885,2.1,1.1,1.0869565217391304,2.0,2.4888888888888885,0.125,0.0
3,COPOC,LAC,0.19999999999999996,0.865,1.99,0.99,1.1111111111111112,2.0,2.49,0.15,0.0
4,COPOC,min-CPS,0.010000000000000009,0.995,4.39,3.39,1.0,1.0,4.389999999999999,0.005,0.0
4,COPOC,min-CPS,0.020000000000000018,0.995,4.26,3.26,1.0,1.0,3.7599999999999993,0.005,0.0
4,COPOC,min-CPS,0.030000000000000027,0.995,4.195,3.195,1.0,1.0,3.5283333333333333,0.005,0.0
4,COPOC,min-CPS,0.050000000000000044,0.97,3.445,2.445,1.0,1.0,3.6449999999999987,0.03,0.0
4,COPOC,min-CPS,0.07999999999999996,0.935,3.015,2.015,1.0769230769230769,2.0,3.765000000000001,0.07,0.0
4,COPOC,min-CPS,0.09999999999999998,0.93,2.98,1.98,1.0714285714285714,2.0,3.48,0.075,0.0
4,COPOC,min-CPS,0.13,0.915,2.86,1.86,1.0588235294117647,2.0,3.2446153846153845,0.09,0.0
4,COPOC,min-CPS,0.15000000000000002,0.9,2.675,1.675,1.05,2.0,3.075,0.105,0.0
4,COPOC,min-CPS,0.18000000000000005,0.855,2.625,1.625,1.0689655172413792,2.0,3.347222222222222,0.155,0.0
4,COPOC,min-CPS,0.19999999999999996,0.835,2.545,1.545,1.0606060606060606,2.0,3.295,0.175,0.0
4,COPOC,RPS,0.010000000000000009,0.995,3.94,2.94,1.0,1.0,3.939999999999999,0.005,0.0
4,COPOC,RPS,0.020000000000000018,0.99,3.515,2.515,1.0,1.0,3.514999999999999,0.01,0.0
4,COPOC,RPS,0.030000000000000027,0.985,3.435,2.435,1.0,1.0,3.4349999999999996,0.015,0.0
4,COPOC,RPS,0.050000000000000044,0.965,3.005,2.005,1.0,1.0,3.404999999999999,0.035,0.0
4,COPOC,RPS,0.07999999999999996,0.94,2.675,1.675,1.0833333333333333,2.0,3.300000000000001,0.065,0.0
4,COPOC,RPS,0.09999999999999998,0.925,2.39,1.39,1.0666666666666667,2.0,2.99,0.08,0.0
4,COPOC,RPS,0.13,0.89,2.14,1.14,1.0454545454545454,2.0,2.909230769230769,0.115,0.0
4,COPOC,RPS,0.15000000000000002,0.885,2.025,1.025,1.0434782608695652,2.0,2.625,0.12,0.0
4,COPOC,RPS,0.18000000000000005,0.87,1.94,0.94,1.0384615384615385,2.0,2.4399999999999995,0.135,0.0
4,COPOC,RPS,0.19999999999999996,0.835,1.82,0.82,1.0606060606060606,2.0,2.57,0.175,0.0
4,COPOC,OCDF,0.010000000000000009,0.99,4.67,3.67,1.0,1.0,5.669999999999998,0.01,0.0
4,COPOC,OCDF,0.020000000000000018,0.98,4.33,3.33,1.0,1.0,5.329999999999997,0.02,0.0
4,COPOC,OCDF,0.030000000000000027,0.945,3.835,2.835,1.0,1.0,6.501666666666664,0.055,0.0
4,COPOC,OCDF,0.050000000000000044,0.905,3.495,2.495,1.0526315789473684,2.0,6.4949999999999966,0.1,0.0
4,COPOC,OCDF,0.07999999999999996,0.89,3.21,2.21,1.0454545454545454,2.0,5.085000000000002,0.115,0.0
4,COPOC,OCDF,0.09999999999999998,0.875,3.18,2.18,1.08,2.0,4.88,0.135,0.0
4,COPOC,OCDF,0.13,0.85,2.935,1.935,1.1,2.0,4.473461538461538,0.165,0.0
4,COPOC,OCDF,0.15000000000000002,0.83,2.79,1.79,1.088235294117647,2.0,4.256666666666666,0.185,0.0
4,COPOC,OCDF,0.18000000000000005,0.805,2.58,1.58,1.1025641025641026,2.0,3.968888888888888,0.215,0.0
4,COPOC,OCDF,0.19999999999999996,0.785,2.495,1.495,1.0930232558139534,2.0,3.845,0.235,0.0
4,COPOC,APS,0.010000000000000009,0.995,4.19,3.19,1.0,1.0,4.189999999999999,0.005,0.0
4,COPOC,APS,0.020000000000000018,0.99,4.1,3.1,1.0,1.0,4.099999999999999,0.01,0.0
4,COPOC,APS,0.030000000000000027,0.985,3.985,2.985,1.0,1.0,3.9849999999999994,0.015,0.0
4,COPOC,APS,0.050000000000000044,0.98,3.46,2.46,1.0,1.0,3.2599999999999993,0.02,0.0
4,COPOC,APS,0.07999999999999996,0.95,2.975,1.975,1.0,1.0,3.2250000000000005,0.05,0.0
4,COPOC,APS,0.09999999999999998,0.945,2.81,1.81,1.0909090909090908,2.0,3.01,0.06,0.0
4,COPOC,APS,0.13,0.925,2.55,1.55,1.0666666666666667,2.0,2.780769230769231,0.08,0.0
4,COPOC,APS,0.15000000000000002,0.895,2.335,1.335,1.0952380952380953,2.0,2.868333333333333,0.115,0.0
4,COPOC,APS,0.18000000000000005,0.82,2.03,1.03,1.0833333333333333,2.0,3.1966666666666663,0.195,0.0
4,COPOC,APS,0.19999999999999996,0.805,1.92,0.92,1.0769230769230769,2.0,3.02,0.21,0.0
4,COPOC,LAC,0.010000000000000009,0.995,4.34,3.34,1.0,1.0,4.339999999999999,0.005,0.0
4,COPOC,LAC,0.020000000000000018,0.995,4.24,3.24,1.0,1.0,3.7399999999999993,0.005,0.0
4,COPOC,LAC,0.030000000000000027,0.995,4.195,3.195,1.0,1.0,3.5283333333333333,0.005,0.0
4,COPOC,LAC,0.050000000000000044,0.96,3.32,2.32,1.0,1.0,3.919999999999999,0.04,0.0
4,COPOC,LAC,0.07999999999999996,0.955,2.84,1.84,1.1111111111111112,2.0,3.090000000000001,0.05,0.0
4,COPOC,LAC,0.09999999999999998,0.94,2.67,1.67,1.0833333333333333,2.0,2.97,0.065,0.0
4,COPOC,LAC,0.13,0.94,2.4,1.4,1.0833333333333333,2.0,2.4,0.065,0.0
4,COPOC,LAC,0.15000000000000002,0.915,2.255,1.255,1.1176470588235294,2.0,2.5216666666666665,0.095,0.0
4,COPOC,LAC,0.18000000000000005,0.895,2.115,1.115,1.1428571428571428,2.0,2.4483333333333333,0.12,0.0
4,COPOC,LAC,0.19999999999999996,0.895,2.08,1.08,1.1428571428571428,2.0,2.28,0.12,0.0
5,COPOC,min-CPS,0.010000000000000009,0.995,4.385,3.385,1.0,1.0,4.384999999999999,0.005,0.0
5,COPOC,min-CPS,0.020000000000000018,0.98,3.95,2.95,1.0,1.0,4.949999999999998,0.02,0.0
5,COPOC,min-CPS,0.030000000000000027,0.97,3.515,2.515,1.0,1.0,4.514999999999999,0.03,0.0
5,COPOC,min-CPS,0.050000000000000044,0.945,3.355,2.355,1.0,1.0,4.554999999999998,0.055,0.0
5,COPOC,min-CPS,0.07999999999999996,0.925,2.975,1.975,1.0666666666666667,2.0,3.975000000000001,0.08,0.0
5,COPOC,min-CPS,0.09999999999999998,0.91,2.9,1.9,1.0555555555555556,2.0,3.8,0.095,0.0
5,COPOC,min-CPS,0.13,0.89,2.685,1.685,1.0909090909090908,2.0,3.5311538461538463,0.12,0.0
5,COPOC,min-CPS,0.15000000000000002,0.885,2.68,1.68,1.0869565217391304,2.0,3.3466666666666662,0.125,0.0
5,COPOC,min-CPS,0.18000000000000005,0.84,2.595,1.595,1.0625,2.0,3.4838888888888886,0.17,0.0
5,COPOC,min-CPS,0.19999999999999996,0.85,2.57,1.57,1.0666666666666667,2.0,3.17,0.16,0.0
5,COPOC,RPS,0.010000000000000009,0.99,3.8,2.8,1.0,1.0,4.799999999999998,0.01,0.0
5,COPOC,RPS,0.020000000000000018,0.99,3.51,2.51,1.0,1.0,3.509999999999999,0.01,0.0
5,COPOC,RPS,0.030000000000000027,0.965,3.195,2.195,1.0,1.0,4.5283333333333315,0.035,0.0
5,COPOC,RPS,0.050000000000000044,0.94,2.855,1.855,1.0,1.0,4.254999999999998,0.06,0.0
5,COPOC,RPS,0.07999999999999996,0.915,2.46,1.46,1.0588235294117647,2.0,3.7100000000000013,0.09,0.0
5,COPOC,RPS,0.09999999999999998,0.895,2.26,1.26,1.0476190476190477,2.0,3.46,0.11,0.0
5,COPOC,RPS,0.13,0.86,2.015,1.015,1.0357142857142858,2.0,3.245769230769231,0.145,0.0
5,COPOC,RPS,0.15000000000000002,0.85,1.995,0.995,1.0333333333333334,2.0,3.061666666666666,0.155,0.0
5,COPOC,RPS,0.18000000000000005,0.82,1.79,0.79,1.0555555555555556,2.0,2.9011111111111103,0.19,0.0
5,COPOC,RPS,0.19999999999999996,0.82,1.78,0.78,1.0555555555555556,2.0,2.68,0.19,0.0
5,COPOC,OCDF,0.010000000000000009,1.0,4.895,3.895,,0.0,3.895,0.0,0.0
5,COPOC,OCDF,0.020000000000000018,0.99,4.545,3.545,1.0,1.0,4.544999999999999,0.01,0.0
5,COPOC,OCDF,0.030000000000000027,0.98,3.925,2.925,1.0,1.0,4.258333333333333,0.02,0.0
5,COPOC,OCDF,0.050000000000000044,0.975,3.875,2.875,1.0,1.0,3.8749999999999996,0.025,0.0
5,COPOC,OCDF,0.07999999999999996,0.945,3.61,2.61,1.0,1.0,3.985000000000001,0.055,0.0
5,COPOC,OCDF,0.09999999999999998,0.935,3.375,2.375,1.0769230769230769,2.0,3.775,0.07,0.0
5,COPOC,OCDF,0.13,0.925,3.19,2.19,1.0666666666666667,2.0,3.420769230769231,0.08,0.0
5,COPOC,OCDF,0.15000000000000002,0.905,3.065,2.065,1.105263157894737,2.0,3.465,0.105,0.0
5,COPOC,OCDF,0.18000000000000005,0.86,2.745,1.745,1.1071428571428572,2.0,3.4672222222222215,0.155,0.0
5,COPOC,OCDF,0.19999999999999996,0.85,2.68,1.68,1.1,2.0,3.33,0.165,0.0
5,COPOC,APS,0.010000000000000009,1.0,4.44,3.44,,0.0,3.44,0.0,0.0
5,COPOC,APS,0.020000000000000018,0.995,4.005,3.005,1.0,1.0,3.5049999999999994,0.005,0.0
5,COPOC,APS,0.030000000000000027,0.99,3.885,2.885,1.0,1.0,3.5516666666666663,0.01,0.0
5,COPOC,APS,0.050000000000000044,0.96,3.28,2.28,1.0,1.0,3.879999999999999,0.04,0.0
5,COPOC,APS,0.07999999999999996,0.935,2.85,1.85,1.1538461538461537,2.0,3.725000000000001,0.075,0.0
5,COPOC,APS,0.09999999999999998,0.93,2.805,1.805,1.1428571428571428,2.0,3.405,0.08,0.0
5,COPOC,APS,0.13,0.895,2.395,1.395,1.1428571428571428,2.0,3.241153846153846,0.12,0.0
5,COPOC,APS,0.15000000000000002,0.88,2.305,1.305,1.1666666666666667,2.0,3.1716666666666664,0.14,0.0
5,COPOC,APS,0.18000000000000005,0.85,2.09,1.09,1.1333333333333333,2.0,2.978888888888888,0.17,0.0
5,COPOC,APS,0.19999999999999996,0.845,1.95,0.95,1.1290322580645162,2.0,2.7,0.175,0.0
5,COPOC,LAC,0.010000000000000009,0.995,4.36,3.36,1.0,1.0,4.3599999999999985,0.005,0.0
5,COPOC,LAC,0.020000000000000018,0.975,3.855,2.855,1.0,1.0,5.354999999999998,0.025,0.0
5,COPOC,LAC,0.030000000000000027,0.97,3.845,2.845,1.0,1.0,4.844999999999999,0.03,0.0
5,COPOC,LAC,0.050000000000000044,0.96,3.34,2.34,1.0,1.0,3.939999999999999,0.04,0.0
5,COPOC,LAC,0.07999999999999996,0.91,2.585,1.585,1.0555555555555556,2.0,3.9600000000000013,0.095,0.0
5,COPOC,LAC,0.09999999999999998,0.9,2.34,1.34,1.05,2.0,3.44,0.105,0.0
5,COPOC,LAC,0.13,0.88,2.175,1.175,1.0416666666666667,2.0,3.0980769230769227,0.125,0.0
5,COPOC,LAC,0.15000000000000002,0.86,2.035,1.035,1.0714285714285714,2.0,3.035,0.15,0.0
5,COPOC,LAC,0.18000000000000005,0.855,1.945,0.945,1.103448275862069,2.0,2.722777777777777,0.16,0.0
5,COPOC,LAC,0.19999999999999996,0.835,1.87,0.87,1.0909090909090908,2.0,2.67,0.18,0.0
6,COPOC,min-CPS,0.010000000000000009,0.98,4.2,3.2,1.0,1.0,7.199999999999997,0.02,0.0
6,COPOC,min-CPS,0.020000000000000018,0.98,3.915,2.915,1.0,1.0,4.914999999999998,0.02,0.0
6,COPOC,min-CPS,0.030000000000000027,0.98,3.695,2.695,1.0,1.0,4.028333333333332,0.02,0.0
6,COPOC,min-CPS,0.050000000000000044,0.97,3.45,2.45,1.0,1.0,3.649999999999999,0.03,0.0
6,COPOC,min-CPS,0.07999999999999996,0.905,2.94,1.94,1.0526315789473684,2.0,4.440000000000001,0.1,0.0
6,COPOC,min-CPS,0.09999999999999998,0.895,2.85,1.85,1.0476190476190477,2.0,4.05,0.11,0.0
6,COPOC,min-CPS,0.13,0.875,2.645,1.645,1.04,2.0,3.645,0.13,0.0
6,COPOC,min-CPS,0.15000000000000002,0.87,2.645,1.645,1.0384615384615385,2.0,3.4449999999999994,0.135,0.0
6,COPOC,min-CPS,0.18000000000000005,0.815,2.515,1.515,1.027027027027027,2.0,3.626111111111111,0.19,0.0
6,COPOC,min-CPS,0.19999999999999996,0.805,2.42,1.42,1.0512820512820513,2.0,3.47,0.205,0.0
6,COPOC,RPS,0.010000000000000009,0.995,3.88,2.88,1.0,1.0,3.879999999999999,0.005,0.0
6,COPOC,RPS,0.020000000000000018,0.975,3.46,2.46,1.0,1.0,4.959999999999997,0.025,0.0
6,COPOC,RPS,0.030000000000000027,0.975,3.195,2.195,1.0,1.0,3.861666666666665,0.025,0.0
6,COPOC,RPS,0.050000000000000044,0.965,2.995,1.995,1.0,1.0,3.3949999999999987,0.035,0.0
6,COPOC,RPS,0.07999999999999996,0.94,2.675,1.675,1.0833333333333333,2.0,3.300000000000001,0.065,0.0
6,COPOC,RPS,0.09999999999999998,0.93,2.415,1.415,1.0714285714285714,2.0,2.915,0.075,0.0
6,COPOC,RPS,0.13,0.885,2.14,1.14,1.0434782608695652,2.0,2.986153846153846,0.12,0.0
6,COPOC,RPS,0.15000000000000002,0.87,2.015,1.015,1.0384615384615385,2.0,2.815,0.135,0.0
6,COPOC,RPS,0.18000000000000005,0.805,1.765,0.765,1.0256410256410255,2.0,2.9872222222222216,0.2,0.0
6,COPOC,RPS,0.19999999999999996,0.795,1.73,0.73,1.048780487804878,2.0,2.88,0.215,0.0
6,COPOC,OCDF,0.010000000000000009,1.0,4.925,3.925,,0.0,3.925,0.0,0.0
6,COPOC,OCDF,0.020000000000000018,1.0,4.72,3.72,,0.0,3.72,0.0,0.0
6,COPOC,OCDF,0.030000000000000027,0.995,4.325,3.325,1.0,1.0,3.658333333333333,0.005,0.0
6,COPOC,OCDF,0.050000000000000044,0.975,4.02,3.02,1.0,1.0,4.019999999999999,0.025,0.0
6,COPOC,OCDF,0.07999999999999996,0.9,3.305,2.305,1.0,1.0,4.8050000000000015,0.1,0.0
6,COPOC,OCDF,0.09999999999999998,0.89,3.24,2.24,1.0,1.0,4.44,0.11,0.0
6,COPOC,OCDF,0.13,0.885,3.15,2.15,1.0434782608695652,2.0,3.9961538461538466,0.12,0.0
6,COPOC,OCDF,0.15000000000000002,0.85,2.97,1.97,1.0666666666666667,2.0,4.1033333333333335,0.16,0.0
6,COPOC,OCDF,0.18000000000000005,0.84,2.85,1.85,1.0625,2.0,3.738888888888888,0.17,0.0
6,COPOC,OCDF,0.19999999999999996,0.84,2.79,1.79,1.0625,2.0,3.49,0.17,0.0
6,COPOC,APS,0.010000000000000009,0.99,4.085,3.085,1.0,1.0,5.084999999999997,0.01,0.0
6,COPOC,APS,0.020000000000000018,0.99,4.01,3.01,1.0,1.0,4.009999999999999,0.01,0.0
6,COPOC,APS,0.030000000000000027,0.98,3.68,2.68,1.0,1.0,4.013333333333333,0.02,0.0
6,COPOC,APS,0.050000000000000044,0.97,3.41,2.41,1.0,1.0,3.609999999999999,0.03,0.0
6,COPOC,APS,0.07999999999999996,0.945,2.9,1.9,1.0909090909090908,2.0,3.4000000000000012,0.06,0.0
6,COPOC,APS,0.09999999999999998,0.94,2.735,1.735,1.0833333333333333,2.0,3.035,0.065,0.0
6,COPOC,APS,0.13,0.91,2.51,1.51,1.0555555555555556,2.0,2.971538461538462,0.095,0.0
6,COPOC,APS,0.15000000000000002,0.895,2.305,1.305,1.0476190476190477,2.0,2.7716666666666665,0.11,0.0
6,COPOC,APS,0.18000000000000005,0.845,2.06,1.06,1.032258064516129,2.0,2.8377777777777773,0.16,0.0
6,COPOC,APS,0.19999999999999996,0.825,1.88,0.88,1.0285714285714285,2.0,2.68,0.18,0.0
6,COPOC,LAC,0.010000000000000009,0.99,4.285,3.285,1.0,1.0,5.2849999999999975,0.01,0.0
6,COPOC,LAC,0.020000000000000018,0.98,3.925,2.925,1.0,1.0,4.924999999999998,0.02,0.0
6,COPOC,LAC,0.030000000000000027,0.97,3.8,2.8,1.0,1.0,4.799999999999999,0.03,0.0
6,COPOC,LAC,0.050000000000000044,0.97,3.36,2.36,1.0,1.0,3.5599999999999987,0.03,0.0
6,COPOC,LAC,0.07999999999999996,0.96,2.9,1.9,1.0,1.0,2.9000000000000004,0.04,0.0
6,COPOC,LAC,0.09999999999999998,0.915,2.54,1.54,1.0588235294117647,2.0,3.34,0.09,0.0
6,COPOC,LAC,0.13,0.895,2.255,1.255,1.0952380952380953,2.0,3.024230769230769,0.115,0.0
6,COPOC,LAC,0.15000000000000002,0.865,2.075,1.075,1.0740740740740742,2.0,3.0083333333333333,0.145,0.0
6,COPOC,LAC,0.18000000000000005,0.855,1.935,0.935,1.0689655172413792,2.0,2.657222222222222,0.155,0.0
6,COPOC,LAC,0.19999999999999996,0.85,1.89,0.89,1.0666666666666667,2.0,2.49,0.16,0.0
7,COPOC,min-CPS,0.010000000000000009,0.965,3.75,2.75,1.0,1.0,9.749999999999995,0.035,0.0
7,COPOC,min-CPS,0.020000000000000018,0.96,3.465,2.465,1.0,1.0,6.464999999999996,0.04,0.0
7,COPOC,min-CPS,0.030000000000000027,0.95,3.42,2.42,1.0,1.0,5.75333333333333,0.05,0.0
7,COPOC,min-CPS,0.050000000000000044,0.925,3.085,2.085,1.1333333333333333,2.0,5.484999999999998,0.085,0.0
7,COPOC,min-CPS,0.07999999999999996,0.895,2.895,1.895,1.0952380952380953,2.0,4.770000000000001,0.115,0.0
7,COPOC,min-CPS,0.09999999999999998,0.875,2.84,1.84,1.08,2.0,4.54,0.135,0.0
7,COPOC,min-CPS,0.13,0.86,2.665,1.665,1.0714285714285714,2.0,3.9726923076923075,0.15,0.0
7,COPOC,min-CPS,0.15000000000000002,0.83,2.61,1.61,1.088235294117647,2.0,4.076666666666666,0.185,0.0
7,COPOC,min-CPS,0.18000000000000005,0.8,2.47,1.47,1.1,2.0,3.914444444444444,0.22,0.0
7,COPOC,min-CPS,0.19999999999999996,0.81,2.125,1.125,1.105263157894737,2.0,3.225,0.21,0.0
7,COPOC,RPS,0.010000000000000009,0.96,3.23,2.23,1.0,1.0,10.229999999999993,0.04,0.0
7,COPOC,RPS,0.020000000000000018,0.955,3.18,2.18,1.0,1.0,6.679999999999996,0.045,0.0
7,COPOC,RPS,0.030000000000000027,0.95,3.04,2.04,1.0,1.0,5.37333333333333,0.05,0.0
7,COPOC,RPS,0.050000000000000044,0.915,2.655,1.655,1.1176470588235294,2.0,5.4549999999999965,0.095,0.0
7,COPOC,RPS,0.07999999999999996,0.9,2.355,1.355,1.1,2.0,4.105000000000001,0.11,0.0
7,COPOC,RPS,0.09999999999999998,0.875,2.185,1.185,1.08,2.0,3.8850000000000007,0.135,0.0
7,COPOC,RPS,0.13,0.855,2.01,1.01,1.0689655172413792,2.0,3.3946153846153844,0.155,0.0
7,COPOC,RPS,0.15000000000000002,0.84,1.935,0.935,1.0625,2.0,3.201666666666666,0.17,0.0
7,COPOC,RPS,0.18000000000000005,0.815,1.815,0.815,1.0810810810810811,2.0,3.037222222222222,0.2,0.0
7,COPOC,RPS,0.19999999999999996,0.805,1.74,0.74,1.1025641025641026,2.0,2.89,0.215,0.0
7,COPOC,OCDF,0.010000000000000009,0.98,4.515,3.515,1.0,1.0,7.514999999999997,0.02,0.0
7,COPOC,OCDF,0.020000000000000018,0.965,3.94,2.94,1.0,1.0,6.439999999999998,0.035,0.0
7,COPOC,OCDF,0.030000000000000027,0.96,3.925,2.925,1.0,1.0,5.591666666666665,0.04,0.0
7,COPOC,OCDF,0.050000000000000044,0.93,3.685,2.685,1.0,1.0,5.484999999999998,0.07,0.0
7,COPOC,OCDF,0.07999999999999996,0.91,3.395,2.395,1.1111111111111112,2.0,4.895000000000001,0.1,0.0
7,COPOC,OCDF,0.09999999999999998,0.885,3.17,2.17,1.1304347826086956,2.0,4.77,0.13,0.0
7,COPOC,OCDF,0.13,0.855,2.95,1.95,1.206896551724138,2.0,4.642307692307693,0.175,0.0
7,COPOC,OCDF,0.15000000000000002,0.845,2.815,1.815,1.1935483870967742,2.0,4.281666666666666,0.185,0.0
7,COPOC,OCDF,0.18000000000000005,0.825,2.695,1.695,1.1714285714285715,2.0,3.972777777777777,0.205,0.0
7,COPOC,OCDF,0.19999999999999996,0.815,2.59,1.59,1.162162162162162,2.0,3.74,0.215,0.0
7,COPOC,APS,0.010000000000000009,0.97,3.715,2.715,1.1666666666666667,2.0,9.714999999999995,0.035,0.0
7,COPOC,APS,0.020000000000000018,0.945,3.525,2.525,1.0909090909090908,2.0,8.524999999999995,0.06,0.0
7,COPOC,APS,0.030000000000000027,0.94,3.42,2.42,1.0833333333333333,2.0,6.75333333333333,0.065,0.0
7,COPOC,APS,0.050000000000000044,0.91,3.095,2.095,1.0555555555555556,2.0,5.894999999999997,0.095,0.0
7,COPOC,APS,0.07999999999999996,0.905,2.91,1.91,1.0526315789473684,2.0,4.410000000000002,0.1,0.0
7,COPOC,APS,0.09999999999999998,0.9,2.73,1.73,1.1,2.0,3.93,0.11,0.0
7,COPOC,APS,0.13,0.855,2.285,1.285,1.0689655172413792,2.0,3.6696153846153847,0.155,0.0
7,COPOC,APS,0.15000000000000002,0.83,2.125,1.125,1.088235294117647,2.0,3.5916666666666663,0.185,0.0
7,COPOC,APS,0.18000000000000005,0.785,1.85,0.85,1.1162790697674418,2.0,3.516666666666666,0.24,0.0
7,COPOC,APS,0.19999999999999996,0.78,1.83,0.83,1.1136363636363635,2.0,3.28,0.245,0.0
7,COPOC,LAC,0.010000000000000009,0.965,3.795,2.795,1.0,1.0,9.794999999999993,0.035,0.0
7,COPOC,LAC,0.020000000000000018,0.96,3.785,2.785,1.0,1.0,6.784999999999997,0.04,0.0
7,COPOC,LAC,0.030000000000000027,0.955,3.375,2.375,1.0,1.0,5.374999999999997,0.045,0.0
7,COPOC,LAC,0.050000000000000044,0.935,2.905,1.905,1.0,1.0,4.504999999999998,0.065,0.0
7,COPOC,LAC,0.07999999999999996,0.91,2.64,1.64,1.1111111111111112,2.0,4.1400000000000015,0.1,0.0
7,COPOC,LAC,0.09999999999999998,0.905,2.43,1.43,1.105263157894737,2.0,3.53,0.105,0.0
7,COPOC,LAC,0.13,0.865,2.2,1.2,1.1111111111111112,2.0,3.507692307692307,0.15,0.0
7,COPOC,LAC,0.15000000000000002,0.84,2.055,1.055,1.09375,2.0,3.3883333333333328,0.175,0.0
7,COPOC,LAC,0.18000000000000005,0.795,1.81,0.81,1.0731707317073171,2.0,3.2544444444444434,0.22,0.0
7,COPOC,LAC,0.19999999999999996,0.785,1.725,0.725,1.069767441860465,2.0,3.025,0.23,0.0
8,COPOC,min-CPS,0.010000000000000009,0.985,4.22,3.22,1.0,1.0,6.219999999999998,0.015,0.0
8,COPOC,min-CPS,0.020000000000000018,0.975,3.725,2.725,1.0,1.0,5.224999999999998,0.025,0.0
8,COPOC,min-CPS,0.030000000000000027,0.965,3.485,2.485,1.0,1.0,4.818333333333332,0.035,0.0
8,COPOC,min-CPS,0.050000000000000044,0.965,3.34,2.34,1.0,1.0,3.739999999999999,0.035,0.0
8,COPOC,min-CPS,0.07999999999999996,0.88,2.83,1.83,1.0833333333333333,2.0,5.080000000000002,0.13,0.0
8,COPOC,min-CPS,0.09999999999999998,0.865,2.68,1.68,1.0740740740740742,2.0,4.58,0.145,0.0
8,COPOC,min-CPS,0.13,0.86,2.67,1.67,1.0714285714285714,2.0,3.977692307692308,0.15,0.0
8,COPOC,min-CPS,0.15000000000000002,0.85,2.64,1.64,1.0666666666666667,2.0,3.7733333333333325,0.16,0.0
8,COPOC,min-CPS,0.18000000000000005,0.835,2.61,1.61,1.0909090909090908,2.0,3.609999999999999,0.18,0.0
8,COPOC,min-CPS,0.19999999999999996,0.835,2.555,1.555,1.0909090909090908,2.0,3.355,0.18,0.0
8,COPOC,RPS,0.010000000000000009,0.98,3.57,2.57,1.0,1.0,6.569999999999997,0.02,0.0
8,COPOC,RPS,0.020000000000000018,0.98,3.53,2.53,1.0,1.0,4.5299999999999985,0.02,0.0
8,COPOC,RPS,0.030000000000000027,0.975,3.23,2.23,1.0,1.0,3.896666666666665,0.025,0.0
8,COPOC,RPS,0.050000000000000044,0.955,2.96,1.96,1.0,1.0,3.7599999999999985,0.045,0.0
8,COPOC,RPS,0.07999999999999996,0.925,2.5,1.5,1.1333333333333333,2.0,3.6250000000000013,0.085,0.0
8,COPOC,RPS,0.09999999999999998,0.89,2.205,1.205,1.0909090909090908,2.0,3.605,0.12,0.0
8,COPOC,RPS,0.13,0.855,2.015,1.015,1.0689655172413792,2.0,3.3996153846153847,0.155,0.0
8,COPOC,RPS,0.15000000000000002,0.825,1.895,0.895,1.0571428571428572,2.0,3.3616666666666664,0.185,0.0
8,COPOC,RPS,0.18000000000000005,0.805,1.81,0.81,1.0769230769230769,2.0,3.1433333333333326,0.21,0.0
8,COPOC,RPS,0.19999999999999996,0.775,1.645,0.645,1.0666666666666667,2.0,3.045,0.24,0.0
8,COPOC,OCDF,0.010000000000000009,0.99,4.69,3.69,1.0,1.0,5.689999999999998,0.01,0.0
8,COPOC,OCDF,0.020000000000000018,0.97,3.985,2.985,1.0,1.0,5.984999999999998,0.03,0.0
8,COPOC,OCDF,0.030000000000000027,0.965,3.93,2.93,1.0,1.0,5.263333333333333,0.035,0.0
8,COPOC,OCDF,0.050000000000000044,0.915,3.635,2.635,1.0,1.0,6.0349999999999975,0.085,0.0
8,COPOC,OCDF,0.07999999999999996,0.915,3.435,2.435,1.1176470588235294,2.0,4.810000000000001,0.095,0.0
8,COPOC,OCDF,0.09999999999999998,0.89,3.245,2.245,1.0909090909090908,2.0,4.645,0.12,0.0
8,COPOC,OCDF,0.13,0.875,3.135,2.135,1.12,2.0,4.288846153846154,0.14,0.0
8,COPOC,OCDF,0.15000000000000002,0.85,2.985,1.985,1.1333333333333333,2.0,4.251666666666666,0.17,0.0
8,COPOC,OCDF,0.18000000000000005,0.825,2.8,1.8,1.1428571428571428,2.0,4.022222222222222,0.2,0.0
8,COPOC,OCDF,0.19999999999999996,0.785,2.555,1.555,1.1162790697674418,2.0,3.955,0.24,0.0
8,COPOC,APS,0.010000000000000009,0.98,3.97,2.97,1.0,1.0,6.969999999999996,0.02,0.0
8,COPOC,APS,0.020000000000000018,0.975,3.67,2.67,1.2,2.0,5.669999999999998,0.03,0.0
8,COPOC,APS,0.030000000000000027,0.945,3.295,2.295,1.1818181818181819,2.0,6.62833333333333,0.065,0.0
8,COPOC,APS,0.050000000000000044,0.93,3.115,2.115,1.1428571428571428,2.0,5.314999999999998,0.08,0.0
8,COPOC,APS,0.07999999999999996,0.895,2.8,1.8,1.0952380952380953,2.0,4.675000000000002,0.115,0.0
8,COPOC,APS,0.09999999999999998,0.88,2.6,1.6,1.0833333333333333,2.0,4.2,0.13,0.0
8,COPOC,APS,0.13,0.865,2.36,1.36,1.1111111111111112,2.0,3.6676923076923074,0.15,0.0
8,COPOC,APS,0.15000000000000002,0.845,2.21,1.21,1.1612903225806452,2.0,3.6099999999999994,0.18,0.0
8,COPOC,APS,0.18000000000000005,0.8,2.045,1.045,1.125,2.0,3.5449999999999995,0.225,0.0
8,COPOC,APS,0.19999999999999996,0.79,1.94,0.94,1.119047619047619,2.0,3.29,0.235,0.0
8,COPOC,LAC,0.010000000000000009,0.985,4.185,3.185,1.0,1.0,6.184999999999998,0.015,0.0
8,COPOC,LAC,0.020000000000000018,0.975,3.825,2.825,1.0,1.0,5.3249999999999975,0.025,0.0
8,COPOC,LAC,0.030000000000000027,0.97,3.815,2.815,1.0,1.0,4.814999999999999,0.03,0.0
8,COPOC,LAC,0.050000000000000044,0.94,2.905,1.905,1.0,1.0,4.304999999999998,0.06,0.0
8,COPOC,LAC,0.07999999999999996,0.905,2.605,1.605,1.105263157894737,2.0,4.230000000000001,0.105,0.0
8,COPOC,LAC,0.09999999999999998,0.905,2.405,1.405,1.105263157894737,2.0,3.505000000000001,0.105,0.0
8,COPOC,LAC,0.13,0.895,2.275,1.275,1.0952380952380953,2.0,3.044230769230769,0.115,0.0
8,COPOC,LAC,0.15000000000000002,0.87,2.135,1.135,1.1153846153846154,2.0,3.0683333333333334,0.145,0.0
8,COPOC,LAC,0.18000000000000005,0.87,2.085,1.085,1.1153846153846154,2.0,2.6961111111111107,0.145,0.0
8,COPOC,LAC,0.19999999999999996,0.855,2.015,1.015,1.103448275862069,2.0,2.615,0.16,0.0
9,COPOC,min-CPS,0.010000000000000009,1.0,4.52,3.52,,0.0,3.52,0.0,0.0
9,COPOC,min-CPS,0.020000000000000018,0.99,4.285,3.285,1.0,1.0,4.284999999999999,0.01,0.0
9,COPOC,min-CPS,0.030000000000000027,0.98,3.725,2.725,1.0,1.0,4.058333333333333,0.02,0.0
9,COPOC,min-CPS,0.050000000000000044,0.955,3.385,2.385,1.0,1.0,4.184999999999999,0.045,0.0
9,COPOC,min-CPS,0.07999999999999996,0.895,2.905,1.905,1.0,1.0,4.530000000000001,0.105,0.0
9,COPOC,min-CPS,0.09999999999999998,0.885,2.84,1.84,1.0,1.0,4.14,0.115,0.0
9,COPOC,min-CPS,0.13,0.88,2.665,1.665,1.0,1.0,3.511153846153846,0.12,0.0
9,COPOC,min-CPS,0.15000000000000002,0.855,2.64,1.64,1.0,1.0,3.5733333333333333,0.145,0.0
9,COPOC,min-CPS,0.18000000000000005,0.83,2.585,1.585,1.0294117647058822,2.0,3.5294444444444433,0.175,0.0
9,COPOC,min-CPS,0.19999999999999996,0.805,2.46,1.46,1.0512820512820513,2.0,3.51,0.205,0.0
9,COPOC,RPS,0.010000000000000009,1.0,4.38,3.38,,0.0,3.38,0.0,0.0
9,COPOC,RPS,0.020000000000000018,0.99,3.53,2.53,1.0,1.0,3.529999999999999,0.01,0.0
9,COPOC,RPS,0.030000000000000027,0.975,3.225,2.225,1.0,1.0,3.8916666666666653,0.025,0.0
9,COPOC,RPS,0.050000000000000044,0.95,2.935,1.935,1.0,1.0,3.9349999999999983,0.05,0.0
9,COPOC,RPS,0.07999999999999996,0.9,2.38,1.38,1.0,1.0,3.8800000000000012,0.1,0.0
9,COPOC,RPS,0.09999999999999998,0.885,2.205,1.205,1.0,1.0,3.505,0.115,0.0
9,COPOC,RPS,0.13,0.875,2.105,1.105,1.0,1.0,3.0280769230769224,0.125,0.0
9,COPOC,RPS,0.15000000000000002,0.875,2.02,1.02,1.0,1.0,2.686666666666666,0.125,0.0
9,COPOC,RPS,0.18000000000000005,0.825,1.85,0.85,1.0285714285714285,2.0,2.85,0.18,0.0
9,COPOC,RPS,0.19999999999999996,0.78,1.68,0.68,1.0454545454545454,2.0,2.98,0.23,0.0
9,COPOC,OCDF,0.010000000000000009,0.98,4.54,3.54,1.0,1.0,7.5399999999999965,0.02,0.0
9,COPOC,OCDF,0.020000000000000018,0.97,3.975,2.975,1.0,1.0,5.974999999999998,0.03,0.0
9,COPOC,OCDF,0.030000000000000027,0.965,3.925,2.925,1.0,1.0,5.258333333333333,0.035,0.0
9,COPOC,OCDF,0.050000000000000044,0.945,3.79,2.79,1.0,1.0,4.989999999999998,0.055,0.0
9,COPOC,OCDF,0.07999999999999996,0.885,3.22,2.22,1.1304347826086956,2.0,5.470000000000002,0.13,0.0
9,COPOC,OCDF,0.09999999999999998,0.835,2.985,1.985,1.1515151515151516,2.0,5.785,0.19,0.0
9,COPOC,OCDF,0.13,0.82,2.855,1.855,1.1388888888888888,2.0,5.008846153846154,0.205,0.0
9,COPOC,OCDF,0.15000000000000002,0.815,2.815,1.815,1.135135135135135,2.0,4.614999999999999,0.21,0.0
9,COPOC,OCDF,0.18000000000000005,0.805,2.65,1.65,1.1282051282051282,2.0,4.094444444444443,0.22,0.0
9,COPOC,OCDF,0.19999999999999996,0.79,2.54,1.54,1.119047619047619,2.0,3.89,0.235,0.0
9,COPOC,APS,0.010000000000000009,1.0,4.42,3.42,,0.0,3.42,0.0,0.0
9,COPOC,APS,0.020000000000000018,0.98,3.855,2.855,1.0,1.0,4.854999999999999,0.02,0.0
9,COPOC,APS,0.030000000000000027,0.975,3.67,2.67,1.0,1.0,4.336666666666666,0.025,0.0
9,COPOC,APS,0.050000000000000044,0.95,3.445,2.445,1.0,1.0,4.4449999999999985,0.05,0.0
9,COPOC,APS,0.07999999999999996,0.89,2.85,1.85,1.0,1.0,4.600000000000001,0.11,0.0
9,COPOC,APS,0.09999999999999998,0.875,2.58,1.58,1.0,1.0,4.08,0.125,0.0
9,COPOC,APS,0.13,0.86,2.39,1.39,1.0357142857142858,2.0,3.6207692307692305,0.145,0.0
9,COPOC,APS,0.15000000000000002,0.84,2.23,1.23,1.03125,2.0,3.43,0.165,0.0
9,COPOC,APS,0.18000000000000005,0.81,2.065,1.065,1.0789473684210527,2.0,3.342777777777777,0.205,0.0
9,COPOC,APS,0.19999999999999996,0.785,1.8,0.8,1.1162790697674418,2.0,3.2,0.24,0.0
9,COPOC,LAC,0.010000000000000009,1.0,4.49,3.49,,0.0,3.49,0.0,0.0
9,COPOC,LAC,0.020000000000000018,0.995,4.235,3.235,1.0,1.0,3.7349999999999994,0.005,0.0
9,COPOC,LAC,0.030000000000000027,0.985,3.86,2.86,1.0,1.0,3.8599999999999994,0.015,0.0
9,COPOC,LAC,0.050000000000000044,0.95,3.16,2.16,1.0,1.0,4.159999999999999,0.05,0.0
9,COPOC,LAC,0.07999999999999996,0.925,2.7,1.7,1.0,1.0,3.575000000000001,0.075,0.0
9,COPOC,LAC,0.09999999999999998,0.925,2.6,1.6,1.0,1.0,3.1,0.075,0.0
9,COPOC,LAC,0.13,0.855,2.095,1.095,1.0689655172413792,2.0,3.4796153846153843,0.155,0.0
9,COPOC,LAC,0.15000000000000002,0.825,1.955,0.955,1.0857142857142856,2.0,3.4883333333333333,0.19,0.0
9,COPOC,LAC,0.18000000000000005,0.8,1.79,0.79,1.075,2.0,3.178888888888888,0.215,0.0
9,COPOC,LAC,0.19999999999999996,0.775,1.71,0.71,1.0666666666666667,2.0,3.11,0.24,0.0
10,COPOC,min-CPS,0.010000000000000009,1.0,4.485,3.485,,0.0,3.485,0.0,0.0
10,COPOC,min-CPS,0.020000000000000018,1.0,4.275,3.275,,0.0,3.275,0.0,0.0
10,COPOC,min-CPS,0.030000000000000027,0.995,4.215,3.215,1.0,1.0,3.5483333333333333,0.005,0.0
10,COPOC,min-CPS,0.050000000000000044,0.99,3.49,2.49,1.0,1.0,2.89,0.01,0.0
10,COPOC,min-CPS,0.07999999999999996,0.955,3.1,2.1,1.0,1.0,3.225000000000001,0.045,0.0
10,COPOC,min-CPS,0.09999999999999998,0.945,2.975,1.975,1.0,1.0,3.075,0.055,0.0
10,COPOC,min-CPS,0.13,0.895,2.685,1.685,1.0,1.0,3.3003846153846155,0.105,0.0
10,COPOC,min-CPS,0.15000000000000002,0.885,2.675,1.675,1.0,1.0,3.208333333333333,0.115,0.0
10,COPOC,min-CPS,0.18000000000000005,0.845,2.59,1.59,1.0,1.0,3.3122222222222217,0.155,0.0
10,COPOC,min-CPS,0.19999999999999996,0.845,2.545,1.545,1.0,1.0,3.095,0.155,0.0
10,COPOC,RPS,0.010000000000000009,1.0,4.385,3.385,,0.0,3.385,0.0,0.0
10,COPOC,RPS,0.020000000000000018,1.0,3.815,2.815,,0.0,2.815,0.0,0.0
10,COPOC,RPS,0.030000000000000027,1.0,3.505,2.505,,0.0,2.505,0.0,0.0
10,COPOC,RPS,0.050000000000000044,0.98,3.175,2.175,1.0,1.0,2.9749999999999996,0.02,0.0
10,COPOC,RPS,0.07999999999999996,0.94,2.705,1.705,1.0,1.0,3.205000000000001,0.06,0.0
10,COPOC,RPS,0.09999999999999998,0.93,2.405,1.405,1.0,1.0,2.805,0.07,0.0
10,COPOC,RPS,0.13,0.915,2.215,1.215,1.0,1.0,2.522692307692308,0.085,0.0
10,COPOC,RPS,0.15000000000000002,0.895,2.11,1.11,1.0,1.0,2.51,0.105,0.0
10,COPOC,RPS,0.18000000000000005,0.855,1.88,0.88,1.0,1.0,2.491111111111111,0.145,0.0
10,COPOC,RPS,0.19999999999999996,0.835,1.795,0.795,1.0,1.0,2.445,0.165,0.0
10,COPOC,OCDF,0.010000000000000009,0.995,4.83,3.83,1.0,1.0,4.829999999999999,0.005,0.0
10,COPOC,OCDF,0.020000000000000018,0.985,4.255,3.255,1.0,1.0,4.754999999999999,0.015,0.0
10,COPOC,OCDF,0.030000000000000027,0.96,3.89,2.89,1.0,1.0,5.556666666666665,0.04,0.0
10,COPOC,OCDF,0.050000000000000044,0.94,3.71,2.71,1.0,1.0,5.109999999999998,0.06,0.0
10,COPOC,OCDF,0.07999999999999996,0.93,3.365,2.365,1.1428571428571428,2.0,4.365000000000001,0.08,0.0
10,COPOC,OCDF,0.09999999999999998,0.91,3.16,2.16,1.1111111111111112,2.0,4.16,0.1,0.0
10,COPOC,OCDF,0.13,0.895,3.05,2.05,1.0952380952380953,2.0,3.819230769230769,0.115,0.0
10,COPOC,OCDF,0.15000000000000002,0.875,2.945,1.945,1.12,2.0,3.811666666666666,0.14,0.0
10,COPOC,OCDF,0.18000000000000005,0.87,2.815,1.815,1.1153846153846154,2.0,3.4261111111111107,0.145,0.0
10,COPOC,OCDF,0.19999999999999996,0.845,2.69,1.69,1.1290322580645162,2.0,3.44,0.175,0.0
10,COPOC,APS,0.010000000000000009,0.995,4.55,3.55,1.0,1.0,4.549999999999999,0.005,0.0
10,COPOC,APS,0.020000000000000018,0.995,4.255,3.255,1.0,1.0,3.7549999999999994,0.005,0.0
10,COPOC,APS,0.030000000000000027,0.995,4.21,3.21,1.0,1.0,3.543333333333333,0.005,0.0
10,COPOC,APS,0.050000000000000044,0.995,3.765,2.765,1.0,1.0,2.965,0.005,0.0
10,COPOC,APS,0.07999999999999996,0.965,3.105,2.105,1.0,1.0,2.9800000000000004,0.035,0.0
10,COPOC,APS,0.09999999999999998,0.945,2.895,1.895,1.0,1.0,2.995,0.055,0.0
10,COPOC,APS,0.13,0.94,2.785,1.785,1.0,1.0,2.708076923076923,0.06,0.0
10,COPOC,APS,0.15000000000000002,0.92,2.66,1.66,1.0,1.0,2.726666666666666,0.08,0.0
10,COPOC,APS,0.18000000000000005,0.895,2.355,1.355,1.0,1.0,2.5216666666666665,0.105,0.0
10,COPOC,APS,0.19999999999999996,0.87,2.215,1.215,1.0384615384615385,2.0,2.565,0.135,0.0
10,COPOC,LAC,0.010000000000000009,1.0,4.435,3.435,,0.0,3.435,0.0,0.0
10,COPOC,LAC,0.020000000000000018,1.0,4.305,3.305,,0.0,3.305,0.0,0.0
10,COPOC,LAC,0.030000000000000027,0.995,4.175,3.175,1.0,1.0,3.5083333333333333,0.005,0.0
10,COPOC,LAC,0.050000000000000044,0.995,3.85,2.85,1.0,1.0,3.05,0.005,0.0
10,COPOC,LAC,0.07999999999999996,0.97,2.895,1.895,1.0,1.0,2.6450000000000005,0.03,0.0
10,COPOC,LAC,0.09999999999999998,0.945,2.69,1.69,1.0,1.0,2.79,0.055,0.0
10,COPOC,LAC,0.13,0.925,2.395,1.395,1.0,1.0,2.548846153846154,0.075,0.0
10,COPOC,LAC,0.15000000000000002,0.89,2.19,1.19,1.0909090909090908,2.0,2.79,0.12,0.0
10,COPOC,LAC,0.18000000000000005,0.86,1.98,0.98,1.1071428571428572,2.0,2.702222222222222,0.155,0.0
10,COPOC,LAC,0.19999999999999996,0.83,1.8,0.8,1.088235294117647,2.0,2.65,0.185,0.0
11,COPOC,min-CPS,0.010000000000000009,1.0,4.475,3.475,,0.0,3.475,0.0,0.0
11,COPOC,min-CPS,0.020000000000000018,0.99,4.21,3.21,1.0,1.0,4.209999999999999,0.01,0.0
11,COPOC,min-CPS,0.030000000000000027,0.97,3.48,2.48,1.0,1.0,4.479999999999999,0.03,0.0
11,COPOC,min-CPS,0.050000000000000044,0.945,3.355,2.355,1.0,1.0,4.554999999999998,0.055,0.0
11,COPOC,min-CPS,0.07999999999999996,0.91,2.92,1.92,1.0,1.0,4.170000000000001,0.09,0.0
11,COPOC,min-CPS,0.09999999999999998,0.895,2.85,1.85,1.0,1.0,3.95,0.105,0.0
11,COPOC,min-CPS,0.13,0.86,2.63,1.63,1.0357142857142858,2.0,3.8607692307692307,0.145,0.0
11,COPOC,min-CPS,0.15000000000000002,0.865,2.63,1.63,1.037037037037037,2.0,3.496666666666666,0.14,0.0
11,COPOC,min-CPS,0.18000000000000005,0.83,2.55,1.55,1.0588235294117647,2.0,3.5499999999999994,0.18,0.0
11,COPOC,min-CPS,0.19999999999999996,0.81,2.33,1.33,1.0789473684210527,2.0,3.38,0.205,0.0
11,COPOC,RPS,0.010000000000000009,1.0,4.36,3.36,,0.0,3.36,0.0,0.0
11,COPOC,RPS,0.020000000000000018,0.975,3.44,2.44,1.0,1.0,4.939999999999998,0.025,0.0
11,COPOC,RPS,0.030000000000000027,0.975,3.21,2.21,1.0,1.0,3.8766666666666656,0.025,0.0
11,COPOC,RPS,0.050000000000000044,0.95,2.96,1.96,1.0,1.0,3.959999999999998,0.05,0.0
11,COPOC,RPS,0.07999999999999996,0.915,2.51,1.51,1.0,1.0,3.635000000000001,0.085,0.0
11,COPOC,RPS,0.09999999999999998,0.905,2.29,1.29,1.0,1.0,3.19,0.095,0.0
11,COPOC,RPS,0.13,0.87,2.04,1.04,1.0,1.0,3.04,0.13,0.0
11,COPOC,RPS,0.15000000000000002,0.87,2.0,1.0,1.0,1.0,2.733333333333333,0.13,0.0
11,COPOC,RPS,0.18000000000000005,0.86,1.92,0.92,1.0,1.0,2.475555555555555,0.14,0.0
11,COPOC,RPS,0.19999999999999996,0.83,1.82,0.82,1.0588235294117647,2.0,2.62,0.18,0.0
11,COPOC,OCDF,0.010000000000000009,0.98,4.515,3.515,1.0,1.0,7.514999999999997,0.02,0.0
11,COPOC,OCDF,0.020000000000000018,0.975,4.12,3.12,1.0,1.0,5.619999999999997,0.025,0.0
11,COPOC,OCDF,0.030000000000000027,0.965,3.885,2.885,1.0,1.0,5.218333333333331,0.035,0.0
11,COPOC,OCDF,0.050000000000000044,0.94,3.72,2.72,1.0,1.0,5.119999999999998,0.06,0.0
11,COPOC,OCDF,0.07999999999999996,0.925,3.405,2.405,1.1333333333333333,2.0,4.530000000000001,0.085,0.0
11,COPOC,OCDF,0.09999999999999998,0.88,3.18,2.18,1.125,2.0,4.88,0.135,0.0
11,COPOC,OCDF,0.13,0.83,2.92,1.92,1.1470588235294117,2.0,4.919999999999999,0.195,0.0
11,COPOC,OCDF,0.15000000000000002,0.795,2.725,1.725,1.1219512195121952,2.0,4.791666666666666,0.23,0.0
11,COPOC,OCDF,0.18000000000000005,0.765,2.545,1.545,1.1063829787234043,2.0,4.433888888888888,0.26,0.0
11,COPOC,OCDF,0.19999999999999996,0.735,2.255,1.255,1.1132075471698113,2.0,4.205,0.295,0.0
11,COPOC,APS,0.010000000000000009,0.99,4.055,3.055,1.0,1.0,5.054999999999998,0.01,0.0
11,COPOC,APS,0.020000000000000018,0.975,3.73,2.73,1.0,1.0,5.229999999999998,0.025,0.0
11,COPOC,APS,0.030000000000000027,0.975,3.495,2.495,1.0,1.0,4.161666666666665,0.025,0.0
11,COPOC,APS,0.050000000000000044,0.945,3.155,2.155,1.0,1.0,4.354999999999999,0.055,0.0
11,COPOC,APS,0.07999999999999996,0.93,2.95,1.95,1.0,1.0,3.700000000000001,0.07,0.0
11,COPOC,APS,0.09999999999999998,0.895,2.735,1.735,1.0,1.0,3.835,0.105,0.0
11,COPOC,APS,0.13,0.86,2.34,1.34,1.0357142857142858,2.0,3.5707692307692303,0.145,0.0
11,COPOC,APS,0.15000000000000002,0.855,2.28,1.28,1.0344827586206897,2.0,3.28,0.15,0.0
11,COPOC,APS,0.18000000000000005,0.8,1.96,0.96,1.05,2.0,3.2933333333333326,0.21,0.0
11,COPOC,APS,0.19999999999999996,0.785,1.855,0.855,1.0465116279069768,2.0,3.105,0.225,0.0
11,COPOC,LAC,0.010000000000000009,1.0,4.415,3.415,,0.0,3.415,0.0,0.0
11,COPOC,LAC,0.020000000000000018,0.985,4.13,3.13,1.0,1.0,4.629999999999998,0.015,0.0
11,COPOC,LAC,0.030000000000000027,0.985,3.845,2.845,1.0,1.0,3.8449999999999993,0.015,0.0
11,COPOC,LAC,0.050000000000000044,0.955,3.125,2.125,1.0,1.0,3.924999999999999,0.045,0.0
11,COPOC,LAC,0.07999999999999996,0.945,2.76,1.76,1.0,1.0,3.135000000000001,0.055,0.0
11,COPOC,LAC,0.09999999999999998,0.93,2.625,1.625,1.0,1.0,3.025,0.07,0.0
11,COPOC,LAC,0.13,0.91,2.295,1.295,1.0555555555555556,2.0,2.756538461538462,0.095,0.0
11,COPOC,LAC,0.15000000000000002,0.885,2.165,1.165,1.0434782608695652,2.0,2.765,0.12,0.0
11,COPOC,LAC,0.18000000000000005,0.855,2.01,1.01,1.0344827586206897,2.0,2.6766666666666663,0.15,0.0
11,COPOC,LAC,0.19999999999999996,0.825,1.87,0.87,1.0571428571428572,2.0,2.72,0.185,0.0
12,COPOC,min-CPS,0.010000000000000009,1.0,4.505,3.505,,0.0,3.505,0.0,0.0
12,COPOC,min-CPS,0.020000000000000018,1.0,4.25,3.25,,0.0,3.25,0.0,0.0
12,COPOC,min-CPS,0.030000000000000027,0.97,3.48,2.48,1.0,1.0,4.479999999999999,0.03,0.0
12,COPOC,min-CPS,0.050000000000000044,0.935,3.32,2.32,1.0,1.0,4.919999999999998,0.065,0.0
12,COPOC,min-CPS,0.07999999999999996,0.925,2.985,1.985,1.0,1.0,3.860000000000001,0.075,0.0
12,COPOC,min-CPS,0.09999999999999998,0.88,2.845,1.845,1.0,1.0,4.245,0.12,0.0
12,COPOC,min-CPS,0.13,0.855,2.66,1.66,1.0344827586206897,2.0,3.9676923076923076,0.15,0.0
12,COPOC,min-CPS,0.15000000000000002,0.85,2.635,1.635,1.0333333333333334,2.0,3.701666666666666,0.155,0.0
12,COPOC,min-CPS,0.18000000000000005,0.845,2.615,1.615,1.064516129032258,2.0,3.4483333333333324,0.165,0.0
12,COPOC,min-CPS,0.19999999999999996,0.795,2.11,1.11,1.0975609756097562,2.0,3.36,0.225,0.0
12,COPOC,RPS,0.010000000000000009,1.0,4.37,3.37,,0.0,3.37,0.0,0.0
12,COPOC,RPS,0.020000000000000018,0.99,3.55,2.55,1.0,1.0,3.549999999999999,0.01,0.0
12,COPOC,RPS,0.030000000000000027,0.98,3.245,2.245,1.0,1.0,3.5783333333333327,0.02,0.0
12,COPOC,RPS,0.050000000000000044,0.945,2.88,1.88,1.0,1.0,4.079999999999998,0.055,0.0
12,COPOC,RPS,0.07999999999999996,0.905,2.385,1.385,1.0,1.0,3.760000000000001,0.095,0.0
12,COPOC,RPS,0.09999999999999998,0.895,2.215,1.215,1.0,1.0,3.315,0.105,0.0
12,COPOC,RPS,0.13,0.85,2.015,1.015,1.0,1.0,3.322692307692307,0.15,0.0
12,COPOC,RPS,0.15000000000000002,0.83,1.895,0.895,1.0,1.0,3.161666666666666,0.17,0.0
12,COPOC,RPS,0.18000000000000005,0.8,1.76,0.76,1.075,2.0,3.148888888888888,0.215,0.0
12,COPOC,RPS,0.19999999999999996,0.795,1.74,0.74,1.0731707317073171,2.0,2.94,0.22,0.0
12,COPOC,OCDF,0.010000000000000009,0.995,4.83,3.83,1.0,1.0,4.829999999999999,0.005,0.0
12,COPOC,OCDF,0.020000000000000018,0.985,4.23,3.23,1.0,1.0,4.729999999999999,0.015,0.0
12,COPOC,OCDF,0.030000000000000027,0.985,4.14,3.14,1.0,1.0,4.14,0.015,0.0
12,COPOC,OCDF,0.050000000000000044,0.975,3.91,2.91,1.0,1.0,3.9099999999999993,0.025,0.0
12,COPOC,OCDF,0.07999999999999996,0.94,3.595,2.595,1.0,1.0,4.0950000000000015,0.06,0.0
12,COPOC,OCDF,0.09999999999999998,0.91,3.21,2.21,1.0555555555555556,2.0,4.11,0.095,0.0
12,COPOC,OCDF,0.13,0.85,2.965,1.965,1.0666666666666667,2.0,4.4265384615384615,0.16,0.0
12,COPOC,OCDF,0.15000000000000002,0.83,2.85,1.85,1.0588235294117647,2.0,4.25,0.18,0.0
12,COPOC,OCDF,0.18000000000000005,0.765,2.45,1.45,1.0638297872340425,2.0,4.227777777777777,0.25,0.0
12,COPOC,OCDF,0.19999999999999996,0.745,2.245,1.245,1.0980392156862746,2.0,4.045,0.28,0.0
12,COPOC,APS,0.010000000000000009,1.0,4.4,3.4,,0.0,3.4,0.0,0.0
12,COPOC,APS,0.020000000000000018,0.995,4.265,3.265,1.0,1.0,3.7649999999999992,0.005,0.0
12,COPOC,APS,0.030000000000000027,0.945,3.395,2.395,1.0909090909090908,2.0,6.394999999999998,0.06,0.0
12,COPOC,APS,0.050000000000000044,0.935,3.205,2.205,1.0769230769230769,2.0,5.004999999999998,0.07,0.0
12,COPOC,APS,0.07999999999999996,0.915,2.79,1.79,1.0588235294117647,2.0,4.040000000000001,0.09,0.0
12,COPOC,APS,0.09999999999999998,0.905,2.68,1.68,1.0526315789473684,2.0,3.68,0.1,0.0
12,COPOC,APS,0.13,0.89,2.5,1.5,1.0454545454545454,2.0,3.269230769230769,0.115,0.0
12,COPOC,APS,0.15000000000000002,0.85,2.275,1.275,1.0333333333333334,2.0,3.3416666666666663,0.155,0.0
12,COPOC,APS,0.18000000000000005,0.82,1.98,0.98,1.0555555555555556,2.0,3.0911111111111107,0.19,0.0
12,COPOC,APS,0.19999999999999996,0.795,1.795,0.795,1.048780487804878,2.0,2.945,0.215,0.0
12,COPOC,LAC,0.010000000000000009,1.0,4.47,3.47,,0.0,3.47,0.0,0.0
12,COPOC,LAC,0.020000000000000018,0.995,4.205,3.205,1.0,1.0,3.7049999999999996,0.005,0.0
12,COPOC,LAC,0.030000000000000027,0.985,3.85,2.85,1.0,1.0,3.8499999999999996,0.015,0.0
12,COPOC,LAC,0.050000000000000044,0.945,2.92,1.92,1.0,1.0,4.119999999999998,0.055,0.0
12,COPOC,LAC,0.07999999999999996,0.9,2.585,1.585,1.0,1.0,4.085000000000001,0.1,0.0
12,COPOC,LAC,0.09999999999999998,0.88,2.28,1.28,1.0416666666666667,2.0,3.78,0.125,0.0
12,COPOC,LAC,0.13,0.865,2.165,1.165,1.037037037037037,2.0,3.318846153846154,0.14,0.0
12,COPOC,LAC,0.15000000000000002,0.85,2.07,1.07,1.0333333333333334,2.0,3.1366666666666663,0.155,0.0
12,COPOC,LAC,0.18000000000000005,0.765,1.735,0.735,1.0425531914893618,2.0,3.4572222222222218,0.245,0.0
12,COPOC,LAC,0.19999999999999996,0.76,1.73,0.73,1.0416666666666667,2.0,3.23,0.25,0.0
13,COPOC,min-CPS,0.010000000000000009,0.99,4.225,3.225,1.0,1.0,5.224999999999998,0.01,0.0
13,COPOC,min-CPS,0.020000000000000018,0.985,4.16,3.16,1.0,1.0,4.659999999999998,0.015,0.0
13,COPOC,min-CPS,0.030000000000000027,0.985,3.755,2.755,1.0,1.0,3.7549999999999994,0.015,0.0
13,COPOC,min-CPS,0.050000000000000044,0.935,3.31,2.31,1.0769230769230769,2.0,5.109999999999998,0.07,0.0
13,COPOC,min-CPS,0.07999999999999996,0.91,2.965,1.965,1.0555555555555556,2.0,4.340000000000001,0.095,0.0
13,COPOC,min-CPS,0.09999999999999998,0.84,2.64,1.64,1.03125,2.0,4.94,0.165,0.0
13,COPOC,min-CPS,0.13,0.83,2.625,1.625,1.0294117647058822,2.0,4.3173076923076925,0.175,0.0
13,COPOC,min-CPS,0.15000000000000002,0.79,2.535,1.535,1.0238095238095237,2.0,4.401666666666666,0.215,0.0
13,COPOC,min-CPS,0.18000000000000005,0.77,2.03,1.03,1.065217391304348,2.0,3.7522222222222217,0.245,0.0
13,COPOC,min-CPS,0.19999999999999996,0.77,1.985,0.985,1.065217391304348,2.0,3.435,0.245,0.0
13,COPOC,RPS,0.010000000000000009,0.995,3.865,2.865,1.0,1.0,3.864999999999999,0.005,0.0
13,COPOC,RPS,0.020000000000000018,0.99,3.545,2.545,1.0,1.0,3.544999999999999,0.01,0.0
13,COPOC,RPS,0.030000000000000027,0.99,3.48,2.48,1.0,1.0,3.1466666666666665,0.01,0.0
13,COPOC,RPS,0.050000000000000044,0.955,2.97,1.97,1.0,1.0,3.7699999999999987,0.045,0.0
13,COPOC,RPS,0.07999999999999996,0.905,2.395,1.395,1.0526315789473684,2.0,3.8950000000000014,0.1,0.0
13,COPOC,RPS,0.09999999999999998,0.85,2.1,1.1,1.0333333333333334,2.0,4.2,0.155,0.0
13,COPOC,RPS,0.13,0.815,1.895,0.895,1.027027027027027,2.0,3.8180769230769225,0.19,0.0
13,COPOC,RPS,0.15000000000000002,0.8,1.875,0.875,1.025,2.0,3.6083333333333325,0.205,0.0
13,COPOC,RPS,0.18000000000000005,0.775,1.755,0.755,1.0222222222222221,2.0,3.3105555555555553,0.23,0.0
13,COPOC,RPS,0.19999999999999996,0.74,1.565,0.565,1.0192307692307692,2.0,3.215,0.265,0.0
13,COPOC,OCDF,0.010000000000000009,0.985,4.645,3.645,1.0,1.0,6.644999999999998,0.015,0.0
13,COPOC,OCDF,0.020000000000000018,0.97,4.005,3.005,1.0,1.0,6.004999999999998,0.03,0.0
13,COPOC,OCDF,0.030000000000000027,0.97,3.96,2.96,1.0,1.0,4.959999999999999,0.03,0.0
13,COPOC,OCDF,0.050000000000000044,0.965,3.84,2.84,1.0,1.0,4.239999999999998,0.035,0.0
13,COPOC,OCDF,0.07999999999999996,0.925,3.385,2.385,1.1333333333333333,2.0,4.510000000000002,0.085,0.0
13,COPOC,OCDF,0.09999999999999998,0.92,3.255,2.255,1.125,2.0,4.055,0.09,0.0
13,COPOC,OCDF,0.13,0.91,3.19,2.19,1.1666666666666667,2.0,3.8053846153846154,0.105,0.0
13,COPOC,OCDF,0.15000000000000002,0.87,2.935,1.935,1.1923076923076923,2.0,4.001666666666666,0.155,0.0
13,COPOC,OCDF,0.18000000000000005,0.865,2.87,1.87,1.1851851851851851,2.0,3.6477777777777773,0.16,0.0
13,COPOC,OCDF,0.19999999999999996,0.845,2.73,1.73,1.1935483870967742,2.0,3.58,0.185,0.0
13,COPOC,APS,0.010000000000000009,1.0,4.255,3.255,,0.0,3.255,0.0,0.0
13,COPOC,APS,0.020000000000000018,0.99,3.96,2.96,1.0,1.0,3.959999999999999,0.01,0.0
13,COPOC,APS,0.030000000000000027,0.98,3.695,2.695,1.0,1.0,4.028333333333332,0.02,0.0
13,COPOC,APS,0.050000000000000044,0.945,3.29,2.29,1.0,1.0,4.489999999999998,0.055,0.0
13,COPOC,APS,0.07999999999999996,0.91,2.93,1.93,1.0,1.0,4.1800000000000015,0.09,0.0
13,COPOC,APS,0.09999999999999998,0.88,2.69,1.69,1.0416666666666667,2.0,4.19,0.125,0.0
13,COPOC,APS,0.13,0.835,2.16,1.16,1.0909090909090908,2.0,3.929230769230769,0.18,0.0
13,COPOC,APS,0.15000000000000002,0.82,2.015,1.015,1.0833333333333333,2.0,3.615,0.195,0.0
13,COPOC,APS,0.18000000000000005,0.79,1.815,0.82,1.1904761904761905,4.0,3.3755555555555556,0.25,0.0
13,COPOC,APS,0.19999999999999996,0.765,1.72,0.725,1.1702127659574468,4.0,3.275,0.275,0.0
13,COPOC,LAC,0.010000000000000009,0.99,4.285,3.285,1.0,1.0,5.2849999999999975,0.01,0.0
13,COPOC,LAC,0.020000000000000018,0.99,4.175,3.175,1.0,1.0,4.174999999999999,0.01,0.0
13,COPOC,LAC,0.030000000000000027,0.97,3.815,2.815,1.0,1.0,4.814999999999999,0.03,0.0
13,COPOC,LAC,0.050000000000000044,0.935,2.9,1.9,1.0,1.0,4.499999999999997,0.065,0.0
13,COPOC,LAC,0.07999999999999996,0.87,2.345,1.345,1.0384615384615385,2.0,4.720000000000002,0.135,0.0
13,COPOC,LAC,0.09999999999999998,0.855,2.24,1.24,1.0344827586206897,2.0,4.24,0.15,0.0
13,COPOC,LAC,0.13,0.795,1.99,0.99,1.024390243902439,2.0,4.22076923076923,0.21,0.0
13,COPOC,LAC,0.15000000000000002,0.775,1.85,0.85,1.0222222222222221,2.0,3.916666666666666,0.23,0.0
13,COPOC,LAC,0.18000000000000005,0.76,1.77,0.77,1.0208333333333333,2.0,3.492222222222222,0.245,0.0
13,COPOC,LAC,0.19999999999999996,0.76,1.765,0.765,1.0208333333333333,2.0,3.215,0.245,0.0
14,COPOC,min-CPS,0.010000000000000009,0.98,4.225,3.225,1.0,1.0,7.224999999999997,0.02,0.0
14,COPOC,min-CPS,0.020000000000000018,0.97,3.695,2.695,1.0,1.0,5.694999999999998,0.03,0.0
14,COPOC,min-CPS,0.030000000000000027,0.97,3.475,2.475,1.0,1.0,4.474999999999999,0.03,0.0
14,COPOC,min-CPS,0.050000000000000044,0.945,3.345,2.345,1.0,1.0,4.544999999999998,0.055,0.0
14,COPOC,min-CPS,0.07999999999999996,0.905,2.95,1.95,1.105263157894737,2.0,4.575000000000002,0.105,0.0
14,COPOC,min-CPS,0.09999999999999998,0.89,2.85,1.85,1.0909090909090908,2.0,4.25,0.12,0.0
14,COPOC,min-CPS,0.13,0.88,2.645,1.645,1.125,2.0,3.7219230769230767,0.135,0.0
14,COPOC,min-CPS,0.15000000000000002,0.81,2.565,1.565,1.0789473684210527,2.0,4.298333333333333,0.205,0.0
14,COPOC,min-CPS,0.18000000000000005,0.79,2.38,1.38,1.0952380952380953,2.0,3.935555555555555,0.23,0.0
14,COPOC,min-CPS,0.19999999999999996,0.78,2.03,1.03,1.1136363636363635,2.0,3.48,0.245,0.0
14,COPOC,RPS,0.010000000000000009,0.98,3.485,2.485,1.0,1.0,6.484999999999997,0.02,0.0
14,COPOC,RPS,0.020000000000000018,0.96,3.19,2.19,1.0,1.0,6.189999999999997,0.04,0.0
14,COPOC,RPS,0.030000000000000027,0.96,3.19,2.19,1.0,1.0,4.856666666666665,0.04,0.0
14,COPOC,RPS,0.050000000000000044,0.95,2.95,1.95,1.0,1.0,3.9499999999999984,0.05,0.0
14,COPOC,RPS,0.07999999999999996,0.925,2.58,1.58,1.1333333333333333,2.0,3.705000000000001,0.085,0.0
14,COPOC,RPS,0.09999999999999998,0.895,2.255,1.255,1.0952380952380953,2.0,3.555,0.115,0.0
14,COPOC,RPS,0.13,0.865,2.035,1.035,1.0740740740740742,2.0,3.2657692307692305,0.145,0.0
14,COPOC,RPS,0.15000000000000002,0.835,1.875,0.875,1.0606060606060606,2.0,3.208333333333333,0.175,0.0
14,COPOC,RPS,0.18000000000000005,0.785,1.72,0.72,1.0930232558139534,2.0,3.3311111111111105,0.235,0.0
14,COPOC,RPS,0.19999999999999996,0.78,1.675,0.675,1.0909090909090908,2.0,3.075,0.24,0.0
14,COPOC,OCDF,0.010000000000000009,0.985,4.645,3.645,1.0,1.0,6.644999999999998,0.015,0.0
14,COPOC,OCDF,0.020000000000000018,0.975,4.185,3.185,1.0,1.0,5.684999999999998,0.025,0.0
14,COPOC,OCDF,0.030000000000000027,0.96,3.945,2.945,1.0,1.0,5.6116666666666655,0.04,0.0
14,COPOC,OCDF,0.050000000000000044,0.94,3.76,2.76,1.0,1.0,5.1599999999999975,0.06,0.0
14,COPOC,OCDF,0.07999999999999996,0.93,3.42,2.42,1.1428571428571428,2.0,4.420000000000001,0.08,0.0
14,COPOC,OCDF,0.09999999999999998,0.92,3.25,2.25,1.125,2.0,4.05,0.09,0.0
14,COPOC,OCDF,0.13,0.89,3.08,2.08,1.1363636363636365,2.0,4.0030769230769225,0.125,0.0
14,COPOC,OCDF,0.15000000000000002,0.855,2.88,1.88,1.1724137931034482,2.0,4.1466666666666665,0.17,0.0
14,COPOC,OCDF,0.18000000000000005,0.835,2.745,1.745,1.1515151515151516,2.0,3.8561111111111104,0.19,0.0
14,COPOC,OCDF,0.19999999999999996,0.785,2.43,1.43,1.1162790697674418,2.0,3.83,0.24,0.0
14,COPOC,APS,0.010000000000000009,0.995,4.26,3.26,1.0,1.0,4.259999999999999,0.005,0.0
14,COPOC,APS,0.020000000000000018,0.97,3.73,2.73,1.0,1.0,5.729999999999998,0.03,0.0
14,COPOC,APS,0.030000000000000027,0.95,3.47,2.47,1.0,1.0,5.80333333333333,0.05,0.0
14,COPOC,APS,0.050000000000000044,0.94,3.24,2.24,1.0833333333333333,2.0,4.839999999999998,0.065,0.0
14,COPOC,APS,0.07999999999999996,0.915,2.83,1.83,1.1764705882352942,2.0,4.330000000000001,0.1,0.0
14,COPOC,APS,0.09999999999999998,0.905,2.655,1.655,1.1578947368421053,2.0,3.855,0.11,0.0
14,COPOC,APS,0.13,0.885,2.465,1.465,1.1304347826086956,2.0,3.465,0.13,0.0
14,COPOC,APS,0.15000000000000002,0.835,2.095,1.095,1.121212121212121,2.0,3.561666666666666,0.185,0.0
14,COPOC,APS,0.18000000000000005,0.815,1.79,0.79,1.135135135135135,2.0,3.1233333333333326,0.21,0.0
14,COPOC,APS,0.19999999999999996,0.745,1.64,0.645,1.1568627450980393,4.0,3.395,0.295,0.0
14,COPOC,LAC,0.010000000000000009,0.975,4.145,3.145,1.0,1.0,8.144999999999996,0.025,0.0
14,COPOC,LAC,0.020000000000000018,0.975,3.805,2.805,1.0,1.0,5.304999999999998,0.025,0.0
14,COPOC,LAC,0.030000000000000027,0.965,3.685,2.685,1.0,1.0,5.018333333333332,0.035,0.0
14,COPOC,LAC,0.050000000000000044,0.965,3.315,2.315,1.0,1.0,3.714999999999999,0.035,0.0
14,COPOC,LAC,0.07999999999999996,0.925,2.7,1.7,1.1333333333333333,2.0,3.825000000000001,0.085,0.0
14,COPOC,LAC,0.09999999999999998,0.91,2.395,1.395,1.1111111111111112,2.0,3.395,0.1,0.0
14,COPOC,LAC,0.13,0.855,2.135,1.135,1.103448275862069,2.0,3.5965384615384615,0.16,0.0
14,COPOC,LAC,0.15000000000000002,0.845,2.08,1.08,1.096774193548387,2.0,3.3466666666666662,0.17,0.0
14,COPOC,LAC,0.18000000000000005,0.805,1.865,0.865,1.1282051282051282,2.0,3.309444444444444,0.22,0.0
14,COPOC,LAC,0.19999999999999996,0.79,1.79,0.79,1.119047619047619,2.0,3.14,0.235,0.0
15,COPOC,min-CPS,0.010000000000000009,1.0,4.465,3.465,,0.0,3.465,0.0,0.0
15,COPOC,min-CPS,0.020000000000000018,0.98,3.85,2.85,1.0,1.0,4.849999999999998,0.02,0.0
15,COPOC,min-CPS,0.030000000000000027,0.965,3.455,2.455,1.0,1.0,4.788333333333332,0.035,0.0
15,COPOC,min-CPS,0.050000000000000044,0.94,3.285,2.285,1.0,1.0,4.684999999999999,0.06,0.0
15,COPOC,min-CPS,0.07999999999999996,0.89,2.84,1.84,1.0,1.0,4.590000000000001,0.11,0.0
15,COPOC,min-CPS,0.09999999999999998,0.865,2.645,1.645,1.037037037037037,2.0,4.445,0.14,0.0
15,COPOC,min-CPS,0.13,0.84,2.6,1.6,1.03125,2.0,4.138461538461538,0.165,0.0
15,COPOC,min-CPS,0.15000000000000002,0.78,2.465,1.465,1.0227272727272727,2.0,4.465,0.225,0.0
15,COPOC,min-CPS,0.18000000000000005,0.77,2.285,1.285,1.0434782608695652,2.0,3.951666666666666,0.24,0.0
15,COPOC,min-CPS,0.19999999999999996,0.79,2.085,1.085,1.0714285714285714,2.0,3.335,0.225,0.0
15,COPOC,RPS,0.010000000000000009,1.0,4.325,3.325,,0.0,3.325,0.0,0.0
15,COPOC,RPS,0.020000000000000018,0.995,3.695,2.695,1.0,1.0,3.1949999999999994,0.005,0.0
15,COPOC,RPS,0.030000000000000027,0.965,3.18,2.18,1.0,1.0,4.513333333333332,0.035,0.0
15,COPOC,RPS,0.050000000000000044,0.94,2.855,1.855,1.0,1.0,4.254999999999998,0.06,0.0
15,COPOC,RPS,0.07999999999999996,0.935,2.625,1.625,1.0,1.0,3.2500000000000013,0.065,0.0
15,COPOC,RPS,0.09999999999999998,0.905,2.275,1.275,1.0,1.0,3.175,0.095,0.0
15,COPOC,RPS,0.13,0.87,2.075,1.075,1.0,1.0,3.075,0.13,0.0
15,COPOC,RPS,0.15000000000000002,0.8,1.875,0.875,1.0,1.0,3.541666666666666,0.2,0.0
15,COPOC,RPS,0.18000000000000005,0.785,1.745,0.745,1.0465116279069768,2.0,3.245,0.225,0.0
15,COPOC,RPS,0.19999999999999996,0.75,1.575,0.575,1.04,2.0,3.175,0.26,0.0
15,COPOC,OCDF,0.010000000000000009,0.99,4.715,3.715,1.0,1.0,5.714999999999998,0.01,0.0
15,COPOC,OCDF,0.020000000000000018,0.99,4.55,3.55,1.0,1.0,4.549999999999999,0.01,0.0
15,COPOC,OCDF,0.030000000000000027,0.985,4.175,3.175,1.0,1.0,4.175,0.015,0.0
15,COPOC,OCDF,0.050000000000000044,0.965,3.86,2.86,1.0,1.0,4.259999999999999,0.035,0.0
15,COPOC,OCDF,0.07999999999999996,0.93,3.425,2.425,1.0714285714285714,2.0,4.300000000000001,0.075,0.0
15,COPOC,OCDF,0.09999999999999998,0.92,3.29,2.29,1.0625,2.0,3.99,0.085,0.0
15,COPOC,OCDF,0.13,0.88,3.1,2.1,1.0833333333333333,2.0,4.1,0.13,0.0
15,COPOC,OCDF,0.15000000000000002,0.855,2.965,1.965,1.103448275862069,2.0,4.098333333333333,0.16,0.0
15,COPOC,OCDF,0.18000000000000005,0.81,2.69,1.69,1.0789473684210527,2.0,3.967777777777777,0.205,0.0
15,COPOC,OCDF,0.19999999999999996,0.8,2.585,1.585,1.075,2.0,3.735,0.215,0.0
15,COPOC,APS,0.010000000000000009,1.0,4.545,3.545,,0.0,3.545,0.0,0.0
15,COPOC,APS,0.020000000000000018,0.99,4.01,3.01,1.0,1.0,4.009999999999999,0.01,0.0
15,COPOC,APS,0.030000000000000027,0.955,3.45,2.45,1.0,1.0,5.4499999999999975,0.045,0.0
15,COPOC,APS,0.050000000000000044,0.94,3.095,2.095,1.0,1.0,4.494999999999998,0.06,0.0
15,COPOC,APS,0.07999999999999996,0.905,2.87,1.87,1.0,1.0,4.245000000000002,0.095,0.0
15,COPOC,APS,0.09999999999999998,0.865,2.245,1.245,1.037037037037037,2.0,4.045,0.14,0.0
15,COPOC,APS,0.13,0.845,2.19,1.19,1.064516129032258,2.0,3.7284615384615383,0.165,0.0
15,COPOC,APS,0.15000000000000002,0.845,2.135,1.135,1.064516129032258,2.0,3.335,0.165,0.0
15,COPOC,APS,0.18000000000000005,0.82,1.98,0.98,1.0555555555555556,2.0,3.0911111111111103,0.19,0.0
15,COPOC,APS,0.19999999999999996,0.8,1.915,0.915,1.05,2.0,3.015,0.21,0.0
15,COPOC,LAC,0.010000000000000009,1.0,4.425,3.425,,0.0,3.425,0.0,0.0
15,COPOC,LAC,0.020000000000000018,0.975,3.785,2.785,1.0,1.0,5.2849999999999975,0.025,0.0
15,COPOC,LAC,0.030000000000000027,0.965,3.625,2.625,1.0,1.0,4.958333333333332,0.035,0.0
15,COPOC,LAC,0.050000000000000044,0.96,3.23,2.23,1.0,1.0,3.8299999999999987,0.04,0.0
15,COPOC,LAC,0.07999999999999996,0.935,2.765,1.765,1.0,1.0,3.390000000000001,0.065,0.0
15,COPOC,LAC,0.09999999999999998,0.915,2.545,1.545,1.0,1.0,3.245,0.085,0.0
15,COPOC,LAC,0.13,0.865,2.21,1.21,1.037037037037037,2.0,3.3638461538461537,0.14,0.0
15,COPOC,LAC,0.15000000000000002,0.83,2.025,1.025,1.0294117647058822,2.0,3.358333333333333,0.175,0.0
15,COPOC,LAC,0.18000000000000005,0.825,1.98,0.98,1.0285714285714285,2.0,2.9799999999999986,0.18,0.0
15,COPOC,LAC,0.19999999999999996,0.795,1.8,0.8,1.048780487804878,2.0,2.95,0.215,0.0
16,COPOC,min-CPS,0.010000000000000009,0.995,4.37,3.37,1.0,1.0,4.369999999999999,0.005,0.0
16,COPOC,min-CPS,0.020000000000000018,0.99,4.215,3.215,1.0,1.0,4.214999999999999,0.01,0.0
16,COPOC,min-CPS,0.030000000000000027,0.99,3.92,2.92,1.0,1.0,3.5866666666666664,0.01,0.0
16,COPOC,min-CPS,0.050000000000000044,0.975,3.475,2.475,1.0,1.0,3.4749999999999988,0.025,0.0
16,COPOC,min-CPS,0.07999999999999996,0.955,3.065,2.065,1.1111111111111112,2.0,3.3150000000000013,0.05,0.0
16,COPOC,min-CPS,0.09999999999999998,0.885,2.825,1.825,1.0434782608695652,2.0,4.225,0.12,0.0
16,COPOC,min-CPS,0.13,0.85,2.66,1.66,1.0333333333333334,2.0,4.044615384615384,0.155,0.0
16,COPOC,min-CPS,0.15000000000000002,0.85,2.625,1.625,1.0333333333333334,2.0,3.6916666666666664,0.155,0.0
16,COPOC,min-CPS,0.18000000000000005,0.8,2.475,1.475,1.025,2.0,3.7527777777777773,0.205,0.0
16,COPOC,min-CPS,0.19999999999999996,0.775,2.055,1.055,1.0666666666666667,2.0,3.455,0.24,0.0
16,COPOC,RPS,0.010000000000000009,0.995,3.875,2.875,1.0,1.0,3.8749999999999987,0.005,0.0
16,COPOC,RPS,0.020000000000000018,0.995,3.72,2.72,1.0,1.0,3.2199999999999993,0.005,0.0
16,COPOC,RPS,0.030000000000000027,0.99,3.495,2.495,1.0,1.0,3.161666666666666,0.01,0.0
16,COPOC,RPS,0.050000000000000044,0.97,3.065,2.065,1.0,1.0,3.264999999999999,0.03,0.0
16,COPOC,RPS,0.07999999999999996,0.935,2.63,1.63,1.0769230769230769,2.0,3.3800000000000012,0.07,0.0
16,COPOC,RPS,0.09999999999999998,0.905,2.265,1.265,1.0526315789473684,2.0,3.265,0.1,0.0
16,COPOC,RPS,0.13,0.875,2.09,1.09,1.04,2.0,3.09,0.13,0.0
16,COPOC,RPS,0.15000000000000002,0.87,2.01,1.01,1.0384615384615385,2.0,2.81,0.135,0.0
16,COPOC,RPS,0.18000000000000005,0.82,1.82,0.82,1.0277777777777777,2.0,2.8755555555555556,0.185,0.0
16,COPOC,RPS,0.19999999999999996,0.775,1.64,0.64,1.0222222222222221,2.0,2.94,0.23,0.0
16,COPOC,OCDF,0.010000000000000009,0.98,4.53,3.53,1.0,1.0,7.529999999999997,0.02,0.0
16,COPOC,OCDF,0.020000000000000018,0.98,4.265,3.265,1.0,1.0,5.264999999999998,0.02,0.0
16,COPOC,OCDF,0.030000000000000027,0.97,3.99,2.99,1.0,1.0,4.989999999999998,0.03,0.0
16,COPOC,OCDF,0.050000000000000044,0.945,3.845,2.845,1.0,1.0,5.044999999999998,0.055,0.0
16,COPOC,OCDF,0.07999999999999996,0.93,3.44,2.44,1.2142857142857142,2.0,4.565000000000001,0.085,0.0
16,COPOC,OCDF,0.09999999999999998,0.93,3.425,2.425,1.2142857142857142,2.0,4.125,0.085,0.0
16,COPOC,OCDF,0.13,0.915,3.225,2.225,1.2352941176470589,2.0,3.8403846153846155,0.105,0.0
16,COPOC,OCDF,0.15000000000000002,0.905,3.135,2.135,1.2105263157894737,2.0,3.668333333333333,0.115,0.0
16,COPOC,OCDF,0.18000000000000005,0.86,2.88,1.88,1.1428571428571428,2.0,3.657777777777777,0.16,0.0
16,COPOC,OCDF,0.19999999999999996,0.83,2.715,1.715,1.1176470588235294,2.0,3.615,0.19,0.0
16,COPOC,APS,0.010000000000000009,1.0,4.63,3.63,,0.0,3.63,0.0,0.0
16,COPOC,APS,0.020000000000000018,0.985,3.985,2.985,1.0,1.0,4.4849999999999985,0.015,0.0
16,COPOC,APS,0.030000000000000027,0.985,3.855,2.855,1.0,1.0,3.8549999999999995,0.015,0.0
16,COPOC,APS,0.050000000000000044,0.965,3.385,2.385,1.0,1.0,3.784999999999999,0.035,0.0
16,COPOC,APS,0.07999999999999996,0.925,2.975,1.975,1.0666666666666667,2.0,3.975000000000001,0.08,0.0
16,COPOC,APS,0.09999999999999998,0.905,2.77,1.77,1.0526315789473684,2.0,3.77,0.1,0.0
16,COPOC,APS,0.13,0.87,2.405,1.405,1.0769230769230769,2.0,3.5588461538461535,0.14,0.0
16,COPOC,APS,0.15000000000000002,0.865,2.245,1.245,1.1111111111111112,2.0,3.245,0.15,0.0
16,COPOC,APS,0.18000000000000005,0.815,1.985,0.985,1.0810810810810811,2.0,3.2072222222222218,0.2,0.0
16,COPOC,APS,0.19999999999999996,0.785,1.865,0.865,1.069767441860465,2.0,3.165,0.23,0.0
16,COPOC,LAC,0.010000000000000009,0.995,4.325,3.325,1.0,1.0,4.324999999999999,0.005,0.0
16,COPOC,LAC,0.020000000000000018,0.995,4.185,3.185,1.0,1.0,3.6849999999999996,0.005,0.0
16,COPOC,LAC,0.030000000000000027,0.985,3.805,2.805,1.0,1.0,3.8049999999999993,0.015,0.0
16,COPOC,LAC,0.050000000000000044,0.97,3.35,2.35,1.0,1.0,3.549999999999999,0.03,0.0
16,COPOC,LAC,0.07999999999999996,0.95,2.845,1.845,1.1,2.0,3.2200000000000006,0.055,0.0
16,COPOC,LAC,0.09999999999999998,0.92,2.575,1.575,1.0625,2.0,3.275,0.085,0.0
16,COPOC,LAC,0.13,0.845,2.09,1.09,1.064516129032258,2.0,3.628461538461538,0.165,0.0
16,COPOC,LAC,0.15000000000000002,0.825,1.965,0.965,1.0857142857142856,2.0,3.498333333333333,0.19,0.0
16,COPOC,LAC,0.18000000000000005,0.8,1.78,0.78,1.075,2.0,3.168888888888888,0.215,0.0
16,COPOC,LAC,0.19999999999999996,0.8,1.74,0.74,1.075,2.0,2.89,0.215,0.0
17,COPOC,min-CPS,0.010000000000000009,0.99,4.26,3.26,1.0,1.0,5.259999999999998,0.01,0.0
17,COPOC,min-CPS,0.020000000000000018,0.985,4.18,3.18,1.0,1.0,4.679999999999999,0.015,0.0
17,COPOC,min-CPS,0.030000000000000027,0.98,3.75,2.75,1.0,1.0,4.083333333333332,0.02,0.0
17,COPOC,min-CPS,0.050000000000000044,0.965,3.385,2.385,1.0,1.0,3.784999999999999,0.035,0.0
17,COPOC,min-CPS,0.07999999999999996,0.95,3.09,2.09,1.1,2.0,3.465000000000001,0.055,0.0
17,COPOC,min-CPS,0.09999999999999998,0.915,2.895,1.895,1.0588235294117647,2.0,3.695,0.09,0.0
17,COPOC,min-CPS,0.13,0.865,2.7,1.7,1.037037037037037,2.0,3.8538461538461535,0.14,0.0
17,COPOC,min-CPS,0.15000000000000002,0.855,2.675,1.675,1.0344827586206897,2.0,3.675,0.15,0.0
17,COPOC,min-CPS,0.18000000000000005,0.83,2.605,1.605,1.0588235294117647,2.0,3.6049999999999995,0.18,0.0
17,COPOC,min-CPS,0.19999999999999996,0.825,2.515,1.515,1.0571428571428572,2.0,3.365,0.185,0.0
17,COPOC,RPS,0.010000000000000009,0.995,3.87,2.87,1.0,1.0,3.8699999999999988,0.005,0.0
17,COPOC,RPS,0.020000000000000018,0.98,3.515,2.515,1.0,1.0,4.514999999999998,0.02,0.0
17,COPOC,RPS,0.030000000000000027,0.965,3.215,2.215,1.0,1.0,4.548333333333331,0.035,0.0
17,COPOC,RPS,0.050000000000000044,0.965,3.025,2.025,1.0,1.0,3.424999999999999,0.035,0.0
17,COPOC,RPS,0.07999999999999996,0.925,2.5,1.5,1.0666666666666667,2.0,3.5000000000000013,0.08,0.0
17,COPOC,RPS,0.09999999999999998,0.905,2.255,1.255,1.0526315789473684,2.0,3.255,0.1,0.0
17,COPOC,RPS,0.13,0.885,2.12,1.12,1.0434782608695652,2.0,2.9661538461538464,0.12,0.0
17,COPOC,RPS,0.15000000000000002,0.875,2.015,1.015,1.04,2.0,2.748333333333333,0.13,0.0
17,COPOC,RPS,0.18000000000000005,0.85,1.89,0.89,1.0333333333333334,2.0,2.6122222222222216,0.155,0.0
17,COPOC,RPS,0.19999999999999996,0.815,1.795,0.795,1.054054054054054,2.0,2.745,0.195,0.0
17,COPOC,OCDF,0.010000000000000009,0.995,4.865,3.865,1.0,1.0,4.864999999999998,0.005,0.0
17,COPOC,OCDF,0.020000000000000018,0.985,4.24,3.24,1.0,1.0,4.739999999999998,0.015,0.0
17,COPOC,OCDF,0.030000000000000027,0.97,3.89,2.89,1.0,1.0,4.889999999999999,0.03,0.0
17,COPOC,OCDF,0.050000000000000044,0.965,3.76,2.76,1.0,1.0,4.159999999999999,0.035,0.0
17,COPOC,OCDF,0.07999999999999996,0.965,3.64,2.64,1.0,1.0,3.515,0.035,0.0
17,COPOC,OCDF,0.09999999999999998,0.955,3.47,2.47,1.2222222222222223,2.0,3.57,0.055,0.0
17,COPOC,OCDF,0.13,0.93,3.23,2.23,1.1428571428571428,2.0,3.460769230769231,0.08,0.0
17,COPOC,OCDF,0.15000000000000002,0.905,3.105,2.105,1.1578947368421053,2.0,3.5716666666666663,0.11,0.0
17,COPOC,OCDF,0.18000000000000005,0.835,2.755,1.755,1.121212121212121,2.0,3.8105555555555553,0.185,0.0
17,COPOC,OCDF,0.19999999999999996,0.825,2.66,1.66,1.1142857142857143,2.0,3.61,0.195,0.0
17,COPOC,APS,0.010000000000000009,0.995,4.295,3.295,1.0,1.0,4.294999999999999,0.005,0.0
17,COPOC,APS,0.020000000000000018,0.985,3.865,2.865,1.0,1.0,4.364999999999998,0.015,0.0
17,COPOC,APS,0.030000000000000027,0.98,3.66,2.66,1.0,1.0,3.9933333333333327,0.02,0.0
17,COPOC,APS,0.050000000000000044,0.94,3.145,2.145,1.0,1.0,4.544999999999998,0.06,0.0
17,COPOC,APS,0.07999999999999996,0.925,3.01,2.01,1.0,1.0,3.885000000000001,0.075,0.0
17,COPOC,APS,0.09999999999999998,0.9,2.78,1.78,1.05,2.0,3.88,0.105,0.0
17,COPOC,APS,0.13,0.87,2.415,1.415,1.0769230769230769,2.0,3.568846153846154,0.14,0.0
17,COPOC,APS,0.15000000000000002,0.855,2.275,1.275,1.0689655172413792,2.0,3.3416666666666663,0.155,0.0
17,COPOC,APS,0.18000000000000005,0.845,2.12,1.12,1.064516129032258,2.0,2.9533333333333327,0.165,0.0
17,COPOC,APS,0.19999999999999996,0.825,1.955,0.955,1.0857142857142856,2.0,2.855,0.19,0.0
17,COPOC,LAC,0.010000000000000009,0.99,4.32,3.32,1.0,1.0,5.319999999999998,0.01,0.0
17,COPOC,LAC,0.020000000000000018,0.985,4.19,3.19,1.0,1.0,4.689999999999999,0.015,0.0
17,COPOC,LAC,0.030000000000000027,0.98,3.86,2.86,1.0,1.0,4.1933333333333325,0.02,0.0
17,COPOC,LAC,0.050000000000000044,0.97,3.38,2.38,1.0,1.0,3.5799999999999987,0.03,0.0
17,COPOC,LAC,0.07999999999999996,0.935,2.735,1.735,1.0769230769230769,2.0,3.485000000000001,0.07,0.0
17,COPOC,LAC,0.09999999999999998,0.885,2.345,1.345,1.0434782608695652,2.0,3.745,0.12,0.0
17,COPOC,LAC,0.13,0.835,2.055,1.055,1.0606060606060606,2.0,3.747307692307692,0.175,0.0
17,COPOC,LAC,0.15000000000000002,0.78,1.775,0.775,1.0681818181818181,2.0,3.908333333333333,0.235,0.0
17,COPOC,LAC,0.18000000000000005,0.77,1.71,0.71,1.065217391304348,2.0,3.432222222222222,0.245,0.0
17,COPOC,LAC,0.19999999999999996,0.77,1.675,0.675,1.065217391304348,2.0,3.125,0.245,0.0
18,COPOC,min-CPS,0.010000000000000009,1.0,4.485,3.485,,0.0,3.485,0.0,0.0
18,COPOC,min-CPS,0.020000000000000018,0.995,4.23,3.23,1.0,1.0,3.7299999999999995,0.005,0.0
18,COPOC,min-CPS,0.030000000000000027,0.99,3.92,2.92,1.0,1.0,3.5866666666666664,0.01,0.0
18,COPOC,min-CPS,0.050000000000000044,0.985,3.495,2.495,1.0,1.0,3.0949999999999993,0.015,0.0
18,COPOC,min-CPS,0.07999999999999996,0.965,3.305,2.305,1.0,1.0,3.18,0.035,0.0
18,COPOC,min-CPS,0.09999999999999998,0.945,2.94,1.94,1.0,1.0,3.04,0.055,0.0
18,COPOC,min-CPS,0.13,0.93,2.87,1.87,1.0,1.0,2.946923076923077,0.07,0.0
18,COPOC,min-CPS,0.15000000000000002,0.925,2.84,1.84,1.0,1.0,2.84,0.075,0.0
18,COPOC,min-CPS,0.18000000000000005,0.835,2.565,1.565,1.0,1.0,3.3983333333333325,0.165,0.0
18,COPOC,min-CPS,0.19999999999999996,0.825,2.46,1.46,1.0,1.0,3.21,0.175,0.0
18,COPOC,RPS,0.010000000000000009,1.0,4.35,3.35,,0.0,3.35,0.0,0.0
18,COPOC,RPS,0.020000000000000018,1.0,3.815,2.815,,0.0,2.815,0.0,0.0
18,COPOC,RPS,0.030000000000000027,0.995,3.53,2.53,1.0,1.0,2.8633333333333333,0.005,0.0
18,COPOC,RPS,0.050000000000000044,0.965,2.98,1.98,1.0,1.0,3.379999999999999,0.035,0.0
18,COPOC,RPS,0.07999999999999996,0.94,2.65,1.65,1.0,1.0,3.1500000000000012,0.06,0.0
18,COPOC,RPS,0.09999999999999998,0.935,2.465,1.465,1.0,1.0,2.765,0.065,0.0
18,COPOC,RPS,0.13,0.915,2.195,1.195,1.0,1.0,2.5026923076923073,0.085,0.0
18,COPOC,RPS,0.15000000000000002,0.905,2.12,1.12,1.0,1.0,2.3866666666666667,0.095,0.0
18,COPOC,RPS,0.18000000000000005,0.885,1.995,0.995,1.0,1.0,2.2727777777777773,0.115,0.0
18,COPOC,RPS,0.19999999999999996,0.88,1.91,0.91,1.0,1.0,2.11,0.12,0.0
18,COPOC,OCDF,0.010000000000000009,0.98,4.51,3.51,1.0,1.0,7.509999999999996,0.02,0.0
18,COPOC,OCDF,0.020000000000000018,0.98,4.265,3.265,1.0,1.0,5.264999999999998,0.02,0.0
18,COPOC,OCDF,0.030000000000000027,0.965,3.885,2.885,1.0,1.0,5.218333333333331,0.035,0.0
18,COPOC,OCDF,0.050000000000000044,0.945,3.75,2.75,1.0,1.0,4.949999999999998,0.055,0.0
18,COPOC,OCDF,0.07999999999999996,0.925,3.365,2.365,1.2,2.0,4.615000000000001,0.09,0.0
18,COPOC,OCDF,0.09999999999999998,0.91,3.18,2.18,1.1666666666666667,2.0,4.28,0.105,0.0
18,COPOC,OCDF,0.13,0.88,3.05,2.05,1.1666666666666667,2.0,4.203846153846154,0.14,0.0
18,COPOC,OCDF,0.15000000000000002,0.84,2.83,1.83,1.125,2.0,4.23,0.18,0.0
18,COPOC,OCDF,0.18000000000000005,0.8,2.62,1.62,1.1,2.0,4.064444444444444,0.22,0.0
18,COPOC,OCDF,0.19999999999999996,0.79,2.525,1.525,1.0952380952380953,2.0,3.825,0.23,0.0
18,COPOC,APS,0.010000000000000009,0.995,4.24,3.24,1.0,1.0,4.239999999999998,0.005,0.0
18,COPOC,APS,0.020000000000000018,0.99,4.07,3.07,1.0,1.0,4.0699999999999985,0.01,0.0
18,COPOC,APS,0.030000000000000027,0.99,3.865,2.865,1.0,1.0,3.5316666666666663,0.01,0.0
18,COPOC,APS,0.050000000000000044,0.99,3.7,2.7,1.0,1.0,3.1,0.01,0.0
18,COPOC,APS,0.07999999999999996,0.975,3.29,2.29,1.0,1.0,2.915,0.025,0.0
18,COPOC,APS,0.09999999999999998,0.965,3.06,2.06,1.0,1.0,2.76,0.035,0.0
18,COPOC,APS,0.13,0.94,2.785,1.785,1.0,1.0,2.708076923076923,0.06,0.0
18,COPOC,APS,0.15000000000000002,0.92,2.6,1.6,1.0,1.0,2.666666666666666,0.08,0.0
18,COPOC,APS,0.18000000000000005,0.88,2.145,1.145,1.0416666666666667,2.0,2.5338888888888884,0.125,0.0
18,COPOC,APS,0.19999999999999996,0.845,1.99,0.99,1.064516129032258,2.0,2.64,0.165,0.0
18,COPOC,LAC,0.010000000000000009,1.0,4.455,3.455,,0.0,3.455,0.0,0.0
18,COPOC,LAC,0.020000000000000018,0.995,4.21,3.21,1.0,1.0,3.7099999999999995,0.005,0.0
18,COPOC,LAC,0.030000000000000027,0.99,3.965,2.965,1.0,1.0,3.6316666666666664,0.01,0.0
18,COPOC,LAC,0.050000000000000044,0.985,3.7,2.7,1.0,1.0,3.2999999999999994,0.015,0.0
18,COPOC,LAC,0.07999999999999996,0.975,2.88,1.88,1.0,1.0,2.5050000000000003,0.025,0.0
18,COPOC,LAC,0.09999999999999998,0.965,2.785,1.785,1.0,1.0,2.485,0.035,0.0
18,COPOC,LAC,0.13,0.94,2.365,1.365,1.0,1.0,2.288076923076923,0.06,0.0
18,COPOC,LAC,0.15000000000000002,0.905,2.185,1.185,1.0526315789473684,2.0,2.518333333333333,0.1,0.0
18,COPOC,LAC,0.18000000000000005,0.905,2.135,1.135,1.105263157894737,2.0,2.3016666666666663,0.105,0.0
18,COPOC,LAC,0.19999999999999996,0.875,1.96,0.96,1.12,2.0,2.36,0.14,0.0
19,COPOC,min-CPS,0.010000000000000009,0.995,4.38,3.38,1.0,1.0,4.379999999999999,0.005,0.0
19,COPOC,min-CPS,0.020000000000000018,0.985,4.155,3.155,1.0,1.0,4.6549999999999985,0.015,0.0
19,COPOC,min-CPS,0.030000000000000027,0.975,3.665,2.665,1.0,1.0,4.331666666666666,0.025,0.0
19,COPOC,min-CPS,0.050000000000000044,0.965,3.355,2.355,1.0,1.0,3.754999999999999,0.035,0.0
19,COPOC,min-CPS,0.07999999999999996,0.925,2.995,1.995,1.0666666666666667,2.0,3.995000000000001,0.08,0.0
19,COPOC,min-CPS,0.09999999999999998,0.88,2.845,1.845,1.0416666666666667,2.0,4.345,0.125,0.0
19,COPOC,min-CPS,0.13,0.865,2.67,1.67,1.037037037037037,2.0,3.8238461538461537,0.14,0.0
19,COPOC,min-CPS,0.15000000000000002,0.845,2.63,1.63,1.032258064516129,2.0,3.763333333333333,0.16,0.0
19,COPOC,min-CPS,0.18000000000000005,0.785,2.335,1.335,1.0465116279069768,2.0,3.834999999999999,0.225,0.0
19,COPOC,min-CPS,0.19999999999999996,0.78,2.07,1.07,1.0681818181818181,2.0,3.42,0.235,0.0
19,COPOC,RPS,0.010000000000000009,0.995,3.895,2.895,1.0,1.0,3.8949999999999987,0.005,0.0
19,COPOC,RPS,0.020000000000000018,0.995,3.74,2.74,1.0,1.0,3.2399999999999993,0.005,0.0
19,COPOC,RPS,0.030000000000000027,0.97,3.205,2.205,1.0,1.0,4.204999999999999,0.03,0.0
19,COPOC,RPS,0.050000000000000044,0.955,2.98,1.98,1.0,1.0,3.779999999999999,0.045,0.0
19,COPOC,RPS,0.07999999999999996,0.93,2.59,1.59,1.0714285714285714,2.0,3.465000000000001,0.075,0.0
19,COPOC,RPS,0.09999999999999998,0.92,2.38,1.38,1.0625,2.0,3.08,0.085,0.0
19,COPOC,RPS,0.13,0.83,1.98,0.98,1.0294117647058822,2.0,3.672307692307692,0.175,0.0
19,COPOC,RPS,0.15000000000000002,0.82,1.87,0.87,1.0277777777777777,2.0,3.3366666666666664,0.185,0.0
19,COPOC,RPS,0.18000000000000005,0.795,1.75,0.75,1.048780487804878,2.0,3.138888888888888,0.215,0.0
19,COPOC,RPS,0.19999999999999996,0.795,1.73,0.73,1.048780487804878,2.0,2.88,0.215,0.0
19,COPOC,OCDF,0.010000000000000009,0.975,4.28,3.28,1.0,1.0,8.279999999999996,0.025,0.0
19,COPOC,OCDF,0.020000000000000018,0.97,3.97,2.97,1.0,1.0,5.969999999999998,0.03,0.0
19,COPOC,OCDF,0.030000000000000027,0.965,3.915,2.915,1.0,1.0,5.248333333333332,0.035,0.0
19,COPOC,OCDF,0.050000000000000044,0.945,3.825,2.825,1.0,1.0,5.024999999999999,0.055,0.0
19,COPOC,OCDF,0.07999999999999996,0.905,3.3,2.3,1.1578947368421053,2.0,5.050000000000002,0.11,0.0
19,COPOC,OCDF,0.09999999999999998,0.895,3.225,2.225,1.1428571428571428,2.0,4.625,0.12,0.0
19,COPOC,OCDF,0.13,0.845,2.98,1.98,1.1935483870967742,2.0,4.826153846153846,0.185,0.0
19,COPOC,OCDF,0.15000000000000002,0.83,2.86,1.86,1.1764705882352942,2.0,4.526666666666666,0.2,0.0
19,COPOC,OCDF,0.18000000000000005,0.81,2.705,1.705,1.1578947368421053,2.0,4.149444444444444,0.22,0.0
19,COPOC,OCDF,0.19999999999999996,0.8,2.62,1.62,1.15,2.0,3.92,0.23,0.0
19,COPOC,APS,0.010000000000000009,0.985,4.15,3.15,1.0,1.0,6.149999999999998,0.015,0.0
19,COPOC,APS,0.020000000000000018,0.98,3.97,2.97,1.0,1.0,4.969999999999998,0.02,0.0
19,COPOC,APS,0.030000000000000027,0.98,3.785,2.785,1.0,1.0,4.118333333333332,0.02,0.0
19,COPOC,APS,0.050000000000000044,0.96,3.35,2.35,1.125,2.0,4.149999999999999,0.045,0.0
19,COPOC,APS,0.07999999999999996,0.945,2.965,1.965,1.0909090909090908,2.0,3.465000000000001,0.06,0.0
19,COPOC,APS,0.09999999999999998,0.92,2.865,1.865,1.0625,2.0,3.565,0.085,0.0
19,COPOC,APS,0.13,0.905,2.47,1.47,1.0526315789473684,2.0,3.0084615384615385,0.1,0.0
19,COPOC,APS,0.15000000000000002,0.88,2.355,1.355,1.0416666666666667,2.0,3.0216666666666665,0.125,0.0
19,COPOC,APS,0.18000000000000005,0.86,2.135,1.135,1.0714285714285714,2.0,2.8016666666666663,0.15,0.0
19,COPOC,APS,0.19999999999999996,0.84,2.07,1.07,1.0625,2.0,2.77,0.17,0.0
19,COPOC,LAC,0.010000000000000009,0.995,4.335,3.335,1.0,1.0,4.334999999999999,0.005,0.0
19,COPOC,LAC,0.020000000000000018,0.985,4.135,3.135,1.0,1.0,4.634999999999999,0.015,0.0
19,COPOC,LAC,0.030000000000000027,0.985,3.83,2.83,1.0,1.0,3.8299999999999996,0.015,0.0
19,COPOC,LAC,0.050000000000000044,0.975,3.355,2.355,1.0,1.0,3.3549999999999986,0.025,0.0
19,COPOC,LAC,0.07999999999999996,0.965,2.95,1.95,1.0,1.0,2.8250000000000006,0.035,0.0
19,COPOC,LAC,0.09999999999999998,0.91,2.4,1.4,1.0555555555555556,2.0,3.3,0.095,0.0
19,COPOC,LAC,0.13,0.88,2.24,1.24,1.0833333333333333,2.0,3.24,0.13,0.0
19,COPOC,LAC,0.15000000000000002,0.84,2.045,1.045,1.0625,2.0,3.311666666666666,0.17,0.0
19,COPOC,LAC,0.18000000000000005,0.79,1.755,0.755,1.0714285714285714,2.0,3.2549999999999994,0.225,0.0
19,COPOC,LAC,0.19999999999999996,0.775,1.705,0.705,1.0666666666666667,2.0,3.105,0.24,0.0
20,COPOC,min-CPS,0.010000000000000009,1.0,4.505,3.505,,0.0,3.505,0.0,0.0
20,COPOC,min-CPS,0.020000000000000018,0.995,4.26,3.26,1.0,1.0,3.7599999999999993,0.005,0.0
20,COPOC,min-CPS,0.030000000000000027,0.975,3.645,2.645,1.0,1.0,4.311666666666666,0.025,0.0
20,COPOC,min-CPS,0.050000000000000044,0.97,3.46,2.46,1.0,1.0,3.659999999999999,0.03,0.0
20,COPOC,min-CPS,0.07999999999999996,0.95,3.08,2.08,1.0,1.0,3.330000000000001,0.05,0.0
20,COPOC,min-CPS,0.09999999999999998,0.9,2.895,1.895,1.0,1.0,3.895,0.1,0.0
20,COPOC,min-CPS,0.13,0.89,2.68,1.68,1.0454545454545454,2.0,3.449230769230769,0.115,0.0
20,COPOC,min-CPS,0.15000000000000002,0.875,2.66,1.66,1.04,2.0,3.393333333333333,0.13,0.0
20,COPOC,min-CPS,0.18000000000000005,0.83,2.575,1.575,1.0588235294117647,2.0,3.574999999999999,0.18,0.0
20,COPOC,min-CPS,0.19999999999999996,0.815,2.5,1.5,1.0810810810810811,2.0,3.5,0.2,0.0
20,COPOC,RPS,0.010000000000000009,1.0,4.37,3.37,,0.0,3.37,0.0,0.0
20,COPOC,RPS,0.020000000000000018,0.985,3.565,2.565,1.0,1.0,4.064999999999999,0.015,0.0
20,COPOC,RPS,0.030000000000000027,0.975,3.275,2.275,1.0,1.0,3.941666666666665,0.025,0.0
20,COPOC,RPS,0.050000000000000044,0.975,3.235,2.235,1.0,1.0,3.2349999999999994,0.025,0.0
20,COPOC,RPS,0.07999999999999996,0.93,2.56,1.56,1.0,1.0,3.310000000000001,0.07,0.0
20,COPOC,RPS,0.09999999999999998,0.92,2.32,1.32,1.0,1.0,2.92,0.08,0.0
20,COPOC,RPS,0.13,0.9,2.16,1.16,1.0,1.0,2.698461538461538,0.1,0.0
20,COPOC,RPS,0.15000000000000002,0.89,2.05,1.05,1.0,1.0,2.5166666666666666,0.11,0.0
20,COPOC,RPS,0.18000000000000005,0.86,1.915,0.915,1.0,1.0,2.470555555555555,0.14,0.0
20,COPOC,RPS,0.19999999999999996,0.835,1.83,0.83,1.0606060606060606,2.0,2.58,0.175,0.0
20,COPOC,OCDF,0.010000000000000009,0.985,4.595,3.595,1.0,1.0,6.594999999999998,0.015,0.0
20,COPOC,OCDF,0.020000000000000018,0.97,3.87,2.87,1.0,1.0,5.869999999999997,0.03,0.0
20,COPOC,OCDF,0.030000000000000027,0.96,3.83,2.83,1.0,1.0,5.496666666666665,0.04,0.0
20,COPOC,OCDF,0.050000000000000044,0.945,3.715,2.715,1.0,1.0,4.914999999999998,0.055,0.0
20,COPOC,OCDF,0.07999999999999996,0.925,3.365,2.365,1.1333333333333333,2.0,4.490000000000001,0.085,0.0
20,COPOC,OCDF,0.09999999999999998,0.915,3.22,2.22,1.1176470588235294,2.0,4.12,0.095,0.0
20,COPOC,OCDF,0.13,0.885,3.04,2.04,1.1304347826086956,2.0,4.04,0.13,0.0
20,COPOC,OCDF,0.15000000000000002,0.85,2.87,1.87,1.1666666666666667,2.0,4.203333333333333,0.175,0.0
20,COPOC,OCDF,0.18000000000000005,0.83,2.715,1.715,1.1470588235294117,2.0,3.8816666666666664,0.195,0.0
20,COPOC,OCDF,0.19999999999999996,0.805,2.555,1.555,1.1282051282051282,2.0,3.755,0.22,0.0
20,COPOC,APS,0.010000000000000009,1.0,4.35,3.35,,0.0,3.35,0.0,0.0
20,COPOC,APS,0.020000000000000018,0.985,4.095,3.095,1.0,1.0,4.594999999999999,0.015,0.0
20,COPOC,APS,0.030000000000000027,0.97,3.87,2.87,1.0,1.0,4.869999999999999,0.03,0.0
20,COPOC,APS,0.050000000000000044,0.96,3.33,2.33,1.125,2.0,4.129999999999998,0.045,0.0
20,COPOC,APS,0.07999999999999996,0.945,3.0,2.0,1.0909090909090908,2.0,3.5000000000000013,0.06,0.0
20,COPOC,APS,0.09999999999999998,0.935,2.8,1.8,1.0769230769230769,2.0,3.2,0.07,0.0
20,COPOC,APS,0.13,0.905,2.6,1.6,1.0526315789473684,2.0,3.138461538461538,0.1,0.0
20,COPOC,APS,0.15000000000000002,0.89,2.49,1.49,1.0454545454545454,2.0,3.023333333333333,0.115,0.0
20,COPOC,APS,0.18000000000000005,0.87,2.18,1.18,1.0769230769230769,2.0,2.7355555555555555,0.14,0.0
20,COPOC,APS,0.19999999999999996,0.855,2.08,1.08,1.103448275862069,2.0,2.68,0.16,0.0
20,COPOC,LAC,0.010000000000000009,1.0,4.48,3.48,,0.0,3.48,0.0,0.0
20,COPOC,LAC,0.020000000000000018,0.99,4.215,3.215,1.0,1.0,4.214999999999999,0.01,0.0
20,COPOC,LAC,0.030000000000000027,0.99,3.955,2.955,1.0,1.0,3.621666666666666,0.01,0.0
20,COPOC,LAC,0.050000000000000044,0.975,3.345,2.345,1.0,1.0,3.3449999999999993,0.025,0.0
20,COPOC,LAC,0.07999999999999996,0.945,2.81,1.81,1.0,1.0,3.185000000000001,0.055,0.0
20,COPOC,LAC,0.09999999999999998,0.945,2.73,1.73,1.0,1.0,2.83,0.055,0.0
20,COPOC,LAC,0.13,0.87,2.15,1.15,1.0769230769230769,2.0,3.303846153846154,0.14,0.0
20,COPOC,LAC,0.15000000000000002,0.855,2.045,1.045,1.0689655172413792,2.0,3.1116666666666664,0.155,0.0
20,COPOC,LAC,0.18000000000000005,0.81,1.815,0.815,1.105263157894737,2.0,3.1483333333333325,0.21,0.0
20,COPOC,LAC,0.19999999999999996,0.8,1.73,0.73,1.1,2.0,2.93,0.22,0.0
21,COPOC,min-CPS,0.010000000000000009,1.0,4.54,3.54,,0.0,3.54,0.0,0.0
21,COPOC,min-CPS,0.020000000000000018,0.995,4.26,3.26,1.0,1.0,3.7599999999999993,0.005,0.0
21,COPOC,min-CPS,0.030000000000000027,0.985,3.785,2.785,1.0,1.0,3.7849999999999993,0.015,0.0
21,COPOC,min-CPS,0.050000000000000044,0.96,3.385,2.385,1.0,1.0,3.984999999999999,0.04,0.0
21,COPOC,min-CPS,0.07999999999999996,0.945,3.125,2.125,1.0,1.0,3.5000000000000013,0.055,0.0
21,COPOC,min-CPS,0.09999999999999998,0.945,2.99,1.99,1.0,1.0,3.09,0.055,0.0
21,COPOC,min-CPS,0.13,0.9,2.71,1.71,1.05,2.0,3.3253846153846154,0.105,0.0
21,COPOC,min-CPS,0.15000000000000002,0.875,2.69,1.69,1.04,2.0,3.4233333333333333,0.13,0.0
21,COPOC,min-CPS,0.18000000000000005,0.835,2.64,1.64,1.0606060606060606,2.0,3.5844444444444434,0.175,0.0
21,COPOC,min-CPS,0.19999999999999996,0.81,2.15,1.15,1.105263157894737,2.0,3.25,0.21,0.0
21,COPOC,RPS,0.010000000000000009,1.0,4.39,3.39,,0.0,3.39,0.0,0.0
21,COPOC,RPS,0.020000000000000018,0.985,3.52,2.52,1.0,1.0,4.019999999999999,0.015,0.0
21,COPOC,RPS,0.030000000000000027,0.965,3.18,2.18,1.0,1.0,4.513333333333332,0.035,0.0
21,COPOC,RPS,0.050000000000000044,0.95,2.975,1.975,1.0,1.0,3.9749999999999983,0.05,0.0
21,COPOC,RPS,0.07999999999999996,0.92,2.535,1.535,1.0,1.0,3.535000000000001,0.08,0.0
21,COPOC,RPS,0.09999999999999998,0.905,2.3,1.3,1.0,1.0,3.2,0.095,0.0
21,COPOC,RPS,0.13,0.87,2.075,1.075,1.0,1.0,3.075,0.13,0.0
21,COPOC,RPS,0.15000000000000002,0.835,1.89,0.89,1.0,1.0,3.09,0.165,0.0
21,COPOC,RPS,0.18000000000000005,0.795,1.74,0.74,1.0731707317073171,2.0,3.184444444444444,0.22,0.0
21,COPOC,RPS,0.19999999999999996,0.76,1.58,0.58,1.0625,2.0,3.130000000000001,0.255,0.0
21,COPOC,OCDF,0.010000000000000009,0.96,3.97,2.97,1.0,1.0,10.969999999999994,0.04,0.0
21,COPOC,OCDF,0.020000000000000018,0.95,3.93,2.93,1.0,1.0,7.929999999999995,0.05,0.0
21,COPOC,OCDF,0.030000000000000027,0.94,3.83,2.83,1.0,1.0,6.829999999999997,0.06,0.0
21,COPOC,OCDF,0.050000000000000044,0.91,3.68,2.68,1.0,1.0,6.279999999999998,0.09,0.0
21,COPOC,OCDF,0.07999999999999996,0.89,3.26,2.26,1.1363636363636365,2.0,5.3850000000000025,0.125,0.0
21,COPOC,OCDF,0.09999999999999998,0.875,3.215,2.215,1.16,2.0,5.115,0.145,0.0
21,COPOC,OCDF,0.13,0.85,2.98,1.98,1.2,2.0,4.749230769230769,0.18,0.0
21,COPOC,OCDF,0.15000000000000002,0.825,2.845,1.845,1.1714285714285715,2.0,4.578333333333332,0.205,0.0
21,COPOC,OCDF,0.18000000000000005,0.765,2.5,1.5,1.148936170212766,2.0,4.499999999999999,0.27,0.0
21,COPOC,OCDF,0.19999999999999996,0.755,2.285,1.285,1.183673469387755,2.0,4.1850000000000005,0.29,0.0
21,COPOC,APS,0.010000000000000009,0.99,4.335,3.335,1.0,1.0,5.334999999999997,0.01,0.0
21,COPOC,APS,0.020000000000000018,0.99,4.265,3.265,1.0,1.0,4.264999999999999,0.01,0.0
21,COPOC,APS,0.030000000000000027,0.99,4.11,3.11,1.0,1.0,3.7766666666666664,0.01,0.0
21,COPOC,APS,0.050000000000000044,0.975,3.46,2.46,1.0,1.0,3.459999999999999,0.025,0.0
21,COPOC,APS,0.07999999999999996,0.925,3.02,2.02,1.0,1.0,3.8950000000000014,0.075,0.0
21,COPOC,APS,0.09999999999999998,0.905,2.74,1.74,1.0,1.0,3.64,0.095,0.0
21,COPOC,APS,0.13,0.89,2.35,1.35,1.0454545454545454,2.0,3.1192307692307693,0.115,0.0
21,COPOC,APS,0.15000000000000002,0.86,2.18,1.18,1.0357142857142858,2.0,3.1133333333333333,0.145,0.0
21,COPOC,APS,0.18000000000000005,0.815,1.965,0.965,1.135135135135135,2.0,3.2983333333333325,0.21,0.0
21,COPOC,APS,0.19999999999999996,0.785,1.77,0.77,1.1627906976744187,2.0,3.27,0.25,0.0
21,COPOC,LAC,0.010000000000000009,1.0,4.505,3.505,,0.0,3.505,0.0,0.0
21,COPOC,LAC,0.020000000000000018,0.99,4.22,3.22,1.0,1.0,4.219999999999999,0.01,0.0
21,COPOC,LAC,0.030000000000000027,0.985,3.89,2.89,1.0,1.0,3.8899999999999992,0.015,0.0
21,COPOC,LAC,0.050000000000000044,0.96,3.36,2.36,1.0,1.0,3.959999999999999,0.04,0.0
21,COPOC,LAC,0.07999999999999996,0.935,2.745,1.745,1.0,1.0,3.370000000000001,0.065,0.0
21,COPOC,LAC,0.09999999999999998,0.91,2.405,1.405,1.0,1.0,3.205,0.09,0.0
21,COPOC,LAC,0.13,0.87,2.175,1.175,1.0769230769230769,2.0,3.3288461538461536,0.14,0.0
21,COPOC,LAC,0.15000000000000002,0.86,2.08,1.08,1.0714285714285714,2.0,3.08,0.15,0.0
21,COPOC,LAC,0.18000000000000005,0.825,1.95,0.95,1.0857142857142856,2.0,3.061111111111111,0.19,0.0
21,COPOC,LAC,0.19999999999999996,0.785,1.745,0.745,1.0930232558139534,2.0,3.095,0.235,0.0
22,COPOC,min-CPS,0.010000000000000009,0.995,4.39,3.39,1.0,1.0,4.389999999999999,0.005,0.0
22,COPOC,min-CPS,0.020000000000000018,0.985,4.15,3.15,1.0,1.0,4.649999999999999,0.015,0.0
22,COPOC,min-CPS,0.030000000000000027,0.975,3.64,2.64,1.0,1.0,4.306666666666666,0.025,0.0
22,COPOC,min-CPS,0.050000000000000044,0.965,3.33,2.33,1.0,1.0,3.7299999999999986,0.035,0.0
22,COPOC,min-CPS,0.07999999999999996,0.95,3.055,2.055,1.1,2.0,3.430000000000001,0.055,0.0
22,COPOC,min-CPS,0.09999999999999998,0.925,2.94,1.94,1.0666666666666667,2.0,3.54,0.08,0.0
22,COPOC,min-CPS,0.13,0.89,2.68,1.68,1.0454545454545454,2.0,3.449230769230769,0.115,0.0
22,COPOC,min-CPS,0.15000000000000002,0.875,2.67,1.67,1.04,2.0,3.4033333333333333,0.13,0.0
22,COPOC,min-CPS,0.18000000000000005,0.81,2.5,1.5,1.0263157894736843,2.0,3.666666666666666,0.195,0.0
22,COPOC,min-CPS,0.19999999999999996,0.81,2.285,1.285,1.0263157894736843,2.0,3.235,0.195,0.0
22,COPOC,RPS,0.010000000000000009,0.995,3.905,2.905,1.0,1.0,3.904999999999999,0.005,0.0
22,COPOC,RPS,0.020000000000000018,0.995,3.725,2.725,1.0,1.0,3.2249999999999996,0.005,0.0
22,COPOC,RPS,0.030000000000000027,0.985,3.5,2.5,1.0,1.0,3.4999999999999996,0.015,0.0
22,COPOC,RPS,0.050000000000000044,0.95,2.935,1.935,1.0,1.0,3.9349999999999983,0.05,0.0
22,COPOC,RPS,0.07999999999999996,0.935,2.57,1.57,1.0769230769230769,2.0,3.320000000000001,0.07,0.0
22,COPOC,RPS,0.09999999999999998,0.915,2.26,1.26,1.0588235294117647,2.0,3.06,0.09,0.0
22,COPOC,RPS,0.13,0.895,2.15,1.15,1.0476190476190477,2.0,2.8423076923076924,0.11,0.0
22,COPOC,RPS,0.15000000000000002,0.875,2.015,1.015,1.04,2.0,2.748333333333333,0.13,0.0
22,COPOC,RPS,0.18000000000000005,0.86,1.895,0.895,1.0357142857142858,2.0,2.5061111111111107,0.145,0.0
22,COPOC,RPS,0.19999999999999996,0.835,1.82,0.82,1.0303030303030303,2.0,2.5200000000000005,0.17,0.0
22,COPOC,OCDF,0.010000000000000009,0.985,4.615,3.615,1.0,1.0,6.6149999999999975,0.015,0.0
22,COPOC,OCDF,0.020000000000000018,0.975,4.135,3.135,1.0,1.0,5.634999999999998,0.025,0.0
22,COPOC,OCDF,0.030000000000000027,0.965,3.915,2.915,1.0,1.0,5.248333333333332,0.035,0.0
22,COPOC,OCDF,0.050000000000000044,0.925,3.655,2.655,1.0,1.0,5.654999999999998,0.075,0.0
22,COPOC,OCDF,0.07999999999999996,0.895,3.245,2.245,1.0952380952380953,2.0,5.120000000000002,0.115,0.0
22,COPOC,OCDF,0.09999999999999998,0.855,3.055,2.055,1.103448275862069,2.0,5.255,0.16,0.0
22,COPOC,OCDF,0.13,0.79,2.77,1.77,1.119047619047619,2.0,5.385384615384615,0.235,0.0
22,COPOC,OCDF,0.15000000000000002,0.775,2.615,1.615,1.1111111111111112,2.0,4.948333333333332,0.25,0.0
22,COPOC,OCDF,0.18000000000000005,0.73,2.29,1.29,1.1481481481481481,2.0,4.734444444444444,0.31,0.0
22,COPOC,OCDF,0.19999999999999996,0.73,2.24,1.24,1.1481481481481481,2.0,4.34,0.31,0.0
22,COPOC,APS,0.010000000000000009,0.99,4.205,3.205,1.0,1.0,5.204999999999997,0.01,0.0
22,COPOC,APS,0.020000000000000018,0.99,3.99,2.99,1.0,1.0,3.989999999999999,0.01,0.0
22,COPOC,APS,0.030000000000000027,0.98,3.795,2.795,1.0,1.0,4.128333333333333,0.02,0.0
22,COPOC,APS,0.050000000000000044,0.955,3.24,2.24,1.1111111111111112,2.0,4.239999999999998,0.05,0.0
22,COPOC,APS,0.07999999999999996,0.935,3.05,2.05,1.0769230769230769,2.0,3.800000000000001,0.07,0.0
22,COPOC,APS,0.09999999999999998,0.9,2.785,1.785,1.05,2.0,3.885,0.105,0.0
22,COPOC,APS,0.13,0.865,2.265,1.265,1.0740740740740742,2.0,3.4957692307692305,0.145,0.0
22,COPOC,APS,0.15000000000000002,0.81,2.04,1.04,1.0789473684210527,2.0,3.773333333333333,0.205,0.0
22,COPOC,APS,0.18000000000000005,0.78,1.835,0.835,1.1136363636363635,2.0,3.557222222222222,0.245,0.0
22,COPOC,APS,0.19999999999999996,0.765,1.71,0.71,1.1063829787234043,2.0,3.31,0.26,0.0
22,COPOC,LAC,0.010000000000000009,0.995,4.345,3.345,1.0,1.0,4.344999999999999,0.005,0.0
22,COPOC,LAC,0.020000000000000018,0.985,4.145,3.145,1.0,1.0,4.644999999999999,0.015,0.0
22,COPOC,LAC,0.030000000000000027,0.965,3.655,2.655,1.0,1.0,4.988333333333332,0.035,0.0
22,COPOC,LAC,0.050000000000000044,0.955,3.105,2.105,1.0,1.0,3.9049999999999985,0.045,0.0
22,COPOC,LAC,0.07999999999999996,0.925,2.69,1.69,1.0666666666666667,2.0,3.6900000000000013,0.08,0.0
22,COPOC,LAC,0.09999999999999998,0.91,2.41,1.41,1.0555555555555556,2.0,3.31,0.095,0.0
22,COPOC,LAC,0.13,0.895,2.3,1.3,1.0476190476190477,2.0,2.9923076923076923,0.11,0.0
22,COPOC,LAC,0.15000000000000002,0.885,2.215,1.215,1.0434782608695652,2.0,2.815,0.12,0.0
22,COPOC,LAC,0.18000000000000005,0.85,2.005,1.005,1.0666666666666667,2.0,2.782777777777777,0.16,0.0
22,COPOC,LAC,0.19999999999999996,0.81,1.745,0.745,1.0526315789473684,2.0,2.745,0.2,0.0
23,COPOC,min-CPS,0.010000000000000009,0.995,4.405,3.405,1.0,1.0,4.4049999999999985,0.005,0.0
23,COPOC,min-CPS,0.020000000000000018,0.985,4.155,3.155,1.0,1.0,4.6549999999999985,0.015,0.0
23,COPOC,min-CPS,0.030000000000000027,0.97,3.51,2.51,1.0,1.0,4.509999999999999,0.03,0.0
23,COPOC,min-CPS,0.050000000000000044,0.925,3.085,2.085,1.0666666666666667,2.0,5.2849999999999975,0.08,0.0
23,COPOC,min-CPS,0.07999999999999996,0.89,2.86,1.86,1.0454545454545454,2.0,4.735000000000001,0.115,0.0
23,COPOC,min-CPS,0.09999999999999998,0.885,2.835,1.835,1.0434782608695652,2.0,4.235,0.12,0.0
23,COPOC,min-CPS,0.13,0.86,2.67,1.67,1.0357142857142858,2.0,3.9007692307692308,0.145,0.0
23,COPOC,min-CPS,0.15000000000000002,0.855,2.63,1.63,1.0344827586206897,2.0,3.63,0.15,0.0
23,COPOC,min-CPS,0.18000000000000005,0.79,2.48,1.48,1.0714285714285714,2.0,3.9799999999999995,0.225,0.0
23,COPOC,min-CPS,0.19999999999999996,0.77,2.03,1.03,1.0869565217391304,2.0,3.53,0.25,0.0
23,COPOC,RPS,0.010000000000000009,0.995,3.885,2.885,1.0,1.0,3.884999999999999,0.005,0.0
23,COPOC,RPS,0.020000000000000018,0.99,3.515,2.515,1.0,1.0,3.514999999999999,0.01,0.0
23,COPOC,RPS,0.030000000000000027,0.95,3.035,2.035,1.0,1.0,5.3683333333333305,0.05,0.0
23,COPOC,RPS,0.050000000000000044,0.925,2.715,1.715,1.0,1.0,4.714999999999998,0.075,0.0
23,COPOC,RPS,0.07999999999999996,0.905,2.395,1.395,1.0526315789473684,2.0,3.8950000000000014,0.1,0.0
23,COPOC,RPS,0.09999999999999998,0.87,2.2,1.2,1.0384615384615385,2.0,3.9,0.135,0.0
23,COPOC,RPS,0.13,0.85,2.015,1.015,1.0333333333333334,2.0,3.399615384615384,0.155,0.0
23,COPOC,RPS,0.15000000000000002,0.8,1.83,0.83,1.05,2.0,3.63,0.21,0.0
23,COPOC,RPS,0.18000000000000005,0.78,1.725,0.725,1.0681818181818181,2.0,3.336111111111111,0.235,0.0
23,COPOC,RPS,0.19999999999999996,0.765,1.605,0.605,1.0638297872340425,2.0,3.105,0.25,0.0
23,COPOC,OCDF,0.010000000000000009,1.0,4.91,3.91,,0.0,3.91,0.0,0.0
23,COPOC,OCDF,0.020000000000000018,0.975,4.23,3.23,1.0,1.0,5.729999999999998,0.025,0.0
23,COPOC,OCDF,0.030000000000000027,0.975,3.98,2.98,1.0,1.0,4.646666666666666,0.025,0.0
23,COPOC,OCDF,0.050000000000000044,0.965,3.85,2.85,1.0,1.0,4.249999999999999,0.035,0.0
23,COPOC,OCDF,0.07999999999999996,0.895,3.315,2.315,1.0476190476190477,2.0,5.065000000000002,0.11,0.0
23,COPOC,OCDF,0.09999999999999998,0.88,3.23,2.23,1.0833333333333333,2.0,4.83,0.13,0.0
23,COPOC,OCDF,0.13,0.865,3.06,2.06,1.1481481481481481,2.0,4.444615384615385,0.155,0.0
23,COPOC,OCDF,0.15000000000000002,0.85,2.99,1.99,1.1333333333333333,2.0,4.256666666666666,0.17,0.0
23,COPOC,OCDF,0.18000000000000005,0.83,2.835,1.835,1.1470588235294117,2.0,4.001666666666666,0.195,0.0
23,COPOC,OCDF,0.19999999999999996,0.81,2.66,1.66,1.131578947368421,2.0,3.81,0.215,0.0
23,COPOC,APS,0.010000000000000009,0.995,4.16,3.16,1.0,1.0,4.159999999999999,0.005,0.0
23,COPOC,APS,0.020000000000000018,0.995,3.965,2.965,1.0,1.0,3.4649999999999994,0.005,0.0
23,COPOC,APS,0.030000000000000027,0.91,2.995,1.995,1.0555555555555556,2.0,8.328333333333328,0.095,0.0
23,COPOC,APS,0.050000000000000044,0.9,2.845,1.845,1.05,2.0,6.044999999999996,0.105,0.0
23,COPOC,APS,0.07999999999999996,0.875,2.645,1.645,1.04,2.0,4.895000000000001,0.13,0.0
23,COPOC,APS,0.09999999999999998,0.86,2.515,1.515,1.0357142857142858,2.0,4.415,0.145,0.0
23,COPOC,APS,0.13,0.85,2.345,1.345,1.0333333333333334,2.0,3.7296153846153843,0.155,0.0
23,COPOC,APS,0.15000000000000002,0.845,2.275,1.275,1.032258064516129,2.0,3.408333333333333,0.16,0.0
23,COPOC,APS,0.18000000000000005,0.785,1.84,0.84,1.069767441860465,2.0,3.3955555555555548,0.23,0.0
23,COPOC,APS,0.19999999999999996,0.78,1.775,0.775,1.0681818181818181,2.0,3.125,0.235,0.0
23,COPOC,LAC,0.010000000000000009,0.995,4.34,3.34,1.0,1.0,4.339999999999999,0.005,0.0
23,COPOC,LAC,0.020000000000000018,0.995,4.2,3.2,1.0,1.0,3.6999999999999993,0.005,0.0
23,COPOC,LAC,0.030000000000000027,0.96,3.51,2.51,1.0,1.0,5.176666666666665,0.04,0.0
23,COPOC,LAC,0.050000000000000044,0.94,2.92,1.92,1.0,1.0,4.319999999999998,0.06,0.0
23,COPOC,LAC,0.07999999999999996,0.91,2.65,1.65,1.0555555555555556,2.0,4.025000000000001,0.095,0.0
23,COPOC,LAC,0.09999999999999998,0.87,2.29,1.29,1.0769230769230769,2.0,4.09,0.14,0.0
23,COPOC,LAC,0.13,0.845,2.09,1.09,1.064516129032258,2.0,3.628461538461538,0.165,0.0
23,COPOC,LAC,0.15000000000000002,0.825,1.97,0.97,1.0857142857142856,2.0,3.503333333333333,0.19,0.0
23,COPOC,LAC,0.18000000000000005,0.825,1.93,0.93,1.0857142857142856,2.0,3.041111111111111,0.19,0.0
23,COPOC,LAC,0.19999999999999996,0.81,1.73,0.73,1.0789473684210527,2.0,2.78,0.205,0.0
24,COPOC,min-CPS,0.010000000000000009,1.0,4.47,3.47,,0.0,3.47,0.0,0.0
24,COPOC,min-CPS,0.020000000000000018,0.975,3.73,2.73,1.0,1.0,5.229999999999998,0.025,0.0
24,COPOC,min-CPS,0.030000000000000027,0.97,3.49,2.49,1.0,1.0,4.489999999999998,0.03,0.0
24,COPOC,min-CPS,0.050000000000000044,0.935,3.14,2.14,1.0,1.0,4.7399999999999975,0.065,0.0
24,COPOC,min-CPS,0.07999999999999996,0.895,2.86,1.86,1.0,1.0,4.485000000000001,0.105,0.0
24,COPOC,min-CPS,0.09999999999999998,0.89,2.825,1.825,1.0,1.0,4.025,0.11,0.0
24,COPOC,min-CPS,0.13,0.865,2.68,1.68,1.037037037037037,2.0,3.8338461538461543,0.14,0.0
24,COPOC,min-CPS,0.15000000000000002,0.855,2.63,1.63,1.0344827586206897,2.0,3.63,0.15,0.0
24,COPOC,min-CPS,0.18000000000000005,0.82,2.54,1.54,1.0555555555555556,2.0,3.6511111111111108,0.19,0.0
24,COPOC,min-CPS,0.19999999999999996,0.76,1.99,0.99,1.0833333333333333,2.0,3.59,0.26,0.0
24,COPOC,RPS,0.010000000000000009,1.0,4.305,3.305,,0.0,3.305,0.0,0.0
24,COPOC,RPS,0.020000000000000018,0.965,3.24,2.24,1.0,1.0,5.739999999999997,0.035,0.0
24,COPOC,RPS,0.030000000000000027,0.965,3.21,2.21,1.0,1.0,4.543333333333331,0.035,0.0
24,COPOC,RPS,0.050000000000000044,0.935,2.705,1.705,1.0,1.0,4.304999999999998,0.065,0.0
24,COPOC,RPS,0.07999999999999996,0.915,2.465,1.465,1.0,1.0,3.590000000000001,0.085,0.0
24,COPOC,RPS,0.09999999999999998,0.905,2.245,1.245,1.0,1.0,3.145,0.095,0.0
24,COPOC,RPS,0.13,0.86,2.02,1.02,1.0,1.0,3.1738461538461538,0.14,0.0
24,COPOC,RPS,0.15000000000000002,0.835,1.905,0.905,1.0,1.0,3.105,0.165,0.0
24,COPOC,RPS,0.18000000000000005,0.82,1.82,0.82,1.0555555555555556,2.0,2.93111111111111,0.19,0.0
24,COPOC,RPS,0.19999999999999996,0.805,1.775,0.775,1.0769230769230769,2.0,2.875,0.21,0.0
24,COPOC,OCDF,0.010000000000000009,1.0,4.915,3.915,,0.0,3.915,0.0,0.0
24,COPOC,OCDF,0.020000000000000018,0.995,4.65,3.65,1.0,1.0,4.1499999999999995,0.005,0.0
24,COPOC,OCDF,0.030000000000000027,0.985,4.17,3.17,1.0,1.0,4.169999999999999,0.015,0.0
24,COPOC,OCDF,0.050000000000000044,0.96,3.77,2.77,1.0,1.0,4.369999999999999,0.04,0.0
24,COPOC,OCDF,0.07999999999999996,0.935,3.425,2.425,1.0769230769230769,2.0,4.175000000000001,0.07,0.0
24,COPOC,OCDF,0.09999999999999998,0.905,3.17,2.17,1.0526315789473684,2.0,4.17,0.1,0.0
24,COPOC,OCDF,0.13,0.865,2.945,1.945,1.0740740740740742,2.0,4.175769230769231,0.145,0.0
24,COPOC,OCDF,0.15000000000000002,0.845,2.815,1.815,1.064516129032258,2.0,4.015,0.165,0.0
24,COPOC,OCDF,0.18000000000000005,0.825,2.695,1.695,1.0857142857142856,2.0,3.806111111111111,0.19,0.0
24,COPOC,OCDF,0.19999999999999996,0.73,2.165,1.165,1.0925925925925926,2.0,4.115,0.295,0.0
24,COPOC,APS,0.010000000000000009,0.995,4.44,3.44,1.0,1.0,4.439999999999999,0.005,0.0
24,COPOC,APS,0.020000000000000018,0.975,3.88,2.88,1.0,1.0,5.379999999999998,0.025,0.0
24,COPOC,APS,0.030000000000000027,0.965,3.625,2.625,1.0,1.0,4.958333333333332,0.035,0.0
24,COPOC,APS,0.050000000000000044,0.955,3.135,2.135,1.1111111111111112,2.0,4.134999999999999,0.05,0.0
24,COPOC,APS,0.07999999999999996,0.9,2.755,1.755,1.05,2.0,4.380000000000001,0.105,0.0
24,COPOC,APS,0.09999999999999998,0.885,2.56,1.56,1.0434782608695652,2.0,3.96,0.12,0.0
24,COPOC,APS,0.13,0.85,2.29,1.29,1.0333333333333334,2.0,3.6746153846153846,0.155,0.0
24,COPOC,APS,0.15000000000000002,0.84,2.235,1.235,1.03125,2.0,3.435,0.165,0.0
24,COPOC,APS,0.18000000000000005,0.775,1.895,0.895,1.0666666666666667,2.0,3.5616666666666656,0.24,0.0
24,COPOC,APS,0.19999999999999996,0.755,1.755,0.755,1.0612244897959184,2.0,3.355,0.26,0.0
24,COPOC,LAC,0.010000000000000009,1.0,4.415,3.415,,0.0,3.415,0.0,0.0
24,COPOC,LAC,0.020000000000000018,0.98,3.895,2.895,1.0,1.0,4.894999999999999,0.02,0.0
24,COPOC,LAC,0.030000000000000027,0.97,3.765,2.765,1.0,1.0,4.764999999999999,0.03,0.0
24,COPOC,LAC,0.050000000000000044,0.93,2.835,1.835,1.0,1.0,4.634999999999998,0.07,0.0
24,COPOC,LAC,0.07999999999999996,0.9,2.555,1.555,1.0,1.0,4.0550000000000015,0.1,0.0
24,COPOC,LAC,0.09999999999999998,0.88,2.31,1.31,1.0416666666666667,2.0,3.81,0.125,0.0
24,COPOC,LAC,0.13,0.835,2.1,1.1,1.0303030303030303,2.0,3.7153846153846155,0.17,0.0
24,COPOC,LAC,0.15000000000000002,0.835,2.005,1.005,1.0606060606060606,2.0,3.338333333333333,0.175,0.0
24,COPOC,LAC,0.18000000000000005,0.825,1.955,0.955,1.0571428571428572,2.0,3.010555555555555,0.185,0.0
24,COPOC,LAC,0.19999999999999996,0.78,1.735,0.735,1.0681818181818181,2.0,3.085,0.235,0.0
25,COPOC,min-CPS,0.010000000000000009,0.995,4.4,3.4,1.0,1.0,4.399999999999999,0.005,0.0
25,COPOC,min-CPS,0.020000000000000018,0.995,4.25,3.25,1.0,1.0,3.7499999999999996,0.005,0.0
25,COPOC,min-CPS,0.030000000000000027,0.995,4.2,3.2,1.0,1.0,3.533333333333333,0.005,0.0
25,COPOC,min-CPS,0.050000000000000044,0.965,3.365,2.365,1.0,1.0,3.764999999999999,0.035,0.0
25,COPOC,min-CPS,0.07999999999999996,0.9,2.955,1.955,1.05,2.0,4.580000000000001,0.105,0.0
25,COPOC,min-CPS,0.09999999999999998,0.885,2.86,1.86,1.0434782608695652,2.0,4.26,0.12,0.0
25,COPOC,min-CPS,0.13,0.865,2.705,1.705,1.037037037037037,2.0,3.8588461538461543,0.14,0.0
25,COPOC,min-CPS,0.15000000000000002,0.87,2.705,1.705,1.0384615384615385,2.0,3.505,0.135,0.0
25,COPOC,min-CPS,0.18000000000000005,0.85,2.64,1.64,1.0666666666666667,2.0,3.4177777777777774,0.16,0.0
25,COPOC,min-CPS,0.19999999999999996,0.79,2.125,1.125,1.0714285714285714,2.0,3.375,0.225,0.0
25,COPOC,RPS,0.010000000000000009,0.995,3.915,2.915,1.0,1.0,3.9149999999999987,0.005,0.0
25,COPOC,RPS,0.020000000000000018,0.99,3.555,2.555,1.0,1.0,3.554999999999999,0.01,0.0
25,COPOC,RPS,0.030000000000000027,0.985,3.48,2.48,1.0,1.0,3.4799999999999986,0.015,0.0
25,COPOC,RPS,0.050000000000000044,0.955,2.94,1.94,1.0,1.0,3.739999999999999,0.045,0.0
25,COPOC,RPS,0.07999999999999996,0.94,2.675,1.675,1.0833333333333333,2.0,3.300000000000001,0.065,0.0
25,COPOC,RPS,0.09999999999999998,0.91,2.27,1.27,1.0555555555555556,2.0,3.17,0.095,0.0
25,COPOC,RPS,0.13,0.865,2.025,1.025,1.037037037037037,2.0,3.1788461538461537,0.14,0.0
25,COPOC,RPS,0.15000000000000002,0.85,1.985,0.985,1.0333333333333334,2.0,3.0516666666666663,0.155,0.0
25,COPOC,RPS,0.18000000000000005,0.82,1.83,0.83,1.0555555555555556,2.0,2.941111111111111,0.19,0.0
25,COPOC,RPS,0.19999999999999996,0.805,1.765,0.765,1.0769230769230769,2.0,2.865,0.21,0.0
25,COPOC,OCDF,0.010000000000000009,0.995,4.89,3.89,1.0,1.0,4.889999999999999,0.005,0.0
25,COPOC,OCDF,0.020000000000000018,0.985,4.36,3.36,1.0,1.0,4.8599999999999985,0.015,0.0
25,COPOC,OCDF,0.030000000000000027,0.975,4.025,3.025,1.0,1.0,4.6916666666666655,0.025,0.0
25,COPOC,OCDF,0.050000000000000044,0.965,3.88,2.88,1.0,1.0,4.2799999999999985,0.035,0.0
25,COPOC,OCDF,0.07999999999999996,0.945,3.69,2.69,1.0,1.0,4.065000000000001,0.055,0.0
25,COPOC,OCDF,0.09999999999999998,0.945,3.45,2.45,1.1818181818181819,2.0,3.75,0.065,0.0
25,COPOC,OCDF,0.13,0.93,3.25,2.25,1.1428571428571428,2.0,3.480769230769231,0.08,0.0
25,COPOC,OCDF,0.15000000000000002,0.9,3.11,2.11,1.1,2.0,3.576666666666666,0.11,0.0
25,COPOC,OCDF,0.18000000000000005,0.87,2.885,1.885,1.1153846153846154,2.0,3.496111111111111,0.145,0.0
25,COPOC,OCDF,0.19999999999999996,0.87,2.85,1.85,1.1153846153846154,2.0,3.3,0.145,0.0
25,COPOC,APS,0.010000000000000009,0.99,4.38,3.38,1.0,1.0,5.379999999999998,0.01,0.0
25,COPOC,APS,0.020000000000000018,0.985,4.17,3.17,1.0,1.0,4.669999999999999,0.015,0.0
25,COPOC,APS,0.030000000000000027,0.985,3.895,2.895,1.0,1.0,3.8949999999999996,0.015,0.0
25,COPOC,APS,0.050000000000000044,0.96,3.33,2.33,1.125,2.0,4.129999999999999,0.045,0.0
25,COPOC,APS,0.07999999999999996,0.895,2.715,1.715,1.0476190476190477,2.0,4.465000000000001,0.11,0.0
25,COPOC,APS,0.09999999999999998,0.88,2.64,1.64,1.0416666666666667,2.0,4.14,0.125,0.0
25,COPOC,APS,0.13,0.865,2.41,1.41,1.037037037037037,2.0,3.5638461538461534,0.14,0.0
25,COPOC,APS,0.15000000000000002,0.845,2.255,1.255,1.032258064516129,2.0,3.388333333333333,0.16,0.0
25,COPOC,APS,0.18000000000000005,0.825,2.115,1.115,1.0571428571428572,2.0,3.1705555555555556,0.185,0.0
25,COPOC,APS,0.19999999999999996,0.815,2.02,1.02,1.054054054054054,2.0,2.97,0.195,0.0
25,COPOC,LAC,0.010000000000000009,0.995,4.365,3.365,1.0,1.0,4.364999999999998,0.005,0.0
25,COPOC,LAC,0.020000000000000018,0.995,4.23,3.23,1.0,1.0,3.7299999999999995,0.005,0.0
25,COPOC,LAC,0.030000000000000027,0.995,4.2,3.2,1.0,1.0,3.533333333333333,0.005,0.0
25,COPOC,LAC,0.050000000000000044,0.94,2.93,1.93,1.0,1.0,4.329999999999998,0.06,0.0
25,COPOC,LAC,0.07999999999999996,0.915,2.685,1.685,1.0588235294117647,2.0,3.935000000000001,0.09,0.0
25,COPOC,LAC,0.09999999999999998,0.885,2.345,1.345,1.0869565217391304,2.0,3.845,0.125,0.0
25,COPOC,LAC,0.13,0.865,2.19,1.19,1.0740740740740742,2.0,3.4207692307692303,0.145,0.0
25,COPOC,LAC,0.15000000000000002,0.85,2.1,1.1,1.0666666666666667,2.0,3.233333333333333,0.16,0.0
25,COPOC,LAC,0.18000000000000005,0.815,1.94,0.94,1.0810810810810811,2.0,3.162222222222222,0.2,0.0
25,COPOC,LAC,0.19999999999999996,0.78,1.71,0.71,1.0681818181818181,2.0,3.06,0.235,0.0
26,COPOC,min-CPS,0.010000000000000009,0.99,4.25,3.25,1.0,1.0,5.249999999999997,0.01,0.0
26,COPOC,min-CPS,0.020000000000000018,0.98,3.97,2.97,1.0,1.0,4.969999999999998,0.02,0.0
26,COPOC,min-CPS,0.030000000000000027,0.98,3.735,2.735,1.0,1.0,4.0683333333333325,0.02,0.0
26,COPOC,min-CPS,0.050000000000000044,0.945,3.355,2.355,1.0,1.0,4.554999999999999,0.055,0.0
26,COPOC,min-CPS,0.07999999999999996,0.94,3.09,2.09,1.0833333333333333,2.0,3.715000000000001,0.065,0.0
26,COPOC,min-CPS,0.09999999999999998,0.94,3.0,2.0,1.0833333333333333,2.0,3.3,0.065,0.0
26,COPOC,min-CPS,0.13,0.9,2.68,1.68,1.1,2.0,3.3723076923076922,0.11,0.0
26,COPOC,min-CPS,0.15000000000000002,0.885,2.67,1.67,1.0869565217391304,2.0,3.3366666666666664,0.125,0.0
26,COPOC,min-CPS,0.18000000000000005,0.84,2.595,1.595,1.0625,2.0,3.483888888888888,0.17,0.0
26,COPOC,min-CPS,0.19999999999999996,0.83,2.515,1.515,1.0588235294117647,2.0,3.315,0.18,0.0
26,COPOC,RPS,0.010000000000000009,0.99,3.815,2.815,1.0,1.0,4.814999999999999,0.01,0.0
26,COPOC,RPS,0.020000000000000018,0.985,3.515,2.515,1.0,1.0,4.014999999999999,0.015,0.0
26,COPOC,RPS,0.030000000000000027,0.965,3.195,2.195,1.0,1.0,4.5283333333333315,0.035,0.0
26,COPOC,RPS,0.050000000000000044,0.95,2.96,1.96,1.0,1.0,3.959999999999999,0.05,0.0
26,COPOC,RPS,0.07999999999999996,0.93,2.6,1.6,1.0714285714285714,2.0,3.475000000000001,0.075,0.0
26,COPOC,RPS,0.09999999999999998,0.925,2.385,1.385,1.0666666666666667,2.0,2.985,0.08,0.0
26,COPOC,RPS,0.13,0.905,2.195,1.195,1.0526315789473684,2.0,2.733461538461538,0.1,0.0
26,COPOC,RPS,0.15000000000000002,0.855,1.995,0.995,1.0344827586206897,2.0,2.995,0.15,0.0
26,COPOC,RPS,0.18000000000000005,0.845,1.88,0.88,1.032258064516129,2.0,2.657777777777777,0.16,0.0
26,COPOC,RPS,0.19999999999999996,0.83,1.79,0.79,1.0588235294117647,2.0,2.59,0.18,0.0
26,COPOC,OCDF,0.010000000000000009,0.99,4.685,3.685,1.0,1.0,5.684999999999998,0.01,0.0
26,COPOC,OCDF,0.020000000000000018,0.99,4.545,3.545,1.0,1.0,4.544999999999999,0.01,0.0
26,COPOC,OCDF,0.030000000000000027,0.99,4.325,3.325,1.0,1.0,3.9916666666666663,0.01,0.0
26,COPOC,OCDF,0.050000000000000044,0.925,3.66,2.66,1.0,1.0,5.6599999999999975,0.075,0.0
26,COPOC,OCDF,0.07999999999999996,0.905,3.29,2.29,1.0526315789473684,2.0,4.790000000000002,0.1,0.0
26,COPOC,OCDF,0.09999999999999998,0.9,3.22,2.22,1.05,2.0,4.32,0.105,0.0
26,COPOC,OCDF,0.13,0.89,3.085,2.085,1.0909090909090908,2.0,3.931153846153846,0.12,0.0
26,COPOC,OCDF,0.15000000000000002,0.855,2.935,1.935,1.0689655172413792,2.0,4.001666666666666,0.155,0.0
26,COPOC,OCDF,0.18000000000000005,0.84,2.8,1.8,1.0625,2.0,3.688888888888888,0.17,0.0
26,COPOC,OCDF,0.19999999999999996,0.77,2.4,1.4,1.0869565217391304,2.0,3.9,0.25,0.0
26,COPOC,APS,0.010000000000000009,0.995,4.355,3.355,1.0,1.0,4.354999999999999,0.005,0.0
26,COPOC,APS,0.020000000000000018,0.985,3.885,2.885,1.0,1.0,4.384999999999999,0.015,0.0
26,COPOC,APS,0.030000000000000027,0.975,3.715,2.715,1.2,2.0,4.714999999999998,0.03,0.0
26,COPOC,APS,0.050000000000000044,0.955,3.335,2.335,1.1111111111111112,2.0,4.334999999999998,0.05,0.0
26,COPOC,APS,0.07999999999999996,0.94,3.095,2.095,1.0833333333333333,2.0,3.720000000000001,0.065,0.0
26,COPOC,APS,0.09999999999999998,0.935,2.875,1.875,1.0769230769230769,2.0,3.275,0.07,0.0
26,COPOC,APS,0.13,0.92,2.64,1.64,1.0625,2.0,2.9476923076923076,0.085,0.0
26,COPOC,APS,0.15000000000000002,0.905,2.445,1.445,1.105263157894737,2.0,2.845,0.105,0.0
26,COPOC,APS,0.18000000000000005,0.885,2.22,1.22,1.0869565217391304,2.0,2.608888888888888,0.125,0.0
26,COPOC,APS,0.19999999999999996,0.85,2.015,1.015,1.1,2.0,2.665,0.165,0.0
26,COPOC,LAC,0.010000000000000009,0.985,4.22,3.22,1.0,1.0,6.219999999999998,0.015,0.0
26,COPOC,LAC,0.020000000000000018,0.975,3.85,2.85,1.0,1.0,5.349999999999998,0.025,0.0
26,COPOC,LAC,0.030000000000000027,0.965,3.745,2.745,1.0,1.0,5.078333333333332,0.035,0.0
26,COPOC,LAC,0.050000000000000044,0.955,3.175,2.175,1.0,1.0,3.9749999999999988,0.045,0.0
26,COPOC,LAC,0.07999999999999996,0.95,2.865,1.865,1.1,2.0,3.2400000000000007,0.055,0.0
26,COPOC,LAC,0.09999999999999998,0.915,2.505,1.505,1.0588235294117647,2.0,3.305,0.09,0.0
26,COPOC,LAC,0.13,0.895,2.26,1.26,1.0952380952380953,2.0,3.029230769230769,0.115,0.0
26,COPOC,LAC,0.15000000000000002,0.865,2.105,1.105,1.1111111111111112,2.0,3.105,0.15,0.0
26,COPOC,LAC,0.18000000000000005,0.83,1.935,0.935,1.088235294117647,2.0,2.990555555555555,0.185,0.0
26,COPOC,LAC,0.19999999999999996,0.825,1.805,0.805,1.1142857142857143,2.0,2.755,0.195,0.0
27,COPOC,min-CPS,0.010000000000000009,0.985,4.22,3.22,1.0,1.0,6.219999999999998,0.015,0.0
27,COPOC,min-CPS,0.020000000000000018,0.97,3.69,2.69,1.0,1.0,5.689999999999998,0.03,0.0
27,COPOC,min-CPS,0.030000000000000027,0.955,3.465,2.465,1.0,1.0,5.464999999999998,0.045,0.0
27,COPOC,min-CPS,0.050000000000000044,0.94,3.31,2.31,1.0,1.0,4.709999999999998,0.06,0.0
27,COPOC,min-CPS,0.07999999999999996,0.92,2.94,1.94,1.125,2.0,4.190000000000001,0.09,0.0
27,COPOC,min-CPS,0.09999999999999998,0.885,2.81,1.81,1.0869565217391304,2.0,4.31,0.125,0.0
27,COPOC,min-CPS,0.13,0.87,2.655,1.655,1.1153846153846154,2.0,3.88576923076923,0.145,0.0
27,COPOC,min-CPS,0.15000000000000002,0.855,2.63,1.63,1.103448275862069,2.0,3.7633333333333328,0.16,0.0
27,COPOC,min-CPS,0.18000000000000005,0.79,2.43,1.43,1.0952380952380953,2.0,3.9855555555555555,0.23,0.0
27,COPOC,min-CPS,0.19999999999999996,0.82,2.115,1.115,1.1666666666666667,2.0,3.215,0.21,0.0
27,COPOC,RPS,0.010000000000000009,0.975,3.515,2.515,1.0,1.0,7.514999999999995,0.025,0.0
27,COPOC,RPS,0.020000000000000018,0.975,3.455,2.455,1.0,1.0,4.954999999999997,0.025,0.0
27,COPOC,RPS,0.030000000000000027,0.95,3.03,2.03,1.0,1.0,5.363333333333331,0.05,0.0
27,COPOC,RPS,0.050000000000000044,0.92,2.69,1.69,1.0,1.0,4.889999999999997,0.08,0.0
27,COPOC,RPS,0.07999999999999996,0.895,2.325,1.325,1.0952380952380953,2.0,4.200000000000001,0.115,0.0
27,COPOC,RPS,0.09999999999999998,0.875,2.195,1.195,1.08,2.0,3.895,0.135,0.0
27,COPOC,RPS,0.13,0.87,2.07,1.07,1.0769230769230769,2.0,3.2238461538461536,0.14,0.0
27,COPOC,RPS,0.15000000000000002,0.85,1.985,0.985,1.0666666666666667,2.0,3.1183333333333327,0.16,0.0
27,COPOC,RPS,0.18000000000000005,0.79,1.755,0.755,1.0952380952380953,2.0,3.310555555555555,0.23,0.0
27,COPOC,RPS,0.19999999999999996,0.775,1.65,0.65,1.0888888888888888,2.0,3.1000000000000005,0.245,0.0
27,COPOC,OCDF,0.010000000000000009,0.98,4.555,3.555,1.0,1.0,7.554999999999996,0.02,0.0
27,COPOC,OCDF,0.020000000000000018,0.965,3.95,2.95,1.0,1.0,6.449999999999997,0.035,0.0
27,COPOC,OCDF,0.030000000000000027,0.96,3.94,2.94,1.0,1.0,5.606666666666666,0.04,0.0
27,COPOC,OCDF,0.050000000000000044,0.905,3.49,2.49,1.1578947368421053,2.0,6.889999999999995,0.11,0.0
27,COPOC,OCDF,0.07999999999999996,0.89,3.26,2.26,1.1363636363636365,2.0,5.3850000000000025,0.125,0.0
27,COPOC,OCDF,0.09999999999999998,0.88,3.205,2.205,1.125,2.0,4.905,0.135,0.0
27,COPOC,OCDF,0.13,0.86,3.045,2.045,1.1785714285714286,2.0,4.583461538461538,0.165,0.0
27,COPOC,OCDF,0.15000000000000002,0.855,2.97,1.97,1.1724137931034482,2.0,4.236666666666666,0.17,0.0
27,COPOC,OCDF,0.18000000000000005,0.82,2.74,1.74,1.1388888888888888,2.0,4.017777777777777,0.205,0.0
27,COPOC,OCDF,0.19999999999999996,0.81,2.645,1.645,1.131578947368421,2.0,3.795,0.215,0.0
27,COPOC,APS,0.010000000000000009,0.985,3.965,2.965,1.0,1.0,5.964999999999998,0.015,0.0
27,COPOC,APS,0.020000000000000018,0.985,3.895,2.895,1.0,1.0,4.394999999999999,0.015,0.0
27,COPOC,APS,0.030000000000000027,0.965,3.65,2.65,1.1428571428571428,2.0,5.3166666666666655,0.04,0.0
27,COPOC,APS,0.050000000000000044,0.94,3.215,2.215,1.1666666666666667,2.0,5.014999999999998,0.07,0.0
27,COPOC,APS,0.07999999999999996,0.86,2.415,1.415,1.1428571428571428,2.0,5.415000000000003,0.16,0.0
27,COPOC,APS,0.09999999999999998,0.825,2.28,1.28,1.1142857142857143,2.0,5.1800000000000015,0.195,0.0
27,COPOC,APS,0.13,0.82,2.17,1.17,1.1111111111111112,2.0,4.246923076923077,0.2,0.0
27,COPOC,APS,0.15000000000000002,0.78,2.05,1.05,1.0909090909090908,2.0,4.249999999999999,0.24,0.0
27,COPOC,APS,0.18000000000000005,0.78,2.0,1.0,1.0909090909090908,2.0,3.666666666666666,0.24,0.0
27,COPOC,APS,0.19999999999999996,0.77,1.885,0.885,1.1304347826086956,2.0,3.485,0.26,0.0
27,COPOC,LAC,0.010000000000000009,0.98,4.185,3.185,1.0,1.0,7.184999999999997,0.02,0.0
27,COPOC,LAC,0.020000000000000018,0.98,3.92,2.92,1.0,1.0,4.919999999999998,0.02,0.0
27,COPOC,LAC,0.030000000000000027,0.95,3.35,2.35,1.0,1.0,5.68333333333333,0.05,0.0
27,COPOC,LAC,0.050000000000000044,0.93,2.845,1.845,1.0,1.0,4.644999999999998,0.07,0.0
27,COPOC,LAC,0.07999999999999996,0.925,2.67,1.67,1.1333333333333333,2.0,3.7950000000000013,0.085,0.0
27,COPOC,LAC,0.09999999999999998,0.89,2.31,1.31,1.0909090909090908,2.0,3.71,0.12,0.0
27,COPOC,LAC,0.13,0.855,2.16,1.16,1.103448275862069,2.0,3.621538461538461,0.16,0.0
27,COPOC,LAC,0.15000000000000002,0.85,2.1,1.1,1.1,2.0,3.3,0.165,0.0
27,COPOC,LAC,0.18000000000000005,0.825,1.955,0.955,1.1142857142857143,2.0,3.121666666666666,0.195,0.0
27,COPOC,LAC,0.19999999999999996,0.82,1.85,0.85,1.1388888888888888,2.0,2.9,0.205,0.0
28,COPOC,min-CPS,0.010000000000000009,0.995,4.385,3.385,1.0,1.0,4.384999999999999,0.005,0.0
28,COPOC,min-CPS,0.020000000000000018,0.965,3.605,2.605,1.0,1.0,6.104999999999998,0.035,0.0
28,COPOC,min-CPS,0.030000000000000027,0.965,3.475,2.475,1.0,1.0,4.808333333333332,0.035,0.0
28,COPOC,min-CPS,0.050000000000000044,0.945,3.35,2.35,1.0,1.0,4.549999999999998,0.055,0.0
28,COPOC,min-CPS,0.07999999999999996,0.91,2.895,1.895,1.0555555555555556,2.0,4.270000000000001,0.095,0.0
28,COPOC,min-CPS,0.09999999999999998,0.875,2.79,1.79,1.04,2.0,4.39,0.13,0.0
28,COPOC,min-CPS,0.13,0.84,2.58,1.58,1.0625,2.0,4.195384615384615,0.17,0.0
28,COPOC,min-CPS,0.15000000000000002,0.83,2.555,1.555,1.088235294117647,2.0,4.0216666666666665,0.185,0.0
28,COPOC,min-CPS,0.18000000000000005,0.775,2.305,1.305,1.0666666666666667,2.0,3.9716666666666662,0.24,0.0
28,COPOC,min-CPS,0.19999999999999996,0.77,2.005,1.005,1.065217391304348,2.0,3.455,0.245,0.0
28,COPOC,RPS,0.010000000000000009,0.985,3.665,2.665,1.0,1.0,5.664999999999997,0.015,0.0
28,COPOC,RPS,0.020000000000000018,0.97,3.23,2.23,1.0,1.0,5.229999999999998,0.03,0.0
28,COPOC,RPS,0.030000000000000027,0.965,3.175,2.175,1.0,1.0,4.508333333333331,0.035,0.0
28,COPOC,RPS,0.050000000000000044,0.945,2.915,1.915,1.0,1.0,4.114999999999998,0.055,0.0
28,COPOC,RPS,0.07999999999999996,0.925,2.56,1.56,1.0666666666666667,2.0,3.560000000000001,0.08,0.0
28,COPOC,RPS,0.09999999999999998,0.91,2.32,1.32,1.0555555555555556,2.0,3.22,0.095,0.0
28,COPOC,RPS,0.13,0.83,1.985,0.985,1.0294117647058822,2.0,3.6773076923076915,0.175,0.0
28,COPOC,RPS,0.15000000000000002,0.825,1.895,0.895,1.0285714285714285,2.0,3.295,0.18,0.0
28,COPOC,RPS,0.18000000000000005,0.76,1.65,0.65,1.0625,2.0,3.4833333333333325,0.255,0.0
28,COPOC,RPS,0.19999999999999996,0.75,1.55,0.55,1.06,2.0,3.2000000000000006,0.265,0.0
28,COPOC,OCDF,0.010000000000000009,0.995,4.845,3.845,1.0,1.0,4.844999999999999,0.005,0.0
28,COPOC,OCDF,0.020000000000000018,0.975,4.12,3.12,1.0,1.0,5.619999999999997,0.025,0.0
28,COPOC,OCDF,0.030000000000000027,0.975,3.92,2.92,1.0,1.0,4.586666666666666,0.025,0.0
28,COPOC,OCDF,0.050000000000000044,0.945,3.775,2.775,1.0,1.0,4.974999999999998,0.055,0.0
28,COPOC,OCDF,0.07999999999999996,0.93,3.4,2.4,1.0714285714285714,2.0,4.275000000000001,0.075,0.0
28,COPOC,OCDF,0.09999999999999998,0.905,3.22,2.22,1.0526315789473684,2.0,4.22,0.1,0.0
28,COPOC,OCDF,0.13,0.85,2.945,1.945,1.1333333333333333,2.0,4.560384615384615,0.17,0.0
28,COPOC,OCDF,0.15000000000000002,0.845,2.865,1.865,1.1290322580645162,2.0,4.198333333333332,0.175,0.0
28,COPOC,OCDF,0.18000000000000005,0.8,2.64,1.64,1.125,2.0,4.139999999999999,0.225,0.0
28,COPOC,OCDF,0.19999999999999996,0.785,2.55,1.55,1.1162790697674418,2.0,3.95,0.24,0.0
28,COPOC,APS,0.010000000000000009,0.98,4.0,3.0,1.0,1.0,6.9999999999999964,0.02,0.0
28,COPOC,APS,0.020000000000000018,0.975,3.74,2.74,1.0,1.0,5.2399999999999975,0.025,0.0
28,COPOC,APS,0.030000000000000027,0.97,3.35,2.35,1.1666666666666667,2.0,4.683333333333332,0.035,0.0
28,COPOC,APS,0.050000000000000044,0.955,3.095,2.095,1.1111111111111112,2.0,4.094999999999999,0.05,0.0
28,COPOC,APS,0.07999999999999996,0.93,2.865,1.865,1.0714285714285714,2.0,3.740000000000001,0.075,0.0
28,COPOC,APS,0.09999999999999998,0.88,2.5,1.5,1.0833333333333333,2.0,4.1,0.13,0.0
28,COPOC,APS,0.13,0.835,2.305,1.305,1.0606060606060606,2.0,3.997307692307692,0.175,0.0
28,COPOC,APS,0.15000000000000002,0.805,2.165,1.165,1.0512820512820513,2.0,3.898333333333333,0.205,0.0
28,COPOC,APS,0.18000000000000005,0.78,1.97,0.97,1.0454545454545454,2.0,3.5255555555555547,0.23,0.0
28,COPOC,APS,0.19999999999999996,0.735,1.82,0.82,1.0377358490566038,2.0,3.57,0.275,0.0
28,COPOC,LAC,0.010000000000000009,0.995,4.31,3.31,1.0,1.0,4.309999999999999,0.005,0.0
28,COPOC,LAC,0.020000000000000018,0.975,3.815,2.815,1.0,1.0,5.314999999999998,0.025,0.0
28,COPOC,LAC,0.030000000000000027,0.97,3.81,2.81,1.0,1.0,4.809999999999999,0.03,0.0
28,COPOC,LAC,0.050000000000000044,0.925,2.805,1.805,1.0666666666666667,2.0,5.004999999999996,0.08,0.0
28,COPOC,LAC,0.07999999999999996,0.895,2.47,1.47,1.0476190476190477,2.0,4.2200000000000015,0.11,0.0
28,COPOC,LAC,0.09999999999999998,0.87,2.285,1.285,1.0384615384615385,2.0,3.985,0.135,0.0
28,COPOC,LAC,0.13,0.845,2.135,1.135,1.032258064516129,2.0,3.5965384615384615,0.16,0.0
28,COPOC,LAC,0.15000000000000002,0.83,2.015,1.015,1.0294117647058822,2.0,3.348333333333333,0.175,0.0
28,COPOC,LAC,0.18000000000000005,0.8,1.82,0.82,1.05,2.0,3.1533333333333324,0.21,0.0
28,COPOC,LAC,0.19999999999999996,0.775,1.745,0.745,1.0444444444444445,2.0,3.095,0.235,0.0
29,COPOC,min-CPS,0.010000000000000009,1.0,4.475,3.475,,0.0,3.475,0.0,0.0
29,COPOC,min-CPS,0.020000000000000018,0.99,4.195,3.195,1.0,1.0,4.1949999999999985,0.01,0.0
29,COPOC,min-CPS,0.030000000000000027,0.99,3.945,2.945,1.0,1.0,3.6116666666666664,0.01,0.0
29,COPOC,min-CPS,0.050000000000000044,0.925,3.195,2.195,1.0,1.0,5.194999999999998,0.075,0.0
29,COPOC,min-CPS,0.07999999999999996,0.93,3.0,2.0,1.0,1.0,3.7500000000000013,0.07,0.0
29,COPOC,min-CPS,0.09999999999999998,0.92,2.945,1.945,1.0,1.0,3.545,0.08,0.0
29,COPOC,min-CPS,0.13,0.89,2.69,1.69,1.0,1.0,3.3823076923076925,0.11,0.0
29,COPOC,min-CPS,0.15000000000000002,0.875,2.675,1.675,1.0,1.0,3.3416666666666663,0.125,0.0
29,COPOC,min-CPS,0.18000000000000005,0.81,2.48,1.48,1.0,1.0,3.5911111111111107,0.19,0.0
29,COPOC,min-CPS,0.19999999999999996,0.805,2.4,1.4,1.0256410256410255,2.0,3.4,0.2,0.0
29,COPOC,RPS,0.010000000000000009,1.0,4.32,3.32,,0.0,3.32,0.0,0.0
29,COPOC,RPS,0.020000000000000018,1.0,3.825,2.825,,0.0,2.825,0.0,0.0
29,COPOC,RPS,0.030000000000000027,0.985,3.435,2.435,1.0,1.0,3.4349999999999996,0.015,0.0
29,COPOC,RPS,0.050000000000000044,0.945,2.93,1.93,1.0,1.0,4.129999999999998,0.055,0.0
29,COPOC,RPS,0.07999999999999996,0.915,2.49,1.49,1.0,1.0,3.615000000000001,0.085,0.0
29,COPOC,RPS,0.09999999999999998,0.91,2.295,1.295,1.0,1.0,3.095,0.09,0.0
29,COPOC,RPS,0.13,0.9,2.19,1.19,1.0,1.0,2.7284615384615383,0.1,0.0
29,COPOC,RPS,0.15000000000000002,0.9,2.12,1.12,1.0,1.0,2.453333333333333,0.1,0.0
29,COPOC,RPS,0.18000000000000005,0.86,1.89,0.89,1.0,1.0,2.445555555555555,0.14,0.0
29,COPOC,RPS,0.19999999999999996,0.815,1.765,0.765,1.027027027027027,2.0,2.665,0.19,0.0
29,COPOC,OCDF,0.010000000000000009,0.99,4.715,3.715,1.0,1.0,5.714999999999998,0.01,0.0
29,COPOC,OCDF,0.020000000000000018,0.99,4.54,3.54,1.0,1.0,4.539999999999999,0.01,0.0
29,COPOC,OCDF,0.030000000000000027,0.985,4.195,3.195,1.0,1.0,4.194999999999999,0.015,0.0
29,COPOC,OCDF,0.050000000000000044,0.965,3.855,2.855,1.0,1.0,4.254999999999999,0.035,0.0
29,COPOC,OCDF,0.07999999999999996,0.93,3.475,2.475,1.0714285714285714,2.0,4.350000000000001,0.075,0.0
29,COPOC,OCDF,0.09999999999999998,0.92,3.305,2.305,1.0625,2.0,4.005,0.085,0.0
29,COPOC,OCDF,0.13,0.885,3.1,2.1,1.0869565217391304,2.0,4.023076923076923,0.125,0.0
29,COPOC,OCDF,0.15000000000000002,0.88,3.03,2.03,1.125,2.0,3.83,0.135,0.0
29,COPOC,OCDF,0.18000000000000005,0.855,2.82,1.82,1.103448275862069,2.0,3.597777777777777,0.16,0.0
29,COPOC,OCDF,0.19999999999999996,0.845,2.745,1.745,1.096774193548387,2.0,3.445,0.17,0.0
29,COPOC,APS,0.010000000000000009,1.0,4.375,3.375,,0.0,3.375,0.0,0.0
29,COPOC,APS,0.020000000000000018,0.995,4.13,3.13,1.0,1.0,3.6299999999999994,0.005,0.0
29,COPOC,APS,0.030000000000000027,0.99,4.075,3.075,1.0,1.0,3.7416666666666663,0.01,0.0
29,COPOC,APS,0.050000000000000044,0.96,3.3,2.3,1.0,1.0,3.899999999999999,0.04,0.0
29,COPOC,APS,0.07999999999999996,0.915,2.81,1.81,1.0,1.0,3.935000000000001,0.085,0.0
29,COPOC,APS,0.09999999999999998,0.91,2.73,1.73,1.0,1.0,3.53,0.09,0.0
29,COPOC,APS,0.13,0.895,2.475,1.475,1.0,1.0,3.090384615384615,0.105,0.0
29,COPOC,APS,0.15000000000000002,0.88,2.31,1.31,1.0,1.0,2.91,0.12,0.0
29,COPOC,APS,0.18000000000000005,0.87,2.135,1.135,1.0384615384615385,2.0,2.6349999999999993,0.135,0.0
29,COPOC,APS,0.19999999999999996,0.86,2.055,1.055,1.0357142857142858,2.0,2.505,0.145,0.0
29,COPOC,LAC,0.010000000000000009,1.0,4.435,3.435,,0.0,3.435,0.0,0.0
29,COPOC,LAC,0.020000000000000018,0.995,4.18,3.18,1.0,1.0,3.6799999999999993,0.005,0.0
29,COPOC,LAC,0.030000000000000027,0.965,3.675,2.675,1.0,1.0,5.008333333333332,0.035,0.0
29,COPOC,LAC,0.050000000000000044,0.96,3.32,2.32,1.0,1.0,3.919999999999999,0.04,0.0
29,COPOC,LAC,0.07999999999999996,0.93,2.735,1.735,1.0,1.0,3.485000000000001,0.07,0.0
29,COPOC,LAC,0.09999999999999998,0.915,2.53,1.53,1.0,1.0,3.23,0.085,0.0
29,COPOC,LAC,0.13,0.895,2.275,1.275,1.0476190476190477,2.0,2.9673076923076924,0.11,0.0
29,COPOC,LAC,0.15000000000000002,0.865,2.13,1.13,1.037037037037037,2.0,2.996666666666666,0.14,0.0
29,COPOC,LAC,0.18000000000000005,0.825,1.935,0.935,1.0285714285714285,2.0,2.9349999999999996,0.18,0.0
29,COPOC,LAC,0.19999999999999996,0.8,1.75,0.75,1.025,2.0,2.8,0.205,0.0
30,COPOC,min-CPS,0.010000000000000009,0.98,4.165,3.165,1.0,1.0,7.1649999999999965,0.02,0.0
30,COPOC,min-CPS,0.020000000000000018,0.965,3.595,2.595,1.0,1.0,6.094999999999998,0.035,0.0
30,COPOC,min-CPS,0.030000000000000027,0.965,3.44,2.44,1.0,1.0,4.773333333333332,0.035,0.0
30,COPOC,min-CPS,0.050000000000000044,0.94,3.29,2.29,1.0,1.0,4.689999999999999,0.06,0.0
30,COPOC,min-CPS,0.07999999999999996,0.91,2.915,1.915,1.1111111111111112,2.0,4.415000000000001,0.1,0.0
30,COPOC,min-CPS,0.09999999999999998,0.9,2.845,1.845,1.1,2.0,4.045,0.11,0.0
30,COPOC,min-CPS,0.13,0.885,2.655,1.655,1.1304347826086956,2.0,3.655,0.13,0.0
30,COPOC,min-CPS,0.15000000000000002,0.86,2.6,1.6,1.1071428571428572,2.0,3.666666666666666,0.155,0.0
30,COPOC,min-CPS,0.18000000000000005,0.815,2.49,1.49,1.1081081081081081,2.0,3.767777777777777,0.205,0.0
30,COPOC,min-CPS,0.19999999999999996,0.805,2.11,1.11,1.0769230769230769,2.0,3.21,0.21,0.0
30,COPOC,RPS,0.010000000000000009,0.97,3.455,2.455,1.0,1.0,8.454999999999995,0.03,0.0
30,COPOC,RPS,0.020000000000000018,0.97,3.235,2.235,1.0,1.0,5.234999999999998,0.03,0.0
30,COPOC,RPS,0.030000000000000027,0.965,3.2,2.2,1.0,1.0,4.533333333333331,0.035,0.0
30,COPOC,RPS,0.050000000000000044,0.955,2.925,1.925,1.0,1.0,3.7249999999999988,0.045,0.0
30,COPOC,RPS,0.07999999999999996,0.935,2.62,1.62,1.1538461538461537,2.0,3.495000000000001,0.075,0.0
30,COPOC,RPS,0.09999999999999998,0.925,2.39,1.39,1.1333333333333333,2.0,3.09,0.085,0.0
30,COPOC,RPS,0.13,0.88,2.105,1.105,1.0833333333333333,2.0,3.105,0.13,0.0
30,COPOC,RPS,0.15000000000000002,0.845,1.955,0.955,1.064516129032258,2.0,3.155,0.165,0.0
30,COPOC,RPS,0.18000000000000005,0.845,1.895,0.895,1.064516129032258,2.0,2.7283333333333326,0.165,0.0
30,COPOC,RPS,0.19999999999999996,0.825,1.79,0.79,1.1142857142857143,2.0,2.74,0.195,0.0
30,COPOC,OCDF,0.010000000000000009,0.995,4.87,3.87,1.0,1.0,4.869999999999999,0.005,0.0
30,COPOC,OCDF,0.020000000000000018,0.99,4.525,3.525,1.0,1.0,4.524999999999999,0.01,0.0
30,COPOC,OCDF,0.030000000000000027,0.985,4.19,3.19,1.0,1.0,4.1899999999999995,0.015,0.0
30,COPOC,OCDF,0.050000000000000044,0.965,3.83,2.83,1.0,1.0,4.229999999999999,0.035,0.0
30,COPOC,OCDF,0.07999999999999996,0.94,3.64,2.64,1.0,1.0,4.1400000000000015,0.06,0.0
30,COPOC,OCDF,0.09999999999999998,0.91,3.23,2.23,1.0555555555555556,2.0,4.13,0.095,0.0
30,COPOC,OCDF,0.13,0.905,3.205,2.205,1.0526315789473684,2.0,3.743461538461539,0.1,0.0
30,COPOC,OCDF,0.15000000000000002,0.885,3.03,2.03,1.1304347826086956,2.0,3.763333333333333,0.13,0.0
30,COPOC,OCDF,0.18000000000000005,0.825,2.725,1.725,1.0857142857142856,2.0,3.8361111111111104,0.19,0.0
30,COPOC,OCDF,0.19999999999999996,0.81,2.64,1.64,1.0789473684210527,2.0,3.69,0.205,0.0
30,COPOC,APS,0.010000000000000009,0.98,3.865,2.865,1.0,1.0,6.864999999999997,0.02,0.0
30,COPOC,APS,0.020000000000000018,0.955,3.575,2.575,1.1111111111111112,2.0,7.574999999999996,0.05,0.0
30,COPOC,APS,0.030000000000000027,0.95,3.365,2.365,1.2,2.0,6.3649999999999975,0.06,0.0
30,COPOC,APS,0.050000000000000044,0.945,3.175,2.175,1.1818181818181819,2.0,4.774999999999998,0.065,0.0
30,COPOC,APS,0.07999999999999996,0.915,2.79,1.79,1.1176470588235294,2.0,4.165000000000001,0.095,0.0
30,COPOC,APS,0.09999999999999998,0.905,2.695,1.695,1.1578947368421053,2.0,3.895,0.11,0.0
30,COPOC,APS,0.13,0.895,2.42,1.42,1.1428571428571428,2.0,3.2661538461538457,0.12,0.0
30,COPOC,APS,0.15000000000000002,0.865,2.215,1.215,1.1111111111111112,2.0,3.215,0.15,0.0
30,COPOC,APS,0.18000000000000005,0.835,2.005,1.005,1.0909090909090908,2.0,3.0049999999999994,0.18,0.0
30,COPOC,APS,0.19999999999999996,0.835,1.92,0.92,1.0909090909090908,2.0,2.72,0.18,0.0
30,COPOC,LAC,0.010000000000000009,0.975,4.11,3.11,1.0,1.0,8.109999999999996,0.025,0.0
30,COPOC,LAC,0.020000000000000018,0.975,3.75,2.75,1.0,1.0,5.249999999999997,0.025,0.0
30,COPOC,LAC,0.030000000000000027,0.975,3.75,2.75,1.0,1.0,4.416666666666665,0.025,0.0
30,COPOC,LAC,0.050000000000000044,0.965,3.26,2.26,1.0,1.0,3.659999999999999,0.035,0.0
30,COPOC,LAC,0.07999999999999996,0.955,2.845,1.845,1.2222222222222223,2.0,3.2200000000000006,0.055,0.0
30,COPOC,LAC,0.09999999999999998,0.915,2.51,1.51,1.1176470588235294,2.0,3.41,0.095,0.0
30,COPOC,LAC,0.13,0.91,2.355,1.355,1.1111111111111112,2.0,2.8934615384615383,0.1,0.0
30,COPOC,LAC,0.15000000000000002,0.885,2.185,1.185,1.0869565217391304,2.0,2.851666666666666,0.125,0.0
30,COPOC,LAC,0.18000000000000005,0.845,1.99,0.99,1.064516129032258,2.0,2.8233333333333324,0.165,0.0
30,COPOC,LAC,0.19999999999999996,0.845,1.95,0.95,1.064516129032258,2.0,2.6,0.165,0.0
31,COPOC,min-CPS,0.010000000000000009,0.99,4.2,3.2,1.0,1.0,5.1999999999999975,0.01,0.0
31,COPOC,min-CPS,0.020000000000000018,0.98,3.89,2.89,1.0,1.0,4.889999999999998,0.02,0.0
31,COPOC,min-CPS,0.030000000000000027,0.975,3.615,2.615,1.0,1.0,4.281666666666665,0.025,0.0
31,COPOC,min-CPS,0.050000000000000044,0.945,3.34,2.34,1.0,1.0,4.539999999999998,0.055,0.0
31,COPOC,min-CPS,0.07999999999999996,0.87,2.84,1.84,1.0769230769230769,2.0,5.3400000000000025,0.14,0.0
31,COPOC,min-CPS,0.09999999999999998,0.87,2.67,1.67,1.1153846153846154,2.0,4.57,0.145,0.0
31,COPOC,min-CPS,0.13,0.8,2.59,1.59,1.075,2.0,4.897692307692307,0.215,0.0
31,COPOC,min-CPS,0.15000000000000002,0.775,2.47,1.47,1.0666666666666667,2.0,4.67,0.24,0.0
31,COPOC,min-CPS,0.18000000000000005,0.745,2.0,1.0,1.1176470588235294,2.0,4.166666666666666,0.285,0.0
31,COPOC,min-CPS,0.19999999999999996,0.715,1.935,0.935,1.087719298245614,2.0,4.035,0.31,0.0
31,COPOC,RPS,0.010000000000000009,0.985,3.705,2.705,1.0,1.0,5.704999999999997,0.015,0.0
31,COPOC,RPS,0.020000000000000018,0.975,3.425,2.425,1.0,1.0,4.924999999999998,0.025,0.0
31,COPOC,RPS,0.030000000000000027,0.975,3.245,2.245,1.0,1.0,3.9116666666666653,0.025,0.0
31,COPOC,RPS,0.050000000000000044,0.96,2.945,1.945,1.0,1.0,3.544999999999999,0.04,0.0
31,COPOC,RPS,0.07999999999999996,0.9,2.375,1.375,1.1,2.0,4.125000000000001,0.11,0.0
31,COPOC,RPS,0.09999999999999998,0.885,2.21,1.21,1.0869565217391304,2.0,3.71,0.125,0.0
31,COPOC,RPS,0.13,0.82,1.91,0.91,1.0555555555555556,2.0,3.8330769230769226,0.19,0.0
31,COPOC,RPS,0.15000000000000002,0.82,1.895,0.895,1.0555555555555556,2.0,3.4283333333333332,0.19,0.0
31,COPOC,RPS,0.18000000000000005,0.76,1.655,0.655,1.0833333333333333,2.0,3.543888888888888,0.26,0.0
31,COPOC,RPS,0.19999999999999996,0.745,1.555,0.555,1.0784313725490196,2.0,3.305,0.275,0.0
31,COPOC,OCDF,0.010000000000000009,0.98,4.535,3.535,1.0,1.0,7.534999999999997,0.02,0.0
31,COPOC,OCDF,0.020000000000000018,0.97,3.985,2.985,1.0,1.0,5.984999999999998,0.03,0.0
31,COPOC,OCDF,0.030000000000000027,0.97,3.975,2.975,1.0,1.0,4.974999999999999,0.03,0.0
31,COPOC,OCDF,0.050000000000000044,0.91,3.66,2.66,1.0,1.0,6.259999999999998,0.09,0.0
31,COPOC,OCDF,0.07999999999999996,0.885,3.23,2.23,1.0869565217391304,2.0,5.355000000000002,0.125,0.0
31,COPOC,OCDF,0.09999999999999998,0.86,3.105,2.105,1.1428571428571428,2.0,5.305,0.16,0.0
31,COPOC,OCDF,0.13,0.81,2.805,1.805,1.131578947368421,2.0,5.112692307692308,0.215,0.0
31,COPOC,OCDF,0.15000000000000002,0.795,2.73,1.73,1.1219512195121952,2.0,4.796666666666666,0.23,0.0
31,COPOC,OCDF,0.18000000000000005,0.73,2.255,1.255,1.1481481481481481,2.0,4.699444444444444,0.31,0.0
31,COPOC,OCDF,0.19999999999999996,0.705,2.18,1.18,1.1355932203389831,2.0,4.53,0.335,0.0
31,COPOC,APS,0.010000000000000009,0.995,4.41,3.41,1.0,1.0,4.409999999999999,0.005,0.0
31,COPOC,APS,0.020000000000000018,0.985,4.005,3.005,1.0,1.0,4.504999999999999,0.015,0.0
31,COPOC,APS,0.030000000000000027,0.98,3.68,2.68,1.0,1.0,4.013333333333333,0.02,0.0
31,COPOC,APS,0.050000000000000044,0.94,3.2,2.2,1.1666666666666667,2.0,4.999999999999997,0.07,0.0
31,COPOC,APS,0.07999999999999996,0.875,2.595,1.595,1.08,2.0,4.970000000000002,0.135,0.0
31,COPOC,APS,0.09999999999999998,0.845,2.32,1.32,1.096774193548387,2.0,4.72,0.17,0.0
31,COPOC,APS,0.13,0.815,2.11,1.11,1.1081081081081081,2.0,4.263846153846154,0.205,0.0
31,COPOC,APS,0.15000000000000002,0.745,1.81,0.81,1.1568627450980393,2.0,4.743333333333332,0.295,0.0
31,COPOC,APS,0.18000000000000005,0.725,1.695,0.695,1.1454545454545455,2.0,4.194999999999999,0.315,0.0
31,COPOC,APS,0.19999999999999996,0.705,1.625,0.625,1.1355932203389831,2.0,3.9750000000000005,0.335,0.0
31,COPOC,LAC,0.010000000000000009,0.985,4.155,3.155,1.0,1.0,6.154999999999998,0.015,0.0
31,COPOC,LAC,0.020000000000000018,0.98,3.915,2.915,1.0,1.0,4.914999999999998,0.02,0.0
31,COPOC,LAC,0.030000000000000027,0.965,3.645,2.645,1.0,1.0,4.978333333333332,0.035,0.0
31,COPOC,LAC,0.050000000000000044,0.94,2.91,1.91,1.0,1.0,4.309999999999998,0.06,0.0
31,COPOC,LAC,0.07999999999999996,0.905,2.59,1.59,1.105263157894737,2.0,4.215000000000001,0.105,0.0
31,COPOC,LAC,0.09999999999999998,0.88,2.315,1.315,1.125,2.0,4.015,0.135,0.0
31,COPOC,LAC,0.13,0.86,2.18,1.18,1.1428571428571428,2.0,3.6415384615384614,0.16,0.0
31,COPOC,LAC,0.15000000000000002,0.815,1.975,0.975,1.1081081081081081,2.0,3.708333333333333,0.205,0.0
31,COPOC,LAC,0.18000000000000005,0.785,1.76,0.76,1.1162790697674418,2.0,3.4266666666666663,0.24,0.0
31,COPOC,LAC,0.19999999999999996,0.77,1.72,0.72,1.108695652173913,2.0,3.27,0.255,0.0
32,COPOC,min-CPS,0.010000000000000009,0.995,4.375,3.375,1.0,1.0,4.374999999999999,0.005,0.0
32,COPOC,min-CPS,0.020000000000000018,0.99,4.21,3.21,1.0,1.0,4.209999999999999,0.01,0.0
32,COPOC,min-CPS,0.030000000000000027,0.985,3.74,2.74,1.0,1.0,3.7399999999999993,0.015,0.0
32,COPOC,min-CPS,0.050000000000000044,0.97,3.435,2.435,1.0,1.0,3.634999999999999,0.03,0.0
32,COPOC,min-CPS,0.07999999999999996,0.935,2.975,1.975,1.0769230769230769,2.0,3.725000000000001,0.07,0.0
32,COPOC,min-CPS,0.09999999999999998,0.92,2.91,1.91,1.0625,2.0,3.61,0.085,0.0
32,COPOC,min-CPS,0.13,0.86,2.655,1.655,1.0714285714285714,2.0,3.9626923076923077,0.15,0.0
32,COPOC,min-CPS,0.15000000000000002,0.855,2.63,1.63,1.0689655172413792,2.0,3.6966666666666663,0.155,0.0
32,COPOC,min-CPS,0.18000000000000005,0.83,2.575,1.575,1.0588235294117647,2.0,3.575,0.18,0.0
32,COPOC,min-CPS,0.19999999999999996,0.77,2.02,1.02,1.065217391304348,2.0,3.47,0.245,0.0
32,COPOC,RPS,0.010000000000000009,0.99,3.815,2.815,1.0,1.0,4.814999999999999,0.01,0.0
32,COPOC,RPS,0.020000000000000018,0.99,3.56,2.56,1.0,1.0,3.5599999999999987,0.01,0.0
32,COPOC,RPS,0.030000000000000027,0.985,3.48,2.48,1.0,1.0,3.4799999999999995,0.015,0.0
32,COPOC,RPS,0.050000000000000044,0.98,3.185,2.185,1.0,1.0,2.9849999999999994,0.02,0.0
32,COPOC,RPS,0.07999999999999996,0.915,2.455,1.455,1.0588235294117647,2.0,3.705000000000001,0.09,0.0
32,COPOC,RPS,0.09999999999999998,0.905,2.265,1.265,1.0526315789473684,2.0,3.265,0.1,0.0
32,COPOC,RPS,0.13,0.895,2.15,1.15,1.0476190476190477,2.0,2.8423076923076924,0.11,0.0
32,COPOC,RPS,0.15000000000000002,0.88,2.01,1.01,1.0416666666666667,2.0,2.6766666666666663,0.125,0.0
32,COPOC,RPS,0.18000000000000005,0.86,1.905,0.905,1.0357142857142858,2.0,2.5161111111111105,0.145,0.0
32,COPOC,RPS,0.19999999999999996,0.815,1.79,0.79,1.054054054054054,2.0,2.74,0.195,0.0
32,COPOC,OCDF,0.010000000000000009,0.99,4.66,3.66,1.0,1.0,5.6599999999999975,0.01,0.0
32,COPOC,OCDF,0.020000000000000018,0.99,4.535,3.535,1.0,1.0,4.534999999999999,0.01,0.0
32,COPOC,OCDF,0.030000000000000027,0.965,3.865,2.865,1.0,1.0,5.1983333333333315,0.035,0.0
32,COPOC,OCDF,0.050000000000000044,0.94,3.725,2.725,1.0,1.0,5.124999999999997,0.06,0.0
32,COPOC,OCDF,0.07999999999999996,0.915,3.385,2.385,1.1176470588235294,2.0,4.760000000000002,0.095,0.0
32,COPOC,OCDF,0.09999999999999998,0.91,3.25,2.25,1.1111111111111112,2.0,4.25,0.1,0.0
32,COPOC,OCDF,0.13,0.885,3.115,2.115,1.0869565217391304,2.0,4.038076923076924,0.125,0.0
32,COPOC,OCDF,0.15000000000000002,0.83,2.835,1.835,1.088235294117647,2.0,4.301666666666666,0.185,0.0
32,COPOC,OCDF,0.18000000000000005,0.775,2.535,1.535,1.0666666666666667,2.0,4.201666666666665,0.24,0.0
32,COPOC,OCDF,0.19999999999999996,0.735,2.24,1.24,1.0754716981132075,2.0,4.09,0.285,0.0
32,COPOC,APS,0.010000000000000009,0.995,4.395,3.395,1.0,1.0,4.394999999999999,0.005,0.0
32,COPOC,APS,0.020000000000000018,0.99,3.925,2.925,1.0,1.0,3.924999999999999,0.01,0.0
32,COPOC,APS,0.030000000000000027,0.99,3.81,2.81,1.0,1.0,3.476666666666666,0.01,0.0
32,COPOC,APS,0.050000000000000044,0.98,3.45,2.45,1.25,2.0,3.4499999999999993,0.025,0.0
32,COPOC,APS,0.07999999999999996,0.94,2.855,1.855,1.0833333333333333,2.0,3.4800000000000013,0.065,0.0
32,COPOC,APS,0.09999999999999998,0.915,2.725,1.725,1.0588235294117647,2.0,3.525,0.09,0.0
32,COPOC,APS,0.13,0.885,2.4,1.4,1.0434782608695652,2.0,3.2461538461538466,0.12,0.0
32,COPOC,APS,0.15000000000000002,0.87,2.265,1.265,1.0769230769230769,2.0,3.1316666666666664,0.14,0.0
32,COPOC,APS,0.18000000000000005,0.83,2.06,1.06,1.088235294117647,2.0,3.115555555555555,0.185,0.0
32,COPOC,APS,0.19999999999999996,0.745,1.69,0.695,1.1372549019607843,4.0,3.395,0.29,0.0
32,COPOC,LAC,0.010000000000000009,0.995,4.335,3.335,1.0,1.0,4.334999999999999,0.005,0.0
32,COPOC,LAC,0.020000000000000018,0.985,4.145,3.145,1.0,1.0,4.644999999999999,0.015,0.0
32,COPOC,LAC,0.030000000000000027,0.98,3.825,2.825,1.0,1.0,4.158333333333332,0.02,0.0
32,COPOC,LAC,0.050000000000000044,0.975,3.345,2.345,1.0,1.0,3.344999999999999,0.025,0.0
32,COPOC,LAC,0.07999999999999996,0.925,2.685,1.685,1.0666666666666667,2.0,3.685000000000001,0.08,0.0
32,COPOC,LAC,0.09999999999999998,0.92,2.57,1.57,1.0625,2.0,3.27,0.085,0.0
32,COPOC,LAC,0.13,0.885,2.26,1.26,1.0434782608695652,2.0,3.1061538461538465,0.12,0.0
32,COPOC,LAC,0.15000000000000002,0.825,2.0,1.0,1.0571428571428572,2.0,3.4666666666666663,0.185,0.0
32,COPOC,LAC,0.18000000000000005,0.8,1.82,0.82,1.075,2.0,3.2088888888888887,0.215,0.0
32,COPOC,LAC,0.19999999999999996,0.795,1.78,0.78,1.0731707317073171,2.0,2.98,0.22,0.0
33,COPOC,min-CPS,0.010000000000000009,0.97,3.94,2.94,1.0,1.0,8.939999999999996,0.03,0.0
33,COPOC,min-CPS,0.020000000000000018,0.96,3.475,2.475,1.0,1.0,6.474999999999997,0.04,0.0
33,COPOC,min-CPS,0.030000000000000027,0.955,3.45,2.45,1.0,1.0,5.4499999999999975,0.045,0.0
33,COPOC,min-CPS,0.050000000000000044,0.94,3.335,2.335,1.0,1.0,4.7349999999999985,0.06,0.0
33,COPOC,min-CPS,0.07999999999999996,0.93,2.98,1.98,1.0714285714285714,2.0,3.8550000000000013,0.075,0.0
33,COPOC,min-CPS,0.09999999999999998,0.925,2.965,1.965,1.0666666666666667,2.0,3.565,0.08,0.0
33,COPOC,min-CPS,0.13,0.88,2.645,1.645,1.0833333333333333,2.0,3.645,0.13,0.0
33,COPOC,min-CPS,0.15000000000000002,0.86,2.61,1.61,1.0714285714285714,2.0,3.61,0.15,0.0
33,COPOC,min-CPS,0.18000000000000005,0.835,2.565,1.565,1.0606060606060606,2.0,3.509444444444444,0.175,0.0
33,COPOC,min-CPS,0.19999999999999996,0.825,2.475,1.475,1.0571428571428572,2.0,3.325,0.185,0.0
33,COPOC,RPS,0.010000000000000009,0.99,3.83,2.83,1.0,1.0,4.829999999999998,0.01,0.0
33,COPOC,RPS,0.020000000000000018,0.965,3.26,2.26,1.0,1.0,5.759999999999998,0.035,0.0
33,COPOC,RPS,0.030000000000000027,0.965,3.22,2.22,1.0,1.0,4.553333333333331,0.035,0.0
33,COPOC,RPS,0.050000000000000044,0.93,2.695,1.695,1.0,1.0,4.494999999999997,0.07,0.0
33,COPOC,RPS,0.07999999999999996,0.915,2.47,1.47,1.0588235294117647,2.0,3.720000000000001,0.09,0.0
33,COPOC,RPS,0.09999999999999998,0.895,2.165,1.165,1.0476190476190477,2.0,3.365,0.11,0.0
33,COPOC,RPS,0.13,0.865,2.03,1.03,1.037037037037037,2.0,3.1838461538461535,0.14,0.0
33,COPOC,RPS,0.15000000000000002,0.855,1.995,0.995,1.0344827586206897,2.0,2.995,0.15,0.0
33,COPOC,RPS,0.18000000000000005,0.855,1.935,0.935,1.0344827586206897,2.0,2.601666666666666,0.15,0.0
33,COPOC,RPS,0.19999999999999996,0.825,1.825,0.825,1.0571428571428572,2.0,2.675,0.185,0.0
33,COPOC,OCDF,0.010000000000000009,0.99,4.625,3.625,1.0,1.0,5.624999999999997,0.01,0.0
33,COPOC,OCDF,0.020000000000000018,0.985,4.235,3.235,1.0,1.0,4.7349999999999985,0.015,0.0
33,COPOC,OCDF,0.030000000000000027,0.98,3.895,2.895,1.0,1.0,4.228333333333333,0.02,0.0
33,COPOC,OCDF,0.050000000000000044,0.93,3.615,2.615,1.0,1.0,5.414999999999997,0.07,0.0
33,COPOC,OCDF,0.07999999999999996,0.9,3.21,2.21,1.05,2.0,4.835000000000002,0.105,0.0
33,COPOC,OCDF,0.09999999999999998,0.89,3.16,2.16,1.0909090909090908,2.0,4.56,0.12,0.0
33,COPOC,OCDF,0.13,0.85,2.91,1.91,1.1,2.0,4.4484615384615385,0.165,0.0
33,COPOC,OCDF,0.15000000000000002,0.795,2.68,1.68,1.0731707317073171,2.0,4.613333333333333,0.22,0.0
33,COPOC,OCDF,0.18000000000000005,0.75,2.39,1.39,1.08,2.0,4.389999999999999,0.27,0.0
33,COPOC,OCDF,0.19999999999999996,0.73,2.22,1.22,1.0925925925925926,2.0,4.17,0.295,0.0
33,COPOC,APS,0.010000000000000009,0.99,4.05,3.05,1.0,1.0,5.049999999999998,0.01,0.0
33,COPOC,APS,0.020000000000000018,0.965,3.65,2.65,1.0,1.0,6.149999999999998,0.035,0.0
33,COPOC,APS,0.030000000000000027,0.955,3.5,2.5,1.0,1.0,5.499999999999997,0.045,0.0
33,COPOC,APS,0.050000000000000044,0.95,3.18,2.18,1.0,1.0,4.179999999999999,0.05,0.0
33,COPOC,APS,0.07999999999999996,0.925,2.795,1.795,1.0666666666666667,2.0,3.7950000000000013,0.08,0.0
33,COPOC,APS,0.09999999999999998,0.92,2.74,1.74,1.0625,2.0,3.44,0.085,0.0
33,COPOC,APS,0.13,0.905,2.595,1.595,1.0526315789473684,2.0,3.133461538461538,0.1,0.0
33,COPOC,APS,0.15000000000000002,0.88,2.425,1.425,1.0833333333333333,2.0,3.158333333333333,0.13,0.0
33,COPOC,APS,0.18000000000000005,0.825,1.96,0.96,1.0571428571428572,2.0,3.0155555555555553,0.185,0.0
33,COPOC,APS,0.19999999999999996,0.8,1.86,0.86,1.05,2.0,2.96,0.21,0.0
33,COPOC,LAC,0.010000000000000009,0.97,3.95,2.95,1.0,1.0,8.949999999999996,0.03,0.0
33,COPOC,LAC,0.020000000000000018,0.97,3.84,2.84,1.0,1.0,5.839999999999998,0.03,0.0
33,COPOC,LAC,0.030000000000000027,0.955,3.32,2.32,1.0,1.0,5.319999999999998,0.045,0.0
33,COPOC,LAC,0.050000000000000044,0.95,3.095,2.095,1.0,1.0,4.094999999999999,0.05,0.0
33,COPOC,LAC,0.07999999999999996,0.925,2.7,1.7,1.0666666666666667,2.0,3.700000000000001,0.08,0.0
33,COPOC,LAC,0.09999999999999998,0.915,2.535,1.535,1.0588235294117647,2.0,3.335,0.09,0.0
33,COPOC,LAC,0.13,0.89,2.285,1.285,1.0909090909090908,2.0,3.131153846153846,0.12,0.0
33,COPOC,LAC,0.15000000000000002,0.86,2.11,1.11,1.1071428571428572,2.0,3.1766666666666663,0.155,0.0
33,COPOC,LAC,0.18000000000000005,0.805,1.85,0.85,1.1025641025641026,2.0,3.238888888888888,0.215,0.0
33,COPOC,LAC,0.19999999999999996,0.795,1.795,0.795,1.0975609756097562,2.0,3.045,0.225,0.0
34,COPOC,min-CPS,0.010000000000000009,1.0,4.445,3.445,,0.0,3.445,0.0,0.0
34,COPOC,min-CPS,0.020000000000000018,1.0,4.185,3.185,,0.0,3.185,0.0,0.0
34,COPOC,min-CPS,0.030000000000000027,0.975,3.59,2.59,1.0,1.0,4.256666666666666,0.025,0.0
34,COPOC,min-CPS,0.050000000000000044,0.935,3.285,2.285,1.0,1.0,4.884999999999998,0.065,0.0
34,COPOC,min-CPS,0.07999999999999996,0.91,2.905,1.905,1.0,1.0,4.155000000000001,0.09,0.0
34,COPOC,min-CPS,0.09999999999999998,0.91,2.845,1.845,1.0,1.0,3.645,0.09,0.0
34,COPOC,min-CPS,0.13,0.86,2.6,1.6,1.0357142857142858,2.0,3.830769230769231,0.145,0.0
34,COPOC,min-CPS,0.15000000000000002,0.845,2.57,1.57,1.032258064516129,2.0,3.703333333333333,0.16,0.0
34,COPOC,min-CPS,0.18000000000000005,0.82,2.5,1.5,1.0555555555555556,2.0,3.6111111111111103,0.19,0.0
34,COPOC,min-CPS,0.19999999999999996,0.77,2.025,1.025,1.065217391304348,2.0,3.475,0.245,0.0
34,COPOC,RPS,0.010000000000000009,1.0,4.335,3.335,,0.0,3.335,0.0,0.0
34,COPOC,RPS,0.020000000000000018,0.99,3.48,2.48,1.0,1.0,3.4799999999999986,0.01,0.0
34,COPOC,RPS,0.030000000000000027,0.97,3.18,2.18,1.0,1.0,4.179999999999998,0.03,0.0
34,COPOC,RPS,0.050000000000000044,0.955,2.96,1.96,1.0,1.0,3.759999999999999,0.045,0.0
34,COPOC,RPS,0.07999999999999996,0.915,2.495,1.495,1.0,1.0,3.620000000000001,0.085,0.0
34,COPOC,RPS,0.09999999999999998,0.91,2.315,1.315,1.0,1.0,3.115,0.09,0.0
34,COPOC,RPS,0.13,0.88,2.105,1.105,1.0,1.0,2.951153846153846,0.12,0.0
34,COPOC,RPS,0.15000000000000002,0.88,2.025,1.025,1.0,1.0,2.625,0.12,0.0
34,COPOC,RPS,0.18000000000000005,0.845,1.89,0.89,1.0,1.0,2.6122222222222216,0.155,0.0
34,COPOC,RPS,0.19999999999999996,0.84,1.8,0.8,1.0625,2.0,2.5,0.17,0.0
34,COPOC,OCDF,0.010000000000000009,0.985,4.625,3.625,1.0,1.0,6.624999999999997,0.015,0.0
34,COPOC,OCDF,0.020000000000000018,0.985,4.265,3.265,1.0,1.0,4.764999999999998,0.015,0.0
34,COPOC,OCDF,0.030000000000000027,0.945,3.8,2.8,1.0,1.0,6.466666666666664,0.055,0.0
34,COPOC,OCDF,0.050000000000000044,0.93,3.67,2.67,1.0,1.0,5.469999999999998,0.07,0.0
34,COPOC,OCDF,0.07999999999999996,0.925,3.395,2.395,1.1333333333333333,2.0,4.520000000000001,0.085,0.0
34,COPOC,OCDF,0.09999999999999998,0.905,3.245,2.245,1.105263157894737,2.0,4.345,0.105,0.0
34,COPOC,OCDF,0.13,0.885,3.13,2.13,1.1304347826086956,2.0,4.13,0.13,0.0
34,COPOC,OCDF,0.15000000000000002,0.85,2.94,1.94,1.1333333333333333,2.0,4.206666666666666,0.17,0.0
34,COPOC,OCDF,0.18000000000000005,0.835,2.795,1.795,1.121212121212121,2.0,3.850555555555555,0.185,0.0
34,COPOC,OCDF,0.19999999999999996,0.81,2.655,1.655,1.105263157894737,2.0,3.755,0.21,0.0
34,COPOC,APS,0.010000000000000009,0.985,3.98,2.98,1.0,1.0,5.979999999999998,0.015,0.0
34,COPOC,APS,0.020000000000000018,0.98,3.77,2.77,1.0,1.0,4.769999999999999,0.02,0.0
34,COPOC,APS,0.030000000000000027,0.97,3.59,2.59,1.0,1.0,4.589999999999998,0.03,0.0
34,COPOC,APS,0.050000000000000044,0.935,3.085,2.085,1.0,1.0,4.684999999999999,0.065,0.0
34,COPOC,APS,0.07999999999999996,0.915,2.815,1.815,1.0588235294117647,2.0,4.065000000000001,0.09,0.0
34,COPOC,APS,0.09999999999999998,0.905,2.71,1.71,1.0526315789473684,2.0,3.71,0.1,0.0
34,COPOC,APS,0.13,0.89,2.515,1.515,1.0454545454545454,2.0,3.284230769230769,0.115,0.0
34,COPOC,APS,0.15000000000000002,0.84,2.155,1.155,1.03125,2.0,3.355,0.165,0.0
34,COPOC,APS,0.18000000000000005,0.81,1.92,0.92,1.0789473684210527,2.0,3.197777777777777,0.205,0.0
34,COPOC,APS,0.19999999999999996,0.785,1.83,0.83,1.0930232558139534,2.0,3.18,0.235,0.0
34,COPOC,LAC,0.010000000000000009,1.0,4.395,3.395,,0.0,3.395,0.0,0.0
34,COPOC,LAC,0.020000000000000018,0.995,4.13,3.13,1.0,1.0,3.6299999999999994,0.005,0.0
34,COPOC,LAC,0.030000000000000027,0.985,3.79,2.79,1.0,1.0,3.7899999999999996,0.015,0.0
34,COPOC,LAC,0.050000000000000044,0.965,3.275,2.275,1.0,1.0,3.674999999999999,0.035,0.0
34,COPOC,LAC,0.07999999999999996,0.95,2.83,1.83,1.0,1.0,3.080000000000001,0.05,0.0
34,COPOC,LAC,0.09999999999999998,0.92,2.56,1.56,1.0,1.0,3.16,0.08,0.0
34,COPOC,LAC,0.13,0.88,2.21,1.21,1.0,1.0,3.056153846153846,0.12,0.0
34,COPOC,LAC,0.15000000000000002,0.855,2.075,1.075,1.0344827586206897,2.0,3.075,0.15,0.0
34,COPOC,LAC,0.18000000000000005,0.85,2.005,1.005,1.0666666666666667,2.0,2.782777777777777,0.16,0.0
34,COPOC,LAC,0.19999999999999996,0.845,1.945,0.945,1.064516129032258,2.0,2.595,0.165,0.0
35,COPOC,min-CPS,0.010000000000000009,0.99,4.29,3.29,1.0,1.0,5.289999999999997,0.01,0.0
35,COPOC,min-CPS,0.020000000000000018,0.985,4.22,3.22,1.0,1.0,4.719999999999998,0.015,0.0
35,COPOC,min-CPS,0.030000000000000027,0.98,3.74,2.74,1.0,1.0,4.073333333333332,0.02,0.0
35,COPOC,min-CPS,0.050000000000000044,0.98,3.495,2.495,1.0,1.0,3.2949999999999995,0.02,0.0
35,COPOC,min-CPS,0.07999999999999996,0.93,2.985,1.985,1.1428571428571428,2.0,3.985000000000001,0.08,0.0
35,COPOC,min-CPS,0.09999999999999998,0.89,2.87,1.87,1.0909090909090908,2.0,4.27,0.12,0.0
35,COPOC,min-CPS,0.13,0.89,2.715,1.715,1.0909090909090908,2.0,3.5611538461538466,0.12,0.0
35,COPOC,min-CPS,0.15000000000000002,0.88,2.695,1.695,1.0833333333333333,2.0,3.4283333333333332,0.13,0.0
35,COPOC,min-CPS,0.18000000000000005,0.845,2.64,1.64,1.064516129032258,2.0,3.4733333333333327,0.165,0.0
35,COPOC,min-CPS,0.19999999999999996,0.82,2.515,1.515,1.0833333333333333,2.0,3.465,0.195,0.0
35,COPOC,RPS,0.010000000000000009,0.99,3.84,2.84,1.0,1.0,4.839999999999998,0.01,0.0
35,COPOC,RPS,0.020000000000000018,0.99,3.54,2.54,1.0,1.0,3.5399999999999987,0.01,0.0
35,COPOC,RPS,0.030000000000000027,0.98,3.24,2.24,1.0,1.0,3.5733333333333324,0.02,0.0
35,COPOC,RPS,0.050000000000000044,0.975,3.185,2.185,1.0,1.0,3.1849999999999987,0.025,0.0
35,COPOC,RPS,0.07999999999999996,0.945,2.66,1.66,1.1818181818181819,2.0,3.285000000000001,0.065,0.0
35,COPOC,RPS,0.09999999999999998,0.925,2.395,1.395,1.1333333333333333,2.0,3.095,0.085,0.0
35,COPOC,RPS,0.13,0.865,2.05,1.05,1.0740740740740742,2.0,3.280769230769231,0.145,0.0
35,COPOC,RPS,0.15000000000000002,0.835,1.895,0.895,1.0606060606060606,2.0,3.2283333333333326,0.175,0.0
35,COPOC,RPS,0.18000000000000005,0.81,1.795,0.795,1.0526315789473684,2.0,3.017222222222222,0.2,0.0
35,COPOC,RPS,0.19999999999999996,0.78,1.665,0.665,1.0681818181818181,2.0,3.015,0.235,0.0
35,COPOC,OCDF,0.010000000000000009,0.99,4.715,3.715,1.0,1.0,5.714999999999998,0.01,0.0
35,COPOC,OCDF,0.020000000000000018,0.965,3.985,2.985,1.0,1.0,6.484999999999998,0.035,0.0
35,COPOC,OCDF,0.030000000000000027,0.965,3.975,2.975,1.0,1.0,5.308333333333333,0.035,0.0
35,COPOC,OCDF,0.050000000000000044,0.93,3.74,2.74,1.0,1.0,5.539999999999997,0.07,0.0
35,COPOC,OCDF,0.07999999999999996,0.925,3.44,2.44,1.0666666666666667,2.0,4.440000000000001,0.08,0.0
35,COPOC,OCDF,0.09999999999999998,0.915,3.29,2.29,1.0588235294117647,2.0,4.09,0.09,0.0
35,COPOC,OCDF,0.13,0.91,3.215,2.215,1.1111111111111112,2.0,3.753461538461538,0.1,0.0
35,COPOC,OCDF,0.15000000000000002,0.895,3.12,2.12,1.1428571428571428,2.0,3.72,0.12,0.0
35,COPOC,OCDF,0.18000000000000005,0.88,2.955,1.955,1.2083333333333333,2.0,3.566111111111111,0.145,0.0
35,COPOC,OCDF,0.19999999999999996,0.85,2.79,1.79,1.2,2.0,3.59,0.18,0.0
35,COPOC,APS,0.010000000000000009,0.995,4.425,3.425,1.0,1.0,4.424999999999999,0.005,0.0
35,COPOC,APS,0.020000000000000018,0.99,4.17,3.17,1.0,1.0,4.169999999999999,0.01,0.0
35,COPOC,APS,0.030000000000000027,0.98,3.945,2.945,1.0,1.0,4.278333333333332,0.02,0.0
35,COPOC,APS,0.050000000000000044,0.97,3.335,2.335,1.1666666666666667,2.0,3.734999999999999,0.035,0.0
35,COPOC,APS,0.07999999999999996,0.94,2.955,1.955,1.0833333333333333,2.0,3.580000000000001,0.065,0.0
35,COPOC,APS,0.09999999999999998,0.915,2.755,1.755,1.1176470588235294,2.0,3.655,0.095,0.0
35,COPOC,APS,0.13,0.905,2.535,1.535,1.105263157894737,2.0,3.1503846153846156,0.105,0.0
35,COPOC,APS,0.15000000000000002,0.89,2.445,1.445,1.0909090909090908,2.0,3.045,0.12,0.0
35,COPOC,APS,0.18000000000000005,0.875,2.25,1.25,1.16,2.0,2.8611111111111103,0.145,0.0
35,COPOC,APS,0.19999999999999996,0.82,1.975,0.975,1.1388888888888888,2.0,3.025,0.205,0.0
35,COPOC,LAC,0.010000000000000009,0.99,4.345,3.345,1.0,1.0,5.344999999999998,0.01,0.0
35,COPOC,LAC,0.020000000000000018,0.985,4.22,3.22,1.0,1.0,4.719999999999998,0.015,0.0
35,COPOC,LAC,0.030000000000000027,0.985,3.875,2.875,1.0,1.0,3.8749999999999996,0.015,0.0
35,COPOC,LAC,0.050000000000000044,0.97,3.36,2.36,1.0,1.0,3.5599999999999987,0.03,0.0
35,COPOC,LAC,0.07999999999999996,0.925,2.72,1.72,1.1333333333333333,2.0,3.845000000000001,0.085,0.0
35,COPOC,LAC,0.09999999999999998,0.91,2.385,1.385,1.1111111111111112,2.0,3.385,0.1,0.0
35,COPOC,LAC,0.13,0.865,2.17,1.17,1.1481481481481481,2.0,3.5546153846153845,0.155,0.0
35,COPOC,LAC,0.15000000000000002,0.85,2.085,1.085,1.1333333333333333,2.0,3.351666666666666,0.17,0.0
35,COPOC,LAC,0.18000000000000005,0.825,1.955,0.955,1.1142857142857143,2.0,3.121666666666666,0.195,0.0
35,COPOC,LAC,0.19999999999999996,0.82,1.805,0.805,1.1111111111111112,2.0,2.805,0.2,0.0
36,COPOC,min-CPS,0.010000000000000009,0.995,4.36,3.36,1.0,1.0,4.3599999999999985,0.005,0.0
36,COPOC,min-CPS,0.020000000000000018,0.985,4.165,3.165,1.0,1.0,4.664999999999998,0.015,0.0
36,COPOC,min-CPS,0.030000000000000027,0.97,3.45,2.45,1.0,1.0,4.449999999999999,0.03,0.0
36,COPOC,min-CPS,0.050000000000000044,0.965,3.325,2.325,1.0,1.0,3.7249999999999988,0.035,0.0
36,COPOC,min-CPS,0.07999999999999996,0.925,2.975,1.975,1.0666666666666667,2.0,3.975000000000001,0.08,0.0
36,COPOC,min-CPS,0.09999999999999998,0.92,2.93,1.93,1.0625,2.0,3.63,0.085,0.0
36,COPOC,min-CPS,0.13,0.87,2.65,1.65,1.0384615384615385,2.0,3.726923076923077,0.135,0.0
36,COPOC,min-CPS,0.15000000000000002,0.875,2.65,1.65,1.04,2.0,3.3833333333333333,0.13,0.0
36,COPOC,min-CPS,0.18000000000000005,0.8,2.47,1.47,1.05,2.0,3.803333333333333,0.21,0.0
36,COPOC,min-CPS,0.19999999999999996,0.79,2.145,1.145,1.0476190476190477,2.0,3.345,0.22,0.0
36,COPOC,RPS,0.010000000000000009,0.995,3.89,2.89,1.0,1.0,3.889999999999999,0.005,0.0
36,COPOC,RPS,0.020000000000000018,0.99,3.485,2.485,1.0,1.0,3.484999999999999,0.01,0.0
36,COPOC,RPS,0.030000000000000027,0.98,3.24,2.24,1.0,1.0,3.5733333333333324,0.02,0.0
36,COPOC,RPS,0.050000000000000044,0.96,2.955,1.955,1.0,1.0,3.554999999999999,0.04,0.0
36,COPOC,RPS,0.07999999999999996,0.955,2.72,1.72,1.0,1.0,2.845000000000001,0.045,0.0
36,COPOC,RPS,0.09999999999999998,0.945,2.55,1.55,1.0909090909090908,2.0,2.75,0.06,0.0
36,COPOC,RPS,0.13,0.915,2.215,1.215,1.0588235294117647,2.0,2.5996153846153844,0.09,0.0
36,COPOC,RPS,0.15000000000000002,0.89,2.05,1.05,1.0454545454545454,2.0,2.583333333333333,0.115,0.0
36,COPOC,RPS,0.18000000000000005,0.88,1.985,0.985,1.0416666666666667,2.0,2.3738888888888883,0.125,0.0
36,COPOC,RPS,0.19999999999999996,0.815,1.765,0.765,1.054054054054054,2.0,2.715,0.195,0.0
36,COPOC,OCDF,0.010000000000000009,1.0,4.93,3.93,,0.0,3.93,0.0,0.0
36,COPOC,OCDF,0.020000000000000018,0.995,4.68,3.68,1.0,1.0,4.18,0.005,0.0
36,COPOC,OCDF,0.030000000000000027,0.995,4.315,3.315,1.0,1.0,3.648333333333333,0.005,0.0
36,COPOC,OCDF,0.050000000000000044,0.985,3.925,2.925,1.0,1.0,3.5249999999999995,0.015,0.0
36,COPOC,OCDF,0.07999999999999996,0.945,3.655,2.655,1.0,1.0,4.030000000000001,0.055,0.0
36,COPOC,OCDF,0.09999999999999998,0.945,3.44,2.44,1.0,1.0,3.54,0.055,0.0
36,COPOC,OCDF,0.13,0.915,3.21,2.21,1.0588235294117647,2.0,3.5946153846153845,0.09,0.0
36,COPOC,OCDF,0.15000000000000002,0.905,3.11,2.11,1.0526315789473684,2.0,3.4433333333333325,0.1,0.0
36,COPOC,OCDF,0.18000000000000005,0.855,2.79,1.79,1.0689655172413792,2.0,3.512222222222222,0.155,0.0
36,COPOC,OCDF,0.19999999999999996,0.845,2.695,1.695,1.064516129032258,2.0,3.345,0.165,0.0
36,COPOC,APS,0.010000000000000009,0.995,4.205,3.205,1.0,1.0,4.204999999999999,0.005,0.0
36,COPOC,APS,0.020000000000000018,0.975,3.82,2.82,1.0,1.0,5.319999999999998,0.025,0.0
36,COPOC,APS,0.030000000000000027,0.965,3.685,2.685,1.1428571428571428,2.0,5.351666666666665,0.04,0.0
36,COPOC,APS,0.050000000000000044,0.94,3.275,2.275,1.0833333333333333,2.0,4.874999999999997,0.065,0.0
36,COPOC,APS,0.07999999999999996,0.92,2.855,1.855,1.0625,2.0,3.9800000000000013,0.085,0.0
36,COPOC,APS,0.09999999999999998,0.915,2.665,1.665,1.0588235294117647,2.0,3.465,0.09,0.0
36,COPOC,APS,0.13,0.885,2.475,1.475,1.0434782608695652,2.0,3.3211538461538463,0.12,0.0
36,COPOC,APS,0.15000000000000002,0.855,2.255,1.255,1.0344827586206897,2.0,3.255,0.15,0.0
36,COPOC,APS,0.18000000000000005,0.85,2.115,1.115,1.0333333333333334,2.0,2.8372222222222216,0.155,0.0
36,COPOC,APS,0.19999999999999996,0.835,2.03,1.03,1.0909090909090908,2.0,2.83,0.18,0.0
36,COPOC,LAC,0.010000000000000009,0.995,4.3,3.3,1.0,1.0,4.299999999999999,0.005,0.0
36,COPOC,LAC,0.020000000000000018,0.995,4.165,3.165,1.0,1.0,3.6649999999999996,0.005,0.0
36,COPOC,LAC,0.030000000000000027,0.98,3.805,2.805,1.0,1.0,4.138333333333333,0.02,0.0
36,COPOC,LAC,0.050000000000000044,0.96,3.33,2.33,1.0,1.0,3.929999999999999,0.04,0.0
36,COPOC,LAC,0.07999999999999996,0.935,2.73,1.73,1.0769230769230769,2.0,3.4800000000000013,0.07,0.0
36,COPOC,LAC,0.09999999999999998,0.895,2.385,1.385,1.0476190476190477,2.0,3.585,0.11,0.0
36,COPOC,LAC,0.13,0.86,2.14,1.14,1.0357142857142858,2.0,3.3707692307692305,0.145,0.0
36,COPOC,LAC,0.15000000000000002,0.85,2.065,1.065,1.0333333333333334,2.0,3.1316666666666664,0.155,0.0
36,COPOC,LAC,0.18000000000000005,0.83,1.96,0.96,1.0294117647058822,2.0,2.904444444444444,0.175,0.0
36,COPOC,LAC,0.19999999999999996,0.82,1.86,0.86,1.0277777777777777,2.0,2.71,0.185,0.0
37,COPOC,min-CPS,0.010000000000000009,0.995,4.415,3.415,1.0,1.0,4.414999999999999,0.005,0.0
37,COPOC,min-CPS,0.020000000000000018,0.995,4.245,3.245,1.0,1.0,3.744999999999999,0.005,0.0
37,COPOC,min-CPS,0.030000000000000027,0.995,4.175,3.175,1.0,1.0,3.5083333333333333,0.005,0.0
37,COPOC,min-CPS,0.050000000000000044,0.975,3.52,2.52,1.0,1.0,3.5199999999999987,0.025,0.0
37,COPOC,min-CPS,0.07999999999999996,0.91,2.915,1.915,1.0555555555555556,2.0,4.290000000000002,0.095,0.0
37,COPOC,min-CPS,0.09999999999999998,0.875,2.815,1.815,1.04,2.0,4.415,0.13,0.0
37,COPOC,min-CPS,0.13,0.855,2.67,1.67,1.0344827586206897,2.0,3.977692307692308,0.15,0.0
37,COPOC,min-CPS,0.15000000000000002,0.825,2.63,1.63,1.0571428571428572,2.0,4.096666666666667,0.185,0.0
37,COPOC,min-CPS,0.18000000000000005,0.825,2.585,1.585,1.0571428571428572,2.0,3.640555555555555,0.185,0.0
37,COPOC,min-CPS,0.19999999999999996,0.785,2.12,1.12,1.0930232558139534,2.0,3.47,0.235,0.0
37,COPOC,RPS,0.010000000000000009,0.995,3.875,2.875,1.0,1.0,3.8749999999999987,0.005,0.0
37,COPOC,RPS,0.020000000000000018,0.99,3.52,2.52,1.0,1.0,3.5199999999999987,0.01,0.0
37,COPOC,RPS,0.030000000000000027,0.99,3.48,2.48,1.0,1.0,3.1466666666666665,0.01,0.0
37,COPOC,RPS,0.050000000000000044,0.965,3.01,2.01,1.0,1.0,3.409999999999999,0.035,0.0
37,COPOC,RPS,0.07999999999999996,0.915,2.51,1.51,1.0588235294117647,2.0,3.760000000000001,0.09,0.0
37,COPOC,RPS,0.09999999999999998,0.905,2.295,1.295,1.0526315789473684,2.0,3.295,0.1,0.0
37,COPOC,RPS,0.13,0.83,1.98,0.98,1.0294117647058822,2.0,3.6723076923076916,0.175,0.0
37,COPOC,RPS,0.15000000000000002,0.795,1.84,0.84,1.048780487804878,2.0,3.706666666666666,0.215,0.0
37,COPOC,RPS,0.18000000000000005,0.76,1.65,0.65,1.0416666666666667,2.0,3.427777777777777,0.25,0.0
37,COPOC,RPS,0.19999999999999996,0.745,1.545,0.545,1.0392156862745099,2.0,3.1950000000000007,0.265,0.0
37,COPOC,OCDF,0.010000000000000009,0.975,4.29,3.29,1.0,1.0,8.289999999999996,0.025,0.0
37,COPOC,OCDF,0.020000000000000018,0.965,3.95,2.95,1.0,1.0,6.4499999999999975,0.035,0.0
37,COPOC,OCDF,0.030000000000000027,0.965,3.945,2.945,1.0,1.0,5.278333333333332,0.035,0.0
37,COPOC,OCDF,0.050000000000000044,0.935,3.68,2.68,1.0,1.0,5.279999999999998,0.065,0.0
37,COPOC,OCDF,0.07999999999999996,0.88,3.255,2.255,1.125,2.0,5.630000000000003,0.135,0.0
37,COPOC,OCDF,0.09999999999999998,0.865,3.15,2.15,1.1851851851851851,2.0,5.35,0.16,0.0
37,COPOC,OCDF,0.13,0.835,3.005,2.005,1.1818181818181819,2.0,5.005,0.195,0.0
37,COPOC,OCDF,0.15000000000000002,0.82,2.9,1.9,1.1666666666666667,2.0,4.699999999999999,0.21,0.0
37,COPOC,OCDF,0.18000000000000005,0.76,2.515,1.515,1.1666666666666667,2.0,4.62611111111111,0.28,0.0
37,COPOC,OCDF,0.19999999999999996,0.76,2.47,1.47,1.1666666666666667,2.0,4.27,0.28,0.0
37,COPOC,APS,0.010000000000000009,0.995,4.41,3.41,1.0,1.0,4.409999999999999,0.005,0.0
37,COPOC,APS,0.020000000000000018,0.995,4.12,3.12,1.0,1.0,3.619999999999999,0.005,0.0
37,COPOC,APS,0.030000000000000027,0.995,3.905,2.905,1.0,1.0,3.2383333333333333,0.005,0.0
37,COPOC,APS,0.050000000000000044,0.955,3.165,2.165,1.1111111111111112,2.0,4.164999999999999,0.05,0.0
37,COPOC,APS,0.07999999999999996,0.925,2.865,1.865,1.0666666666666667,2.0,3.865000000000001,0.08,0.0
37,COPOC,APS,0.09999999999999998,0.925,2.77,1.77,1.0666666666666667,2.0,3.37,0.08,0.0
37,COPOC,APS,0.13,0.875,2.405,1.405,1.04,2.0,3.405,0.13,0.0
37,COPOC,APS,0.15000000000000002,0.865,2.225,1.225,1.0740740740740742,2.0,3.158333333333333,0.145,0.0
37,COPOC,APS,0.18000000000000005,0.825,1.985,0.985,1.0571428571428572,2.0,3.040555555555555,0.185,0.0
37,COPOC,APS,0.19999999999999996,0.795,1.87,0.87,1.048780487804878,2.0,3.02,0.215,0.0
37,COPOC,LAC,0.010000000000000009,0.995,4.34,3.34,1.0,1.0,4.339999999999999,0.005,0.0
37,COPOC,LAC,0.020000000000000018,0.995,4.175,3.175,1.0,1.0,3.6749999999999994,0.005,0.0
37,COPOC,LAC,0.030000000000000027,0.995,4.16,3.16,1.0,1.0,3.493333333333333,0.005,0.0
37,COPOC,LAC,0.050000000000000044,0.975,3.38,2.38,1.0,1.0,3.379999999999999,0.025,0.0
37,COPOC,LAC,0.07999999999999996,0.925,2.655,1.655,1.0666666666666667,2.0,3.655000000000001,0.08,0.0
37,COPOC,LAC,0.09999999999999998,0.89,2.345,1.345,1.0454545454545454,2.0,3.645,0.115,0.0
37,COPOC,LAC,0.13,0.85,2.1,1.1,1.0666666666666667,2.0,3.5615384615384613,0.16,0.0
37,COPOC,LAC,0.15000000000000002,0.825,1.965,0.965,1.0857142857142856,2.0,3.4983333333333326,0.19,0.0
37,COPOC,LAC,0.18000000000000005,0.78,1.735,0.735,1.0681818181818181,2.0,3.346111111111111,0.235,0.0
37,COPOC,LAC,0.19999999999999996,0.765,1.7,0.7,1.0638297872340425,2.0,3.2,0.25,0.0
38,COPOC,min-CPS,0.010000000000000009,0.995,4.38,3.38,1.0,1.0,4.379999999999999,0.005,0.0
38,COPOC,min-CPS,0.020000000000000018,0.985,4.165,3.165,1.0,1.0,4.664999999999999,0.015,0.0
38,COPOC,min-CPS,0.030000000000000027,0.98,3.715,2.715,1.0,1.0,4.048333333333333,0.02,0.0
38,COPOC,min-CPS,0.050000000000000044,0.935,3.2,2.2,1.0769230769230769,2.0,4.999999999999997,0.07,0.0
38,COPOC,min-CPS,0.07999999999999996,0.93,2.98,1.98,1.0714285714285714,2.0,3.8550000000000013,0.075,0.0
38,COPOC,min-CPS,0.09999999999999998,0.9,2.855,1.855,1.05,2.0,3.955,0.105,0.0
38,COPOC,min-CPS,0.13,0.875,2.665,1.665,1.04,2.0,3.665,0.13,0.0
38,COPOC,min-CPS,0.15000000000000002,0.87,2.665,1.665,1.0384615384615385,2.0,3.4649999999999994,0.135,0.0
38,COPOC,min-CPS,0.18000000000000005,0.84,2.595,1.595,1.03125,2.0,3.428333333333333,0.165,0.0
38,COPOC,min-CPS,0.19999999999999996,0.82,2.49,1.49,1.0555555555555556,2.0,3.39,0.19,0.0
38,COPOC,RPS,0.010000000000000009,0.995,3.88,2.88,1.0,1.0,3.879999999999999,0.005,0.0
38,COPOC,RPS,0.020000000000000018,0.995,3.745,2.745,1.0,1.0,3.244999999999999,0.005,0.0
38,COPOC,RPS,0.030000000000000027,0.975,3.25,2.25,1.0,1.0,3.916666666666665,0.025,0.0
38,COPOC,RPS,0.050000000000000044,0.935,2.725,1.725,1.0,1.0,4.3249999999999975,0.065,0.0
38,COPOC,RPS,0.07999999999999996,0.905,2.345,1.345,1.0526315789473684,2.0,3.845000000000001,0.1,0.0
38,COPOC,RPS,0.09999999999999998,0.89,2.17,1.17,1.0454545454545454,2.0,3.47,0.115,0.0
38,COPOC,RPS,0.13,0.89,2.14,1.14,1.0454545454545454,2.0,2.909230769230769,0.115,0.0
38,COPOC,RPS,0.15000000000000002,0.875,2.01,1.01,1.04,2.0,2.743333333333333,0.13,0.0
38,COPOC,RPS,0.18000000000000005,0.85,1.905,0.905,1.0333333333333334,2.0,2.6272222222222217,0.155,0.0
38,COPOC,RPS,0.19999999999999996,0.815,1.82,0.82,1.054054054054054,2.0,2.77,0.195,0.0
38,COPOC,OCDF,0.010000000000000009,0.995,4.825,3.825,1.0,1.0,4.824999999999999,0.005,0.0
38,COPOC,OCDF,0.020000000000000018,0.99,4.48,3.48,1.0,1.0,4.479999999999999,0.01,0.0
38,COPOC,OCDF,0.030000000000000027,0.985,4.12,3.12,1.0,1.0,4.119999999999999,0.015,0.0
38,COPOC,OCDF,0.050000000000000044,0.91,3.58,2.58,1.0,1.0,6.179999999999998,0.09,0.0
38,COPOC,OCDF,0.07999999999999996,0.9,3.26,2.26,1.1,2.0,5.0100000000000025,0.11,0.0
38,COPOC,OCDF,0.09999999999999998,0.86,3.095,2.095,1.0714285714285714,2.0,5.095,0.15,0.0
38,COPOC,OCDF,0.13,0.81,2.87,1.87,1.0789473684210527,2.0,5.023846153846153,0.205,0.0
38,COPOC,OCDF,0.15000000000000002,0.775,2.69,1.69,1.0666666666666667,2.0,4.89,0.24,0.0
38,COPOC,OCDF,0.18000000000000005,0.745,2.45,1.45,1.0980392156862746,2.0,4.56111111111111,0.28,0.0
38,COPOC,OCDF,0.19999999999999996,0.715,2.265,1.265,1.087719298245614,2.0,4.365,0.31,0.0
38,COPOC,APS,0.010000000000000009,1.0,4.465,3.465,,0.0,3.465,0.0,0.0
38,COPOC,APS,0.020000000000000018,1.0,4.295,3.295,,0.0,3.295,0.0,0.0
38,COPOC,APS,0.030000000000000027,0.97,3.67,2.67,1.0,1.0,4.669999999999998,0.03,0.0
38,COPOC,APS,0.050000000000000044,0.94,3.245,2.245,1.0,1.0,4.644999999999999,0.06,0.0
38,COPOC,APS,0.07999999999999996,0.9,2.765,1.765,1.05,2.0,4.3900000000000015,0.105,0.0
38,COPOC,APS,0.09999999999999998,0.88,2.565,1.565,1.0416666666666667,2.0,4.065,0.125,0.0
38,COPOC,APS,0.13,0.845,2.285,1.285,1.032258064516129,2.0,3.7465384615384614,0.16,0.0
38,COPOC,APS,0.15000000000000002,0.83,2.215,1.215,1.0294117647058822,2.0,3.5483333333333333,0.175,0.0
38,COPOC,APS,0.18000000000000005,0.8,1.955,0.955,1.075,2.0,3.343888888888888,0.215,0.0
38,COPOC,APS,0.19999999999999996,0.745,1.765,0.765,1.0588235294117647,2.0,3.465,0.27,0.0
38,COPOC,LAC,0.010000000000000009,0.995,4.34,3.34,1.0,1.0,4.339999999999999,0.005,0.0
38,COPOC,LAC,0.020000000000000018,0.995,4.205,3.205,1.0,1.0,3.7049999999999996,0.005,0.0
38,COPOC,LAC,0.030000000000000027,0.965,3.725,2.725,1.0,1.0,5.058333333333332,0.035,0.0
38,COPOC,LAC,0.050000000000000044,0.95,3.1,2.1,1.0,1.0,4.099999999999998,0.05,0.0
38,COPOC,LAC,0.07999999999999996,0.92,2.705,1.705,1.0625,2.0,3.830000000000001,0.085,0.0
38,COPOC,LAC,0.09999999999999998,0.895,2.4,1.4,1.0476190476190477,2.0,3.6,0.11,0.0
38,COPOC,LAC,0.13,0.835,2.07,1.07,1.0606060606060606,2.0,3.762307692307692,0.175,0.0
38,COPOC,LAC,0.15000000000000002,0.815,1.97,0.97,1.0810810810810811,2.0,3.6366666666666663,0.2,0.0
38,COPOC,LAC,0.18000000000000005,0.77,1.735,0.735,1.065217391304348,2.0,3.4572222222222218,0.245,0.0
38,COPOC,LAC,0.19999999999999996,0.765,1.715,0.715,1.0638297872340425,2.0,3.215,0.25,0.0
39,COPOC,min-CPS,0.010000000000000009,0.995,4.38,3.38,1.0,1.0,4.379999999999999,0.005,0.0
39,COPOC,min-CPS,0.020000000000000018,0.98,3.915,2.915,1.0,1.0,4.914999999999998,0.02,0.0
39,COPOC,min-CPS,0.030000000000000027,0.98,3.7,2.7,1.0,1.0,4.033333333333332,0.02,0.0
39,COPOC,min-CPS,0.050000000000000044,0.925,3.09,2.09,1.0666666666666667,2.0,5.289999999999997,0.08,0.0
39,COPOC,min-CPS,0.07999999999999996,0.91,2.955,1.955,1.0555555555555556,2.0,4.330000000000001,0.095,0.0
39,COPOC,min-CPS,0.09999999999999998,0.9,2.875,1.875,1.05,2.0,3.975,0.105,0.0
39,COPOC,min-CPS,0.13,0.86,2.65,1.65,1.0714285714285714,2.0,3.957692307692307,0.15,0.0
39,COPOC,min-CPS,0.15000000000000002,0.85,2.62,1.62,1.0666666666666667,2.0,3.753333333333333,0.16,0.0
39,COPOC,min-CPS,0.18000000000000005,0.825,2.545,1.545,1.0571428571428572,2.0,3.600555555555555,0.185,0.0
39,COPOC,min-CPS,0.19999999999999996,0.805,2.135,1.135,1.1282051282051282,2.0,3.335,0.22,0.0
39,COPOC,RPS,0.010000000000000009,0.99,3.8,2.8,1.0,1.0,4.799999999999998,0.01,0.0
39,COPOC,RPS,0.020000000000000018,0.99,3.525,2.525,1.0,1.0,3.524999999999999,0.01,0.0
39,COPOC,RPS,0.030000000000000027,0.95,3.055,2.055,1.0,1.0,5.38833333333333,0.05,0.0
39,COPOC,RPS,0.050000000000000044,0.93,2.71,1.71,1.0,1.0,4.509999999999998,0.07,0.0
39,COPOC,RPS,0.07999999999999996,0.89,2.31,1.31,1.0454545454545454,2.0,4.185000000000002,0.115,0.0
39,COPOC,RPS,0.09999999999999998,0.865,2.175,1.175,1.037037037037037,2.0,3.975,0.14,0.0
39,COPOC,RPS,0.13,0.855,2.02,1.02,1.0344827586206897,2.0,3.327692307692307,0.15,0.0
39,COPOC,RPS,0.15000000000000002,0.835,1.875,0.875,1.0303030303030303,2.0,3.141666666666666,0.17,0.0
39,COPOC,RPS,0.18000000000000005,0.825,1.845,0.845,1.0285714285714285,2.0,2.8449999999999993,0.18,0.0
39,COPOC,RPS,0.19999999999999996,0.795,1.72,0.72,1.0731707317073171,2.0,2.92,0.22,0.0
39,COPOC,OCDF,0.010000000000000009,0.995,4.83,3.83,1.0,1.0,4.829999999999999,0.005,0.0
39,COPOC,OCDF,0.020000000000000018,0.975,4.18,3.18,1.0,1.0,5.679999999999998,0.025,0.0
39,COPOC,OCDF,0.030000000000000027,0.965,3.965,2.965,1.0,1.0,5.298333333333333,0.035,0.0
39,COPOC,OCDF,0.050000000000000044,0.93,3.72,2.72,1.0,1.0,5.519999999999998,0.07,0.0
39,COPOC,OCDF,0.07999999999999996,0.92,3.395,2.395,1.125,2.0,4.645000000000001,0.09,0.0
39,COPOC,OCDF,0.09999999999999998,0.91,3.235,2.235,1.1111111111111112,2.0,4.235,0.1,0.0
39,COPOC,OCDF,0.13,0.905,3.205,2.205,1.105263157894737,2.0,3.8203846153846155,0.105,0.0
39,COPOC,OCDF,0.15000000000000002,0.855,2.92,1.92,1.1379310344827587,2.0,4.119999999999999,0.165,0.0
39,COPOC,OCDF,0.18000000000000005,0.82,2.715,1.715,1.1388888888888888,2.0,3.992777777777777,0.205,0.0
39,COPOC,OCDF,0.19999999999999996,0.805,2.59,1.59,1.1282051282051282,2.0,3.79,0.22,0.0
39,COPOC,APS,0.010000000000000009,1.0,4.505,3.505,,0.0,3.505,0.0,0.0
39,COPOC,APS,0.020000000000000018,0.995,4.075,3.075,1.0,1.0,3.5749999999999993,0.005,0.0
39,COPOC,APS,0.030000000000000027,0.955,3.485,2.485,1.0,1.0,5.484999999999998,0.045,0.0
39,COPOC,APS,0.050000000000000044,0.95,3.205,2.205,1.0,1.0,4.204999999999998,0.05,0.0
39,COPOC,APS,0.07999999999999996,0.93,2.92,1.92,1.0714285714285714,2.0,3.7950000000000013,0.075,0.0
39,COPOC,APS,0.09999999999999998,0.885,2.66,1.66,1.0869565217391304,2.0,4.16,0.125,0.0
39,COPOC,APS,0.13,0.86,2.475,1.475,1.0714285714285714,2.0,3.782692307692307,0.15,0.0
39,COPOC,APS,0.15000000000000002,0.85,2.29,1.29,1.0666666666666667,2.0,3.4233333333333333,0.16,0.0
39,COPOC,APS,0.18000000000000005,0.84,2.01,1.01,1.09375,2.0,2.954444444444444,0.175,0.0
39,COPOC,APS,0.19999999999999996,0.835,1.97,0.97,1.0909090909090908,2.0,2.77,0.18,0.0
39,COPOC,LAC,0.010000000000000009,0.995,4.36,3.36,1.0,1.0,4.3599999999999985,0.005,0.0
39,COPOC,LAC,0.020000000000000018,0.975,3.815,2.815,1.0,1.0,5.314999999999998,0.025,0.0
39,COPOC,LAC,0.030000000000000027,0.965,3.71,2.71,1.0,1.0,5.043333333333332,0.035,0.0
39,COPOC,LAC,0.050000000000000044,0.95,3.155,2.155,1.0,1.0,4.1549999999999985,0.05,0.0
39,COPOC,LAC,0.07999999999999996,0.925,2.72,1.72,1.0666666666666667,2.0,3.720000000000001,0.08,0.0
39,COPOC,LAC,0.09999999999999998,0.88,2.295,1.295,1.0833333333333333,2.0,3.895,0.13,0.0
39,COPOC,LAC,0.13,0.85,2.09,1.09,1.0666666666666667,2.0,3.5515384615384606,0.16,0.0
39,COPOC,LAC,0.15000000000000002,0.85,2.06,1.06,1.0666666666666667,2.0,3.1933333333333334,0.16,0.0
39,COPOC,LAC,0.18000000000000005,0.83,1.945,0.945,1.088235294117647,2.0,3.0005555555555556,0.185,0.0
39,COPOC,LAC,0.19999999999999996,0.785,1.685,0.685,1.0930232558139534,2.0,3.035,0.235,0.0
40,COPOC,min-CPS,0.010000000000000009,0.995,4.385,3.385,1.0,1.0,4.384999999999999,0.005,0.0
40,COPOC,min-CPS,0.020000000000000018,0.975,3.76,2.76,1.0,1.0,5.259999999999998,0.025,0.0
40,COPOC,min-CPS,0.030000000000000027,0.955,3.46,2.46,1.0,1.0,5.459999999999997,0.045,0.0
40,COPOC,min-CPS,0.050000000000000044,0.935,3.325,2.325,1.0769230769230769,2.0,5.124999999999997,0.07,0.0
40,COPOC,min-CPS,0.07999999999999996,0.895,2.875,1.875,1.0476190476190477,2.0,4.625000000000001,0.11,0.0
40,COPOC,min-CPS,0.09999999999999998,0.88,2.815,1.815,1.0416666666666667,2.0,4.315,0.125,0.0
40,COPOC,min-CPS,0.13,0.835,2.65,1.65,1.0303030303030303,2.0,4.265384615384615,0.17,0.0
40,COPOC,min-CPS,0.15000000000000002,0.815,2.625,1.625,1.054054054054054,2.0,4.225,0.195,0.0
40,COPOC,min-CPS,0.18000000000000005,0.82,2.55,1.55,1.0555555555555556,2.0,3.661111111111111,0.19,0.0
40,COPOC,min-CPS,0.19999999999999996,0.785,2.055,1.055,1.1162790697674418,2.0,3.455,0.24,0.0
40,COPOC,RPS,0.010000000000000009,0.995,3.87,2.87,1.0,1.0,3.8699999999999988,0.005,0.0
40,COPOC,RPS,0.020000000000000018,0.98,3.48,2.48,1.0,1.0,4.479999999999999,0.02,0.0
40,COPOC,RPS,0.030000000000000027,0.945,3.01,2.01,1.0,1.0,5.676666666666664,0.055,0.0
40,COPOC,RPS,0.050000000000000044,0.94,2.88,1.88,1.0,1.0,4.279999999999998,0.06,0.0
40,COPOC,RPS,0.07999999999999996,0.895,2.3,1.3,1.0476190476190477,2.0,4.050000000000002,0.11,0.0
40,COPOC,RPS,0.09999999999999998,0.875,2.205,1.205,1.04,2.0,3.805,0.13,0.0
40,COPOC,RPS,0.13,0.825,1.955,0.955,1.0285714285714285,2.0,3.7242307692307692,0.18,0.0
40,COPOC,RPS,0.15000000000000002,0.82,1.875,0.875,1.0277777777777777,2.0,3.3416666666666663,0.185,0.0
40,COPOC,RPS,0.18000000000000005,0.78,1.735,0.735,1.0454545454545454,2.0,3.2905555555555552,0.23,0.0
40,COPOC,RPS,0.19999999999999996,0.765,1.605,0.605,1.0425531914893618,2.0,3.055,0.245,0.0
40,COPOC,OCDF,0.010000000000000009,0.995,4.885,3.885,1.0,1.0,4.884999999999999,0.005,0.0
40,COPOC,OCDF,0.020000000000000018,0.97,3.945,2.945,1.0,1.0,5.944999999999998,0.03,0.0
40,COPOC,OCDF,0.030000000000000027,0.97,3.91,2.91,1.0,1.0,4.909999999999999,0.03,0.0
40,COPOC,OCDF,0.050000000000000044,0.96,3.79,2.79,1.0,1.0,4.389999999999999,0.04,0.0
40,COPOC,OCDF,0.07999999999999996,0.935,3.485,2.485,1.1538461538461537,2.0,4.360000000000001,0.075,0.0
40,COPOC,OCDF,0.09999999999999998,0.905,3.265,2.265,1.105263157894737,2.0,4.365,0.105,0.0
40,COPOC,OCDF,0.13,0.855,3.02,2.02,1.1379310344827587,2.0,4.558461538461538,0.165,0.0
40,COPOC,OCDF,0.15000000000000002,0.84,2.9,1.9,1.125,2.0,4.3,0.18,0.0
40,COPOC,OCDF,0.18000000000000005,0.825,2.78,1.78,1.1428571428571428,2.0,4.002222222222222,0.2,0.0
40,COPOC,OCDF,0.19999999999999996,0.805,2.63,1.63,1.1282051282051282,2.0,3.83,0.22,0.0
40,COPOC,APS,0.010000000000000009,0.98,4.055,3.055,1.0,1.0,7.054999999999996,0.02,0.0
40,COPOC,APS,0.020000000000000018,0.97,3.85,2.85,1.0,1.0,5.849999999999998,0.03,0.0
40,COPOC,APS,0.030000000000000027,0.96,3.72,2.72,1.0,1.0,5.386666666666665,0.04,0.0
40,COPOC,APS,0.050000000000000044,0.935,3.23,2.23,1.0769230769230769,2.0,5.029999999999998,0.07,0.0
40,COPOC,APS,0.07999999999999996,0.905,2.765,1.765,1.0526315789473684,2.0,4.2650000000000015,0.1,0.0
40,COPOC,APS,0.09999999999999998,0.88,2.51,1.51,1.0416666666666667,2.0,4.01,0.125,0.0
40,COPOC,APS,0.13,0.85,2.26,1.26,1.0333333333333334,2.0,3.6446153846153844,0.155,0.0
40,COPOC,APS,0.15000000000000002,0.82,2.115,1.115,1.0555555555555556,2.0,3.648333333333333,0.19,0.0
40,COPOC,APS,0.18000000000000005,0.785,1.9,0.9,1.1162790697674418,2.0,3.5666666666666655,0.24,0.0
40,COPOC,APS,0.19999999999999996,0.775,1.805,0.805,1.1333333333333333,2.0,3.355,0.255,0.0
40,COPOC,LAC,0.010000000000000009,0.995,4.335,3.335,1.0,1.0,4.334999999999999,0.005,0.0
40,COPOC,LAC,0.020000000000000018,0.96,3.82,2.82,1.0,1.0,6.819999999999997,0.04,0.0
40,COPOC,LAC,0.030000000000000027,0.945,3.32,2.32,1.0,1.0,5.986666666666663,0.055,0.0
40,COPOC,LAC,0.050000000000000044,0.93,2.885,1.885,1.0,1.0,4.684999999999998,0.07,0.0
40,COPOC,LAC,0.07999999999999996,0.87,2.335,1.335,1.0384615384615385,2.0,4.710000000000002,0.135,0.0
40,COPOC,LAC,0.09999999999999998,0.85,2.195,1.195,1.0333333333333334,2.0,4.295000000000001,0.155,0.0
40,COPOC,LAC,0.13,0.84,2.045,1.045,1.0625,2.0,3.660384615384615,0.17,0.0
40,COPOC,LAC,0.15000000000000002,0.815,1.94,0.94,1.0810810810810811,2.0,3.6066666666666665,0.2,0.0
40,COPOC,LAC,0.18000000000000005,0.785,1.78,0.78,1.069767441860465,2.0,3.3355555555555543,0.23,0.0
40,COPOC,LAC,0.19999999999999996,0.77,1.74,0.74,1.065217391304348,2.0,3.19,0.245,0.0
41,COPOC,min-CPS,0.010000000000000009,0.98,4.175,3.175,1.0,1.0,7.174999999999996,0.02,0.0
41,COPOC,min-CPS,0.020000000000000018,0.98,3.875,2.875,1.0,1.0,4.874999999999998,0.02,0.0
41,COPOC,min-CPS,0.030000000000000027,0.975,3.615,2.615,1.0,1.0,4.281666666666665,0.025,0.0
41,COPOC,min-CPS,0.050000000000000044,0.965,3.325,2.325,1.0,1.0,3.7249999999999988,0.035,0.0
41,COPOC,min-CPS,0.07999999999999996,0.92,2.895,1.895,1.125,2.0,4.145000000000001,0.09,0.0
41,COPOC,min-CPS,0.09999999999999998,0.92,2.87,1.87,1.125,2.0,3.67,0.09,0.0
41,COPOC,min-CPS,0.13,0.895,2.665,1.665,1.0952380952380953,2.0,3.434230769230769,0.115,0.0
41,COPOC,min-CPS,0.15000000000000002,0.89,2.64,1.64,1.0909090909090908,2.0,3.24,0.12,0.0
41,COPOC,min-CPS,0.18000000000000005,0.875,2.61,1.61,1.08,2.0,3.1099999999999994,0.135,0.0
41,COPOC,min-CPS,0.19999999999999996,0.835,2.525,1.525,1.0606060606060606,2.0,3.275,0.175,0.0
41,COPOC,RPS,0.010000000000000009,0.99,3.8,2.8,1.0,1.0,4.799999999999998,0.01,0.0
41,COPOC,RPS,0.020000000000000018,0.98,3.49,2.49,1.0,1.0,4.489999999999998,0.02,0.0
41,COPOC,RPS,0.030000000000000027,0.98,3.27,2.27,1.0,1.0,3.6033333333333326,0.02,0.0
41,COPOC,RPS,0.050000000000000044,0.965,3.025,2.025,1.0,1.0,3.424999999999999,0.035,0.0
41,COPOC,RPS,0.07999999999999996,0.925,2.485,1.485,1.1333333333333333,2.0,3.610000000000001,0.085,0.0
41,COPOC,RPS,0.09999999999999998,0.91,2.235,1.235,1.1111111111111112,2.0,3.235,0.1,0.0
41,COPOC,RPS,0.13,0.875,2.045,1.045,1.08,2.0,3.121923076923076,0.135,0.0
41,COPOC,RPS,0.15000000000000002,0.875,2.015,1.015,1.08,2.0,2.815,0.135,0.0
41,COPOC,RPS,0.18000000000000005,0.86,1.92,0.92,1.0714285714285714,2.0,2.5866666666666664,0.15,0.0
41,COPOC,RPS,0.19999999999999996,0.845,1.895,0.895,1.064516129032258,2.0,2.545,0.165,0.0
41,COPOC,OCDF,0.010000000000000009,0.995,4.85,3.85,1.0,1.0,4.849999999999999,0.005,0.0
41,COPOC,OCDF,0.020000000000000018,0.97,3.86,2.86,1.0,1.0,5.859999999999998,0.03,0.0
41,COPOC,OCDF,0.030000000000000027,0.965,3.825,2.825,1.0,1.0,5.158333333333332,0.035,0.0
41,COPOC,OCDF,0.050000000000000044,0.93,3.56,2.56,1.0,1.0,5.359999999999998,0.07,0.0
41,COPOC,OCDF,0.07999999999999996,0.915,3.3,2.3,1.0588235294117647,2.0,4.550000000000001,0.09,0.0
41,COPOC,OCDF,0.09999999999999998,0.9,3.135,2.135,1.05,2.0,4.235,0.105,0.0
41,COPOC,OCDF,0.13,0.83,2.775,1.775,1.1176470588235294,2.0,4.698076923076923,0.19,0.0
41,COPOC,OCDF,0.15000000000000002,0.82,2.7,1.7,1.1111111111111112,2.0,4.366666666666666,0.2,0.0
41,COPOC,OCDF,0.18000000000000005,0.79,2.535,1.535,1.119047619047619,2.0,4.14611111111111,0.235,0.0
41,COPOC,OCDF,0.19999999999999996,0.735,2.21,1.21,1.150943396226415,2.0,4.26,0.305,0.0
41,COPOC,APS,0.010000000000000009,0.995,4.32,3.32,1.0,1.0,4.3199999999999985,0.005,0.0
41,COPOC,APS,0.020000000000000018,0.985,4.02,3.02,1.0,1.0,4.519999999999999,0.015,0.0
41,COPOC,APS,0.030000000000000027,0.97,3.59,2.59,1.1666666666666667,2.0,4.923333333333332,0.035,0.0
41,COPOC,APS,0.050000000000000044,0.95,3.205,2.205,1.1,2.0,4.4049999999999985,0.055,0.0
41,COPOC,APS,0.07999999999999996,0.92,2.72,1.72,1.125,2.0,3.970000000000001,0.09,0.0
41,COPOC,APS,0.09999999999999998,0.9,2.555,1.555,1.1,2.0,3.755,0.11,0.0
41,COPOC,APS,0.13,0.89,2.315,1.315,1.0909090909090908,2.0,3.161153846153846,0.12,0.0
41,COPOC,APS,0.15000000000000002,0.875,2.215,1.215,1.12,2.0,3.081666666666666,0.14,0.0
41,COPOC,APS,0.18000000000000005,0.82,2.02,1.02,1.0833333333333333,2.0,3.186666666666666,0.195,0.0
41,COPOC,APS,0.19999999999999996,0.805,1.865,0.865,1.1025641025641026,2.0,3.015,0.215,0.0
41,COPOC,LAC,0.010000000000000009,0.985,4.155,3.155,1.0,1.0,6.154999999999998,0.015,0.0
41,COPOC,LAC,0.020000000000000018,0.98,3.89,2.89,1.0,1.0,4.889999999999998,0.02,0.0
41,COPOC,LAC,0.030000000000000027,0.97,3.745,2.745,1.0,1.0,4.744999999999999,0.03,0.0
41,COPOC,LAC,0.050000000000000044,0.935,2.845,1.845,1.0,1.0,4.444999999999998,0.065,0.0
41,COPOC,LAC,0.07999999999999996,0.925,2.665,1.665,1.1333333333333333,2.0,3.790000000000001,0.085,0.0
41,COPOC,LAC,0.09999999999999998,0.92,2.56,1.56,1.125,2.0,3.36,0.09,0.0
41,COPOC,LAC,0.13,0.9,2.315,1.315,1.1,2.0,3.0073076923076925,0.11,0.0
41,COPOC,LAC,0.15000000000000002,0.875,2.15,1.15,1.12,2.0,3.016666666666666,0.14,0.0
41,COPOC,LAC,0.18000000000000005,0.86,2.01,1.01,1.1071428571428572,2.0,2.7322222222222217,0.155,0.0
41,COPOC,LAC,0.19999999999999996,0.85,1.975,0.975,1.1,2.0,2.625,0.165,0.0
42,COPOC,min-CPS,0.010000000000000009,0.98,4.155,3.155,1.0,1.0,7.154999999999997,0.02,0.0
42,COPOC,min-CPS,0.020000000000000018,0.97,3.66,2.66,1.0,1.0,5.6599999999999975,0.03,0.0
42,COPOC,min-CPS,0.030000000000000027,0.97,3.485,2.485,1.0,1.0,4.4849999999999985,0.03,0.0
42,COPOC,min-CPS,0.050000000000000044,0.955,3.325,2.325,1.0,1.0,4.124999999999999,0.045,0.0
42,COPOC,min-CPS,0.07999999999999996,0.945,3.02,2.02,1.1818181818181819,2.0,3.6450000000000014,0.065,0.0
42,COPOC,min-CPS,0.09999999999999998,0.91,2.835,1.835,1.1111111111111112,2.0,3.835,0.1,0.0
42,COPOC,min-CPS,0.13,0.9,2.65,1.65,1.15,2.0,3.419230769230769,0.115,0.0
42,COPOC,min-CPS,0.15000000000000002,0.875,2.635,1.635,1.12,2.0,3.5016666666666665,0.14,0.0
42,COPOC,min-CPS,0.18000000000000005,0.845,2.585,1.585,1.1290322580645162,2.0,3.529444444444444,0.175,0.0
42,COPOC,min-CPS,0.19999999999999996,0.835,2.515,1.515,1.121212121212121,2.0,3.365,0.185,0.0
42,COPOC,RPS,0.010000000000000009,0.97,3.44,2.44,1.0,1.0,8.439999999999996,0.03,0.0
42,COPOC,RPS,0.020000000000000018,0.97,3.275,2.275,1.0,1.0,5.274999999999998,0.03,0.0
42,COPOC,RPS,0.030000000000000027,0.965,3.225,2.225,1.0,1.0,4.558333333333332,0.035,0.0
42,COPOC,RPS,0.050000000000000044,0.955,2.965,1.965,1.0,1.0,3.764999999999999,0.045,0.0
42,COPOC,RPS,0.07999999999999996,0.94,2.63,1.63,1.1666666666666667,2.0,3.3800000000000012,0.07,0.0
42,COPOC,RPS,0.09999999999999998,0.94,2.52,1.52,1.1666666666666667,2.0,2.92,0.07,0.0
42,COPOC,RPS,0.13,0.935,2.305,1.305,1.1538461538461537,2.0,2.4588461538461535,0.075,0.0
42,COPOC,RPS,0.15000000000000002,0.89,2.065,1.065,1.0909090909090908,2.0,2.665,0.12,0.0
42,COPOC,RPS,0.18000000000000005,0.86,1.9,0.9,1.0714285714285714,2.0,2.5666666666666664,0.15,0.0
42,COPOC,RPS,0.19999999999999996,0.845,1.855,0.855,1.096774193548387,2.0,2.555,0.17,0.0
42,COPOC,OCDF,0.010000000000000009,0.995,4.885,3.885,1.0,1.0,4.884999999999999,0.005,0.0
42,COPOC,OCDF,0.020000000000000018,0.995,4.65,3.65,1.0,1.0,4.1499999999999995,0.005,0.0
42,COPOC,OCDF,0.030000000000000027,0.995,4.26,3.26,1.0,1.0,3.5933333333333333,0.005,0.0
42,COPOC,OCDF,0.050000000000000044,0.985,3.93,2.93,1.0,1.0,3.5299999999999994,0.015,0.0
42,COPOC,OCDF,0.07999999999999996,0.955,3.665,2.665,1.0,1.0,3.790000000000001,0.045,0.0
42,COPOC,OCDF,0.09999999999999998,0.91,3.27,2.27,1.0555555555555556,2.0,4.17,0.095,0.0
42,COPOC,OCDF,0.13,0.855,3.005,2.005,1.0689655172413792,2.0,4.389615384615385,0.155,0.0
42,COPOC,OCDF,0.15000000000000002,0.83,2.815,1.815,1.0588235294117647,2.0,4.215,0.18,0.0
42,COPOC,OCDF,0.18000000000000005,0.8,2.645,1.645,1.05,2.0,3.9783333333333326,0.21,0.0
42,COPOC,OCDF,0.19999999999999996,0.79,2.54,1.54,1.0476190476190477,2.0,3.74,0.22,0.0
42,COPOC,APS,0.010000000000000009,0.985,4.02,3.02,1.0,1.0,6.019999999999998,0.015,0.0
42,COPOC,APS,0.020000000000000018,0.975,3.66,2.66,1.0,1.0,5.1599999999999975,0.025,0.0
42,COPOC,APS,0.030000000000000027,0.96,3.375,2.375,1.0,1.0,5.041666666666664,0.04,0.0
42,COPOC,APS,0.050000000000000044,0.95,3.165,2.165,1.0,1.0,4.164999999999998,0.05,0.0
42,COPOC,APS,0.07999999999999996,0.92,2.775,1.775,1.125,2.0,4.025000000000001,0.09,0.0
42,COPOC,APS,0.09999999999999998,0.915,2.705,1.705,1.1764705882352942,2.0,3.705,0.1,0.0
42,COPOC,APS,0.13,0.9,2.49,1.49,1.15,2.0,3.259230769230769,0.115,0.0
42,COPOC,APS,0.15000000000000002,0.875,2.19,1.19,1.2,2.0,3.19,0.15,0.0
42,COPOC,APS,0.18000000000000005,0.845,2.015,1.015,1.1935483870967742,2.0,3.0705555555555555,0.185,0.0
42,COPOC,APS,0.19999999999999996,0.81,1.855,0.855,1.1578947368421053,2.0,3.055,0.22,0.0
42,COPOC,LAC,0.010000000000000009,0.975,4.095,3.095,1.0,1.0,8.094999999999995,0.025,0.0
42,COPOC,LAC,0.020000000000000018,0.975,3.795,2.795,1.0,1.0,5.294999999999998,0.025,0.0
42,COPOC,LAC,0.030000000000000027,0.955,3.315,2.315,1.0,1.0,5.314999999999998,0.045,0.0
42,COPOC,LAC,0.050000000000000044,0.955,3.14,2.14,1.0,1.0,3.939999999999999,0.045,0.0
42,COPOC,LAC,0.07999999999999996,0.945,2.805,1.805,1.1818181818181819,2.0,3.430000000000001,0.065,0.0
42,COPOC,LAC,0.09999999999999998,0.92,2.555,1.555,1.125,2.0,3.355,0.09,0.0
42,COPOC,LAC,0.13,0.88,2.23,1.23,1.0833333333333333,2.0,3.2299999999999995,0.13,0.0
42,COPOC,LAC,0.15000000000000002,0.875,2.135,1.135,1.12,2.0,3.0016666666666665,0.14,0.0
42,COPOC,LAC,0.18000000000000005,0.84,1.965,0.965,1.09375,2.0,2.9094444444444436,0.175,0.0
42,COPOC,LAC,0.19999999999999996,0.83,1.82,0.82,1.1176470588235294,2.0,2.72,0.19,0.0
43,COPOC,min-CPS,0.010000000000000009,0.995,4.4,3.4,1.0,1.0,4.399999999999999,0.005,0.0
43,COPOC,min-CPS,0.020000000000000018,0.99,4.24,3.24,1.0,1.0,4.239999999999998,0.01,0.0
43,COPOC,min-CPS,0.030000000000000027,0.97,3.505,2.505,1.0,1.0,4.504999999999998,0.03,0.0
43,COPOC,min-CPS,0.050000000000000044,0.945,3.36,2.36,1.0,1.0,4.559999999999999,0.055,0.0
43,COPOC,min-CPS,0.07999999999999996,0.92,2.955,1.955,1.0625,2.0,4.080000000000001,0.085,0.0
43,COPOC,min-CPS,0.09999999999999998,0.91,2.88,1.88,1.0555555555555556,2.0,3.78,0.095,0.0
43,COPOC,min-CPS,0.13,0.87,2.655,1.655,1.0769230769230769,2.0,3.8088461538461535,0.14,0.0
43,COPOC,min-CPS,0.15000000000000002,0.81,2.585,1.585,1.0526315789473684,2.0,4.251666666666666,0.2,0.0
43,COPOC,min-CPS,0.18000000000000005,0.81,2.51,1.51,1.0526315789473684,2.0,3.7322222222222217,0.2,0.0
43,COPOC,min-CPS,0.19999999999999996,0.815,2.155,1.155,1.0810810810810811,2.0,3.155,0.2,0.0
43,COPOC,RPS,0.010000000000000009,0.99,3.79,2.79,1.0,1.0,4.789999999999998,0.01,0.0
43,COPOC,RPS,0.020000000000000018,0.99,3.515,2.515,1.0,1.0,3.514999999999999,0.01,0.0
43,COPOC,RPS,0.030000000000000027,0.985,3.445,2.445,1.0,1.0,3.4449999999999994,0.015,0.0
43,COPOC,RPS,0.050000000000000044,0.95,2.935,1.935,1.0,1.0,3.9349999999999983,0.05,0.0
43,COPOC,RPS,0.07999999999999996,0.94,2.69,1.69,1.0833333333333333,2.0,3.3150000000000013,0.065,0.0
43,COPOC,RPS,0.09999999999999998,0.93,2.425,1.425,1.0714285714285714,2.0,2.925,0.075,0.0
43,COPOC,RPS,0.13,0.905,2.22,1.22,1.0526315789473684,2.0,2.7584615384615385,0.1,0.0
43,COPOC,RPS,0.15000000000000002,0.855,1.99,0.99,1.0344827586206897,2.0,2.99,0.15,0.0
43,COPOC,RPS,0.18000000000000005,0.82,1.79,0.79,1.0555555555555556,2.0,2.9011111111111108,0.19,0.0
43,COPOC,RPS,0.19999999999999996,0.75,1.54,0.54,1.04,2.0,3.14,0.26,0.0
43,COPOC,OCDF,0.010000000000000009,1.0,4.91,3.91,,0.0,3.91,0.0,0.0
43,COPOC,OCDF,0.020000000000000018,1.0,4.695,3.695,,0.0,3.695,0.0,0.0
43,COPOC,OCDF,0.030000000000000027,1.0,4.53,3.53,,0.0,3.53,0.0,0.0
43,COPOC,OCDF,0.050000000000000044,0.965,3.815,2.815,1.0,1.0,4.214999999999999,0.035,0.0
43,COPOC,OCDF,0.07999999999999996,0.905,3.3,2.3,1.0,1.0,4.675000000000001,0.095,0.0
43,COPOC,OCDF,0.09999999999999998,0.875,3.205,2.205,1.0,1.0,4.705,0.125,0.0
43,COPOC,OCDF,0.13,0.85,2.96,1.96,1.0333333333333334,2.0,4.344615384615384,0.155,0.0
43,COPOC,OCDF,0.15000000000000002,0.83,2.825,1.825,1.0294117647058822,2.0,4.158333333333333,0.175,0.0
43,COPOC,OCDF,0.18000000000000005,0.765,2.52,1.52,1.0212765957446808,2.0,4.186666666666666,0.24,0.0
43,COPOC,OCDF,0.19999999999999996,0.75,2.28,1.28,1.06,2.0,3.93,0.265,0.0
43,COPOC,APS,0.010000000000000009,0.99,4.135,3.135,1.0,1.0,5.134999999999998,0.01,0.0
43,COPOC,APS,0.020000000000000018,0.99,4.075,3.075,1.0,1.0,4.074999999999999,0.01,0.0
43,COPOC,APS,0.030000000000000027,0.98,3.82,2.82,1.0,1.0,4.153333333333332,0.02,0.0
43,COPOC,APS,0.050000000000000044,0.97,3.53,2.53,1.0,1.0,3.7299999999999986,0.03,0.0
43,COPOC,APS,0.07999999999999996,0.92,2.875,1.875,1.125,2.0,4.125000000000001,0.09,0.0
43,COPOC,APS,0.09999999999999998,0.91,2.61,1.61,1.1111111111111112,2.0,3.61,0.1,0.0
43,COPOC,APS,0.13,0.88,2.38,1.38,1.125,2.0,3.456923076923077,0.135,0.0
43,COPOC,APS,0.15000000000000002,0.85,2.275,1.275,1.1,2.0,3.475,0.165,0.0
43,COPOC,APS,0.18000000000000005,0.82,2.015,1.015,1.0833333333333333,2.0,3.181666666666666,0.195,0.0
43,COPOC,APS,0.19999999999999996,0.805,1.825,0.825,1.1025641025641026,2.0,2.975,0.215,0.0
43,COPOC,LAC,0.010000000000000009,0.995,4.35,3.35,1.0,1.0,4.349999999999999,0.005,0.0
43,COPOC,LAC,0.020000000000000018,0.985,4.175,3.175,1.0,1.0,4.674999999999999,0.015,0.0
43,COPOC,LAC,0.030000000000000027,0.98,3.84,2.84,1.0,1.0,4.173333333333333,0.02,0.0
43,COPOC,LAC,0.050000000000000044,0.96,3.335,2.335,1.0,1.0,3.9349999999999987,0.04,0.0
43,COPOC,LAC,0.07999999999999996,0.93,2.72,1.72,1.0714285714285714,2.0,3.595000000000001,0.075,0.0
43,COPOC,LAC,0.09999999999999998,0.89,2.3,1.3,1.0454545454545454,2.0,3.6,0.115,0.0
43,COPOC,LAC,0.13,0.845,2.05,1.05,1.064516129032258,2.0,3.588461538461538,0.165,0.0
43,COPOC,LAC,0.15000000000000002,0.825,1.935,0.935,1.0571428571428572,2.0,3.4016666666666664,0.185,0.0
43,COPOC,LAC,0.18000000000000005,0.77,1.705,0.705,1.065217391304348,2.0,3.4272222222222215,0.245,0.0
43,COPOC,LAC,0.19999999999999996,0.765,1.68,0.68,1.0638297872340425,2.0,3.18,0.25,0.0
44,COPOC,min-CPS,0.010000000000000009,0.995,4.345,3.345,1.0,1.0,4.344999999999999,0.005,0.0
44,COPOC,min-CPS,0.020000000000000018,0.98,3.9,2.9,1.0,1.0,4.899999999999999,0.02,0.0
44,COPOC,min-CPS,0.030000000000000027,0.97,3.465,2.465,1.0,1.0,4.464999999999998,0.03,0.0
44,COPOC,min-CPS,0.050000000000000044,0.93,3.145,2.145,1.0714285714285714,2.0,5.144999999999998,0.075,0.0
44,COPOC,min-CPS,0.07999999999999996,0.89,2.88,1.88,1.0454545454545454,2.0,4.755000000000002,0.115,0.0
44,COPOC,min-CPS,0.09999999999999998,0.87,2.775,1.775,1.0384615384615385,2.0,4.475,0.135,0.0
44,COPOC,min-CPS,0.13,0.86,2.645,1.645,1.0357142857142858,2.0,3.875769230769231,0.145,0.0
44,COPOC,min-CPS,0.15000000000000002,0.85,2.61,1.61,1.0333333333333334,2.0,3.6766666666666663,0.155,0.0
44,COPOC,min-CPS,0.18000000000000005,0.84,2.56,1.56,1.03125,2.0,3.393333333333333,0.165,0.0
44,COPOC,min-CPS,0.19999999999999996,0.81,2.14,1.14,1.105263157894737,2.0,3.24,0.21,0.0
44,COPOC,RPS,0.010000000000000009,0.995,3.86,2.86,1.0,1.0,3.859999999999999,0.005,0.0
44,COPOC,RPS,0.020000000000000018,0.995,3.725,2.725,1.0,1.0,3.2249999999999996,0.005,0.0
44,COPOC,RPS,0.030000000000000027,0.975,3.195,2.195,1.0,1.0,3.861666666666666,0.025,0.0
44,COPOC,RPS,0.050000000000000044,0.945,2.89,1.89,1.0,1.0,4.089999999999998,0.055,0.0
44,COPOC,RPS,0.07999999999999996,0.935,2.635,1.635,1.0769230769230769,2.0,3.385000000000001,0.07,0.0
44,COPOC,RPS,0.09999999999999998,0.91,2.285,1.285,1.0555555555555556,2.0,3.185,0.095,0.0
44,COPOC,RPS,0.13,0.86,2.015,1.015,1.0357142857142858,2.0,3.2457692307692305,0.145,0.0
44,COPOC,RPS,0.15000000000000002,0.835,1.89,0.89,1.0303030303030303,2.0,3.1566666666666663,0.17,0.0
44,COPOC,RPS,0.18000000000000005,0.825,1.875,0.875,1.0285714285714285,2.0,2.8749999999999996,0.18,0.0
44,COPOC,RPS,0.19999999999999996,0.815,1.785,0.785,1.054054054054054,2.0,2.735,0.195,0.0
44,COPOC,OCDF,0.010000000000000009,1.0,4.915,3.915,,0.0,3.915,0.0,0.0
44,COPOC,OCDF,0.020000000000000018,1.0,4.68,3.68,,0.0,3.68,0.0,0.0
44,COPOC,OCDF,0.030000000000000027,1.0,4.54,3.54,,0.0,3.54,0.0,0.0
44,COPOC,OCDF,0.050000000000000044,0.965,3.8,2.8,1.0,1.0,4.199999999999999,0.035,0.0
44,COPOC,OCDF,0.07999999999999996,0.925,3.365,2.365,1.0,1.0,4.240000000000001,0.075,0.0
44,COPOC,OCDF,0.09999999999999998,0.905,3.19,2.19,1.0,1.0,4.09,0.095,0.0
44,COPOC,OCDF,0.13,0.865,2.975,1.975,1.0740740740740742,2.0,4.205769230769231,0.145,0.0
44,COPOC,OCDF,0.15000000000000002,0.84,2.815,1.815,1.0625,2.0,4.081666666666666,0.17,0.0
44,COPOC,OCDF,0.18000000000000005,0.81,2.65,1.65,1.0526315789473684,2.0,3.872222222222222,0.2,0.0
44,COPOC,OCDF,0.19999999999999996,0.805,2.575,1.575,1.0512820512820513,2.0,3.625,0.205,0.0
44,COPOC,APS,0.010000000000000009,0.995,4.335,3.335,1.0,1.0,4.334999999999999,0.005,0.0
44,COPOC,APS,0.020000000000000018,0.98,3.715,2.715,1.0,1.0,4.714999999999998,0.02,0.0
44,COPOC,APS,0.030000000000000027,0.975,3.615,2.615,1.0,1.0,4.281666666666665,0.025,0.0
44,COPOC,APS,0.050000000000000044,0.965,3.37,2.37,1.0,1.0,3.7699999999999987,0.035,0.0
44,COPOC,APS,0.07999999999999996,0.915,2.905,1.905,1.0588235294117647,2.0,4.155000000000002,0.09,0.0
44,COPOC,APS,0.09999999999999998,0.885,2.675,1.675,1.0434782608695652,2.0,4.075,0.12,0.0
44,COPOC,APS,0.13,0.85,2.415,1.415,1.0333333333333334,2.0,3.7996153846153846,0.155,0.0
44,COPOC,APS,0.15000000000000002,0.835,2.205,1.205,1.0303030303030303,2.0,3.4716666666666662,0.17,0.0
44,COPOC,APS,0.18000000000000005,0.795,1.795,0.795,1.0731707317073171,2.0,3.239444444444444,0.22,0.0
44,COPOC,APS,0.19999999999999996,0.79,1.75,0.75,1.0952380952380953,2.0,3.05,0.23,0.0
44,COPOC,LAC,0.010000000000000009,0.995,4.32,3.32,1.0,1.0,4.3199999999999985,0.005,0.0
44,COPOC,LAC,0.020000000000000018,0.98,3.895,2.895,1.0,1.0,4.894999999999999,0.02,0.0
44,COPOC,LAC,0.030000000000000027,0.965,3.655,2.655,1.0,1.0,4.988333333333332,0.035,0.0
44,COPOC,LAC,0.050000000000000044,0.93,2.86,1.86,1.0,1.0,4.6599999999999975,0.07,0.0
44,COPOC,LAC,0.07999999999999996,0.9,2.575,1.575,1.05,2.0,4.200000000000001,0.105,0.0
44,COPOC,LAC,0.09999999999999998,0.875,2.29,1.29,1.08,2.0,3.99,0.135,0.0
44,COPOC,LAC,0.13,0.855,2.15,1.15,1.0689655172413792,2.0,3.5346153846153845,0.155,0.0
44,COPOC,LAC,0.15000000000000002,0.83,1.985,0.985,1.0588235294117647,2.0,3.385,0.18,0.0
44,COPOC,LAC,0.18000000000000005,0.765,1.695,0.695,1.0425531914893618,2.0,3.4172222222222217,0.245,0.0
44,COPOC,LAC,0.19999999999999996,0.765,1.695,0.695,1.0425531914893618,2.0,3.145,0.245,0.0
45,COPOC,min-CPS,0.010000000000000009,0.99,4.225,3.225,1.0,1.0,5.224999999999998,0.01,0.0
45,COPOC,min-CPS,0.020000000000000018,0.98,3.93,2.93,1.0,1.0,4.929999999999998,0.02,0.0
45,COPOC,min-CPS,0.030000000000000027,0.98,3.735,2.735,1.0,1.0,4.0683333333333325,0.02,0.0
45,COPOC,min-CPS,0.050000000000000044,0.96,3.365,2.365,1.0,1.0,3.964999999999999,0.04,0.0
45,COPOC,min-CPS,0.07999999999999996,0.93,2.985,1.985,1.1428571428571428,2.0,3.985000000000001,0.08,0.0
45,COPOC,min-CPS,0.09999999999999998,0.9,2.87,1.87,1.1,2.0,4.07,0.11,0.0
45,COPOC,min-CPS,0.13,0.88,2.67,1.67,1.0833333333333333,2.0,3.67,0.13,0.0
45,COPOC,min-CPS,0.15000000000000002,0.86,2.635,1.635,1.0714285714285714,2.0,3.635,0.15,0.0
45,COPOC,min-CPS,0.18000000000000005,0.82,2.56,1.56,1.0555555555555556,2.0,3.6711111111111108,0.19,0.0
45,COPOC,min-CPS,0.19999999999999996,0.78,2.135,1.135,1.1136363636363635,2.0,3.585,0.245,0.0
45,COPOC,RPS,0.010000000000000009,0.99,3.815,2.815,1.0,1.0,4.814999999999999,0.01,0.0
45,COPOC,RPS,0.020000000000000018,0.99,3.565,2.565,1.0,1.0,3.564999999999999,0.01,0.0
45,COPOC,RPS,0.030000000000000027,0.96,3.205,2.205,1.0,1.0,4.871666666666664,0.04,0.0
45,COPOC,RPS,0.050000000000000044,0.95,2.97,1.97,1.0,1.0,3.969999999999999,0.05,0.0
45,COPOC,RPS,0.07999999999999996,0.925,2.555,1.555,1.1333333333333333,2.0,3.680000000000001,0.085,0.0
45,COPOC,RPS,0.09999999999999998,0.905,2.265,1.265,1.105263157894737,2.0,3.365,0.105,0.0
45,COPOC,RPS,0.13,0.86,2.015,1.015,1.0714285714285714,2.0,3.322692307692307,0.15,0.0
45,COPOC,RPS,0.15000000000000002,0.845,1.975,0.975,1.064516129032258,2.0,3.175,0.165,0.0
45,COPOC,RPS,0.18000000000000005,0.82,1.83,0.83,1.0555555555555556,2.0,2.941111111111111,0.19,0.0
45,COPOC,RPS,0.19999999999999996,0.785,1.7,0.7,1.069767441860465,2.0,3.0,0.23,0.0
45,COPOC,OCDF,0.010000000000000009,1.0,4.9,3.9,,0.0,3.9,0.0,0.0
45,COPOC,OCDF,0.020000000000000018,0.955,3.99,2.99,1.0,1.0,7.489999999999997,0.045,0.0
45,COPOC,OCDF,0.030000000000000027,0.94,3.885,2.885,1.0,1.0,6.884999999999996,0.06,0.0
45,COPOC,OCDF,0.050000000000000044,0.925,3.74,2.74,1.0,1.0,5.7399999999999975,0.075,0.0
45,COPOC,OCDF,0.07999999999999996,0.905,3.355,2.355,1.0526315789473684,2.0,4.855000000000001,0.1,0.0
45,COPOC,OCDF,0.09999999999999998,0.89,3.265,2.265,1.0909090909090908,2.0,4.665,0.12,0.0
45,COPOC,OCDF,0.13,0.865,3.095,2.095,1.1481481481481481,2.0,4.479615384615385,0.155,0.0
45,COPOC,OCDF,0.15000000000000002,0.855,3.0,2.0,1.1379310344827587,2.0,4.2,0.165,0.0
45,COPOC,OCDF,0.18000000000000005,0.855,2.895,1.895,1.1379310344827587,2.0,3.7283333333333326,0.165,0.0
45,COPOC,OCDF,0.19999999999999996,0.845,2.805,1.805,1.1612903225806452,2.0,3.605,0.18,0.0
45,COPOC,APS,0.010000000000000009,0.99,4.37,3.37,1.0,1.0,5.369999999999997,0.01,0.0
45,COPOC,APS,0.020000000000000018,0.985,4.07,3.07,1.0,1.0,4.5699999999999985,0.015,0.0
45,COPOC,APS,0.030000000000000027,0.97,3.825,2.825,1.0,1.0,4.824999999999999,0.03,0.0
45,COPOC,APS,0.050000000000000044,0.965,3.44,2.44,1.1428571428571428,2.0,4.039999999999999,0.04,0.0
45,COPOC,APS,0.07999999999999996,0.91,2.86,1.86,1.1111111111111112,2.0,4.360000000000001,0.1,0.0
45,COPOC,APS,0.09999999999999998,0.895,2.61,1.61,1.0952380952380953,2.0,3.91,0.115,0.0
45,COPOC,APS,0.13,0.85,2.29,1.29,1.1333333333333333,2.0,3.9053846153846155,0.17,0.0
45,COPOC,APS,0.15000000000000002,0.83,2.17,1.17,1.1176470588235294,2.0,3.7033333333333327,0.19,0.0
45,COPOC,APS,0.18000000000000005,0.825,2.03,1.03,1.1142857142857143,2.0,3.1966666666666663,0.195,0.0
45,COPOC,APS,0.19999999999999996,0.8,1.905,0.905,1.1,2.0,3.105,0.22,0.0
45,COPOC,LAC,0.010000000000000009,0.99,4.3,3.3,1.0,1.0,5.299999999999998,0.01,0.0
45,COPOC,LAC,0.020000000000000018,0.975,3.81,2.81,1.0,1.0,5.309999999999998,0.025,0.0
45,COPOC,LAC,0.030000000000000027,0.97,3.8,2.8,1.0,1.0,4.799999999999999,0.03,0.0
45,COPOC,LAC,0.050000000000000044,0.96,3.315,2.315,1.0,1.0,3.9149999999999987,0.04,0.0
45,COPOC,LAC,0.07999999999999996,0.935,2.755,1.755,1.1538461538461537,2.0,3.6300000000000012,0.075,0.0
45,COPOC,LAC,0.09999999999999998,0.91,2.45,1.45,1.1111111111111112,2.0,3.45,0.1,0.0
45,COPOC,LAC,0.13,0.87,2.19,1.19,1.1538461538461537,2.0,3.497692307692307,0.15,0.0
45,COPOC,LAC,0.15000000000000002,0.855,2.08,1.08,1.1379310344827587,2.0,3.28,0.165,0.0
45,COPOC,LAC,0.18000000000000005,0.845,1.985,0.985,1.1612903225806452,2.0,2.9849999999999994,0.18,0.0
45,COPOC,LAC,0.19999999999999996,0.82,1.8,0.8,1.1388888888888888,2.0,2.85,0.205,0.0
46,COPOC,min-CPS,0.010000000000000009,0.97,3.94,2.94,1.0,1.0,8.939999999999996,0.03,0.0
46,COPOC,min-CPS,0.020000000000000018,0.965,3.645,2.645,1.0,1.0,6.144999999999998,0.035,0.0
46,COPOC,min-CPS,0.030000000000000027,0.965,3.495,2.495,1.0,1.0,4.828333333333331,0.035,0.0
46,COPOC,min-CPS,0.050000000000000044,0.955,3.39,2.39,1.0,1.0,4.189999999999999,0.045,0.0
46,COPOC,min-CPS,0.07999999999999996,0.91,2.965,1.965,1.1111111111111112,2.0,4.465000000000001,0.1,0.0
46,COPOC,min-CPS,0.09999999999999998,0.885,2.835,1.835,1.0869565217391304,2.0,4.335,0.125,0.0
46,COPOC,min-CPS,0.13,0.835,2.63,1.63,1.0606060606060606,2.0,4.3223076923076915,0.175,0.0
46,COPOC,min-CPS,0.15000000000000002,0.8,2.575,1.575,1.05,2.0,4.375,0.21,0.0
46,COPOC,min-CPS,0.18000000000000005,0.79,2.495,1.495,1.0476190476190477,2.0,3.9394444444444434,0.22,0.0
46,COPOC,min-CPS,0.19999999999999996,0.79,2.13,1.13,1.0952380952380953,2.0,3.43,0.23,0.0
46,COPOC,RPS,0.010000000000000009,0.99,3.805,2.805,1.0,1.0,4.804999999999998,0.01,0.0
46,COPOC,RPS,0.020000000000000018,0.97,3.25,2.25,1.0,1.0,5.249999999999997,0.03,0.0
46,COPOC,RPS,0.030000000000000027,0.965,3.2,2.2,1.0,1.0,4.533333333333331,0.035,0.0
46,COPOC,RPS,0.050000000000000044,0.935,2.785,1.785,1.0,1.0,4.384999999999998,0.065,0.0
46,COPOC,RPS,0.07999999999999996,0.925,2.56,1.56,1.1333333333333333,2.0,3.685000000000001,0.085,0.0
46,COPOC,RPS,0.09999999999999998,0.915,2.34,1.34,1.1176470588235294,2.0,3.24,0.095,0.0
46,COPOC,RPS,0.13,0.87,2.07,1.07,1.0769230769230769,2.0,3.2238461538461536,0.14,0.0
46,COPOC,RPS,0.15000000000000002,0.85,1.975,0.975,1.0666666666666667,2.0,3.108333333333333,0.16,0.0
46,COPOC,RPS,0.18000000000000005,0.765,1.66,0.66,1.0425531914893618,2.0,3.3822222222222216,0.245,0.0
46,COPOC,RPS,0.19999999999999996,0.74,1.535,0.535,1.0384615384615385,2.0,3.235,0.27,0.0
46,COPOC,OCDF,0.010000000000000009,0.99,4.685,3.685,1.0,1.0,5.684999999999998,0.01,0.0
46,COPOC,OCDF,0.020000000000000018,0.99,4.55,3.55,1.0,1.0,4.549999999999999,0.01,0.0
46,COPOC,OCDF,0.030000000000000027,0.975,3.975,2.975,1.0,1.0,4.641666666666666,0.025,0.0
46,COPOC,OCDF,0.050000000000000044,0.96,3.84,2.84,1.0,1.0,4.439999999999999,0.04,0.0
46,COPOC,OCDF,0.07999999999999996,0.935,3.56,2.56,1.0769230769230769,2.0,4.310000000000001,0.07,0.0
46,COPOC,OCDF,0.09999999999999998,0.915,3.335,2.335,1.0588235294117647,2.0,4.135,0.09,0.0
46,COPOC,OCDF,0.13,0.89,3.205,2.205,1.0909090909090908,2.0,4.051153846153847,0.12,0.0
46,COPOC,OCDF,0.15000000000000002,0.875,3.095,2.095,1.16,2.0,4.028333333333332,0.145,0.0
46,COPOC,OCDF,0.18000000000000005,0.87,2.955,1.955,1.1538461538461537,2.0,3.621666666666666,0.15,0.0
46,COPOC,OCDF,0.19999999999999996,0.845,2.825,1.825,1.1290322580645162,2.0,3.575,0.175,0.0
46,COPOC,APS,0.010000000000000009,0.98,3.935,2.935,1.25,2.0,7.934999999999995,0.025,0.0
46,COPOC,APS,0.020000000000000018,0.965,3.69,2.69,1.1428571428571428,2.0,6.689999999999997,0.04,0.0
46,COPOC,APS,0.030000000000000027,0.965,3.545,2.545,1.1428571428571428,2.0,5.211666666666665,0.04,0.0
46,COPOC,APS,0.050000000000000044,0.945,3.155,2.155,1.0909090909090908,2.0,4.554999999999998,0.06,0.0
46,COPOC,APS,0.07999999999999996,0.905,2.765,1.765,1.105263157894737,2.0,4.3900000000000015,0.105,0.0
46,COPOC,APS,0.09999999999999998,0.89,2.675,1.675,1.0909090909090908,2.0,4.075,0.12,0.0
46,COPOC,APS,0.13,0.87,2.515,1.515,1.0769230769230769,2.0,3.6688461538461534,0.14,0.0
46,COPOC,APS,0.15000000000000002,0.835,2.22,1.22,1.0909090909090908,2.0,3.62,0.18,0.0
46,COPOC,APS,0.18000000000000005,0.805,1.955,0.955,1.1025641025641026,2.0,3.343888888888888,0.215,0.0
46,COPOC,APS,0.19999999999999996,0.785,1.84,0.84,1.1395348837209303,2.0,3.29,0.245,0.0
46,COPOC,LAC,0.010000000000000009,0.97,3.915,2.915,1.0,1.0,8.914999999999996,0.03,0.0
46,COPOC,LAC,0.020000000000000018,0.97,3.835,2.835,1.0,1.0,5.834999999999997,0.03,0.0
46,COPOC,LAC,0.030000000000000027,0.965,3.735,2.735,1.0,1.0,5.068333333333332,0.035,0.0
46,COPOC,LAC,0.050000000000000044,0.93,2.92,1.92,1.0,1.0,4.719999999999998,0.07,0.0
46,COPOC,LAC,0.07999999999999996,0.91,2.665,1.665,1.1111111111111112,2.0,4.165000000000001,0.1,0.0
46,COPOC,LAC,0.09999999999999998,0.87,2.33,1.33,1.0769230769230769,2.0,4.13,0.14,0.0
46,COPOC,LAC,0.13,0.82,2.005,1.005,1.0833333333333333,2.0,4.005,0.195,0.0
46,COPOC,LAC,0.15000000000000002,0.795,1.91,0.91,1.0731707317073171,2.0,3.8433333333333333,0.22,0.0
46,COPOC,LAC,0.18000000000000005,0.78,1.775,0.775,1.0681818181818181,2.0,3.386111111111111,0.235,0.0
46,COPOC,LAC,0.19999999999999996,0.775,1.74,0.74,1.0666666666666667,2.0,3.14,0.24,0.0
47,COPOC,min-CPS,0.010000000000000009,0.99,4.235,3.235,1.0,1.0,5.234999999999998,0.01,0.0
47,COPOC,min-CPS,0.020000000000000018,0.97,3.7,2.7,1.0,1.0,5.6999999999999975,0.03,0.0
47,COPOC,min-CPS,0.030000000000000027,0.97,3.485,2.485,1.0,1.0,4.4849999999999985,0.03,0.0
47,COPOC,min-CPS,0.050000000000000044,0.96,3.345,2.345,1.0,1.0,3.944999999999999,0.04,0.0
47,COPOC,min-CPS,0.07999999999999996,0.925,2.955,1.955,1.0666666666666667,2.0,3.955000000000001,0.08,0.0
47,COPOC,min-CPS,0.09999999999999998,0.91,2.88,1.88,1.0555555555555556,2.0,3.78,0.095,0.0
47,COPOC,min-CPS,0.13,0.87,2.665,1.665,1.0384615384615385,2.0,3.7419230769230776,0.135,0.0
47,COPOC,min-CPS,0.15000000000000002,0.855,2.64,1.64,1.0344827586206897,2.0,3.6399999999999992,0.15,0.0
47,COPOC,min-CPS,0.18000000000000005,0.795,2.49,1.49,1.048780487804878,2.0,3.878888888888888,0.215,0.0
47,COPOC,min-CPS,0.19999999999999996,0.815,2.12,1.12,1.0810810810810811,2.0,3.12,0.2,0.0
47,COPOC,RPS,0.010000000000000009,0.995,3.9,2.9,1.0,1.0,3.899999999999999,0.005,0.0
47,COPOC,RPS,0.020000000000000018,0.98,3.465,2.465,1.0,1.0,4.464999999999998,0.02,0.0
47,COPOC,RPS,0.030000000000000027,0.97,3.175,2.175,1.0,1.0,4.174999999999999,0.03,0.0
47,COPOC,RPS,0.050000000000000044,0.94,2.85,1.85,1.0,1.0,4.249999999999997,0.06,0.0
47,COPOC,RPS,0.07999999999999996,0.935,2.6,1.6,1.0769230769230769,2.0,3.350000000000001,0.07,0.0
47,COPOC,RPS,0.09999999999999998,0.925,2.415,1.415,1.0666666666666667,2.0,3.015,0.08,0.0
47,COPOC,RPS,0.13,0.865,2.035,1.035,1.037037037037037,2.0,3.1888461538461534,0.14,0.0
47,COPOC,RPS,0.15000000000000002,0.845,1.975,0.975,1.032258064516129,2.0,3.108333333333333,0.16,0.0
47,COPOC,RPS,0.18000000000000005,0.795,1.75,0.75,1.048780487804878,2.0,3.138888888888888,0.215,0.0
47,COPOC,RPS,0.19999999999999996,0.775,1.615,0.615,1.0444444444444445,2.0,2.965,0.235,0.0
47,COPOC,OCDF,0.010000000000000009,1.0,4.93,3.93,,0.0,3.93,0.0,0.0
47,COPOC,OCDF,0.020000000000000018,0.99,4.57,3.57,1.0,1.0,4.5699999999999985,0.01,0.0
47,COPOC,OCDF,0.030000000000000027,0.98,4.0,3.0,1.0,1.0,4.333333333333332,0.02,0.0
47,COPOC,OCDF,0.050000000000000044,0.965,3.81,2.81,1.0,1.0,4.209999999999999,0.035,0.0
47,COPOC,OCDF,0.07999999999999996,0.93,3.405,2.405,1.0714285714285714,2.0,4.280000000000001,0.075,0.0
47,COPOC,OCDF,0.09999999999999998,0.92,3.265,2.265,1.0625,2.0,3.965,0.085,0.0
47,COPOC,OCDF,0.13,0.885,3.105,2.105,1.0869565217391304,2.0,4.028076923076923,0.125,0.0
47,COPOC,OCDF,0.15000000000000002,0.885,3.035,2.035,1.173913043478261,2.0,3.835,0.135,0.0
47,COPOC,OCDF,0.18000000000000005,0.85,2.83,1.83,1.1333333333333333,2.0,3.718888888888888,0.17,0.0
47,COPOC,OCDF,0.19999999999999996,0.825,2.645,1.645,1.1142857142857143,2.0,3.595,0.195,0.0
47,COPOC,APS,0.010000000000000009,0.99,4.305,3.305,1.0,1.0,5.304999999999998,0.01,0.0
47,COPOC,APS,0.020000000000000018,0.985,3.95,2.95,1.0,1.0,4.449999999999999,0.015,0.0
47,COPOC,APS,0.030000000000000027,0.96,3.57,2.57,1.0,1.0,5.2366666666666655,0.04,0.0
47,COPOC,APS,0.050000000000000044,0.93,3.195,2.195,1.0,1.0,4.994999999999998,0.07,0.0
47,COPOC,APS,0.07999999999999996,0.92,2.945,1.945,1.0,1.0,3.945000000000001,0.08,0.0
47,COPOC,APS,0.09999999999999998,0.895,2.81,1.81,1.0476190476190477,2.0,4.01,0.11,0.0
47,COPOC,APS,0.13,0.89,2.645,1.645,1.0454545454545454,2.0,3.414230769230769,0.115,0.0
47,COPOC,APS,0.15000000000000002,0.87,2.42,1.42,1.0384615384615385,2.0,3.22,0.135,0.0
47,COPOC,APS,0.18000000000000005,0.83,1.995,0.995,1.088235294117647,2.0,3.050555555555555,0.185,0.0
47,COPOC,APS,0.19999999999999996,0.815,1.88,0.88,1.0810810810810811,2.0,2.88,0.2,0.0
47,COPOC,LAC,0.010000000000000009,0.99,4.265,3.265,1.0,1.0,5.264999999999998,0.01,0.0
47,COPOC,LAC,0.020000000000000018,0.98,3.96,2.96,1.0,1.0,4.959999999999998,0.02,0.0
47,COPOC,LAC,0.030000000000000027,0.96,3.46,2.46,1.0,1.0,5.126666666666665,0.04,0.0
47,COPOC,LAC,0.050000000000000044,0.96,3.3,2.3,1.0,1.0,3.899999999999999,0.04,0.0
47,COPOC,LAC,0.07999999999999996,0.925,2.685,1.685,1.0666666666666667,2.0,3.685000000000001,0.08,0.0
47,COPOC,LAC,0.09999999999999998,0.905,2.395,1.395,1.0526315789473684,2.0,3.395,0.1,0.0
47,COPOC,LAC,0.13,0.865,2.16,1.16,1.037037037037037,2.0,3.3138461538461534,0.14,0.0
47,COPOC,LAC,0.15000000000000002,0.85,2.07,1.07,1.0333333333333334,2.0,3.1366666666666663,0.155,0.0
47,COPOC,LAC,0.18000000000000005,0.83,1.935,0.935,1.0588235294117647,2.0,2.9349999999999996,0.18,0.0
47,COPOC,LAC,0.19999999999999996,0.82,1.825,0.825,1.0555555555555556,2.0,2.725,0.19,0.0
48,COPOC,min-CPS,0.010000000000000009,0.995,4.405,3.405,1.0,1.0,4.4049999999999985,0.005,0.0
48,COPOC,min-CPS,0.020000000000000018,0.985,4.18,3.18,1.0,1.0,4.679999999999999,0.015,0.0
48,COPOC,min-CPS,0.030000000000000027,0.98,3.76,2.76,1.0,1.0,4.093333333333333,0.02,0.0
48,COPOC,min-CPS,0.050000000000000044,0.98,3.495,2.495,1.0,1.0,3.2949999999999995,0.02,0.0
48,COPOC,min-CPS,0.07999999999999996,0.96,3.3,2.3,1.125,2.0,3.425000000000001,0.045,0.0
48,COPOC,min-CPS,0.09999999999999998,0.91,2.9,1.9,1.0555555555555556,2.0,3.8,0.095,0.0
48,COPOC,min-CPS,0.13,0.84,2.645,1.645,1.03125,2.0,4.183461538461538,0.165,0.0
48,COPOC,min-CPS,0.15000000000000002,0.81,2.615,1.615,1.0263157894736843,2.0,4.215,0.195,0.0
48,COPOC,min-CPS,0.18000000000000005,0.755,2.06,1.06,1.0408163265306123,2.0,3.8933333333333326,0.255,0.0
48,COPOC,min-CPS,0.19999999999999996,0.71,1.945,0.945,1.0172413793103448,2.0,3.8950000000000005,0.295,0.0
48,COPOC,RPS,0.010000000000000009,0.995,3.905,2.905,1.0,1.0,3.904999999999999,0.005,0.0
48,COPOC,RPS,0.020000000000000018,0.995,3.72,2.72,1.0,1.0,3.2199999999999993,0.005,0.0
48,COPOC,RPS,0.030000000000000027,0.99,3.48,2.48,1.0,1.0,3.1466666666666665,0.01,0.0
48,COPOC,RPS,0.050000000000000044,0.975,3.175,2.175,1.0,1.0,3.174999999999999,0.025,0.0
48,COPOC,RPS,0.07999999999999996,0.94,2.69,1.69,1.0833333333333333,2.0,3.3150000000000013,0.065,0.0
48,COPOC,RPS,0.09999999999999998,0.915,2.33,1.33,1.0588235294117647,2.0,3.13,0.09,0.0
48,COPOC,RPS,0.13,0.865,2.035,1.035,1.037037037037037,2.0,3.1888461538461534,0.14,0.0
48,COPOC,RPS,0.15000000000000002,0.83,1.865,0.865,1.0294117647058822,2.0,3.1983333333333333,0.175,0.0
48,COPOC,RPS,0.18000000000000005,0.74,1.595,0.595,1.0192307692307692,2.0,3.5394444444444435,0.265,0.0
48,COPOC,RPS,0.19999999999999996,0.685,1.425,0.425,1.0158730158730158,2.0,3.625,0.32,0.0
48,COPOC,OCDF,0.010000000000000009,0.96,4.025,3.025,1.0,1.0,11.024999999999993,0.04,0.0
48,COPOC,OCDF,0.020000000000000018,0.96,3.995,2.995,1.0,1.0,6.9949999999999966,0.04,0.0
48,COPOC,OCDF,0.030000000000000027,0.945,3.87,2.87,1.0,1.0,6.536666666666665,0.055,0.0
48,COPOC,OCDF,0.050000000000000044,0.94,3.82,2.82,1.0,1.0,5.219999999999998,0.06,0.0
48,COPOC,OCDF,0.07999999999999996,0.93,3.48,2.48,1.1428571428571428,2.0,4.480000000000001,0.08,0.0
48,COPOC,OCDF,0.09999999999999998,0.9,3.245,2.245,1.1,2.0,4.445,0.11,0.0
48,COPOC,OCDF,0.13,0.855,2.98,1.98,1.206896551724138,2.0,4.672307692307692,0.175,0.0
48,COPOC,OCDF,0.15000000000000002,0.845,2.87,1.87,1.1935483870967742,2.0,4.336666666666666,0.185,0.0
48,COPOC,OCDF,0.18000000000000005,0.835,2.775,1.775,1.2121212121212122,2.0,3.997222222222222,0.2,0.0
48,COPOC,OCDF,0.19999999999999996,0.835,2.73,1.73,1.2121212121212122,2.0,3.73,0.2,0.0
48,COPOC,APS,0.010000000000000009,0.995,4.55,3.55,1.0,1.0,4.549999999999999,0.005,0.0
48,COPOC,APS,0.020000000000000018,0.995,4.09,3.09,1.0,1.0,3.5899999999999994,0.005,0.0
48,COPOC,APS,0.030000000000000027,0.99,4.02,3.02,1.0,1.0,3.686666666666666,0.01,0.0
48,COPOC,APS,0.050000000000000044,0.97,3.455,2.455,1.1666666666666667,2.0,3.8549999999999986,0.035,0.0
48,COPOC,APS,0.07999999999999996,0.94,2.91,1.91,1.0833333333333333,2.0,3.535000000000001,0.065,0.0
48,COPOC,APS,0.09999999999999998,0.91,2.71,1.71,1.0555555555555556,2.0,3.61,0.095,0.0
48,COPOC,APS,0.13,0.855,2.305,1.305,1.103448275862069,2.0,3.7665384615384614,0.16,0.0
48,COPOC,APS,0.15000000000000002,0.83,2.15,1.15,1.088235294117647,2.0,3.6166666666666663,0.185,0.0
48,COPOC,APS,0.18000000000000005,0.795,1.96,0.96,1.0731707317073171,2.0,3.404444444444444,0.22,0.0
48,COPOC,APS,0.19999999999999996,0.775,1.825,0.825,1.0888888888888888,2.0,3.275,0.245,0.0
48,COPOC,LAC,0.010000000000000009,0.995,4.365,3.365,1.0,1.0,4.364999999999998,0.005,0.0
48,COPOC,LAC,0.020000000000000018,0.995,4.22,3.22,1.0,1.0,3.7199999999999993,0.005,0.0
48,COPOC,LAC,0.030000000000000027,0.985,3.83,2.83,1.0,1.0,3.8299999999999996,0.015,0.0
48,COPOC,LAC,0.050000000000000044,0.97,3.41,2.41,1.0,1.0,3.609999999999999,0.03,0.0
48,COPOC,LAC,0.07999999999999996,0.935,2.76,1.76,1.0769230769230769,2.0,3.510000000000001,0.07,0.0
48,COPOC,LAC,0.09999999999999998,0.89,2.335,1.335,1.0454545454545454,2.0,3.635,0.115,0.0
48,COPOC,LAC,0.13,0.865,2.16,1.16,1.0740740740740742,2.0,3.390769230769231,0.145,0.0
48,COPOC,LAC,0.15000000000000002,0.83,1.985,0.985,1.088235294117647,2.0,3.451666666666666,0.185,0.0
48,COPOC,LAC,0.18000000000000005,0.785,1.725,0.725,1.069767441860465,2.0,3.2805555555555554,0.23,0.0
48,COPOC,LAC,0.19999999999999996,0.775,1.695,0.695,1.0666666666666667,2.0,3.095,0.24,0.0
49,COPOC,min-CPS,0.010000000000000009,0.995,4.41,3.41,1.0,1.0,4.409999999999999,0.005,0.0
49,COPOC,min-CPS,0.020000000000000018,0.99,4.22,3.22,1.0,1.0,4.219999999999999,0.01,0.0
49,COPOC,min-CPS,0.030000000000000027,0.985,3.74,2.74,1.0,1.0,3.7399999999999993,0.015,0.0
49,COPOC,min-CPS,0.050000000000000044,0.965,3.38,2.38,1.0,1.0,3.779999999999999,0.035,0.0
49,COPOC,min-CPS,0.07999999999999996,0.91,2.915,1.915,1.0555555555555556,2.0,4.290000000000002,0.095,0.0
49,COPOC,min-CPS,0.09999999999999998,0.89,2.81,1.81,1.0454545454545454,2.0,4.11,0.115,0.0
49,COPOC,min-CPS,0.13,0.88,2.695,1.695,1.0416666666666667,2.0,3.618076923076923,0.125,0.0
49,COPOC,min-CPS,0.15000000000000002,0.875,2.695,1.695,1.04,2.0,3.4283333333333332,0.13,0.0
49,COPOC,min-CPS,0.18000000000000005,0.83,2.58,1.58,1.0588235294117647,2.0,3.5799999999999996,0.18,0.0
49,COPOC,min-CPS,0.19999999999999996,0.805,2.44,1.44,1.0512820512820513,2.0,3.49,0.205,0.0
49,COPOC,RPS,0.010000000000000009,0.995,3.875,2.875,1.0,1.0,3.8749999999999987,0.005,0.0
49,COPOC,RPS,0.020000000000000018,0.99,3.525,2.525,1.0,1.0,3.524999999999999,0.01,0.0
49,COPOC,RPS,0.030000000000000027,0.985,3.465,2.465,1.0,1.0,3.4649999999999994,0.015,0.0
49,COPOC,RPS,0.050000000000000044,0.97,3.045,2.045,1.0,1.0,3.2449999999999988,0.03,0.0
49,COPOC,RPS,0.07999999999999996,0.95,2.69,1.69,1.0,1.0,2.9400000000000013,0.05,0.0
49,COPOC,RPS,0.09999999999999998,0.935,2.5,1.5,1.0769230769230769,2.0,2.9,0.07,0.0
49,COPOC,RPS,0.13,0.89,2.15,1.15,1.0454545454545454,2.0,2.919230769230769,0.115,0.0
49,COPOC,RPS,0.15000000000000002,0.885,2.03,1.03,1.0434782608695652,2.0,2.63,0.12,0.0
49,COPOC,RPS,0.18000000000000005,0.865,1.915,0.915,1.037037037037037,2.0,2.470555555555555,0.14,0.0
49,COPOC,RPS,0.19999999999999996,0.82,1.78,0.78,1.0555555555555556,2.0,2.68,0.19,0.0
49,COPOC,OCDF,0.010000000000000009,1.0,4.93,3.93,,0.0,3.93,0.0,0.0
49,COPOC,OCDF,0.020000000000000018,1.0,4.71,3.71,,0.0,3.71,0.0,0.0
49,COPOC,OCDF,0.030000000000000027,0.975,3.985,2.985,1.0,1.0,4.6516666666666655,0.025,0.0
49,COPOC,OCDF,0.050000000000000044,0.955,3.815,2.815,1.0,1.0,4.614999999999998,0.045,0.0
49,COPOC,OCDF,0.07999999999999996,0.9,3.275,2.275,1.0,1.0,4.775000000000001,0.1,0.0
49,COPOC,OCDF,0.09999999999999998,0.89,3.21,2.21,1.0,1.0,4.41,0.11,0.0
49,COPOC,OCDF,0.13,0.86,3.03,2.03,1.1071428571428572,2.0,4.414615384615384,0.155,0.0
49,COPOC,OCDF,0.15000000000000002,0.855,2.96,1.96,1.103448275862069,2.0,4.093333333333333,0.16,0.0
49,COPOC,OCDF,0.18000000000000005,0.825,2.74,1.74,1.0857142857142856,2.0,3.851111111111111,0.19,0.0
49,COPOC,OCDF,0.19999999999999996,0.815,2.625,1.625,1.0810810810810811,2.0,3.625,0.2,0.0
49,COPOC,APS,0.010000000000000009,0.995,4.17,3.17,1.0,1.0,4.169999999999999,0.005,0.0
49,COPOC,APS,0.020000000000000018,0.99,3.995,2.995,1.0,1.0,3.9949999999999988,0.01,0.0
49,COPOC,APS,0.030000000000000027,0.99,3.85,2.85,1.0,1.0,3.516666666666666,0.01,0.0
49,COPOC,APS,0.050000000000000044,0.98,3.37,2.37,1.25,2.0,3.369999999999999,0.025,0.0
49,COPOC,APS,0.07999999999999996,0.925,2.95,1.95,1.0666666666666667,2.0,3.950000000000001,0.08,0.0
49,COPOC,APS,0.09999999999999998,0.905,2.59,1.59,1.0526315789473684,2.0,3.59,0.1,0.0
49,COPOC,APS,0.13,0.885,2.39,1.39,1.0434782608695652,2.0,3.236153846153846,0.12,0.0
49,COPOC,APS,0.15000000000000002,0.85,2.225,1.225,1.0333333333333334,2.0,3.291666666666666,0.155,0.0
49,COPOC,APS,0.18000000000000005,0.845,2.095,1.095,1.064516129032258,2.0,2.928333333333333,0.165,0.0
49,COPOC,APS,0.19999999999999996,0.825,1.975,0.975,1.0571428571428572,2.0,2.825,0.185,0.0
49,COPOC,LAC,0.010000000000000009,0.995,4.35,3.35,1.0,1.0,4.349999999999999,0.005,0.0
49,COPOC,LAC,0.020000000000000018,0.995,4.19,3.19,1.0,1.0,3.6899999999999995,0.005,0.0
49,COPOC,LAC,0.030000000000000027,0.99,3.955,2.955,1.0,1.0,3.621666666666666,0.01,0.0
49,COPOC,LAC,0.050000000000000044,0.97,3.355,2.355,1.0,1.0,3.554999999999999,0.03,0.0
49,COPOC,LAC,0.07999999999999996,0.935,2.735,1.735,1.0769230769230769,2.0,3.485000000000001,0.07,0.0
49,COPOC,LAC,0.09999999999999998,0.915,2.54,1.54,1.0588235294117647,2.0,3.34,0.09,0.0
49,COPOC,LAC,0.13,0.855,2.135,1.135,1.0689655172413792,2.0,3.5196153846153844,0.155,0.0
49,COPOC,LAC,0.15000000000000002,0.835,1.96,0.96,1.0606060606060606,2.0,3.2933333333333326,0.175,0.0
49,COPOC,LAC,0.18000000000000005,0.815,1.9,0.9,1.054054054054054,2.0,3.0666666666666664,0.195,0.0
49,COPOC,LAC,0.19999999999999996,0.8,1.72,0.72,1.05,2.0,2.82,0.21,0.0
0,CrossEntropyLoss,min-CPS,0.010000000000000009,0.99,4.94,3.94,1.0,1.0,5.939999999999998,0.01,0.0
0,CrossEntropyLoss,min-CPS,0.020000000000000018,0.99,4.925,3.925,1.0,1.0,4.924999999999999,0.01,0.0
0,CrossEntropyLoss,min-CPS,0.030000000000000027,0.985,4.53,3.53,1.0,1.0,4.529999999999999,0.015,0.0
0,CrossEntropyLoss,min-CPS,0.050000000000000044,0.965,3.715,2.715,1.0,1.0,4.114999999999998,0.035,0.0
0,CrossEntropyLoss,min-CPS,0.07999999999999996,0.94,3.11,2.11,1.0833333333333333,2.0,3.735000000000001,0.065,0.0
0,CrossEntropyLoss,min-CPS,0.09999999999999998,0.9,2.84,1.84,1.05,2.0,3.94,0.105,0.0
0,CrossEntropyLoss,min-CPS,0.13,0.855,2.71,1.71,1.0689655172413792,2.0,4.094615384615384,0.155,0.0
0,CrossEntropyLoss,min-CPS,0.15000000000000002,0.83,2.655,1.655,1.0588235294117647,2.0,4.055,0.18,0.0
0,CrossEntropyLoss,min-CPS,0.18000000000000005,0.785,2.585,1.585,1.0465116279069768,2.0,4.084999999999999,0.225,0.0
0,CrossEntropyLoss,min-CPS,0.19999999999999996,0.77,2.575,1.575,1.0434782608695652,2.0,3.975,0.24,0.0
0,CrossEntropyLoss,RPS,0.010000000000000009,0.995,3.89,2.89,1.0,1.0,3.889999999999999,0.005,0.0
0,CrossEntropyLoss,RPS,0.020000000000000018,0.99,3.885,2.885,1.0,1.0,3.884999999999999,0.01,0.0
0,CrossEntropyLoss,RPS,0.030000000000000027,0.97,3.49,2.49,1.0,1.0,4.489999999999998,0.03,0.0
0,CrossEntropyLoss,RPS,0.050000000000000044,0.935,3.12,2.12,1.0,1.0,4.719999999999998,0.065,0.0
0,CrossEntropyLoss,RPS,0.07999999999999996,0.92,2.995,1.995,1.0,1.0,3.995000000000001,0.08,0.0
0,CrossEntropyLoss,RPS,0.09999999999999998,0.9,2.815,1.815,1.0,1.0,3.815,0.1,0.0
0,CrossEntropyLoss,RPS,0.13,0.875,2.705,1.705,1.0,1.0,3.6280769230769225,0.125,0.0
0,CrossEntropyLoss,RPS,0.15000000000000002,0.87,2.585,1.585,1.0,1.0,3.3183333333333334,0.13,0.0
0,CrossEntropyLoss,RPS,0.18000000000000005,0.83,2.205,1.205,1.0294117647058822,2.0,3.149444444444444,0.175,0.0
0,CrossEntropyLoss,RPS,0.19999999999999996,0.785,1.885,0.885,1.0232558139534884,2.0,3.085,0.22,0.0
0,CrossEntropyLoss,OCDF,0.010000000000000009,0.985,4.76,3.76,1.0,1.0,6.759999999999998,0.015,0.0
0,CrossEntropyLoss,OCDF,0.020000000000000018,0.965,4.615,3.615,1.0,1.0,7.1149999999999975,0.035,0.0
0,CrossEntropyLoss,OCDF,0.030000000000000027,0.96,3.895,2.895,1.125,2.0,5.894999999999998,0.045,0.0
0,CrossEntropyLoss,OCDF,0.050000000000000044,0.95,3.8,2.8,1.2,2.0,5.1999999999999975,0.06,0.0
0,CrossEntropyLoss,OCDF,0.07999999999999996,0.93,3.655,2.655,1.1428571428571428,2.0,4.655000000000002,0.08,0.0
0,CrossEntropyLoss,OCDF,0.09999999999999998,0.91,3.615,2.615,1.1111111111111112,2.0,4.615,0.1,0.0
0,CrossEntropyLoss,OCDF,0.13,0.895,3.44,2.44,1.1428571428571428,2.0,4.286153846153846,0.12,0.0
0,CrossEntropyLoss,OCDF,0.15000000000000002,0.885,3.405,2.405,1.1304347826086956,2.0,4.138333333333333,0.13,0.0
0,CrossEntropyLoss,OCDF,0.18000000000000005,0.885,3.38,2.38,1.1304347826086956,2.0,3.824444444444444,0.13,0.0
0,CrossEntropyLoss,OCDF,0.19999999999999996,0.84,3.23,2.23,1.21875,2.0,4.18,0.195,0.0
0,CrossEntropyLoss,APS,0.010000000000000009,0.99,4.56,3.685,1.0,1.0,5.684999999999998,0.01,0.125
0,CrossEntropyLoss,APS,0.020000000000000018,0.985,4.385,3.535,1.0,1.0,5.034999999999998,0.015,0.15000000000000002
0,CrossEntropyLoss,APS,0.030000000000000027,0.975,4.095,3.26,1.0,1.0,4.926666666666666,0.025,0.16500000000000004
0,CrossEntropyLoss,APS,0.050000000000000044,0.97,3.535,2.645,1.0,1.0,3.844999999999999,0.03,0.10999999999999999
0,CrossEntropyLoss,APS,0.07999999999999996,0.915,2.925,1.925,1.0588235294117647,2.0,4.175000000000001,0.09,0.0
0,CrossEntropyLoss,APS,0.09999999999999998,0.89,2.755,1.755,1.0454545454545454,2.0,4.055,0.115,0.0
0,CrossEntropyLoss,APS,0.13,0.875,2.615,1.615,1.08,2.0,3.6919230769230773,0.135,0.0
0,CrossEntropyLoss,APS,0.15000000000000002,0.855,2.495,1.495,1.0689655172413792,2.0,3.561666666666666,0.155,0.0
0,CrossEntropyLoss,APS,0.18000000000000005,0.82,2.265,1.265,1.0833333333333333,2.0,3.431666666666666,0.195,0.0
0,CrossEntropyLoss,APS,0.19999999999999996,0.805,2.155,1.155,1.0769230769230769,2.0,3.255,0.21,0.0
0,CrossEntropyLoss,LAC,0.010000000000000009,0.995,4.945,3.95,1.0,1.0,4.949999999999999,0.005,0.0050000000000000044
0,CrossEntropyLoss,LAC,0.020000000000000018,0.99,4.91,3.915,1.0,1.0,4.914999999999999,0.01,0.0050000000000000044
0,CrossEntropyLoss,LAC,0.030000000000000027,0.985,4.87,3.89,1.0,1.0,4.89,0.015,0.020000000000000018
0,CrossEntropyLoss,LAC,0.050000000000000044,0.96,3.635,2.7,1.0,1.0,4.299999999999999,0.04,0.06499999999999995
0,CrossEntropyLoss,LAC,0.07999999999999996,0.94,2.82,1.82,1.0833333333333333,2.0,3.445000000000001,0.065,0.0
0,CrossEntropyLoss,LAC,0.09999999999999998,0.895,2.66,1.66,1.0476190476190477,2.0,3.86,0.11,0.0
0,CrossEntropyLoss,LAC,0.13,0.885,2.465,1.465,1.0434782608695652,2.0,3.3111538461538457,0.12,0.0
0,CrossEntropyLoss,LAC,0.15000000000000002,0.845,2.28,1.28,1.032258064516129,2.0,3.413333333333333,0.16,0.0
0,CrossEntropyLoss,LAC,0.18000000000000005,0.815,2.075,1.075,1.027027027027027,2.0,3.1861111111111104,0.19,0.0
0,CrossEntropyLoss,LAC,0.19999999999999996,0.79,2.02,1.02,1.0476190476190477,2.0,3.22,0.22,0.0
1,CrossEntropyLoss,min-CPS,0.010000000000000009,0.995,4.935,3.935,1.0,1.0,4.934999999999999,0.005,0.0
1,CrossEntropyLoss,min-CPS,0.020000000000000018,0.98,4.815,3.815,1.0,1.0,5.814999999999998,0.02,0.0
1,CrossEntropyLoss,min-CPS,0.030000000000000027,0.97,4.095,3.095,1.0,1.0,5.094999999999999,0.03,0.0
1,CrossEntropyLoss,min-CPS,0.050000000000000044,0.955,3.45,2.45,1.1111111111111112,2.0,4.449999999999999,0.05,0.0
1,CrossEntropyLoss,min-CPS,0.07999999999999996,0.93,3.095,2.095,1.0714285714285714,2.0,3.970000000000001,0.075,0.0
1,CrossEntropyLoss,min-CPS,0.09999999999999998,0.915,2.82,1.82,1.0588235294117647,2.0,3.62,0.09,0.0
1,CrossEntropyLoss,min-CPS,0.13,0.885,2.695,1.695,1.0434782608695652,2.0,3.5411538461538465,0.12,0.0
1,CrossEntropyLoss,min-CPS,0.15000000000000002,0.855,2.675,1.675,1.0344827586206897,2.0,3.675,0.15,0.0
1,CrossEntropyLoss,min-CPS,0.18000000000000005,0.785,2.535,1.535,1.0232558139534884,2.0,3.9794444444444435,0.22,0.0
1,CrossEntropyLoss,min-CPS,0.19999999999999996,0.775,2.515,1.515,1.0222222222222221,2.0,3.815,0.23,0.0
1,CrossEntropyLoss,RPS,0.010000000000000009,0.985,3.88,2.88,1.0,1.0,5.879999999999998,0.015,0.0
1,CrossEntropyLoss,RPS,0.020000000000000018,0.975,3.645,2.645,1.0,1.0,5.144999999999998,0.025,0.0
1,CrossEntropyLoss,RPS,0.030000000000000027,0.97,3.49,2.49,1.0,1.0,4.489999999999998,0.03,0.0
1,CrossEntropyLoss,RPS,0.050000000000000044,0.94,3.135,2.135,1.0,1.0,4.534999999999998,0.06,0.0
1,CrossEntropyLoss,RPS,0.07999999999999996,0.94,3.0,2.0,1.0,1.0,3.5000000000000013,0.06,0.0
1,CrossEntropyLoss,RPS,0.09999999999999998,0.925,2.975,1.975,1.0,1.0,3.475,0.075,0.0
1,CrossEntropyLoss,RPS,0.13,0.875,2.715,1.715,1.0,1.0,3.6380769230769228,0.125,0.0
1,CrossEntropyLoss,RPS,0.15000000000000002,0.87,2.57,1.57,1.0,1.0,3.3033333333333332,0.13,0.0
1,CrossEntropyLoss,RPS,0.18000000000000005,0.84,2.165,1.165,1.03125,2.0,2.998333333333333,0.165,0.0
1,CrossEntropyLoss,RPS,0.19999999999999996,0.83,2.135,1.135,1.0294117647058822,2.0,2.885,0.175,0.0
1,CrossEntropyLoss,OCDF,0.010000000000000009,0.965,4.67,3.67,1.0,1.0,10.669999999999995,0.035,0.0
1,CrossEntropyLoss,OCDF,0.020000000000000018,0.965,4.59,3.59,1.0,1.0,7.089999999999998,0.035,0.0
1,CrossEntropyLoss,OCDF,0.030000000000000027,0.96,3.865,2.865,1.25,2.0,6.198333333333331,0.05,0.0
1,CrossEntropyLoss,OCDF,0.050000000000000044,0.95,3.74,2.74,1.3,2.0,5.339999999999998,0.065,0.0
1,CrossEntropyLoss,OCDF,0.07999999999999996,0.915,3.59,2.59,1.1764705882352942,2.0,5.090000000000001,0.1,0.0
1,CrossEntropyLoss,OCDF,0.09999999999999998,0.9,3.525,2.525,1.15,2.0,4.825,0.115,0.0
1,CrossEntropyLoss,OCDF,0.13,0.89,3.335,2.335,1.1818181818181819,2.0,4.335,0.13,0.0
1,CrossEntropyLoss,OCDF,0.15000000000000002,0.86,3.25,2.25,1.1785714285714286,2.0,4.45,0.165,0.0
1,CrossEntropyLoss,OCDF,0.18000000000000005,0.805,3.1,2.1,1.1794871794871795,2.0,4.655555555555555,0.23,0.0
1,CrossEntropyLoss,OCDF,0.19999999999999996,0.8,3.015,2.015,1.175,2.0,4.365,0.235,0.0
1,CrossEntropyLoss,APS,0.010000000000000009,0.995,4.61,3.705,1.0,1.0,4.704999999999999,0.005,0.09499999999999997
1,CrossEntropyLoss,APS,0.020000000000000018,0.975,4.28,3.435,1.0,1.0,5.934999999999998,0.025,0.15500000000000003
1,CrossEntropyLoss,APS,0.030000000000000027,0.965,3.725,2.895,1.0,1.0,5.228333333333333,0.035,0.17000000000000004
1,CrossEntropyLoss,APS,0.050000000000000044,0.95,3.29,2.37,1.0,1.0,4.369999999999999,0.05,0.07999999999999996
1,CrossEntropyLoss,APS,0.07999999999999996,0.94,3.015,2.055,1.0,1.0,3.555000000000001,0.06,0.040000000000000036
1,CrossEntropyLoss,APS,0.09999999999999998,0.915,2.825,1.85,1.0588235294117647,2.0,3.65,0.09,0.025000000000000022
1,CrossEntropyLoss,APS,0.13,0.875,2.56,1.565,1.04,2.0,3.565,0.13,0.0050000000000000044
1,CrossEntropyLoss,APS,0.15000000000000002,0.86,2.445,1.45,1.0714285714285714,2.0,3.45,0.15,0.0050000000000000044
1,CrossEntropyLoss,APS,0.18000000000000005,0.86,2.41,1.415,1.0714285714285714,2.0,3.081666666666666,0.15,0.0050000000000000044
1,CrossEntropyLoss,APS,0.19999999999999996,0.835,2.26,1.265,1.121212121212121,2.0,3.115,0.185,0.0050000000000000044
1,CrossEntropyLoss,LAC,0.010000000000000009,0.995,4.92,3.92,1.0,1.0,4.919999999999999,0.005,0.0
1,CrossEntropyLoss,LAC,0.020000000000000018,0.975,4.805,3.825,1.0,1.0,6.3249999999999975,0.025,0.020000000000000018
1,CrossEntropyLoss,LAC,0.030000000000000027,0.96,4.235,3.33,1.0,1.0,5.996666666666665,0.04,0.09499999999999997
1,CrossEntropyLoss,LAC,0.050000000000000044,0.94,3.41,2.455,1.0,1.0,4.854999999999999,0.06,0.04500000000000004
1,CrossEntropyLoss,LAC,0.07999999999999996,0.91,2.755,1.755,1.0555555555555556,2.0,4.130000000000001,0.095,0.0
1,CrossEntropyLoss,LAC,0.09999999999999998,0.9,2.675,1.675,1.05,2.0,3.775,0.105,0.0
1,CrossEntropyLoss,LAC,0.13,0.88,2.39,1.39,1.0416666666666667,2.0,3.3130769230769226,0.125,0.0
1,CrossEntropyLoss,LAC,0.15000000000000002,0.88,2.365,1.365,1.0416666666666667,2.0,3.0316666666666663,0.125,0.0
1,CrossEntropyLoss,LAC,0.18000000000000005,0.82,2.04,1.04,1.0277777777777777,2.0,3.095555555555555,0.185,0.0
1,CrossEntropyLoss,LAC,0.19999999999999996,0.82,2.035,1.035,1.0277777777777777,2.0,2.885,0.185,0.0
2,CrossEntropyLoss,min-CPS,0.010000000000000009,0.97,4.805,3.805,1.0,1.0,9.804999999999996,0.03,0.0
2,CrossEntropyLoss,min-CPS,0.020000000000000018,0.975,4.475,3.475,1.0,1.0,5.974999999999998,0.025,0.0
2,CrossEntropyLoss,min-CPS,0.030000000000000027,0.97,4.09,3.09,1.0,1.0,5.089999999999999,0.03,0.0
2,CrossEntropyLoss,min-CPS,0.050000000000000044,0.93,3.095,2.095,1.0714285714285714,2.0,5.094999999999998,0.075,0.0
2,CrossEntropyLoss,min-CPS,0.07999999999999996,0.88,2.79,1.79,1.0416666666666667,2.0,4.915000000000003,0.125,0.0
2,CrossEntropyLoss,min-CPS,0.09999999999999998,0.86,2.66,1.66,1.0357142857142858,2.0,4.56,0.145,0.0
2,CrossEntropyLoss,min-CPS,0.13,0.84,2.66,1.66,1.03125,2.0,4.1984615384615385,0.165,0.0
2,CrossEntropyLoss,min-CPS,0.15000000000000002,0.835,2.645,1.645,1.0303030303030303,2.0,3.911666666666666,0.17,0.0
2,CrossEntropyLoss,min-CPS,0.18000000000000005,0.81,2.54,1.54,1.0263157894736843,2.0,3.706666666666666,0.195,0.0
2,CrossEntropyLoss,min-CPS,0.19999999999999996,0.8,2.52,1.52,1.025,2.0,3.57,0.205,0.0
2,CrossEntropyLoss,RPS,0.010000000000000009,0.985,3.87,2.87,1.0,1.0,5.869999999999997,0.015,0.0
2,CrossEntropyLoss,RPS,0.020000000000000018,0.98,3.68,2.68,1.0,1.0,4.679999999999998,0.02,0.0
2,CrossEntropyLoss,RPS,0.030000000000000027,0.98,3.585,2.585,1.0,1.0,3.9183333333333326,0.02,0.0
2,CrossEntropyLoss,RPS,0.050000000000000044,0.955,3.235,2.235,1.0,1.0,4.034999999999999,0.045,0.0
2,CrossEntropyLoss,RPS,0.07999999999999996,0.925,3.005,2.005,1.0,1.0,3.8800000000000012,0.075,0.0
2,CrossEntropyLoss,RPS,0.09999999999999998,0.9,2.8,1.8,1.0,1.0,3.8,0.1,0.0
2,CrossEntropyLoss,RPS,0.13,0.86,2.54,1.54,1.0,1.0,3.693846153846154,0.14,0.0
2,CrossEntropyLoss,RPS,0.15000000000000002,0.84,2.25,1.25,1.03125,2.0,3.45,0.165,0.0
2,CrossEntropyLoss,RPS,0.18000000000000005,0.795,2.03,1.03,1.024390243902439,2.0,3.3633333333333324,0.21,0.0
2,CrossEntropyLoss,RPS,0.19999999999999996,0.795,1.935,0.935,1.024390243902439,2.0,3.035,0.21,0.0
2,CrossEntropyLoss,OCDF,0.010000000000000009,0.99,4.755,3.755,1.0,1.0,5.754999999999998,0.01,0.0
2,CrossEntropyLoss,OCDF,0.020000000000000018,0.98,4.615,3.615,1.0,1.0,5.6149999999999975,0.02,0.0
2,CrossEntropyLoss,OCDF,0.030000000000000027,0.955,3.82,2.82,1.2222222222222223,2.0,6.4866666666666655,0.055,0.0
2,CrossEntropyLoss,OCDF,0.050000000000000044,0.93,3.72,2.72,1.1428571428571428,2.0,5.919999999999998,0.08,0.0
2,CrossEntropyLoss,OCDF,0.07999999999999996,0.88,3.495,2.495,1.125,2.0,5.870000000000002,0.135,0.0
2,CrossEntropyLoss,OCDF,0.09999999999999998,0.87,3.355,2.355,1.1153846153846154,2.0,5.255,0.145,0.0
2,CrossEntropyLoss,OCDF,0.13,0.84,3.265,2.265,1.09375,2.0,4.957307692307692,0.175,0.0
2,CrossEntropyLoss,OCDF,0.15000000000000002,0.825,3.19,2.19,1.0857142857142856,2.0,4.723333333333333,0.19,0.0
2,CrossEntropyLoss,OCDF,0.18000000000000005,0.8,3.1,2.1,1.125,2.0,4.6,0.225,0.0
2,CrossEntropyLoss,OCDF,0.19999999999999996,0.795,3.06,2.06,1.1219512195121952,2.0,4.36,0.23,0.0
2,CrossEntropyLoss,APS,0.010000000000000009,0.965,4.35,3.525,1.0,1.0,10.524999999999993,0.035,0.17500000000000004
2,CrossEntropyLoss,APS,0.020000000000000018,0.96,4.015,3.23,1.0,1.0,7.229999999999997,0.04,0.21499999999999997
2,CrossEntropyLoss,APS,0.030000000000000027,0.96,3.84,3.05,1.0,1.0,5.716666666666665,0.04,0.20999999999999996
2,CrossEntropyLoss,APS,0.050000000000000044,0.93,3.075,2.095,1.0,1.0,4.894999999999998,0.07,0.020000000000000018
2,CrossEntropyLoss,APS,0.07999999999999996,0.9,2.805,1.82,1.1,2.0,4.570000000000002,0.11,0.015000000000000013
2,CrossEntropyLoss,APS,0.09999999999999998,0.895,2.735,1.745,1.0952380952380953,2.0,4.045,0.115,0.010000000000000009
2,CrossEntropyLoss,APS,0.13,0.85,2.475,1.48,1.1666666666666667,2.0,4.172307692307692,0.175,0.0050000000000000044
2,CrossEntropyLoss,APS,0.15000000000000002,0.825,2.34,1.345,1.1428571428571428,2.0,4.011666666666667,0.2,0.0050000000000000044
2,CrossEntropyLoss,APS,0.18000000000000005,0.81,2.21,1.21,1.131578947368421,2.0,3.598888888888888,0.215,0.0
2,CrossEntropyLoss,APS,0.19999999999999996,0.81,2.175,1.175,1.131578947368421,2.0,3.325,0.215,0.0
2,CrossEntropyLoss,LAC,0.010000000000000009,0.955,4.695,3.73,1.0,1.0,12.729999999999992,0.045,0.03500000000000003
2,CrossEntropyLoss,LAC,0.020000000000000018,0.955,4.355,3.465,1.0,1.0,7.964999999999995,0.045,0.10999999999999999
2,CrossEntropyLoss,LAC,0.030000000000000027,0.945,3.52,2.57,1.0,1.0,6.236666666666664,0.055,0.050000000000000044
2,CrossEntropyLoss,LAC,0.050000000000000044,0.93,2.965,2.0,1.0,1.0,4.799999999999998,0.07,0.03500000000000003
2,CrossEntropyLoss,LAC,0.07999999999999996,0.875,2.62,1.62,1.04,2.0,4.870000000000002,0.13,0.0
2,CrossEntropyLoss,LAC,0.09999999999999998,0.86,2.455,1.455,1.0357142857142858,2.0,4.355,0.145,0.0
2,CrossEntropyLoss,LAC,0.13,0.855,2.36,1.36,1.0344827586206897,2.0,3.667692307692308,0.15,0.0
2,CrossEntropyLoss,LAC,0.15000000000000002,0.84,2.22,1.22,1.03125,2.0,3.42,0.165,0.0
2,CrossEntropyLoss,LAC,0.18000000000000005,0.805,2.04,1.04,1.0256410256410255,2.0,3.262222222222222,0.2,0.0
2,CrossEntropyLoss,LAC,0.19999999999999996,0.79,2.0,1.0,1.0238095238095237,2.0,3.15,0.215,0.0
3,CrossEntropyLoss,min-CPS,0.010000000000000009,0.995,4.94,3.94,1.0,1.0,4.939999999999999,0.005,0.0
3,CrossEntropyLoss,min-CPS,0.020000000000000018,0.995,4.92,3.92,1.0,1.0,4.419999999999999,0.005,0.0
3,CrossEntropyLoss,min-CPS,0.030000000000000027,0.975,4.185,3.185,1.0,1.0,4.851666666666666,0.025,0.0
3,CrossEntropyLoss,min-CPS,0.050000000000000044,0.96,3.575,2.575,1.0,1.0,4.174999999999999,0.04,0.0
3,CrossEntropyLoss,min-CPS,0.07999999999999996,0.93,3.075,2.075,1.0714285714285714,2.0,3.950000000000001,0.075,0.0
3,CrossEntropyLoss,min-CPS,0.09999999999999998,0.9,2.84,1.84,1.05,2.0,3.94,0.105,0.0
3,CrossEntropyLoss,min-CPS,0.13,0.855,2.71,1.71,1.0689655172413792,2.0,4.094615384615384,0.155,0.0
3,CrossEntropyLoss,min-CPS,0.15000000000000002,0.83,2.7,1.7,1.0588235294117647,2.0,4.1,0.18,0.0
3,CrossEntropyLoss,min-CPS,0.18000000000000005,0.81,2.625,1.625,1.0526315789473684,2.0,3.847222222222222,0.2,0.0
3,CrossEntropyLoss,min-CPS,0.19999999999999996,0.81,2.625,1.625,1.0526315789473684,2.0,3.625,0.2,0.0
3,CrossEntropyLoss,RPS,0.010000000000000009,0.995,3.91,2.91,1.0,1.0,3.909999999999999,0.005,0.0
3,CrossEntropyLoss,RPS,0.020000000000000018,0.97,3.535,2.535,1.0,1.0,5.5349999999999975,0.03,0.0
3,CrossEntropyLoss,RPS,0.030000000000000027,0.96,3.405,2.405,1.0,1.0,5.071666666666665,0.04,0.0
3,CrossEntropyLoss,RPS,0.050000000000000044,0.955,3.21,2.21,1.0,1.0,4.009999999999999,0.045,0.0
3,CrossEntropyLoss,RPS,0.07999999999999996,0.925,2.99,1.99,1.0,1.0,3.865000000000001,0.075,0.0
3,CrossEntropyLoss,RPS,0.09999999999999998,0.905,2.895,1.895,1.0,1.0,3.795,0.095,0.0
3,CrossEntropyLoss,RPS,0.13,0.875,2.72,1.72,1.0,1.0,3.6430769230769227,0.125,0.0
3,CrossEntropyLoss,RPS,0.15000000000000002,0.86,2.515,1.515,1.0,1.0,3.3816666666666664,0.14,0.0
3,CrossEntropyLoss,RPS,0.18000000000000005,0.8,2.07,1.07,1.025,2.0,3.347777777777777,0.205,0.0
3,CrossEntropyLoss,RPS,0.19999999999999996,0.8,2.005,1.005,1.025,2.0,3.055,0.205,0.0
3,CrossEntropyLoss,OCDF,0.010000000000000009,0.995,4.93,3.93,1.0,1.0,4.929999999999999,0.005,0.0
3,CrossEntropyLoss,OCDF,0.020000000000000018,0.98,4.745,3.745,1.0,1.0,5.744999999999997,0.02,0.0
3,CrossEntropyLoss,OCDF,0.030000000000000027,0.975,4.63,3.63,1.0,1.0,5.296666666666665,0.025,0.0
3,CrossEntropyLoss,OCDF,0.050000000000000044,0.965,3.85,2.85,1.1428571428571428,2.0,4.449999999999999,0.04,0.0
3,CrossEntropyLoss,OCDF,0.07999999999999996,0.915,3.635,2.635,1.1176470588235294,2.0,5.010000000000002,0.095,0.0
3,CrossEntropyLoss,OCDF,0.09999999999999998,0.895,3.495,2.495,1.1428571428571428,2.0,4.895,0.12,0.0
3,CrossEntropyLoss,OCDF,0.13,0.89,3.415,2.415,1.1363636363636365,2.0,4.338076923076923,0.125,0.0
3,CrossEntropyLoss,OCDF,0.15000000000000002,0.855,3.345,2.345,1.103448275862069,2.0,4.478333333333333,0.16,0.0
3,CrossEntropyLoss,OCDF,0.18000000000000005,0.815,3.195,2.195,1.135135135135135,2.0,4.528333333333332,0.21,0.0
3,CrossEntropyLoss,OCDF,0.19999999999999996,0.79,3.015,2.015,1.119047619047619,2.0,4.365,0.235,0.0
3,CrossEntropyLoss,APS,0.010000000000000009,0.985,4.8,3.845,1.0,1.0,6.844999999999998,0.015,0.04500000000000004
3,CrossEntropyLoss,APS,0.020000000000000018,0.985,4.6,3.685,1.0,1.0,5.184999999999998,0.015,0.08499999999999996
3,CrossEntropyLoss,APS,0.030000000000000027,0.98,4.27,3.415,1.0,1.0,4.748333333333332,0.02,0.14500000000000002
3,CrossEntropyLoss,APS,0.050000000000000044,0.95,3.425,2.515,1.0,1.0,4.514999999999999,0.05,0.08999999999999997
3,CrossEntropyLoss,APS,0.07999999999999996,0.94,2.99,2.01,1.0833333333333333,2.0,3.635000000000001,0.065,0.020000000000000018
3,CrossEntropyLoss,APS,0.09999999999999998,0.925,2.89,1.905,1.0666666666666667,2.0,3.505,0.08,0.015000000000000013
3,CrossEntropyLoss,APS,0.13,0.885,2.69,1.695,1.0434782608695652,2.0,3.5411538461538465,0.12,0.0050000000000000044
3,CrossEntropyLoss,APS,0.15000000000000002,0.845,2.49,1.49,1.032258064516129,2.0,3.623333333333333,0.16,0.0
3,CrossEntropyLoss,APS,0.18000000000000005,0.78,2.145,1.145,1.0227272727272727,2.0,3.6449999999999996,0.225,0.0
3,CrossEntropyLoss,APS,0.19999999999999996,0.775,2.135,1.135,1.0222222222222221,2.0,3.435,0.23,0.0
3,CrossEntropyLoss,LAC,0.010000000000000009,0.995,4.925,3.925,1.0,1.0,4.924999999999999,0.005,0.0
3,CrossEntropyLoss,LAC,0.020000000000000018,0.99,4.89,3.89,1.0,1.0,4.889999999999999,0.01,0.0
3,CrossEntropyLoss,LAC,0.030000000000000027,0.975,4.785,3.805,1.0,1.0,5.471666666666665,0.025,0.020000000000000018
3,CrossEntropyLoss,LAC,0.050000000000000044,0.965,3.64,2.7,1.0,1.0,4.099999999999999,0.035,0.06000000000000005
3,CrossEntropyLoss,LAC,0.07999999999999996,0.91,2.79,1.79,1.0555555555555556,2.0,4.165000000000001,0.095,0.0
3,CrossEntropyLoss,LAC,0.09999999999999998,0.895,2.665,1.665,1.0476190476190477,2.0,3.865,0.11,0.0
3,CrossEntropyLoss,LAC,0.13,0.865,2.425,1.425,1.037037037037037,2.0,3.5788461538461536,0.14,0.0
3,CrossEntropyLoss,LAC,0.15000000000000002,0.84,2.26,1.26,1.03125,2.0,3.46,0.165,0.0
3,CrossEntropyLoss,LAC,0.18000000000000005,0.805,2.06,1.06,1.0256410256410255,2.0,3.282222222222222,0.2,0.0
3,CrossEntropyLoss,LAC,0.19999999999999996,0.78,2.005,1.005,1.0454545454545454,2.0,3.305,0.23,0.0
4,CrossEntropyLoss,min-CPS,0.010000000000000009,0.995,4.945,3.945,1.0,1.0,4.9449999999999985,0.005,0.0
4,CrossEntropyLoss,min-CPS,0.020000000000000018,0.99,4.905,3.905,1.0,1.0,4.9049999999999985,0.01,0.0
4,CrossEntropyLoss,min-CPS,0.030000000000000027,0.965,4.07,3.07,1.0,1.0,5.403333333333332,0.035,0.0
4,CrossEntropyLoss,min-CPS,0.050000000000000044,0.96,3.55,2.55,1.0,1.0,4.149999999999999,0.04,0.0
4,CrossEntropyLoss,min-CPS,0.07999999999999996,0.945,3.05,2.05,1.0909090909090908,2.0,3.550000000000001,0.06,0.0
4,CrossEntropyLoss,min-CPS,0.09999999999999998,0.9,2.77,1.77,1.05,2.0,3.87,0.105,0.0
4,CrossEntropyLoss,min-CPS,0.13,0.85,2.69,1.69,1.0666666666666667,2.0,4.151538461538462,0.16,0.0
4,CrossEntropyLoss,min-CPS,0.15000000000000002,0.835,2.675,1.675,1.0606060606060606,2.0,4.008333333333333,0.175,0.0
4,CrossEntropyLoss,min-CPS,0.18000000000000005,0.79,2.57,1.57,1.0476190476190477,2.0,4.014444444444444,0.22,0.0
4,CrossEntropyLoss,min-CPS,0.19999999999999996,0.79,2.55,1.55,1.0476190476190477,2.0,3.75,0.22,0.0
4,CrossEntropyLoss,RPS,0.010000000000000009,0.995,3.895,2.895,1.0,1.0,3.8949999999999987,0.005,0.0
4,CrossEntropyLoss,RPS,0.020000000000000018,0.97,3.525,2.525,1.0,1.0,5.524999999999998,0.03,0.0
4,CrossEntropyLoss,RPS,0.030000000000000027,0.97,3.45,2.45,1.0,1.0,4.449999999999999,0.03,0.0
4,CrossEntropyLoss,RPS,0.050000000000000044,0.93,3.035,2.035,1.0,1.0,4.834999999999997,0.07,0.0
4,CrossEntropyLoss,RPS,0.07999999999999996,0.92,2.98,1.98,1.0,1.0,3.9800000000000013,0.08,0.0
4,CrossEntropyLoss,RPS,0.09999999999999998,0.91,2.925,1.925,1.0,1.0,3.725,0.09,0.0
4,CrossEntropyLoss,RPS,0.13,0.88,2.71,1.71,1.0,1.0,3.5561538461538458,0.12,0.0
4,CrossEntropyLoss,RPS,0.15000000000000002,0.875,2.59,1.59,1.0,1.0,3.2566666666666664,0.125,0.0
4,CrossEntropyLoss,RPS,0.18000000000000005,0.835,2.19,1.19,1.0303030303030303,2.0,3.078888888888888,0.17,0.0
4,CrossEntropyLoss,RPS,0.19999999999999996,0.82,2.085,1.085,1.0277777777777777,2.0,2.935,0.185,0.0
4,CrossEntropyLoss,OCDF,0.010000000000000009,0.965,4.69,3.69,1.0,1.0,10.689999999999992,0.035,0.0
4,CrossEntropyLoss,OCDF,0.020000000000000018,0.965,4.59,3.59,1.0,1.0,7.089999999999996,0.035,0.0
4,CrossEntropyLoss,OCDF,0.030000000000000027,0.96,3.915,2.915,1.125,2.0,5.914999999999997,0.045,0.0
4,CrossEntropyLoss,OCDF,0.050000000000000044,0.94,3.795,2.795,1.1666666666666667,2.0,5.594999999999998,0.07,0.0
4,CrossEntropyLoss,OCDF,0.07999999999999996,0.93,3.67,2.67,1.1428571428571428,2.0,4.670000000000002,0.08,0.0
4,CrossEntropyLoss,OCDF,0.09999999999999998,0.89,3.44,2.44,1.1363636363636365,2.0,4.94,0.125,0.0
4,CrossEntropyLoss,OCDF,0.13,0.885,3.405,2.405,1.1304347826086956,2.0,4.405,0.13,0.0
4,CrossEntropyLoss,OCDF,0.15000000000000002,0.86,3.34,2.34,1.1428571428571428,2.0,4.473333333333333,0.16,0.0
4,CrossEntropyLoss,OCDF,0.18000000000000005,0.805,3.175,2.175,1.1794871794871795,2.0,4.730555555555555,0.23,0.0
4,CrossEntropyLoss,OCDF,0.19999999999999996,0.765,2.945,1.945,1.148936170212766,2.0,4.645,0.27,0.0
4,CrossEntropyLoss,APS,0.010000000000000009,0.995,4.795,3.84,1.0,1.0,4.839999999999999,0.005,0.04500000000000004
4,CrossEntropyLoss,APS,0.020000000000000018,0.99,4.475,3.59,1.0,1.0,4.589999999999999,0.01,0.11499999999999999
4,CrossEntropyLoss,APS,0.030000000000000027,0.965,3.73,2.88,1.0,1.0,5.213333333333331,0.035,0.15000000000000002
4,CrossEntropyLoss,APS,0.050000000000000044,0.95,3.41,2.51,1.0,1.0,4.509999999999998,0.05,0.09999999999999998
4,CrossEntropyLoss,APS,0.07999999999999996,0.92,3.075,2.115,1.0,1.0,4.115000000000001,0.08,0.040000000000000036
4,CrossEntropyLoss,APS,0.09999999999999998,0.895,2.755,1.765,1.0,1.0,3.865,0.105,0.010000000000000009
4,CrossEntropyLoss,APS,0.13,0.875,2.55,1.555,1.04,2.0,3.555,0.13,0.0050000000000000044
4,CrossEntropyLoss,APS,0.15000000000000002,0.855,2.465,1.47,1.0344827586206897,2.0,3.47,0.15,0.0050000000000000044
4,CrossEntropyLoss,APS,0.18000000000000005,0.83,2.285,1.29,1.088235294117647,2.0,3.345555555555555,0.185,0.0050000000000000044
4,CrossEntropyLoss,APS,0.19999999999999996,0.795,2.08,1.08,1.0731707317073171,2.0,3.28,0.22,0.0
4,CrossEntropyLoss,LAC,0.010000000000000009,0.995,4.925,3.93,1.0,1.0,4.929999999999999,0.005,0.0050000000000000044
4,CrossEntropyLoss,LAC,0.020000000000000018,0.985,4.865,3.875,1.0,1.0,5.374999999999997,0.015,0.010000000000000009
4,CrossEntropyLoss,LAC,0.030000000000000027,0.975,4.755,3.77,1.0,1.0,5.436666666666665,0.025,0.015000000000000013
4,CrossEntropyLoss,LAC,0.050000000000000044,0.955,3.495,2.545,1.0,1.0,4.344999999999999,0.045,0.050000000000000044
4,CrossEntropyLoss,LAC,0.07999999999999996,0.94,2.81,1.81,1.0833333333333333,2.0,3.435000000000001,0.065,0.0
4,CrossEntropyLoss,LAC,0.09999999999999998,0.92,2.755,1.755,1.0625,2.0,3.455,0.085,0.0
4,CrossEntropyLoss,LAC,0.13,0.88,2.42,1.42,1.0416666666666667,2.0,3.343076923076923,0.125,0.0
4,CrossEntropyLoss,LAC,0.15000000000000002,0.84,2.23,1.23,1.03125,2.0,3.43,0.165,0.0
4,CrossEntropyLoss,LAC,0.18000000000000005,0.815,2.04,1.04,1.027027027027027,2.0,3.1511111111111103,0.19,0.0
4,CrossEntropyLoss,LAC,0.19999999999999996,0.78,1.975,0.975,1.0454545454545454,2.0,3.275,0.23,0.0
5,CrossEntropyLoss,min-CPS,0.010000000000000009,0.98,4.895,3.895,1.0,1.0,7.894999999999997,0.02,0.0
5,CrossEntropyLoss,min-CPS,0.020000000000000018,0.97,4.175,3.175,1.0,1.0,6.174999999999998,0.03,0.0
5,CrossEntropyLoss,min-CPS,0.030000000000000027,0.97,4.08,3.08,1.0,1.0,5.079999999999999,0.03,0.0
5,CrossEntropyLoss,min-CPS,0.050000000000000044,0.945,3.375,2.375,1.0909090909090908,2.0,4.774999999999999,0.06,0.0
5,CrossEntropyLoss,min-CPS,0.07999999999999996,0.915,2.93,1.93,1.0588235294117647,2.0,4.1800000000000015,0.09,0.0
5,CrossEntropyLoss,min-CPS,0.09999999999999998,0.92,2.82,1.82,1.0625,2.0,3.52,0.085,0.0
5,CrossEntropyLoss,min-CPS,0.13,0.885,2.685,1.685,1.0434782608695652,2.0,3.5311538461538463,0.12,0.0
5,CrossEntropyLoss,min-CPS,0.15000000000000002,0.84,2.68,1.68,1.03125,2.0,3.8799999999999994,0.165,0.0
5,CrossEntropyLoss,min-CPS,0.18000000000000005,0.825,2.625,1.625,1.0285714285714285,2.0,3.6249999999999987,0.18,0.0
5,CrossEntropyLoss,min-CPS,0.19999999999999996,0.8,2.575,1.575,1.025,2.0,3.625,0.205,0.0
5,CrossEntropyLoss,RPS,0.010000000000000009,0.995,3.89,2.89,1.0,1.0,3.889999999999999,0.005,0.0
5,CrossEntropyLoss,RPS,0.020000000000000018,0.995,3.88,2.88,1.0,1.0,3.3799999999999994,0.005,0.0
5,CrossEntropyLoss,RPS,0.030000000000000027,0.985,3.615,2.615,1.0,1.0,3.6149999999999993,0.015,0.0
5,CrossEntropyLoss,RPS,0.050000000000000044,0.955,3.23,2.23,1.0,1.0,4.0299999999999985,0.045,0.0
5,CrossEntropyLoss,RPS,0.07999999999999996,0.94,3.01,2.01,1.0,1.0,3.510000000000001,0.06,0.0
5,CrossEntropyLoss,RPS,0.09999999999999998,0.895,2.805,1.805,1.0,1.0,3.905,0.105,0.0
5,CrossEntropyLoss,RPS,0.13,0.86,2.585,1.585,1.0,1.0,3.7388461538461537,0.14,0.0
5,CrossEntropyLoss,RPS,0.15000000000000002,0.85,2.47,1.47,1.0333333333333334,2.0,3.536666666666666,0.155,0.0
5,CrossEntropyLoss,RPS,0.18000000000000005,0.825,2.195,1.195,1.0285714285714285,2.0,3.194999999999999,0.18,0.0
5,CrossEntropyLoss,RPS,0.19999999999999996,0.82,2.115,1.115,1.0277777777777777,2.0,2.965,0.185,0.0
5,CrossEntropyLoss,OCDF,0.010000000000000009,0.995,4.875,3.875,1.0,1.0,4.874999999999999,0.005,0.0
5,CrossEntropyLoss,OCDF,0.020000000000000018,0.98,4.665,3.665,1.0,1.0,5.664999999999997,0.02,0.0
5,CrossEntropyLoss,OCDF,0.030000000000000027,0.97,3.91,2.91,1.0,1.0,4.909999999999999,0.03,0.0
5,CrossEntropyLoss,OCDF,0.050000000000000044,0.965,3.81,2.81,1.0,1.0,4.209999999999999,0.035,0.0
5,CrossEntropyLoss,OCDF,0.07999999999999996,0.94,3.69,2.69,1.0833333333333333,2.0,4.315000000000001,0.065,0.0
5,CrossEntropyLoss,OCDF,0.09999999999999998,0.9,3.54,2.54,1.05,2.0,4.64,0.105,0.0
5,CrossEntropyLoss,OCDF,0.13,0.895,3.4,2.4,1.0952380952380953,2.0,4.169230769230769,0.115,0.0
5,CrossEntropyLoss,OCDF,0.15000000000000002,0.875,3.35,2.35,1.12,2.0,4.216666666666666,0.14,0.0
5,CrossEntropyLoss,OCDF,0.18000000000000005,0.815,3.165,2.165,1.1081081081081081,2.0,4.442777777777777,0.205,0.0
5,CrossEntropyLoss,OCDF,0.19999999999999996,0.79,3.005,2.005,1.0952380952380953,2.0,4.305,0.23,0.0
5,CrossEntropyLoss,APS,0.010000000000000009,0.99,4.53,3.62,1.0,1.0,5.619999999999997,0.01,0.08999999999999997
5,CrossEntropyLoss,APS,0.020000000000000018,0.98,4.315,3.45,1.0,1.0,5.4499999999999975,0.02,0.135
5,CrossEntropyLoss,APS,0.030000000000000027,0.97,3.78,2.97,1.0,1.0,4.969999999999999,0.03,0.18999999999999995
5,CrossEntropyLoss,APS,0.050000000000000044,0.97,3.535,2.685,1.0,1.0,3.884999999999999,0.03,0.15000000000000002
5,CrossEntropyLoss,APS,0.07999999999999996,0.925,3.01,2.04,1.0,1.0,3.915000000000001,0.075,0.030000000000000027
5,CrossEntropyLoss,APS,0.09999999999999998,0.915,2.895,1.915,1.0,1.0,3.615,0.085,0.020000000000000018
5,CrossEntropyLoss,APS,0.13,0.895,2.645,1.655,1.0476190476190477,2.0,3.3473076923076923,0.11,0.010000000000000009
5,CrossEntropyLoss,APS,0.15000000000000002,0.885,2.555,1.565,1.0869565217391304,2.0,3.2316666666666665,0.125,0.010000000000000009
5,CrossEntropyLoss,APS,0.18000000000000005,0.84,2.265,1.275,1.09375,2.0,3.219444444444444,0.175,0.010000000000000009
5,CrossEntropyLoss,APS,0.19999999999999996,0.84,2.25,1.26,1.09375,2.0,3.01,0.175,0.010000000000000009
5,CrossEntropyLoss,LAC,0.010000000000000009,0.995,4.935,3.935,1.0,1.0,4.934999999999999,0.005,0.0
5,CrossEntropyLoss,LAC,0.020000000000000018,0.98,4.87,3.88,1.0,1.0,5.879999999999998,0.02,0.010000000000000009
5,CrossEntropyLoss,LAC,0.030000000000000027,0.975,4.76,3.79,1.0,1.0,5.456666666666665,0.025,0.030000000000000027
5,CrossEntropyLoss,LAC,0.050000000000000044,0.96,3.545,2.595,1.0,1.0,4.1949999999999985,0.04,0.050000000000000044
5,CrossEntropyLoss,LAC,0.07999999999999996,0.905,2.745,1.745,1.0526315789473684,2.0,4.245000000000001,0.1,0.0
5,CrossEntropyLoss,LAC,0.09999999999999998,0.89,2.545,1.545,1.0454545454545454,2.0,3.845,0.115,0.0
5,CrossEntropyLoss,LAC,0.13,0.855,2.365,1.365,1.0344827586206897,2.0,3.6726923076923073,0.15,0.0
5,CrossEntropyLoss,LAC,0.15000000000000002,0.84,2.255,1.255,1.03125,2.0,3.455,0.165,0.0
5,CrossEntropyLoss,LAC,0.18000000000000005,0.82,2.055,1.055,1.0277777777777777,2.0,3.110555555555555,0.185,0.0
5,CrossEntropyLoss,LAC,0.19999999999999996,0.79,2.0,1.0,1.0238095238095237,2.0,3.15,0.215,0.0
6,CrossEntropyLoss,min-CPS,0.010000000000000009,1.0,4.965,3.965,,0.0,3.965,0.0,0.0
6,CrossEntropyLoss,min-CPS,0.020000000000000018,0.985,4.91,3.91,1.0,1.0,5.409999999999999,0.015,0.0
6,CrossEntropyLoss,min-CPS,0.030000000000000027,0.975,4.2,3.2,1.0,1.0,4.866666666666665,0.025,0.0
6,CrossEntropyLoss,min-CPS,0.050000000000000044,0.95,3.445,2.445,1.1,2.0,4.644999999999999,0.055,0.0
6,CrossEntropyLoss,min-CPS,0.07999999999999996,0.945,3.105,2.105,1.0909090909090908,2.0,3.6050000000000013,0.06,0.0
6,CrossEntropyLoss,min-CPS,0.09999999999999998,0.9,2.77,1.77,1.05,2.0,3.87,0.105,0.0
6,CrossEntropyLoss,min-CPS,0.13,0.885,2.685,1.685,1.0434782608695652,2.0,3.5311538461538463,0.12,0.0
6,CrossEntropyLoss,min-CPS,0.15000000000000002,0.85,2.66,1.66,1.0333333333333334,2.0,3.726666666666666,0.155,0.0
6,CrossEntropyLoss,min-CPS,0.18000000000000005,0.83,2.625,1.625,1.0294117647058822,2.0,3.5694444444444433,0.175,0.0
6,CrossEntropyLoss,min-CPS,0.19999999999999996,0.805,2.585,1.585,1.0256410256410255,2.0,3.585,0.2,0.0
6,CrossEntropyLoss,RPS,0.010000000000000009,0.995,3.87,2.87,1.0,1.0,3.8699999999999988,0.005,0.0
6,CrossEntropyLoss,RPS,0.020000000000000018,0.995,3.855,2.855,1.0,1.0,3.3549999999999995,0.005,0.0
6,CrossEntropyLoss,RPS,0.030000000000000027,0.99,3.66,2.66,1.0,1.0,3.326666666666666,0.01,0.0
6,CrossEntropyLoss,RPS,0.050000000000000044,0.97,3.41,2.41,1.0,1.0,3.609999999999999,0.03,0.0
6,CrossEntropyLoss,RPS,0.07999999999999996,0.925,2.995,1.995,1.0,1.0,3.870000000000001,0.075,0.0
6,CrossEntropyLoss,RPS,0.09999999999999998,0.91,2.925,1.925,1.0,1.0,3.725,0.09,0.0
6,CrossEntropyLoss,RPS,0.13,0.88,2.69,1.69,1.0,1.0,3.536153846153846,0.12,0.0
6,CrossEntropyLoss,RPS,0.15000000000000002,0.855,2.495,1.495,1.0344827586206897,2.0,3.495,0.15,0.0
6,CrossEntropyLoss,RPS,0.18000000000000005,0.835,2.17,1.17,1.0303030303030303,2.0,3.0588888888888888,0.17,0.0
6,CrossEntropyLoss,RPS,0.19999999999999996,0.805,1.99,0.99,1.0256410256410255,2.0,2.99,0.2,0.0
6,CrossEntropyLoss,OCDF,0.010000000000000009,0.995,4.89,3.89,1.0,1.0,4.889999999999999,0.005,0.0
6,CrossEntropyLoss,OCDF,0.020000000000000018,0.985,4.685,3.685,1.0,1.0,5.184999999999998,0.015,0.0
6,CrossEntropyLoss,OCDF,0.030000000000000027,0.985,4.685,3.685,1.0,1.0,4.685,0.015,0.0
6,CrossEntropyLoss,OCDF,0.050000000000000044,0.965,3.785,2.785,1.0,1.0,4.184999999999999,0.035,0.0
6,CrossEntropyLoss,OCDF,0.07999999999999996,0.965,3.735,2.735,1.1428571428571428,2.0,3.7350000000000008,0.04,0.0
6,CrossEntropyLoss,OCDF,0.09999999999999998,0.945,3.615,2.615,1.0909090909090908,2.0,3.815,0.06,0.0
6,CrossEntropyLoss,OCDF,0.13,0.9,3.385,2.385,1.15,2.0,4.154230769230769,0.115,0.0
6,CrossEntropyLoss,OCDF,0.15000000000000002,0.87,3.325,2.325,1.1153846153846154,2.0,4.258333333333333,0.145,0.0
6,CrossEntropyLoss,OCDF,0.18000000000000005,0.845,3.225,2.225,1.096774193548387,2.0,4.113888888888888,0.17,0.0
6,CrossEntropyLoss,OCDF,0.19999999999999996,0.825,3.2,2.2,1.1142857142857143,2.0,4.15,0.195,0.0
6,CrossEntropyLoss,APS,0.010000000000000009,0.995,4.735,3.775,1.0,1.0,4.774999999999999,0.005,0.040000000000000036
6,CrossEntropyLoss,APS,0.020000000000000018,0.99,4.46,3.57,1.0,1.0,4.5699999999999985,0.01,0.10999999999999999
6,CrossEntropyLoss,APS,0.030000000000000027,0.975,3.865,3.06,1.0,1.0,4.726666666666666,0.025,0.19499999999999995
6,CrossEntropyLoss,APS,0.050000000000000044,0.97,3.57,2.705,1.0,1.0,3.9049999999999994,0.03,0.135
6,CrossEntropyLoss,APS,0.07999999999999996,0.935,3.02,2.05,1.0,1.0,3.675000000000001,0.065,0.030000000000000027
6,CrossEntropyLoss,APS,0.09999999999999998,0.92,2.855,1.87,1.0625,2.0,3.57,0.085,0.015000000000000013
6,CrossEntropyLoss,APS,0.13,0.9,2.735,1.745,1.05,2.0,3.3603846153846155,0.105,0.010000000000000009
6,CrossEntropyLoss,APS,0.15000000000000002,0.86,2.49,1.495,1.0357142857142858,2.0,3.4283333333333332,0.145,0.0050000000000000044
6,CrossEntropyLoss,APS,0.18000000000000005,0.78,2.105,1.105,1.0454545454545454,2.0,3.660555555555555,0.23,0.0
6,CrossEntropyLoss,APS,0.19999999999999996,0.77,2.045,1.045,1.0434782608695652,2.0,3.445,0.24,0.0
6,CrossEntropyLoss,LAC,0.010000000000000009,1.0,4.96,3.965,,0.0,3.965,0.0,0.0050000000000000044
6,CrossEntropyLoss,LAC,0.020000000000000018,0.985,4.885,3.89,1.0,1.0,5.389999999999999,0.015,0.0050000000000000044
6,CrossEntropyLoss,LAC,0.030000000000000027,0.975,4.77,3.78,1.0,1.0,5.446666666666665,0.025,0.010000000000000009
6,CrossEntropyLoss,LAC,0.050000000000000044,0.945,3.46,2.505,1.0,1.0,4.704999999999998,0.055,0.04500000000000004
6,CrossEntropyLoss,LAC,0.07999999999999996,0.94,2.825,1.825,1.0833333333333333,2.0,3.450000000000001,0.065,0.0
6,CrossEntropyLoss,LAC,0.09999999999999998,0.925,2.79,1.79,1.0666666666666667,2.0,3.39,0.08,0.0
6,CrossEntropyLoss,LAC,0.13,0.865,2.395,1.395,1.037037037037037,2.0,3.5488461538461538,0.14,0.0
6,CrossEntropyLoss,LAC,0.15000000000000002,0.845,2.265,1.265,1.032258064516129,2.0,3.398333333333333,0.16,0.0
6,CrossEntropyLoss,LAC,0.18000000000000005,0.81,2.04,1.04,1.0263157894736843,2.0,3.2066666666666657,0.195,0.0
6,CrossEntropyLoss,LAC,0.19999999999999996,0.78,1.98,0.98,1.0227272727272727,2.0,3.23,0.225,0.0
7,CrossEntropyLoss,min-CPS,0.010000000000000009,0.97,4.83,3.83,1.0,1.0,9.829999999999995,0.03,0.0
7,CrossEntropyLoss,min-CPS,0.020000000000000018,0.98,4.675,3.675,1.0,1.0,5.674999999999998,0.02,0.0
7,CrossEntropyLoss,min-CPS,0.030000000000000027,0.93,3.4,2.4,1.1428571428571428,2.0,7.733333333333329,0.08,0.0
7,CrossEntropyLoss,min-CPS,0.050000000000000044,0.915,3.065,2.065,1.1176470588235294,2.0,5.864999999999997,0.095,0.0
7,CrossEntropyLoss,min-CPS,0.07999999999999996,0.895,2.805,1.805,1.0952380952380953,2.0,4.680000000000002,0.115,0.0
7,CrossEntropyLoss,min-CPS,0.09999999999999998,0.88,2.73,1.73,1.0833333333333333,2.0,4.33,0.13,0.0
7,CrossEntropyLoss,min-CPS,0.13,0.835,2.675,1.675,1.0909090909090908,2.0,4.444230769230769,0.18,0.0
7,CrossEntropyLoss,min-CPS,0.15000000000000002,0.83,2.63,1.63,1.088235294117647,2.0,4.096666666666667,0.185,0.0
7,CrossEntropyLoss,min-CPS,0.18000000000000005,0.785,2.56,1.56,1.069767441860465,2.0,4.115555555555554,0.23,0.0
7,CrossEntropyLoss,min-CPS,0.19999999999999996,0.765,2.525,1.525,1.0638297872340425,2.0,4.025,0.25,0.0
7,CrossEntropyLoss,RPS,0.010000000000000009,0.98,3.88,2.88,1.0,1.0,6.879999999999996,0.02,0.0
7,CrossEntropyLoss,RPS,0.020000000000000018,0.97,3.56,2.56,1.0,1.0,5.559999999999998,0.03,0.0
7,CrossEntropyLoss,RPS,0.030000000000000027,0.97,3.485,2.485,1.0,1.0,4.4849999999999985,0.03,0.0
7,CrossEntropyLoss,RPS,0.050000000000000044,0.925,3.06,2.06,1.0,1.0,5.059999999999998,0.075,0.0
7,CrossEntropyLoss,RPS,0.07999999999999996,0.9,2.895,1.895,1.0,1.0,4.395000000000001,0.1,0.0
7,CrossEntropyLoss,RPS,0.09999999999999998,0.89,2.8,1.8,1.0,1.0,4.0,0.11,0.0
7,CrossEntropyLoss,RPS,0.13,0.85,2.565,1.565,1.0,1.0,3.872692307692307,0.15,0.0
7,CrossEntropyLoss,RPS,0.15000000000000002,0.83,2.245,1.245,1.0588235294117647,2.0,3.645,0.18,0.0
7,CrossEntropyLoss,RPS,0.18000000000000005,0.815,2.155,1.155,1.054054054054054,2.0,3.3216666666666663,0.195,0.0
7,CrossEntropyLoss,RPS,0.19999999999999996,0.81,2.045,1.045,1.0526315789473684,2.0,3.045,0.2,0.0
7,CrossEntropyLoss,OCDF,0.010000000000000009,0.985,4.72,3.72,1.0,1.0,6.719999999999998,0.015,0.0
7,CrossEntropyLoss,OCDF,0.020000000000000018,0.975,4.68,3.68,1.0,1.0,6.179999999999998,0.025,0.0
7,CrossEntropyLoss,OCDF,0.030000000000000027,0.965,3.905,2.905,1.2857142857142858,2.0,5.904999999999998,0.045,0.0
7,CrossEntropyLoss,OCDF,0.050000000000000044,0.94,3.755,2.755,1.25,2.0,5.754999999999998,0.075,0.0
7,CrossEntropyLoss,OCDF,0.07999999999999996,0.925,3.615,2.615,1.2,2.0,4.865000000000002,0.09,0.0
7,CrossEntropyLoss,OCDF,0.09999999999999998,0.91,3.57,2.57,1.1666666666666667,2.0,4.67,0.105,0.0
7,CrossEntropyLoss,OCDF,0.13,0.89,3.385,2.385,1.1818181818181819,2.0,4.385,0.13,0.0
7,CrossEntropyLoss,OCDF,0.15000000000000002,0.83,3.205,2.205,1.1176470588235294,2.0,4.738333333333333,0.19,0.0
7,CrossEntropyLoss,OCDF,0.18000000000000005,0.815,3.16,2.16,1.162162162162162,2.0,4.548888888888888,0.215,0.0
7,CrossEntropyLoss,OCDF,0.19999999999999996,0.815,3.125,2.125,1.162162162162162,2.0,4.275,0.215,0.0
7,CrossEntropyLoss,APS,0.010000000000000009,0.96,4.27,3.425,1.0,1.0,11.424999999999994,0.04,0.15500000000000003
7,CrossEntropyLoss,APS,0.020000000000000018,0.96,4.015,3.2,1.0,1.0,7.199999999999997,0.04,0.18500000000000005
7,CrossEntropyLoss,APS,0.030000000000000027,0.955,3.585,2.705,1.0,1.0,5.704999999999997,0.045,0.12
7,CrossEntropyLoss,APS,0.050000000000000044,0.94,3.245,2.31,1.0833333333333333,2.0,4.909999999999998,0.065,0.06499999999999995
7,CrossEntropyLoss,APS,0.07999999999999996,0.905,2.93,1.95,1.0526315789473684,2.0,4.450000000000001,0.1,0.020000000000000018
7,CrossEntropyLoss,APS,0.09999999999999998,0.855,2.55,1.56,1.0689655172413792,2.0,4.66,0.155,0.010000000000000009
7,CrossEntropyLoss,APS,0.13,0.835,2.31,1.315,1.0606060606060606,2.0,4.007307692307692,0.175,0.0050000000000000044
7,CrossEntropyLoss,APS,0.15000000000000002,0.825,2.25,1.255,1.0571428571428572,2.0,3.7216666666666662,0.185,0.0050000000000000044
7,CrossEntropyLoss,APS,0.18000000000000005,0.815,2.17,1.175,1.0810810810810811,2.0,3.3972222222222217,0.2,0.0050000000000000044
7,CrossEntropyLoss,APS,0.19999999999999996,0.81,2.125,1.13,1.0789473684210527,2.0,3.18,0.205,0.0050000000000000044
7,CrossEntropyLoss,LAC,0.010000000000000009,0.96,4.735,3.75,1.0,1.0,11.749999999999993,0.04,0.015000000000000013
7,CrossEntropyLoss,LAC,0.020000000000000018,0.96,4.43,3.5,1.0,1.0,7.4999999999999964,0.04,0.06999999999999995
7,CrossEntropyLoss,LAC,0.030000000000000027,0.945,3.57,2.615,1.0,1.0,6.281666666666664,0.055,0.04500000000000004
7,CrossEntropyLoss,LAC,0.050000000000000044,0.915,2.815,1.815,1.1176470588235294,2.0,5.614999999999997,0.095,0.0
7,CrossEntropyLoss,LAC,0.07999999999999996,0.89,2.73,1.73,1.0909090909090908,2.0,4.730000000000001,0.12,0.0
7,CrossEntropyLoss,LAC,0.09999999999999998,0.875,2.49,1.49,1.08,2.0,4.19,0.135,0.0
7,CrossEntropyLoss,LAC,0.13,0.855,2.355,1.355,1.0689655172413792,2.0,3.739615384615384,0.155,0.0
7,CrossEntropyLoss,LAC,0.15000000000000002,0.84,2.245,1.245,1.0625,2.0,3.5116666666666663,0.17,0.0
7,CrossEntropyLoss,LAC,0.18000000000000005,0.81,2.035,1.035,1.0526315789473684,2.0,3.2572222222222216,0.2,0.0
7,CrossEntropyLoss,LAC,0.19999999999999996,0.785,1.97,0.97,1.069767441860465,2.0,3.27,0.23,0.0
8,CrossEntropyLoss,min-CPS,0.010000000000000009,0.99,4.915,3.915,1.0,1.0,5.914999999999997,0.01,0.0
8,CrossEntropyLoss,min-CPS,0.020000000000000018,0.975,4.465,3.465,1.0,1.0,5.964999999999998,0.025,0.0
8,CrossEntropyLoss,min-CPS,0.030000000000000027,0.95,3.715,2.715,1.0,1.0,6.04833333333333,0.05,0.0
8,CrossEntropyLoss,min-CPS,0.050000000000000044,0.955,3.445,2.445,1.2222222222222223,2.0,4.644999999999999,0.055,0.0
8,CrossEntropyLoss,min-CPS,0.07999999999999996,0.94,3.04,2.04,1.1666666666666667,2.0,3.790000000000001,0.07,0.0
8,CrossEntropyLoss,min-CPS,0.09999999999999998,0.9,2.81,1.81,1.1,2.0,4.01,0.11,0.0
8,CrossEntropyLoss,min-CPS,0.13,0.88,2.69,1.69,1.0833333333333333,2.0,3.69,0.13,0.0
8,CrossEntropyLoss,min-CPS,0.15000000000000002,0.855,2.685,1.685,1.103448275862069,2.0,3.8183333333333334,0.16,0.0
8,CrossEntropyLoss,min-CPS,0.18000000000000005,0.795,2.57,1.57,1.0731707317073171,2.0,4.014444444444443,0.22,0.0
8,CrossEntropyLoss,min-CPS,0.19999999999999996,0.795,2.55,1.55,1.0731707317073171,2.0,3.75,0.22,0.0
8,CrossEntropyLoss,RPS,0.010000000000000009,0.965,3.635,2.635,1.0,1.0,9.634999999999994,0.035,0.0
8,CrossEntropyLoss,RPS,0.020000000000000018,0.965,3.565,2.565,1.0,1.0,6.064999999999998,0.035,0.0
8,CrossEntropyLoss,RPS,0.030000000000000027,0.96,3.4,2.4,1.0,1.0,5.0666666666666655,0.04,0.0
8,CrossEntropyLoss,RPS,0.050000000000000044,0.935,3.1,2.1,1.0,1.0,4.6999999999999975,0.065,0.0
8,CrossEntropyLoss,RPS,0.07999999999999996,0.9,2.915,1.915,1.0,1.0,4.415000000000001,0.1,0.0
8,CrossEntropyLoss,RPS,0.09999999999999998,0.875,2.735,1.735,1.0,1.0,4.235,0.125,0.0
8,CrossEntropyLoss,RPS,0.13,0.86,2.565,1.565,1.0,1.0,3.7188461538461537,0.14,0.0
8,CrossEntropyLoss,RPS,0.15000000000000002,0.855,2.48,1.48,1.0689655172413792,2.0,3.5466666666666664,0.155,0.0
8,CrossEntropyLoss,RPS,0.18000000000000005,0.815,2.17,1.17,1.054054054054054,2.0,3.3366666666666664,0.195,0.0
8,CrossEntropyLoss,RPS,0.19999999999999996,0.795,1.94,0.94,1.048780487804878,2.0,3.09,0.215,0.0
8,CrossEntropyLoss,OCDF,0.010000000000000009,0.96,4.585,3.585,1.0,1.0,11.584999999999994,0.04,0.0
8,CrossEntropyLoss,OCDF,0.020000000000000018,0.96,3.93,2.93,1.25,2.0,7.929999999999995,0.05,0.0
8,CrossEntropyLoss,OCDF,0.030000000000000027,0.955,3.855,2.855,1.2222222222222223,2.0,6.521666666666664,0.055,0.0
8,CrossEntropyLoss,OCDF,0.050000000000000044,0.92,3.73,2.73,1.1875,2.0,6.529999999999998,0.095,0.0
8,CrossEntropyLoss,OCDF,0.07999999999999996,0.89,3.56,2.56,1.1363636363636365,2.0,5.685000000000002,0.125,0.0
8,CrossEntropyLoss,OCDF,0.09999999999999998,0.88,3.39,2.39,1.2083333333333333,2.0,5.29,0.145,0.0
8,CrossEntropyLoss,OCDF,0.13,0.86,3.335,2.335,1.2142857142857142,2.0,4.950384615384615,0.17,0.0
8,CrossEntropyLoss,OCDF,0.15000000000000002,0.855,3.32,2.32,1.206896551724138,2.0,4.653333333333333,0.175,0.0
8,CrossEntropyLoss,OCDF,0.18000000000000005,0.795,3.125,2.125,1.2195121951219512,2.0,4.902777777777777,0.25,0.0
8,CrossEntropyLoss,OCDF,0.19999999999999996,0.79,3.025,2.025,1.2142857142857142,2.0,4.575,0.255,0.0
8,CrossEntropyLoss,APS,0.010000000000000009,0.975,4.535,3.63,1.0,1.0,8.629999999999995,0.025,0.09499999999999997
8,CrossEntropyLoss,APS,0.020000000000000018,0.975,4.045,3.22,1.0,1.0,5.719999999999998,0.025,0.17500000000000004
8,CrossEntropyLoss,APS,0.030000000000000027,0.96,3.44,2.55,1.0,1.0,5.216666666666665,0.04,0.10999999999999999
8,CrossEntropyLoss,APS,0.050000000000000044,0.94,3.225,2.29,1.0833333333333333,2.0,4.889999999999998,0.065,0.06499999999999995
8,CrossEntropyLoss,APS,0.07999999999999996,0.91,2.945,1.975,1.1111111111111112,2.0,4.475000000000001,0.1,0.030000000000000027
8,CrossEntropyLoss,APS,0.09999999999999998,0.9,2.83,1.85,1.1,2.0,4.05,0.11,0.020000000000000018
8,CrossEntropyLoss,APS,0.13,0.86,2.46,1.465,1.1071428571428572,2.0,3.8496153846153844,0.155,0.0050000000000000044
8,CrossEntropyLoss,APS,0.15000000000000002,0.855,2.445,1.445,1.103448275862069,2.0,3.578333333333333,0.16,0.0
8,CrossEntropyLoss,APS,0.18000000000000005,0.82,2.215,1.215,1.0833333333333333,2.0,3.381666666666666,0.195,0.0
8,CrossEntropyLoss,APS,0.19999999999999996,0.765,2.055,1.055,1.0638297872340425,2.0,3.555,0.25,0.0
8,CrossEntropyLoss,LAC,0.010000000000000009,1.0,4.97,3.97,,0.0,3.97,0.0,0.0
8,CrossEntropyLoss,LAC,0.020000000000000018,0.965,4.735,3.745,1.0,1.0,7.2449999999999966,0.035,0.010000000000000009
8,CrossEntropyLoss,LAC,0.030000000000000027,0.95,4.01,3.12,1.0,1.0,6.4533333333333305,0.05,0.10999999999999999
8,CrossEntropyLoss,LAC,0.050000000000000044,0.94,3.41,2.475,1.0,1.0,4.874999999999998,0.06,0.06499999999999995
8,CrossEntropyLoss,LAC,0.07999999999999996,0.905,2.705,1.705,1.105263157894737,2.0,4.330000000000002,0.105,0.0
8,CrossEntropyLoss,LAC,0.09999999999999998,0.895,2.595,1.595,1.0952380952380953,2.0,3.895,0.115,0.0
8,CrossEntropyLoss,LAC,0.13,0.85,2.27,1.27,1.0666666666666667,2.0,3.7315384615384612,0.16,0.0
8,CrossEntropyLoss,LAC,0.15000000000000002,0.815,2.165,1.165,1.054054054054054,2.0,3.765,0.195,0.0
8,CrossEntropyLoss,LAC,0.18000000000000005,0.8,2.045,1.045,1.05,2.0,3.3783333333333325,0.21,0.0
8,CrossEntropyLoss,LAC,0.19999999999999996,0.78,2.0,1.0,1.0681818181818181,2.0,3.35,0.235,0.0
9,CrossEntropyLoss,min-CPS,0.010000000000000009,1.0,4.95,3.95,,0.0,3.95,0.0,0.0
9,CrossEntropyLoss,min-CPS,0.020000000000000018,1.0,4.91,3.91,,0.0,3.91,0.0,0.0
9,CrossEntropyLoss,min-CPS,0.030000000000000027,0.98,4.175,3.175,1.0,1.0,4.508333333333333,0.02,0.0
9,CrossEntropyLoss,min-CPS,0.050000000000000044,0.96,3.555,2.555,1.0,1.0,4.1549999999999985,0.04,0.0
9,CrossEntropyLoss,min-CPS,0.07999999999999996,0.93,3.07,2.07,1.0,1.0,3.820000000000001,0.07,0.0
9,CrossEntropyLoss,min-CPS,0.09999999999999998,0.92,2.82,1.82,1.0,1.0,3.42,0.08,0.0
9,CrossEntropyLoss,min-CPS,0.13,0.895,2.71,1.71,1.0,1.0,3.3253846153846154,0.105,0.0
9,CrossEntropyLoss,min-CPS,0.15000000000000002,0.875,2.71,1.71,1.04,2.0,3.4433333333333334,0.13,0.0
9,CrossEntropyLoss,min-CPS,0.18000000000000005,0.865,2.7,1.7,1.037037037037037,2.0,3.2555555555555546,0.14,0.0
9,CrossEntropyLoss,min-CPS,0.19999999999999996,0.86,2.67,1.67,1.0357142857142858,2.0,3.12,0.145,0.0
9,CrossEntropyLoss,RPS,0.010000000000000009,1.0,4.625,3.625,,0.0,3.625,0.0,0.0
9,CrossEntropyLoss,RPS,0.020000000000000018,0.97,3.54,2.54,1.0,1.0,5.539999999999997,0.03,0.0
9,CrossEntropyLoss,RPS,0.030000000000000027,0.96,3.425,2.425,1.0,1.0,5.091666666666665,0.04,0.0
9,CrossEntropyLoss,RPS,0.050000000000000044,0.94,3.155,2.155,1.0,1.0,4.554999999999998,0.06,0.0
9,CrossEntropyLoss,RPS,0.07999999999999996,0.92,3.005,2.005,1.0,1.0,4.005000000000001,0.08,0.0
9,CrossEntropyLoss,RPS,0.09999999999999998,0.9,2.825,1.825,1.0,1.0,3.825,0.1,0.0
9,CrossEntropyLoss,RPS,0.13,0.875,2.72,1.72,1.0,1.0,3.643076923076923,0.125,0.0
9,CrossEntropyLoss,RPS,0.15000000000000002,0.855,2.5,1.5,1.0,1.0,3.433333333333333,0.145,0.0
9,CrossEntropyLoss,RPS,0.18000000000000005,0.83,2.215,1.215,1.0,1.0,3.103888888888888,0.17,0.0
9,CrossEntropyLoss,RPS,0.19999999999999996,0.81,2.055,1.055,1.0,1.0,2.955,0.19,0.0
9,CrossEntropyLoss,OCDF,0.010000000000000009,0.965,4.705,3.705,1.0,1.0,10.704999999999993,0.035,0.0
9,CrossEntropyLoss,OCDF,0.020000000000000018,0.96,3.915,2.915,1.25,2.0,7.914999999999996,0.05,0.0
9,CrossEntropyLoss,OCDF,0.030000000000000027,0.95,3.84,2.84,1.2,2.0,6.839999999999996,0.06,0.0
9,CrossEntropyLoss,OCDF,0.050000000000000044,0.935,3.73,2.73,1.2307692307692308,2.0,5.929999999999998,0.08,0.0
9,CrossEntropyLoss,OCDF,0.07999999999999996,0.925,3.65,2.65,1.2,2.0,4.900000000000002,0.09,0.0
9,CrossEntropyLoss,OCDF,0.09999999999999998,0.895,3.485,2.485,1.1904761904761905,2.0,4.985,0.125,0.0
9,CrossEntropyLoss,OCDF,0.13,0.85,3.32,2.32,1.1666666666666667,2.0,5.012307692307692,0.175,0.0
9,CrossEntropyLoss,OCDF,0.15000000000000002,0.845,3.28,2.28,1.1612903225806452,2.0,4.68,0.18,0.0
9,CrossEntropyLoss,OCDF,0.18000000000000005,0.835,3.205,2.205,1.2424242424242424,2.0,4.482777777777777,0.205,0.0
9,CrossEntropyLoss,OCDF,0.19999999999999996,0.835,3.205,2.205,1.2424242424242424,2.0,4.255,0.205,0.0
9,CrossEntropyLoss,APS,0.010000000000000009,0.99,4.675,3.74,1.0,1.0,5.7399999999999975,0.01,0.06499999999999995
9,CrossEntropyLoss,APS,0.020000000000000018,0.99,4.62,3.69,1.0,1.0,4.689999999999999,0.01,0.06999999999999995
9,CrossEntropyLoss,APS,0.030000000000000027,0.98,3.88,3.065,1.0,1.0,4.3983333333333325,0.02,0.18500000000000005
9,CrossEntropyLoss,APS,0.050000000000000044,0.95,3.365,2.445,1.0,1.0,4.4449999999999985,0.05,0.07999999999999996
9,CrossEntropyLoss,APS,0.07999999999999996,0.9,2.945,1.985,1.0,1.0,4.485000000000001,0.1,0.040000000000000036
9,CrossEntropyLoss,APS,0.09999999999999998,0.89,2.785,1.79,1.0,1.0,3.99,0.11,0.0050000000000000044
9,CrossEntropyLoss,APS,0.13,0.855,2.47,1.47,1.0,1.0,3.700769230769231,0.145,0.0
9,CrossEntropyLoss,APS,0.15000000000000002,0.855,2.435,1.435,1.0,1.0,3.368333333333333,0.145,0.0
9,CrossEntropyLoss,APS,0.18000000000000005,0.845,2.305,1.305,1.064516129032258,2.0,3.1383333333333328,0.165,0.0
9,CrossEntropyLoss,APS,0.19999999999999996,0.82,2.17,1.17,1.0833333333333333,2.0,3.12,0.195,0.0
9,CrossEntropyLoss,LAC,0.010000000000000009,1.0,4.95,3.95,,0.0,3.95,0.0,0.0
9,CrossEntropyLoss,LAC,0.020000000000000018,1.0,4.925,3.925,,0.0,3.925,0.0,0.0
9,CrossEntropyLoss,LAC,0.030000000000000027,0.97,4.46,3.525,1.0,1.0,5.524999999999999,0.03,0.06499999999999995
9,CrossEntropyLoss,LAC,0.050000000000000044,0.965,3.595,2.645,1.0,1.0,4.044999999999999,0.035,0.050000000000000044
9,CrossEntropyLoss,LAC,0.07999999999999996,0.935,2.855,1.855,1.0,1.0,3.4800000000000013,0.065,0.0
9,CrossEntropyLoss,LAC,0.09999999999999998,0.905,2.78,1.78,1.0,1.0,3.68,0.095,0.0
9,CrossEntropyLoss,LAC,0.13,0.88,2.47,1.47,1.0,1.0,3.3161538461538465,0.12,0.0
9,CrossEntropyLoss,LAC,0.15000000000000002,0.875,2.415,1.415,1.0,1.0,3.081666666666666,0.125,0.0
9,CrossEntropyLoss,LAC,0.18000000000000005,0.845,2.235,1.235,1.0,1.0,2.9572222222222218,0.155,0.0
9,CrossEntropyLoss,LAC,0.19999999999999996,0.825,2.085,1.085,1.0,1.0,2.835,0.175,0.0
10,CrossEntropyLoss,min-CPS,0.010000000000000009,0.995,4.955,3.955,1.0,1.0,4.954999999999999,0.005,0.0
10,CrossEntropyLoss,min-CPS,0.020000000000000018,0.98,4.825,3.825,1.0,1.0,5.8249999999999975,0.02,0.0
10,CrossEntropyLoss,min-CPS,0.030000000000000027,0.97,4.095,3.095,1.0,1.0,5.094999999999999,0.03,0.0
10,CrossEntropyLoss,min-CPS,0.050000000000000044,0.965,3.6,2.6,1.0,1.0,3.9999999999999987,0.035,0.0
10,CrossEntropyLoss,min-CPS,0.07999999999999996,0.94,3.055,2.055,1.0,1.0,3.555000000000001,0.06,0.0
10,CrossEntropyLoss,min-CPS,0.09999999999999998,0.92,2.81,1.81,1.0,1.0,3.41,0.08,0.0
10,CrossEntropyLoss,min-CPS,0.13,0.915,2.78,1.78,1.0,1.0,3.0876923076923073,0.085,0.0
10,CrossEntropyLoss,min-CPS,0.15000000000000002,0.91,2.72,1.72,1.0,1.0,2.92,0.09,0.0
10,CrossEntropyLoss,min-CPS,0.18000000000000005,0.87,2.705,1.705,1.0,1.0,3.149444444444444,0.13,0.0
10,CrossEntropyLoss,min-CPS,0.19999999999999996,0.845,2.63,1.63,1.0,1.0,3.18,0.155,0.0
10,CrossEntropyLoss,RPS,0.010000000000000009,1.0,4.61,3.61,,0.0,3.61,0.0,0.0
10,CrossEntropyLoss,RPS,0.020000000000000018,0.995,3.88,2.88,1.0,1.0,3.3799999999999994,0.005,0.0
10,CrossEntropyLoss,RPS,0.030000000000000027,0.995,3.775,2.775,1.0,1.0,3.108333333333333,0.005,0.0
10,CrossEntropyLoss,RPS,0.050000000000000044,0.96,3.235,2.235,1.0,1.0,3.834999999999999,0.04,0.0
10,CrossEntropyLoss,RPS,0.07999999999999996,0.925,2.995,1.995,1.0,1.0,3.870000000000001,0.075,0.0
10,CrossEntropyLoss,RPS,0.09999999999999998,0.92,2.935,1.935,1.0,1.0,3.535,0.08,0.0
10,CrossEntropyLoss,RPS,0.13,0.88,2.685,1.685,1.0,1.0,3.5311538461538463,0.12,0.0
10,CrossEntropyLoss,RPS,0.15000000000000002,0.875,2.545,1.545,1.0,1.0,3.2116666666666664,0.125,0.0
10,CrossEntropyLoss,RPS,0.18000000000000005,0.83,2.165,1.165,1.0,1.0,3.053888888888888,0.17,0.0
10,CrossEntropyLoss,RPS,0.19999999999999996,0.825,2.13,1.13,1.0,1.0,2.88,0.175,0.0
10,CrossEntropyLoss,OCDF,0.010000000000000009,0.995,4.885,3.885,1.0,1.0,4.884999999999999,0.005,0.0
10,CrossEntropyLoss,OCDF,0.020000000000000018,0.985,4.665,3.665,1.0,1.0,5.164999999999999,0.015,0.0
10,CrossEntropyLoss,OCDF,0.030000000000000027,0.985,4.665,3.665,1.0,1.0,4.664999999999999,0.015,0.0
10,CrossEntropyLoss,OCDF,0.050000000000000044,0.97,3.83,2.83,1.1666666666666667,2.0,4.229999999999999,0.035,0.0
10,CrossEntropyLoss,OCDF,0.07999999999999996,0.93,3.635,2.635,1.0714285714285714,2.0,4.510000000000002,0.075,0.0
10,CrossEntropyLoss,OCDF,0.09999999999999998,0.89,3.415,2.415,1.0454545454545454,2.0,4.715,0.115,0.0
10,CrossEntropyLoss,OCDF,0.13,0.87,3.355,2.355,1.0384615384615385,2.0,4.431923076923077,0.135,0.0
10,CrossEntropyLoss,OCDF,0.15000000000000002,0.865,3.31,2.31,1.0740740740740742,2.0,4.243333333333332,0.145,0.0
10,CrossEntropyLoss,OCDF,0.18000000000000005,0.81,3.13,2.13,1.0789473684210527,2.0,4.407777777777778,0.205,0.0
10,CrossEntropyLoss,OCDF,0.19999999999999996,0.81,3.085,2.085,1.0789473684210527,2.0,4.135,0.205,0.0
10,CrossEntropyLoss,APS,0.010000000000000009,0.985,4.545,3.645,1.0,1.0,6.644999999999998,0.015,0.09999999999999998
10,CrossEntropyLoss,APS,0.020000000000000018,0.98,4.425,3.55,1.0,1.0,5.549999999999998,0.02,0.125
10,CrossEntropyLoss,APS,0.030000000000000027,0.975,4.165,3.335,1.0,1.0,5.001666666666666,0.025,0.17000000000000004
10,CrossEntropyLoss,APS,0.050000000000000044,0.965,3.665,2.81,1.0,1.0,4.209999999999999,0.035,0.14500000000000002
10,CrossEntropyLoss,APS,0.07999999999999996,0.945,3.205,2.27,1.0,1.0,3.6450000000000014,0.055,0.06499999999999995
10,CrossEntropyLoss,APS,0.09999999999999998,0.925,3.005,2.035,1.0,1.0,3.535,0.075,0.030000000000000027
10,CrossEntropyLoss,APS,0.13,0.89,2.645,1.65,1.0,1.0,3.342307692307693,0.11,0.0050000000000000044
10,CrossEntropyLoss,APS,0.15000000000000002,0.88,2.585,1.585,1.0,1.0,3.185,0.12,0.0
10,CrossEntropyLoss,APS,0.18000000000000005,0.835,2.175,1.175,1.0,1.0,3.0083333333333324,0.165,0.0
10,CrossEntropyLoss,APS,0.19999999999999996,0.83,2.155,1.155,1.0,1.0,2.855,0.17,0.0
10,CrossEntropyLoss,LAC,0.010000000000000009,0.995,4.935,3.94,1.0,1.0,4.939999999999999,0.005,0.0050000000000000044
10,CrossEntropyLoss,LAC,0.020000000000000018,0.985,4.875,3.88,1.0,1.0,5.379999999999998,0.015,0.0050000000000000044
10,CrossEntropyLoss,LAC,0.030000000000000027,0.98,4.775,3.78,1.0,1.0,5.113333333333332,0.02,0.0050000000000000044
10,CrossEntropyLoss,LAC,0.050000000000000044,0.96,3.505,2.565,1.0,1.0,4.164999999999999,0.04,0.06000000000000005
10,CrossEntropyLoss,LAC,0.07999999999999996,0.94,2.79,1.79,1.0,1.0,3.290000000000001,0.06,0.0
10,CrossEntropyLoss,LAC,0.09999999999999998,0.935,2.755,1.755,1.0,1.0,3.055,0.065,0.0
10,CrossEntropyLoss,LAC,0.13,0.925,2.67,1.67,1.0,1.0,2.8238461538461537,0.075,0.0
10,CrossEntropyLoss,LAC,0.15000000000000002,0.88,2.36,1.36,1.0,1.0,2.96,0.12,0.0
10,CrossEntropyLoss,LAC,0.18000000000000005,0.845,2.165,1.165,1.0,1.0,2.887222222222222,0.155,0.0
10,CrossEntropyLoss,LAC,0.19999999999999996,0.83,2.05,1.05,1.0,1.0,2.75,0.17,0.0
11,CrossEntropyLoss,min-CPS,0.010000000000000009,0.995,4.955,3.955,1.0,1.0,4.954999999999999,0.005,0.0
11,CrossEntropyLoss,min-CPS,0.020000000000000018,0.98,4.825,3.825,1.0,1.0,5.8249999999999975,0.02,0.0
11,CrossEntropyLoss,min-CPS,0.030000000000000027,0.975,4.165,3.165,1.0,1.0,4.831666666666666,0.025,0.0
11,CrossEntropyLoss,min-CPS,0.050000000000000044,0.95,3.395,2.395,1.0,1.0,4.394999999999999,0.05,0.0
11,CrossEntropyLoss,min-CPS,0.07999999999999996,0.9,2.8,1.8,1.0,1.0,4.300000000000002,0.1,0.0
11,CrossEntropyLoss,min-CPS,0.09999999999999998,0.895,2.79,1.79,1.0,1.0,3.89,0.105,0.0
11,CrossEntropyLoss,min-CPS,0.13,0.835,2.675,1.675,1.0303030303030303,2.0,4.290384615384616,0.17,0.0
11,CrossEntropyLoss,min-CPS,0.15000000000000002,0.82,2.635,1.635,1.0277777777777777,2.0,4.101666666666667,0.185,0.0
11,CrossEntropyLoss,min-CPS,0.18000000000000005,0.81,2.59,1.59,1.0263157894736843,2.0,3.7566666666666664,0.195,0.0
11,CrossEntropyLoss,min-CPS,0.19999999999999996,0.79,2.555,1.555,1.0238095238095237,2.0,3.705,0.215,0.0
11,CrossEntropyLoss,RPS,0.010000000000000009,1.0,4.615,3.615,,0.0,3.615,0.0,0.0
11,CrossEntropyLoss,RPS,0.020000000000000018,0.99,3.885,2.885,1.0,1.0,3.884999999999999,0.01,0.0
11,CrossEntropyLoss,RPS,0.030000000000000027,0.975,3.535,2.535,1.0,1.0,4.201666666666665,0.025,0.0
11,CrossEntropyLoss,RPS,0.050000000000000044,0.95,3.225,2.225,1.0,1.0,4.224999999999999,0.05,0.0
11,CrossEntropyLoss,RPS,0.07999999999999996,0.885,2.84,1.84,1.0,1.0,4.715000000000002,0.115,0.0
11,CrossEntropyLoss,RPS,0.09999999999999998,0.885,2.77,1.77,1.0,1.0,4.07,0.115,0.0
11,CrossEntropyLoss,RPS,0.13,0.87,2.635,1.635,1.0,1.0,3.635,0.13,0.0
11,CrossEntropyLoss,RPS,0.15000000000000002,0.845,2.365,1.365,1.0,1.0,3.431666666666666,0.155,0.0
11,CrossEntropyLoss,RPS,0.18000000000000005,0.835,2.195,1.195,1.0,1.0,3.0283333333333324,0.165,0.0
11,CrossEntropyLoss,RPS,0.19999999999999996,0.825,2.15,1.15,1.0,1.0,2.9,0.175,0.0
11,CrossEntropyLoss,OCDF,0.010000000000000009,0.975,4.67,3.67,1.0,1.0,8.669999999999995,0.025,0.0
11,CrossEntropyLoss,OCDF,0.020000000000000018,0.975,4.67,3.67,1.0,1.0,6.169999999999998,0.025,0.0
11,CrossEntropyLoss,OCDF,0.030000000000000027,0.975,4.59,3.59,1.0,1.0,5.256666666666665,0.025,0.0
11,CrossEntropyLoss,OCDF,0.050000000000000044,0.96,3.8,2.8,1.25,2.0,4.799999999999998,0.05,0.0
11,CrossEntropyLoss,OCDF,0.07999999999999996,0.94,3.695,2.695,1.25,2.0,4.570000000000001,0.075,0.0
11,CrossEntropyLoss,OCDF,0.09999999999999998,0.915,3.585,2.585,1.1764705882352942,2.0,4.585,0.1,0.0
11,CrossEntropyLoss,OCDF,0.13,0.895,3.385,2.385,1.2380952380952381,2.0,4.385,0.13,0.0
11,CrossEntropyLoss,OCDF,0.15000000000000002,0.89,3.375,2.375,1.2272727272727273,2.0,4.175,0.135,0.0
11,CrossEntropyLoss,OCDF,0.18000000000000005,0.86,3.205,2.205,1.1785714285714286,2.0,4.038333333333332,0.165,0.0
11,CrossEntropyLoss,OCDF,0.19999999999999996,0.83,3.14,2.14,1.1764705882352942,2.0,4.14,0.2,0.0
11,CrossEntropyLoss,APS,0.010000000000000009,0.99,4.495,3.6,1.0,1.0,5.599999999999998,0.01,0.10499999999999998
11,CrossEntropyLoss,APS,0.020000000000000018,0.96,3.965,3.17,1.0,1.0,7.169999999999996,0.04,0.20499999999999996
11,CrossEntropyLoss,APS,0.030000000000000027,0.955,3.565,2.7,1.0,1.0,5.6999999999999975,0.045,0.135
11,CrossEntropyLoss,APS,0.050000000000000044,0.91,3.01,2.025,1.0,1.0,5.624999999999997,0.09,0.015000000000000013
11,CrossEntropyLoss,APS,0.07999999999999996,0.895,2.875,1.885,1.0,1.0,4.510000000000002,0.105,0.010000000000000009
11,CrossEntropyLoss,APS,0.09999999999999998,0.885,2.72,1.72,1.0,1.0,4.02,0.115,0.0
11,CrossEntropyLoss,APS,0.13,0.86,2.56,1.56,1.0,1.0,3.713846153846154,0.14,0.0
11,CrossEntropyLoss,APS,0.15000000000000002,0.835,2.335,1.335,1.0606060606060606,2.0,3.668333333333333,0.175,0.0
11,CrossEntropyLoss,APS,0.18000000000000005,0.835,2.18,1.18,1.0606060606060606,2.0,3.124444444444444,0.175,0.0
11,CrossEntropyLoss,APS,0.19999999999999996,0.82,2.085,1.085,1.0833333333333333,2.0,3.035,0.195,0.0
11,CrossEntropyLoss,LAC,0.010000000000000009,0.995,4.945,3.95,1.0,1.0,4.949999999999999,0.005,0.0050000000000000044
11,CrossEntropyLoss,LAC,0.020000000000000018,0.97,4.745,3.765,1.0,1.0,6.764999999999998,0.03,0.020000000000000018
11,CrossEntropyLoss,LAC,0.030000000000000027,0.955,4.025,3.16,1.0,1.0,6.1599999999999975,0.045,0.135
11,CrossEntropyLoss,LAC,0.050000000000000044,0.935,3.1,2.11,1.0,1.0,4.709999999999998,0.065,0.010000000000000009
11,CrossEntropyLoss,LAC,0.07999999999999996,0.905,2.765,1.765,1.0,1.0,4.1400000000000015,0.095,0.0
11,CrossEntropyLoss,LAC,0.09999999999999998,0.86,2.48,1.48,1.0,1.0,4.28,0.14,0.0
11,CrossEntropyLoss,LAC,0.13,0.83,2.25,1.25,1.0,1.0,3.865384615384615,0.17,0.0
11,CrossEntropyLoss,LAC,0.15000000000000002,0.83,2.215,1.215,1.0,1.0,3.4816666666666665,0.17,0.0
11,CrossEntropyLoss,LAC,0.18000000000000005,0.825,2.06,1.06,1.0,1.0,3.004444444444444,0.175,0.0
11,CrossEntropyLoss,LAC,0.19999999999999996,0.825,2.06,1.06,1.0,1.0,2.81,0.175,0.0
12,CrossEntropyLoss,min-CPS,0.010000000000000009,0.995,4.935,3.935,1.0,1.0,4.934999999999999,0.005,0.0
12,CrossEntropyLoss,min-CPS,0.020000000000000018,0.995,4.91,3.91,1.0,1.0,4.409999999999999,0.005,0.0
12,CrossEntropyLoss,min-CPS,0.030000000000000027,0.98,4.195,3.195,1.0,1.0,4.528333333333332,0.02,0.0
12,CrossEntropyLoss,min-CPS,0.050000000000000044,0.955,3.47,2.47,1.0,1.0,4.269999999999999,0.045,0.0
12,CrossEntropyLoss,min-CPS,0.07999999999999996,0.895,2.815,1.815,1.0,1.0,4.440000000000001,0.105,0.0
12,CrossEntropyLoss,min-CPS,0.09999999999999998,0.86,2.7,1.7,1.0,1.0,4.5,0.14,0.0
12,CrossEntropyLoss,min-CPS,0.13,0.835,2.685,1.685,1.0303030303030303,2.0,4.3003846153846155,0.17,0.0
12,CrossEntropyLoss,min-CPS,0.15000000000000002,0.83,2.65,1.65,1.0294117647058822,2.0,3.983333333333333,0.175,0.0
12,CrossEntropyLoss,min-CPS,0.18000000000000005,0.82,2.63,1.63,1.0277777777777777,2.0,3.6855555555555553,0.185,0.0
12,CrossEntropyLoss,min-CPS,0.19999999999999996,0.815,2.61,1.61,1.027027027027027,2.0,3.51,0.19,0.0
12,CrossEntropyLoss,RPS,0.010000000000000009,1.0,4.645,3.645,,0.0,3.645,0.0,0.0
12,CrossEntropyLoss,RPS,0.020000000000000018,0.995,3.865,2.865,1.0,1.0,3.3649999999999993,0.005,0.0
12,CrossEntropyLoss,RPS,0.030000000000000027,0.96,3.38,2.38,1.0,1.0,5.046666666666665,0.04,0.0
12,CrossEntropyLoss,RPS,0.050000000000000044,0.955,3.205,2.205,1.0,1.0,4.004999999999999,0.045,0.0
12,CrossEntropyLoss,RPS,0.07999999999999996,0.94,3.0,2.0,1.0,1.0,3.5000000000000013,0.06,0.0
12,CrossEntropyLoss,RPS,0.09999999999999998,0.925,2.975,1.975,1.0,1.0,3.475,0.075,0.0
12,CrossEntropyLoss,RPS,0.13,0.875,2.725,1.725,1.0,1.0,3.648076923076923,0.125,0.0
12,CrossEntropyLoss,RPS,0.15000000000000002,0.84,2.275,1.275,1.0,1.0,3.408333333333333,0.16,0.0
12,CrossEntropyLoss,RPS,0.18000000000000005,0.8,2.08,1.08,1.0,1.0,3.3022222222222215,0.2,0.0
12,CrossEntropyLoss,RPS,0.19999999999999996,0.78,1.9,0.9,1.0,1.0,3.1,0.22,0.0
12,CrossEntropyLoss,OCDF,0.010000000000000009,0.985,4.725,3.725,1.0,1.0,6.724999999999998,0.015,0.0
12,CrossEntropyLoss,OCDF,0.020000000000000018,0.985,4.695,3.695,1.0,1.0,5.194999999999998,0.015,0.0
12,CrossEntropyLoss,OCDF,0.030000000000000027,0.985,4.695,3.695,1.0,1.0,4.694999999999999,0.015,0.0
12,CrossEntropyLoss,OCDF,0.050000000000000044,0.98,3.92,2.92,1.25,2.0,3.9199999999999995,0.025,0.0
12,CrossEntropyLoss,OCDF,0.07999999999999996,0.93,3.62,2.62,1.1428571428571428,2.0,4.620000000000002,0.08,0.0
12,CrossEntropyLoss,OCDF,0.09999999999999998,0.91,3.585,2.585,1.1111111111111112,2.0,4.585,0.1,0.0
12,CrossEntropyLoss,OCDF,0.13,0.86,3.315,2.315,1.1071428571428572,2.0,4.6996153846153845,0.155,0.0
12,CrossEntropyLoss,OCDF,0.15000000000000002,0.845,3.27,2.27,1.096774193548387,2.0,4.536666666666666,0.17,0.0
12,CrossEntropyLoss,OCDF,0.18000000000000005,0.81,3.165,2.165,1.0789473684210527,2.0,4.442777777777777,0.205,0.0
12,CrossEntropyLoss,OCDF,0.19999999999999996,0.79,3.01,2.01,1.0714285714285714,2.0,4.26,0.225,0.0
12,CrossEntropyLoss,APS,0.010000000000000009,0.995,4.72,3.785,1.0,1.0,4.784999999999999,0.005,0.06499999999999995
12,CrossEntropyLoss,APS,0.020000000000000018,0.99,4.48,3.6,1.0,1.0,4.599999999999999,0.01,0.12
12,CrossEntropyLoss,APS,0.030000000000000027,0.99,4.345,3.49,1.0,1.0,4.156666666666666,0.01,0.14500000000000002
12,CrossEntropyLoss,APS,0.050000000000000044,0.95,3.505,2.61,1.0,1.0,4.6099999999999985,0.05,0.10499999999999998
12,CrossEntropyLoss,APS,0.07999999999999996,0.915,2.995,2.025,1.0,1.0,4.150000000000001,0.085,0.030000000000000027
12,CrossEntropyLoss,APS,0.09999999999999998,0.905,2.885,1.915,1.0,1.0,3.815,0.095,0.030000000000000027
12,CrossEntropyLoss,APS,0.13,0.88,2.645,1.66,1.0,1.0,3.5061538461538464,0.12,0.015000000000000013
12,CrossEntropyLoss,APS,0.15000000000000002,0.855,2.46,1.47,1.0689655172413792,2.0,3.536666666666666,0.155,0.010000000000000009
12,CrossEntropyLoss,APS,0.18000000000000005,0.815,2.215,1.22,1.0810810810810811,2.0,3.4422222222222216,0.2,0.0050000000000000044
12,CrossEntropyLoss,APS,0.19999999999999996,0.795,2.18,1.185,1.0731707317073171,2.0,3.385,0.22,0.0050000000000000044
12,CrossEntropyLoss,LAC,0.010000000000000009,0.995,4.92,3.92,1.0,1.0,4.919999999999999,0.005,0.0
12,CrossEntropyLoss,LAC,0.020000000000000018,0.995,4.875,3.875,1.0,1.0,4.374999999999999,0.005,0.0
12,CrossEntropyLoss,LAC,0.030000000000000027,0.995,4.87,3.87,1.0,1.0,4.203333333333333,0.005,0.0
12,CrossEntropyLoss,LAC,0.050000000000000044,0.975,4.025,3.11,1.0,1.0,4.109999999999999,0.025,0.08499999999999996
12,CrossEntropyLoss,LAC,0.07999999999999996,0.91,2.73,1.73,1.0,1.0,3.9800000000000013,0.09,0.0
12,CrossEntropyLoss,LAC,0.09999999999999998,0.885,2.545,1.545,1.0,1.0,3.845,0.115,0.0
12,CrossEntropyLoss,LAC,0.13,0.86,2.395,1.395,1.0,1.0,3.5488461538461538,0.14,0.0
12,CrossEntropyLoss,LAC,0.15000000000000002,0.84,2.25,1.25,1.0,1.0,3.3833333333333324,0.16,0.0
12,CrossEntropyLoss,LAC,0.18000000000000005,0.805,2.05,1.05,1.0,1.0,3.2166666666666663,0.195,0.0
12,CrossEntropyLoss,LAC,0.19999999999999996,0.78,1.99,0.99,1.0227272727272727,2.0,3.24,0.225,0.0
13,CrossEntropyLoss,min-CPS,0.010000000000000009,0.99,4.91,3.91,1.0,1.0,5.9099999999999975,0.01,0.0
13,CrossEntropyLoss,min-CPS,0.020000000000000018,0.975,4.82,3.82,1.0,1.0,6.319999999999998,0.025,0.0
13,CrossEntropyLoss,min-CPS,0.030000000000000027,0.97,4.105,3.105,1.0,1.0,5.104999999999999,0.03,0.0
13,CrossEntropyLoss,min-CPS,0.050000000000000044,0.95,3.4,2.4,1.1,2.0,4.599999999999998,0.055,0.0
13,CrossEntropyLoss,min-CPS,0.07999999999999996,0.9,2.825,1.825,1.05,2.0,4.450000000000001,0.105,0.0
13,CrossEntropyLoss,min-CPS,0.09999999999999998,0.87,2.685,1.685,1.0384615384615385,2.0,4.385,0.135,0.0
13,CrossEntropyLoss,min-CPS,0.13,0.84,2.685,1.685,1.03125,2.0,4.223461538461538,0.165,0.0
13,CrossEntropyLoss,min-CPS,0.15000000000000002,0.825,2.62,1.62,1.0285714285714285,2.0,4.02,0.18,0.0
13,CrossEntropyLoss,min-CPS,0.18000000000000005,0.795,2.575,1.575,1.024390243902439,2.0,3.9083333333333328,0.21,0.0
13,CrossEntropyLoss,min-CPS,0.19999999999999996,0.775,2.54,1.54,1.0222222222222221,2.0,3.84,0.23,0.0
13,CrossEntropyLoss,RPS,0.010000000000000009,0.985,3.865,2.865,1.0,1.0,5.8649999999999975,0.015,0.0
13,CrossEntropyLoss,RPS,0.020000000000000018,0.985,3.74,2.74,1.0,1.0,4.239999999999998,0.015,0.0
13,CrossEntropyLoss,RPS,0.030000000000000027,0.97,3.475,2.475,1.0,1.0,4.474999999999999,0.03,0.0
13,CrossEntropyLoss,RPS,0.050000000000000044,0.955,3.225,2.225,1.0,1.0,4.024999999999999,0.045,0.0
13,CrossEntropyLoss,RPS,0.07999999999999996,0.935,3.0,2.0,1.0,1.0,3.6250000000000013,0.065,0.0
13,CrossEntropyLoss,RPS,0.09999999999999998,0.9,2.805,1.805,1.0,1.0,3.805,0.1,0.0
13,CrossEntropyLoss,RPS,0.13,0.865,2.57,1.57,1.0,1.0,3.6469230769230774,0.135,0.0
13,CrossEntropyLoss,RPS,0.15000000000000002,0.845,2.355,1.355,1.032258064516129,2.0,3.4883333333333333,0.16,0.0
13,CrossEntropyLoss,RPS,0.18000000000000005,0.795,2.06,1.06,1.024390243902439,2.0,3.3933333333333326,0.21,0.0
13,CrossEntropyLoss,RPS,0.19999999999999996,0.775,1.9,0.9,1.0222222222222221,2.0,3.2,0.23,0.0
13,CrossEntropyLoss,OCDF,0.010000000000000009,0.985,4.7,3.7,1.0,1.0,6.6999999999999975,0.015,0.0
13,CrossEntropyLoss,OCDF,0.020000000000000018,0.98,4.67,3.67,1.0,1.0,5.669999999999998,0.02,0.0
13,CrossEntropyLoss,OCDF,0.030000000000000027,0.98,4.6,3.6,1.0,1.0,4.933333333333333,0.02,0.0
13,CrossEntropyLoss,OCDF,0.050000000000000044,0.96,3.795,2.795,1.25,2.0,4.794999999999998,0.05,0.0
13,CrossEntropyLoss,OCDF,0.07999999999999996,0.935,3.675,2.675,1.1538461538461537,2.0,4.550000000000001,0.075,0.0
13,CrossEntropyLoss,OCDF,0.09999999999999998,0.915,3.585,2.585,1.1176470588235294,2.0,4.485,0.095,0.0
13,CrossEntropyLoss,OCDF,0.13,0.89,3.34,2.34,1.1818181818181819,2.0,4.34,0.13,0.0
13,CrossEntropyLoss,OCDF,0.15000000000000002,0.86,3.25,2.25,1.1428571428571428,2.0,4.383333333333333,0.16,0.0
13,CrossEntropyLoss,OCDF,0.18000000000000005,0.815,3.14,2.14,1.135135135135135,2.0,4.473333333333333,0.21,0.0
13,CrossEntropyLoss,OCDF,0.19999999999999996,0.815,3.105,2.105,1.135135135135135,2.0,4.205,0.21,0.0
13,CrossEntropyLoss,APS,0.010000000000000009,1.0,4.95,3.975,,0.0,3.975,0.0,0.025000000000000022
13,CrossEntropyLoss,APS,0.020000000000000018,0.965,3.825,2.985,1.0,1.0,6.484999999999997,0.035,0.16000000000000003
13,CrossEntropyLoss,APS,0.030000000000000027,0.965,3.78,2.935,1.0,1.0,5.268333333333332,0.035,0.15500000000000003
13,CrossEntropyLoss,APS,0.050000000000000044,0.96,3.6,2.73,1.0,1.0,4.329999999999999,0.04,0.13
13,CrossEntropyLoss,APS,0.07999999999999996,0.915,2.915,1.94,1.0,1.0,4.065000000000001,0.085,0.025000000000000022
13,CrossEntropyLoss,APS,0.09999999999999998,0.89,2.805,1.82,1.0,1.0,4.02,0.11,0.015000000000000013
13,CrossEntropyLoss,APS,0.13,0.87,2.62,1.625,1.0384615384615385,2.0,3.7019230769230766,0.135,0.0050000000000000044
13,CrossEntropyLoss,APS,0.15000000000000002,0.82,2.395,1.4,1.0277777777777777,2.0,3.8666666666666663,0.185,0.0050000000000000044
13,CrossEntropyLoss,APS,0.18000000000000005,0.775,2.115,1.12,1.0444444444444445,2.0,3.7311111111111104,0.235,0.0050000000000000044
13,CrossEntropyLoss,APS,0.19999999999999996,0.775,2.09,1.095,1.0444444444444445,2.0,3.445,0.235,0.0050000000000000044
13,CrossEntropyLoss,LAC,0.010000000000000009,0.98,4.875,3.875,1.0,1.0,7.8749999999999964,0.02,0.0
13,CrossEntropyLoss,LAC,0.020000000000000018,0.965,4.735,3.75,1.0,1.0,7.249999999999997,0.035,0.015000000000000013
13,CrossEntropyLoss,LAC,0.030000000000000027,0.95,4.005,3.1,1.0,1.0,6.433333333333332,0.05,0.09499999999999997
13,CrossEntropyLoss,LAC,0.050000000000000044,0.945,3.445,2.49,1.0,1.0,4.689999999999999,0.055,0.04500000000000004
13,CrossEntropyLoss,LAC,0.07999999999999996,0.915,2.765,1.765,1.0588235294117647,2.0,4.0150000000000015,0.09,0.0
13,CrossEntropyLoss,LAC,0.09999999999999998,0.885,2.535,1.535,1.0434782608695652,2.0,3.935,0.12,0.0
13,CrossEntropyLoss,LAC,0.13,0.865,2.38,1.38,1.037037037037037,2.0,3.5338461538461536,0.14,0.0
13,CrossEntropyLoss,LAC,0.15000000000000002,0.81,2.18,1.18,1.0263157894736843,2.0,3.78,0.195,0.0
13,CrossEntropyLoss,LAC,0.18000000000000005,0.795,2.06,1.06,1.024390243902439,2.0,3.3933333333333326,0.21,0.0
13,CrossEntropyLoss,LAC,0.19999999999999996,0.78,2.03,1.03,1.0227272727272727,2.0,3.28,0.225,0.0
14,CrossEntropyLoss,min-CPS,0.010000000000000009,0.985,4.88,3.88,1.0,1.0,6.879999999999998,0.015,0.0
14,CrossEntropyLoss,min-CPS,0.020000000000000018,0.965,4.17,3.17,1.0,1.0,6.669999999999998,0.035,0.0
14,CrossEntropyLoss,min-CPS,0.030000000000000027,0.965,3.94,2.94,1.0,1.0,5.2733333333333325,0.035,0.0
14,CrossEntropyLoss,min-CPS,0.050000000000000044,0.915,3.065,2.065,1.1176470588235294,2.0,5.8649999999999975,0.095,0.0
14,CrossEntropyLoss,min-CPS,0.07999999999999996,0.895,2.79,1.79,1.0952380952380953,2.0,4.665000000000002,0.115,0.0
14,CrossEntropyLoss,min-CPS,0.09999999999999998,0.88,2.73,1.73,1.0833333333333333,2.0,4.33,0.13,0.0
14,CrossEntropyLoss,min-CPS,0.13,0.84,2.68,1.68,1.0625,2.0,4.295384615384616,0.17,0.0
14,CrossEntropyLoss,min-CPS,0.15000000000000002,0.835,2.67,1.67,1.0606060606060606,2.0,4.003333333333333,0.175,0.0
14,CrossEntropyLoss,min-CPS,0.18000000000000005,0.825,2.615,1.615,1.0571428571428572,2.0,3.6705555555555547,0.185,0.0
14,CrossEntropyLoss,min-CPS,0.19999999999999996,0.815,2.595,1.595,1.054054054054054,2.0,3.545,0.195,0.0
14,CrossEntropyLoss,RPS,0.010000000000000009,0.975,3.745,2.745,1.0,1.0,7.744999999999996,0.025,0.0
14,CrossEntropyLoss,RPS,0.020000000000000018,0.97,3.56,2.56,1.0,1.0,5.559999999999998,0.03,0.0
14,CrossEntropyLoss,RPS,0.030000000000000027,0.96,3.42,2.42,1.0,1.0,5.086666666666664,0.04,0.0
14,CrossEntropyLoss,RPS,0.050000000000000044,0.95,3.205,2.205,1.0,1.0,4.204999999999999,0.05,0.0
14,CrossEntropyLoss,RPS,0.07999999999999996,0.905,2.975,1.975,1.0,1.0,4.350000000000001,0.095,0.0
14,CrossEntropyLoss,RPS,0.09999999999999998,0.895,2.795,1.795,1.0,1.0,3.895,0.105,0.0
14,CrossEntropyLoss,RPS,0.13,0.86,2.565,1.565,1.0,1.0,3.7188461538461537,0.14,0.0
14,CrossEntropyLoss,RPS,0.15000000000000002,0.84,2.275,1.275,1.0625,2.0,3.541666666666666,0.17,0.0
14,CrossEntropyLoss,RPS,0.18000000000000005,0.815,2.165,1.165,1.054054054054054,2.0,3.331666666666666,0.195,0.0
14,CrossEntropyLoss,RPS,0.19999999999999996,0.81,2.055,1.055,1.0526315789473684,2.0,3.055,0.2,0.0
14,CrossEntropyLoss,OCDF,0.010000000000000009,0.99,4.785,3.785,1.0,1.0,5.7849999999999975,0.01,0.0
14,CrossEntropyLoss,OCDF,0.020000000000000018,0.985,4.685,3.685,1.0,1.0,5.184999999999998,0.015,0.0
14,CrossEntropyLoss,OCDF,0.030000000000000027,0.985,4.685,3.685,1.0,1.0,4.685,0.015,0.0
14,CrossEntropyLoss,OCDF,0.050000000000000044,0.965,3.765,2.765,1.1428571428571428,2.0,4.364999999999998,0.04,0.0
14,CrossEntropyLoss,OCDF,0.07999999999999996,0.945,3.675,2.675,1.0909090909090908,2.0,4.175000000000001,0.06,0.0
14,CrossEntropyLoss,OCDF,0.09999999999999998,0.915,3.56,2.56,1.0588235294117647,2.0,4.36,0.09,0.0
14,CrossEntropyLoss,OCDF,0.13,0.895,3.38,2.38,1.1428571428571428,2.0,4.226153846153847,0.12,0.0
14,CrossEntropyLoss,OCDF,0.15000000000000002,0.83,3.2,2.2,1.088235294117647,2.0,4.666666666666666,0.185,0.0
14,CrossEntropyLoss,OCDF,0.18000000000000005,0.815,3.165,2.165,1.1081081081081081,2.0,4.442777777777777,0.205,0.0
14,CrossEntropyLoss,OCDF,0.19999999999999996,0.805,3.075,2.075,1.1025641025641026,2.0,4.225,0.215,0.0
14,CrossEntropyLoss,APS,0.010000000000000009,1.0,4.89,3.925,,0.0,3.925,0.0,0.03500000000000003
14,CrossEntropyLoss,APS,0.020000000000000018,0.965,4.025,3.235,1.0,1.0,6.734999999999997,0.035,0.20999999999999996
14,CrossEntropyLoss,APS,0.030000000000000027,0.955,3.62,2.785,1.0,1.0,5.7849999999999975,0.045,0.16500000000000004
14,CrossEntropyLoss,APS,0.050000000000000044,0.945,3.3,2.375,1.0,1.0,4.574999999999999,0.055,0.07499999999999996
14,CrossEntropyLoss,APS,0.07999999999999996,0.895,2.815,1.835,1.0476190476190477,2.0,4.585000000000001,0.11,0.020000000000000018
14,CrossEntropyLoss,APS,0.09999999999999998,0.875,2.695,1.715,1.04,2.0,4.315,0.13,0.020000000000000018
14,CrossEntropyLoss,APS,0.13,0.84,2.45,1.45,1.0625,2.0,4.065384615384615,0.17,0.0
14,CrossEntropyLoss,APS,0.15000000000000002,0.81,2.33,1.33,1.105263157894737,2.0,4.13,0.21,0.0
14,CrossEntropyLoss,APS,0.18000000000000005,0.8,2.18,1.18,1.1,2.0,3.6244444444444435,0.22,0.0
14,CrossEntropyLoss,APS,0.19999999999999996,0.79,2.115,1.115,1.119047619047619,2.0,3.465,0.235,0.0
14,CrossEntropyLoss,LAC,0.010000000000000009,0.98,4.845,3.85,1.0,1.0,7.849999999999997,0.02,0.0050000000000000044
14,CrossEntropyLoss,LAC,0.020000000000000018,0.96,4.425,3.495,1.0,1.0,7.4949999999999966,0.04,0.06999999999999995
14,CrossEntropyLoss,LAC,0.030000000000000027,0.945,3.555,2.6,1.0,1.0,6.266666666666664,0.055,0.04500000000000004
14,CrossEntropyLoss,LAC,0.050000000000000044,0.935,3.135,2.145,1.0,1.0,4.744999999999997,0.065,0.010000000000000009
14,CrossEntropyLoss,LAC,0.07999999999999996,0.89,2.68,1.68,1.0909090909090908,2.0,4.6800000000000015,0.12,0.0
14,CrossEntropyLoss,LAC,0.09999999999999998,0.865,2.46,1.46,1.0740740740740742,2.0,4.36,0.145,0.0
14,CrossEntropyLoss,LAC,0.13,0.86,2.385,1.385,1.0714285714285714,2.0,3.6926923076923073,0.15,0.0
14,CrossEntropyLoss,LAC,0.15000000000000002,0.85,2.265,1.265,1.0666666666666667,2.0,3.398333333333333,0.16,0.0
14,CrossEntropyLoss,LAC,0.18000000000000005,0.84,2.205,1.205,1.0625,2.0,3.0938888888888885,0.17,0.0
14,CrossEntropyLoss,LAC,0.19999999999999996,0.78,2.005,1.005,1.0454545454545454,2.0,3.305,0.23,0.0
15,CrossEntropyLoss,min-CPS,0.010000000000000009,0.99,4.945,3.945,1.0,1.0,5.944999999999998,0.01,0.0
15,CrossEntropyLoss,min-CPS,0.020000000000000018,0.99,4.905,3.905,1.0,1.0,4.9049999999999985,0.01,0.0
15,CrossEntropyLoss,min-CPS,0.030000000000000027,0.97,4.105,3.105,1.0,1.0,5.104999999999999,0.03,0.0
15,CrossEntropyLoss,min-CPS,0.050000000000000044,0.94,3.35,2.35,1.0,1.0,4.749999999999998,0.06,0.0
15,CrossEntropyLoss,min-CPS,0.07999999999999996,0.865,2.77,1.77,1.0,1.0,5.145000000000002,0.135,0.0
15,CrossEntropyLoss,min-CPS,0.09999999999999998,0.865,2.695,1.695,1.0,1.0,4.395,0.135,0.0
15,CrossEntropyLoss,min-CPS,0.13,0.815,2.675,1.675,1.0,1.0,4.5211538461538465,0.185,0.0
15,CrossEntropyLoss,min-CPS,0.15000000000000002,0.795,2.62,1.62,1.0,1.0,4.3533333333333335,0.205,0.0
15,CrossEntropyLoss,min-CPS,0.18000000000000005,0.775,2.58,1.58,1.0,1.0,4.079999999999999,0.225,0.0
15,CrossEntropyLoss,min-CPS,0.19999999999999996,0.76,2.565,1.565,1.0,1.0,3.965,0.24,0.0
15,CrossEntropyLoss,RPS,0.010000000000000009,1.0,4.625,3.625,,0.0,3.625,0.0,0.0
15,CrossEntropyLoss,RPS,0.020000000000000018,0.995,3.87,2.87,1.0,1.0,3.369999999999999,0.005,0.0
15,CrossEntropyLoss,RPS,0.030000000000000027,0.995,3.765,2.765,1.0,1.0,3.098333333333333,0.005,0.0
15,CrossEntropyLoss,RPS,0.050000000000000044,0.96,3.24,2.24,1.0,1.0,3.839999999999999,0.04,0.0
15,CrossEntropyLoss,RPS,0.07999999999999996,0.94,2.985,1.985,1.0,1.0,3.485000000000001,0.06,0.0
15,CrossEntropyLoss,RPS,0.09999999999999998,0.9,2.79,1.79,1.0,1.0,3.79,0.1,0.0
15,CrossEntropyLoss,RPS,0.13,0.855,2.55,1.55,1.0,1.0,3.78076923076923,0.145,0.0
15,CrossEntropyLoss,RPS,0.15000000000000002,0.845,2.34,1.34,1.0,1.0,3.4066666666666663,0.155,0.0
15,CrossEntropyLoss,RPS,0.18000000000000005,0.805,2.12,1.12,1.0,1.0,3.286666666666666,0.195,0.0
15,CrossEntropyLoss,RPS,0.19999999999999996,0.79,1.91,0.91,1.0,1.0,3.01,0.21,0.0
15,CrossEntropyLoss,OCDF,0.010000000000000009,0.99,4.795,3.795,1.0,1.0,5.794999999999998,0.01,0.0
15,CrossEntropyLoss,OCDF,0.020000000000000018,0.98,4.68,3.68,1.0,1.0,5.679999999999998,0.02,0.0
15,CrossEntropyLoss,OCDF,0.030000000000000027,0.98,4.6,3.6,1.0,1.0,4.933333333333333,0.02,0.0
15,CrossEntropyLoss,OCDF,0.050000000000000044,0.94,3.73,2.73,1.0833333333333333,2.0,5.329999999999997,0.065,0.0
15,CrossEntropyLoss,OCDF,0.07999999999999996,0.915,3.6,2.6,1.0588235294117647,2.0,4.850000000000001,0.09,0.0
15,CrossEntropyLoss,OCDF,0.09999999999999998,0.89,3.42,2.42,1.0909090909090908,2.0,4.82,0.12,0.0
15,CrossEntropyLoss,OCDF,0.13,0.855,3.34,2.34,1.0689655172413792,2.0,4.724615384615385,0.155,0.0
15,CrossEntropyLoss,OCDF,0.15000000000000002,0.845,3.305,2.305,1.064516129032258,2.0,4.504999999999999,0.165,0.0
15,CrossEntropyLoss,OCDF,0.18000000000000005,0.81,3.195,2.195,1.105263157894737,2.0,4.528333333333332,0.21,0.0
15,CrossEntropyLoss,OCDF,0.19999999999999996,0.8,3.115,2.115,1.1,2.0,4.315,0.22,0.0
15,CrossEntropyLoss,APS,0.010000000000000009,0.995,4.88,3.9,1.0,1.0,4.899999999999999,0.005,0.020000000000000018
15,CrossEntropyLoss,APS,0.020000000000000018,0.985,4.485,3.58,1.0,1.0,5.079999999999998,0.015,0.09499999999999997
15,CrossEntropyLoss,APS,0.030000000000000027,0.975,4.01,3.2,1.0,1.0,4.866666666666665,0.025,0.18999999999999995
15,CrossEntropyLoss,APS,0.050000000000000044,0.955,3.325,2.41,1.0,1.0,4.209999999999999,0.045,0.08499999999999996
15,CrossEntropyLoss,APS,0.07999999999999996,0.91,2.865,1.88,1.0,1.0,4.130000000000001,0.09,0.015000000000000013
15,CrossEntropyLoss,APS,0.09999999999999998,0.905,2.745,1.755,1.0,1.0,3.655,0.095,0.010000000000000009
15,CrossEntropyLoss,APS,0.13,0.865,2.52,1.525,1.0,1.0,3.601923076923077,0.135,0.0050000000000000044
15,CrossEntropyLoss,APS,0.15000000000000002,0.835,2.34,1.34,1.0,1.0,3.54,0.165,0.0
15,CrossEntropyLoss,APS,0.18000000000000005,0.815,2.215,1.215,1.0,1.0,3.2705555555555548,0.185,0.0
15,CrossEntropyLoss,APS,0.19999999999999996,0.755,2.045,1.045,1.0408163265306123,2.0,3.595,0.255,0.0
15,CrossEntropyLoss,LAC,0.010000000000000009,0.99,4.925,3.93,1.0,1.0,5.929999999999998,0.01,0.0050000000000000044
15,CrossEntropyLoss,LAC,0.020000000000000018,0.985,4.86,3.87,1.0,1.0,5.369999999999997,0.015,0.010000000000000009
15,CrossEntropyLoss,LAC,0.030000000000000027,0.98,4.735,3.765,1.0,1.0,5.098333333333333,0.02,0.030000000000000027
15,CrossEntropyLoss,LAC,0.050000000000000044,0.94,3.43,2.48,1.0,1.0,4.879999999999998,0.06,0.050000000000000044
15,CrossEntropyLoss,LAC,0.07999999999999996,0.89,2.705,1.705,1.0,1.0,4.455000000000002,0.11,0.0
15,CrossEntropyLoss,LAC,0.09999999999999998,0.88,2.535,1.535,1.0,1.0,3.935,0.12,0.0
15,CrossEntropyLoss,LAC,0.13,0.855,2.36,1.36,1.0,1.0,3.590769230769231,0.145,0.0
15,CrossEntropyLoss,LAC,0.15000000000000002,0.81,2.135,1.135,1.0,1.0,3.6683333333333326,0.19,0.0
15,CrossEntropyLoss,LAC,0.18000000000000005,0.8,2.025,1.025,1.0,1.0,3.247222222222222,0.2,0.0
15,CrossEntropyLoss,LAC,0.19999999999999996,0.74,1.835,0.835,1.0,1.0,3.435,0.26,0.0
16,CrossEntropyLoss,min-CPS,0.010000000000000009,0.99,4.905,3.905,1.0,1.0,5.904999999999998,0.01,0.0
16,CrossEntropyLoss,min-CPS,0.020000000000000018,0.98,4.665,3.665,1.0,1.0,5.664999999999997,0.02,0.0
16,CrossEntropyLoss,min-CPS,0.030000000000000027,0.97,4.12,3.12,1.0,1.0,5.119999999999999,0.03,0.0
16,CrossEntropyLoss,min-CPS,0.050000000000000044,0.965,3.625,2.625,1.0,1.0,4.024999999999999,0.035,0.0
16,CrossEntropyLoss,min-CPS,0.07999999999999996,0.915,2.935,1.935,1.0588235294117647,2.0,4.185000000000001,0.09,0.0
16,CrossEntropyLoss,min-CPS,0.09999999999999998,0.91,2.82,1.82,1.0555555555555556,2.0,3.72,0.095,0.0
16,CrossEntropyLoss,min-CPS,0.13,0.91,2.76,1.76,1.0555555555555556,2.0,3.221538461538462,0.095,0.0
16,CrossEntropyLoss,min-CPS,0.15000000000000002,0.905,2.71,1.71,1.0526315789473684,2.0,3.043333333333333,0.1,0.0
16,CrossEntropyLoss,min-CPS,0.18000000000000005,0.85,2.645,1.645,1.0333333333333334,2.0,3.367222222222222,0.155,0.0
16,CrossEntropyLoss,min-CPS,0.19999999999999996,0.805,2.57,1.57,1.0256410256410255,2.0,3.57,0.2,0.0
16,CrossEntropyLoss,RPS,0.010000000000000009,0.985,3.875,2.875,1.0,1.0,5.874999999999997,0.015,0.0
16,CrossEntropyLoss,RPS,0.020000000000000018,0.98,3.655,2.655,1.0,1.0,4.6549999999999985,0.02,0.0
16,CrossEntropyLoss,RPS,0.030000000000000027,0.965,3.445,2.445,1.0,1.0,4.778333333333332,0.035,0.0
16,CrossEntropyLoss,RPS,0.050000000000000044,0.935,3.13,2.13,1.0,1.0,4.729999999999998,0.065,0.0
16,CrossEntropyLoss,RPS,0.07999999999999996,0.93,2.99,1.99,1.0,1.0,3.740000000000001,0.07,0.0
16,CrossEntropyLoss,RPS,0.09999999999999998,0.91,2.91,1.91,1.0,1.0,3.71,0.09,0.0
16,CrossEntropyLoss,RPS,0.13,0.885,2.715,1.715,1.0,1.0,3.484230769230769,0.115,0.0
16,CrossEntropyLoss,RPS,0.15000000000000002,0.875,2.55,1.55,1.0,1.0,3.2166666666666663,0.125,0.0
16,CrossEntropyLoss,RPS,0.18000000000000005,0.84,2.165,1.165,1.03125,2.0,2.9983333333333326,0.165,0.0
16,CrossEntropyLoss,RPS,0.19999999999999996,0.835,2.155,1.155,1.0303030303030303,2.0,2.855,0.17,0.0
16,CrossEntropyLoss,OCDF,0.010000000000000009,0.99,4.78,3.78,1.0,1.0,5.779999999999998,0.01,0.0
16,CrossEntropyLoss,OCDF,0.020000000000000018,0.965,4.55,3.55,1.0,1.0,7.049999999999998,0.035,0.0
16,CrossEntropyLoss,OCDF,0.030000000000000027,0.96,3.86,2.86,1.25,2.0,6.193333333333332,0.05,0.0
16,CrossEntropyLoss,OCDF,0.050000000000000044,0.91,3.665,2.665,1.1111111111111112,2.0,6.6649999999999965,0.1,0.0
16,CrossEntropyLoss,OCDF,0.07999999999999996,0.91,3.605,2.605,1.1111111111111112,2.0,5.105000000000001,0.1,0.0
16,CrossEntropyLoss,OCDF,0.09999999999999998,0.88,3.395,2.395,1.0833333333333333,2.0,4.995,0.13,0.0
16,CrossEntropyLoss,OCDF,0.13,0.855,3.325,2.325,1.103448275862069,2.0,4.786538461538461,0.16,0.0
16,CrossEntropyLoss,OCDF,0.15000000000000002,0.825,3.215,2.215,1.0857142857142856,2.0,4.748333333333333,0.19,0.0
16,CrossEntropyLoss,OCDF,0.18000000000000005,0.805,3.155,2.155,1.1538461538461537,2.0,4.654999999999999,0.225,0.0
16,CrossEntropyLoss,OCDF,0.19999999999999996,0.805,3.07,2.07,1.1538461538461537,2.0,4.32,0.225,0.0
16,CrossEntropyLoss,APS,0.010000000000000009,0.98,4.515,3.64,1.0,1.0,7.639999999999997,0.02,0.125
16,CrossEntropyLoss,APS,0.020000000000000018,0.97,3.975,3.175,1.0,1.0,6.174999999999998,0.03,0.19999999999999996
16,CrossEntropyLoss,APS,0.030000000000000027,0.97,3.79,2.96,1.0,1.0,4.959999999999999,0.03,0.17000000000000004
16,CrossEntropyLoss,APS,0.050000000000000044,0.96,3.345,2.43,1.0,1.0,4.0299999999999985,0.04,0.08499999999999996
16,CrossEntropyLoss,APS,0.07999999999999996,0.925,2.97,1.99,1.0666666666666667,2.0,3.990000000000001,0.08,0.020000000000000018
16,CrossEntropyLoss,APS,0.09999999999999998,0.92,2.835,1.85,1.0625,2.0,3.55,0.085,0.015000000000000013
16,CrossEntropyLoss,APS,0.13,0.895,2.63,1.645,1.0476190476190477,2.0,3.337307692307692,0.11,0.015000000000000013
16,CrossEntropyLoss,APS,0.15000000000000002,0.85,2.425,1.435,1.0666666666666667,2.0,3.5683333333333334,0.16,0.010000000000000009
16,CrossEntropyLoss,APS,0.18000000000000005,0.82,2.24,1.245,1.0555555555555556,2.0,3.3561111111111104,0.19,0.0050000000000000044
16,CrossEntropyLoss,APS,0.19999999999999996,0.79,2.14,1.145,1.0476190476190477,2.0,3.345,0.22,0.0050000000000000044
16,CrossEntropyLoss,LAC,0.010000000000000009,0.98,4.875,3.88,1.0,1.0,7.879999999999996,0.02,0.0050000000000000044
16,CrossEntropyLoss,LAC,0.020000000000000018,0.965,4.78,3.785,1.0,1.0,7.2849999999999975,0.035,0.0050000000000000044
16,CrossEntropyLoss,LAC,0.030000000000000027,0.965,4.435,3.5,1.0,1.0,5.833333333333332,0.035,0.06499999999999995
16,CrossEntropyLoss,LAC,0.050000000000000044,0.95,3.495,2.55,1.0,1.0,4.549999999999999,0.05,0.05500000000000005
16,CrossEntropyLoss,LAC,0.07999999999999996,0.93,2.78,1.78,1.0714285714285714,2.0,3.655000000000001,0.075,0.0
16,CrossEntropyLoss,LAC,0.09999999999999998,0.905,2.7,1.7,1.0526315789473684,2.0,3.7,0.1,0.0
16,CrossEntropyLoss,LAC,0.13,0.87,2.37,1.37,1.0384615384615385,2.0,3.4469230769230768,0.135,0.0
16,CrossEntropyLoss,LAC,0.15000000000000002,0.85,2.215,1.215,1.0333333333333334,2.0,3.2816666666666663,0.155,0.0
16,CrossEntropyLoss,LAC,0.18000000000000005,0.845,2.165,1.165,1.032258064516129,2.0,2.9427777777777773,0.16,0.0
16,CrossEntropyLoss,LAC,0.19999999999999996,0.83,2.07,1.07,1.0294117647058822,2.0,2.82,0.175,0.0
17,CrossEntropyLoss,min-CPS,0.010000000000000009,0.98,4.9,3.9,1.0,1.0,7.899999999999997,0.02,0.0
17,CrossEntropyLoss,min-CPS,0.020000000000000018,0.98,4.66,3.66,1.0,1.0,5.6599999999999975,0.02,0.0
17,CrossEntropyLoss,min-CPS,0.030000000000000027,0.965,3.96,2.96,1.0,1.0,5.293333333333333,0.035,0.0
17,CrossEntropyLoss,min-CPS,0.050000000000000044,0.945,3.365,2.365,1.0909090909090908,2.0,4.764999999999998,0.06,0.0
17,CrossEntropyLoss,min-CPS,0.07999999999999996,0.935,3.085,2.085,1.0769230769230769,2.0,3.8350000000000013,0.07,0.0
17,CrossEntropyLoss,min-CPS,0.09999999999999998,0.925,2.945,1.945,1.0666666666666667,2.0,3.545,0.08,0.0
17,CrossEntropyLoss,min-CPS,0.13,0.885,2.71,1.71,1.0434782608695652,2.0,3.556153846153846,0.12,0.0
17,CrossEntropyLoss,min-CPS,0.15000000000000002,0.875,2.71,1.71,1.08,2.0,3.51,0.135,0.0
17,CrossEntropyLoss,min-CPS,0.18000000000000005,0.85,2.635,1.635,1.0666666666666667,2.0,3.412777777777777,0.16,0.0
17,CrossEntropyLoss,min-CPS,0.19999999999999996,0.84,2.61,1.61,1.0625,2.0,3.31,0.17,0.0
17,CrossEntropyLoss,RPS,0.010000000000000009,0.995,3.885,2.885,1.0,1.0,3.884999999999999,0.005,0.0
17,CrossEntropyLoss,RPS,0.020000000000000018,0.99,3.87,2.87,1.0,1.0,3.8699999999999988,0.01,0.0
17,CrossEntropyLoss,RPS,0.030000000000000027,0.985,3.615,2.615,1.0,1.0,3.6149999999999993,0.015,0.0
17,CrossEntropyLoss,RPS,0.050000000000000044,0.955,3.195,2.195,1.0,1.0,3.9949999999999988,0.045,0.0
17,CrossEntropyLoss,RPS,0.07999999999999996,0.925,2.995,1.995,1.0,1.0,3.870000000000001,0.075,0.0
17,CrossEntropyLoss,RPS,0.09999999999999998,0.905,2.86,1.86,1.0,1.0,3.76,0.095,0.0
17,CrossEntropyLoss,RPS,0.13,0.875,2.725,1.725,1.0,1.0,3.6480769230769226,0.125,0.0
17,CrossEntropyLoss,RPS,0.15000000000000002,0.865,2.595,1.595,1.0,1.0,3.3949999999999996,0.135,0.0
17,CrossEntropyLoss,RPS,0.18000000000000005,0.835,2.19,1.19,1.0303030303030303,2.0,3.078888888888888,0.17,0.0
17,CrossEntropyLoss,RPS,0.19999999999999996,0.825,2.125,1.125,1.0285714285714285,2.0,2.925,0.18,0.0
17,CrossEntropyLoss,OCDF,0.010000000000000009,0.995,4.895,3.895,1.0,1.0,4.894999999999999,0.005,0.0
17,CrossEntropyLoss,OCDF,0.020000000000000018,0.98,4.685,3.685,1.0,1.0,5.684999999999998,0.02,0.0
17,CrossEntropyLoss,OCDF,0.030000000000000027,0.975,4.595,3.595,1.0,1.0,5.261666666666665,0.025,0.0
17,CrossEntropyLoss,OCDF,0.050000000000000044,0.94,3.755,2.755,1.1666666666666667,2.0,5.554999999999998,0.07,0.0
17,CrossEntropyLoss,OCDF,0.07999999999999996,0.925,3.605,2.605,1.1333333333333333,2.0,4.730000000000001,0.085,0.0
17,CrossEntropyLoss,OCDF,0.09999999999999998,0.92,3.595,2.595,1.125,2.0,4.395,0.09,0.0
17,CrossEntropyLoss,OCDF,0.13,0.905,3.36,2.36,1.1578947368421053,2.0,4.052307692307692,0.11,0.0
17,CrossEntropyLoss,OCDF,0.15000000000000002,0.87,3.27,2.27,1.1538461538461537,2.0,4.27,0.15,0.0
17,CrossEntropyLoss,OCDF,0.18000000000000005,0.855,3.19,2.19,1.1379310344827587,2.0,4.0233333333333325,0.165,0.0
17,CrossEntropyLoss,OCDF,0.19999999999999996,0.84,3.15,2.15,1.15625,2.0,4.0,0.185,0.0
17,CrossEntropyLoss,APS,0.010000000000000009,0.99,4.55,3.675,1.0,1.0,5.674999999999998,0.01,0.125
17,CrossEntropyLoss,APS,0.020000000000000018,0.975,4.225,3.415,1.0,1.0,5.914999999999997,0.025,0.18999999999999995
17,CrossEntropyLoss,APS,0.030000000000000027,0.97,3.925,3.09,1.0,1.0,5.089999999999998,0.03,0.16500000000000004
17,CrossEntropyLoss,APS,0.050000000000000044,0.96,3.335,2.37,1.0,1.0,3.969999999999999,0.04,0.03500000000000003
17,CrossEntropyLoss,APS,0.07999999999999996,0.935,3.025,2.035,1.0,1.0,3.660000000000001,0.065,0.010000000000000009
17,CrossEntropyLoss,APS,0.09999999999999998,0.93,2.955,1.955,1.0,1.0,3.355,0.07,0.0
17,CrossEntropyLoss,APS,0.13,0.905,2.71,1.71,1.0,1.0,3.171538461538462,0.095,0.0
17,CrossEntropyLoss,APS,0.15000000000000002,0.87,2.52,1.52,1.0384615384615385,2.0,3.32,0.135,0.0
17,CrossEntropyLoss,APS,0.18000000000000005,0.84,2.34,1.34,1.03125,2.0,3.1733333333333325,0.165,0.0
17,CrossEntropyLoss,APS,0.19999999999999996,0.825,2.205,1.205,1.0857142857142856,2.0,3.105,0.19,0.0
17,CrossEntropyLoss,LAC,0.010000000000000009,0.995,4.955,3.96,1.0,1.0,4.959999999999999,0.005,0.0050000000000000044
17,CrossEntropyLoss,LAC,0.020000000000000018,0.97,4.75,3.77,1.0,1.0,6.769999999999998,0.03,0.020000000000000018
17,CrossEntropyLoss,LAC,0.030000000000000027,0.97,4.46,3.53,1.0,1.0,5.5299999999999985,0.03,0.06999999999999995
17,CrossEntropyLoss,LAC,0.050000000000000044,0.96,3.555,2.585,1.0,1.0,4.184999999999999,0.04,0.030000000000000027
17,CrossEntropyLoss,LAC,0.07999999999999996,0.915,2.795,1.795,1.0588235294117647,2.0,4.045000000000001,0.09,0.0
17,CrossEntropyLoss,LAC,0.09999999999999998,0.91,2.755,1.755,1.0555555555555556,2.0,3.655,0.095,0.0
17,CrossEntropyLoss,LAC,0.13,0.895,2.48,1.48,1.0476190476190477,2.0,3.172307692307692,0.11,0.0
17,CrossEntropyLoss,LAC,0.15000000000000002,0.885,2.405,1.405,1.0434782608695652,2.0,3.005,0.12,0.0
17,CrossEntropyLoss,LAC,0.18000000000000005,0.845,2.185,1.185,1.032258064516129,2.0,2.9627777777777773,0.16,0.0
17,CrossEntropyLoss,LAC,0.19999999999999996,0.825,2.055,1.055,1.0285714285714285,2.0,2.855,0.18,0.0
18,CrossEntropyLoss,min-CPS,0.010000000000000009,0.99,4.935,3.935,1.0,1.0,5.934999999999998,0.01,0.0
18,CrossEntropyLoss,min-CPS,0.020000000000000018,0.995,4.92,3.92,1.0,1.0,4.419999999999999,0.005,0.0
18,CrossEntropyLoss,min-CPS,0.030000000000000027,0.97,4.095,3.095,1.0,1.0,5.094999999999999,0.03,0.0
18,CrossEntropyLoss,min-CPS,0.050000000000000044,0.96,3.555,2.555,1.0,1.0,4.1549999999999985,0.04,0.0
18,CrossEntropyLoss,min-CPS,0.07999999999999996,0.94,3.08,2.08,1.0,1.0,3.580000000000001,0.06,0.0
18,CrossEntropyLoss,min-CPS,0.09999999999999998,0.925,2.81,1.81,1.0,1.0,3.31,0.075,0.0
18,CrossEntropyLoss,min-CPS,0.13,0.89,2.71,1.71,1.0,1.0,3.4023076923076925,0.11,0.0
18,CrossEntropyLoss,min-CPS,0.15000000000000002,0.84,2.69,1.69,1.0,1.0,3.8233333333333333,0.16,0.0
18,CrossEntropyLoss,min-CPS,0.18000000000000005,0.805,2.595,1.595,1.0,1.0,3.7616666666666663,0.195,0.0
18,CrossEntropyLoss,min-CPS,0.19999999999999996,0.8,2.575,1.575,1.0,1.0,3.575,0.2,0.0
18,CrossEntropyLoss,RPS,0.010000000000000009,1.0,4.645,3.645,,0.0,3.645,0.0,0.0
18,CrossEntropyLoss,RPS,0.020000000000000018,0.985,3.755,2.755,1.0,1.0,4.254999999999999,0.015,0.0
18,CrossEntropyLoss,RPS,0.030000000000000027,0.96,3.4,2.4,1.0,1.0,5.0666666666666655,0.04,0.0
18,CrossEntropyLoss,RPS,0.050000000000000044,0.955,3.215,2.215,1.0,1.0,4.014999999999999,0.045,0.0
18,CrossEntropyLoss,RPS,0.07999999999999996,0.925,2.97,1.97,1.0,1.0,3.845000000000001,0.075,0.0
18,CrossEntropyLoss,RPS,0.09999999999999998,0.91,2.89,1.89,1.0,1.0,3.69,0.09,0.0
18,CrossEntropyLoss,RPS,0.13,0.87,2.655,1.655,1.0,1.0,3.655,0.13,0.0
18,CrossEntropyLoss,RPS,0.15000000000000002,0.87,2.59,1.59,1.0,1.0,3.3233333333333324,0.13,0.0
18,CrossEntropyLoss,RPS,0.18000000000000005,0.85,2.22,1.22,1.0,1.0,2.8866666666666663,0.15,0.0
18,CrossEntropyLoss,RPS,0.19999999999999996,0.83,2.145,1.145,1.0,1.0,2.845,0.17,0.0
18,CrossEntropyLoss,OCDF,0.010000000000000009,0.99,4.815,3.815,1.0,1.0,5.814999999999998,0.01,0.0
18,CrossEntropyLoss,OCDF,0.020000000000000018,0.98,4.72,3.72,1.0,1.0,5.719999999999998,0.02,0.0
18,CrossEntropyLoss,OCDF,0.030000000000000027,0.975,4.615,3.615,1.0,1.0,5.281666666666665,0.025,0.0
18,CrossEntropyLoss,OCDF,0.050000000000000044,0.935,3.74,2.74,1.1538461538461537,2.0,5.7399999999999975,0.075,0.0
18,CrossEntropyLoss,OCDF,0.07999999999999996,0.895,3.585,2.585,1.0952380952380953,2.0,5.460000000000003,0.115,0.0
18,CrossEntropyLoss,OCDF,0.09999999999999998,0.865,3.36,2.36,1.1111111111111112,2.0,5.36,0.15,0.0
18,CrossEntropyLoss,OCDF,0.13,0.84,3.285,2.285,1.125,2.0,5.054230769230769,0.18,0.0
18,CrossEntropyLoss,OCDF,0.15000000000000002,0.815,3.16,2.16,1.1081081081081081,2.0,4.893333333333333,0.205,0.0
18,CrossEntropyLoss,OCDF,0.18000000000000005,0.785,3.04,2.04,1.1162790697674418,2.0,4.706666666666666,0.24,0.0
18,CrossEntropyLoss,OCDF,0.19999999999999996,0.785,2.99,1.99,1.1162790697674418,2.0,4.39,0.24,0.0
18,CrossEntropyLoss,APS,0.010000000000000009,0.995,4.865,3.89,1.0,1.0,4.889999999999999,0.005,0.025000000000000022
18,CrossEntropyLoss,APS,0.020000000000000018,0.975,4.35,3.475,1.0,1.0,5.974999999999998,0.025,0.125
18,CrossEntropyLoss,APS,0.030000000000000027,0.965,3.69,2.845,1.0,1.0,5.178333333333333,0.035,0.15500000000000003
18,CrossEntropyLoss,APS,0.050000000000000044,0.95,3.24,2.315,1.0,1.0,4.314999999999999,0.05,0.07499999999999996
18,CrossEntropyLoss,APS,0.07999999999999996,0.945,3.09,2.13,1.0,1.0,3.505000000000001,0.055,0.040000000000000036
18,CrossEntropyLoss,APS,0.09999999999999998,0.905,2.885,1.905,1.0,1.0,3.805,0.095,0.020000000000000018
18,CrossEntropyLoss,APS,0.13,0.9,2.805,1.82,1.0,1.0,3.3584615384615386,0.1,0.015000000000000013
18,CrossEntropyLoss,APS,0.15000000000000002,0.885,2.665,1.675,1.0,1.0,3.208333333333333,0.115,0.010000000000000009
18,CrossEntropyLoss,APS,0.18000000000000005,0.855,2.465,1.47,1.0,1.0,3.081111111111111,0.145,0.0050000000000000044
18,CrossEntropyLoss,APS,0.19999999999999996,0.83,2.235,1.24,1.0294117647058822,2.0,2.99,0.175,0.0050000000000000044
18,CrossEntropyLoss,LAC,0.010000000000000009,0.99,4.92,3.925,1.0,1.0,5.924999999999998,0.01,0.0050000000000000044
18,CrossEntropyLoss,LAC,0.020000000000000018,0.99,4.88,3.885,1.0,1.0,4.884999999999999,0.01,0.0050000000000000044
18,CrossEntropyLoss,LAC,0.030000000000000027,0.965,4.435,3.525,1.0,1.0,5.8583333333333325,0.035,0.08999999999999997
18,CrossEntropyLoss,LAC,0.050000000000000044,0.945,3.45,2.49,1.0,1.0,4.689999999999999,0.055,0.040000000000000036
18,CrossEntropyLoss,LAC,0.07999999999999996,0.915,2.73,1.73,1.0,1.0,3.8550000000000013,0.085,0.0
18,CrossEntropyLoss,LAC,0.09999999999999998,0.91,2.695,1.695,1.0,1.0,3.495,0.09,0.0
18,CrossEntropyLoss,LAC,0.13,0.9,2.515,1.515,1.0,1.0,3.053461538461538,0.1,0.0
18,CrossEntropyLoss,LAC,0.15000000000000002,0.885,2.41,1.41,1.0,1.0,2.9433333333333334,0.115,0.0
18,CrossEntropyLoss,LAC,0.18000000000000005,0.835,2.09,1.09,1.0,1.0,2.9233333333333325,0.165,0.0
18,CrossEntropyLoss,LAC,0.19999999999999996,0.82,1.995,0.995,1.0,1.0,2.795,0.18,0.0
19,CrossEntropyLoss,min-CPS,0.010000000000000009,0.99,4.93,3.93,1.0,1.0,5.929999999999998,0.01,0.0
19,CrossEntropyLoss,min-CPS,0.020000000000000018,0.98,4.85,3.85,1.0,1.0,5.849999999999998,0.02,0.0
19,CrossEntropyLoss,min-CPS,0.030000000000000027,0.97,4.09,3.09,1.0,1.0,5.089999999999999,0.03,0.0
19,CrossEntropyLoss,min-CPS,0.050000000000000044,0.955,3.46,2.46,1.1111111111111112,2.0,4.459999999999999,0.05,0.0
19,CrossEntropyLoss,min-CPS,0.07999999999999996,0.93,3.05,2.05,1.0714285714285714,2.0,3.925000000000001,0.075,0.0
19,CrossEntropyLoss,min-CPS,0.09999999999999998,0.87,2.7,1.7,1.0384615384615385,2.0,4.4,0.135,0.0
19,CrossEntropyLoss,min-CPS,0.13,0.85,2.7,1.7,1.0333333333333334,2.0,4.084615384615384,0.155,0.0
19,CrossEntropyLoss,min-CPS,0.15000000000000002,0.83,2.67,1.67,1.0294117647058822,2.0,4.003333333333333,0.175,0.0
19,CrossEntropyLoss,min-CPS,0.18000000000000005,0.81,2.57,1.57,1.0263157894736843,2.0,3.7366666666666664,0.195,0.0
19,CrossEntropyLoss,min-CPS,0.19999999999999996,0.795,2.535,1.535,1.024390243902439,2.0,3.635,0.21,0.0
19,CrossEntropyLoss,RPS,0.010000000000000009,0.985,3.835,2.835,1.0,1.0,5.834999999999997,0.015,0.0
19,CrossEntropyLoss,RPS,0.020000000000000018,0.985,3.735,2.735,1.0,1.0,4.2349999999999985,0.015,0.0
19,CrossEntropyLoss,RPS,0.030000000000000027,0.955,3.345,2.345,1.0,1.0,5.344999999999998,0.045,0.0
19,CrossEntropyLoss,RPS,0.050000000000000044,0.95,3.22,2.22,1.0,1.0,4.219999999999998,0.05,0.0
19,CrossEntropyLoss,RPS,0.07999999999999996,0.935,3.005,2.005,1.0,1.0,3.6300000000000012,0.065,0.0
19,CrossEntropyLoss,RPS,0.09999999999999998,0.905,2.905,1.905,1.0,1.0,3.805,0.095,0.0
19,CrossEntropyLoss,RPS,0.13,0.885,2.735,1.735,1.0,1.0,3.504230769230769,0.115,0.0
19,CrossEntropyLoss,RPS,0.15000000000000002,0.875,2.59,1.59,1.0,1.0,3.2566666666666664,0.125,0.0
19,CrossEntropyLoss,RPS,0.18000000000000005,0.815,2.16,1.16,1.027027027027027,2.0,3.271111111111111,0.19,0.0
19,CrossEntropyLoss,RPS,0.19999999999999996,0.805,2.015,1.015,1.0256410256410255,2.0,3.015,0.2,0.0
19,CrossEntropyLoss,OCDF,0.010000000000000009,0.985,4.71,3.71,1.0,1.0,6.709999999999997,0.015,0.0
19,CrossEntropyLoss,OCDF,0.020000000000000018,0.98,4.67,3.67,1.0,1.0,5.669999999999998,0.02,0.0
19,CrossEntropyLoss,OCDF,0.030000000000000027,0.97,3.915,2.915,1.3333333333333333,2.0,5.581666666666665,0.04,0.0
19,CrossEntropyLoss,OCDF,0.050000000000000044,0.92,3.73,2.73,1.1875,2.0,6.529999999999998,0.095,0.0
19,CrossEntropyLoss,OCDF,0.07999999999999996,0.895,3.59,2.59,1.1428571428571428,2.0,5.5900000000000025,0.12,0.0
19,CrossEntropyLoss,OCDF,0.09999999999999998,0.88,3.4,2.4,1.125,2.0,5.1,0.135,0.0
19,CrossEntropyLoss,OCDF,0.13,0.87,3.38,2.38,1.1153846153846154,2.0,4.610769230769231,0.145,0.0
19,CrossEntropyLoss,OCDF,0.15000000000000002,0.82,3.23,2.23,1.0833333333333333,2.0,4.83,0.195,0.0
19,CrossEntropyLoss,OCDF,0.18000000000000005,0.795,3.135,2.135,1.0975609756097562,2.0,4.635,0.225,0.0
19,CrossEntropyLoss,OCDF,0.19999999999999996,0.785,3.03,2.03,1.0930232558139534,2.0,4.38,0.235,0.0
19,CrossEntropyLoss,APS,0.010000000000000009,0.995,4.92,3.94,1.0,1.0,4.939999999999999,0.005,0.020000000000000018
19,CrossEntropyLoss,APS,0.020000000000000018,0.965,4.025,3.175,1.0,1.0,6.674999999999998,0.035,0.15000000000000002
19,CrossEntropyLoss,APS,0.030000000000000027,0.955,3.5,2.61,1.0,1.0,5.609999999999998,0.045,0.10999999999999999
19,CrossEntropyLoss,APS,0.050000000000000044,0.95,3.43,2.525,1.0,1.0,4.524999999999999,0.05,0.09499999999999997
19,CrossEntropyLoss,APS,0.07999999999999996,0.905,2.8,1.805,1.0526315789473684,2.0,4.3050000000000015,0.1,0.0050000000000000044
19,CrossEntropyLoss,APS,0.09999999999999998,0.895,2.68,1.685,1.0476190476190477,2.0,3.885,0.11,0.0050000000000000044
19,CrossEntropyLoss,APS,0.13,0.88,2.61,1.615,1.0833333333333333,2.0,3.615,0.13,0.0050000000000000044
19,CrossEntropyLoss,APS,0.15000000000000002,0.87,2.47,1.475,1.0769230769230769,2.0,3.3416666666666663,0.14,0.0050000000000000044
19,CrossEntropyLoss,APS,0.18000000000000005,0.86,2.4,1.405,1.0714285714285714,2.0,3.0716666666666663,0.15,0.0050000000000000044
19,CrossEntropyLoss,APS,0.19999999999999996,0.835,2.285,1.285,1.0606060606060606,2.0,3.035,0.175,0.0
19,CrossEntropyLoss,LAC,0.010000000000000009,0.985,4.915,3.915,1.0,1.0,6.914999999999997,0.015,0.0
19,CrossEntropyLoss,LAC,0.020000000000000018,0.975,4.855,3.87,1.0,1.0,6.369999999999997,0.025,0.015000000000000013
19,CrossEntropyLoss,LAC,0.030000000000000027,0.975,4.805,3.82,1.0,1.0,5.4866666666666655,0.025,0.015000000000000013
19,CrossEntropyLoss,LAC,0.050000000000000044,0.945,3.405,2.45,1.0,1.0,4.649999999999999,0.055,0.04500000000000004
19,CrossEntropyLoss,LAC,0.07999999999999996,0.91,2.71,1.71,1.0555555555555556,2.0,4.085000000000001,0.095,0.0
19,CrossEntropyLoss,LAC,0.09999999999999998,0.905,2.675,1.675,1.0526315789473684,2.0,3.675,0.1,0.0
19,CrossEntropyLoss,LAC,0.13,0.865,2.36,1.36,1.037037037037037,2.0,3.5138461538461536,0.14,0.0
19,CrossEntropyLoss,LAC,0.15000000000000002,0.84,2.235,1.235,1.03125,2.0,3.435,0.165,0.0
19,CrossEntropyLoss,LAC,0.18000000000000005,0.81,2.045,1.045,1.0263157894736843,2.0,3.2116666666666664,0.195,0.0
19,CrossEntropyLoss,LAC,0.19999999999999996,0.79,2.0,1.0,1.0238095238095237,2.0,3.15,0.215,0.0
20,CrossEntropyLoss,min-CPS,0.010000000000000009,0.995,4.93,3.93,1.0,1.0,4.929999999999999,0.005,0.0
20,CrossEntropyLoss,min-CPS,0.020000000000000018,1.0,4.895,3.895,,0.0,3.895,0.0,0.0
20,CrossEntropyLoss,min-CPS,0.030000000000000027,0.965,3.955,2.955,1.0,1.0,5.288333333333332,0.035,0.0
20,CrossEntropyLoss,min-CPS,0.050000000000000044,0.955,3.465,2.465,1.0,1.0,4.264999999999999,0.045,0.0
20,CrossEntropyLoss,min-CPS,0.07999999999999996,0.93,3.05,2.05,1.0,1.0,3.800000000000001,0.07,0.0
20,CrossEntropyLoss,min-CPS,0.09999999999999998,0.925,2.91,1.91,1.0,1.0,3.41,0.075,0.0
20,CrossEntropyLoss,min-CPS,0.13,0.9,2.665,1.665,1.0,1.0,3.203461538461539,0.1,0.0
20,CrossEntropyLoss,min-CPS,0.15000000000000002,0.9,2.665,1.665,1.0,1.0,2.998333333333333,0.1,0.0
20,CrossEntropyLoss,min-CPS,0.18000000000000005,0.83,2.58,1.58,1.0294117647058822,2.0,3.5244444444444434,0.175,0.0
20,CrossEntropyLoss,min-CPS,0.19999999999999996,0.83,2.565,1.565,1.0294117647058822,2.0,3.315,0.175,0.0
20,CrossEntropyLoss,RPS,0.010000000000000009,1.0,4.625,3.625,,0.0,3.625,0.0,0.0
20,CrossEntropyLoss,RPS,0.020000000000000018,0.995,3.895,2.895,1.0,1.0,3.3949999999999996,0.005,0.0
20,CrossEntropyLoss,RPS,0.030000000000000027,0.965,3.45,2.45,1.0,1.0,4.783333333333331,0.035,0.0
20,CrossEntropyLoss,RPS,0.050000000000000044,0.955,3.205,2.205,1.0,1.0,4.004999999999999,0.045,0.0
20,CrossEntropyLoss,RPS,0.07999999999999996,0.945,3.03,2.03,1.0,1.0,3.405000000000001,0.055,0.0
20,CrossEntropyLoss,RPS,0.09999999999999998,0.9,2.795,1.795,1.0,1.0,3.795,0.1,0.0
20,CrossEntropyLoss,RPS,0.13,0.87,2.65,1.65,1.0,1.0,3.65,0.13,0.0
20,CrossEntropyLoss,RPS,0.15000000000000002,0.87,2.58,1.58,1.0,1.0,3.313333333333333,0.13,0.0
20,CrossEntropyLoss,RPS,0.18000000000000005,0.835,2.155,1.155,1.0,1.0,2.9883333333333324,0.165,0.0
20,CrossEntropyLoss,RPS,0.19999999999999996,0.835,2.145,1.145,1.0,1.0,2.795,0.165,0.0
20,CrossEntropyLoss,OCDF,0.010000000000000009,0.995,4.88,3.88,1.0,1.0,4.879999999999999,0.005,0.0
20,CrossEntropyLoss,OCDF,0.020000000000000018,0.99,4.645,3.645,1.0,1.0,4.644999999999999,0.01,0.0
20,CrossEntropyLoss,OCDF,0.030000000000000027,0.99,4.645,3.645,1.0,1.0,4.3116666666666665,0.01,0.0
20,CrossEntropyLoss,OCDF,0.050000000000000044,0.965,3.78,2.78,1.1428571428571428,2.0,4.379999999999999,0.04,0.0
20,CrossEntropyLoss,OCDF,0.07999999999999996,0.845,3.345,2.345,1.064516129032258,2.0,6.470000000000002,0.165,0.0
20,CrossEntropyLoss,OCDF,0.09999999999999998,0.82,3.285,2.285,1.0833333333333333,2.0,6.185,0.195,0.0
20,CrossEntropyLoss,OCDF,0.13,0.775,3.15,2.15,1.0666666666666667,2.0,5.842307692307692,0.24,0.0
20,CrossEntropyLoss,OCDF,0.15000000000000002,0.775,3.15,2.15,1.0666666666666667,2.0,5.35,0.24,0.0
20,CrossEntropyLoss,OCDF,0.18000000000000005,0.73,2.875,1.875,1.0555555555555556,2.0,5.041666666666666,0.285,0.0
20,CrossEntropyLoss,OCDF,0.19999999999999996,0.7,2.75,1.75,1.05,2.0,4.9,0.315,0.0
20,CrossEntropyLoss,APS,0.010000000000000009,0.99,4.735,3.8,1.0,1.0,5.799999999999998,0.01,0.06499999999999995
20,CrossEntropyLoss,APS,0.020000000000000018,0.985,4.615,3.7,1.0,1.0,5.1999999999999975,0.015,0.08499999999999996
20,CrossEntropyLoss,APS,0.030000000000000027,0.975,4.06,3.245,1.0,1.0,4.911666666666665,0.025,0.18500000000000005
20,CrossEntropyLoss,APS,0.050000000000000044,0.96,3.51,2.64,1.0,1.0,4.239999999999998,0.04,0.13
20,CrossEntropyLoss,APS,0.07999999999999996,0.9,2.96,1.975,1.0,1.0,4.475000000000001,0.1,0.015000000000000013
20,CrossEntropyLoss,APS,0.09999999999999998,0.9,2.895,1.905,1.0,1.0,3.905,0.1,0.010000000000000009
20,CrossEntropyLoss,APS,0.13,0.885,2.655,1.66,1.0,1.0,3.429230769230769,0.115,0.0050000000000000044
20,CrossEntropyLoss,APS,0.15000000000000002,0.885,2.565,1.57,1.0,1.0,3.103333333333333,0.115,0.0050000000000000044
20,CrossEntropyLoss,APS,0.18000000000000005,0.82,2.275,1.28,1.0277777777777777,2.0,3.3355555555555556,0.185,0.0050000000000000044
20,CrossEntropyLoss,APS,0.19999999999999996,0.81,2.205,1.205,1.0263157894736843,2.0,3.155,0.195,0.0
20,CrossEntropyLoss,LAC,0.010000000000000009,0.995,4.915,3.915,1.0,1.0,4.914999999999999,0.005,0.0
20,CrossEntropyLoss,LAC,0.020000000000000018,0.99,4.845,3.845,1.0,1.0,4.844999999999999,0.01,0.0
20,CrossEntropyLoss,LAC,0.030000000000000027,0.975,4.705,3.73,1.0,1.0,5.396666666666665,0.025,0.025000000000000022
20,CrossEntropyLoss,LAC,0.050000000000000044,0.96,3.47,2.505,1.0,1.0,4.104999999999999,0.04,0.03500000000000003
20,CrossEntropyLoss,LAC,0.07999999999999996,0.91,2.73,1.73,1.0,1.0,3.9800000000000013,0.09,0.0
20,CrossEntropyLoss,LAC,0.09999999999999998,0.905,2.695,1.695,1.0,1.0,3.595,0.095,0.0
20,CrossEntropyLoss,LAC,0.13,0.895,2.47,1.47,1.0,1.0,3.0853846153846156,0.105,0.0
20,CrossEntropyLoss,LAC,0.15000000000000002,0.875,2.365,1.365,1.0,1.0,3.0316666666666663,0.125,0.0
20,CrossEntropyLoss,LAC,0.18000000000000005,0.845,2.19,1.19,1.0,1.0,2.912222222222222,0.155,0.0
20,CrossEntropyLoss,LAC,0.19999999999999996,0.83,2.08,1.08,1.0,1.0,2.78,0.17,0.0
21,CrossEntropyLoss,min-CPS,0.010000000000000009,0.99,4.94,3.94,1.0,1.0,5.939999999999998,0.01,0.0
21,CrossEntropyLoss,min-CPS,0.020000000000000018,0.98,4.835,3.835,1.0,1.0,5.834999999999997,0.02,0.0
21,CrossEntropyLoss,min-CPS,0.030000000000000027,0.975,4.17,3.17,1.0,1.0,4.836666666666666,0.025,0.0
21,CrossEntropyLoss,min-CPS,0.050000000000000044,0.96,3.61,2.61,1.0,1.0,4.209999999999999,0.04,0.0
21,CrossEntropyLoss,min-CPS,0.07999999999999996,0.93,3.07,2.07,1.0,1.0,3.820000000000001,0.07,0.0
21,CrossEntropyLoss,min-CPS,0.09999999999999998,0.925,2.845,1.845,1.0,1.0,3.345,0.075,0.0
21,CrossEntropyLoss,min-CPS,0.13,0.91,2.795,1.795,1.0,1.0,3.1796153846153845,0.09,0.0
21,CrossEntropyLoss,min-CPS,0.15000000000000002,0.87,2.74,1.74,1.0384615384615385,2.0,3.5399999999999996,0.135,0.0
21,CrossEntropyLoss,min-CPS,0.18000000000000005,0.81,2.61,1.61,1.0263157894736843,2.0,3.7766666666666664,0.195,0.0
21,CrossEntropyLoss,min-CPS,0.19999999999999996,0.805,2.605,1.605,1.0256410256410255,2.0,3.605,0.2,0.0
21,CrossEntropyLoss,RPS,0.010000000000000009,1.0,4.64,3.64,,0.0,3.64,0.0,0.0
21,CrossEntropyLoss,RPS,0.020000000000000018,0.98,3.68,2.68,1.0,1.0,4.679999999999998,0.02,0.0
21,CrossEntropyLoss,RPS,0.030000000000000027,0.96,3.435,2.435,1.0,1.0,5.101666666666665,0.04,0.0
21,CrossEntropyLoss,RPS,0.050000000000000044,0.92,3.025,2.025,1.0,1.0,5.224999999999998,0.08,0.0
21,CrossEntropyLoss,RPS,0.07999999999999996,0.915,2.99,1.99,1.0,1.0,4.115000000000001,0.085,0.0
21,CrossEntropyLoss,RPS,0.09999999999999998,0.915,2.945,1.945,1.0,1.0,3.645,0.085,0.0
21,CrossEntropyLoss,RPS,0.13,0.865,2.585,1.585,1.0,1.0,3.6619230769230775,0.135,0.0
21,CrossEntropyLoss,RPS,0.15000000000000002,0.855,2.49,1.49,1.0,1.0,3.4233333333333333,0.145,0.0
21,CrossEntropyLoss,RPS,0.18000000000000005,0.83,2.185,1.185,1.0,1.0,3.073888888888888,0.17,0.0
21,CrossEntropyLoss,RPS,0.19999999999999996,0.815,2.07,1.07,1.0,1.0,2.92,0.185,0.0
21,CrossEntropyLoss,OCDF,0.010000000000000009,0.965,4.67,3.67,1.0,1.0,10.669999999999993,0.035,0.0
21,CrossEntropyLoss,OCDF,0.020000000000000018,0.955,3.905,2.905,1.2222222222222223,2.0,8.404999999999996,0.055,0.0
21,CrossEntropyLoss,OCDF,0.030000000000000027,0.94,3.82,2.82,1.1666666666666667,2.0,7.486666666666663,0.07,0.0
21,CrossEntropyLoss,OCDF,0.050000000000000044,0.93,3.75,2.75,1.2142857142857142,2.0,6.149999999999998,0.085,0.0
21,CrossEntropyLoss,OCDF,0.07999999999999996,0.91,3.635,2.635,1.1666666666666667,2.0,5.2600000000000025,0.105,0.0
21,CrossEntropyLoss,OCDF,0.09999999999999998,0.885,3.42,2.42,1.173913043478261,2.0,5.12,0.135,0.0
21,CrossEntropyLoss,OCDF,0.13,0.855,3.345,2.345,1.1724137931034482,2.0,4.960384615384616,0.17,0.0
21,CrossEntropyLoss,OCDF,0.15000000000000002,0.85,3.325,2.325,1.1666666666666667,2.0,4.658333333333333,0.175,0.0
21,CrossEntropyLoss,OCDF,0.18000000000000005,0.805,3.19,2.19,1.205128205128205,2.0,4.80111111111111,0.235,0.0
21,CrossEntropyLoss,OCDF,0.19999999999999996,0.765,2.965,1.965,1.1702127659574468,2.0,4.715,0.275,0.0
21,CrossEntropyLoss,APS,0.010000000000000009,0.975,4.615,3.675,1.0,1.0,8.674999999999995,0.025,0.06000000000000005
21,CrossEntropyLoss,APS,0.020000000000000018,0.965,3.875,3.05,1.0,1.0,6.549999999999998,0.035,0.17500000000000004
21,CrossEntropyLoss,APS,0.030000000000000027,0.955,3.63,2.78,1.0,1.0,5.779999999999998,0.045,0.15000000000000002
21,CrossEntropyLoss,APS,0.050000000000000044,0.945,3.42,2.515,1.0,1.0,4.714999999999998,0.055,0.09499999999999997
21,CrossEntropyLoss,APS,0.07999999999999996,0.94,3.125,2.15,1.0,1.0,3.6500000000000012,0.06,0.025000000000000022
21,CrossEntropyLoss,APS,0.09999999999999998,0.9,2.7,1.705,1.0,1.0,3.705,0.1,0.0050000000000000044
21,CrossEntropyLoss,APS,0.13,0.895,2.67,1.675,1.0,1.0,3.2903846153846157,0.105,0.0050000000000000044
21,CrossEntropyLoss,APS,0.15000000000000002,0.86,2.5,1.5,1.0357142857142858,2.0,3.433333333333333,0.145,0.0
21,CrossEntropyLoss,APS,0.18000000000000005,0.835,2.295,1.295,1.0606060606060606,2.0,3.239444444444444,0.175,0.0
21,CrossEntropyLoss,APS,0.19999999999999996,0.825,2.21,1.21,1.1142857142857143,2.0,3.16,0.195,0.0
21,CrossEntropyLoss,LAC,0.010000000000000009,0.99,4.935,3.935,1.0,1.0,5.934999999999998,0.01,0.0
21,CrossEntropyLoss,LAC,0.020000000000000018,0.965,4.775,3.78,1.0,1.0,7.279999999999998,0.035,0.0050000000000000044
21,CrossEntropyLoss,LAC,0.030000000000000027,0.965,4.47,3.54,1.0,1.0,5.873333333333332,0.035,0.06999999999999995
21,CrossEntropyLoss,LAC,0.050000000000000044,0.96,3.605,2.65,1.0,1.0,4.249999999999999,0.04,0.04500000000000004
21,CrossEntropyLoss,LAC,0.07999999999999996,0.93,2.85,1.85,1.0,1.0,3.600000000000001,0.07,0.0
21,CrossEntropyLoss,LAC,0.09999999999999998,0.9,2.7,1.7,1.0,1.0,3.7,0.1,0.0
21,CrossEntropyLoss,LAC,0.13,0.9,2.555,1.555,1.0,1.0,3.0934615384615385,0.1,0.0
21,CrossEntropyLoss,LAC,0.15000000000000002,0.88,2.415,1.415,1.0,1.0,3.015,0.12,0.0
21,CrossEntropyLoss,LAC,0.18000000000000005,0.84,2.225,1.225,1.0,1.0,3.0027777777777773,0.16,0.0
21,CrossEntropyLoss,LAC,0.19999999999999996,0.785,1.975,0.975,1.0232558139534884,2.0,3.175,0.22,0.0
22,CrossEntropyLoss,min-CPS,0.010000000000000009,0.995,4.945,3.945,1.0,1.0,4.9449999999999985,0.005,0.0
22,CrossEntropyLoss,min-CPS,0.020000000000000018,0.99,4.9,3.9,1.0,1.0,4.899999999999999,0.01,0.0
22,CrossEntropyLoss,min-CPS,0.030000000000000027,0.97,4.095,3.095,1.0,1.0,5.094999999999998,0.03,0.0
22,CrossEntropyLoss,min-CPS,0.050000000000000044,0.96,3.605,2.605,1.0,1.0,4.204999999999999,0.04,0.0
22,CrossEntropyLoss,min-CPS,0.07999999999999996,0.92,2.935,1.935,1.0625,2.0,4.060000000000001,0.085,0.0
22,CrossEntropyLoss,min-CPS,0.09999999999999998,0.925,2.815,1.815,1.0666666666666667,2.0,3.415,0.08,0.0
22,CrossEntropyLoss,min-CPS,0.13,0.905,2.76,1.76,1.0526315789473684,2.0,3.298461538461538,0.1,0.0
22,CrossEntropyLoss,min-CPS,0.15000000000000002,0.86,2.705,1.705,1.0357142857142858,2.0,3.6383333333333328,0.145,0.0
22,CrossEntropyLoss,min-CPS,0.18000000000000005,0.83,2.635,1.635,1.0294117647058822,2.0,3.579444444444444,0.175,0.0
22,CrossEntropyLoss,min-CPS,0.19999999999999996,0.81,2.605,1.605,1.0263157894736843,2.0,3.555,0.195,0.0
22,CrossEntropyLoss,RPS,0.010000000000000009,0.995,3.925,2.925,1.0,1.0,3.924999999999999,0.005,0.0
22,CrossEntropyLoss,RPS,0.020000000000000018,0.975,3.67,2.67,1.0,1.0,5.169999999999998,0.025,0.0
22,CrossEntropyLoss,RPS,0.030000000000000027,0.975,3.595,2.595,1.0,1.0,4.261666666666666,0.025,0.0
22,CrossEntropyLoss,RPS,0.050000000000000044,0.94,3.12,2.12,1.0,1.0,4.519999999999999,0.06,0.0
22,CrossEntropyLoss,RPS,0.07999999999999996,0.925,3.0,2.0,1.0,1.0,3.8750000000000013,0.075,0.0
22,CrossEntropyLoss,RPS,0.09999999999999998,0.92,2.935,1.935,1.0,1.0,3.535,0.08,0.0
22,CrossEntropyLoss,RPS,0.13,0.88,2.71,1.71,1.0,1.0,3.556153846153846,0.12,0.0
22,CrossEntropyLoss,RPS,0.15000000000000002,0.855,2.49,1.49,1.0344827586206897,2.0,3.49,0.15,0.0
22,CrossEntropyLoss,RPS,0.18000000000000005,0.84,2.15,1.15,1.03125,2.0,2.9833333333333325,0.165,0.0
22,CrossEntropyLoss,RPS,0.19999999999999996,0.84,2.15,1.15,1.03125,2.0,2.8,0.165,0.0
22,CrossEntropyLoss,OCDF,0.010000000000000009,0.99,4.805,3.805,1.0,1.0,5.804999999999998,0.01,0.0
22,CrossEntropyLoss,OCDF,0.020000000000000018,0.975,4.705,3.705,1.0,1.0,6.204999999999997,0.025,0.0
22,CrossEntropyLoss,OCDF,0.030000000000000027,0.97,3.94,2.94,1.1666666666666667,2.0,5.273333333333332,0.035,0.0
22,CrossEntropyLoss,OCDF,0.050000000000000044,0.965,3.815,2.815,1.1428571428571428,2.0,4.414999999999999,0.04,0.0
22,CrossEntropyLoss,OCDF,0.07999999999999996,0.925,3.635,2.635,1.0666666666666667,2.0,4.635000000000002,0.08,0.0
22,CrossEntropyLoss,OCDF,0.09999999999999998,0.9,3.56,2.56,1.05,2.0,4.66,0.105,0.0
22,CrossEntropyLoss,OCDF,0.13,0.895,3.405,2.405,1.0952380952380953,2.0,4.174230769230769,0.115,0.0
22,CrossEntropyLoss,OCDF,0.15000000000000002,0.875,3.36,2.36,1.08,2.0,4.16,0.135,0.0
22,CrossEntropyLoss,OCDF,0.18000000000000005,0.845,3.24,2.24,1.064516129032258,2.0,4.073333333333332,0.165,0.0
22,CrossEntropyLoss,OCDF,0.19999999999999996,0.83,3.21,2.21,1.1470588235294117,2.0,4.16,0.195,0.0
22,CrossEntropyLoss,APS,0.010000000000000009,0.995,4.83,3.855,1.0,1.0,4.854999999999999,0.005,0.025000000000000022
22,CrossEntropyLoss,APS,0.020000000000000018,0.995,4.82,3.845,1.0,1.0,4.345,0.005,0.025000000000000022
22,CrossEntropyLoss,APS,0.030000000000000027,0.97,3.81,2.99,1.0,1.0,4.989999999999998,0.03,0.18000000000000005
22,CrossEntropyLoss,APS,0.050000000000000044,0.94,3.29,2.385,1.0,1.0,4.784999999999998,0.06,0.09499999999999997
22,CrossEntropyLoss,APS,0.07999999999999996,0.92,3.005,2.05,1.0625,2.0,4.175000000000001,0.085,0.04500000000000004
22,CrossEntropyLoss,APS,0.09999999999999998,0.92,2.985,2.03,1.0625,2.0,3.73,0.085,0.04500000000000004
22,CrossEntropyLoss,APS,0.13,0.875,2.68,1.69,1.04,2.0,3.69,0.13,0.010000000000000009
22,CrossEntropyLoss,APS,0.15000000000000002,0.875,2.595,1.6,1.04,2.0,3.333333333333333,0.13,0.0050000000000000044
22,CrossEntropyLoss,APS,0.18000000000000005,0.845,2.315,1.315,1.064516129032258,2.0,3.1483333333333325,0.165,0.0
22,CrossEntropyLoss,APS,0.19999999999999996,0.845,2.26,1.26,1.064516129032258,2.0,2.91,0.165,0.0
22,CrossEntropyLoss,LAC,0.010000000000000009,0.995,4.93,3.93,1.0,1.0,4.929999999999999,0.005,0.0
22,CrossEntropyLoss,LAC,0.020000000000000018,0.985,4.86,3.87,1.0,1.0,5.369999999999997,0.015,0.010000000000000009
22,CrossEntropyLoss,LAC,0.030000000000000027,0.96,4.28,3.36,1.0,1.0,6.0266666666666655,0.04,0.07999999999999996
22,CrossEntropyLoss,LAC,0.050000000000000044,0.95,3.52,2.57,1.0,1.0,4.5699999999999985,0.05,0.050000000000000044
22,CrossEntropyLoss,LAC,0.07999999999999996,0.94,2.81,1.81,1.0833333333333333,2.0,3.435000000000001,0.065,0.0
22,CrossEntropyLoss,LAC,0.09999999999999998,0.895,2.65,1.65,1.0476190476190477,2.0,3.85,0.11,0.0
22,CrossEntropyLoss,LAC,0.13,0.89,2.475,1.475,1.0454545454545454,2.0,3.2442307692307697,0.115,0.0
22,CrossEntropyLoss,LAC,0.15000000000000002,0.885,2.405,1.405,1.0434782608695652,2.0,3.005,0.12,0.0
22,CrossEntropyLoss,LAC,0.18000000000000005,0.86,2.23,1.23,1.0357142857142858,2.0,2.8411111111111103,0.145,0.0
22,CrossEntropyLoss,LAC,0.19999999999999996,0.835,2.08,1.08,1.0303030303030303,2.0,2.78,0.17,0.0
23,CrossEntropyLoss,min-CPS,0.010000000000000009,0.99,4.945,3.945,1.0,1.0,5.944999999999998,0.01,0.0
23,CrossEntropyLoss,min-CPS,0.020000000000000018,0.985,4.925,3.925,1.0,1.0,5.424999999999999,0.015,0.0
23,CrossEntropyLoss,min-CPS,0.030000000000000027,0.965,4.07,3.07,1.0,1.0,5.4033333333333315,0.035,0.0
23,CrossEntropyLoss,min-CPS,0.050000000000000044,0.925,3.085,2.085,1.0666666666666667,2.0,5.2849999999999975,0.08,0.0
23,CrossEntropyLoss,min-CPS,0.07999999999999996,0.915,2.95,1.95,1.0588235294117647,2.0,4.200000000000001,0.09,0.0
23,CrossEntropyLoss,min-CPS,0.09999999999999998,0.91,2.835,1.835,1.0555555555555556,2.0,3.735,0.095,0.0
23,CrossEntropyLoss,min-CPS,0.13,0.85,2.69,1.69,1.0666666666666667,2.0,4.151538461538462,0.16,0.0
23,CrossEntropyLoss,min-CPS,0.15000000000000002,0.83,2.67,1.67,1.0588235294117647,2.0,4.07,0.18,0.0
23,CrossEntropyLoss,min-CPS,0.18000000000000005,0.805,2.59,1.59,1.0512820512820513,2.0,3.867777777777777,0.205,0.0
23,CrossEntropyLoss,min-CPS,0.19999999999999996,0.8,2.585,1.585,1.05,2.0,3.685,0.21,0.0
23,CrossEntropyLoss,RPS,0.010000000000000009,0.995,3.91,2.91,1.0,1.0,3.909999999999999,0.005,0.0
23,CrossEntropyLoss,RPS,0.020000000000000018,0.995,3.9,2.9,1.0,1.0,3.3999999999999995,0.005,0.0
23,CrossEntropyLoss,RPS,0.030000000000000027,0.99,3.665,2.665,1.0,1.0,3.331666666666666,0.01,0.0
23,CrossEntropyLoss,RPS,0.050000000000000044,0.95,3.215,2.215,1.0,1.0,4.214999999999998,0.05,0.0
23,CrossEntropyLoss,RPS,0.07999999999999996,0.92,2.975,1.975,1.0,1.0,3.975000000000001,0.08,0.0
23,CrossEntropyLoss,RPS,0.09999999999999998,0.9,2.79,1.79,1.0,1.0,3.79,0.1,0.0
23,CrossEntropyLoss,RPS,0.13,0.875,2.685,1.685,1.0,1.0,3.6080769230769234,0.125,0.0
23,CrossEntropyLoss,RPS,0.15000000000000002,0.84,2.295,1.295,1.03125,2.0,3.495,0.165,0.0
23,CrossEntropyLoss,RPS,0.18000000000000005,0.825,2.21,1.21,1.0285714285714285,2.0,3.2099999999999995,0.18,0.0
23,CrossEntropyLoss,RPS,0.19999999999999996,0.805,2.01,1.01,1.0256410256410255,2.0,3.01,0.2,0.0
23,CrossEntropyLoss,OCDF,0.010000000000000009,0.995,4.93,3.93,1.0,1.0,4.929999999999999,0.005,0.0
23,CrossEntropyLoss,OCDF,0.020000000000000018,0.985,4.745,3.745,1.0,1.0,5.244999999999997,0.015,0.0
23,CrossEntropyLoss,OCDF,0.030000000000000027,0.985,4.745,3.745,1.0,1.0,4.744999999999999,0.015,0.0
23,CrossEntropyLoss,OCDF,0.050000000000000044,0.96,3.85,2.85,1.0,1.0,4.449999999999999,0.04,0.0
23,CrossEntropyLoss,OCDF,0.07999999999999996,0.93,3.66,2.66,1.0714285714285714,2.0,4.535000000000001,0.075,0.0
23,CrossEntropyLoss,OCDF,0.09999999999999998,0.91,3.615,2.615,1.0555555555555556,2.0,4.515,0.095,0.0
23,CrossEntropyLoss,OCDF,0.13,0.87,3.38,2.38,1.0769230769230769,2.0,4.533846153846154,0.14,0.0
23,CrossEntropyLoss,OCDF,0.15000000000000002,0.865,3.365,2.365,1.0740740740740742,2.0,4.298333333333333,0.145,0.0
23,CrossEntropyLoss,OCDF,0.18000000000000005,0.81,3.19,2.19,1.0789473684210527,2.0,4.467777777777777,0.205,0.0
23,CrossEntropyLoss,OCDF,0.19999999999999996,0.81,3.12,2.12,1.0789473684210527,2.0,4.17,0.205,0.0
23,CrossEntropyLoss,APS,0.010000000000000009,0.98,4.48,3.595,1.0,1.0,7.594999999999996,0.02,0.11499999999999999
23,CrossEntropyLoss,APS,0.020000000000000018,0.98,4.375,3.515,1.0,1.0,5.514999999999998,0.02,0.14
23,CrossEntropyLoss,APS,0.030000000000000027,0.97,3.995,3.195,1.0,1.0,5.194999999999998,0.03,0.19999999999999996
23,CrossEntropyLoss,APS,0.050000000000000044,0.96,3.59,2.745,1.0,1.0,4.344999999999999,0.04,0.15500000000000003
23,CrossEntropyLoss,APS,0.07999999999999996,0.93,2.95,1.97,1.0714285714285714,2.0,3.845000000000001,0.075,0.020000000000000018
23,CrossEntropyLoss,APS,0.09999999999999998,0.915,2.865,1.88,1.0588235294117647,2.0,3.68,0.09,0.015000000000000013
23,CrossEntropyLoss,APS,0.13,0.875,2.59,1.59,1.04,2.0,3.59,0.13,0.0
23,CrossEntropyLoss,APS,0.15000000000000002,0.875,2.53,1.53,1.04,2.0,3.263333333333333,0.13,0.0
23,CrossEntropyLoss,APS,0.18000000000000005,0.825,2.2,1.2,1.0571428571428572,2.0,3.2555555555555546,0.185,0.0
23,CrossEntropyLoss,APS,0.19999999999999996,0.79,2.11,1.11,1.0714285714285714,2.0,3.36,0.225,0.0
23,CrossEntropyLoss,LAC,0.010000000000000009,0.98,4.91,3.91,1.0,1.0,7.909999999999997,0.02,0.0
23,CrossEntropyLoss,LAC,0.020000000000000018,0.98,4.895,3.9,1.0,1.0,5.899999999999998,0.02,0.0050000000000000044
23,CrossEntropyLoss,LAC,0.030000000000000027,0.98,4.785,3.805,1.0,1.0,5.138333333333333,0.02,0.020000000000000018
23,CrossEntropyLoss,LAC,0.050000000000000044,0.96,3.58,2.64,1.0,1.0,4.239999999999998,0.04,0.06000000000000005
23,CrossEntropyLoss,LAC,0.07999999999999996,0.905,2.735,1.735,1.0526315789473684,2.0,4.235000000000001,0.1,0.0
23,CrossEntropyLoss,LAC,0.09999999999999998,0.885,2.525,1.525,1.0434782608695652,2.0,3.925,0.12,0.0
23,CrossEntropyLoss,LAC,0.13,0.865,2.41,1.41,1.037037037037037,2.0,3.5638461538461534,0.14,0.0
23,CrossEntropyLoss,LAC,0.15000000000000002,0.82,2.22,1.22,1.0277777777777777,2.0,3.686666666666666,0.185,0.0
23,CrossEntropyLoss,LAC,0.18000000000000005,0.81,2.06,1.06,1.0263157894736843,2.0,3.226666666666666,0.195,0.0
23,CrossEntropyLoss,LAC,0.19999999999999996,0.785,1.995,0.995,1.0465116279069768,2.0,3.245,0.225,0.0
24,CrossEntropyLoss,min-CPS,0.010000000000000009,1.0,4.97,3.97,,0.0,3.97,0.0,0.0
24,CrossEntropyLoss,min-CPS,0.020000000000000018,0.99,4.905,3.905,1.0,1.0,4.9049999999999985,0.01,0.0
24,CrossEntropyLoss,min-CPS,0.030000000000000027,0.98,4.195,3.195,1.0,1.0,4.528333333333332,0.02,0.0
24,CrossEntropyLoss,min-CPS,0.050000000000000044,0.96,3.56,2.56,1.0,1.0,4.159999999999999,0.04,0.0
24,CrossEntropyLoss,min-CPS,0.07999999999999996,0.905,2.945,1.945,1.0,1.0,4.320000000000001,0.095,0.0
24,CrossEntropyLoss,min-CPS,0.09999999999999998,0.875,2.74,1.74,1.0,1.0,4.24,0.125,0.0
24,CrossEntropyLoss,min-CPS,0.13,0.87,2.69,1.69,1.0,1.0,3.6900000000000004,0.13,0.0
24,CrossEntropyLoss,min-CPS,0.15000000000000002,0.85,2.68,1.68,1.0333333333333334,2.0,3.746666666666666,0.155,0.0
24,CrossEntropyLoss,min-CPS,0.18000000000000005,0.845,2.645,1.645,1.032258064516129,2.0,3.4227777777777773,0.16,0.0
24,CrossEntropyLoss,min-CPS,0.19999999999999996,0.815,2.585,1.585,1.027027027027027,2.0,3.485,0.19,0.0
24,CrossEntropyLoss,RPS,0.010000000000000009,1.0,4.63,3.63,,0.0,3.63,0.0,0.0
24,CrossEntropyLoss,RPS,0.020000000000000018,1.0,3.91,2.91,,0.0,2.91,0.0,0.0
24,CrossEntropyLoss,RPS,0.030000000000000027,1.0,3.9,2.9,,0.0,2.9,0.0,0.0
24,CrossEntropyLoss,RPS,0.050000000000000044,0.97,3.41,2.41,1.0,1.0,3.609999999999999,0.03,0.0
24,CrossEntropyLoss,RPS,0.07999999999999996,0.905,2.965,1.965,1.0,1.0,4.340000000000001,0.095,0.0
24,CrossEntropyLoss,RPS,0.09999999999999998,0.9,2.815,1.815,1.0,1.0,3.815,0.1,0.0
24,CrossEntropyLoss,RPS,0.13,0.87,2.65,1.65,1.0,1.0,3.65,0.13,0.0
24,CrossEntropyLoss,RPS,0.15000000000000002,0.845,2.325,1.325,1.0,1.0,3.391666666666666,0.155,0.0
24,CrossEntropyLoss,RPS,0.18000000000000005,0.785,2.015,1.015,1.0,1.0,3.403888888888888,0.215,0.0
24,CrossEntropyLoss,RPS,0.19999999999999996,0.77,1.905,0.905,1.0,1.0,3.205,0.23,0.0
24,CrossEntropyLoss,OCDF,0.010000000000000009,0.995,4.9,3.9,1.0,1.0,4.899999999999999,0.005,0.0
24,CrossEntropyLoss,OCDF,0.020000000000000018,0.995,4.715,3.715,1.0,1.0,4.215,0.005,0.0
24,CrossEntropyLoss,OCDF,0.030000000000000027,0.975,4.545,3.545,1.0,1.0,5.211666666666665,0.025,0.0
24,CrossEntropyLoss,OCDF,0.050000000000000044,0.965,3.81,2.81,1.0,1.0,4.209999999999999,0.035,0.0
24,CrossEntropyLoss,OCDF,0.07999999999999996,0.91,3.625,2.625,1.0,1.0,4.875000000000001,0.09,0.0
24,CrossEntropyLoss,OCDF,0.09999999999999998,0.895,3.51,2.51,1.0952380952380953,2.0,4.81,0.115,0.0
24,CrossEntropyLoss,OCDF,0.13,0.89,3.43,2.43,1.0909090909090908,2.0,4.276153846153846,0.12,0.0
24,CrossEntropyLoss,OCDF,0.15000000000000002,0.825,3.245,2.245,1.0571428571428572,2.0,4.711666666666666,0.185,0.0
24,CrossEntropyLoss,OCDF,0.18000000000000005,0.79,3.135,2.135,1.119047619047619,2.0,4.7461111111111105,0.235,0.0
24,CrossEntropyLoss,OCDF,0.19999999999999996,0.745,2.91,1.91,1.0980392156862746,2.0,4.71,0.28,0.0
24,CrossEntropyLoss,APS,0.010000000000000009,1.0,4.85,3.865,,0.0,3.865,0.0,0.015000000000000013
24,CrossEntropyLoss,APS,0.020000000000000018,0.995,4.725,3.78,1.0,1.0,4.279999999999999,0.005,0.05500000000000005
24,CrossEntropyLoss,APS,0.030000000000000027,0.995,4.5,3.635,1.0,1.0,3.9683333333333333,0.005,0.135
24,CrossEntropyLoss,APS,0.050000000000000044,0.96,3.425,2.535,1.0,1.0,4.134999999999999,0.04,0.10999999999999999
24,CrossEntropyLoss,APS,0.07999999999999996,0.905,3.04,2.07,1.0,1.0,4.445000000000002,0.095,0.030000000000000027
24,CrossEntropyLoss,APS,0.09999999999999998,0.89,2.83,1.84,1.0,1.0,4.04,0.11,0.010000000000000009
24,CrossEntropyLoss,APS,0.13,0.855,2.61,1.615,1.0,1.0,3.845769230769231,0.145,0.0050000000000000044
24,CrossEntropyLoss,APS,0.15000000000000002,0.82,2.345,1.35,1.0277777777777777,2.0,3.8166666666666664,0.185,0.0050000000000000044
24,CrossEntropyLoss,APS,0.18000000000000005,0.815,2.25,1.255,1.027027027027027,2.0,3.36611111111111,0.19,0.0050000000000000044
24,CrossEntropyLoss,APS,0.19999999999999996,0.8,2.205,1.21,1.025,2.0,3.26,0.205,0.0050000000000000044
24,CrossEntropyLoss,LAC,0.010000000000000009,1.0,4.965,3.97,,0.0,3.97,0.0,0.0050000000000000044
24,CrossEntropyLoss,LAC,0.020000000000000018,1.0,4.945,3.95,,0.0,3.95,0.0,0.0050000000000000044
24,CrossEntropyLoss,LAC,0.030000000000000027,0.99,4.875,3.89,1.0,1.0,4.556666666666667,0.01,0.015000000000000013
24,CrossEntropyLoss,LAC,0.050000000000000044,0.965,3.595,2.665,1.0,1.0,4.064999999999999,0.035,0.06999999999999995
24,CrossEntropyLoss,LAC,0.07999999999999996,0.94,2.82,1.82,1.0,1.0,3.320000000000001,0.06,0.0
24,CrossEntropyLoss,LAC,0.09999999999999998,0.89,2.53,1.53,1.0,1.0,3.73,0.11,0.0
24,CrossEntropyLoss,LAC,0.13,0.83,2.245,1.245,1.0,1.0,3.8603846153846155,0.17,0.0
24,CrossEntropyLoss,LAC,0.15000000000000002,0.83,2.21,1.21,1.0,1.0,3.476666666666666,0.17,0.0
24,CrossEntropyLoss,LAC,0.18000000000000005,0.78,2.005,1.005,1.0227272727272727,2.0,3.5049999999999994,0.225,0.0
24,CrossEntropyLoss,LAC,0.19999999999999996,0.78,2.005,1.005,1.0227272727272727,2.0,3.255,0.225,0.0
25,CrossEntropyLoss,min-CPS,0.010000000000000009,1.0,4.985,3.985,,0.0,3.985,0.0,0.0
25,CrossEntropyLoss,min-CPS,0.020000000000000018,0.99,4.925,3.925,1.0,1.0,4.924999999999999,0.01,0.0
25,CrossEntropyLoss,min-CPS,0.030000000000000027,0.98,4.24,3.24,1.0,1.0,4.573333333333332,0.02,0.0
25,CrossEntropyLoss,min-CPS,0.050000000000000044,0.97,3.73,2.73,1.0,1.0,3.929999999999999,0.03,0.0
25,CrossEntropyLoss,min-CPS,0.07999999999999996,0.93,3.125,2.125,1.0714285714285714,2.0,4.000000000000001,0.075,0.0
25,CrossEntropyLoss,min-CPS,0.09999999999999998,0.915,2.825,1.825,1.0588235294117647,2.0,3.625,0.09,0.0
25,CrossEntropyLoss,min-CPS,0.13,0.9,2.71,1.71,1.05,2.0,3.3253846153846154,0.105,0.0
25,CrossEntropyLoss,min-CPS,0.15000000000000002,0.87,2.71,1.71,1.0769230769230769,2.0,3.576666666666666,0.14,0.0
25,CrossEntropyLoss,min-CPS,0.18000000000000005,0.85,2.66,1.66,1.0666666666666667,2.0,3.437777777777777,0.16,0.0
25,CrossEntropyLoss,min-CPS,0.19999999999999996,0.815,2.6,1.6,1.054054054054054,2.0,3.55,0.195,0.0
25,CrossEntropyLoss,RPS,0.010000000000000009,0.995,3.89,2.89,1.0,1.0,3.889999999999999,0.005,0.0
25,CrossEntropyLoss,RPS,0.020000000000000018,0.99,3.875,2.875,1.0,1.0,3.8749999999999987,0.01,0.0
25,CrossEntropyLoss,RPS,0.030000000000000027,0.975,3.545,2.545,1.0,1.0,4.211666666666665,0.025,0.0
25,CrossEntropyLoss,RPS,0.050000000000000044,0.96,3.2,2.2,1.0,1.0,3.799999999999999,0.04,0.0
25,CrossEntropyLoss,RPS,0.07999999999999996,0.94,3.0,2.0,1.0,1.0,3.5000000000000013,0.06,0.0
25,CrossEntropyLoss,RPS,0.09999999999999998,0.925,2.98,1.98,1.0,1.0,3.48,0.075,0.0
25,CrossEntropyLoss,RPS,0.13,0.88,2.745,1.745,1.0,1.0,3.591153846153846,0.12,0.0
25,CrossEntropyLoss,RPS,0.15000000000000002,0.875,2.595,1.595,1.0,1.0,3.2616666666666663,0.125,0.0
25,CrossEntropyLoss,RPS,0.18000000000000005,0.84,2.195,1.195,1.03125,2.0,3.0283333333333324,0.165,0.0
25,CrossEntropyLoss,RPS,0.19999999999999996,0.805,2.01,1.01,1.0256410256410255,2.0,3.01,0.2,0.0
25,CrossEntropyLoss,OCDF,0.010000000000000009,0.99,4.805,3.805,1.0,1.0,5.804999999999998,0.01,0.0
25,CrossEntropyLoss,OCDF,0.020000000000000018,0.98,4.68,3.68,1.0,1.0,5.679999999999998,0.02,0.0
25,CrossEntropyLoss,OCDF,0.030000000000000027,0.975,4.595,3.595,1.0,1.0,5.261666666666665,0.025,0.0
25,CrossEntropyLoss,OCDF,0.050000000000000044,0.97,3.845,2.845,1.1666666666666667,2.0,4.244999999999999,0.035,0.0
25,CrossEntropyLoss,OCDF,0.07999999999999996,0.935,3.705,2.705,1.0769230769230769,2.0,4.455000000000001,0.07,0.0
25,CrossEntropyLoss,OCDF,0.09999999999999998,0.93,3.645,2.645,1.0714285714285714,2.0,4.145,0.075,0.0
25,CrossEntropyLoss,OCDF,0.13,0.9,3.44,2.44,1.1,2.0,4.132307692307693,0.11,0.0
25,CrossEntropyLoss,OCDF,0.15000000000000002,0.875,3.385,2.385,1.08,2.0,4.185,0.135,0.0
25,CrossEntropyLoss,OCDF,0.18000000000000005,0.81,3.215,2.215,1.105263157894737,2.0,4.548333333333333,0.21,0.0
25,CrossEntropyLoss,OCDF,0.19999999999999996,0.765,3.01,2.01,1.0851063829787233,2.0,4.56,0.255,0.0
25,CrossEntropyLoss,APS,0.010000000000000009,0.985,4.655,3.735,1.0,1.0,6.734999999999998,0.015,0.07999999999999996
25,CrossEntropyLoss,APS,0.020000000000000018,0.98,4.44,3.58,1.0,1.0,5.579999999999997,0.02,0.14
25,CrossEntropyLoss,APS,0.030000000000000027,0.975,3.94,3.105,1.0,1.0,4.771666666666666,0.025,0.16500000000000004
25,CrossEntropyLoss,APS,0.050000000000000044,0.97,3.695,2.85,1.0,1.0,4.049999999999999,0.03,0.15500000000000003
25,CrossEntropyLoss,APS,0.07999999999999996,0.945,3.265,2.325,1.0909090909090908,2.0,3.8250000000000006,0.06,0.06000000000000005
25,CrossEntropyLoss,APS,0.09999999999999998,0.945,3.08,2.12,1.0909090909090908,2.0,3.32,0.06,0.040000000000000036
25,CrossEntropyLoss,APS,0.13,0.92,2.795,1.8,1.0625,2.0,3.1076923076923078,0.085,0.0050000000000000044
25,CrossEntropyLoss,APS,0.15000000000000002,0.905,2.66,1.665,1.0526315789473684,2.0,2.998333333333333,0.1,0.0050000000000000044
25,CrossEntropyLoss,APS,0.18000000000000005,0.84,2.3,1.3,1.09375,2.0,3.244444444444444,0.175,0.0
25,CrossEntropyLoss,APS,0.19999999999999996,0.805,2.15,1.15,1.0769230769230769,2.0,3.25,0.21,0.0
25,CrossEntropyLoss,LAC,0.010000000000000009,1.0,4.98,3.985,,0.0,3.985,0.0,0.0050000000000000044
25,CrossEntropyLoss,LAC,0.020000000000000018,0.99,4.92,3.925,1.0,1.0,4.924999999999999,0.01,0.0050000000000000044
25,CrossEntropyLoss,LAC,0.030000000000000027,0.985,4.88,3.895,1.0,1.0,4.895,0.015,0.015000000000000013
25,CrossEntropyLoss,LAC,0.050000000000000044,0.965,3.695,2.75,1.0,1.0,4.149999999999999,0.035,0.05500000000000005
25,CrossEntropyLoss,LAC,0.07999999999999996,0.94,2.825,1.825,1.0833333333333333,2.0,3.450000000000001,0.065,0.0
25,CrossEntropyLoss,LAC,0.09999999999999998,0.925,2.775,1.775,1.0666666666666667,2.0,3.375,0.08,0.0
25,CrossEntropyLoss,LAC,0.13,0.9,2.555,1.555,1.05,2.0,3.1703846153846156,0.105,0.0
25,CrossEntropyLoss,LAC,0.15000000000000002,0.885,2.415,1.415,1.0434782608695652,2.0,3.015,0.12,0.0
25,CrossEntropyLoss,LAC,0.18000000000000005,0.845,2.205,1.205,1.032258064516129,2.0,2.9827777777777773,0.16,0.0
25,CrossEntropyLoss,LAC,0.19999999999999996,0.785,2.0,1.0,1.0465116279069768,2.0,3.25,0.225,0.0
26,CrossEntropyLoss,min-CPS,0.010000000000000009,0.99,4.9,3.9,1.0,1.0,5.899999999999998,0.01,0.0
26,CrossEntropyLoss,min-CPS,0.020000000000000018,0.98,4.67,3.67,1.0,1.0,5.669999999999998,0.02,0.0
26,CrossEntropyLoss,min-CPS,0.030000000000000027,0.97,4.075,3.075,1.0,1.0,5.074999999999998,0.03,0.0
26,CrossEntropyLoss,min-CPS,0.050000000000000044,0.95,3.385,2.385,1.1,2.0,4.584999999999998,0.055,0.0
26,CrossEntropyLoss,min-CPS,0.07999999999999996,0.92,2.925,1.925,1.0625,2.0,4.050000000000001,0.085,0.0
26,CrossEntropyLoss,min-CPS,0.09999999999999998,0.895,2.77,1.77,1.0476190476190477,2.0,3.97,0.11,0.0
26,CrossEntropyLoss,min-CPS,0.13,0.875,2.685,1.685,1.04,2.0,3.685,0.13,0.0
26,CrossEntropyLoss,min-CPS,0.15000000000000002,0.855,2.67,1.67,1.0344827586206897,2.0,3.67,0.15,0.0
26,CrossEntropyLoss,min-CPS,0.18000000000000005,0.795,2.56,1.56,1.024390243902439,2.0,3.8933333333333326,0.21,0.0
26,CrossEntropyLoss,min-CPS,0.19999999999999996,0.795,2.545,1.545,1.024390243902439,2.0,3.645,0.21,0.0
26,CrossEntropyLoss,RPS,0.010000000000000009,0.995,3.89,2.89,1.0,1.0,3.889999999999999,0.005,0.0
26,CrossEntropyLoss,RPS,0.020000000000000018,0.985,3.755,2.755,1.0,1.0,4.254999999999999,0.015,0.0
26,CrossEntropyLoss,RPS,0.030000000000000027,0.98,3.53,2.53,1.0,1.0,3.8633333333333324,0.02,0.0
26,CrossEntropyLoss,RPS,0.050000000000000044,0.96,3.215,2.215,1.0,1.0,3.814999999999999,0.04,0.0
26,CrossEntropyLoss,RPS,0.07999999999999996,0.91,2.975,1.975,1.0,1.0,4.225000000000001,0.09,0.0
26,CrossEntropyLoss,RPS,0.09999999999999998,0.9,2.83,1.83,1.0,1.0,3.83,0.1,0.0
26,CrossEntropyLoss,RPS,0.13,0.865,2.575,1.575,1.0,1.0,3.651923076923077,0.135,0.0
26,CrossEntropyLoss,RPS,0.15000000000000002,0.85,2.45,1.45,1.0333333333333334,2.0,3.516666666666666,0.155,0.0
26,CrossEntropyLoss,RPS,0.18000000000000005,0.825,2.165,1.165,1.0285714285714285,2.0,3.1649999999999996,0.18,0.0
26,CrossEntropyLoss,RPS,0.19999999999999996,0.82,2.09,1.09,1.0277777777777777,2.0,2.94,0.185,0.0
26,CrossEntropyLoss,OCDF,0.010000000000000009,0.99,4.755,3.755,1.0,1.0,5.754999999999998,0.01,0.0
26,CrossEntropyLoss,OCDF,0.020000000000000018,0.97,4.545,3.545,1.0,1.0,6.544999999999998,0.03,0.0
26,CrossEntropyLoss,OCDF,0.030000000000000027,0.945,3.79,2.79,1.0909090909090908,2.0,6.7899999999999965,0.06,0.0
26,CrossEntropyLoss,OCDF,0.050000000000000044,0.915,3.675,2.675,1.0588235294117647,2.0,6.274999999999998,0.09,0.0
26,CrossEntropyLoss,OCDF,0.07999999999999996,0.89,3.58,2.58,1.0454545454545454,2.0,5.455000000000001,0.115,0.0
26,CrossEntropyLoss,OCDF,0.09999999999999998,0.86,3.36,2.36,1.1071428571428572,2.0,5.46,0.155,0.0
26,CrossEntropyLoss,OCDF,0.13,0.825,3.25,2.25,1.1142857142857143,2.0,5.25,0.195,0.0
26,CrossEntropyLoss,OCDF,0.15000000000000002,0.815,3.195,2.195,1.1081081081081081,2.0,4.928333333333333,0.205,0.0
26,CrossEntropyLoss,OCDF,0.18000000000000005,0.785,3.095,2.095,1.1627906976744187,2.0,4.872777777777777,0.25,0.0
26,CrossEntropyLoss,OCDF,0.19999999999999996,0.765,2.965,1.965,1.148936170212766,2.0,4.665,0.27,0.0
26,CrossEntropyLoss,APS,0.010000000000000009,0.97,4.465,3.575,1.0,1.0,9.574999999999994,0.03,0.10999999999999999
26,CrossEntropyLoss,APS,0.020000000000000018,0.97,4.2,3.36,1.0,1.0,6.359999999999998,0.03,0.16000000000000003
26,CrossEntropyLoss,APS,0.030000000000000027,0.955,3.625,2.76,1.0,1.0,5.759999999999998,0.045,0.135
26,CrossEntropyLoss,APS,0.050000000000000044,0.935,3.12,2.16,1.0769230769230769,2.0,4.959999999999998,0.07,0.040000000000000036
26,CrossEntropyLoss,APS,0.07999999999999996,0.915,2.92,1.935,1.0588235294117647,2.0,4.185000000000001,0.09,0.015000000000000013
26,CrossEntropyLoss,APS,0.09999999999999998,0.895,2.745,1.745,1.0476190476190477,2.0,3.945,0.11,0.0
26,CrossEntropyLoss,APS,0.13,0.875,2.495,1.495,1.04,2.0,3.495,0.13,0.0
26,CrossEntropyLoss,APS,0.15000000000000002,0.87,2.425,1.425,1.0384615384615385,2.0,3.225,0.135,0.0
26,CrossEntropyLoss,APS,0.18000000000000005,0.83,2.225,1.225,1.0588235294117647,2.0,3.2249999999999988,0.18,0.0
26,CrossEntropyLoss,APS,0.19999999999999996,0.82,2.17,1.17,1.0555555555555556,2.0,3.07,0.19,0.0
26,CrossEntropyLoss,LAC,0.010000000000000009,0.98,4.86,3.865,1.0,1.0,7.864999999999997,0.02,0.0050000000000000044
26,CrossEntropyLoss,LAC,0.020000000000000018,0.965,4.73,3.745,1.0,1.0,7.244999999999997,0.035,0.015000000000000013
26,CrossEntropyLoss,LAC,0.030000000000000027,0.945,3.525,2.59,1.0,1.0,6.256666666666663,0.055,0.06499999999999995
26,CrossEntropyLoss,LAC,0.050000000000000044,0.945,3.4,2.455,1.0,1.0,4.6549999999999985,0.055,0.05500000000000005
26,CrossEntropyLoss,LAC,0.07999999999999996,0.935,2.8,1.8,1.0769230769230769,2.0,3.550000000000001,0.07,0.0
26,CrossEntropyLoss,LAC,0.09999999999999998,0.895,2.645,1.645,1.0476190476190477,2.0,3.845,0.11,0.0
26,CrossEntropyLoss,LAC,0.13,0.89,2.465,1.465,1.0454545454545454,2.0,3.234230769230769,0.115,0.0
26,CrossEntropyLoss,LAC,0.15000000000000002,0.865,2.265,1.265,1.037037037037037,2.0,3.1316666666666664,0.14,0.0
26,CrossEntropyLoss,LAC,0.18000000000000005,0.835,2.11,1.11,1.0303030303030303,2.0,2.9988888888888887,0.17,0.0
26,CrossEntropyLoss,LAC,0.19999999999999996,0.82,2.03,1.03,1.0277777777777777,2.0,2.88,0.185,0.0
27,CrossEntropyLoss,min-CPS,0.010000000000000009,0.97,4.815,3.815,1.0,1.0,9.814999999999996,0.03,0.0
27,CrossEntropyLoss,min-CPS,0.020000000000000018,0.975,4.475,3.475,1.0,1.0,5.974999999999998,0.025,0.0
27,CrossEntropyLoss,min-CPS,0.030000000000000027,0.955,3.775,2.775,1.0,1.0,5.774999999999998,0.045,0.0
27,CrossEntropyLoss,min-CPS,0.050000000000000044,0.96,3.545,2.545,1.0,1.0,4.144999999999999,0.04,0.0
27,CrossEntropyLoss,min-CPS,0.07999999999999996,0.905,2.905,1.905,1.105263157894737,2.0,4.530000000000001,0.105,0.0
27,CrossEntropyLoss,min-CPS,0.09999999999999998,0.89,2.775,1.775,1.0909090909090908,2.0,4.175,0.12,0.0
27,CrossEntropyLoss,min-CPS,0.13,0.85,2.68,1.68,1.1,2.0,4.218461538461538,0.165,0.0
27,CrossEntropyLoss,min-CPS,0.15000000000000002,0.82,2.635,1.635,1.0833333333333333,2.0,4.235,0.195,0.0
27,CrossEntropyLoss,min-CPS,0.18000000000000005,0.795,2.58,1.58,1.0731707317073171,2.0,4.024444444444444,0.22,0.0
27,CrossEntropyLoss,min-CPS,0.19999999999999996,0.79,2.55,1.55,1.0714285714285714,2.0,3.8,0.225,0.0
27,CrossEntropyLoss,RPS,0.010000000000000009,0.97,3.64,2.64,1.0,1.0,8.639999999999995,0.03,0.0
27,CrossEntropyLoss,RPS,0.020000000000000018,0.97,3.55,2.55,1.0,1.0,5.549999999999998,0.03,0.0
27,CrossEntropyLoss,RPS,0.030000000000000027,0.95,3.385,2.385,1.0,1.0,5.71833333333333,0.05,0.0
27,CrossEntropyLoss,RPS,0.050000000000000044,0.92,3.015,2.015,1.0,1.0,5.214999999999998,0.08,0.0
27,CrossEntropyLoss,RPS,0.07999999999999996,0.905,2.97,1.97,1.0,1.0,4.3450000000000015,0.095,0.0
27,CrossEntropyLoss,RPS,0.09999999999999998,0.89,2.805,1.805,1.0,1.0,4.005,0.11,0.0
27,CrossEntropyLoss,RPS,0.13,0.865,2.57,1.57,1.0,1.0,3.646923076923077,0.135,0.0
27,CrossEntropyLoss,RPS,0.15000000000000002,0.84,2.27,1.27,1.0625,2.0,3.536666666666666,0.17,0.0
27,CrossEntropyLoss,RPS,0.18000000000000005,0.805,2.13,1.13,1.0512820512820513,2.0,3.407777777777777,0.205,0.0
27,CrossEntropyLoss,RPS,0.19999999999999996,0.79,1.9,0.9,1.0476190476190477,2.0,3.1,0.22,0.0
27,CrossEntropyLoss,OCDF,0.010000000000000009,0.965,4.68,3.68,1.0,1.0,10.679999999999993,0.035,0.0
27,CrossEntropyLoss,OCDF,0.020000000000000018,0.945,3.835,2.835,1.1818181818181819,2.0,9.334999999999996,0.065,0.0
27,CrossEntropyLoss,OCDF,0.030000000000000027,0.945,3.8,2.8,1.1818181818181819,2.0,7.13333333333333,0.065,0.0
27,CrossEntropyLoss,OCDF,0.050000000000000044,0.915,3.705,2.705,1.1764705882352942,2.0,6.7049999999999965,0.1,0.0
27,CrossEntropyLoss,OCDF,0.07999999999999996,0.895,3.595,2.595,1.1428571428571428,2.0,5.595000000000002,0.12,0.0
27,CrossEntropyLoss,OCDF,0.09999999999999998,0.895,3.505,2.505,1.2380952380952381,2.0,5.105,0.13,0.0
27,CrossEntropyLoss,OCDF,0.13,0.87,3.39,2.39,1.1923076923076923,2.0,4.774615384615385,0.155,0.0
27,CrossEntropyLoss,OCDF,0.15000000000000002,0.845,3.29,2.29,1.1935483870967742,2.0,4.756666666666666,0.185,0.0
27,CrossEntropyLoss,OCDF,0.18000000000000005,0.81,3.19,2.19,1.2105263157894737,2.0,4.745555555555554,0.23,0.0
27,CrossEntropyLoss,OCDF,0.19999999999999996,0.805,3.07,2.07,1.205128205128205,2.0,4.42,0.235,0.0
27,CrossEntropyLoss,APS,0.010000000000000009,0.99,4.595,3.7,1.0,1.0,5.6999999999999975,0.01,0.10499999999999998
27,CrossEntropyLoss,APS,0.020000000000000018,0.96,3.8,2.99,1.0,1.0,6.989999999999997,0.04,0.18999999999999995
27,CrossEntropyLoss,APS,0.030000000000000027,0.955,3.735,2.91,1.0,1.0,5.9099999999999975,0.045,0.17500000000000004
27,CrossEntropyLoss,APS,0.050000000000000044,0.92,3.045,2.08,1.0625,2.0,5.479999999999998,0.085,0.03500000000000003
27,CrossEntropyLoss,APS,0.07999999999999996,0.89,2.825,1.845,1.0909090909090908,2.0,4.8450000000000015,0.12,0.020000000000000018
27,CrossEntropyLoss,APS,0.09999999999999998,0.84,2.655,1.67,1.0625,2.0,5.07,0.17,0.015000000000000013
27,CrossEntropyLoss,APS,0.13,0.83,2.48,1.49,1.0588235294117647,2.0,4.259230769230769,0.18,0.010000000000000009
27,CrossEntropyLoss,APS,0.15000000000000002,0.815,2.365,1.37,1.054054054054054,2.0,3.9699999999999993,0.195,0.0050000000000000044
27,CrossEntropyLoss,APS,0.18000000000000005,0.805,2.25,1.25,1.0769230769230769,2.0,3.5833333333333326,0.21,0.0
27,CrossEntropyLoss,APS,0.19999999999999996,0.795,2.2,1.2,1.1219512195121952,2.0,3.5,0.23,0.0
27,CrossEntropyLoss,LAC,0.010000000000000009,0.98,4.88,3.885,1.0,1.0,7.884999999999996,0.02,0.0050000000000000044
27,CrossEntropyLoss,LAC,0.020000000000000018,0.96,4.415,3.495,1.0,1.0,7.4949999999999966,0.04,0.07999999999999996
27,CrossEntropyLoss,LAC,0.030000000000000027,0.95,3.985,3.105,1.0,1.0,6.438333333333332,0.05,0.12
27,CrossEntropyLoss,LAC,0.050000000000000044,0.935,3.105,2.125,1.0,1.0,4.724999999999998,0.065,0.020000000000000018
27,CrossEntropyLoss,LAC,0.07999999999999996,0.91,2.735,1.735,1.1111111111111112,2.0,4.235000000000001,0.1,0.0
27,CrossEntropyLoss,LAC,0.09999999999999998,0.89,2.54,1.54,1.0909090909090908,2.0,3.94,0.12,0.0
27,CrossEntropyLoss,LAC,0.13,0.865,2.39,1.39,1.0740740740740742,2.0,3.620769230769231,0.145,0.0
27,CrossEntropyLoss,LAC,0.15000000000000002,0.84,2.255,1.255,1.0625,2.0,3.5216666666666665,0.17,0.0
27,CrossEntropyLoss,LAC,0.18000000000000005,0.805,2.04,1.04,1.0512820512820513,2.0,3.3177777777777773,0.205,0.0
27,CrossEntropyLoss,LAC,0.19999999999999996,0.765,1.92,0.92,1.0638297872340425,2.0,3.42,0.25,0.0
28,CrossEntropyLoss,min-CPS,0.010000000000000009,0.98,4.92,3.92,1.0,1.0,7.919999999999996,0.02,0.0
28,CrossEntropyLoss,min-CPS,0.020000000000000018,0.975,4.505,3.505,1.0,1.0,6.004999999999998,0.025,0.0
28,CrossEntropyLoss,min-CPS,0.030000000000000027,0.975,4.205,3.205,1.0,1.0,4.871666666666666,0.025,0.0
28,CrossEntropyLoss,min-CPS,0.050000000000000044,0.955,3.46,2.46,1.1111111111111112,2.0,4.459999999999998,0.05,0.0
28,CrossEntropyLoss,min-CPS,0.07999999999999996,0.94,3.07,2.07,1.0833333333333333,2.0,3.695000000000001,0.065,0.0
28,CrossEntropyLoss,min-CPS,0.09999999999999998,0.92,2.835,1.835,1.0625,2.0,3.535,0.085,0.0
28,CrossEntropyLoss,min-CPS,0.13,0.855,2.71,1.71,1.0689655172413792,2.0,4.094615384615384,0.155,0.0
28,CrossEntropyLoss,min-CPS,0.15000000000000002,0.84,2.695,1.695,1.0625,2.0,3.9616666666666664,0.17,0.0
28,CrossEntropyLoss,min-CPS,0.18000000000000005,0.845,2.65,1.65,1.064516129032258,2.0,3.4833333333333325,0.165,0.0
28,CrossEntropyLoss,min-CPS,0.19999999999999996,0.825,2.59,1.59,1.0571428571428572,2.0,3.44,0.185,0.0
28,CrossEntropyLoss,RPS,0.010000000000000009,0.995,3.895,2.895,1.0,1.0,3.8949999999999987,0.005,0.0
28,CrossEntropyLoss,RPS,0.020000000000000018,0.99,3.87,2.87,1.0,1.0,3.8699999999999988,0.01,0.0
28,CrossEntropyLoss,RPS,0.030000000000000027,0.98,3.54,2.54,1.0,1.0,3.8733333333333326,0.02,0.0
28,CrossEntropyLoss,RPS,0.050000000000000044,0.96,3.265,2.265,1.0,1.0,3.864999999999999,0.04,0.0
28,CrossEntropyLoss,RPS,0.07999999999999996,0.925,3.005,2.005,1.0,1.0,3.8800000000000012,0.075,0.0
28,CrossEntropyLoss,RPS,0.09999999999999998,0.895,2.79,1.79,1.0,1.0,3.89,0.105,0.0
28,CrossEntropyLoss,RPS,0.13,0.87,2.625,1.625,1.0,1.0,3.625,0.13,0.0
28,CrossEntropyLoss,RPS,0.15000000000000002,0.85,2.45,1.45,1.0333333333333334,2.0,3.516666666666666,0.155,0.0
28,CrossEntropyLoss,RPS,0.18000000000000005,0.815,2.175,1.175,1.027027027027027,2.0,3.286111111111111,0.19,0.0
28,CrossEntropyLoss,RPS,0.19999999999999996,0.78,1.895,0.895,1.0227272727272727,2.0,3.145,0.225,0.0
28,CrossEntropyLoss,OCDF,0.010000000000000009,0.995,4.9,3.9,1.0,1.0,4.899999999999999,0.005,0.0
28,CrossEntropyLoss,OCDF,0.020000000000000018,0.975,4.68,3.68,1.0,1.0,6.179999999999998,0.025,0.0
28,CrossEntropyLoss,OCDF,0.030000000000000027,0.97,3.925,2.925,1.1666666666666667,2.0,5.258333333333333,0.035,0.0
28,CrossEntropyLoss,OCDF,0.050000000000000044,0.965,3.82,2.82,1.1428571428571428,2.0,4.419999999999999,0.04,0.0
28,CrossEntropyLoss,OCDF,0.07999999999999996,0.95,3.76,2.76,1.2,2.0,4.260000000000002,0.06,0.0
28,CrossEntropyLoss,OCDF,0.09999999999999998,0.95,3.66,2.66,1.2,2.0,3.86,0.06,0.0
28,CrossEntropyLoss,OCDF,0.13,0.925,3.525,2.525,1.1333333333333333,2.0,3.832692307692308,0.085,0.0
28,CrossEntropyLoss,OCDF,0.15000000000000002,0.915,3.41,2.41,1.1176470588235294,2.0,3.6766666666666663,0.095,0.0
28,CrossEntropyLoss,OCDF,0.18000000000000005,0.89,3.34,2.34,1.0909090909090908,2.0,3.6733333333333325,0.12,0.0
28,CrossEntropyLoss,OCDF,0.19999999999999996,0.875,3.255,2.255,1.08,2.0,3.605,0.135,0.0
28,CrossEntropyLoss,APS,0.010000000000000009,0.975,4.395,3.545,1.0,1.0,8.544999999999995,0.025,0.15000000000000002
28,CrossEntropyLoss,APS,0.020000000000000018,0.975,4.345,3.5,1.0,1.0,5.999999999999997,0.025,0.15500000000000003
28,CrossEntropyLoss,APS,0.030000000000000027,0.975,3.94,3.155,1.0,1.0,4.821666666666665,0.025,0.21499999999999997
28,CrossEntropyLoss,APS,0.050000000000000044,0.955,3.35,2.45,1.1111111111111112,2.0,4.449999999999999,0.05,0.09999999999999998
28,CrossEntropyLoss,APS,0.07999999999999996,0.94,3.075,2.1,1.0833333333333333,2.0,3.725000000000001,0.065,0.025000000000000022
28,CrossEntropyLoss,APS,0.09999999999999998,0.905,2.805,1.815,1.0526315789473684,2.0,3.815,0.1,0.010000000000000009
28,CrossEntropyLoss,APS,0.13,0.905,2.725,1.725,1.0526315789473684,2.0,3.263461538461538,0.1,0.0
28,CrossEntropyLoss,APS,0.15000000000000002,0.875,2.55,1.55,1.04,2.0,3.283333333333333,0.13,0.0
28,CrossEntropyLoss,APS,0.18000000000000005,0.835,2.365,1.365,1.0303030303030303,2.0,3.253888888888888,0.17,0.0
28,CrossEntropyLoss,APS,0.19999999999999996,0.83,2.27,1.27,1.0294117647058822,2.0,3.02,0.175,0.0
28,CrossEntropyLoss,LAC,0.010000000000000009,0.995,4.96,3.96,1.0,1.0,4.959999999999999,0.005,0.0
28,CrossEntropyLoss,LAC,0.020000000000000018,0.975,4.855,3.875,1.0,1.0,6.374999999999997,0.025,0.020000000000000018
28,CrossEntropyLoss,LAC,0.030000000000000027,0.975,4.78,3.8,1.0,1.0,5.466666666666665,0.025,0.020000000000000018
28,CrossEntropyLoss,LAC,0.050000000000000044,0.965,3.6,2.68,1.0,1.0,4.079999999999999,0.035,0.07999999999999996
28,CrossEntropyLoss,LAC,0.07999999999999996,0.94,2.815,1.815,1.0833333333333333,2.0,3.4400000000000013,0.065,0.0
28,CrossEntropyLoss,LAC,0.09999999999999998,0.905,2.725,1.725,1.0526315789473684,2.0,3.725,0.1,0.0
28,CrossEntropyLoss,LAC,0.13,0.885,2.47,1.47,1.0434782608695652,2.0,3.316153846153846,0.12,0.0
28,CrossEntropyLoss,LAC,0.15000000000000002,0.845,2.27,1.27,1.032258064516129,2.0,3.4033333333333333,0.16,0.0
28,CrossEntropyLoss,LAC,0.18000000000000005,0.805,2.06,1.06,1.0256410256410255,2.0,3.282222222222222,0.2,0.0
28,CrossEntropyLoss,LAC,0.19999999999999996,0.78,1.995,0.995,1.0454545454545454,2.0,3.295,0.23,0.0
29,CrossEntropyLoss,min-CPS,0.010000000000000009,0.99,4.945,3.945,1.0,1.0,5.944999999999998,0.01,0.0
29,CrossEntropyLoss,min-CPS,0.020000000000000018,0.99,4.91,3.91,1.0,1.0,4.909999999999999,0.01,0.0
29,CrossEntropyLoss,min-CPS,0.030000000000000027,0.97,4.11,3.11,1.0,1.0,5.1099999999999985,0.03,0.0
29,CrossEntropyLoss,min-CPS,0.050000000000000044,0.94,3.34,2.34,1.0,1.0,4.739999999999998,0.06,0.0
29,CrossEntropyLoss,min-CPS,0.07999999999999996,0.91,2.94,1.94,1.0,1.0,4.190000000000001,0.09,0.0
29,CrossEntropyLoss,min-CPS,0.09999999999999998,0.885,2.78,1.78,1.0,1.0,4.08,0.115,0.0
29,CrossEntropyLoss,min-CPS,0.13,0.85,2.7,1.7,1.0,1.0,4.007692307692307,0.15,0.0
29,CrossEntropyLoss,min-CPS,0.15000000000000002,0.845,2.69,1.69,1.0,1.0,3.7566666666666664,0.155,0.0
29,CrossEntropyLoss,min-CPS,0.18000000000000005,0.83,2.615,1.615,1.0,1.0,3.503888888888888,0.17,0.0
29,CrossEntropyLoss,min-CPS,0.19999999999999996,0.805,2.555,1.555,1.0,1.0,3.505,0.195,0.0
29,CrossEntropyLoss,RPS,0.010000000000000009,1.0,4.63,3.63,,0.0,3.63,0.0,0.0
29,CrossEntropyLoss,RPS,0.020000000000000018,0.995,3.86,2.86,1.0,1.0,3.3599999999999994,0.005,0.0
29,CrossEntropyLoss,RPS,0.030000000000000027,0.99,3.665,2.665,1.0,1.0,3.331666666666666,0.01,0.0
29,CrossEntropyLoss,RPS,0.050000000000000044,0.965,3.38,2.38,1.0,1.0,3.779999999999999,0.035,0.0
29,CrossEntropyLoss,RPS,0.07999999999999996,0.925,2.975,1.975,1.0,1.0,3.850000000000001,0.075,0.0
29,CrossEntropyLoss,RPS,0.09999999999999998,0.9,2.825,1.825,1.0,1.0,3.825,0.1,0.0
29,CrossEntropyLoss,RPS,0.13,0.875,2.715,1.715,1.0,1.0,3.6380769230769228,0.125,0.0
29,CrossEntropyLoss,RPS,0.15000000000000002,0.83,2.255,1.255,1.0,1.0,3.5216666666666665,0.17,0.0
29,CrossEntropyLoss,RPS,0.18000000000000005,0.82,2.19,1.19,1.0,1.0,3.1899999999999995,0.18,0.0
29,CrossEntropyLoss,RPS,0.19999999999999996,0.8,2.015,1.015,1.0,1.0,3.015,0.2,0.0
29,CrossEntropyLoss,OCDF,0.010000000000000009,0.995,4.93,3.93,1.0,1.0,4.929999999999999,0.005,0.0
29,CrossEntropyLoss,OCDF,0.020000000000000018,0.995,4.755,3.755,1.0,1.0,4.254999999999999,0.005,0.0
29,CrossEntropyLoss,OCDF,0.030000000000000027,0.985,4.705,3.705,1.0,1.0,4.704999999999999,0.015,0.0
29,CrossEntropyLoss,OCDF,0.050000000000000044,0.93,3.705,2.705,1.0714285714285714,2.0,5.704999999999997,0.075,0.0
29,CrossEntropyLoss,OCDF,0.07999999999999996,0.91,3.595,2.595,1.0555555555555556,2.0,4.9700000000000015,0.095,0.0
29,CrossEntropyLoss,OCDF,0.09999999999999998,0.91,3.58,2.58,1.0555555555555556,2.0,4.48,0.095,0.0
29,CrossEntropyLoss,OCDF,0.13,0.87,3.35,2.35,1.0769230769230769,2.0,4.503846153846154,0.14,0.0
29,CrossEntropyLoss,OCDF,0.15000000000000002,0.825,3.195,2.195,1.0571428571428572,2.0,4.661666666666666,0.185,0.0
29,CrossEntropyLoss,OCDF,0.18000000000000005,0.805,3.16,2.16,1.1025641025641026,2.0,4.5488888888888885,0.215,0.0
29,CrossEntropyLoss,OCDF,0.19999999999999996,0.78,3.0,2.0,1.0909090909090908,2.0,4.4,0.24,0.0
29,CrossEntropyLoss,APS,0.010000000000000009,0.99,4.455,3.56,1.0,1.0,5.559999999999998,0.01,0.10499999999999998
29,CrossEntropyLoss,APS,0.020000000000000018,0.99,4.42,3.535,1.0,1.0,4.534999999999999,0.01,0.11499999999999999
29,CrossEntropyLoss,APS,0.030000000000000027,0.965,3.705,2.885,1.0,1.0,5.218333333333333,0.035,0.18000000000000005
29,CrossEntropyLoss,APS,0.050000000000000044,0.965,3.485,2.625,1.0,1.0,4.024999999999999,0.035,0.14
29,CrossEntropyLoss,APS,0.07999999999999996,0.93,3.035,2.075,1.0,1.0,3.825000000000001,0.07,0.040000000000000036
29,CrossEntropyLoss,APS,0.09999999999999998,0.88,2.61,1.62,1.0,1.0,4.02,0.12,0.010000000000000009
29,CrossEntropyLoss,APS,0.13,0.85,2.47,1.48,1.0,1.0,3.787692307692308,0.15,0.010000000000000009
29,CrossEntropyLoss,APS,0.15000000000000002,0.84,2.41,1.42,1.03125,2.0,3.62,0.165,0.010000000000000009
29,CrossEntropyLoss,APS,0.18000000000000005,0.82,2.255,1.26,1.0277777777777777,2.0,3.3155555555555556,0.185,0.0050000000000000044
29,CrossEntropyLoss,APS,0.19999999999999996,0.815,2.2,1.2,1.027027027027027,2.0,3.1,0.19,0.0
29,CrossEntropyLoss,LAC,0.010000000000000009,0.99,4.935,3.94,1.0,1.0,5.939999999999998,0.01,0.0050000000000000044
29,CrossEntropyLoss,LAC,0.020000000000000018,0.985,4.885,3.89,1.0,1.0,5.389999999999999,0.015,0.0050000000000000044
29,CrossEntropyLoss,LAC,0.030000000000000027,0.97,4.485,3.545,1.0,1.0,5.544999999999999,0.03,0.06000000000000005
29,CrossEntropyLoss,LAC,0.050000000000000044,0.95,3.51,2.565,1.0,1.0,4.564999999999999,0.05,0.05500000000000005
29,CrossEntropyLoss,LAC,0.07999999999999996,0.91,2.72,1.72,1.0,1.0,3.970000000000001,0.09,0.0
29,CrossEntropyLoss,LAC,0.09999999999999998,0.885,2.495,1.495,1.0,1.0,3.795,0.115,0.0
29,CrossEntropyLoss,LAC,0.13,0.865,2.36,1.36,1.0,1.0,3.436923076923077,0.135,0.0
29,CrossEntropyLoss,LAC,0.15000000000000002,0.835,2.22,1.22,1.0,1.0,3.42,0.165,0.0
29,CrossEntropyLoss,LAC,0.18000000000000005,0.805,2.045,1.045,1.0,1.0,3.2116666666666656,0.195,0.0
29,CrossEntropyLoss,LAC,0.19999999999999996,0.77,1.955,0.955,1.0,1.0,3.255,0.23,0.0
30,CrossEntropyLoss,min-CPS,0.010000000000000009,0.98,4.9,3.9,1.0,1.0,7.899999999999997,0.02,0.0
30,CrossEntropyLoss,min-CPS,0.020000000000000018,0.975,4.485,3.485,1.0,1.0,5.984999999999998,0.025,0.0
30,CrossEntropyLoss,min-CPS,0.030000000000000027,0.965,3.97,2.97,1.0,1.0,5.303333333333333,0.035,0.0
30,CrossEntropyLoss,min-CPS,0.050000000000000044,0.955,3.54,2.54,1.2222222222222223,2.0,4.739999999999998,0.055,0.0
30,CrossEntropyLoss,min-CPS,0.07999999999999996,0.935,3.08,2.08,1.1538461538461537,2.0,3.955000000000001,0.075,0.0
30,CrossEntropyLoss,min-CPS,0.09999999999999998,0.895,2.76,1.76,1.0952380952380953,2.0,4.06,0.115,0.0
30,CrossEntropyLoss,min-CPS,0.13,0.87,2.675,1.675,1.0769230769230769,2.0,3.8288461538461536,0.14,0.0
30,CrossEntropyLoss,min-CPS,0.15000000000000002,0.84,2.655,1.655,1.09375,2.0,3.9883333333333333,0.175,0.0
30,CrossEntropyLoss,min-CPS,0.18000000000000005,0.83,2.58,1.58,1.088235294117647,2.0,3.635555555555555,0.185,0.0
30,CrossEntropyLoss,min-CPS,0.19999999999999996,0.815,2.54,1.54,1.0810810810810811,2.0,3.54,0.2,0.0
30,CrossEntropyLoss,RPS,0.010000000000000009,0.985,3.855,2.855,1.0,1.0,5.854999999999998,0.015,0.0
30,CrossEntropyLoss,RPS,0.020000000000000018,0.975,3.625,2.625,1.0,1.0,5.124999999999997,0.025,0.0
30,CrossEntropyLoss,RPS,0.030000000000000027,0.97,3.495,2.495,1.0,1.0,4.494999999999999,0.03,0.0
30,CrossEntropyLoss,RPS,0.050000000000000044,0.955,3.21,2.21,1.0,1.0,4.009999999999999,0.045,0.0
30,CrossEntropyLoss,RPS,0.07999999999999996,0.92,3.005,2.005,1.0,1.0,4.005000000000001,0.08,0.0
30,CrossEntropyLoss,RPS,0.09999999999999998,0.905,2.905,1.905,1.0,1.0,3.805,0.095,0.0
30,CrossEntropyLoss,RPS,0.13,0.87,2.625,1.625,1.0,1.0,3.625,0.13,0.0
30,CrossEntropyLoss,RPS,0.15000000000000002,0.865,2.55,1.55,1.0,1.0,3.35,0.135,0.0
30,CrossEntropyLoss,RPS,0.18000000000000005,0.83,2.155,1.155,1.0588235294117647,2.0,3.155,0.18,0.0
30,CrossEntropyLoss,RPS,0.19999999999999996,0.815,2.04,1.04,1.054054054054054,2.0,2.99,0.195,0.0
30,CrossEntropyLoss,OCDF,0.010000000000000009,0.985,4.685,3.685,1.0,1.0,6.684999999999998,0.015,0.0
30,CrossEntropyLoss,OCDF,0.020000000000000018,0.975,4.63,3.63,1.0,1.0,6.129999999999998,0.025,0.0
30,CrossEntropyLoss,OCDF,0.030000000000000027,0.97,3.91,2.91,1.1666666666666667,2.0,5.243333333333332,0.035,0.0
30,CrossEntropyLoss,OCDF,0.050000000000000044,0.96,3.79,2.79,1.125,2.0,4.589999999999999,0.045,0.0
30,CrossEntropyLoss,OCDF,0.07999999999999996,0.945,3.695,2.695,1.1818181818181819,2.0,4.320000000000001,0.065,0.0
30,CrossEntropyLoss,OCDF,0.09999999999999998,0.93,3.6,2.6,1.1428571428571428,2.0,4.2,0.08,0.0
30,CrossEntropyLoss,OCDF,0.13,0.86,3.32,2.32,1.1428571428571428,2.0,4.781538461538461,0.16,0.0
30,CrossEntropyLoss,OCDF,0.15000000000000002,0.855,3.305,2.305,1.1379310344827587,2.0,4.505,0.165,0.0
30,CrossEntropyLoss,OCDF,0.18000000000000005,0.845,3.215,2.215,1.1290322580645162,2.0,4.159444444444444,0.175,0.0
30,CrossEntropyLoss,OCDF,0.19999999999999996,0.815,3.125,2.125,1.162162162162162,2.0,4.275,0.215,0.0
30,CrossEntropyLoss,APS,0.010000000000000009,0.98,4.64,3.74,1.0,1.0,7.739999999999997,0.02,0.09999999999999998
30,CrossEntropyLoss,APS,0.020000000000000018,0.975,4.46,3.605,1.0,1.0,6.104999999999998,0.025,0.14500000000000002
30,CrossEntropyLoss,APS,0.030000000000000027,0.965,3.88,3.115,1.0,1.0,5.448333333333332,0.035,0.235
30,CrossEntropyLoss,APS,0.050000000000000044,0.96,3.325,2.43,1.125,2.0,4.229999999999999,0.045,0.10499999999999998
30,CrossEntropyLoss,APS,0.07999999999999996,0.935,3.055,2.085,1.1538461538461537,2.0,3.9600000000000013,0.075,0.030000000000000027
30,CrossEntropyLoss,APS,0.09999999999999998,0.92,2.945,1.965,1.125,2.0,3.765,0.09,0.020000000000000018
30,CrossEntropyLoss,APS,0.13,0.885,2.675,1.685,1.0869565217391304,2.0,3.6080769230769225,0.125,0.010000000000000009
30,CrossEntropyLoss,APS,0.15000000000000002,0.85,2.295,1.295,1.1,2.0,3.495,0.165,0.0
30,CrossEntropyLoss,APS,0.18000000000000005,0.84,2.22,1.22,1.125,2.0,3.219999999999999,0.18,0.0
30,CrossEntropyLoss,APS,0.19999999999999996,0.825,2.125,1.125,1.1142857142857143,2.0,3.075,0.195,0.0
30,CrossEntropyLoss,LAC,0.010000000000000009,0.98,4.88,3.88,1.0,1.0,7.879999999999996,0.02,0.0
30,CrossEntropyLoss,LAC,0.020000000000000018,0.965,4.785,3.795,1.0,1.0,7.294999999999996,0.035,0.010000000000000009
30,CrossEntropyLoss,LAC,0.030000000000000027,0.96,4.205,3.305,1.0,1.0,5.971666666666665,0.04,0.09999999999999998
30,CrossEntropyLoss,LAC,0.050000000000000044,0.96,3.495,2.55,1.0,1.0,4.149999999999999,0.04,0.05500000000000005
30,CrossEntropyLoss,LAC,0.07999999999999996,0.935,2.735,1.735,1.1538461538461537,2.0,3.610000000000001,0.075,0.0
30,CrossEntropyLoss,LAC,0.09999999999999998,0.91,2.66,1.66,1.1111111111111112,2.0,3.66,0.1,0.0
30,CrossEntropyLoss,LAC,0.13,0.885,2.415,1.415,1.0869565217391304,2.0,3.3380769230769225,0.125,0.0
30,CrossEntropyLoss,LAC,0.15000000000000002,0.865,2.27,1.27,1.0740740740740742,2.0,3.203333333333333,0.145,0.0
30,CrossEntropyLoss,LAC,0.18000000000000005,0.835,2.11,1.11,1.0606060606060606,2.0,3.0544444444444436,0.175,0.0
30,CrossEntropyLoss,LAC,0.19999999999999996,0.815,2.03,1.03,1.054054054054054,2.0,2.98,0.195,0.0
31,CrossEntropyLoss,min-CPS,0.010000000000000009,0.99,4.92,3.92,1.0,1.0,5.919999999999998,0.01,0.0
31,CrossEntropyLoss,min-CPS,0.020000000000000018,0.98,4.715,3.715,1.0,1.0,5.714999999999998,0.02,0.0
31,CrossEntropyLoss,min-CPS,0.030000000000000027,0.97,4.085,3.085,1.0,1.0,5.084999999999999,0.03,0.0
31,CrossEntropyLoss,min-CPS,0.050000000000000044,0.955,3.575,2.575,1.2222222222222223,2.0,4.774999999999999,0.055,0.0
31,CrossEntropyLoss,min-CPS,0.07999999999999996,0.9,2.82,1.82,1.1,2.0,4.570000000000002,0.11,0.0
31,CrossEntropyLoss,min-CPS,0.09999999999999998,0.85,2.705,1.705,1.0666666666666667,2.0,4.905,0.16,0.0
31,CrossEntropyLoss,min-CPS,0.13,0.815,2.69,1.69,1.054054054054054,2.0,4.69,0.195,0.0
31,CrossEntropyLoss,min-CPS,0.15000000000000002,0.815,2.66,1.66,1.054054054054054,2.0,4.26,0.195,0.0
31,CrossEntropyLoss,min-CPS,0.18000000000000005,0.78,2.565,1.565,1.0454545454545454,2.0,4.120555555555555,0.23,0.0
31,CrossEntropyLoss,min-CPS,0.19999999999999996,0.765,2.53,1.53,1.0425531914893618,2.0,3.98,0.245,0.0
31,CrossEntropyLoss,RPS,0.010000000000000009,0.97,3.655,2.655,1.0,1.0,8.654999999999996,0.03,0.0
31,CrossEntropyLoss,RPS,0.020000000000000018,0.965,3.56,2.56,1.0,1.0,6.059999999999998,0.035,0.0
31,CrossEntropyLoss,RPS,0.030000000000000027,0.96,3.435,2.435,1.0,1.0,5.101666666666665,0.04,0.0
31,CrossEntropyLoss,RPS,0.050000000000000044,0.935,3.13,2.13,1.0,1.0,4.729999999999998,0.065,0.0
31,CrossEntropyLoss,RPS,0.07999999999999996,0.905,2.965,1.965,1.0,1.0,4.340000000000001,0.095,0.0
31,CrossEntropyLoss,RPS,0.09999999999999998,0.905,2.895,1.895,1.0,1.0,3.795,0.095,0.0
31,CrossEntropyLoss,RPS,0.13,0.875,2.705,1.705,1.0,1.0,3.6280769230769234,0.125,0.0
31,CrossEntropyLoss,RPS,0.15000000000000002,0.82,2.205,1.205,1.0555555555555556,2.0,3.7383333333333333,0.19,0.0
31,CrossEntropyLoss,RPS,0.18000000000000005,0.765,1.895,0.895,1.0425531914893618,2.0,3.617222222222222,0.245,0.0
31,CrossEntropyLoss,RPS,0.19999999999999996,0.765,1.88,0.88,1.0425531914893618,2.0,3.33,0.245,0.0
31,CrossEntropyLoss,OCDF,0.010000000000000009,0.96,4.65,3.65,1.0,1.0,11.649999999999993,0.04,0.0
31,CrossEntropyLoss,OCDF,0.020000000000000018,0.96,3.935,2.935,1.25,2.0,7.934999999999995,0.05,0.0
31,CrossEntropyLoss,OCDF,0.030000000000000027,0.945,3.815,2.815,1.1818181818181819,2.0,7.14833333333333,0.065,0.0
31,CrossEntropyLoss,OCDF,0.050000000000000044,0.91,3.695,2.695,1.1666666666666667,2.0,6.894999999999997,0.105,0.0
31,CrossEntropyLoss,OCDF,0.07999999999999996,0.87,3.42,2.42,1.1153846153846154,2.0,6.045000000000003,0.145,0.0
31,CrossEntropyLoss,OCDF,0.09999999999999998,0.87,3.385,2.385,1.1153846153846154,2.0,5.285,0.145,0.0
31,CrossEntropyLoss,OCDF,0.13,0.85,3.34,2.34,1.1333333333333333,2.0,4.955384615384616,0.17,0.0
31,CrossEntropyLoss,OCDF,0.15000000000000002,0.83,3.24,2.24,1.1176470588235294,2.0,4.773333333333333,0.19,0.0
31,CrossEntropyLoss,OCDF,0.18000000000000005,0.82,3.19,2.19,1.2222222222222223,2.0,4.634444444444443,0.22,0.0
31,CrossEntropyLoss,OCDF,0.19999999999999996,0.815,3.15,2.15,1.2162162162162162,2.0,4.4,0.225,0.0
31,CrossEntropyLoss,APS,0.010000000000000009,0.985,4.755,3.815,1.0,1.0,6.814999999999998,0.015,0.06000000000000005
31,CrossEntropyLoss,APS,0.020000000000000018,0.96,4.04,3.235,1.0,1.0,7.234999999999997,0.04,0.19499999999999995
31,CrossEntropyLoss,APS,0.030000000000000027,0.96,3.775,2.945,1.0,1.0,5.6116666666666655,0.04,0.17000000000000004
31,CrossEntropyLoss,APS,0.050000000000000044,0.955,3.46,2.57,1.0,1.0,4.369999999999999,0.045,0.10999999999999999
31,CrossEntropyLoss,APS,0.07999999999999996,0.91,2.885,1.89,1.1111111111111112,2.0,4.3900000000000015,0.1,0.0050000000000000044
31,CrossEntropyLoss,APS,0.09999999999999998,0.885,2.705,1.71,1.1304347826086956,2.0,4.31,0.13,0.0050000000000000044
31,CrossEntropyLoss,APS,0.13,0.885,2.645,1.65,1.1304347826086956,2.0,3.65,0.13,0.0050000000000000044
31,CrossEntropyLoss,APS,0.15000000000000002,0.845,2.475,1.48,1.096774193548387,2.0,3.746666666666666,0.17,0.0050000000000000044
31,CrossEntropyLoss,APS,0.18000000000000005,0.84,2.37,1.375,1.125,2.0,3.3749999999999996,0.18,0.0050000000000000044
31,CrossEntropyLoss,APS,0.19999999999999996,0.81,2.215,1.22,1.131578947368421,2.0,3.37,0.215,0.0050000000000000044
31,CrossEntropyLoss,LAC,0.010000000000000009,0.985,4.905,3.905,1.0,1.0,6.904999999999998,0.015,0.0
31,CrossEntropyLoss,LAC,0.020000000000000018,0.975,4.845,3.86,1.0,1.0,6.359999999999998,0.025,0.015000000000000013
31,CrossEntropyLoss,LAC,0.030000000000000027,0.965,4.445,3.54,1.0,1.0,5.873333333333332,0.035,0.09499999999999997
31,CrossEntropyLoss,LAC,0.050000000000000044,0.96,3.56,2.605,1.0,1.0,4.204999999999999,0.04,0.04500000000000004
31,CrossEntropyLoss,LAC,0.07999999999999996,0.885,2.7,1.7,1.0869565217391304,2.0,4.825000000000002,0.125,0.0
31,CrossEntropyLoss,LAC,0.09999999999999998,0.85,2.425,1.425,1.0666666666666667,2.0,4.625000000000001,0.16,0.0
31,CrossEntropyLoss,LAC,0.13,0.825,2.24,1.24,1.0571428571428572,2.0,4.086153846153845,0.185,0.0
31,CrossEntropyLoss,LAC,0.15000000000000002,0.805,2.135,1.135,1.0512820512820513,2.0,3.868333333333333,0.205,0.0
31,CrossEntropyLoss,LAC,0.18000000000000005,0.77,2.005,1.005,1.0434782608695652,2.0,3.6716666666666664,0.24,0.0
31,CrossEntropyLoss,LAC,0.19999999999999996,0.765,1.94,0.94,1.0425531914893618,2.0,3.39,0.245,0.0
32,CrossEntropyLoss,min-CPS,0.010000000000000009,1.0,4.96,3.96,,0.0,3.96,0.0,0.0
32,CrossEntropyLoss,min-CPS,0.020000000000000018,0.975,4.475,3.475,1.0,1.0,5.974999999999998,0.025,0.0
32,CrossEntropyLoss,min-CPS,0.030000000000000027,0.97,4.075,3.075,1.0,1.0,5.074999999999999,0.03,0.0
32,CrossEntropyLoss,min-CPS,0.050000000000000044,0.95,3.395,2.395,1.1,2.0,4.594999999999998,0.055,0.0
32,CrossEntropyLoss,min-CPS,0.07999999999999996,0.915,2.915,1.915,1.0588235294117647,2.0,4.165000000000001,0.09,0.0
32,CrossEntropyLoss,min-CPS,0.09999999999999998,0.9,2.8,1.8,1.05,2.0,3.9,0.105,0.0
32,CrossEntropyLoss,min-CPS,0.13,0.885,2.66,1.66,1.0434782608695652,2.0,3.5061538461538464,0.12,0.0
32,CrossEntropyLoss,min-CPS,0.15000000000000002,0.855,2.655,1.655,1.0344827586206897,2.0,3.655,0.15,0.0
32,CrossEntropyLoss,min-CPS,0.18000000000000005,0.81,2.565,1.565,1.0263157894736843,2.0,3.7316666666666656,0.195,0.0
32,CrossEntropyLoss,min-CPS,0.19999999999999996,0.795,2.55,1.55,1.024390243902439,2.0,3.65,0.21,0.0
32,CrossEntropyLoss,RPS,0.010000000000000009,0.985,3.87,2.87,1.0,1.0,5.869999999999997,0.015,0.0
32,CrossEntropyLoss,RPS,0.020000000000000018,0.975,3.62,2.62,1.0,1.0,5.119999999999997,0.025,0.0
32,CrossEntropyLoss,RPS,0.030000000000000027,0.97,3.465,2.465,1.0,1.0,4.464999999999998,0.03,0.0
32,CrossEntropyLoss,RPS,0.050000000000000044,0.96,3.23,2.23,1.0,1.0,3.8299999999999987,0.04,0.0
32,CrossEntropyLoss,RPS,0.07999999999999996,0.925,2.98,1.98,1.0,1.0,3.8550000000000013,0.075,0.0
32,CrossEntropyLoss,RPS,0.09999999999999998,0.9,2.79,1.79,1.0,1.0,3.79,0.1,0.0
32,CrossEntropyLoss,RPS,0.13,0.875,2.7,1.7,1.0,1.0,3.623076923076923,0.125,0.0
32,CrossEntropyLoss,RPS,0.15000000000000002,0.865,2.54,1.54,1.0,1.0,3.3399999999999994,0.135,0.0
32,CrossEntropyLoss,RPS,0.18000000000000005,0.825,2.175,1.175,1.0285714285714285,2.0,3.174999999999999,0.18,0.0
32,CrossEntropyLoss,RPS,0.19999999999999996,0.81,2.05,1.05,1.0263157894736843,2.0,3.0,0.195,0.0
32,CrossEntropyLoss,OCDF,0.010000000000000009,0.99,4.785,3.785,1.0,1.0,5.7849999999999975,0.01,0.0
32,CrossEntropyLoss,OCDF,0.020000000000000018,0.98,4.685,3.685,1.0,1.0,5.684999999999998,0.02,0.0
32,CrossEntropyLoss,OCDF,0.030000000000000027,0.98,4.61,3.61,1.0,1.0,4.9433333333333325,0.02,0.0
32,CrossEntropyLoss,OCDF,0.050000000000000044,0.97,3.805,2.805,1.3333333333333333,2.0,4.4049999999999985,0.04,0.0
32,CrossEntropyLoss,OCDF,0.07999999999999996,0.89,3.53,2.53,1.0909090909090908,2.0,5.530000000000001,0.12,0.0
32,CrossEntropyLoss,OCDF,0.09999999999999998,0.88,3.34,2.34,1.0833333333333333,2.0,4.94,0.13,0.0
32,CrossEntropyLoss,OCDF,0.13,0.88,3.335,2.335,1.0833333333333333,2.0,4.335,0.13,0.0
32,CrossEntropyLoss,OCDF,0.15000000000000002,0.865,3.29,2.29,1.1111111111111112,2.0,4.29,0.15,0.0
32,CrossEntropyLoss,OCDF,0.18000000000000005,0.82,3.15,2.15,1.1111111111111112,2.0,4.372222222222222,0.2,0.0
32,CrossEntropyLoss,OCDF,0.19999999999999996,0.82,3.12,2.12,1.1111111111111112,2.0,4.12,0.2,0.0
32,CrossEntropyLoss,APS,0.010000000000000009,0.985,4.555,3.645,1.0,1.0,6.644999999999998,0.015,0.08999999999999997
32,CrossEntropyLoss,APS,0.020000000000000018,0.97,4.05,3.215,1.0,1.0,6.214999999999998,0.03,0.16500000000000004
32,CrossEntropyLoss,APS,0.030000000000000027,0.965,3.83,2.98,1.0,1.0,5.313333333333332,0.035,0.15000000000000002
32,CrossEntropyLoss,APS,0.050000000000000044,0.965,3.545,2.66,1.0,1.0,4.059999999999999,0.035,0.11499999999999999
32,CrossEntropyLoss,APS,0.07999999999999996,0.925,3.03,2.05,1.0666666666666667,2.0,4.050000000000001,0.08,0.020000000000000018
32,CrossEntropyLoss,APS,0.09999999999999998,0.92,2.915,1.915,1.0625,2.0,3.615,0.085,0.0
32,CrossEntropyLoss,APS,0.13,0.905,2.77,1.77,1.0526315789473684,2.0,3.308461538461538,0.1,0.0
32,CrossEntropyLoss,APS,0.15000000000000002,0.87,2.465,1.465,1.0769230769230769,2.0,3.331666666666666,0.14,0.0
32,CrossEntropyLoss,APS,0.18000000000000005,0.855,2.305,1.305,1.0689655172413792,2.0,3.027222222222221,0.155,0.0
32,CrossEntropyLoss,APS,0.19999999999999996,0.81,2.1,1.1,1.0789473684210527,2.0,3.15,0.205,0.0
32,CrossEntropyLoss,LAC,0.010000000000000009,1.0,4.955,3.96,,0.0,3.96,0.0,0.0050000000000000044
32,CrossEntropyLoss,LAC,0.020000000000000018,0.975,4.805,3.83,1.0,1.0,6.329999999999997,0.025,0.025000000000000022
32,CrossEntropyLoss,LAC,0.030000000000000027,0.965,4.355,3.42,1.0,1.0,5.753333333333331,0.035,0.06499999999999995
32,CrossEntropyLoss,LAC,0.050000000000000044,0.95,3.445,2.485,1.0,1.0,4.4849999999999985,0.05,0.040000000000000036
32,CrossEntropyLoss,LAC,0.07999999999999996,0.905,2.745,1.745,1.0526315789473684,2.0,4.245000000000001,0.1,0.0
32,CrossEntropyLoss,LAC,0.09999999999999998,0.885,2.515,1.515,1.0434782608695652,2.0,3.915,0.12,0.0
32,CrossEntropyLoss,LAC,0.13,0.855,2.37,1.37,1.0344827586206897,2.0,3.677692307692307,0.15,0.0
32,CrossEntropyLoss,LAC,0.15000000000000002,0.835,2.225,1.225,1.0303030303030303,2.0,3.4916666666666663,0.17,0.0
32,CrossEntropyLoss,LAC,0.18000000000000005,0.82,2.06,1.06,1.0277777777777777,2.0,3.115555555555555,0.185,0.0
32,CrossEntropyLoss,LAC,0.19999999999999996,0.82,2.05,1.05,1.0277777777777777,2.0,2.9,0.185,0.0
33,CrossEntropyLoss,min-CPS,0.010000000000000009,0.995,4.94,3.94,1.0,1.0,4.939999999999999,0.005,0.0
33,CrossEntropyLoss,min-CPS,0.020000000000000018,0.965,4.205,3.205,1.0,1.0,6.704999999999997,0.035,0.0
33,CrossEntropyLoss,min-CPS,0.030000000000000027,0.94,3.5,2.5,1.0,1.0,6.499999999999997,0.06,0.0
33,CrossEntropyLoss,min-CPS,0.050000000000000044,0.94,3.295,2.295,1.0833333333333333,2.0,4.894999999999998,0.065,0.0
33,CrossEntropyLoss,min-CPS,0.07999999999999996,0.91,2.915,1.915,1.0555555555555556,2.0,4.290000000000001,0.095,0.0
33,CrossEntropyLoss,min-CPS,0.09999999999999998,0.87,2.66,1.66,1.0384615384615385,2.0,4.36,0.135,0.0
33,CrossEntropyLoss,min-CPS,0.13,0.84,2.66,1.66,1.03125,2.0,4.1984615384615385,0.165,0.0
33,CrossEntropyLoss,min-CPS,0.15000000000000002,0.83,2.595,1.595,1.0294117647058822,2.0,3.9283333333333332,0.175,0.0
33,CrossEntropyLoss,min-CPS,0.18000000000000005,0.805,2.53,1.53,1.0256410256410255,2.0,3.7522222222222217,0.2,0.0
33,CrossEntropyLoss,min-CPS,0.19999999999999996,0.79,2.515,1.515,1.0238095238095237,2.0,3.665,0.215,0.0
33,CrossEntropyLoss,RPS,0.010000000000000009,0.995,3.88,2.88,1.0,1.0,3.879999999999999,0.005,0.0
33,CrossEntropyLoss,RPS,0.020000000000000018,0.985,3.74,2.74,1.0,1.0,4.239999999999998,0.015,0.0
33,CrossEntropyLoss,RPS,0.030000000000000027,0.975,3.525,2.525,1.0,1.0,4.1916666666666655,0.025,0.0
33,CrossEntropyLoss,RPS,0.050000000000000044,0.94,3.14,2.14,1.0,1.0,4.539999999999998,0.06,0.0
33,CrossEntropyLoss,RPS,0.07999999999999996,0.89,2.9,1.9,1.0,1.0,4.650000000000002,0.11,0.0
33,CrossEntropyLoss,RPS,0.09999999999999998,0.86,2.715,1.715,1.0,1.0,4.515,0.14,0.0
33,CrossEntropyLoss,RPS,0.13,0.85,2.54,1.54,1.0,1.0,3.8476923076923075,0.15,0.0
33,CrossEntropyLoss,RPS,0.15000000000000002,0.82,2.19,1.19,1.0277777777777777,2.0,3.6566666666666663,0.185,0.0
33,CrossEntropyLoss,RPS,0.18000000000000005,0.81,2.145,1.145,1.0263157894736843,2.0,3.311666666666666,0.195,0.0
33,CrossEntropyLoss,RPS,0.19999999999999996,0.795,1.93,0.93,1.024390243902439,2.0,3.03,0.21,0.0
33,CrossEntropyLoss,OCDF,0.010000000000000009,0.97,4.625,3.625,1.0,1.0,9.624999999999995,0.03,0.0
33,CrossEntropyLoss,OCDF,0.020000000000000018,0.97,4.56,3.56,1.0,1.0,6.559999999999998,0.03,0.0
33,CrossEntropyLoss,OCDF,0.030000000000000027,0.97,3.905,2.905,1.1666666666666667,2.0,5.2383333333333315,0.035,0.0
33,CrossEntropyLoss,OCDF,0.050000000000000044,0.93,3.69,2.69,1.1428571428571428,2.0,5.889999999999998,0.08,0.0
33,CrossEntropyLoss,OCDF,0.07999999999999996,0.865,3.325,2.325,1.1481481481481481,2.0,6.200000000000002,0.155,0.0
33,CrossEntropyLoss,OCDF,0.09999999999999998,0.855,3.315,2.315,1.1379310344827587,2.0,5.615,0.165,0.0
33,CrossEntropyLoss,OCDF,0.13,0.8,3.165,2.165,1.125,2.0,5.626538461538462,0.225,0.0
33,CrossEntropyLoss,OCDF,0.15000000000000002,0.775,3.1,2.1,1.1555555555555554,2.0,5.566666666666666,0.26,0.0
33,CrossEntropyLoss,OCDF,0.18000000000000005,0.76,2.945,1.945,1.1458333333333333,2.0,5.000555555555554,0.275,0.0
33,CrossEntropyLoss,OCDF,0.19999999999999996,0.75,2.865,1.865,1.14,2.0,4.715,0.285,0.0
33,CrossEntropyLoss,APS,0.010000000000000009,0.995,4.6,3.66,1.0,1.0,4.659999999999999,0.005,0.06000000000000005
33,CrossEntropyLoss,APS,0.020000000000000018,0.96,3.775,2.915,1.0,1.0,6.9149999999999965,0.04,0.14
33,CrossEntropyLoss,APS,0.030000000000000027,0.95,3.52,2.655,1.0,1.0,5.9883333333333315,0.05,0.135
33,CrossEntropyLoss,APS,0.050000000000000044,0.945,3.22,2.285,1.0,1.0,4.4849999999999985,0.055,0.06499999999999995
33,CrossEntropyLoss,APS,0.07999999999999996,0.915,2.975,1.99,1.0,1.0,4.115000000000001,0.085,0.015000000000000013
33,CrossEntropyLoss,APS,0.09999999999999998,0.9,2.845,1.855,1.05,2.0,3.955,0.105,0.010000000000000009
33,CrossEntropyLoss,APS,0.13,0.845,2.485,1.485,1.032258064516129,2.0,3.946538461538461,0.16,0.0
33,CrossEntropyLoss,APS,0.15000000000000002,0.805,2.235,1.235,1.0512820512820513,2.0,3.9683333333333324,0.205,0.0
33,CrossEntropyLoss,APS,0.18000000000000005,0.77,2.11,1.11,1.065217391304348,2.0,3.8322222222222213,0.245,0.0
33,CrossEntropyLoss,APS,0.19999999999999996,0.75,1.975,0.975,1.06,2.0,3.625,0.265,0.0
33,CrossEntropyLoss,LAC,0.010000000000000009,0.995,4.925,3.925,1.0,1.0,4.924999999999999,0.005,0.0
33,CrossEntropyLoss,LAC,0.020000000000000018,0.965,4.69,3.715,1.0,1.0,7.214999999999996,0.035,0.025000000000000022
33,CrossEntropyLoss,LAC,0.030000000000000027,0.945,3.57,2.625,1.0,1.0,6.291666666666664,0.055,0.05500000000000005
33,CrossEntropyLoss,LAC,0.050000000000000044,0.92,2.87,1.87,1.0,1.0,5.069999999999997,0.08,0.0
33,CrossEntropyLoss,LAC,0.07999999999999996,0.885,2.68,1.68,1.0434782608695652,2.0,4.6800000000000015,0.12,0.0
33,CrossEntropyLoss,LAC,0.09999999999999998,0.86,2.44,1.44,1.0357142857142858,2.0,4.340000000000001,0.145,0.0
33,CrossEntropyLoss,LAC,0.13,0.825,2.19,1.19,1.0285714285714285,2.0,3.959230769230769,0.18,0.0
33,CrossEntropyLoss,LAC,0.15000000000000002,0.81,2.115,1.115,1.0263157894736843,2.0,3.715,0.195,0.0
33,CrossEntropyLoss,LAC,0.18000000000000005,0.8,2.015,1.015,1.025,2.0,3.2927777777777774,0.205,0.0
33,CrossEntropyLoss,LAC,0.19999999999999996,0.785,1.985,0.985,1.0232558139534884,2.0,3.185,0.22,0.0
34,CrossEntropyLoss,min-CPS,0.010000000000000009,0.99,4.93,3.93,1.0,1.0,5.929999999999998,0.01,0.0
34,CrossEntropyLoss,min-CPS,0.020000000000000018,0.99,4.89,3.89,1.0,1.0,4.889999999999999,0.01,0.0
34,CrossEntropyLoss,min-CPS,0.030000000000000027,0.985,4.465,3.465,1.0,1.0,4.465,0.015,0.0
34,CrossEntropyLoss,min-CPS,0.050000000000000044,0.93,3.07,2.07,1.0,1.0,4.869999999999997,0.07,0.0
34,CrossEntropyLoss,min-CPS,0.07999999999999996,0.9,2.805,1.805,1.0,1.0,4.3050000000000015,0.1,0.0
34,CrossEntropyLoss,min-CPS,0.09999999999999998,0.875,2.735,1.735,1.0,1.0,4.235,0.125,0.0
34,CrossEntropyLoss,min-CPS,0.13,0.87,2.67,1.67,1.0,1.0,3.67,0.13,0.0
34,CrossEntropyLoss,min-CPS,0.15000000000000002,0.86,2.67,1.67,1.0357142857142858,2.0,3.603333333333333,0.145,0.0
34,CrossEntropyLoss,min-CPS,0.18000000000000005,0.83,2.59,1.59,1.0294117647058822,2.0,3.5344444444444436,0.175,0.0
34,CrossEntropyLoss,min-CPS,0.19999999999999996,0.805,2.525,1.525,1.0256410256410255,2.0,3.525,0.2,0.0
34,CrossEntropyLoss,RPS,0.010000000000000009,1.0,4.63,3.63,,0.0,3.63,0.0,0.0
34,CrossEntropyLoss,RPS,0.020000000000000018,0.995,3.865,2.865,1.0,1.0,3.3649999999999993,0.005,0.0
34,CrossEntropyLoss,RPS,0.030000000000000027,0.985,3.65,2.65,1.0,1.0,3.6499999999999995,0.015,0.0
34,CrossEntropyLoss,RPS,0.050000000000000044,0.96,3.27,2.27,1.0,1.0,3.8699999999999988,0.04,0.0
34,CrossEntropyLoss,RPS,0.07999999999999996,0.935,3.005,2.005,1.0,1.0,3.6300000000000012,0.065,0.0
34,CrossEntropyLoss,RPS,0.09999999999999998,0.92,2.92,1.92,1.0,1.0,3.52,0.08,0.0
34,CrossEntropyLoss,RPS,0.13,0.875,2.65,1.65,1.0,1.0,3.5730769230769233,0.125,0.0
34,CrossEntropyLoss,RPS,0.15000000000000002,0.87,2.525,1.525,1.0,1.0,3.2583333333333333,0.13,0.0
34,CrossEntropyLoss,RPS,0.18000000000000005,0.81,2.11,1.11,1.0,1.0,3.22111111111111,0.19,0.0
34,CrossEntropyLoss,RPS,0.19999999999999996,0.805,1.99,0.99,1.0,1.0,2.94,0.195,0.0
34,CrossEntropyLoss,OCDF,0.010000000000000009,0.995,4.895,3.895,1.0,1.0,4.894999999999999,0.005,0.0
34,CrossEntropyLoss,OCDF,0.020000000000000018,0.975,4.645,3.645,1.0,1.0,6.144999999999998,0.025,0.0
34,CrossEntropyLoss,OCDF,0.030000000000000027,0.965,3.925,2.925,1.1428571428571428,2.0,5.591666666666665,0.04,0.0
34,CrossEntropyLoss,OCDF,0.050000000000000044,0.96,3.78,2.78,1.125,2.0,4.579999999999999,0.045,0.0
34,CrossEntropyLoss,OCDF,0.07999999999999996,0.945,3.685,2.685,1.0909090909090908,2.0,4.185000000000001,0.06,0.0
34,CrossEntropyLoss,OCDF,0.09999999999999998,0.91,3.545,2.545,1.0555555555555556,2.0,4.445,0.095,0.0
34,CrossEntropyLoss,OCDF,0.13,0.89,3.35,2.35,1.0454545454545454,2.0,4.119230769230769,0.115,0.0
34,CrossEntropyLoss,OCDF,0.15000000000000002,0.865,3.29,2.29,1.0740740740740742,2.0,4.223333333333333,0.145,0.0
34,CrossEntropyLoss,OCDF,0.18000000000000005,0.85,3.22,2.22,1.0666666666666667,2.0,3.997777777777777,0.16,0.0
34,CrossEntropyLoss,OCDF,0.19999999999999996,0.815,3.11,2.11,1.135135135135135,2.0,4.21,0.21,0.0
34,CrossEntropyLoss,APS,0.010000000000000009,1.0,4.905,3.95,,0.0,3.95,0.0,0.04500000000000004
34,CrossEntropyLoss,APS,0.020000000000000018,0.985,4.335,3.51,1.0,1.0,5.009999999999999,0.015,0.17500000000000004
34,CrossEntropyLoss,APS,0.030000000000000027,0.975,3.935,3.145,1.0,1.0,4.811666666666666,0.025,0.20999999999999996
34,CrossEntropyLoss,APS,0.050000000000000044,0.945,3.28,2.35,1.0,1.0,4.549999999999999,0.055,0.06999999999999995
34,CrossEntropyLoss,APS,0.07999999999999996,0.88,2.825,1.835,1.0,1.0,4.835000000000002,0.12,0.010000000000000009
34,CrossEntropyLoss,APS,0.09999999999999998,0.88,2.775,1.78,1.0,1.0,4.18,0.12,0.0050000000000000044
34,CrossEntropyLoss,APS,0.13,0.84,2.52,1.52,1.03125,2.0,4.058461538461539,0.165,0.0
34,CrossEntropyLoss,APS,0.15000000000000002,0.82,2.265,1.265,1.0277777777777777,2.0,3.7316666666666665,0.185,0.0
34,CrossEntropyLoss,APS,0.18000000000000005,0.805,2.195,1.195,1.0256410256410255,2.0,3.4172222222222217,0.2,0.0
34,CrossEntropyLoss,APS,0.19999999999999996,0.805,2.125,1.125,1.0512820512820513,2.0,3.175,0.205,0.0
34,CrossEntropyLoss,LAC,0.010000000000000009,0.99,4.91,3.915,1.0,1.0,5.914999999999997,0.01,0.0050000000000000044
34,CrossEntropyLoss,LAC,0.020000000000000018,0.985,4.85,3.86,1.0,1.0,5.359999999999998,0.015,0.010000000000000009
34,CrossEntropyLoss,LAC,0.030000000000000027,0.975,4.75,3.775,1.0,1.0,5.4416666666666655,0.025,0.025000000000000022
34,CrossEntropyLoss,LAC,0.050000000000000044,0.96,3.48,2.545,1.0,1.0,4.144999999999999,0.04,0.06499999999999995
34,CrossEntropyLoss,LAC,0.07999999999999996,0.905,2.72,1.72,1.0,1.0,4.0950000000000015,0.095,0.0
34,CrossEntropyLoss,LAC,0.09999999999999998,0.885,2.515,1.515,1.0,1.0,3.815,0.115,0.0
34,CrossEntropyLoss,LAC,0.13,0.855,2.355,1.355,1.0,1.0,3.585769230769231,0.145,0.0
34,CrossEntropyLoss,LAC,0.15000000000000002,0.835,2.195,1.195,1.0,1.0,3.395,0.165,0.0
34,CrossEntropyLoss,LAC,0.18000000000000005,0.81,2.015,1.015,1.0,1.0,3.1261111111111104,0.19,0.0
34,CrossEntropyLoss,LAC,0.19999999999999996,0.805,1.98,0.98,1.0256410256410255,2.0,2.98,0.2,0.0
35,CrossEntropyLoss,min-CPS,0.010000000000000009,0.98,4.905,3.905,1.0,1.0,7.904999999999997,0.02,0.0
35,CrossEntropyLoss,min-CPS,0.020000000000000018,0.98,4.685,3.685,1.0,1.0,5.684999999999998,0.02,0.0
35,CrossEntropyLoss,min-CPS,0.030000000000000027,0.97,4.12,3.12,1.0,1.0,5.119999999999999,0.03,0.0
35,CrossEntropyLoss,min-CPS,0.050000000000000044,0.96,3.585,2.585,1.0,1.0,4.184999999999999,0.04,0.0
35,CrossEntropyLoss,min-CPS,0.07999999999999996,0.955,3.125,2.125,1.2222222222222223,2.0,3.5000000000000013,0.055,0.0
35,CrossEntropyLoss,min-CPS,0.09999999999999998,0.95,3.1,2.1,1.2,2.0,3.3,0.06,0.0
35,CrossEntropyLoss,min-CPS,0.13,0.89,2.72,1.72,1.0909090909090908,2.0,3.566153846153846,0.12,0.0
35,CrossEntropyLoss,min-CPS,0.15000000000000002,0.86,2.72,1.72,1.0714285714285714,2.0,3.72,0.15,0.0
35,CrossEntropyLoss,min-CPS,0.18000000000000005,0.83,2.64,1.64,1.0588235294117647,2.0,3.6399999999999992,0.18,0.0
35,CrossEntropyLoss,min-CPS,0.19999999999999996,0.815,2.615,1.615,1.054054054054054,2.0,3.565,0.195,0.0
35,CrossEntropyLoss,RPS,0.010000000000000009,0.985,3.86,2.86,1.0,1.0,5.859999999999998,0.015,0.0
35,CrossEntropyLoss,RPS,0.020000000000000018,0.985,3.72,2.72,1.0,1.0,4.219999999999999,0.015,0.0
35,CrossEntropyLoss,RPS,0.030000000000000027,0.98,3.525,2.525,1.0,1.0,3.8583333333333325,0.02,0.0
35,CrossEntropyLoss,RPS,0.050000000000000044,0.96,3.215,2.215,1.0,1.0,3.814999999999999,0.04,0.0
35,CrossEntropyLoss,RPS,0.07999999999999996,0.935,3.01,2.01,1.0,1.0,3.635000000000001,0.065,0.0
35,CrossEntropyLoss,RPS,0.09999999999999998,0.92,2.93,1.93,1.0,1.0,3.53,0.08,0.0
35,CrossEntropyLoss,RPS,0.13,0.88,2.75,1.75,1.0,1.0,3.5961538461538463,0.12,0.0
35,CrossEntropyLoss,RPS,0.15000000000000002,0.875,2.61,1.61,1.0,1.0,3.2766666666666664,0.125,0.0
35,CrossEntropyLoss,RPS,0.18000000000000005,0.86,2.285,1.285,1.0714285714285714,2.0,2.951666666666666,0.15,0.0
35,CrossEntropyLoss,RPS,0.19999999999999996,0.78,1.885,0.885,1.0454545454545454,2.0,3.185,0.23,0.0
35,CrossEntropyLoss,OCDF,0.010000000000000009,0.995,4.9,3.9,1.0,1.0,4.899999999999999,0.005,0.0
35,CrossEntropyLoss,OCDF,0.020000000000000018,0.97,4.61,3.61,1.0,1.0,6.609999999999998,0.03,0.0
35,CrossEntropyLoss,OCDF,0.030000000000000027,0.97,3.94,2.94,1.1666666666666667,2.0,5.2733333333333325,0.035,0.0
35,CrossEntropyLoss,OCDF,0.050000000000000044,0.94,3.79,2.79,1.1666666666666667,2.0,5.589999999999998,0.07,0.0
35,CrossEntropyLoss,OCDF,0.07999999999999996,0.925,3.66,2.66,1.1333333333333333,2.0,4.785000000000002,0.085,0.0
35,CrossEntropyLoss,OCDF,0.09999999999999998,0.91,3.605,2.605,1.1111111111111112,2.0,4.605,0.1,0.0
35,CrossEntropyLoss,OCDF,0.13,0.895,3.45,2.45,1.0952380952380953,2.0,4.219230769230769,0.115,0.0
35,CrossEntropyLoss,OCDF,0.15000000000000002,0.84,3.315,2.315,1.09375,2.0,4.6483333333333325,0.175,0.0
35,CrossEntropyLoss,OCDF,0.18000000000000005,0.81,3.255,2.255,1.1578947368421053,2.0,4.699444444444444,0.22,0.0
35,CrossEntropyLoss,OCDF,0.19999999999999996,0.805,3.15,2.15,1.1538461538461537,2.0,4.4,0.225,0.0
35,CrossEntropyLoss,APS,0.010000000000000009,0.98,4.625,3.705,1.0,1.0,7.7049999999999965,0.02,0.07999999999999996
35,CrossEntropyLoss,APS,0.020000000000000018,0.965,3.9,3.04,1.0,1.0,6.539999999999997,0.035,0.14
35,CrossEntropyLoss,APS,0.030000000000000027,0.965,3.835,2.975,1.0,1.0,5.308333333333333,0.035,0.14
35,CrossEntropyLoss,APS,0.050000000000000044,0.965,3.595,2.7,1.0,1.0,4.099999999999999,0.035,0.10499999999999998
35,CrossEntropyLoss,APS,0.07999999999999996,0.945,3.165,2.205,1.0909090909090908,2.0,3.705000000000001,0.06,0.040000000000000036
35,CrossEntropyLoss,APS,0.09999999999999998,0.92,2.94,1.955,1.0625,2.0,3.655,0.085,0.015000000000000013
35,CrossEntropyLoss,APS,0.13,0.865,2.46,1.465,1.1111111111111112,2.0,3.7726923076923073,0.15,0.0050000000000000044
35,CrossEntropyLoss,APS,0.15000000000000002,0.835,2.33,1.33,1.0909090909090908,2.0,3.73,0.18,0.0
35,CrossEntropyLoss,APS,0.18000000000000005,0.815,2.185,1.185,1.0810810810810811,2.0,3.407222222222222,0.2,0.0
35,CrossEntropyLoss,APS,0.19999999999999996,0.81,2.11,1.11,1.0789473684210527,2.0,3.16,0.205,0.0
35,CrossEntropyLoss,LAC,0.010000000000000009,0.975,4.89,3.9,1.0,1.0,8.899999999999995,0.025,0.010000000000000009
35,CrossEntropyLoss,LAC,0.020000000000000018,0.97,4.78,3.8,1.0,1.0,6.799999999999998,0.03,0.020000000000000018
35,CrossEntropyLoss,LAC,0.030000000000000027,0.97,4.49,3.56,1.0,1.0,5.559999999999999,0.03,0.06999999999999995
35,CrossEntropyLoss,LAC,0.050000000000000044,0.965,3.645,2.695,1.0,1.0,4.094999999999999,0.035,0.050000000000000044
35,CrossEntropyLoss,LAC,0.07999999999999996,0.95,2.98,1.98,1.0,1.0,3.2300000000000013,0.05,0.0
35,CrossEntropyLoss,LAC,0.09999999999999998,0.925,2.815,1.815,1.1333333333333333,2.0,3.515,0.085,0.0
35,CrossEntropyLoss,LAC,0.13,0.92,2.6,1.6,1.125,2.0,2.9846153846153847,0.09,0.0
35,CrossEntropyLoss,LAC,0.15000000000000002,0.885,2.42,1.42,1.0869565217391304,2.0,3.0866666666666664,0.125,0.0
35,CrossEntropyLoss,LAC,0.18000000000000005,0.805,2.05,1.05,1.0512820512820513,2.0,3.327777777777777,0.205,0.0
35,CrossEntropyLoss,LAC,0.19999999999999996,0.78,1.985,0.985,1.0454545454545454,2.0,3.285,0.23,0.0
36,CrossEntropyLoss,min-CPS,0.010000000000000009,0.99,4.91,3.91,1.0,1.0,5.9099999999999975,0.01,0.0
36,CrossEntropyLoss,min-CPS,0.020000000000000018,0.99,4.895,3.895,1.0,1.0,4.894999999999999,0.01,0.0
36,CrossEntropyLoss,min-CPS,0.030000000000000027,0.985,4.48,3.48,1.0,1.0,4.4799999999999995,0.015,0.0
36,CrossEntropyLoss,min-CPS,0.050000000000000044,0.945,3.335,2.335,1.0909090909090908,2.0,4.7349999999999985,0.06,0.0
36,CrossEntropyLoss,min-CPS,0.07999999999999996,0.94,3.075,2.075,1.0833333333333333,2.0,3.700000000000001,0.065,0.0
36,CrossEntropyLoss,min-CPS,0.09999999999999998,0.935,2.935,1.935,1.0769230769230769,2.0,3.335,0.07,0.0
36,CrossEntropyLoss,min-CPS,0.13,0.925,2.78,1.78,1.0666666666666667,2.0,3.010769230769231,0.08,0.0
36,CrossEntropyLoss,min-CPS,0.15000000000000002,0.905,2.685,1.685,1.0526315789473684,2.0,3.018333333333333,0.1,0.0
36,CrossEntropyLoss,min-CPS,0.18000000000000005,0.87,2.67,1.67,1.0769230769230769,2.0,3.2255555555555553,0.14,0.0
36,CrossEntropyLoss,min-CPS,0.19999999999999996,0.865,2.63,1.63,1.0740740740740742,2.0,3.08,0.145,0.0
36,CrossEntropyLoss,RPS,0.010000000000000009,0.995,3.89,2.89,1.0,1.0,3.889999999999999,0.005,0.0
36,CrossEntropyLoss,RPS,0.020000000000000018,0.995,3.885,2.885,1.0,1.0,3.3849999999999993,0.005,0.0
36,CrossEntropyLoss,RPS,0.030000000000000027,0.985,3.675,2.675,1.0,1.0,3.6749999999999994,0.015,0.0
36,CrossEntropyLoss,RPS,0.050000000000000044,0.975,3.435,2.435,1.0,1.0,3.4349999999999996,0.025,0.0
36,CrossEntropyLoss,RPS,0.07999999999999996,0.95,3.04,2.04,1.0,1.0,3.2900000000000005,0.05,0.0
36,CrossEntropyLoss,RPS,0.09999999999999998,0.925,2.97,1.97,1.0,1.0,3.47,0.075,0.0
36,CrossEntropyLoss,RPS,0.13,0.88,2.67,1.67,1.0,1.0,3.5161538461538466,0.12,0.0
36,CrossEntropyLoss,RPS,0.15000000000000002,0.87,2.535,1.535,1.0,1.0,3.268333333333333,0.13,0.0
36,CrossEntropyLoss,RPS,0.18000000000000005,0.86,2.245,1.245,1.0357142857142858,2.0,2.856111111111111,0.145,0.0
36,CrossEntropyLoss,RPS,0.19999999999999996,0.855,2.205,1.205,1.0344827586206897,2.0,2.705,0.15,0.0
36,CrossEntropyLoss,OCDF,0.010000000000000009,0.995,4.905,3.905,1.0,1.0,4.9049999999999985,0.005,0.0
36,CrossEntropyLoss,OCDF,0.020000000000000018,0.995,4.715,3.715,1.0,1.0,4.215,0.005,0.0
36,CrossEntropyLoss,OCDF,0.030000000000000027,0.985,4.67,3.67,1.0,1.0,4.669999999999999,0.015,0.0
36,CrossEntropyLoss,OCDF,0.050000000000000044,0.975,3.84,2.84,1.0,1.0,3.8399999999999994,0.025,0.0
36,CrossEntropyLoss,OCDF,0.07999999999999996,0.945,3.715,2.715,1.0,1.0,4.090000000000001,0.055,0.0
36,CrossEntropyLoss,OCDF,0.09999999999999998,0.945,3.645,2.645,1.0,1.0,3.745,0.055,0.0
36,CrossEntropyLoss,OCDF,0.13,0.9,3.365,2.365,1.05,2.0,3.9803846153846156,0.105,0.0
36,CrossEntropyLoss,OCDF,0.15000000000000002,0.87,3.315,2.315,1.0384615384615385,2.0,4.115,0.135,0.0
36,CrossEntropyLoss,OCDF,0.18000000000000005,0.825,3.18,2.18,1.0857142857142856,2.0,4.29111111111111,0.19,0.0
36,CrossEntropyLoss,OCDF,0.19999999999999996,0.825,3.18,2.18,1.0857142857142856,2.0,4.08,0.19,0.0
36,CrossEntropyLoss,APS,0.010000000000000009,0.985,4.83,3.845,1.0,1.0,6.844999999999998,0.015,0.015000000000000013
36,CrossEntropyLoss,APS,0.020000000000000018,0.985,4.655,3.72,1.0,1.0,5.219999999999998,0.015,0.06499999999999995
36,CrossEntropyLoss,APS,0.030000000000000027,0.985,3.98,3.19,1.0,1.0,4.1899999999999995,0.015,0.20999999999999996
36,CrossEntropyLoss,APS,0.050000000000000044,0.97,3.725,2.915,1.0,1.0,4.114999999999998,0.03,0.18999999999999995
36,CrossEntropyLoss,APS,0.07999999999999996,0.95,3.14,2.185,1.1,2.0,3.5600000000000005,0.055,0.04500000000000004
36,CrossEntropyLoss,APS,0.09999999999999998,0.925,2.94,1.955,1.0666666666666667,2.0,3.555,0.08,0.015000000000000013
36,CrossEntropyLoss,APS,0.13,0.905,2.715,1.72,1.0526315789473684,2.0,3.2584615384615385,0.1,0.0050000000000000044
36,CrossEntropyLoss,APS,0.15000000000000002,0.905,2.665,1.67,1.0526315789473684,2.0,3.003333333333333,0.1,0.0050000000000000044
36,CrossEntropyLoss,APS,0.18000000000000005,0.89,2.425,1.43,1.0454545454545454,2.0,2.707777777777777,0.115,0.0050000000000000044
36,CrossEntropyLoss,APS,0.19999999999999996,0.885,2.37,1.375,1.0434782608695652,2.0,2.575,0.12,0.0050000000000000044
36,CrossEntropyLoss,LAC,0.010000000000000009,0.985,4.88,3.885,1.0,1.0,6.884999999999998,0.015,0.0050000000000000044
36,CrossEntropyLoss,LAC,0.020000000000000018,0.985,4.86,3.875,1.0,1.0,5.374999999999997,0.015,0.015000000000000013
36,CrossEntropyLoss,LAC,0.030000000000000027,0.985,4.835,3.86,1.0,1.0,4.859999999999999,0.015,0.025000000000000022
36,CrossEntropyLoss,LAC,0.050000000000000044,0.96,3.5,2.545,1.0,1.0,4.144999999999999,0.04,0.04500000000000004
36,CrossEntropyLoss,LAC,0.07999999999999996,0.94,2.775,1.775,1.0833333333333333,2.0,3.4000000000000012,0.065,0.0
36,CrossEntropyLoss,LAC,0.09999999999999998,0.925,2.735,1.735,1.0666666666666667,2.0,3.335,0.08,0.0
36,CrossEntropyLoss,LAC,0.13,0.92,2.525,1.525,1.0625,2.0,2.832692307692308,0.085,0.0
36,CrossEntropyLoss,LAC,0.15000000000000002,0.905,2.425,1.425,1.0526315789473684,2.0,2.7583333333333333,0.1,0.0
36,CrossEntropyLoss,LAC,0.18000000000000005,0.875,2.265,1.265,1.04,2.0,2.7094444444444434,0.13,0.0
36,CrossEntropyLoss,LAC,0.19999999999999996,0.865,2.195,1.195,1.037037037037037,2.0,2.595,0.14,0.0
37,CrossEntropyLoss,min-CPS,0.010000000000000009,0.99,4.935,3.935,1.0,1.0,5.934999999999998,0.01,0.0
37,CrossEntropyLoss,min-CPS,0.020000000000000018,0.975,4.485,3.485,1.0,1.0,5.984999999999998,0.025,0.0
37,CrossEntropyLoss,min-CPS,0.030000000000000027,0.965,4.1,3.1,1.0,1.0,5.433333333333333,0.035,0.0
37,CrossEntropyLoss,min-CPS,0.050000000000000044,0.955,3.6,2.6,1.1111111111111112,2.0,4.599999999999998,0.05,0.0
37,CrossEntropyLoss,min-CPS,0.07999999999999996,0.945,3.07,2.07,1.0909090909090908,2.0,3.570000000000001,0.06,0.0
37,CrossEntropyLoss,min-CPS,0.09999999999999998,0.9,2.815,1.815,1.05,2.0,3.915,0.105,0.0
37,CrossEntropyLoss,min-CPS,0.13,0.88,2.71,1.71,1.0416666666666667,2.0,3.6330769230769224,0.125,0.0
37,CrossEntropyLoss,min-CPS,0.15000000000000002,0.855,2.7,1.7,1.0689655172413792,2.0,3.766666666666666,0.155,0.0
37,CrossEntropyLoss,min-CPS,0.18000000000000005,0.81,2.6,1.6,1.0526315789473684,2.0,3.8222222222222215,0.2,0.0
37,CrossEntropyLoss,min-CPS,0.19999999999999996,0.8,2.58,1.58,1.05,2.0,3.68,0.21,0.0
37,CrossEntropyLoss,RPS,0.010000000000000009,0.985,3.87,2.87,1.0,1.0,5.869999999999997,0.015,0.0
37,CrossEntropyLoss,RPS,0.020000000000000018,0.97,3.55,2.55,1.0,1.0,5.549999999999998,0.03,0.0
37,CrossEntropyLoss,RPS,0.030000000000000027,0.945,3.4,2.4,1.0,1.0,6.066666666666663,0.055,0.0
37,CrossEntropyLoss,RPS,0.050000000000000044,0.925,3.08,2.08,1.0,1.0,5.079999999999997,0.075,0.0
37,CrossEntropyLoss,RPS,0.07999999999999996,0.895,2.905,1.905,1.0,1.0,4.530000000000002,0.105,0.0
37,CrossEntropyLoss,RPS,0.09999999999999998,0.89,2.82,1.82,1.0,1.0,4.02,0.11,0.0
37,CrossEntropyLoss,RPS,0.13,0.875,2.695,1.695,1.0,1.0,3.618076923076923,0.125,0.0
37,CrossEntropyLoss,RPS,0.15000000000000002,0.875,2.595,1.595,1.0,1.0,3.2616666666666663,0.125,0.0
37,CrossEntropyLoss,RPS,0.18000000000000005,0.83,2.19,1.19,1.0294117647058822,2.0,3.1344444444444433,0.175,0.0
37,CrossEntropyLoss,RPS,0.19999999999999996,0.805,2.02,1.02,1.0256410256410255,2.0,3.02,0.2,0.0
37,CrossEntropyLoss,OCDF,0.010000000000000009,0.965,4.7,3.7,1.0,1.0,10.699999999999994,0.035,0.0
37,CrossEntropyLoss,OCDF,0.020000000000000018,0.955,3.885,2.885,1.2222222222222223,2.0,8.384999999999996,0.055,0.0
37,CrossEntropyLoss,OCDF,0.030000000000000027,0.955,3.82,2.82,1.2222222222222223,2.0,6.486666666666664,0.055,0.0
37,CrossEntropyLoss,OCDF,0.050000000000000044,0.92,3.72,2.72,1.1875,2.0,6.519999999999997,0.095,0.0
37,CrossEntropyLoss,OCDF,0.07999999999999996,0.895,3.56,2.56,1.1428571428571428,2.0,5.560000000000002,0.12,0.0
37,CrossEntropyLoss,OCDF,0.09999999999999998,0.89,3.44,2.44,1.1363636363636365,2.0,4.94,0.125,0.0
37,CrossEntropyLoss,OCDF,0.13,0.885,3.41,2.41,1.1304347826086956,2.0,4.41,0.13,0.0
37,CrossEntropyLoss,OCDF,0.15000000000000002,0.865,3.365,2.365,1.1481481481481481,2.0,4.431666666666667,0.155,0.0
37,CrossEntropyLoss,OCDF,0.18000000000000005,0.85,3.26,2.26,1.1333333333333333,2.0,4.148888888888888,0.17,0.0
37,CrossEntropyLoss,OCDF,0.19999999999999996,0.815,3.145,2.145,1.1891891891891893,2.0,4.345,0.22,0.0
37,CrossEntropyLoss,APS,0.010000000000000009,0.99,4.69,3.75,1.0,1.0,5.749999999999997,0.01,0.06000000000000005
37,CrossEntropyLoss,APS,0.020000000000000018,0.965,3.95,3.15,1.0,1.0,6.649999999999997,0.035,0.19999999999999996
37,CrossEntropyLoss,APS,0.030000000000000027,0.955,3.735,2.9,1.0,1.0,5.899999999999998,0.045,0.16500000000000004
37,CrossEntropyLoss,APS,0.050000000000000044,0.945,3.2,2.245,1.0909090909090908,2.0,4.644999999999999,0.06,0.04500000000000004
37,CrossEntropyLoss,APS,0.07999999999999996,0.935,3.03,2.035,1.0769230769230769,2.0,3.785000000000001,0.07,0.0050000000000000044
37,CrossEntropyLoss,APS,0.09999999999999998,0.905,2.87,1.87,1.0526315789473684,2.0,3.87,0.1,0.0
37,CrossEntropyLoss,APS,0.13,0.845,2.545,1.545,1.032258064516129,2.0,4.006538461538462,0.16,0.0
37,CrossEntropyLoss,APS,0.15000000000000002,0.84,2.455,1.455,1.03125,2.0,3.655,0.165,0.0
37,CrossEntropyLoss,APS,0.18000000000000005,0.825,2.28,1.28,1.0285714285714285,2.0,3.2799999999999994,0.18,0.0
37,CrossEntropyLoss,APS,0.19999999999999996,0.81,2.19,1.19,1.0263157894736843,2.0,3.14,0.195,0.0
37,CrossEntropyLoss,LAC,0.010000000000000009,0.98,4.915,3.915,1.0,1.0,7.9149999999999965,0.02,0.0
37,CrossEntropyLoss,LAC,0.020000000000000018,0.965,4.785,3.795,1.0,1.0,7.294999999999996,0.035,0.010000000000000009
37,CrossEntropyLoss,LAC,0.030000000000000027,0.96,4.28,3.385,1.0,1.0,6.051666666666665,0.04,0.10499999999999998
37,CrossEntropyLoss,LAC,0.050000000000000044,0.96,3.57,2.645,1.0,1.0,4.244999999999999,0.04,0.07499999999999996
37,CrossEntropyLoss,LAC,0.07999999999999996,0.94,2.835,1.835,1.0833333333333333,2.0,3.4600000000000013,0.065,0.0
37,CrossEntropyLoss,LAC,0.09999999999999998,0.92,2.765,1.765,1.0625,2.0,3.465,0.085,0.0
37,CrossEntropyLoss,LAC,0.13,0.845,2.305,1.305,1.032258064516129,2.0,3.7665384615384614,0.16,0.0
37,CrossEntropyLoss,LAC,0.15000000000000002,0.84,2.275,1.275,1.03125,2.0,3.475,0.165,0.0
37,CrossEntropyLoss,LAC,0.18000000000000005,0.815,2.07,1.07,1.027027027027027,2.0,3.181111111111111,0.19,0.0
37,CrossEntropyLoss,LAC,0.19999999999999996,0.815,2.065,1.065,1.027027027027027,2.0,2.965,0.19,0.0
38,CrossEntropyLoss,min-CPS,0.010000000000000009,1.0,4.96,3.96,,0.0,3.96,0.0,0.0
38,CrossEntropyLoss,min-CPS,0.020000000000000018,0.98,4.65,3.65,1.0,1.0,5.649999999999998,0.02,0.0
38,CrossEntropyLoss,min-CPS,0.030000000000000027,0.97,4.08,3.08,1.0,1.0,5.079999999999999,0.03,0.0
38,CrossEntropyLoss,min-CPS,0.050000000000000044,0.925,3.07,2.07,1.0666666666666667,2.0,5.269999999999997,0.08,0.0
38,CrossEntropyLoss,min-CPS,0.07999999999999996,0.905,2.795,1.795,1.0526315789473684,2.0,4.295000000000001,0.1,0.0
38,CrossEntropyLoss,min-CPS,0.09999999999999998,0.9,2.79,1.79,1.05,2.0,3.89,0.105,0.0
38,CrossEntropyLoss,min-CPS,0.13,0.885,2.675,1.675,1.0434782608695652,2.0,3.5211538461538465,0.12,0.0
38,CrossEntropyLoss,min-CPS,0.15000000000000002,0.86,2.675,1.675,1.0357142857142858,2.0,3.608333333333333,0.145,0.0
38,CrossEntropyLoss,min-CPS,0.18000000000000005,0.855,2.61,1.61,1.0344827586206897,2.0,3.2766666666666664,0.15,0.0
38,CrossEntropyLoss,min-CPS,0.19999999999999996,0.83,2.55,1.55,1.0294117647058822,2.0,3.3,0.175,0.0
38,CrossEntropyLoss,RPS,0.010000000000000009,0.995,3.895,2.895,1.0,1.0,3.8949999999999987,0.005,0.0
38,CrossEntropyLoss,RPS,0.020000000000000018,0.985,3.76,2.76,1.0,1.0,4.259999999999999,0.015,0.0
38,CrossEntropyLoss,RPS,0.030000000000000027,0.975,3.555,2.555,1.0,1.0,4.221666666666666,0.025,0.0
38,CrossEntropyLoss,RPS,0.050000000000000044,0.935,3.105,2.105,1.0,1.0,4.704999999999997,0.065,0.0
38,CrossEntropyLoss,RPS,0.07999999999999996,0.905,2.97,1.97,1.0,1.0,4.3450000000000015,0.095,0.0
38,CrossEntropyLoss,RPS,0.09999999999999998,0.895,2.81,1.81,1.0,1.0,3.91,0.105,0.0
38,CrossEntropyLoss,RPS,0.13,0.875,2.71,1.71,1.0,1.0,3.6330769230769224,0.125,0.0
38,CrossEntropyLoss,RPS,0.15000000000000002,0.84,2.245,1.245,1.03125,2.0,3.445,0.165,0.0
38,CrossEntropyLoss,RPS,0.18000000000000005,0.825,2.16,1.16,1.0285714285714285,2.0,3.159999999999999,0.18,0.0
38,CrossEntropyLoss,RPS,0.19999999999999996,0.805,2.01,1.01,1.0256410256410255,2.0,3.01,0.2,0.0
38,CrossEntropyLoss,OCDF,0.010000000000000009,0.99,4.75,3.75,1.0,1.0,5.749999999999997,0.01,0.0
38,CrossEntropyLoss,OCDF,0.020000000000000018,0.975,4.62,3.62,1.0,1.0,6.119999999999997,0.025,0.0
38,CrossEntropyLoss,OCDF,0.030000000000000027,0.96,3.88,2.88,1.125,2.0,5.879999999999998,0.045,0.0
38,CrossEntropyLoss,OCDF,0.050000000000000044,0.92,3.715,2.715,1.0625,2.0,6.1149999999999975,0.085,0.0
38,CrossEntropyLoss,OCDF,0.07999999999999996,0.86,3.365,2.365,1.0714285714285714,2.0,6.115000000000002,0.15,0.0
38,CrossEntropyLoss,OCDF,0.09999999999999998,0.855,3.355,2.355,1.0689655172413792,2.0,5.455,0.155,0.0
38,CrossEntropyLoss,OCDF,0.13,0.8,3.215,2.215,1.05,2.0,5.445769230769231,0.21,0.0
38,CrossEntropyLoss,OCDF,0.15000000000000002,0.78,3.16,2.16,1.1136363636363635,2.0,5.426666666666666,0.245,0.0
38,CrossEntropyLoss,OCDF,0.18000000000000005,0.745,2.95,1.95,1.0980392156862746,2.0,5.06111111111111,0.28,0.0
38,CrossEntropyLoss,OCDF,0.19999999999999996,0.73,2.8,1.8,1.0925925925925926,2.0,4.75,0.295,0.0
38,CrossEntropyLoss,APS,0.010000000000000009,0.99,4.705,3.745,1.0,1.0,5.744999999999997,0.01,0.040000000000000036
38,CrossEntropyLoss,APS,0.020000000000000018,0.98,4.41,3.515,1.0,1.0,5.514999999999998,0.02,0.10499999999999998
38,CrossEntropyLoss,APS,0.030000000000000027,0.97,3.83,2.995,1.0,1.0,4.994999999999999,0.03,0.16500000000000004
38,CrossEntropyLoss,APS,0.050000000000000044,0.96,3.475,2.6,1.0,1.0,4.199999999999999,0.04,0.125
38,CrossEntropyLoss,APS,0.07999999999999996,0.91,2.94,1.975,1.0,1.0,4.225000000000001,0.09,0.03500000000000003
38,CrossEntropyLoss,APS,0.09999999999999998,0.865,2.635,1.645,1.037037037037037,2.0,4.445,0.14,0.010000000000000009
38,CrossEntropyLoss,APS,0.13,0.83,2.375,1.38,1.0294117647058822,2.0,4.0723076923076915,0.175,0.0050000000000000044
38,CrossEntropyLoss,APS,0.15000000000000002,0.825,2.335,1.34,1.0285714285714285,2.0,3.74,0.18,0.0050000000000000044
38,CrossEntropyLoss,APS,0.18000000000000005,0.8,2.2,1.2,1.075,2.0,3.588888888888888,0.215,0.0
38,CrossEntropyLoss,APS,0.19999999999999996,0.79,2.135,1.135,1.0714285714285714,2.0,3.385,0.225,0.0
38,CrossEntropyLoss,LAC,0.010000000000000009,1.0,4.955,3.96,,0.0,3.96,0.0,0.0050000000000000044
38,CrossEntropyLoss,LAC,0.020000000000000018,0.985,4.845,3.85,1.0,1.0,5.349999999999998,0.015,0.0050000000000000044
38,CrossEntropyLoss,LAC,0.030000000000000027,0.975,4.71,3.725,1.0,1.0,5.391666666666665,0.025,0.015000000000000013
38,CrossEntropyLoss,LAC,0.050000000000000044,0.945,3.415,2.465,1.0,1.0,4.664999999999998,0.055,0.050000000000000044
38,CrossEntropyLoss,LAC,0.07999999999999996,0.87,2.515,1.515,1.0384615384615385,2.0,4.890000000000002,0.135,0.0
38,CrossEntropyLoss,LAC,0.09999999999999998,0.86,2.445,1.445,1.0357142857142858,2.0,4.345,0.145,0.0
38,CrossEntropyLoss,LAC,0.13,0.855,2.345,1.345,1.0344827586206897,2.0,3.6526923076923072,0.15,0.0
38,CrossEntropyLoss,LAC,0.15000000000000002,0.84,2.23,1.23,1.03125,2.0,3.43,0.165,0.0
38,CrossEntropyLoss,LAC,0.18000000000000005,0.81,2.05,1.05,1.0263157894736843,2.0,3.2166666666666663,0.195,0.0
38,CrossEntropyLoss,LAC,0.19999999999999996,0.79,2.01,1.01,1.0238095238095237,2.0,3.16,0.215,0.0
39,CrossEntropyLoss,min-CPS,0.010000000000000009,0.98,4.91,3.91,1.0,1.0,7.909999999999997,0.02,0.0
39,CrossEntropyLoss,min-CPS,0.020000000000000018,0.97,4.18,3.18,1.0,1.0,6.179999999999998,0.03,0.0
39,CrossEntropyLoss,min-CPS,0.030000000000000027,0.97,4.1,3.1,1.0,1.0,5.099999999999999,0.03,0.0
39,CrossEntropyLoss,min-CPS,0.050000000000000044,0.945,3.38,2.38,1.0909090909090908,2.0,4.779999999999998,0.06,0.0
39,CrossEntropyLoss,min-CPS,0.07999999999999996,0.895,2.8,1.8,1.0476190476190477,2.0,4.550000000000001,0.11,0.0
39,CrossEntropyLoss,min-CPS,0.09999999999999998,0.87,2.665,1.665,1.0384615384615385,2.0,4.365,0.135,0.0
39,CrossEntropyLoss,min-CPS,0.13,0.855,2.665,1.665,1.0344827586206897,2.0,3.9726923076923075,0.15,0.0
39,CrossEntropyLoss,min-CPS,0.15000000000000002,0.84,2.66,1.66,1.03125,2.0,3.86,0.165,0.0
39,CrossEntropyLoss,min-CPS,0.18000000000000005,0.84,2.625,1.625,1.03125,2.0,3.4583333333333326,0.165,0.0
39,CrossEntropyLoss,min-CPS,0.19999999999999996,0.83,2.59,1.59,1.0294117647058822,2.0,3.34,0.175,0.0
39,CrossEntropyLoss,RPS,0.010000000000000009,0.995,3.915,2.915,1.0,1.0,3.9149999999999987,0.005,0.0
39,CrossEntropyLoss,RPS,0.020000000000000018,0.985,3.78,2.78,1.0,1.0,4.2799999999999985,0.015,0.0
39,CrossEntropyLoss,RPS,0.030000000000000027,0.98,3.575,2.575,1.0,1.0,3.9083333333333328,0.02,0.0
39,CrossEntropyLoss,RPS,0.050000000000000044,0.95,3.21,2.21,1.0,1.0,4.209999999999999,0.05,0.0
39,CrossEntropyLoss,RPS,0.07999999999999996,0.91,2.995,1.995,1.0,1.0,4.245000000000001,0.09,0.0
39,CrossEntropyLoss,RPS,0.09999999999999998,0.9,2.77,1.77,1.0,1.0,3.77,0.1,0.0
39,CrossEntropyLoss,RPS,0.13,0.86,2.56,1.56,1.0,1.0,3.713846153846154,0.14,0.0
39,CrossEntropyLoss,RPS,0.15000000000000002,0.845,2.345,1.345,1.032258064516129,2.0,3.478333333333333,0.16,0.0
39,CrossEntropyLoss,RPS,0.18000000000000005,0.805,2.135,1.135,1.0256410256410255,2.0,3.3572222222222217,0.2,0.0
39,CrossEntropyLoss,RPS,0.19999999999999996,0.795,1.915,0.915,1.024390243902439,2.0,3.015,0.21,0.0
39,CrossEntropyLoss,OCDF,0.010000000000000009,0.985,4.705,3.705,1.0,1.0,6.704999999999997,0.015,0.0
39,CrossEntropyLoss,OCDF,0.020000000000000018,0.98,4.68,3.68,1.0,1.0,5.679999999999998,0.02,0.0
39,CrossEntropyLoss,OCDF,0.030000000000000027,0.975,4.545,3.545,1.0,1.0,5.211666666666665,0.025,0.0
39,CrossEntropyLoss,OCDF,0.050000000000000044,0.965,3.835,2.835,1.1428571428571428,2.0,4.434999999999999,0.04,0.0
39,CrossEntropyLoss,OCDF,0.07999999999999996,0.94,3.705,2.705,1.1666666666666667,2.0,4.455000000000001,0.07,0.0
39,CrossEntropyLoss,OCDF,0.09999999999999998,0.915,3.59,2.59,1.1176470588235294,2.0,4.49,0.095,0.0
39,CrossEntropyLoss,OCDF,0.13,0.87,3.39,2.39,1.1153846153846154,2.0,4.6207692307692305,0.145,0.0
39,CrossEntropyLoss,OCDF,0.15000000000000002,0.85,3.32,2.32,1.1,2.0,4.52,0.165,0.0
39,CrossEntropyLoss,OCDF,0.18000000000000005,0.825,3.225,2.225,1.1142857142857143,2.0,4.391666666666667,0.195,0.0
39,CrossEntropyLoss,OCDF,0.19999999999999996,0.825,3.225,2.225,1.1142857142857143,2.0,4.175,0.195,0.0
39,CrossEntropyLoss,APS,0.010000000000000009,0.99,4.765,3.815,1.0,1.0,5.814999999999998,0.01,0.050000000000000044
39,CrossEntropyLoss,APS,0.020000000000000018,0.965,3.84,3.045,1.0,1.0,6.544999999999998,0.035,0.20499999999999996
39,CrossEntropyLoss,APS,0.030000000000000027,0.96,3.7,2.89,1.0,1.0,5.556666666666665,0.04,0.18999999999999995
39,CrossEntropyLoss,APS,0.050000000000000044,0.94,3.345,2.455,1.0,1.0,4.854999999999999,0.06,0.10999999999999999
39,CrossEntropyLoss,APS,0.07999999999999996,0.89,2.85,1.87,1.0454545454545454,2.0,4.745000000000001,0.115,0.020000000000000018
39,CrossEntropyLoss,APS,0.09999999999999998,0.86,2.695,1.705,1.0357142857142858,2.0,4.605,0.145,0.010000000000000009
39,CrossEntropyLoss,APS,0.13,0.845,2.5,1.51,1.064516129032258,2.0,4.048461538461538,0.165,0.010000000000000009
39,CrossEntropyLoss,APS,0.15000000000000002,0.84,2.37,1.38,1.0625,2.0,3.6466666666666665,0.17,0.010000000000000009
39,CrossEntropyLoss,APS,0.18000000000000005,0.82,2.165,1.175,1.0555555555555556,2.0,3.286111111111111,0.19,0.010000000000000009
39,CrossEntropyLoss,APS,0.19999999999999996,0.795,2.08,1.085,1.048780487804878,2.0,3.235,0.215,0.0050000000000000044
39,CrossEntropyLoss,LAC,0.010000000000000009,0.995,4.94,3.945,1.0,1.0,4.9449999999999985,0.005,0.0050000000000000044
39,CrossEntropyLoss,LAC,0.020000000000000018,0.975,4.86,3.875,1.0,1.0,6.374999999999997,0.025,0.015000000000000013
39,CrossEntropyLoss,LAC,0.030000000000000027,0.97,4.48,3.545,1.0,1.0,5.544999999999999,0.03,0.06499999999999995
39,CrossEntropyLoss,LAC,0.050000000000000044,0.93,2.975,2.01,1.0,1.0,4.809999999999998,0.07,0.03500000000000003
39,CrossEntropyLoss,LAC,0.07999999999999996,0.915,2.745,1.745,1.0588235294117647,2.0,3.995000000000001,0.09,0.0
39,CrossEntropyLoss,LAC,0.09999999999999998,0.885,2.51,1.51,1.0434782608695652,2.0,3.91,0.12,0.0
39,CrossEntropyLoss,LAC,0.13,0.835,2.25,1.25,1.0303030303030303,2.0,3.8653846153846154,0.17,0.0
39,CrossEntropyLoss,LAC,0.15000000000000002,0.835,2.24,1.24,1.0303030303030303,2.0,3.5066666666666664,0.17,0.0
39,CrossEntropyLoss,LAC,0.18000000000000005,0.805,2.085,1.085,1.0256410256410255,2.0,3.307222222222222,0.2,0.0
39,CrossEntropyLoss,LAC,0.19999999999999996,0.79,2.035,1.035,1.0238095238095237,2.0,3.185,0.215,0.0
40,CrossEntropyLoss,min-CPS,0.010000000000000009,0.99,4.915,3.915,1.0,1.0,5.914999999999997,0.01,0.0
40,CrossEntropyLoss,min-CPS,0.020000000000000018,0.99,4.91,3.91,1.0,1.0,4.909999999999999,0.01,0.0
40,CrossEntropyLoss,min-CPS,0.030000000000000027,0.98,4.215,3.215,1.0,1.0,4.548333333333333,0.02,0.0
40,CrossEntropyLoss,min-CPS,0.050000000000000044,0.945,3.365,2.365,1.0909090909090908,2.0,4.764999999999998,0.06,0.0
40,CrossEntropyLoss,min-CPS,0.07999999999999996,0.905,2.935,1.935,1.0526315789473684,2.0,4.435000000000001,0.1,0.0
40,CrossEntropyLoss,min-CPS,0.09999999999999998,0.875,2.76,1.76,1.04,2.0,4.36,0.13,0.0
40,CrossEntropyLoss,min-CPS,0.13,0.85,2.705,1.705,1.0666666666666667,2.0,4.166538461538462,0.16,0.0
40,CrossEntropyLoss,min-CPS,0.15000000000000002,0.825,2.66,1.66,1.0571428571428572,2.0,4.126666666666666,0.185,0.0
40,CrossEntropyLoss,min-CPS,0.18000000000000005,0.805,2.6,1.6,1.0512820512820513,2.0,3.8777777777777773,0.205,0.0
40,CrossEntropyLoss,min-CPS,0.19999999999999996,0.8,2.59,1.59,1.05,2.0,3.69,0.21,0.0
40,CrossEntropyLoss,RPS,0.010000000000000009,0.995,3.89,2.89,1.0,1.0,3.889999999999999,0.005,0.0
40,CrossEntropyLoss,RPS,0.020000000000000018,0.975,3.64,2.64,1.0,1.0,5.139999999999998,0.025,0.0
40,CrossEntropyLoss,RPS,0.030000000000000027,0.96,3.405,2.405,1.0,1.0,5.071666666666665,0.04,0.0
40,CrossEntropyLoss,RPS,0.050000000000000044,0.96,3.21,2.21,1.0,1.0,3.8099999999999987,0.04,0.0
40,CrossEntropyLoss,RPS,0.07999999999999996,0.95,3.045,2.045,1.0,1.0,3.2950000000000013,0.05,0.0
40,CrossEntropyLoss,RPS,0.09999999999999998,0.91,2.905,1.905,1.0,1.0,3.705,0.09,0.0
40,CrossEntropyLoss,RPS,0.13,0.88,2.725,1.725,1.0,1.0,3.5711538461538463,0.12,0.0
40,CrossEntropyLoss,RPS,0.15000000000000002,0.83,2.28,1.28,1.0294117647058822,2.0,3.6133333333333333,0.175,0.0
40,CrossEntropyLoss,RPS,0.18000000000000005,0.785,2.015,1.015,1.0232558139534884,2.0,3.4594444444444434,0.22,0.0
40,CrossEntropyLoss,RPS,0.19999999999999996,0.77,1.89,0.89,1.0217391304347827,2.0,3.2400000000000007,0.235,0.0
40,CrossEntropyLoss,OCDF,0.010000000000000009,0.995,4.92,3.92,1.0,1.0,4.919999999999999,0.005,0.0
40,CrossEntropyLoss,OCDF,0.020000000000000018,0.975,4.69,3.69,1.0,1.0,6.189999999999998,0.025,0.0
40,CrossEntropyLoss,OCDF,0.030000000000000027,0.97,3.92,2.92,1.1666666666666667,2.0,5.253333333333333,0.035,0.0
40,CrossEntropyLoss,OCDF,0.050000000000000044,0.97,3.835,2.835,1.1666666666666667,2.0,4.2349999999999985,0.035,0.0
40,CrossEntropyLoss,OCDF,0.07999999999999996,0.935,3.71,2.71,1.1538461538461537,2.0,4.585000000000001,0.075,0.0
40,CrossEntropyLoss,OCDF,0.09999999999999998,0.915,3.6,2.6,1.1176470588235294,2.0,4.5,0.095,0.0
40,CrossEntropyLoss,OCDF,0.13,0.905,3.41,2.41,1.105263157894737,2.0,4.025384615384615,0.105,0.0
40,CrossEntropyLoss,OCDF,0.15000000000000002,0.88,3.365,2.365,1.125,2.0,4.164999999999999,0.135,0.0
40,CrossEntropyLoss,OCDF,0.18000000000000005,0.88,3.345,2.345,1.125,2.0,3.845,0.135,0.0
40,CrossEntropyLoss,OCDF,0.19999999999999996,0.835,3.225,2.225,1.1515151515151516,2.0,4.125,0.19,0.0
40,CrossEntropyLoss,APS,0.010000000000000009,1.0,4.8,3.835,,0.0,3.835,0.0,0.03500000000000003
40,CrossEntropyLoss,APS,0.020000000000000018,0.99,4.67,3.735,1.0,1.0,4.7349999999999985,0.01,0.06499999999999995
40,CrossEntropyLoss,APS,0.030000000000000027,0.99,4.415,3.545,1.0,1.0,4.211666666666666,0.01,0.13
40,CrossEntropyLoss,APS,0.050000000000000044,0.94,3.265,2.32,1.0833333333333333,2.0,4.919999999999998,0.065,0.05500000000000005
40,CrossEntropyLoss,APS,0.07999999999999996,0.915,3.025,2.03,1.0588235294117647,2.0,4.280000000000002,0.09,0.0050000000000000044
40,CrossEntropyLoss,APS,0.09999999999999998,0.895,2.85,1.85,1.0476190476190477,2.0,4.05,0.11,0.0
40,CrossEntropyLoss,APS,0.13,0.845,2.54,1.54,1.064516129032258,2.0,4.078461538461538,0.165,0.0
40,CrossEntropyLoss,APS,0.15000000000000002,0.83,2.42,1.42,1.0588235294117647,2.0,3.82,0.18,0.0
40,CrossEntropyLoss,APS,0.18000000000000005,0.78,2.13,1.13,1.0454545454545454,2.0,3.685555555555555,0.23,0.0
40,CrossEntropyLoss,APS,0.19999999999999996,0.78,2.12,1.12,1.0454545454545454,2.0,3.42,0.23,0.0
40,CrossEntropyLoss,LAC,0.010000000000000009,0.995,4.935,3.935,1.0,1.0,4.934999999999999,0.005,0.0
40,CrossEntropyLoss,LAC,0.020000000000000018,0.99,4.895,3.895,1.0,1.0,4.894999999999999,0.01,0.0
40,CrossEntropyLoss,LAC,0.030000000000000027,0.985,4.84,3.86,1.0,1.0,4.859999999999999,0.015,0.020000000000000018
40,CrossEntropyLoss,LAC,0.050000000000000044,0.97,4.09,3.23,1.0,1.0,4.429999999999999,0.03,0.14
40,CrossEntropyLoss,LAC,0.07999999999999996,0.91,2.78,1.78,1.0555555555555556,2.0,4.155000000000002,0.095,0.0
40,CrossEntropyLoss,LAC,0.09999999999999998,0.885,2.55,1.55,1.0434782608695652,2.0,3.95,0.12,0.0
40,CrossEntropyLoss,LAC,0.13,0.825,2.255,1.255,1.0285714285714285,2.0,4.024230769230769,0.18,0.0
40,CrossEntropyLoss,LAC,0.15000000000000002,0.81,2.18,1.18,1.0263157894736843,2.0,3.78,0.195,0.0
40,CrossEntropyLoss,LAC,0.18000000000000005,0.775,2.025,1.025,1.0444444444444445,2.0,3.63611111111111,0.235,0.0
40,CrossEntropyLoss,LAC,0.19999999999999996,0.775,2.0,1.0,1.0444444444444445,2.0,3.35,0.235,0.0
41,CrossEntropyLoss,min-CPS,0.010000000000000009,0.99,4.91,3.91,1.0,1.0,5.9099999999999975,0.01,0.0
41,CrossEntropyLoss,min-CPS,0.020000000000000018,0.97,4.195,3.195,1.0,1.0,6.194999999999998,0.03,0.0
41,CrossEntropyLoss,min-CPS,0.030000000000000027,0.965,3.96,2.96,1.0,1.0,5.293333333333333,0.035,0.0
41,CrossEntropyLoss,min-CPS,0.050000000000000044,0.955,3.515,2.515,1.2222222222222223,2.0,4.714999999999998,0.055,0.0
41,CrossEntropyLoss,min-CPS,0.07999999999999996,0.955,3.085,2.085,1.2222222222222223,2.0,3.4600000000000013,0.055,0.0
41,CrossEntropyLoss,min-CPS,0.09999999999999998,0.935,2.925,1.925,1.1538461538461537,2.0,3.425,0.075,0.0
41,CrossEntropyLoss,min-CPS,0.13,0.89,2.68,1.68,1.0909090909090908,2.0,3.5261538461538464,0.12,0.0
41,CrossEntropyLoss,min-CPS,0.15000000000000002,0.87,2.68,1.68,1.0769230769230769,2.0,3.5466666666666664,0.14,0.0
41,CrossEntropyLoss,min-CPS,0.18000000000000005,0.85,2.61,1.61,1.0666666666666667,2.0,3.387777777777777,0.16,0.0
41,CrossEntropyLoss,min-CPS,0.19999999999999996,0.815,2.55,1.55,1.054054054054054,2.0,3.5,0.195,0.0
41,CrossEntropyLoss,RPS,0.010000000000000009,0.975,3.76,2.76,1.0,1.0,7.759999999999995,0.025,0.0
41,CrossEntropyLoss,RPS,0.020000000000000018,0.97,3.59,2.59,1.0,1.0,5.589999999999998,0.03,0.0
41,CrossEntropyLoss,RPS,0.030000000000000027,0.97,3.5,2.5,1.0,1.0,4.499999999999999,0.03,0.0
41,CrossEntropyLoss,RPS,0.050000000000000044,0.94,3.145,2.145,1.0,1.0,4.544999999999998,0.06,0.0
41,CrossEntropyLoss,RPS,0.07999999999999996,0.925,3.01,2.01,1.0,1.0,3.885000000000001,0.075,0.0
41,CrossEntropyLoss,RPS,0.09999999999999998,0.905,2.855,1.855,1.0,1.0,3.755,0.095,0.0
41,CrossEntropyLoss,RPS,0.13,0.87,2.635,1.635,1.0,1.0,3.635,0.13,0.0
41,CrossEntropyLoss,RPS,0.15000000000000002,0.855,2.465,1.465,1.0689655172413792,2.0,3.5316666666666663,0.155,0.0
41,CrossEntropyLoss,RPS,0.18000000000000005,0.825,2.15,1.15,1.0571428571428572,2.0,3.205555555555555,0.185,0.0
41,CrossEntropyLoss,RPS,0.19999999999999996,0.815,2.035,1.035,1.054054054054054,2.0,2.985,0.195,0.0
41,CrossEntropyLoss,OCDF,0.010000000000000009,0.965,4.63,3.63,1.0,1.0,10.629999999999995,0.035,0.0
41,CrossEntropyLoss,OCDF,0.020000000000000018,0.965,4.525,3.525,1.0,1.0,7.024999999999998,0.035,0.0
41,CrossEntropyLoss,OCDF,0.030000000000000027,0.965,3.915,2.915,1.1428571428571428,2.0,5.581666666666665,0.04,0.0
41,CrossEntropyLoss,OCDF,0.050000000000000044,0.935,3.735,2.735,1.1538461538461537,2.0,5.734999999999998,0.075,0.0
41,CrossEntropyLoss,OCDF,0.07999999999999996,0.915,3.61,2.61,1.1176470588235294,2.0,4.985000000000002,0.095,0.0
41,CrossEntropyLoss,OCDF,0.09999999999999998,0.9,3.555,2.555,1.15,2.0,4.855,0.115,0.0
41,CrossEntropyLoss,OCDF,0.13,0.895,3.38,2.38,1.1904761904761905,2.0,4.303076923076923,0.125,0.0
41,CrossEntropyLoss,OCDF,0.15000000000000002,0.845,3.26,2.26,1.1612903225806452,2.0,4.659999999999999,0.18,0.0
41,CrossEntropyLoss,OCDF,0.18000000000000005,0.805,3.175,2.175,1.205128205128205,2.0,4.7861111111111105,0.235,0.0
41,CrossEntropyLoss,OCDF,0.19999999999999996,0.8,3.105,2.105,1.2,2.0,4.505,0.24,0.0
41,CrossEntropyLoss,APS,0.010000000000000009,0.985,4.53,3.65,1.0,1.0,6.649999999999998,0.015,0.12
41,CrossEntropyLoss,APS,0.020000000000000018,0.985,4.47,3.605,1.0,1.0,5.104999999999999,0.015,0.135
41,CrossEntropyLoss,APS,0.030000000000000027,0.965,3.96,3.185,1.0,1.0,5.518333333333333,0.035,0.22499999999999998
41,CrossEntropyLoss,APS,0.050000000000000044,0.95,3.31,2.385,1.1,2.0,4.584999999999998,0.055,0.07499999999999996
41,CrossEntropyLoss,APS,0.07999999999999996,0.93,3.0,2.035,1.0714285714285714,2.0,3.910000000000001,0.075,0.03500000000000003
41,CrossEntropyLoss,APS,0.09999999999999998,0.895,2.795,1.805,1.0952380952380953,2.0,4.105,0.115,0.010000000000000009
41,CrossEntropyLoss,APS,0.13,0.86,2.51,1.515,1.1428571428571428,2.0,3.9765384615384614,0.16,0.0050000000000000044
41,CrossEntropyLoss,APS,0.15000000000000002,0.845,2.385,1.39,1.1290322580645162,2.0,3.723333333333333,0.175,0.0050000000000000044
41,CrossEntropyLoss,APS,0.18000000000000005,0.81,2.18,1.185,1.131578947368421,2.0,3.573888888888888,0.215,0.0050000000000000044
41,CrossEntropyLoss,APS,0.19999999999999996,0.79,2.09,1.095,1.1428571428571428,2.0,3.495,0.24,0.0050000000000000044
41,CrossEntropyLoss,LAC,0.010000000000000009,1.0,4.965,3.965,,0.0,3.965,0.0,0.0
41,CrossEntropyLoss,LAC,0.020000000000000018,0.985,4.86,3.87,1.0,1.0,5.369999999999999,0.015,0.010000000000000009
41,CrossEntropyLoss,LAC,0.030000000000000027,0.955,4.005,3.13,1.0,1.0,6.129999999999998,0.045,0.125
41,CrossEntropyLoss,LAC,0.050000000000000044,0.945,3.4,2.46,1.0,1.0,4.659999999999999,0.055,0.06000000000000005
41,CrossEntropyLoss,LAC,0.07999999999999996,0.945,2.795,1.795,1.1818181818181819,2.0,3.4200000000000013,0.065,0.0
41,CrossEntropyLoss,LAC,0.09999999999999998,0.92,2.72,1.72,1.125,2.0,3.52,0.09,0.0
41,CrossEntropyLoss,LAC,0.13,0.89,2.445,1.445,1.0909090909090908,2.0,3.2911538461538465,0.12,0.0
41,CrossEntropyLoss,LAC,0.15000000000000002,0.845,2.245,1.245,1.064516129032258,2.0,3.445,0.165,0.0
41,CrossEntropyLoss,LAC,0.18000000000000005,0.835,2.15,1.15,1.0606060606060606,2.0,3.094444444444443,0.175,0.0
41,CrossEntropyLoss,LAC,0.19999999999999996,0.795,2.03,1.03,1.048780487804878,2.0,3.18,0.215,0.0
42,CrossEntropyLoss,min-CPS,0.010000000000000009,0.985,4.9,3.9,1.0,1.0,6.899999999999998,0.015,0.0
42,CrossEntropyLoss,min-CPS,0.020000000000000018,0.98,4.72,3.72,1.0,1.0,5.719999999999998,0.02,0.0
42,CrossEntropyLoss,min-CPS,0.030000000000000027,0.98,4.175,3.175,1.0,1.0,4.508333333333333,0.02,0.0
42,CrossEntropyLoss,min-CPS,0.050000000000000044,0.965,3.6,2.6,1.0,1.0,3.9999999999999987,0.035,0.0
42,CrossEntropyLoss,min-CPS,0.07999999999999996,0.96,3.08,2.08,1.25,2.0,3.330000000000001,0.05,0.0
42,CrossEntropyLoss,min-CPS,0.09999999999999998,0.945,3.055,2.055,1.1818181818181819,2.0,3.355,0.065,0.0
42,CrossEntropyLoss,min-CPS,0.13,0.885,2.705,1.705,1.0869565217391304,2.0,3.6280769230769225,0.125,0.0
42,CrossEntropyLoss,min-CPS,0.15000000000000002,0.865,2.705,1.705,1.1111111111111112,2.0,3.705,0.15,0.0
42,CrossEntropyLoss,min-CPS,0.18000000000000005,0.845,2.64,1.64,1.096774193548387,2.0,3.528888888888888,0.17,0.0
42,CrossEntropyLoss,min-CPS,0.19999999999999996,0.83,2.58,1.58,1.088235294117647,2.0,3.43,0.185,0.0
42,CrossEntropyLoss,RPS,0.010000000000000009,0.985,3.875,2.875,1.0,1.0,5.874999999999997,0.015,0.0
42,CrossEntropyLoss,RPS,0.020000000000000018,0.975,3.625,2.625,1.0,1.0,5.124999999999997,0.025,0.0
42,CrossEntropyLoss,RPS,0.030000000000000027,0.97,3.505,2.505,1.0,1.0,4.504999999999999,0.03,0.0
42,CrossEntropyLoss,RPS,0.050000000000000044,0.97,3.445,2.445,1.0,1.0,3.6449999999999987,0.03,0.0
42,CrossEntropyLoss,RPS,0.07999999999999996,0.935,3.0,2.0,1.0,1.0,3.6250000000000013,0.065,0.0
42,CrossEntropyLoss,RPS,0.09999999999999998,0.9,2.795,1.795,1.0,1.0,3.795,0.1,0.0
42,CrossEntropyLoss,RPS,0.13,0.87,2.625,1.625,1.0,1.0,3.625,0.13,0.0
42,CrossEntropyLoss,RPS,0.15000000000000002,0.855,2.48,1.48,1.0689655172413792,2.0,3.5466666666666664,0.155,0.0
42,CrossEntropyLoss,RPS,0.18000000000000005,0.83,2.165,1.165,1.0588235294117647,2.0,3.1649999999999987,0.18,0.0
42,CrossEntropyLoss,RPS,0.19999999999999996,0.82,2.075,1.075,1.0555555555555556,2.0,2.975,0.19,0.0
42,CrossEntropyLoss,OCDF,0.010000000000000009,0.995,4.905,3.905,1.0,1.0,4.9049999999999985,0.005,0.0
42,CrossEntropyLoss,OCDF,0.020000000000000018,0.98,4.69,3.69,1.0,1.0,5.689999999999998,0.02,0.0
42,CrossEntropyLoss,OCDF,0.030000000000000027,0.98,4.615,3.615,1.0,1.0,4.948333333333332,0.02,0.0
42,CrossEntropyLoss,OCDF,0.050000000000000044,0.965,3.765,2.765,1.1428571428571428,2.0,4.364999999999998,0.04,0.0
42,CrossEntropyLoss,OCDF,0.07999999999999996,0.95,3.705,2.705,1.1,2.0,4.080000000000001,0.055,0.0
42,CrossEntropyLoss,OCDF,0.09999999999999998,0.93,3.595,2.595,1.0714285714285714,2.0,4.095,0.075,0.0
42,CrossEntropyLoss,OCDF,0.13,0.915,3.385,2.385,1.1176470588235294,2.0,3.8465384615384615,0.095,0.0
42,CrossEntropyLoss,OCDF,0.15000000000000002,0.89,3.355,2.355,1.0909090909090908,2.0,3.955,0.12,0.0
42,CrossEntropyLoss,OCDF,0.18000000000000005,0.88,3.275,2.275,1.125,2.0,3.7749999999999995,0.135,0.0
42,CrossEntropyLoss,OCDF,0.19999999999999996,0.87,3.21,2.21,1.1153846153846154,2.0,3.66,0.145,0.0
42,CrossEntropyLoss,APS,0.010000000000000009,0.99,4.7,3.77,1.0,1.0,5.769999999999998,0.01,0.06999999999999995
42,CrossEntropyLoss,APS,0.020000000000000018,0.985,4.45,3.555,1.0,1.0,5.054999999999998,0.015,0.10499999999999998
42,CrossEntropyLoss,APS,0.030000000000000027,0.98,4.15,3.33,1.0,1.0,4.663333333333332,0.02,0.18000000000000005
42,CrossEntropyLoss,APS,0.050000000000000044,0.97,3.575,2.705,1.0,1.0,3.904999999999999,0.03,0.13
42,CrossEntropyLoss,APS,0.07999999999999996,0.945,3.035,2.05,1.0,1.0,3.425000000000001,0.055,0.015000000000000013
42,CrossEntropyLoss,APS,0.09999999999999998,0.935,2.905,1.92,1.0769230769230769,2.0,3.32,0.07,0.015000000000000013
42,CrossEntropyLoss,APS,0.13,0.88,2.51,1.51,1.125,2.0,3.586923076923077,0.135,0.0
42,CrossEntropyLoss,APS,0.15000000000000002,0.86,2.355,1.355,1.1071428571428572,2.0,3.4216666666666664,0.155,0.0
42,CrossEntropyLoss,APS,0.18000000000000005,0.835,2.17,1.17,1.0909090909090908,2.0,3.1699999999999995,0.18,0.0
42,CrossEntropyLoss,APS,0.19999999999999996,0.825,2.115,1.115,1.0857142857142856,2.0,3.015,0.19,0.0
42,CrossEntropyLoss,LAC,0.010000000000000009,0.985,4.87,3.87,1.0,1.0,6.869999999999997,0.015,0.0
42,CrossEntropyLoss,LAC,0.020000000000000018,0.985,4.855,3.865,1.0,1.0,5.3649999999999975,0.015,0.010000000000000009
42,CrossEntropyLoss,LAC,0.030000000000000027,0.97,4.475,3.57,1.0,1.0,5.5699999999999985,0.03,0.09499999999999997
42,CrossEntropyLoss,LAC,0.050000000000000044,0.97,4.03,3.155,1.0,1.0,4.354999999999999,0.03,0.125
42,CrossEntropyLoss,LAC,0.07999999999999996,0.96,3.025,2.035,1.0,1.0,3.0350000000000006,0.04,0.010000000000000009
42,CrossEntropyLoss,LAC,0.09999999999999998,0.92,2.75,1.75,1.125,2.0,3.55,0.09,0.0
42,CrossEntropyLoss,LAC,0.13,0.875,2.355,1.355,1.08,2.0,3.431923076923076,0.135,0.0
42,CrossEntropyLoss,LAC,0.15000000000000002,0.855,2.225,1.225,1.0689655172413792,2.0,3.291666666666666,0.155,0.0
42,CrossEntropyLoss,LAC,0.18000000000000005,0.845,2.18,1.18,1.064516129032258,2.0,3.0133333333333328,0.165,0.0
42,CrossEntropyLoss,LAC,0.19999999999999996,0.82,2.025,1.025,1.0555555555555556,2.0,2.925,0.19,0.0
43,CrossEntropyLoss,min-CPS,0.010000000000000009,0.98,4.9,3.9,1.0,1.0,7.899999999999997,0.02,0.0
43,CrossEntropyLoss,min-CPS,0.020000000000000018,0.97,4.22,3.22,1.0,1.0,6.219999999999998,0.03,0.0
43,CrossEntropyLoss,min-CPS,0.030000000000000027,0.97,4.115,3.115,1.0,1.0,5.114999999999998,0.03,0.0
43,CrossEntropyLoss,min-CPS,0.050000000000000044,0.965,3.62,2.62,1.0,1.0,4.019999999999999,0.035,0.0
43,CrossEntropyLoss,min-CPS,0.07999999999999996,0.945,3.075,2.075,1.0909090909090908,2.0,3.575000000000001,0.06,0.0
43,CrossEntropyLoss,min-CPS,0.09999999999999998,0.925,2.825,1.825,1.0666666666666667,2.0,3.425,0.08,0.0
43,CrossEntropyLoss,min-CPS,0.13,0.885,2.69,1.69,1.0434782608695652,2.0,3.5361538461538458,0.12,0.0
43,CrossEntropyLoss,min-CPS,0.15000000000000002,0.855,2.68,1.68,1.0344827586206897,2.0,3.68,0.15,0.0
43,CrossEntropyLoss,min-CPS,0.18000000000000005,0.81,2.6,1.6,1.0263157894736843,2.0,3.766666666666666,0.195,0.0
43,CrossEntropyLoss,min-CPS,0.19999999999999996,0.79,2.565,1.565,1.0238095238095237,2.0,3.715,0.215,0.0
43,CrossEntropyLoss,RPS,0.010000000000000009,0.995,3.895,2.895,1.0,1.0,3.8949999999999987,0.005,0.0
43,CrossEntropyLoss,RPS,0.020000000000000018,0.995,3.88,2.88,1.0,1.0,3.3799999999999994,0.005,0.0
43,CrossEntropyLoss,RPS,0.030000000000000027,0.985,3.645,2.645,1.0,1.0,3.6449999999999996,0.015,0.0
43,CrossEntropyLoss,RPS,0.050000000000000044,0.97,3.41,2.41,1.0,1.0,3.609999999999999,0.03,0.0
43,CrossEntropyLoss,RPS,0.07999999999999996,0.905,2.965,1.965,1.0,1.0,4.340000000000001,0.095,0.0
43,CrossEntropyLoss,RPS,0.09999999999999998,0.89,2.795,1.795,1.0,1.0,3.995,0.11,0.0
43,CrossEntropyLoss,RPS,0.13,0.86,2.57,1.57,1.0,1.0,3.723846153846154,0.14,0.0
43,CrossEntropyLoss,RPS,0.15000000000000002,0.855,2.49,1.49,1.0344827586206897,2.0,3.49,0.15,0.0
43,CrossEntropyLoss,RPS,0.18000000000000005,0.81,2.145,1.145,1.0263157894736843,2.0,3.311666666666666,0.195,0.0
43,CrossEntropyLoss,RPS,0.19999999999999996,0.785,1.91,0.91,1.0232558139534884,2.0,3.11,0.22,0.0
43,CrossEntropyLoss,OCDF,0.010000000000000009,1.0,4.89,3.89,,0.0,3.89,0.0,0.0
43,CrossEntropyLoss,OCDF,0.020000000000000018,1.0,4.795,3.795,,0.0,3.795,0.0,0.0
43,CrossEntropyLoss,OCDF,0.030000000000000027,0.96,3.875,2.875,1.0,1.0,5.541666666666665,0.04,0.0
43,CrossEntropyLoss,OCDF,0.050000000000000044,0.935,3.735,2.735,1.0,1.0,5.334999999999997,0.065,0.0
43,CrossEntropyLoss,OCDF,0.07999999999999996,0.915,3.605,2.605,1.0,1.0,4.730000000000001,0.085,0.0
43,CrossEntropyLoss,OCDF,0.09999999999999998,0.895,3.48,2.48,1.0,1.0,4.58,0.105,0.0
43,CrossEntropyLoss,OCDF,0.13,0.885,3.385,2.385,1.0,1.0,4.154230769230769,0.115,0.0
43,CrossEntropyLoss,OCDF,0.15000000000000002,0.87,3.345,2.345,1.0384615384615385,2.0,4.145,0.135,0.0
43,CrossEntropyLoss,OCDF,0.18000000000000005,0.82,3.175,2.175,1.1388888888888888,2.0,4.4527777777777775,0.205,0.0
43,CrossEntropyLoss,OCDF,0.19999999999999996,0.81,3.12,2.12,1.131578947368421,2.0,4.27,0.215,0.0
43,CrossEntropyLoss,APS,0.010000000000000009,1.0,4.855,3.88,,0.0,3.88,0.0,0.025000000000000022
43,CrossEntropyLoss,APS,0.020000000000000018,0.98,4.425,3.565,1.0,1.0,5.564999999999998,0.02,0.14
43,CrossEntropyLoss,APS,0.030000000000000027,0.98,4.215,3.405,1.0,1.0,4.738333333333332,0.02,0.18999999999999995
43,CrossEntropyLoss,APS,0.050000000000000044,0.96,3.46,2.57,1.0,1.0,4.169999999999999,0.04,0.10999999999999999
43,CrossEntropyLoss,APS,0.07999999999999996,0.94,3.035,2.055,1.0,1.0,3.555000000000001,0.06,0.020000000000000018
43,CrossEntropyLoss,APS,0.09999999999999998,0.905,2.83,1.845,1.0526315789473684,2.0,3.845,0.1,0.015000000000000013
43,CrossEntropyLoss,APS,0.13,0.855,2.6,1.605,1.0344827586206897,2.0,3.912692307692308,0.15,0.0050000000000000044
43,CrossEntropyLoss,APS,0.15000000000000002,0.83,2.455,1.46,1.0294117647058822,2.0,3.793333333333333,0.175,0.0050000000000000044
43,CrossEntropyLoss,APS,0.18000000000000005,0.805,2.29,1.295,1.0512820512820513,2.0,3.572777777777777,0.205,0.0050000000000000044
43,CrossEntropyLoss,APS,0.19999999999999996,0.795,2.235,1.24,1.048780487804878,2.0,3.39,0.215,0.0050000000000000044
43,CrossEntropyLoss,LAC,0.010000000000000009,0.995,4.94,3.945,1.0,1.0,4.9449999999999985,0.005,0.0050000000000000044
43,CrossEntropyLoss,LAC,0.020000000000000018,0.98,4.87,3.885,1.0,1.0,5.884999999999998,0.02,0.015000000000000013
43,CrossEntropyLoss,LAC,0.030000000000000027,0.975,4.745,3.77,1.0,1.0,5.436666666666665,0.025,0.025000000000000022
43,CrossEntropyLoss,LAC,0.050000000000000044,0.965,3.615,2.685,1.0,1.0,4.084999999999999,0.035,0.06999999999999995
43,CrossEntropyLoss,LAC,0.07999999999999996,0.94,2.825,1.825,1.0833333333333333,2.0,3.450000000000001,0.065,0.0
43,CrossEntropyLoss,LAC,0.09999999999999998,0.89,2.555,1.555,1.0454545454545454,2.0,3.855,0.115,0.0
43,CrossEntropyLoss,LAC,0.13,0.855,2.375,1.375,1.0344827586206897,2.0,3.682692307692308,0.15,0.0
43,CrossEntropyLoss,LAC,0.15000000000000002,0.835,2.24,1.24,1.0303030303030303,2.0,3.5066666666666664,0.17,0.0
43,CrossEntropyLoss,LAC,0.18000000000000005,0.77,1.985,0.985,1.0217391304347827,2.0,3.596111111111111,0.235,0.0
43,CrossEntropyLoss,LAC,0.19999999999999996,0.755,1.885,0.885,1.0204081632653061,2.0,3.385,0.25,0.0
44,CrossEntropyLoss,min-CPS,0.010000000000000009,1.0,4.985,3.985,,0.0,3.985,0.0,0.0
44,CrossEntropyLoss,min-CPS,0.020000000000000018,0.99,4.93,3.93,1.0,1.0,4.929999999999999,0.01,0.0
44,CrossEntropyLoss,min-CPS,0.030000000000000027,0.98,4.195,3.195,1.0,1.0,4.528333333333332,0.02,0.0
44,CrossEntropyLoss,min-CPS,0.050000000000000044,0.95,3.43,2.43,1.1,2.0,4.629999999999998,0.055,0.0
44,CrossEntropyLoss,min-CPS,0.07999999999999996,0.9,2.825,1.825,1.05,2.0,4.450000000000001,0.105,0.0
44,CrossEntropyLoss,min-CPS,0.09999999999999998,0.87,2.72,1.72,1.0384615384615385,2.0,4.42,0.135,0.0
44,CrossEntropyLoss,min-CPS,0.13,0.85,2.72,1.72,1.0333333333333334,2.0,4.104615384615385,0.155,0.0
44,CrossEntropyLoss,min-CPS,0.15000000000000002,0.83,2.71,1.71,1.0294117647058822,2.0,4.043333333333333,0.175,0.0
44,CrossEntropyLoss,min-CPS,0.18000000000000005,0.81,2.62,1.62,1.0263157894736843,2.0,3.786666666666666,0.195,0.0
44,CrossEntropyLoss,min-CPS,0.19999999999999996,0.805,2.6,1.6,1.0256410256410255,2.0,3.6,0.2,0.0
44,CrossEntropyLoss,RPS,0.010000000000000009,0.995,3.87,2.87,1.0,1.0,3.8699999999999988,0.005,0.0
44,CrossEntropyLoss,RPS,0.020000000000000018,0.995,3.85,2.85,1.0,1.0,3.3499999999999996,0.005,0.0
44,CrossEntropyLoss,RPS,0.030000000000000027,0.995,3.765,2.765,1.0,1.0,3.098333333333333,0.005,0.0
44,CrossEntropyLoss,RPS,0.050000000000000044,0.98,3.435,2.435,1.0,1.0,3.2349999999999994,0.02,0.0
44,CrossEntropyLoss,RPS,0.07999999999999996,0.94,3.015,2.015,1.0,1.0,3.515000000000001,0.06,0.0
44,CrossEntropyLoss,RPS,0.09999999999999998,0.925,2.99,1.99,1.0,1.0,3.49,0.075,0.0
44,CrossEntropyLoss,RPS,0.13,0.875,2.7,1.7,1.0,1.0,3.6230769230769226,0.125,0.0
44,CrossEntropyLoss,RPS,0.15000000000000002,0.83,2.265,1.265,1.0294117647058822,2.0,3.598333333333333,0.175,0.0
44,CrossEntropyLoss,RPS,0.18000000000000005,0.795,2.08,1.08,1.024390243902439,2.0,3.4133333333333327,0.21,0.0
44,CrossEntropyLoss,RPS,0.19999999999999996,0.775,1.875,0.875,1.0222222222222221,2.0,3.175,0.23,0.0
44,CrossEntropyLoss,OCDF,0.010000000000000009,0.995,4.915,3.915,1.0,1.0,4.914999999999999,0.005,0.0
44,CrossEntropyLoss,OCDF,0.020000000000000018,0.995,4.755,3.755,1.0,1.0,4.254999999999999,0.005,0.0
44,CrossEntropyLoss,OCDF,0.030000000000000027,0.98,4.635,3.635,1.0,1.0,4.968333333333333,0.02,0.0
44,CrossEntropyLoss,OCDF,0.050000000000000044,0.965,3.83,2.83,1.0,1.0,4.229999999999999,0.035,0.0
44,CrossEntropyLoss,OCDF,0.07999999999999996,0.945,3.74,2.74,1.0,1.0,4.115000000000001,0.055,0.0
44,CrossEntropyLoss,OCDF,0.09999999999999998,0.93,3.665,2.665,1.0,1.0,4.065,0.07,0.0
44,CrossEntropyLoss,OCDF,0.13,0.87,3.39,2.39,1.0384615384615385,2.0,4.466923076923077,0.135,0.0
44,CrossEntropyLoss,OCDF,0.15000000000000002,0.855,3.345,2.345,1.0344827586206897,2.0,4.345,0.15,0.0
44,CrossEntropyLoss,OCDF,0.18000000000000005,0.825,3.24,2.24,1.1142857142857143,2.0,4.406666666666666,0.195,0.0
44,CrossEntropyLoss,OCDF,0.19999999999999996,0.825,3.24,2.24,1.1142857142857143,2.0,4.19,0.195,0.0
44,CrossEntropyLoss,APS,0.010000000000000009,0.995,4.61,3.72,1.0,1.0,4.719999999999999,0.005,0.10999999999999999
44,CrossEntropyLoss,APS,0.020000000000000018,0.995,4.525,3.65,1.0,1.0,4.1499999999999995,0.005,0.125
44,CrossEntropyLoss,APS,0.030000000000000027,0.985,4.265,3.435,1.0,1.0,4.435,0.015,0.17000000000000004
44,CrossEntropyLoss,APS,0.050000000000000044,0.98,3.71,2.85,1.0,1.0,3.6499999999999995,0.02,0.14
44,CrossEntropyLoss,APS,0.07999999999999996,0.94,3.155,2.195,1.0,1.0,3.6950000000000007,0.06,0.040000000000000036
44,CrossEntropyLoss,APS,0.09999999999999998,0.925,2.985,2.005,1.0,1.0,3.505,0.075,0.020000000000000018
44,CrossEntropyLoss,APS,0.13,0.855,2.54,1.545,1.0344827586206897,2.0,3.852692307692307,0.15,0.0050000000000000044
44,CrossEntropyLoss,APS,0.15000000000000002,0.825,2.355,1.36,1.0285714285714285,2.0,3.76,0.18,0.0050000000000000044
44,CrossEntropyLoss,APS,0.18000000000000005,0.81,2.21,1.215,1.0526315789473684,2.0,3.4372222222222217,0.2,0.0050000000000000044
44,CrossEntropyLoss,APS,0.19999999999999996,0.8,2.16,1.165,1.05,2.0,3.265,0.21,0.0050000000000000044
44,CrossEntropyLoss,LAC,0.010000000000000009,1.0,4.98,3.985,,0.0,3.985,0.0,0.0050000000000000044
44,CrossEntropyLoss,LAC,0.020000000000000018,0.99,4.905,3.91,1.0,1.0,4.909999999999999,0.01,0.0050000000000000044
44,CrossEntropyLoss,LAC,0.030000000000000027,0.99,4.9,3.91,1.0,1.0,4.576666666666666,0.01,0.010000000000000009
44,CrossEntropyLoss,LAC,0.050000000000000044,0.95,3.475,2.515,1.0,1.0,4.514999999999998,0.05,0.040000000000000036
44,CrossEntropyLoss,LAC,0.07999999999999996,0.925,2.825,1.825,1.0666666666666667,2.0,3.825000000000001,0.08,0.0
44,CrossEntropyLoss,LAC,0.09999999999999998,0.885,2.56,1.56,1.0434782608695652,2.0,3.96,0.12,0.0
44,CrossEntropyLoss,LAC,0.13,0.865,2.415,1.415,1.037037037037037,2.0,3.568846153846154,0.14,0.0
44,CrossEntropyLoss,LAC,0.15000000000000002,0.845,2.26,1.26,1.032258064516129,2.0,3.393333333333333,0.16,0.0
44,CrossEntropyLoss,LAC,0.18000000000000005,0.8,2.07,1.07,1.025,2.0,3.347777777777777,0.205,0.0
44,CrossEntropyLoss,LAC,0.19999999999999996,0.785,2.045,1.045,1.0232558139534884,2.0,3.245,0.22,0.0
45,CrossEntropyLoss,min-CPS,0.010000000000000009,0.98,4.88,3.88,1.0,1.0,7.879999999999996,0.02,0.0
45,CrossEntropyLoss,min-CPS,0.020000000000000018,0.965,4.21,3.21,1.0,1.0,6.709999999999996,0.035,0.0
45,CrossEntropyLoss,min-CPS,0.030000000000000027,0.965,4.11,3.11,1.0,1.0,5.443333333333332,0.035,0.0
45,CrossEntropyLoss,min-CPS,0.050000000000000044,0.935,3.305,2.305,1.1538461538461537,2.0,5.304999999999998,0.075,0.0
45,CrossEntropyLoss,min-CPS,0.07999999999999996,0.93,3.1,2.1,1.1428571428571428,2.0,4.100000000000001,0.08,0.0
45,CrossEntropyLoss,min-CPS,0.09999999999999998,0.915,2.835,1.835,1.1176470588235294,2.0,3.735,0.095,0.0
45,CrossEntropyLoss,min-CPS,0.13,0.89,2.715,1.715,1.0909090909090908,2.0,3.5611538461538466,0.12,0.0
45,CrossEntropyLoss,min-CPS,0.15000000000000002,0.86,2.715,1.715,1.0714285714285714,2.0,3.715,0.15,0.0
45,CrossEntropyLoss,min-CPS,0.18000000000000005,0.845,2.645,1.645,1.064516129032258,2.0,3.4783333333333326,0.165,0.0
45,CrossEntropyLoss,min-CPS,0.19999999999999996,0.805,2.555,1.555,1.0512820512820513,2.0,3.605,0.205,0.0
45,CrossEntropyLoss,RPS,0.010000000000000009,0.99,3.89,2.89,1.0,1.0,4.889999999999998,0.01,0.0
45,CrossEntropyLoss,RPS,0.020000000000000018,0.985,3.795,2.795,1.0,1.0,4.294999999999999,0.015,0.0
45,CrossEntropyLoss,RPS,0.030000000000000027,0.98,3.595,2.595,1.0,1.0,3.928333333333333,0.02,0.0
45,CrossEntropyLoss,RPS,0.050000000000000044,0.93,3.05,2.05,1.0,1.0,4.849999999999998,0.07,0.0
45,CrossEntropyLoss,RPS,0.07999999999999996,0.91,2.97,1.97,1.0,1.0,4.2200000000000015,0.09,0.0
45,CrossEntropyLoss,RPS,0.09999999999999998,0.895,2.815,1.815,1.0,1.0,3.915,0.105,0.0
45,CrossEntropyLoss,RPS,0.13,0.875,2.7,1.7,1.0,1.0,3.623076923076923,0.125,0.0
45,CrossEntropyLoss,RPS,0.15000000000000002,0.855,2.475,1.475,1.0689655172413792,2.0,3.541666666666666,0.155,0.0
45,CrossEntropyLoss,RPS,0.18000000000000005,0.83,2.155,1.155,1.0588235294117647,2.0,3.1549999999999994,0.18,0.0
45,CrossEntropyLoss,RPS,0.19999999999999996,0.82,2.08,1.08,1.0555555555555556,2.0,2.98,0.19,0.0
45,CrossEntropyLoss,OCDF,0.010000000000000009,1.0,4.905,3.905,,0.0,3.905,0.0,0.0
45,CrossEntropyLoss,OCDF,0.020000000000000018,0.975,4.68,3.68,1.0,1.0,6.179999999999998,0.025,0.0
45,CrossEntropyLoss,OCDF,0.030000000000000027,0.96,3.87,2.87,1.0,1.0,5.536666666666665,0.04,0.0
45,CrossEntropyLoss,OCDF,0.050000000000000044,0.95,3.775,2.775,1.1,2.0,4.974999999999998,0.055,0.0
45,CrossEntropyLoss,OCDF,0.07999999999999996,0.925,3.63,2.63,1.0666666666666667,2.0,4.630000000000001,0.08,0.0
45,CrossEntropyLoss,OCDF,0.09999999999999998,0.915,3.6,2.6,1.0588235294117647,2.0,4.4,0.09,0.0
45,CrossEntropyLoss,OCDF,0.13,0.895,3.405,2.405,1.0476190476190477,2.0,4.097307692307692,0.11,0.0
45,CrossEntropyLoss,OCDF,0.15000000000000002,0.875,3.35,2.35,1.08,2.0,4.15,0.135,0.0
45,CrossEntropyLoss,OCDF,0.18000000000000005,0.85,3.245,2.245,1.0666666666666667,2.0,4.022777777777777,0.16,0.0
45,CrossEntropyLoss,OCDF,0.19999999999999996,0.815,3.15,2.15,1.135135135135135,2.0,4.25,0.21,0.0
45,CrossEntropyLoss,APS,0.010000000000000009,0.98,4.61,3.7,1.0,1.0,7.699999999999997,0.02,0.08999999999999997
45,CrossEntropyLoss,APS,0.020000000000000018,0.97,4.36,3.485,1.0,1.0,6.484999999999998,0.03,0.125
45,CrossEntropyLoss,APS,0.030000000000000027,0.965,3.695,2.865,1.0,1.0,5.1983333333333315,0.035,0.17000000000000004
45,CrossEntropyLoss,APS,0.050000000000000044,0.95,3.565,2.695,1.0,1.0,4.6949999999999985,0.05,0.13
45,CrossEntropyLoss,APS,0.07999999999999996,0.935,3.055,2.08,1.0769230769230769,2.0,3.830000000000001,0.07,0.025000000000000022
45,CrossEntropyLoss,APS,0.09999999999999998,0.9,2.89,1.915,1.05,2.0,4.015,0.105,0.025000000000000022
45,CrossEntropyLoss,APS,0.13,0.885,2.64,1.655,1.1304347826086956,2.0,3.655,0.13,0.015000000000000013
45,CrossEntropyLoss,APS,0.15000000000000002,0.885,2.57,1.58,1.1304347826086956,2.0,3.313333333333333,0.13,0.010000000000000009
45,CrossEntropyLoss,APS,0.18000000000000005,0.855,2.27,1.275,1.103448275862069,2.0,3.052777777777777,0.16,0.0050000000000000044
45,CrossEntropyLoss,APS,0.19999999999999996,0.835,2.195,1.2,1.0909090909090908,2.0,3.0,0.18,0.0050000000000000044
45,CrossEntropyLoss,LAC,0.010000000000000009,0.975,4.84,3.845,1.0,1.0,8.844999999999995,0.025,0.0050000000000000044
45,CrossEntropyLoss,LAC,0.020000000000000018,0.975,4.805,3.82,1.0,1.0,6.319999999999998,0.025,0.015000000000000013
45,CrossEntropyLoss,LAC,0.030000000000000027,0.97,4.47,3.535,1.0,1.0,5.534999999999999,0.03,0.06499999999999995
45,CrossEntropyLoss,LAC,0.050000000000000044,0.945,3.51,2.565,1.0,1.0,4.764999999999998,0.055,0.05500000000000005
45,CrossEntropyLoss,LAC,0.07999999999999996,0.9,2.745,1.745,1.1,2.0,4.495000000000001,0.11,0.0
45,CrossEntropyLoss,LAC,0.09999999999999998,0.895,2.645,1.645,1.0952380952380953,2.0,3.945,0.115,0.0
45,CrossEntropyLoss,LAC,0.13,0.865,2.35,1.35,1.0740740740740742,2.0,3.580769230769231,0.145,0.0
45,CrossEntropyLoss,LAC,0.15000000000000002,0.84,2.235,1.235,1.0625,2.0,3.5016666666666665,0.17,0.0
45,CrossEntropyLoss,LAC,0.18000000000000005,0.82,2.06,1.06,1.0555555555555556,2.0,3.1711111111111103,0.19,0.0
45,CrossEntropyLoss,LAC,0.19999999999999996,0.82,2.055,1.055,1.0555555555555556,2.0,2.955,0.19,0.0
46,CrossEntropyLoss,min-CPS,0.010000000000000009,0.98,4.885,3.885,1.0,1.0,7.884999999999996,0.02,0.0
46,CrossEntropyLoss,min-CPS,0.020000000000000018,0.975,4.495,3.495,1.0,1.0,5.994999999999997,0.025,0.0
46,CrossEntropyLoss,min-CPS,0.030000000000000027,0.945,3.61,2.61,1.0,1.0,6.276666666666663,0.055,0.0
46,CrossEntropyLoss,min-CPS,0.050000000000000044,0.935,3.335,2.335,1.1538461538461537,2.0,5.334999999999997,0.075,0.0
46,CrossEntropyLoss,min-CPS,0.07999999999999996,0.925,3.075,2.075,1.1333333333333333,2.0,4.200000000000001,0.085,0.0
46,CrossEntropyLoss,min-CPS,0.09999999999999998,0.915,2.81,1.81,1.1176470588235294,2.0,3.71,0.095,0.0
46,CrossEntropyLoss,min-CPS,0.13,0.885,2.715,1.715,1.0869565217391304,2.0,3.6380769230769228,0.125,0.0
46,CrossEntropyLoss,min-CPS,0.15000000000000002,0.825,2.675,1.675,1.0571428571428572,2.0,4.141666666666667,0.185,0.0
46,CrossEntropyLoss,min-CPS,0.18000000000000005,0.785,2.6,1.6,1.0465116279069768,2.0,4.099999999999999,0.225,0.0
46,CrossEntropyLoss,min-CPS,0.19999999999999996,0.775,2.575,1.575,1.0444444444444445,2.0,3.925,0.235,0.0
46,CrossEntropyLoss,RPS,0.010000000000000009,0.985,3.885,2.885,1.0,1.0,5.884999999999998,0.015,0.0
46,CrossEntropyLoss,RPS,0.020000000000000018,0.985,3.785,2.785,1.0,1.0,4.284999999999999,0.015,0.0
46,CrossEntropyLoss,RPS,0.030000000000000027,0.97,3.49,2.49,1.0,1.0,4.489999999999998,0.03,0.0
46,CrossEntropyLoss,RPS,0.050000000000000044,0.96,3.225,2.225,1.0,1.0,3.824999999999999,0.04,0.0
46,CrossEntropyLoss,RPS,0.07999999999999996,0.905,2.985,1.985,1.0,1.0,4.360000000000001,0.095,0.0
46,CrossEntropyLoss,RPS,0.09999999999999998,0.89,2.81,1.81,1.0,1.0,4.01,0.11,0.0
46,CrossEntropyLoss,RPS,0.13,0.87,2.625,1.625,1.0,1.0,3.625,0.13,0.0
46,CrossEntropyLoss,RPS,0.15000000000000002,0.84,2.275,1.275,1.0625,2.0,3.541666666666666,0.17,0.0
46,CrossEntropyLoss,RPS,0.18000000000000005,0.825,2.165,1.165,1.0571428571428572,2.0,3.220555555555555,0.185,0.0
46,CrossEntropyLoss,RPS,0.19999999999999996,0.79,1.895,0.895,1.0476190476190477,2.0,3.095,0.22,0.0
46,CrossEntropyLoss,OCDF,0.010000000000000009,0.995,4.89,3.89,1.0,1.0,4.889999999999999,0.005,0.0
46,CrossEntropyLoss,OCDF,0.020000000000000018,0.975,4.685,3.685,1.0,1.0,6.184999999999998,0.025,0.0
46,CrossEntropyLoss,OCDF,0.030000000000000027,0.975,4.59,3.59,1.0,1.0,5.256666666666665,0.025,0.0
46,CrossEntropyLoss,OCDF,0.050000000000000044,0.96,3.795,2.795,1.125,2.0,4.594999999999999,0.045,0.0
46,CrossEntropyLoss,OCDF,0.07999999999999996,0.93,3.63,2.63,1.0714285714285714,2.0,4.505000000000001,0.075,0.0
46,CrossEntropyLoss,OCDF,0.09999999999999998,0.9,3.54,2.54,1.1,2.0,4.74,0.11,0.0
46,CrossEntropyLoss,OCDF,0.13,0.885,3.38,2.38,1.0869565217391304,2.0,4.303076923076924,0.125,0.0
46,CrossEntropyLoss,OCDF,0.15000000000000002,0.86,3.31,2.31,1.1071428571428572,2.0,4.376666666666666,0.155,0.0
46,CrossEntropyLoss,OCDF,0.18000000000000005,0.82,3.18,2.18,1.1666666666666667,2.0,4.513333333333333,0.21,0.0
46,CrossEntropyLoss,OCDF,0.19999999999999996,0.81,3.105,2.105,1.1578947368421053,2.0,4.305,0.22,0.0
46,CrossEntropyLoss,APS,0.010000000000000009,0.975,4.34,3.46,1.0,1.0,8.459999999999996,0.025,0.12
46,CrossEntropyLoss,APS,0.020000000000000018,0.97,4.16,3.325,1.0,1.0,6.3249999999999975,0.03,0.16500000000000004
46,CrossEntropyLoss,APS,0.030000000000000027,0.97,3.84,3.01,1.0,1.0,5.009999999999998,0.03,0.17000000000000004
46,CrossEntropyLoss,APS,0.050000000000000044,0.955,3.3,2.39,1.1111111111111112,2.0,4.389999999999998,0.05,0.08999999999999997
46,CrossEntropyLoss,APS,0.07999999999999996,0.935,3.025,2.065,1.0769230769230769,2.0,3.8150000000000013,0.07,0.040000000000000036
46,CrossEntropyLoss,APS,0.09999999999999998,0.905,2.885,1.91,1.0526315789473684,2.0,3.91,0.1,0.025000000000000022
46,CrossEntropyLoss,APS,0.13,0.855,2.475,1.48,1.0689655172413792,2.0,3.8646153846153846,0.155,0.0050000000000000044
46,CrossEntropyLoss,APS,0.15000000000000002,0.84,2.315,1.315,1.0625,2.0,3.581666666666666,0.17,0.0
46,CrossEntropyLoss,APS,0.18000000000000005,0.82,2.225,1.225,1.0555555555555556,2.0,3.3361111111111104,0.19,0.0
46,CrossEntropyLoss,APS,0.19999999999999996,0.805,2.145,1.145,1.0512820512820513,2.0,3.195,0.205,0.0
46,CrossEntropyLoss,LAC,0.010000000000000009,0.975,4.86,3.86,1.0,1.0,8.859999999999996,0.025,0.0
46,CrossEntropyLoss,LAC,0.020000000000000018,0.965,4.72,3.725,1.0,1.0,7.224999999999997,0.035,0.0050000000000000044
46,CrossEntropyLoss,LAC,0.030000000000000027,0.96,4.28,3.365,1.0,1.0,6.031666666666665,0.04,0.08499999999999996
46,CrossEntropyLoss,LAC,0.050000000000000044,0.94,3.45,2.515,1.0,1.0,4.914999999999998,0.06,0.06499999999999995
46,CrossEntropyLoss,LAC,0.07999999999999996,0.935,2.805,1.805,1.1538461538461537,2.0,3.680000000000001,0.075,0.0
46,CrossEntropyLoss,LAC,0.09999999999999998,0.9,2.675,1.675,1.1,2.0,3.875,0.11,0.0
46,CrossEntropyLoss,LAC,0.13,0.855,2.395,1.395,1.0689655172413792,2.0,3.7796153846153846,0.155,0.0
46,CrossEntropyLoss,LAC,0.15000000000000002,0.84,2.27,1.27,1.0625,2.0,3.536666666666666,0.17,0.0
46,CrossEntropyLoss,LAC,0.18000000000000005,0.81,2.06,1.06,1.0526315789473684,2.0,3.282222222222222,0.2,0.0
46,CrossEntropyLoss,LAC,0.19999999999999996,0.775,1.99,0.99,1.0444444444444445,2.0,3.34,0.235,0.0
47,CrossEntropyLoss,min-CPS,0.010000000000000009,0.995,4.93,3.93,1.0,1.0,4.929999999999999,0.005,0.0
47,CrossEntropyLoss,min-CPS,0.020000000000000018,0.985,4.875,3.875,1.0,1.0,5.374999999999997,0.015,0.0
47,CrossEntropyLoss,min-CPS,0.030000000000000027,0.965,3.95,2.95,1.0,1.0,5.283333333333332,0.035,0.0
47,CrossEntropyLoss,min-CPS,0.050000000000000044,0.94,3.295,2.295,1.0833333333333333,2.0,4.894999999999998,0.065,0.0
47,CrossEntropyLoss,min-CPS,0.07999999999999996,0.925,3.05,2.05,1.0666666666666667,2.0,4.050000000000001,0.08,0.0
47,CrossEntropyLoss,min-CPS,0.09999999999999998,0.925,2.83,1.83,1.0666666666666667,2.0,3.43,0.08,0.0
47,CrossEntropyLoss,min-CPS,0.13,0.885,2.7,1.7,1.0434782608695652,2.0,3.546153846153846,0.12,0.0
47,CrossEntropyLoss,min-CPS,0.15000000000000002,0.85,2.68,1.68,1.0666666666666667,2.0,3.813333333333333,0.16,0.0
47,CrossEntropyLoss,min-CPS,0.18000000000000005,0.845,2.635,1.635,1.064516129032258,2.0,3.4683333333333324,0.165,0.0
47,CrossEntropyLoss,min-CPS,0.19999999999999996,0.825,2.59,1.59,1.0571428571428572,2.0,3.44,0.185,0.0
47,CrossEntropyLoss,RPS,0.010000000000000009,0.995,3.9,2.9,1.0,1.0,3.899999999999999,0.005,0.0
47,CrossEntropyLoss,RPS,0.020000000000000018,0.995,3.895,2.895,1.0,1.0,3.3949999999999996,0.005,0.0
47,CrossEntropyLoss,RPS,0.030000000000000027,0.985,3.635,2.635,1.0,1.0,3.6349999999999993,0.015,0.0
47,CrossEntropyLoss,RPS,0.050000000000000044,0.955,3.19,2.19,1.0,1.0,3.989999999999999,0.045,0.0
47,CrossEntropyLoss,RPS,0.07999999999999996,0.935,2.98,1.98,1.0,1.0,3.6050000000000013,0.065,0.0
47,CrossEntropyLoss,RPS,0.09999999999999998,0.91,2.89,1.89,1.0,1.0,3.69,0.09,0.0
47,CrossEntropyLoss,RPS,0.13,0.87,2.64,1.64,1.0,1.0,3.64,0.13,0.0
47,CrossEntropyLoss,RPS,0.15000000000000002,0.855,2.49,1.49,1.0344827586206897,2.0,3.49,0.15,0.0
47,CrossEntropyLoss,RPS,0.18000000000000005,0.85,2.24,1.24,1.0333333333333334,2.0,2.9622222222222216,0.155,0.0
47,CrossEntropyLoss,RPS,0.19999999999999996,0.815,2.055,1.055,1.027027027027027,2.0,2.955,0.19,0.0
47,CrossEntropyLoss,OCDF,0.010000000000000009,0.995,4.89,3.89,1.0,1.0,4.889999999999999,0.005,0.0
47,CrossEntropyLoss,OCDF,0.020000000000000018,0.995,4.73,3.73,1.0,1.0,4.2299999999999995,0.005,0.0
47,CrossEntropyLoss,OCDF,0.030000000000000027,0.985,4.695,3.695,1.0,1.0,4.694999999999999,0.015,0.0
47,CrossEntropyLoss,OCDF,0.050000000000000044,0.965,3.82,2.82,1.0,1.0,4.219999999999999,0.035,0.0
47,CrossEntropyLoss,OCDF,0.07999999999999996,0.915,3.615,2.615,1.0,1.0,4.740000000000002,0.085,0.0
47,CrossEntropyLoss,OCDF,0.09999999999999998,0.9,3.53,2.53,1.05,2.0,4.63,0.105,0.0
47,CrossEntropyLoss,OCDF,0.13,0.86,3.305,2.305,1.0714285714285714,2.0,4.612692307692308,0.15,0.0
47,CrossEntropyLoss,OCDF,0.15000000000000002,0.83,3.18,2.18,1.0588235294117647,2.0,4.58,0.18,0.0
47,CrossEntropyLoss,OCDF,0.18000000000000005,0.815,3.145,2.145,1.1081081081081081,2.0,4.422777777777777,0.205,0.0
47,CrossEntropyLoss,OCDF,0.19999999999999996,0.79,2.995,1.995,1.0952380952380953,2.0,4.295,0.23,0.0
47,CrossEntropyLoss,APS,0.010000000000000009,0.995,4.56,3.665,1.0,1.0,4.664999999999999,0.005,0.10499999999999998
47,CrossEntropyLoss,APS,0.020000000000000018,0.99,4.39,3.53,1.0,1.0,4.5299999999999985,0.01,0.14
47,CrossEntropyLoss,APS,0.030000000000000027,0.98,3.985,3.175,1.0,1.0,4.508333333333333,0.02,0.18999999999999995
47,CrossEntropyLoss,APS,0.050000000000000044,0.965,3.625,2.755,1.0,1.0,4.1549999999999985,0.035,0.13
47,CrossEntropyLoss,APS,0.07999999999999996,0.92,2.98,2.005,1.0,1.0,4.005000000000001,0.08,0.025000000000000022
47,CrossEntropyLoss,APS,0.09999999999999998,0.895,2.74,1.75,1.0,1.0,3.85,0.105,0.010000000000000009
47,CrossEntropyLoss,APS,0.13,0.875,2.515,1.52,1.08,2.0,3.5969230769230776,0.135,0.0050000000000000044
47,CrossEntropyLoss,APS,0.15000000000000002,0.87,2.5,1.505,1.0769230769230769,2.0,3.371666666666666,0.14,0.0050000000000000044
47,CrossEntropyLoss,APS,0.18000000000000005,0.825,2.225,1.23,1.0571428571428572,2.0,3.2855555555555553,0.185,0.0050000000000000044
47,CrossEntropyLoss,APS,0.19999999999999996,0.82,2.16,1.165,1.0555555555555556,2.0,3.065,0.19,0.0050000000000000044
47,CrossEntropyLoss,LAC,0.010000000000000009,0.995,4.92,3.92,1.0,1.0,4.919999999999999,0.005,0.0
47,CrossEntropyLoss,LAC,0.020000000000000018,0.98,4.835,3.84,1.0,1.0,5.839999999999998,0.02,0.0050000000000000044
47,CrossEntropyLoss,LAC,0.030000000000000027,0.97,4.45,3.54,1.0,1.0,5.539999999999999,0.03,0.08999999999999997
47,CrossEntropyLoss,LAC,0.050000000000000044,0.95,3.44,2.48,1.0,1.0,4.479999999999999,0.05,0.040000000000000036
47,CrossEntropyLoss,LAC,0.07999999999999996,0.925,2.795,1.795,1.0666666666666667,2.0,3.7950000000000013,0.08,0.0
47,CrossEntropyLoss,LAC,0.09999999999999998,0.905,2.735,1.735,1.0526315789473684,2.0,3.735,0.1,0.0
47,CrossEntropyLoss,LAC,0.13,0.89,2.475,1.475,1.0454545454545454,2.0,3.2442307692307697,0.115,0.0
47,CrossEntropyLoss,LAC,0.15000000000000002,0.885,2.41,1.41,1.0434782608695652,2.0,3.01,0.12,0.0
47,CrossEntropyLoss,LAC,0.18000000000000005,0.84,2.18,1.18,1.03125,2.0,3.0133333333333328,0.165,0.0
47,CrossEntropyLoss,LAC,0.19999999999999996,0.78,1.965,0.965,1.0454545454545454,2.0,3.265,0.23,0.0
48,CrossEntropyLoss,min-CPS,0.010000000000000009,0.99,4.93,3.93,1.0,1.0,5.929999999999998,0.01,0.0
48,CrossEntropyLoss,min-CPS,0.020000000000000018,0.98,4.725,3.725,1.0,1.0,5.724999999999998,0.02,0.0
48,CrossEntropyLoss,min-CPS,0.030000000000000027,0.97,4.115,3.115,1.0,1.0,5.114999999999998,0.03,0.0
48,CrossEntropyLoss,min-CPS,0.050000000000000044,0.955,3.625,2.625,1.1111111111111112,2.0,4.624999999999998,0.05,0.0
48,CrossEntropyLoss,min-CPS,0.07999999999999996,0.945,3.105,2.105,1.0909090909090908,2.0,3.6050000000000013,0.06,0.0
48,CrossEntropyLoss,min-CPS,0.09999999999999998,0.945,3.1,2.1,1.0909090909090908,2.0,3.3,0.06,0.0
48,CrossEntropyLoss,min-CPS,0.13,0.9,2.725,1.725,1.05,2.0,3.3403846153846155,0.105,0.0
48,CrossEntropyLoss,min-CPS,0.15000000000000002,0.895,2.725,1.725,1.0476190476190477,2.0,3.1916666666666664,0.11,0.0
48,CrossEntropyLoss,min-CPS,0.18000000000000005,0.85,2.685,1.685,1.0333333333333334,2.0,3.407222222222222,0.155,0.0
48,CrossEntropyLoss,min-CPS,0.19999999999999996,0.805,2.61,1.61,1.0256410256410255,2.0,3.61,0.2,0.0
48,CrossEntropyLoss,RPS,0.010000000000000009,0.995,3.91,2.91,1.0,1.0,3.909999999999999,0.005,0.0
48,CrossEntropyLoss,RPS,0.020000000000000018,0.985,3.775,2.775,1.0,1.0,4.274999999999999,0.015,0.0
48,CrossEntropyLoss,RPS,0.030000000000000027,0.985,3.655,2.655,1.0,1.0,3.6549999999999994,0.015,0.0
48,CrossEntropyLoss,RPS,0.050000000000000044,0.94,3.14,2.14,1.0,1.0,4.539999999999998,0.06,0.0
48,CrossEntropyLoss,RPS,0.07999999999999996,0.91,2.99,1.99,1.0,1.0,4.240000000000001,0.09,0.0
48,CrossEntropyLoss,RPS,0.09999999999999998,0.895,2.82,1.82,1.0,1.0,3.92,0.105,0.0
48,CrossEntropyLoss,RPS,0.13,0.875,2.715,1.715,1.0,1.0,3.638076923076923,0.125,0.0
48,CrossEntropyLoss,RPS,0.15000000000000002,0.87,2.555,1.555,1.0,1.0,3.288333333333333,0.13,0.0
48,CrossEntropyLoss,RPS,0.18000000000000005,0.83,2.19,1.19,1.0294117647058822,2.0,3.1344444444444433,0.175,0.0
48,CrossEntropyLoss,RPS,0.19999999999999996,0.805,2.03,1.03,1.0256410256410255,2.0,3.03,0.2,0.0
48,CrossEntropyLoss,OCDF,0.010000000000000009,0.995,4.92,3.92,1.0,1.0,4.919999999999999,0.005,0.0
48,CrossEntropyLoss,OCDF,0.020000000000000018,0.965,4.59,3.59,1.0,1.0,7.089999999999998,0.035,0.0
48,CrossEntropyLoss,OCDF,0.030000000000000027,0.96,3.91,2.91,1.125,2.0,5.9099999999999975,0.045,0.0
48,CrossEntropyLoss,OCDF,0.050000000000000044,0.935,3.785,2.785,1.1538461538461537,2.0,5.7849999999999975,0.075,0.0
48,CrossEntropyLoss,OCDF,0.07999999999999996,0.93,3.68,2.68,1.1428571428571428,2.0,4.6800000000000015,0.08,0.0
48,CrossEntropyLoss,OCDF,0.09999999999999998,0.925,3.67,2.67,1.1333333333333333,2.0,4.37,0.085,0.0
48,CrossEntropyLoss,OCDF,0.13,0.895,3.425,2.425,1.0952380952380953,2.0,4.194230769230769,0.115,0.0
48,CrossEntropyLoss,OCDF,0.15000000000000002,0.88,3.37,2.37,1.125,2.0,4.169999999999999,0.135,0.0
48,CrossEntropyLoss,OCDF,0.18000000000000005,0.855,3.265,2.265,1.103448275862069,2.0,4.042777777777777,0.16,0.0
48,CrossEntropyLoss,OCDF,0.19999999999999996,0.83,3.22,2.22,1.1764705882352942,2.0,4.22,0.2,0.0
48,CrossEntropyLoss,APS,0.010000000000000009,0.99,4.91,3.93,1.0,1.0,5.929999999999998,0.01,0.020000000000000018
48,CrossEntropyLoss,APS,0.020000000000000018,0.975,4.39,3.54,1.0,1.0,6.039999999999997,0.025,0.15000000000000002
48,CrossEntropyLoss,APS,0.030000000000000027,0.97,3.975,3.195,1.0,1.0,5.1949999999999985,0.03,0.21999999999999997
48,CrossEntropyLoss,APS,0.050000000000000044,0.97,3.7,2.875,1.0,1.0,4.074999999999999,0.03,0.17500000000000004
48,CrossEntropyLoss,APS,0.07999999999999996,0.93,3.12,2.16,1.0714285714285714,2.0,4.035000000000001,0.075,0.040000000000000036
48,CrossEntropyLoss,APS,0.09999999999999998,0.895,2.815,1.835,1.0476190476190477,2.0,4.035,0.11,0.020000000000000018
48,CrossEntropyLoss,APS,0.13,0.875,2.7,1.72,1.04,2.0,3.72,0.13,0.020000000000000018
48,CrossEntropyLoss,APS,0.15000000000000002,0.865,2.555,1.56,1.1111111111111112,2.0,3.56,0.15,0.0050000000000000044
48,CrossEntropyLoss,APS,0.18000000000000005,0.835,2.305,1.31,1.0909090909090908,2.0,3.3099999999999996,0.18,0.0050000000000000044
48,CrossEntropyLoss,APS,0.19999999999999996,0.83,2.285,1.29,1.088235294117647,2.0,3.14,0.185,0.0050000000000000044
48,CrossEntropyLoss,LAC,0.010000000000000009,0.98,4.915,3.915,1.0,1.0,7.9149999999999965,0.02,0.0
48,CrossEntropyLoss,LAC,0.020000000000000018,0.975,4.875,3.89,1.0,1.0,6.389999999999998,0.025,0.015000000000000013
48,CrossEntropyLoss,LAC,0.030000000000000027,0.97,4.555,3.625,1.0,1.0,5.624999999999999,0.03,0.06999999999999995
48,CrossEntropyLoss,LAC,0.050000000000000044,0.96,3.615,2.67,1.0,1.0,4.269999999999999,0.04,0.05500000000000005
48,CrossEntropyLoss,LAC,0.07999999999999996,0.935,2.8,1.8,1.0769230769230769,2.0,3.550000000000001,0.07,0.0
48,CrossEntropyLoss,LAC,0.09999999999999998,0.91,2.73,1.73,1.0555555555555556,2.0,3.63,0.095,0.0
48,CrossEntropyLoss,LAC,0.13,0.88,2.45,1.45,1.0416666666666667,2.0,3.3730769230769226,0.125,0.0
48,CrossEntropyLoss,LAC,0.15000000000000002,0.865,2.325,1.325,1.037037037037037,2.0,3.1916666666666664,0.14,0.0
48,CrossEntropyLoss,LAC,0.18000000000000005,0.82,2.085,1.085,1.0277777777777777,2.0,3.140555555555555,0.185,0.0
48,CrossEntropyLoss,LAC,0.19999999999999996,0.795,2.035,1.035,1.024390243902439,2.0,3.135,0.21,0.0
49,CrossEntropyLoss,min-CPS,0.010000000000000009,0.99,4.905,3.905,1.0,1.0,5.904999999999998,0.01,0.0
49,CrossEntropyLoss,min-CPS,0.020000000000000018,0.985,4.89,3.89,1.0,1.0,5.389999999999999,0.015,0.0
49,CrossEntropyLoss,min-CPS,0.030000000000000027,0.98,4.255,3.255,1.0,1.0,4.588333333333333,0.02,0.0
49,CrossEntropyLoss,min-CPS,0.050000000000000044,0.975,3.805,2.805,1.0,1.0,3.8049999999999993,0.025,0.0
49,CrossEntropyLoss,min-CPS,0.07999999999999996,0.96,3.125,2.125,1.125,2.0,3.2500000000000004,0.045,0.0
49,CrossEntropyLoss,min-CPS,0.09999999999999998,0.95,3.1,2.1,1.1,2.0,3.2,0.055,0.0
49,CrossEntropyLoss,min-CPS,0.13,0.9,2.755,1.755,1.05,2.0,3.3703846153846153,0.105,0.0
49,CrossEntropyLoss,min-CPS,0.15000000000000002,0.875,2.755,1.755,1.08,2.0,3.5549999999999993,0.135,0.0
49,CrossEntropyLoss,min-CPS,0.18000000000000005,0.83,2.665,1.665,1.0588235294117647,2.0,3.6649999999999987,0.18,0.0
49,CrossEntropyLoss,min-CPS,0.19999999999999996,0.815,2.62,1.62,1.054054054054054,2.0,3.57,0.195,0.0
49,CrossEntropyLoss,RPS,0.010000000000000009,0.995,3.92,2.92,1.0,1.0,3.919999999999999,0.005,0.0
49,CrossEntropyLoss,RPS,0.020000000000000018,0.995,3.91,2.91,1.0,1.0,3.4099999999999993,0.005,0.0
49,CrossEntropyLoss,RPS,0.030000000000000027,0.985,3.67,2.67,1.0,1.0,3.6699999999999995,0.015,0.0
49,CrossEntropyLoss,RPS,0.050000000000000044,0.97,3.425,2.425,1.0,1.0,3.6249999999999987,0.03,0.0
49,CrossEntropyLoss,RPS,0.07999999999999996,0.94,3.01,2.01,1.0,1.0,3.510000000000001,0.06,0.0
49,CrossEntropyLoss,RPS,0.09999999999999998,0.94,3.01,2.01,1.0,1.0,3.21,0.06,0.0
49,CrossEntropyLoss,RPS,0.13,0.925,2.82,1.82,1.0,1.0,2.973846153846154,0.075,0.0
49,CrossEntropyLoss,RPS,0.15000000000000002,0.88,2.575,1.575,1.0,1.0,3.1749999999999994,0.12,0.0
49,CrossEntropyLoss,RPS,0.18000000000000005,0.85,2.21,1.21,1.0333333333333334,2.0,2.932222222222222,0.155,0.0
49,CrossEntropyLoss,RPS,0.19999999999999996,0.83,2.14,1.14,1.0294117647058822,2.0,2.89,0.175,0.0
49,CrossEntropyLoss,OCDF,0.010000000000000009,1.0,4.89,3.89,,0.0,3.89,0.0,0.0
49,CrossEntropyLoss,OCDF,0.020000000000000018,0.975,4.685,3.685,1.0,1.0,6.184999999999998,0.025,0.0
49,CrossEntropyLoss,OCDF,0.030000000000000027,0.975,4.605,3.605,1.0,1.0,5.271666666666665,0.025,0.0
49,CrossEntropyLoss,OCDF,0.050000000000000044,0.96,3.815,2.815,1.0,1.0,4.414999999999999,0.04,0.0
49,CrossEntropyLoss,OCDF,0.07999999999999996,0.955,3.755,2.755,1.1111111111111112,2.0,4.005000000000001,0.05,0.0
49,CrossEntropyLoss,OCDF,0.09999999999999998,0.945,3.645,2.645,1.0909090909090908,2.0,3.845,0.06,0.0
49,CrossEntropyLoss,OCDF,0.13,0.93,3.57,2.57,1.0714285714285714,2.0,3.723846153846154,0.075,0.0
49,CrossEntropyLoss,OCDF,0.15000000000000002,0.93,3.42,2.42,1.0714285714285714,2.0,3.42,0.075,0.0
49,CrossEntropyLoss,OCDF,0.18000000000000005,0.855,3.22,2.22,1.0689655172413792,2.0,3.9422222222222216,0.155,0.0
49,CrossEntropyLoss,OCDF,0.19999999999999996,0.825,3.15,2.15,1.1428571428571428,2.0,4.15,0.2,0.0
49,CrossEntropyLoss,APS,0.010000000000000009,1.0,4.835,3.89,,0.0,3.89,0.0,0.05500000000000005
49,CrossEntropyLoss,APS,0.020000000000000018,0.985,4.595,3.7,1.0,1.0,5.199999999999999,0.015,0.10499999999999998
49,CrossEntropyLoss,APS,0.030000000000000027,0.985,4.455,3.585,1.0,1.0,4.584999999999999,0.015,0.13
49,CrossEntropyLoss,APS,0.050000000000000044,0.975,3.7,2.865,1.0,1.0,3.8649999999999993,0.025,0.16500000000000004
49,CrossEntropyLoss,APS,0.07999999999999996,0.95,3.07,2.105,1.1,2.0,3.4800000000000013,0.055,0.03500000000000003
49,CrossEntropyLoss,APS,0.09999999999999998,0.945,2.97,1.995,1.0909090909090908,2.0,3.195,0.06,0.025000000000000022
49,CrossEntropyLoss,APS,0.13,0.885,2.675,1.69,1.0434782608695652,2.0,3.536153846153846,0.12,0.015000000000000013
49,CrossEntropyLoss,APS,0.15000000000000002,0.87,2.565,1.575,1.0384615384615385,2.0,3.3749999999999996,0.135,0.010000000000000009
49,CrossEntropyLoss,APS,0.18000000000000005,0.845,2.435,1.445,1.032258064516129,2.0,3.222777777777777,0.16,0.010000000000000009
49,CrossEntropyLoss,APS,0.19999999999999996,0.83,2.35,1.36,1.0294117647058822,2.0,3.11,0.175,0.010000000000000009
49,CrossEntropyLoss,LAC,0.010000000000000009,0.995,4.935,3.94,1.0,1.0,4.939999999999999,0.005,0.0050000000000000044
49,CrossEntropyLoss,LAC,0.020000000000000018,0.985,4.865,3.875,1.0,1.0,5.374999999999999,0.015,0.010000000000000009
49,CrossEntropyLoss,LAC,0.030000000000000027,0.985,4.84,3.86,1.0,1.0,4.859999999999999,0.015,0.020000000000000018
49,CrossEntropyLoss,LAC,0.050000000000000044,0.975,4.12,3.225,1.0,1.0,4.225,0.025,0.10499999999999998
49,CrossEntropyLoss,LAC,0.07999999999999996,0.96,3.025,2.06,1.0,1.0,3.0600000000000005,0.04,0.03500000000000003
49,CrossEntropyLoss,LAC,0.09999999999999998,0.96,2.825,1.825,1.125,2.0,2.725,0.045,0.0
49,CrossEntropyLoss,LAC,0.13,0.915,2.55,1.55,1.0588235294117647,2.0,2.9346153846153844,0.09,0.0
49,CrossEntropyLoss,LAC,0.15000000000000002,0.895,2.4,1.4,1.0476190476190477,2.0,2.8666666666666663,0.11,0.0
49,CrossEntropyLoss,LAC,0.18000000000000005,0.865,2.26,1.26,1.037037037037037,2.0,2.8155555555555547,0.14,0.0
49,CrossEntropyLoss,LAC,0.19999999999999996,0.825,2.065,1.065,1.0285714285714285,2.0,2.865,0.18,0.0
