iteration,loss,score,ALPHA,COV,PS,MW,MAMM,WAMM,AISL,MASE,CV%
0,COPOC,min-CPS,0.010000000000000009,0.9961538461538462,4.638461538461539,3.6384615384615384,1.0,1.0,4.407692307692307,0.0038461538461538464,0.0
0,COPOC,min-CPS,0.020000000000000018,0.9653846153846154,4.0,3.0,1.3333333333333333,2.0,7.615384615384612,0.046153846153846156,0.0
0,COPOC,min-CPS,0.030000000000000027,0.9615384615384616,3.773076923076923,2.773076923076923,1.5,2.0,6.619230769230767,0.057692307692307696,0.0
0,COPOC,min-CPS,0.050000000000000044,0.9346153846153846,3.3,2.3,1.411764705882353,3.0,5.992307692307689,0.09230769230769231,0.0
0,COPOC,min-CPS,0.07999999999999996,0.9038461538461539,3.05,2.05,1.36,3.0,5.319230769230771,0.13076923076923078,0.0
0,COPOC,min-CPS,0.09999999999999998,0.8846153846153846,2.8692307692307693,1.8692307692307693,1.3666666666666667,3.0,5.023076923076923,0.1576923076923077,0.0
0,COPOC,min-CPS,0.13,0.8615384615384616,2.7615384615384615,1.7615384615384615,1.3611111111111112,3.0,4.66094674556213,0.18846153846153846,0.0
0,COPOC,min-CPS,0.15000000000000002,0.85,2.6384615384615384,1.6384615384615384,1.4615384615384615,3.0,4.561538461538461,0.21923076923076923,0.0
0,COPOC,min-CPS,0.18000000000000005,0.8192307692307692,2.4461538461538463,1.4461538461538461,1.4680851063829787,3.0,4.394871794871794,0.2653846153846154,0.0
0,COPOC,min-CPS,0.19999999999999996,0.7923076923076923,2.3,1.3,1.4444444444444444,3.0,4.3,0.3,0.0
0,COPOC,RPS,0.010000000000000009,0.9846153846153847,4.434615384615385,3.4346153846153844,1.0,1.0,6.511538461538459,0.015384615384615385,0.0
0,COPOC,RPS,0.020000000000000018,0.9730769230769231,4.042307692307692,3.042307692307692,1.0,1.0,5.734615384615383,0.026923076923076925,0.0
0,COPOC,RPS,0.030000000000000027,0.9653846153846154,3.9307692307692306,2.9307692307692306,1.3333333333333333,2.0,6.007692307692305,0.046153846153846156,0.0
0,COPOC,RPS,0.050000000000000044,0.9384615384615385,3.65,2.65,1.25,2.0,5.726923076923075,0.07692307692307693,0.0
0,COPOC,RPS,0.07999999999999996,0.926923076923077,3.5384615384615383,2.5384615384615383,1.2105263157894737,2.0,4.750000000000002,0.08846153846153847,0.0
0,COPOC,RPS,0.09999999999999998,0.9076923076923077,3.3230769230769233,2.3230769230769233,1.1666666666666667,2.0,4.476923076923077,0.1076923076923077,0.0
0,COPOC,RPS,0.13,0.8769230769230769,3.0153846153846153,2.0153846153846153,1.21875,2.0,4.323076923076923,0.15,0.0
0,COPOC,RPS,0.15000000000000002,0.8346153846153846,2.792307692307692,1.7923076923076924,1.255813953488372,3.0,4.561538461538461,0.2076923076923077,0.0
0,COPOC,RPS,0.18000000000000005,0.8038461538461539,2.6423076923076922,1.6423076923076922,1.2745098039215685,3.0,4.420085470085469,0.25,0.0
0,COPOC,RPS,0.19999999999999996,0.7961538461538461,2.5730769230769233,1.573076923076923,1.3018867924528301,3.0,4.226923076923077,0.2653846153846154,0.0
0,COPOC,OCDF,0.010000000000000009,0.9846153846153847,4.892307692307693,3.8923076923076922,1.25,2.0,7.738461538461535,0.019230769230769232,0.0
0,COPOC,OCDF,0.020000000000000018,0.9846153846153847,4.869230769230769,3.8692307692307693,1.75,3.0,6.561538461538459,0.026923076923076925,0.0
0,COPOC,OCDF,0.030000000000000027,0.9846153846153847,4.865384615384615,3.8653846153846154,1.75,3.0,5.660256410256409,0.026923076923076925,0.0
0,COPOC,OCDF,0.050000000000000044,0.9538461538461539,4.7,3.7,1.4166666666666667,3.0,6.315384615384613,0.06538461538461539,0.0
0,COPOC,OCDF,0.07999999999999996,0.9307692307692308,4.553846153846154,3.5538461538461537,1.3888888888888888,3.0,5.95769230769231,0.09615384615384616,0.0
0,COPOC,OCDF,0.09999999999999998,0.926923076923077,4.496153846153846,3.496153846153846,1.4210526315789473,4.0,5.573076923076923,0.10384615384615385,0.0
0,COPOC,OCDF,0.13,0.9153846153846154,4.434615384615385,3.4346153846153844,1.5,4.0,5.387278106508876,0.12692307692307692,0.0
0,COPOC,OCDF,0.15000000000000002,0.8807692307692307,4.2615384615384615,3.2615384615384615,1.4838709677419355,4.0,5.620512820512819,0.17692307692307693,0.0
0,COPOC,OCDF,0.18000000000000005,0.8423076923076923,4.126923076923077,3.126923076923077,1.5609756097560976,4.0,5.861965811965811,0.24615384615384617,0.0
0,COPOC,OCDF,0.19999999999999996,0.8115384615384615,3.9346153846153844,2.9346153846153844,1.653061224489796,4.0,6.05,0.31153846153846154,0.0
0,COPOC,APS,0.010000000000000009,1.0,4.657692307692308,3.6576923076923076,,0.0,3.6576923076923076,0.0,0.0
0,COPOC,APS,0.020000000000000018,0.9576923076923077,3.8923076923076922,2.8923076923076922,1.5454545454545454,3.0,9.430769230769224,0.06538461538461539,0.0
0,COPOC,APS,0.030000000000000027,0.9576923076923077,3.8346153846153848,2.8346153846153848,1.6363636363636365,3.0,7.449999999999997,0.06923076923076923,0.0
0,COPOC,APS,0.050000000000000044,0.9192307692307692,3.4461538461538463,2.4461538461538463,1.3333333333333333,3.0,6.75384615384615,0.1076923076923077,0.0
0,COPOC,APS,0.07999999999999996,0.9,3.2384615384615385,2.2423076923076923,1.3846153846153846,4.0,5.511538461538463,0.13846153846153847,0.0
0,COPOC,APS,0.09999999999999998,0.8576923076923076,2.9307692307692306,1.9423076923076923,1.5405405405405406,4.0,5.5576923076923075,0.21923076923076923,0.0
0,COPOC,APS,0.13,0.823076923076923,2.75,1.7692307692307692,1.608695652173913,4.0,5.0828402366863905,0.2846153846153846,0.0
0,COPOC,APS,0.15000000000000002,0.8192307692307692,2.707692307692308,1.726923076923077,1.6170212765957446,4.0,4.701282051282051,0.2923076923076923,0.0
0,COPOC,APS,0.18000000000000005,0.8038461538461539,2.55,1.5692307692307692,1.607843137254902,4.0,4.304273504273503,0.3153846153846154,0.0
0,COPOC,APS,0.19999999999999996,0.7884615384615384,2.5,1.523076923076923,1.6545454545454545,4.0,4.176923076923077,0.35,0.0
0,COPOC,LAC,0.010000000000000009,0.9961538461538462,4.638461538461539,3.6384615384615384,1.0,1.0,4.407692307692307,0.0038461538461538464,0.0
0,COPOC,LAC,0.020000000000000018,0.9653846153846154,3.9692307692307693,2.9692307692307693,1.4444444444444444,2.0,7.969230769230766,0.05,0.0
0,COPOC,LAC,0.030000000000000027,0.9653846153846154,3.8692307692307693,2.8692307692307693,1.4444444444444444,2.0,6.2025641025641,0.05,0.0
0,COPOC,LAC,0.050000000000000044,0.9230769230769231,3.1846153846153844,2.1846153846153844,1.45,3.0,6.646153846153843,0.11153846153846154,0.0
0,COPOC,LAC,0.07999999999999996,0.8961538461538462,3.0153846153846153,2.0153846153846153,1.3703703703703705,3.0,5.573076923076925,0.1423076923076923,0.0
0,COPOC,LAC,0.09999999999999998,0.8769230769230769,2.896153846153846,1.896153846153846,1.40625,3.0,5.357692307692307,0.17307692307692307,0.0
0,COPOC,LAC,0.13,0.8615384615384616,2.6884615384615387,1.6884615384615385,1.5,3.0,4.883727810650887,0.2076923076923077,0.0
0,COPOC,LAC,0.15000000000000002,0.8384615384615385,2.476923076923077,1.476923076923077,1.5476190476190477,3.0,4.81025641025641,0.25,0.0
0,COPOC,LAC,0.18000000000000005,0.8269230769230769,2.396153846153846,1.396153846153846,1.5333333333333334,3.0,4.3448717948717945,0.2653846153846154,0.0
0,COPOC,LAC,0.19999999999999996,0.8076923076923077,2.3230769230769233,1.323076923076923,1.52,3.0,4.246153846153846,0.2923076923076923,0.0
1,COPOC,min-CPS,0.010000000000000009,0.9961538461538462,4.642307692307693,3.6423076923076922,1.0,1.0,4.411538461538461,0.0038461538461538464,0.0
1,COPOC,min-CPS,0.020000000000000018,0.9884615384615385,4.273076923076923,3.273076923076923,1.6666666666666667,2.0,5.196153846153845,0.019230769230769232,0.0
1,COPOC,min-CPS,0.030000000000000027,0.9846153846153847,4.2153846153846155,3.2153846153846155,1.75,2.0,5.010256410256408,0.026923076923076925,0.0
1,COPOC,min-CPS,0.050000000000000044,0.95,3.5384615384615383,2.5384615384615383,1.3076923076923077,3.0,5.1538461538461515,0.06538461538461539,0.0
1,COPOC,min-CPS,0.07999999999999996,0.8923076923076924,3.1076923076923078,2.1076923076923078,1.2142857142857142,3.0,5.376923076923078,0.13076923076923078,0.0
1,COPOC,min-CPS,0.09999999999999998,0.8807692307692307,2.919230769230769,1.9192307692307693,1.3225806451612903,3.0,5.073076923076923,0.1576923076923077,0.0
1,COPOC,min-CPS,0.13,0.85,2.7807692307692307,1.7807692307692307,1.3076923076923077,3.0,4.798520710059172,0.19615384615384615,0.0
1,COPOC,min-CPS,0.15000000000000002,0.8115384615384615,2.542307692307692,1.5423076923076924,1.3265306122448979,3.0,4.875641025641025,0.25,0.0
1,COPOC,min-CPS,0.18000000000000005,0.7807692307692308,2.373076923076923,1.373076923076923,1.368421052631579,3.0,4.706410256410256,0.3,0.0
1,COPOC,min-CPS,0.19999999999999996,0.7730769230769231,2.330769230769231,1.3307692307692307,1.3898305084745763,3.0,4.484615384615385,0.3153846153846154,0.0
1,COPOC,RPS,0.010000000000000009,1.0,4.665384615384616,3.6653846153846152,,0.0,3.6653846153846152,0.0,0.0
1,COPOC,RPS,0.020000000000000018,0.9923076923076923,4.415384615384616,3.4153846153846152,1.0,1.0,4.184615384615384,0.007692307692307693,0.0
1,COPOC,RPS,0.030000000000000027,0.9615384615384616,3.9615384615384617,2.9615384615384617,1.1,2.0,5.78205128205128,0.04230769230769231,0.0
1,COPOC,RPS,0.050000000000000044,0.9423076923076923,3.703846153846154,2.703846153846154,1.1333333333333333,2.0,5.319230769230767,0.06538461538461539,0.0
1,COPOC,RPS,0.07999999999999996,0.9076923076923077,3.480769230769231,2.480769230769231,1.0833333333333333,2.0,4.980769230769233,0.1,0.0
1,COPOC,RPS,0.09999999999999998,0.8884615384615384,3.269230769230769,2.269230769230769,1.103448275862069,2.0,4.730769230769231,0.12307692307692308,0.0
1,COPOC,RPS,0.13,0.8269230769230769,2.876923076923077,1.876923076923077,1.1777777777777778,2.0,5.013017751479289,0.20384615384615384,0.0
1,COPOC,RPS,0.15000000000000002,0.8076923076923077,2.753846153846154,1.7538461538461538,1.22,3.0,4.882051282051282,0.23461538461538461,0.0
1,COPOC,RPS,0.18000000000000005,0.7923076923076923,2.646153846153846,1.646153846153846,1.2777777777777777,3.0,4.594871794871794,0.2653846153846154,0.0
1,COPOC,RPS,0.19999999999999996,0.75,2.2384615384615385,1.2384615384615385,1.3384615384615384,3.0,4.584615384615384,0.3346153846153846,0.0
1,COPOC,OCDF,0.010000000000000009,0.9961538461538462,4.961538461538462,3.9615384615384617,1.0,1.0,4.73076923076923,0.0038461538461538464,0.0
1,COPOC,OCDF,0.020000000000000018,0.9807692307692307,4.911538461538462,3.9115384615384614,1.2,2.0,6.219230769230768,0.023076923076923078,0.0
1,COPOC,OCDF,0.030000000000000027,0.9807692307692307,4.903846153846154,3.9038461538461537,1.2,2.0,5.442307692307692,0.023076923076923078,0.0
1,COPOC,OCDF,0.050000000000000044,0.9384615384615385,4.653846153846154,3.6538461538461537,1.4375,2.0,7.19230769230769,0.08846153846153847,0.0
1,COPOC,OCDF,0.07999999999999996,0.9076923076923077,4.469230769230769,3.4692307692307693,1.4583333333333333,2.0,6.834615384615386,0.1346153846153846,0.0
1,COPOC,OCDF,0.09999999999999998,0.8923076923076924,4.373076923076923,3.373076923076923,1.4285714285714286,2.0,6.45,0.15384615384615385,0.0
1,COPOC,OCDF,0.13,0.8730769230769231,4.246153846153846,3.246153846153846,1.4545454545454546,2.0,6.086390532544379,0.18461538461538463,0.0
1,COPOC,OCDF,0.15000000000000002,0.85,4.088461538461538,3.0884615384615386,1.564102564102564,3.0,6.216666666666667,0.23461538461538461,0.0
1,COPOC,OCDF,0.18000000000000005,0.8269230769230769,4.042307692307692,3.042307692307692,1.5777777777777777,3.0,6.076495726495725,0.27307692307692305,0.0
1,COPOC,OCDF,0.19999999999999996,0.8153846153846154,3.9038461538461537,2.9038461538461537,1.7291666666666667,3.0,6.096153846153846,0.3192307692307692,0.0
1,COPOC,APS,0.010000000000000009,1.0,4.6,3.6,,0.0,3.6,0.0,0.0
1,COPOC,APS,0.020000000000000018,0.9769230769230769,4.296153846153846,3.296153846153846,1.0,1.0,5.603846153846152,0.023076923076923078,0.0
1,COPOC,APS,0.030000000000000027,0.9769230769230769,4.126923076923077,3.126923076923077,1.5,2.0,5.434615384615383,0.03461538461538462,0.0
1,COPOC,APS,0.050000000000000044,0.9423076923076923,3.6,2.6,1.2666666666666666,3.0,5.523076923076921,0.07307692307692308,0.0
1,COPOC,APS,0.07999999999999996,0.8923076923076924,3.1653846153846152,2.173076923076923,1.4642857142857142,4.0,5.442307692307694,0.1576923076923077,0.0
1,COPOC,APS,0.09999999999999998,0.8730769230769231,2.9923076923076923,2.003846153846154,1.5151515151515151,4.0,5.003846153846154,0.19230769230769232,0.0
1,COPOC,APS,0.13,0.8423076923076923,2.876923076923077,1.8923076923076922,1.5365853658536586,4.0,4.7325443786982255,0.2423076923076923,0.0
1,COPOC,APS,0.15000000000000002,0.8115384615384615,2.6884615384615387,1.7038461538461538,1.5510204081632653,4.0,4.832051282051282,0.2923076923076923,0.0
1,COPOC,APS,0.18000000000000005,0.7923076923076923,2.576923076923077,1.5961538461538463,1.5925925925925926,4.0,4.459401709401708,0.33076923076923076,0.0
1,COPOC,APS,0.19999999999999996,0.7807692307692308,2.523076923076923,1.5423076923076924,1.5789473684210527,4.0,4.273076923076923,0.34615384615384615,0.0
1,COPOC,LAC,0.010000000000000009,0.9961538461538462,4.642307692307693,3.6423076923076922,1.0,1.0,4.411538461538461,0.0038461538461538464,0.0
1,COPOC,LAC,0.020000000000000018,0.9884615384615385,4.246153846153846,3.246153846153846,2.0,2.0,5.553846153846152,0.023076923076923078,0.0
1,COPOC,LAC,0.030000000000000027,0.9846153846153847,4.207692307692308,3.207692307692308,1.75,2.0,5.002564102564101,0.026923076923076925,0.0
1,COPOC,LAC,0.050000000000000044,0.95,3.526923076923077,2.526923076923077,1.3076923076923077,3.0,5.14230769230769,0.06538461538461539,0.0
1,COPOC,LAC,0.07999999999999996,0.8923076923076924,3.0730769230769233,2.0730769230769233,1.25,3.0,5.4384615384615405,0.1346153846153846,0.0
1,COPOC,LAC,0.09999999999999998,0.8769230769230769,2.9384615384615387,1.9384615384615385,1.375,3.0,5.323076923076923,0.16923076923076924,0.0
1,COPOC,LAC,0.13,0.8538461538461538,2.726923076923077,1.726923076923077,1.4736842105263157,3.0,5.0405325443786975,0.2153846153846154,0.0
1,COPOC,LAC,0.15000000000000002,0.8153846153846154,2.496153846153846,1.4961538461538462,1.4583333333333333,3.0,5.085897435897436,0.2692307692307692,0.0
1,COPOC,LAC,0.18000000000000005,0.7923076923076923,2.3846153846153846,1.3846153846153846,1.4444444444444444,3.0,4.717948717948717,0.3,0.0
1,COPOC,LAC,0.19999999999999996,0.7730769230769231,2.146153846153846,1.146153846153846,1.5254237288135593,3.0,4.607692307692307,0.34615384615384615,0.0
2,COPOC,min-CPS,0.010000000000000009,0.9923076923076923,4.5807692307692305,3.580769230769231,1.0,1.0,5.119230769230768,0.007692307692307693,0.0
2,COPOC,min-CPS,0.020000000000000018,0.9884615384615385,4.311538461538461,3.3115384615384613,1.0,1.0,4.465384615384615,0.011538461538461539,0.0
2,COPOC,min-CPS,0.030000000000000027,0.9884615384615385,4.265384615384615,3.2653846153846153,1.6666666666666667,2.0,4.547435897435896,0.019230769230769232,0.0
2,COPOC,min-CPS,0.050000000000000044,0.9730769230769231,3.7884615384615383,2.7884615384615383,1.4285714285714286,3.0,4.326923076923076,0.038461538461538464,0.0
2,COPOC,min-CPS,0.07999999999999996,0.9576923076923077,3.3923076923076922,2.3923076923076922,1.5454545454545454,4.0,4.026923076923078,0.06538461538461539,0.0
2,COPOC,min-CPS,0.09999999999999998,0.9384615384615385,3.1846153846153844,2.1846153846153844,1.5,4.0,4.030769230769231,0.09230769230769231,0.0
2,COPOC,min-CPS,0.13,0.9038461538461539,2.9038461538461537,1.9038461538461537,1.36,4.0,3.915680473372781,0.13076923076923078,0.0
2,COPOC,min-CPS,0.15000000000000002,0.8846153846153846,2.8076923076923075,1.8076923076923077,1.3,4.0,3.8076923076923075,0.15,0.0
2,COPOC,min-CPS,0.18000000000000005,0.8576923076923076,2.6384615384615384,1.6384615384615384,1.4324324324324325,4.0,3.903418803418803,0.20384615384615384,0.0
2,COPOC,min-CPS,0.19999999999999996,0.8307692307692308,2.4692307692307693,1.4692307692307693,1.4090909090909092,4.0,3.853846153846154,0.23846153846153847,0.0
2,COPOC,RPS,0.010000000000000009,0.9884615384615385,4.461538461538462,3.4615384615384617,1.0,1.0,5.769230769230767,0.011538461538461539,0.0
2,COPOC,RPS,0.020000000000000018,0.9769230769230769,4.184615384615385,3.1846153846153844,1.1666666666666667,2.0,5.876923076923075,0.026923076923076925,0.0
2,COPOC,RPS,0.030000000000000027,0.9769230769230769,4.092307692307692,3.0923076923076924,1.1666666666666667,2.0,4.887179487179486,0.026923076923076925,0.0
2,COPOC,RPS,0.050000000000000044,0.9730769230769231,3.9384615384615387,2.9384615384615387,1.4285714285714286,2.0,4.476923076923075,0.038461538461538464,0.0
2,COPOC,RPS,0.07999999999999996,0.9538461538461539,3.6961538461538463,2.6961538461538463,1.3333333333333333,3.0,4.2346153846153864,0.06153846153846154,0.0
2,COPOC,RPS,0.09999999999999998,0.926923076923077,3.4884615384615385,2.4884615384615385,1.2105263157894737,3.0,4.257692307692308,0.08846153846153847,0.0
2,COPOC,RPS,0.13,0.8961538461538462,3.1423076923076922,2.1423076923076922,1.2592592592592593,3.0,4.15414201183432,0.13076923076923078,0.0
2,COPOC,RPS,0.15000000000000002,0.8769230769230769,3.003846153846154,2.003846153846154,1.21875,3.0,4.003846153846154,0.15,0.0
2,COPOC,RPS,0.18000000000000005,0.85,2.792307692307692,1.7923076923076924,1.205128205128205,3.0,3.8008547008547002,0.18076923076923077,0.0
2,COPOC,RPS,0.19999999999999996,0.8,2.5923076923076924,1.5923076923076922,1.2307692307692308,3.0,4.053846153846154,0.24615384615384617,0.0
2,COPOC,OCDF,0.010000000000000009,0.9923076923076923,4.911538461538462,3.9115384615384614,1.5,2.0,6.219230769230768,0.011538461538461539,0.0
2,COPOC,OCDF,0.020000000000000018,0.9807692307692307,4.880769230769231,3.8807692307692307,1.4,3.0,6.57307692307692,0.026923076923076925,0.0
2,COPOC,OCDF,0.030000000000000027,0.9538461538461539,4.780769230769231,3.7807692307692307,1.1666666666666667,3.0,7.370512820512817,0.05384615384615385,0.0
2,COPOC,OCDF,0.050000000000000044,0.9384615384615385,4.592307692307692,3.5923076923076924,1.4375,3.0,7.1307692307692285,0.08846153846153847,0.0
2,COPOC,OCDF,0.07999999999999996,0.9153846153846154,4.457692307692308,3.457692307692308,1.4090909090909092,3.0,6.4384615384615405,0.11923076923076924,0.0
2,COPOC,OCDF,0.09999999999999998,0.8807692307692307,4.2615384615384615,3.2615384615384615,1.5483870967741935,4.0,6.953846153846154,0.18461538461538463,0.0
2,COPOC,OCDF,0.13,0.8538461538461538,4.1461538461538465,3.146153846153846,1.5263157894736843,4.0,6.57810650887574,0.2230769230769231,0.0
2,COPOC,OCDF,0.15000000000000002,0.8153846153846154,4.023076923076923,3.023076923076923,1.5208333333333333,4.0,6.766666666666667,0.28076923076923077,0.0
2,COPOC,OCDF,0.18000000000000005,0.8,3.8807692307692307,2.8807692307692307,1.5384615384615385,4.0,6.299572649572648,0.3076923076923077,0.0
2,COPOC,OCDF,0.19999999999999996,0.7769230769230769,3.7615384615384615,2.7615384615384615,1.5862068965517242,4.0,6.3,0.35384615384615387,0.0
2,COPOC,APS,0.010000000000000009,0.9923076923076923,4.569230769230769,3.5692307692307694,1.0,1.0,5.1076923076923055,0.007692307692307693,0.0
2,COPOC,APS,0.020000000000000018,0.9846153846153847,4.323076923076923,3.3230769230769233,1.25,2.0,5.246153846153844,0.019230769230769232,0.0
2,COPOC,APS,0.030000000000000027,0.9846153846153847,4.1461538461538465,3.146153846153846,1.25,2.0,4.428205128205127,0.019230769230769232,0.0
2,COPOC,APS,0.050000000000000044,0.9615384615384616,3.7,2.7,1.3,3.0,4.699999999999998,0.05,0.0
2,COPOC,APS,0.07999999999999996,0.95,3.503846153846154,2.5076923076923077,1.5384615384615385,4.0,4.046153846153847,0.07692307692307693,0.0
2,COPOC,APS,0.09999999999999998,0.9346153846153846,3.3653846153846154,2.3692307692307693,1.411764705882353,4.0,3.9076923076923076,0.09230769230769231,0.0
2,COPOC,APS,0.13,0.9192307692307692,3.1384615384615384,2.15,1.7142857142857142,4.0,3.5701183431952663,0.13846153846153847,0.0
2,COPOC,APS,0.15000000000000002,0.8846153846153846,2.9423076923076925,1.9576923076923076,1.6666666666666667,4.0,3.701282051282051,0.19230769230769232,0.0
2,COPOC,APS,0.18000000000000005,0.8615384615384616,2.7153846153846155,1.7346153846153847,1.7222222222222223,4.0,3.529487179487179,0.23846153846153847,0.0
2,COPOC,APS,0.19999999999999996,0.823076923076923,2.5884615384615386,1.6115384615384616,1.673913043478261,4.0,3.65,0.29615384615384616,0.0
2,COPOC,LAC,0.010000000000000009,0.9923076923076923,4.596153846153846,3.5961538461538463,1.0,1.0,5.134615384615383,0.007692307692307693,0.0
2,COPOC,LAC,0.020000000000000018,0.9884615384615385,4.288461538461538,3.2884615384615383,1.3333333333333333,2.0,4.826923076923075,0.015384615384615385,0.0
2,COPOC,LAC,0.030000000000000027,0.9884615384615385,4.2615384615384615,3.2615384615384615,1.6666666666666667,2.0,4.5435897435897425,0.019230769230769232,0.0
2,COPOC,LAC,0.050000000000000044,0.9692307692307692,3.7653846153846153,2.7653846153846153,1.375,3.0,4.457692307692306,0.04230769230769231,0.0
2,COPOC,LAC,0.07999999999999996,0.9538461538461539,3.2807692307692307,2.2807692307692307,1.6666666666666667,4.0,4.203846153846156,0.07692307692307693,0.0
2,COPOC,LAC,0.09999999999999998,0.9461538461538461,3.203846153846154,2.203846153846154,1.5714285714285714,4.0,3.896153846153846,0.08461538461538462,0.0
2,COPOC,LAC,0.13,0.9,2.9269230769230767,1.926923076923077,1.4615384615384615,4.0,4.175443786982248,0.14615384615384616,0.0
2,COPOC,LAC,0.15000000000000002,0.8538461538461538,2.623076923076923,1.623076923076923,1.5263157894736843,4.0,4.597435897435897,0.2230769230769231,0.0
2,COPOC,LAC,0.18000000000000005,0.823076923076923,2.3923076923076922,1.3923076923076922,1.5217391304347827,4.0,4.383760683760683,0.2692307692307692,0.0
2,COPOC,LAC,0.19999999999999996,0.8115384615384615,2.3346153846153848,1.3346153846153845,1.510204081632653,4.0,4.180769230769231,0.2846153846153846,0.0
3,COPOC,min-CPS,0.010000000000000009,1.0,4.607692307692307,3.6076923076923078,,0.0,3.6076923076923078,0.0,0.0
3,COPOC,min-CPS,0.020000000000000018,0.9807692307692307,4.203846153846154,3.203846153846154,1.6,2.0,6.280769230769228,0.03076923076923077,0.0
3,COPOC,min-CPS,0.030000000000000027,0.9769230769230769,4.130769230769231,3.1307692307692307,1.5,2.0,5.438461538461537,0.03461538461538462,0.0
3,COPOC,min-CPS,0.050000000000000044,0.95,3.5115384615384615,2.5115384615384615,1.6153846153846154,3.0,5.74230769230769,0.08076923076923077,0.0
3,COPOC,min-CPS,0.07999999999999996,0.9384615384615385,3.223076923076923,2.223076923076923,1.5625,3.0,4.626923076923078,0.09615384615384616,0.0
3,COPOC,min-CPS,0.09999999999999998,0.9115384615384615,3.026923076923077,2.026923076923077,1.4782608695652173,3.0,4.642307692307693,0.13076923076923078,0.0
3,COPOC,min-CPS,0.13,0.8692307692307693,2.796153846153846,1.7961538461538462,1.3235294117647058,3.0,4.458875739644971,0.17307692307692307,0.0
3,COPOC,min-CPS,0.15000000000000002,0.8153846153846154,2.4846153846153847,1.4846153846153847,1.3541666666666667,3.0,4.817948717948718,0.25,0.0
3,COPOC,min-CPS,0.18000000000000005,0.7961538461538461,2.373076923076923,1.373076923076923,1.4150943396226414,3.0,4.578205128205127,0.28846153846153844,0.0
3,COPOC,min-CPS,0.19999999999999996,0.7730769230769231,2.2807692307692307,1.2807692307692307,1.3898305084745763,3.0,4.434615384615385,0.3153846153846154,0.0
3,COPOC,RPS,0.010000000000000009,0.9923076923076923,4.619230769230769,3.6192307692307693,1.0,1.0,5.157692307692306,0.007692307692307693,0.0
3,COPOC,RPS,0.020000000000000018,0.9846153846153847,4.157692307692308,3.1576923076923076,1.0,1.0,4.696153846153845,0.015384615384615385,0.0
3,COPOC,RPS,0.030000000000000027,0.9807692307692307,4.046153846153846,3.046153846153846,1.0,1.0,4.328205128205127,0.019230769230769232,0.0
3,COPOC,RPS,0.050000000000000044,0.9653846153846154,3.8423076923076924,2.8423076923076924,1.2222222222222223,2.0,4.534615384615383,0.04230769230769231,0.0
3,COPOC,RPS,0.07999999999999996,0.9115384615384615,3.4346153846153844,2.4346153846153844,1.173913043478261,2.0,5.030769230769232,0.10384615384615385,0.0
3,COPOC,RPS,0.09999999999999998,0.9,3.3115384615384613,2.3115384615384613,1.1538461538461537,2.0,4.619230769230769,0.11538461538461539,0.0
3,COPOC,RPS,0.13,0.85,2.953846153846154,1.9538461538461538,1.1538461538461537,3.0,4.616568047337278,0.17307692307692307,0.0
3,COPOC,RPS,0.15000000000000002,0.8346153846153846,2.8153846153846156,1.8153846153846154,1.1627906976744187,3.0,4.379487179487179,0.19230769230769232,0.0
3,COPOC,RPS,0.18000000000000005,0.7923076923076923,2.6115384615384616,1.6115384615384616,1.2037037037037037,3.0,4.389316239316239,0.25,0.0
3,COPOC,RPS,0.19999999999999996,0.7846153846153846,2.496153846153846,1.4961538461538462,1.2857142857142858,3.0,4.265384615384615,0.27692307692307694,0.0
3,COPOC,OCDF,0.010000000000000009,0.9923076923076923,4.923076923076923,3.923076923076923,1.5,2.0,6.230769230769229,0.011538461538461539,0.0
3,COPOC,OCDF,0.020000000000000018,0.9692307692307692,4.838461538461538,3.8384615384615386,1.25,3.0,7.684615384615381,0.038461538461538464,0.0
3,COPOC,OCDF,0.030000000000000027,0.9538461538461539,4.780769230769231,3.7807692307692307,1.25,3.0,7.626923076923074,0.057692307692307696,0.0
3,COPOC,OCDF,0.050000000000000044,0.9423076923076923,4.676923076923077,3.6769230769230767,1.3333333333333333,3.0,6.753846153846152,0.07692307692307693,0.0
3,COPOC,OCDF,0.07999999999999996,0.9423076923076923,4.5807692307692305,3.580769230769231,1.6,3.0,5.888461538461541,0.09230769230769231,0.0
3,COPOC,OCDF,0.09999999999999998,0.9076923076923077,4.411538461538462,3.4115384615384614,1.5833333333333333,4.0,6.334615384615384,0.14615384615384616,0.0
3,COPOC,OCDF,0.13,0.8923076923076924,4.303846153846154,3.3038461538461537,1.5357142857142858,4.0,5.848224852071006,0.16538461538461538,0.0
3,COPOC,OCDF,0.15000000000000002,0.8692307692307693,4.196153846153846,3.1961538461538463,1.5294117647058822,4.0,5.862820512820512,0.2,0.0
3,COPOC,OCDF,0.18000000000000005,0.8153846153846154,4.0115384615384615,3.0115384615384615,1.4791666666666667,4.0,6.045726495726495,0.27307692307692305,0.0
3,COPOC,OCDF,0.19999999999999996,0.8076923076923077,3.9346153846153844,2.9346153846153844,1.56,4.0,5.934615384615385,0.3,0.0
3,COPOC,APS,0.010000000000000009,0.9923076923076923,4.565384615384615,3.5653846153846156,1.0,1.0,5.103846153846152,0.007692307692307693,0.0
3,COPOC,APS,0.020000000000000018,0.9807692307692307,4.276923076923077,3.276923076923077,1.6,2.0,6.353846153846151,0.03076923076923077,0.0
3,COPOC,APS,0.030000000000000027,0.9769230769230769,4.173076923076923,3.173076923076923,1.5,2.0,5.480769230769229,0.03461538461538462,0.0
3,COPOC,APS,0.050000000000000044,0.9538461538461539,3.6076923076923078,2.6076923076923078,1.5,3.0,5.376923076923075,0.06923076923076923,0.0
3,COPOC,APS,0.07999999999999996,0.926923076923077,3.2384615384615385,2.2423076923076923,1.5789473684210527,4.0,4.742307692307694,0.11538461538461539,0.0
3,COPOC,APS,0.09999999999999998,0.9192307692307692,3.207692307692308,2.2115384615384617,1.5238095238095237,4.0,4.365384615384615,0.12307692307692308,0.0
3,COPOC,APS,0.13,0.8653846153846154,2.8461538461538463,1.8615384615384616,1.6285714285714286,4.0,4.465088757396448,0.21923076923076923,0.0
3,COPOC,APS,0.15000000000000002,0.8576923076923076,2.7653846153846153,1.7807692307692307,1.5945945945945945,4.0,4.139743589743589,0.22692307692307692,0.0
3,COPOC,APS,0.18000000000000005,0.8153846153846154,2.6076923076923078,1.623076923076923,1.5,4.0,4.144444444444444,0.27692307692307694,0.0
3,COPOC,APS,0.19999999999999996,0.8076923076923077,2.5615384615384613,1.5769230769230769,1.48,4.0,3.923076923076923,0.2846153846153846,0.0
3,COPOC,LAC,0.010000000000000009,1.0,4.611538461538461,3.6115384615384616,,0.0,3.6115384615384616,0.0,0.0
3,COPOC,LAC,0.020000000000000018,0.9769230769230769,4.1923076923076925,3.1923076923076925,1.5,2.0,6.6538461538461515,0.03461538461538462,0.0
3,COPOC,LAC,0.030000000000000027,0.9769230769230769,4.107692307692307,3.1076923076923078,1.5,2.0,5.415384615384614,0.03461538461538462,0.0
3,COPOC,LAC,0.050000000000000044,0.9538461538461539,3.4923076923076923,2.4923076923076923,1.6666666666666667,3.0,5.569230769230766,0.07692307692307693,0.0
3,COPOC,LAC,0.07999999999999996,0.9307692307692308,3.1653846153846152,2.1653846153846152,1.6111111111111112,3.0,4.953846153846156,0.11153846153846154,0.0
3,COPOC,LAC,0.09999999999999998,0.9153846153846154,3.0307692307692307,2.0307692307692307,1.5,3.0,4.569230769230769,0.12692307692307692,0.0
3,COPOC,LAC,0.13,0.85,2.65,1.65,1.5384615384615385,3.0,5.200295857988165,0.23076923076923078,0.0
3,COPOC,LAC,0.15000000000000002,0.8192307692307692,2.4384615384615387,1.4384615384615385,1.5106382978723405,3.0,5.079487179487179,0.27307692307692305,0.0
3,COPOC,LAC,0.18000000000000005,0.7923076923076923,2.3153846153846156,1.3153846153846154,1.4814814814814814,3.0,4.734188034188033,0.3076923076923077,0.0
3,COPOC,LAC,0.19999999999999996,0.7769230769230769,2.1346153846153846,1.1346153846153846,1.5344827586206897,3.0,4.5576923076923075,0.3423076923076923,0.0
4,COPOC,min-CPS,0.010000000000000009,0.9807692307692307,4.342307692307692,3.3423076923076924,1.6,2.0,9.496153846153842,0.03076923076923077,0.0
4,COPOC,min-CPS,0.020000000000000018,0.9692307692307692,4.173076923076923,3.173076923076923,1.625,2.0,8.173076923076918,0.05,0.0
4,COPOC,min-CPS,0.030000000000000027,0.9576923076923077,3.8423076923076924,2.8423076923076924,1.7272727272727273,3.0,7.71410256410256,0.07307692307692308,0.0
4,COPOC,min-CPS,0.050000000000000044,0.9538461538461539,3.626923076923077,2.626923076923077,1.8333333333333333,3.0,6.011538461538458,0.08461538461538462,0.0
4,COPOC,min-CPS,0.07999999999999996,0.9384615384615385,3.35,2.35,1.6875,4.0,4.946153846153848,0.10384615384615385,0.0
4,COPOC,min-CPS,0.09999999999999998,0.9230769230769231,3.1653846153846152,2.1653846153846152,1.65,4.0,4.703846153846154,0.12692307692307692,0.0
4,COPOC,min-CPS,0.13,0.9153846153846154,3.0307692307692307,2.0307692307692307,1.6363636363636365,4.0,4.16094674556213,0.13846153846153847,0.0
4,COPOC,min-CPS,0.15000000000000002,0.8653846153846154,2.773076923076923,1.773076923076923,1.4857142857142858,4.0,4.439743589743589,0.2,0.0
4,COPOC,min-CPS,0.18000000000000005,0.8423076923076923,2.603846153846154,1.603846153846154,1.4146341463414633,4.0,4.082478632478632,0.2230769230769231,0.0
4,COPOC,min-CPS,0.19999999999999996,0.7923076923076923,2.3653846153846154,1.3653846153846154,1.462962962962963,4.0,4.403846153846154,0.3038461538461538,0.0
4,COPOC,RPS,0.010000000000000009,0.9961538461538462,4.657692307692308,3.6576923076923076,1.0,1.0,4.426923076923076,0.0038461538461538464,0.0
4,COPOC,RPS,0.020000000000000018,0.9846153846153847,4.234615384615385,3.2346153846153847,1.25,2.0,5.157692307692306,0.019230769230769232,0.0
4,COPOC,RPS,0.030000000000000027,0.9769230769230769,4.138461538461539,3.1384615384615384,1.1666666666666667,2.0,4.933333333333332,0.026923076923076925,0.0
4,COPOC,RPS,0.050000000000000044,0.9384615384615385,3.7384615384615385,2.7384615384615385,1.3125,3.0,5.969230769230766,0.08076923076923077,0.0
4,COPOC,RPS,0.07999999999999996,0.9153846153846154,3.546153846153846,2.546153846153846,1.2272727272727273,3.0,5.1423076923076945,0.10384615384615385,0.0
4,COPOC,RPS,0.09999999999999998,0.8807692307692307,3.2384615384615385,2.2384615384615385,1.1612903225806452,3.0,5.007692307692308,0.13846153846153847,0.0
4,COPOC,RPS,0.13,0.8653846153846154,3.080769230769231,2.080769230769231,1.2,3.0,4.565976331360947,0.16153846153846155,0.0
4,COPOC,RPS,0.15000000000000002,0.8192307692307692,2.8,1.8,1.1914893617021276,3.0,4.671794871794871,0.2153846153846154,0.0
4,COPOC,RPS,0.18000000000000005,0.7692307692307693,2.5846153846153848,1.5846153846153845,1.25,3.0,4.789743589743589,0.28846153846153844,0.0
4,COPOC,RPS,0.19999999999999996,0.75,2.2346153846153847,1.2346153846153847,1.4,4.0,4.734615384615385,0.35,0.0
4,COPOC,OCDF,0.010000000000000009,0.9576923076923077,4.811538461538461,3.8115384615384613,1.0909090909090908,2.0,13.042307692307686,0.046153846153846156,0.0
4,COPOC,OCDF,0.020000000000000018,0.9423076923076923,4.7153846153846155,3.7153846153846155,1.2666666666666666,2.0,11.023076923076916,0.07307692307692308,0.0
4,COPOC,OCDF,0.030000000000000027,0.9192307692307692,4.569230769230769,3.5692307692307694,1.3333333333333333,2.0,10.748717948717943,0.1076923076923077,0.0
4,COPOC,OCDF,0.050000000000000044,0.8884615384615384,4.365384615384615,3.3653846153846154,1.4137931034482758,2.0,9.673076923076918,0.1576923076923077,0.0
4,COPOC,OCDF,0.07999999999999996,0.8615384615384616,4.226923076923077,3.226923076923077,1.5277777777777777,2.0,8.515384615384619,0.21153846153846154,0.0
4,COPOC,OCDF,0.09999999999999998,0.8384615384615385,4.111538461538461,3.1115384615384616,1.5,2.0,7.957692307692308,0.2423076923076923,0.0
4,COPOC,OCDF,0.13,0.8153846153846154,4.026923076923077,3.026923076923077,1.5208333333333333,2.0,7.346449704142011,0.28076923076923077,0.0
4,COPOC,OCDF,0.15000000000000002,0.8153846153846154,4.0,3.0,1.5833333333333333,3.0,6.897435897435897,0.2923076923076923,0.0
4,COPOC,OCDF,0.18000000000000005,0.8,3.8807692307692307,2.8807692307692307,1.6153846153846154,3.0,6.47051282051282,0.3230769230769231,0.0
4,COPOC,OCDF,0.19999999999999996,0.7846153846153846,3.8,2.8,1.625,3.0,6.3,0.35,0.0
4,COPOC,APS,0.010000000000000009,0.9730769230769231,4.196153846153846,3.1961538461538463,1.4285714285714286,2.0,10.88846153846153,0.038461538461538464,0.0
4,COPOC,APS,0.020000000000000018,0.9730769230769231,4.1,3.1,1.7142857142857142,2.0,7.715384615384611,0.046153846153846156,0.0
4,COPOC,APS,0.030000000000000027,0.9615384615384616,3.8846153846153846,2.8846153846153846,1.8,3.0,7.4999999999999964,0.06923076923076923,0.0
4,COPOC,APS,0.050000000000000044,0.95,3.5653846153846156,2.5653846153846156,1.8461538461538463,3.0,6.257692307692304,0.09230769230769231,0.0
4,COPOC,APS,0.07999999999999996,0.9153846153846154,3.2384615384615385,2.2423076923076923,1.7272727272727273,4.0,5.511538461538463,0.14615384615384616,0.0
4,COPOC,APS,0.09999999999999998,0.9076923076923077,3.1538461538461537,2.1615384615384614,1.7916666666666667,4.0,4.8538461538461535,0.16538461538461538,0.0
4,COPOC,APS,0.13,0.8807692307692307,2.996153846153846,2.0076923076923077,1.7096774193548387,4.0,4.433727810650887,0.20384615384615384,0.0
4,COPOC,APS,0.15000000000000002,0.8730769230769231,2.9346153846153844,1.9461538461538461,1.6666666666666667,4.0,4.151282051282051,0.21153846153846154,0.0
4,COPOC,APS,0.18000000000000005,0.8615384615384616,2.8846153846153846,1.9,1.7222222222222223,4.0,3.8658119658119654,0.23846153846153847,0.0
4,COPOC,APS,0.19999999999999996,0.8038461538461539,2.6769230769230767,1.6961538461538461,1.6470588235294117,4.0,4.157692307692308,0.3230769230769231,0.0
4,COPOC,LAC,0.010000000000000009,0.9807692307692307,4.376923076923077,3.376923076923077,1.6,2.0,9.530769230769225,0.03076923076923077,0.0
4,COPOC,LAC,0.020000000000000018,0.9692307692307692,4.153846153846154,3.1538461538461537,1.625,2.0,8.153846153846148,0.05,0.0
4,COPOC,LAC,0.030000000000000027,0.9615384615384616,3.896153846153846,2.896153846153846,1.8,3.0,7.511538461538458,0.06923076923076923,0.0
4,COPOC,LAC,0.050000000000000044,0.9538461538461539,3.5653846153846156,2.5653846153846156,1.9166666666666667,4.0,6.10384615384615,0.08846153846153847,0.0
4,COPOC,LAC,0.07999999999999996,0.9384615384615385,3.292307692307692,2.292307692307692,1.8125,4.0,5.080769230769232,0.11153846153846154,0.0
4,COPOC,LAC,0.09999999999999998,0.9153846153846154,3.1538461538461537,2.1538461538461537,1.5909090909090908,4.0,4.846153846153846,0.1346153846153846,0.0
4,COPOC,LAC,0.13,0.8923076923076924,2.953846153846154,1.9538461538461538,1.5714285714285714,4.0,4.557396449704141,0.16923076923076924,0.0
4,COPOC,LAC,0.15000000000000002,0.8576923076923076,2.65,1.65,1.6756756756756757,4.0,4.829487179487179,0.23846153846153847,0.0
4,COPOC,LAC,0.18000000000000005,0.823076923076923,2.4153846153846152,1.4153846153846155,1.6521739130434783,4.0,4.663247863247863,0.2923076923076923,0.0
4,COPOC,LAC,0.19999999999999996,0.8,2.3346153846153848,1.3346153846153845,1.6538461538461537,4.0,4.642307692307693,0.33076923076923076,0.0
5,COPOC,min-CPS,0.010000000000000009,1.0,4.638461538461539,3.6384615384615384,,0.0,3.6384615384615384,0.0,0.0
5,COPOC,min-CPS,0.020000000000000018,0.9923076923076923,4.296153846153846,3.296153846153846,2.0,2.0,4.8346153846153825,0.015384615384615385,0.0
5,COPOC,min-CPS,0.030000000000000027,0.9884615384615385,4.223076923076923,3.223076923076923,1.6666666666666667,2.0,4.505128205128204,0.019230769230769232,0.0
5,COPOC,min-CPS,0.050000000000000044,0.9615384615384616,3.6153846153846154,2.6153846153846154,1.3,3.0,4.615384615384613,0.05,0.0
5,COPOC,min-CPS,0.07999999999999996,0.9192307692307692,3.2115384615384617,2.2115384615384617,1.2380952380952381,3.0,4.7115384615384635,0.1,0.0
5,COPOC,min-CPS,0.09999999999999998,0.9,3.0884615384615386,2.0884615384615386,1.2307692307692308,3.0,4.55,0.12307692307692308,0.0
5,COPOC,min-CPS,0.13,0.8576923076923076,2.8461538461538463,1.8461538461538463,1.2702702702702702,3.0,4.627218934911243,0.18076923076923077,0.0
5,COPOC,min-CPS,0.15000000000000002,0.8461538461538461,2.6961538461538463,1.6961538461538461,1.375,3.0,4.516666666666667,0.21153846153846154,0.0
5,COPOC,min-CPS,0.18000000000000005,0.8038461538461539,2.5115384615384615,1.5115384615384615,1.392156862745098,3.0,4.545726495726495,0.27307692307692305,0.0
5,COPOC,min-CPS,0.19999999999999996,0.7653846153846153,2.3653846153846154,1.3653846153846154,1.360655737704918,3.0,4.5576923076923075,0.3192307692307692,0.0
5,COPOC,RPS,0.010000000000000009,0.9961538461538462,4.665384615384616,3.6653846153846152,1.0,1.0,4.434615384615384,0.0038461538461538464,0.0
5,COPOC,RPS,0.020000000000000018,0.9884615384615385,4.276923076923077,3.276923076923077,1.0,1.0,4.430769230769229,0.011538461538461539,0.0
5,COPOC,RPS,0.030000000000000027,0.9846153846153847,4.223076923076923,3.223076923076923,1.0,1.0,4.248717948717948,0.015384615384615385,0.0
5,COPOC,RPS,0.050000000000000044,0.9615384615384616,3.8884615384615384,2.8884615384615384,1.2,2.0,4.734615384615383,0.046153846153846156,0.0
5,COPOC,RPS,0.07999999999999996,0.9384615384615385,3.6576923076923076,2.6576923076923076,1.1875,2.0,4.4846153846153864,0.07307692307692308,0.0
5,COPOC,RPS,0.09999999999999998,0.9230769230769231,3.519230769230769,2.519230769230769,1.15,2.0,4.288461538461538,0.08846153846153847,0.0
5,COPOC,RPS,0.13,0.8846153846153846,3.1769230769230767,2.1769230769230767,1.1333333333333333,2.0,4.188757396449704,0.13076923076923078,0.0
5,COPOC,RPS,0.15000000000000002,0.8269230769230769,2.853846153846154,1.853846153846154,1.1777777777777778,3.0,4.5717948717948715,0.20384615384615384,0.0
5,COPOC,RPS,0.18000000000000005,0.7961538461538461,2.6769230769230767,1.676923076923077,1.2264150943396226,3.0,4.454700854700855,0.25,0.0
5,COPOC,RPS,0.19999999999999996,0.7653846153846153,2.3192307692307694,1.3192307692307692,1.278688524590164,3.0,4.319230769230769,0.3,0.0
5,COPOC,OCDF,0.010000000000000009,0.9923076923076923,4.938461538461539,3.9384615384615387,1.5,2.0,6.246153846153844,0.011538461538461539,0.0
5,COPOC,OCDF,0.020000000000000018,0.9692307692307692,4.85,3.85,1.375,3.0,8.080769230769228,0.04230769230769231,0.0
5,COPOC,OCDF,0.030000000000000027,0.9653846153846154,4.823076923076923,3.8230769230769233,1.3333333333333333,3.0,6.899999999999999,0.046153846153846156,0.0
5,COPOC,OCDF,0.050000000000000044,0.9230769230769231,4.569230769230769,3.5692307692307694,1.4,3.0,7.876923076923075,0.1076923076923077,0.0
5,COPOC,OCDF,0.07999999999999996,0.8846153846153846,4.388461538461539,3.3884615384615384,1.5,4.0,7.715384615384618,0.17307692307692307,0.0
5,COPOC,OCDF,0.09999999999999998,0.8846153846153846,4.357692307692307,3.3576923076923078,1.5333333333333334,4.0,6.8961538461538465,0.17692307692307693,0.0
5,COPOC,OCDF,0.13,0.8653846153846154,4.230769230769231,3.230769230769231,1.5714285714285714,4.0,6.485207100591716,0.21153846153846154,0.0
5,COPOC,OCDF,0.15000000000000002,0.8423076923076923,4.119230769230769,3.1192307692307693,1.6097560975609757,4.0,6.503846153846154,0.25384615384615383,0.0
5,COPOC,OCDF,0.18000000000000005,0.8192307692307692,4.061538461538461,3.0615384615384613,1.574468085106383,4.0,6.223931623931624,0.2846153846153846,0.0
5,COPOC,OCDF,0.19999999999999996,0.8,3.8884615384615384,2.8884615384615384,1.6346153846153846,4.0,6.157692307692308,0.3269230769230769,0.0
5,COPOC,APS,0.010000000000000009,1.0,4.661538461538462,3.6615384615384614,,0.0,3.6615384615384614,0.0,0.0
5,COPOC,APS,0.020000000000000018,0.9923076923076923,4.276923076923077,3.276923076923077,1.5,2.0,4.430769230769229,0.011538461538461539,0.0
5,COPOC,APS,0.030000000000000027,0.9884615384615385,4.173076923076923,3.173076923076923,1.6666666666666667,2.0,4.455128205128204,0.019230769230769232,0.0
5,COPOC,APS,0.050000000000000044,0.9730769230769231,3.726923076923077,2.726923076923077,1.2857142857142858,2.0,4.111538461538459,0.03461538461538462,0.0
5,COPOC,APS,0.07999999999999996,0.9153846153846154,3.353846153846154,2.3615384615384616,1.4090909090909092,4.0,4.573076923076925,0.11923076923076924,0.0
5,COPOC,APS,0.09999999999999998,0.8807692307692307,3.0846153846153848,2.0961538461538463,1.4516129032258065,4.0,4.634615384615385,0.17307692307692307,0.0
5,COPOC,APS,0.13,0.8653846153846154,2.9615384615384617,1.9730769230769232,1.457142857142857,4.0,4.280769230769231,0.19615384615384615,0.0
5,COPOC,APS,0.15000000000000002,0.8038461538461539,2.746153846153846,1.7615384615384615,1.4705882352941178,4.0,4.787179487179486,0.28846153846153844,0.0
5,COPOC,APS,0.18000000000000005,0.7961538461538461,2.6115384615384616,1.626923076923077,1.509433962264151,4.0,4.361965811965811,0.3076923076923077,0.0
5,COPOC,APS,0.19999999999999996,0.7730769230769231,2.5307692307692307,1.55,1.5593220338983051,4.0,4.319230769230769,0.35384615384615387,0.0
5,COPOC,LAC,0.010000000000000009,1.0,4.65,3.65,,0.0,3.65,0.0,0.0
5,COPOC,LAC,0.020000000000000018,0.9923076923076923,4.3538461538461535,3.353846153846154,2.0,2.0,4.892307692307691,0.015384615384615385,0.0
5,COPOC,LAC,0.030000000000000027,0.9884615384615385,4.211538461538462,3.2115384615384617,1.6666666666666667,2.0,4.493589743589743,0.019230769230769232,0.0
5,COPOC,LAC,0.050000000000000044,0.9615384615384616,3.65,2.65,1.3,3.0,4.649999999999999,0.05,0.0
5,COPOC,LAC,0.07999999999999996,0.9192307692307692,3.1884615384615387,2.1884615384615387,1.2857142857142858,3.0,4.784615384615386,0.10384615384615385,0.0
5,COPOC,LAC,0.09999999999999998,0.8884615384615384,3.026923076923077,2.026923076923077,1.3793103448275863,3.0,5.1038461538461535,0.15384615384615385,0.0
5,COPOC,LAC,0.13,0.8692307692307693,2.8576923076923078,1.8576923076923078,1.4705882352941178,3.0,4.816272189349112,0.19230769230769232,0.0
5,COPOC,LAC,0.15000000000000002,0.8538461538461538,2.6884615384615387,1.6884615384615385,1.5526315789473684,3.0,4.714102564102563,0.22692307692307692,0.0
5,COPOC,LAC,0.18000000000000005,0.8192307692307692,2.4653846153846155,1.4653846153846153,1.5106382978723405,3.0,4.499572649572649,0.27307692307692305,0.0
5,COPOC,LAC,0.19999999999999996,0.7884615384615384,2.2423076923076923,1.2423076923076923,1.509090909090909,3.0,4.434615384615385,0.3192307692307692,0.0
6,COPOC,min-CPS,0.010000000000000009,0.9961538461538462,4.565384615384615,3.5653846153846156,1.0,1.0,4.334615384615383,0.0038461538461538464,0.0
6,COPOC,min-CPS,0.020000000000000018,0.9692307692307692,4.05,3.05,1.25,2.0,6.896153846153843,0.038461538461538464,0.0
6,COPOC,min-CPS,0.030000000000000027,0.9653846153846154,3.7807692307692307,2.7807692307692307,1.4444444444444444,2.0,6.114102564102562,0.05,0.0
6,COPOC,min-CPS,0.050000000000000044,0.9538461538461539,3.5,2.5,1.5,3.0,5.269230769230767,0.06923076923076923,0.0
6,COPOC,min-CPS,0.07999999999999996,0.9038461538461539,2.9884615384615385,1.9884615384615385,1.36,3.0,5.257692307692309,0.13076923076923078,0.0
6,COPOC,min-CPS,0.09999999999999998,0.8576923076923076,2.7192307692307693,1.7192307692307693,1.2972972972972974,3.0,5.411538461538462,0.18461538461538463,0.0
6,COPOC,min-CPS,0.13,0.8423076923076923,2.5923076923076924,1.5923076923076922,1.2926829268292683,3.0,4.728402366863905,0.20384615384615384,0.0
6,COPOC,min-CPS,0.15000000000000002,0.8192307692307692,2.4692307692307693,1.4692307692307693,1.3191489361702127,3.0,4.648717948717948,0.23846153846153847,0.0
6,COPOC,min-CPS,0.18000000000000005,0.8076923076923077,2.376923076923077,1.376923076923077,1.42,3.0,4.4111111111111105,0.27307692307692305,0.0
6,COPOC,min-CPS,0.19999999999999996,0.7923076923076923,2.25,1.25,1.4444444444444444,3.0,4.25,0.3,0.0
6,COPOC,RPS,0.010000000000000009,0.9961538461538462,4.6,3.6,1.0,1.0,4.369230769230768,0.0038461538461538464,0.0
6,COPOC,RPS,0.020000000000000018,0.9807692307692307,4.107692307692307,3.1076923076923078,1.0,1.0,5.030769230769229,0.019230769230769232,0.0
6,COPOC,RPS,0.030000000000000027,0.9692307692307692,3.973076923076923,2.973076923076923,1.125,2.0,5.280769230769229,0.03461538461538462,0.0
6,COPOC,RPS,0.050000000000000044,0.9423076923076923,3.6192307692307693,2.6192307692307693,1.2666666666666666,2.0,5.5423076923076895,0.07307692307692308,0.0
6,COPOC,RPS,0.07999999999999996,0.9346153846153846,3.523076923076923,2.523076923076923,1.2352941176470589,2.0,4.542307692307694,0.08076923076923077,0.0
6,COPOC,RPS,0.09999999999999998,0.9038461538461539,3.273076923076923,2.273076923076923,1.16,2.0,4.503846153846154,0.11153846153846154,0.0
6,COPOC,RPS,0.13,0.8846153846153846,3.0692307692307694,2.0692307692307694,1.2,2.0,4.199408284023669,0.13846153846153847,0.0
6,COPOC,RPS,0.15000000000000002,0.8461538461538461,2.796153846153846,1.7961538461538462,1.225,3.0,4.308974358974359,0.18846153846153846,0.0
6,COPOC,RPS,0.18000000000000005,0.8346153846153846,2.7115384615384617,1.7115384615384615,1.255813953488372,3.0,4.019230769230768,0.2076923076923077,0.0
6,COPOC,RPS,0.19999999999999996,0.7961538461538461,2.5653846153846156,1.5653846153846154,1.2830188679245282,3.0,4.180769230769231,0.26153846153846155,0.0
6,COPOC,OCDF,0.010000000000000009,0.9961538461538462,4.938461538461539,3.9384615384615387,2.0,2.0,5.476923076923075,0.007692307692307693,0.0
6,COPOC,OCDF,0.020000000000000018,0.9884615384615385,4.9,3.9,1.6666666666666667,3.0,5.823076923076921,0.019230769230769232,0.0
6,COPOC,OCDF,0.030000000000000027,0.9884615384615385,4.9,3.9,1.6666666666666667,3.0,5.1820512820512805,0.019230769230769232,0.0
6,COPOC,OCDF,0.050000000000000044,0.9653846153846154,4.742307692307692,3.7423076923076923,1.4444444444444444,3.0,5.742307692307691,0.05,0.0
6,COPOC,OCDF,0.07999999999999996,0.9576923076923077,4.626923076923077,3.626923076923077,1.5454545454545454,3.0,5.2615384615384615,0.06538461538461539,0.0
6,COPOC,OCDF,0.09999999999999998,0.9346153846153846,4.492307692307692,3.4923076923076923,1.4705882352941178,3.0,5.415384615384616,0.09615384615384616,0.0
6,COPOC,OCDF,0.13,0.8769230769230769,4.253846153846154,3.253846153846154,1.375,4.0,5.857396449704142,0.16923076923076924,0.0
6,COPOC,OCDF,0.15000000000000002,0.8692307692307693,4.196153846153846,3.1961538461538463,1.411764705882353,4.0,5.657692307692307,0.18461538461538463,0.0
6,COPOC,OCDF,0.18000000000000005,0.8307692307692308,4.065384615384615,3.0653846153846156,1.4545454545454546,4.0,5.800427350427349,0.24615384615384617,0.0
6,COPOC,OCDF,0.19999999999999996,0.8192307692307692,3.9615384615384617,2.9615384615384617,1.553191489361702,4.0,5.769230769230769,0.28076923076923077,0.0
6,COPOC,APS,0.010000000000000009,1.0,4.630769230769231,3.6307692307692307,,0.0,3.6307692307692307,0.0,0.0
6,COPOC,APS,0.020000000000000018,0.9807692307692307,4.15,3.15,1.0,1.0,5.073076923076921,0.019230769230769232,0.0
6,COPOC,APS,0.030000000000000027,0.9615384615384616,3.873076923076923,2.873076923076923,1.3,2.0,6.206410256410254,0.05,0.0
6,COPOC,APS,0.050000000000000044,0.95,3.4692307692307693,2.4692307692307693,1.3846153846153846,2.0,5.238461538461537,0.06923076923076923,0.0
6,COPOC,APS,0.07999999999999996,0.8923076923076924,3.1346153846153846,2.146153846153846,1.5714285714285714,4.0,5.223076923076925,0.16923076923076924,0.0
6,COPOC,APS,0.09999999999999998,0.8807692307692307,2.9423076923076925,1.9538461538461538,1.5483870967741935,4.0,4.723076923076923,0.18461538461538463,0.0
6,COPOC,APS,0.13,0.8461538461538461,2.8192307692307694,1.8307692307692307,1.45,4.0,4.5526627218934905,0.2230769230769231,0.0
6,COPOC,APS,0.15000000000000002,0.8192307692307692,2.6192307692307693,1.6346153846153846,1.553191489361702,4.0,4.5576923076923075,0.28076923076923077,0.0
6,COPOC,APS,0.18000000000000005,0.8,2.4653846153846155,1.4923076923076923,1.7115384615384615,4.0,4.099145299145299,0.3423076923076923,0.0
6,COPOC,APS,0.19999999999999996,0.7615384615384615,2.326923076923077,1.3692307692307693,1.8387096774193548,4.0,4.061538461538461,0.43846153846153846,0.0
6,COPOC,LAC,0.010000000000000009,0.9961538461538462,4.569230769230769,3.5692307692307694,1.0,1.0,4.338461538461537,0.0038461538461538464,0.0
6,COPOC,LAC,0.020000000000000018,0.9692307692307692,4.015384615384615,3.0153846153846153,1.25,2.0,6.8615384615384585,0.038461538461538464,0.0
6,COPOC,LAC,0.030000000000000027,0.9615384615384616,3.7807692307692307,2.7807692307692307,1.4,2.0,6.370512820512817,0.05384615384615385,0.0
6,COPOC,LAC,0.050000000000000044,0.9538461538461539,3.4423076923076925,2.4423076923076925,1.5,3.0,5.21153846153846,0.06923076923076923,0.0
6,COPOC,LAC,0.07999999999999996,0.9038461538461539,2.9461538461538463,1.9461538461538461,1.4,3.0,5.311538461538463,0.1346153846153846,0.0
6,COPOC,LAC,0.09999999999999998,0.8538461538461538,2.6961538461538463,1.6961538461538461,1.394736842105263,3.0,5.773076923076923,0.20384615384615384,0.0
6,COPOC,LAC,0.13,0.8423076923076923,2.526923076923077,1.5269230769230768,1.4878048780487805,3.0,5.136390532544379,0.23461538461538461,0.0
6,COPOC,LAC,0.15000000000000002,0.8115384615384615,2.326923076923077,1.3269230769230769,1.489795918367347,3.0,5.07051282051282,0.28076923076923077,0.0
6,COPOC,LAC,0.18000000000000005,0.7923076923076923,2.25,1.25,1.462962962962963,3.0,4.6260683760683765,0.3038461538461538,0.0
6,COPOC,LAC,0.19999999999999996,0.7730769230769231,2.080769230769231,1.0807692307692307,1.5423728813559323,3.0,4.5807692307692305,0.35,0.0
7,COPOC,min-CPS,0.010000000000000009,0.9923076923076923,4.596153846153846,3.5961538461538463,1.0,1.0,5.134615384615383,0.007692307692307693,0.0
7,COPOC,min-CPS,0.020000000000000018,0.9846153846153847,4.292307692307692,3.292307692307692,1.5,2.0,5.599999999999998,0.023076923076923078,0.0
7,COPOC,min-CPS,0.030000000000000027,0.9807692307692307,4.226923076923077,3.226923076923077,1.4,2.0,5.021794871794871,0.026923076923076925,0.0
7,COPOC,min-CPS,0.050000000000000044,0.95,3.6076923076923078,2.6076923076923078,1.5384615384615385,3.0,5.684615384615382,0.07692307692307693,0.0
7,COPOC,min-CPS,0.07999999999999996,0.9153846153846154,3.1769230769230767,2.1769230769230767,1.4545454545454546,4.0,5.253846153846156,0.12307692307692308,0.0
7,COPOC,min-CPS,0.09999999999999998,0.8884615384615384,2.9423076923076925,1.9423076923076923,1.3793103448275863,4.0,5.019230769230769,0.15384615384615385,0.0
7,COPOC,min-CPS,0.13,0.8384615384615385,2.7115384615384617,1.7115384615384615,1.4285714285714286,4.0,5.261834319526628,0.23076923076923078,0.0
7,COPOC,min-CPS,0.15000000000000002,0.823076923076923,2.6115384615384616,1.6115384615384616,1.4565217391304348,4.0,5.047435897435897,0.25769230769230766,0.0
7,COPOC,min-CPS,0.18000000000000005,0.7653846153846153,2.35,1.35,1.4262295081967213,4.0,5.067948717948718,0.3346153846153846,0.0
7,COPOC,min-CPS,0.19999999999999996,0.7307692307692307,2.253846153846154,1.2538461538461538,1.3857142857142857,4.0,4.984615384615385,0.3730769230769231,0.0
7,COPOC,RPS,0.010000000000000009,0.9923076923076923,4.642307692307693,3.6423076923076922,1.0,1.0,5.180769230769229,0.007692307692307693,0.0
7,COPOC,RPS,0.020000000000000018,0.9846153846153847,4.203846153846154,3.203846153846154,1.25,2.0,5.126923076923076,0.019230769230769232,0.0
7,COPOC,RPS,0.030000000000000027,0.9807692307692307,4.092307692307692,3.0923076923076924,1.2,2.0,4.63076923076923,0.023076923076923078,0.0
7,COPOC,RPS,0.050000000000000044,0.9384615384615385,3.6923076923076925,2.6923076923076925,1.25,3.0,5.7692307692307665,0.07692307692307693,0.0
7,COPOC,RPS,0.07999999999999996,0.8846153846153846,3.373076923076923,2.373076923076923,1.1333333333333333,3.0,5.6423076923076945,0.13076923076923078,0.0
7,COPOC,RPS,0.09999999999999998,0.8730769230769231,3.2,2.2,1.1515151515151516,3.0,5.123076923076923,0.14615384615384616,0.0
7,COPOC,RPS,0.13,0.8615384615384616,3.026923076923077,2.026923076923077,1.1666666666666667,3.0,4.512130177514793,0.16153846153846155,0.0
7,COPOC,RPS,0.15000000000000002,0.8038461538461539,2.7346153846153847,1.7346153846153847,1.196078431372549,3.0,4.8628205128205115,0.23461538461538461,0.0
7,COPOC,RPS,0.18000000000000005,0.7692307692307693,2.5884615384615386,1.5884615384615384,1.25,3.0,4.7935897435897425,0.28846153846153844,0.0
7,COPOC,RPS,0.19999999999999996,0.75,2.2384615384615385,1.2384615384615385,1.4,4.0,4.7384615384615385,0.35,0.0
7,COPOC,OCDF,0.010000000000000009,0.9961538461538462,4.9423076923076925,3.9423076923076925,2.0,2.0,5.480769230769229,0.007692307692307693,0.0
7,COPOC,OCDF,0.020000000000000018,0.9769230769230769,4.888461538461539,3.8884615384615384,1.3333333333333333,3.0,6.965384615384614,0.03076923076923077,0.0
7,COPOC,OCDF,0.030000000000000027,0.9615384615384616,4.8307692307692305,3.830769230769231,1.2,3.0,6.907692307692306,0.046153846153846156,0.0
7,COPOC,OCDF,0.050000000000000044,0.9153846153846154,4.5576923076923075,3.5576923076923075,1.4545454545454546,3.0,8.480769230769226,0.12307692307692308,0.0
7,COPOC,OCDF,0.07999999999999996,0.8653846153846154,4.357692307692307,3.3576923076923078,1.542857142857143,4.0,8.550000000000004,0.2076923076923077,0.0
7,COPOC,OCDF,0.09999999999999998,0.8461538461538461,4.223076923076923,3.223076923076923,1.525,4.0,7.915384615384616,0.23461538461538461,0.0
7,COPOC,OCDF,0.13,0.8153846153846154,4.084615384615384,3.0846153846153848,1.5416666666666667,4.0,7.4633136094674555,0.2846153846153846,0.0
7,COPOC,OCDF,0.15000000000000002,0.7846153846153846,3.9461538461538463,2.9461538461538463,1.5535714285714286,4.0,7.407692307692307,0.3346153846153846,0.0
7,COPOC,OCDF,0.18000000000000005,0.7769230769230769,3.8384615384615386,2.8384615384615386,1.706896551724138,4.0,7.069230769230768,0.38076923076923075,0.0
7,COPOC,OCDF,0.19999999999999996,0.7538461538461538,3.7423076923076923,2.7423076923076923,1.671875,4.0,6.857692307692307,0.4115384615384615,0.0
7,COPOC,APS,0.010000000000000009,0.9923076923076923,4.65,3.65,1.0,1.0,5.188461538461537,0.007692307692307693,0.0
7,COPOC,APS,0.020000000000000018,0.9923076923076923,4.515384615384615,3.5153846153846153,1.0,1.0,4.284615384615384,0.007692307692307693,0.0
7,COPOC,APS,0.030000000000000027,0.9769230769230769,4.165384615384616,3.1653846153846152,1.3333333333333333,2.0,5.216666666666666,0.03076923076923077,0.0
7,COPOC,APS,0.050000000000000044,0.9384615384615385,3.6423076923076922,2.6423076923076922,1.375,3.0,6.026923076923073,0.08461538461538462,0.0
7,COPOC,APS,0.07999999999999996,0.9307692307692308,3.4307692307692306,2.4307692307692306,1.4444444444444444,3.0,4.930769230769233,0.1,0.0
7,COPOC,APS,0.09999999999999998,0.9,3.0884615384615386,2.0884615384615386,1.4615384615384615,4.0,5.0115384615384615,0.14615384615384616,0.0
7,COPOC,APS,0.13,0.8769230769230769,2.953846153846154,1.9576923076923076,1.46875,4.0,4.502071005917159,0.18076923076923077,0.0
7,COPOC,APS,0.15000000000000002,0.8346153846153846,2.753846153846154,1.7653846153846153,1.5348837209302326,4.0,4.534615384615384,0.25384615384615383,0.0
7,COPOC,APS,0.18000000000000005,0.7769230769230769,2.5961538461538463,1.6153846153846154,1.5172413793103448,4.0,4.521367521367521,0.3384615384615385,0.0
7,COPOC,APS,0.19999999999999996,0.7269230769230769,2.4461538461538463,1.4730769230769232,1.5492957746478873,4.0,4.626923076923077,0.4230769230769231,0.0
7,COPOC,LAC,0.010000000000000009,0.9923076923076923,4.6038461538461535,3.603846153846154,1.0,1.0,5.142307692307691,0.007692307692307693,0.0
7,COPOC,LAC,0.020000000000000018,0.9846153846153847,4.280769230769231,3.2807692307692307,1.5,2.0,5.588461538461536,0.023076923076923078,0.0
7,COPOC,LAC,0.030000000000000027,0.9807692307692307,4.211538461538462,3.2115384615384617,1.4,2.0,5.0064102564102555,0.026923076923076925,0.0
7,COPOC,LAC,0.050000000000000044,0.9538461538461539,3.5730769230769233,2.5730769230769233,1.75,4.0,5.80384615384615,0.08076923076923077,0.0
7,COPOC,LAC,0.07999999999999996,0.9307692307692308,3.273076923076923,2.273076923076923,1.6111111111111112,4.0,5.061538461538463,0.11153846153846154,0.0
7,COPOC,LAC,0.09999999999999998,0.8653846153846154,2.896153846153846,1.896153846153846,1.5142857142857142,4.0,5.973076923076923,0.20384615384615384,0.0
7,COPOC,LAC,0.13,0.8346153846153846,2.6384615384615384,1.6384615384615384,1.627906976744186,4.0,5.780473372781064,0.2692307692307692,0.0
7,COPOC,LAC,0.15000000000000002,0.8076923076923077,2.4461538461538463,1.4461538461538461,1.58,4.0,5.4974358974358974,0.3038461538461538,0.0
7,COPOC,LAC,0.18000000000000005,0.7769230769230769,2.3076923076923075,1.3076923076923077,1.5517241379310345,4.0,5.153846153846153,0.34615384615384615,0.0
7,COPOC,LAC,0.19999999999999996,0.7538461538461538,2.1115384615384616,1.1115384615384616,1.53125,4.0,4.880769230769231,0.3769230769230769,0.0
8,COPOC,min-CPS,0.010000000000000009,0.9846153846153847,4.369230769230769,3.3692307692307693,1.0,1.0,6.446153846153844,0.015384615384615385,0.0
8,COPOC,min-CPS,0.020000000000000018,0.9769230769230769,4.184615384615385,3.1846153846153844,1.6666666666666667,2.0,7.030769230769227,0.038461538461538464,0.0
8,COPOC,min-CPS,0.030000000000000027,0.9769230769230769,4.111538461538461,3.1115384615384616,1.6666666666666667,2.0,5.675641025641024,0.038461538461538464,0.0
8,COPOC,min-CPS,0.050000000000000044,0.9461538461538461,3.480769230769231,2.480769230769231,1.5,3.0,5.711538461538459,0.08076923076923077,0.0
8,COPOC,min-CPS,0.07999999999999996,0.9076923076923077,3.0692307692307694,2.0692307692307694,1.4166666666666667,3.0,5.33846153846154,0.13076923076923078,0.0
8,COPOC,min-CPS,0.09999999999999998,0.9038461538461539,2.980769230769231,1.9807692307692308,1.44,3.0,4.75,0.13846153846153847,0.0
8,COPOC,min-CPS,0.13,0.8769230769230769,2.7807692307692307,1.7807692307692307,1.40625,3.0,4.443491124260356,0.17307692307692307,0.0
8,COPOC,min-CPS,0.15000000000000002,0.8384615384615385,2.580769230769231,1.5807692307692307,1.3571428571428572,3.0,4.503846153846154,0.21923076923076923,0.0
8,COPOC,min-CPS,0.18000000000000005,0.8307692307692308,2.4692307692307693,1.4692307692307693,1.4772727272727273,3.0,4.247008547008547,0.25,0.0
8,COPOC,min-CPS,0.19999999999999996,0.8,2.3153846153846156,1.3153846153846154,1.5192307692307692,3.0,4.3538461538461535,0.3038461538461538,0.0
8,COPOC,RPS,0.010000000000000009,0.9961538461538462,4.619230769230769,3.6192307692307693,1.0,1.0,4.388461538461538,0.0038461538461538464,0.0
8,COPOC,RPS,0.020000000000000018,0.9846153846153847,4.176923076923077,3.1769230769230767,1.0,1.0,4.715384615384614,0.015384615384615385,0.0
8,COPOC,RPS,0.030000000000000027,0.9769230769230769,4.061538461538461,3.0615384615384613,1.0,1.0,4.599999999999999,0.023076923076923078,0.0
8,COPOC,RPS,0.050000000000000044,0.9346153846153846,3.6423076923076922,2.6423076923076922,1.2352941176470589,2.0,5.87307692307692,0.08076923076923077,0.0
8,COPOC,RPS,0.07999999999999996,0.8961538461538462,3.419230769230769,2.419230769230769,1.1481481481481481,2.0,5.400000000000002,0.11923076923076924,0.0
8,COPOC,RPS,0.09999999999999998,0.8807692307692307,3.1884615384615387,2.1884615384615387,1.1290322580645162,2.0,4.880769230769231,0.1346153846153846,0.0
8,COPOC,RPS,0.13,0.8692307692307693,3.0307692307692307,2.0307692307692307,1.1470588235294117,2.0,4.338461538461538,0.15,0.0
8,COPOC,RPS,0.15000000000000002,0.8615384615384616,2.8692307692307693,1.8692307692307693,1.2222222222222223,3.0,4.125641025641025,0.16923076923076924,0.0
8,COPOC,RPS,0.18000000000000005,0.8115384615384615,2.65,1.65,1.183673469387755,3.0,4.128632478632478,0.2230769230769231,0.0
8,COPOC,RPS,0.19999999999999996,0.7846153846153846,2.4653846153846155,1.4653846153846153,1.3392857142857142,3.0,4.35,0.28846153846153844,0.0
8,COPOC,OCDF,0.010000000000000009,0.9730769230769231,4.857692307692307,3.8576923076923078,1.4285714285714286,3.0,11.549999999999994,0.038461538461538464,0.0
8,COPOC,OCDF,0.020000000000000018,0.9730769230769231,4.838461538461538,3.8384615384615386,1.4285714285714286,3.0,7.684615384615381,0.038461538461538464,0.0
8,COPOC,OCDF,0.030000000000000027,0.9692307692307692,4.8076923076923075,3.8076923076923075,1.375,3.0,6.628205128205126,0.04230769230769231,0.0
8,COPOC,OCDF,0.050000000000000044,0.9576923076923077,4.688461538461539,3.6884615384615387,1.6363636363636365,3.0,6.457692307692306,0.06923076923076923,0.0
8,COPOC,OCDF,0.07999999999999996,0.9423076923076923,4.542307692307692,3.542307692307692,1.6666666666666667,3.0,5.946153846153848,0.09615384615384616,0.0
8,COPOC,OCDF,0.09999999999999998,0.9076923076923077,4.35,3.35,1.5833333333333333,4.0,6.273076923076923,0.14615384615384616,0.0
8,COPOC,OCDF,0.13,0.8615384615384616,4.161538461538462,3.1615384615384614,1.5,4.0,6.35680473372781,0.2076923076923077,0.0
8,COPOC,OCDF,0.15000000000000002,0.8269230769230769,4.026923076923077,3.026923076923077,1.4666666666666666,4.0,6.411538461538461,0.25384615384615383,0.0
8,COPOC,OCDF,0.18000000000000005,0.8115384615384615,3.9307692307692306,2.9307692307692306,1.510204081632653,4.0,6.093162393162393,0.2846153846153846,0.0
8,COPOC,OCDF,0.19999999999999996,0.7884615384615384,3.8230769230769233,2.8230769230769233,1.5454545454545454,4.0,6.092307692307692,0.3269230769230769,0.0
8,COPOC,APS,0.010000000000000009,0.9961538461538462,4.573076923076923,3.5730769230769233,1.0,1.0,4.342307692307691,0.0038461538461538464,0.0
8,COPOC,APS,0.020000000000000018,0.9692307692307692,4.1,3.1,1.5,2.0,7.715384615384612,0.046153846153846156,0.0
8,COPOC,APS,0.030000000000000027,0.9692307692307692,3.980769230769231,2.980769230769231,1.5,2.0,6.057692307692306,0.046153846153846156,0.0
8,COPOC,APS,0.050000000000000044,0.9423076923076923,3.523076923076923,2.526923076923077,1.5333333333333334,4.0,5.449999999999998,0.08846153846153847,0.0
8,COPOC,APS,0.07999999999999996,0.9115384615384615,3.276923076923077,2.2807692307692307,1.4782608695652173,4.0,5.1653846153846175,0.13076923076923078,0.0
8,COPOC,APS,0.09999999999999998,0.8923076923076924,3.0961538461538463,2.103846153846154,1.5714285714285714,4.0,4.873076923076923,0.16923076923076924,0.0
8,COPOC,APS,0.13,0.8730769230769231,2.9615384615384617,1.9730769230769232,1.5454545454545454,4.0,4.399112426035503,0.19615384615384615,0.0
8,COPOC,APS,0.15000000000000002,0.8346153846153846,2.7653846153846153,1.7769230769230768,1.5116279069767442,4.0,4.597435897435897,0.25,0.0
8,COPOC,APS,0.18000000000000005,0.8192307692307692,2.5884615384615386,1.603846153846154,1.574468085106383,4.0,4.167948717948717,0.2846153846153846,0.0
8,COPOC,APS,0.19999999999999996,0.8,2.4884615384615385,1.5038461538461538,1.5576923076923077,4.0,4.0807692307692305,0.31153846153846154,0.0
8,COPOC,LAC,0.010000000000000009,0.9846153846153847,4.3538461538461535,3.353846153846154,1.5,2.0,7.969230769230766,0.023076923076923078,0.0
8,COPOC,LAC,0.020000000000000018,0.9769230769230769,4.180769230769231,3.1807692307692306,1.6666666666666667,2.0,7.026923076923073,0.038461538461538464,0.0
8,COPOC,LAC,0.030000000000000027,0.9769230769230769,4.084615384615384,3.0846153846153848,1.6666666666666667,2.0,5.648717948717947,0.038461538461538464,0.0
8,COPOC,LAC,0.050000000000000044,0.9423076923076923,3.3846153846153846,2.3846153846153846,1.6,3.0,6.076923076923073,0.09230769230769231,0.0
8,COPOC,LAC,0.07999999999999996,0.9153846153846154,3.0692307692307694,2.0692307692307694,1.5,3.0,5.242307692307694,0.12692307692307692,0.0
8,COPOC,LAC,0.09999999999999998,0.9,2.980769230769231,1.9807692307692308,1.4615384615384615,3.0,4.903846153846154,0.14615384615384616,0.0
8,COPOC,LAC,0.13,0.8692307692307693,2.7192307692307693,1.7192307692307693,1.5588235294117647,3.0,4.855325443786982,0.20384615384615384,0.0
8,COPOC,LAC,0.15000000000000002,0.823076923076923,2.4653846153846155,1.4653846153846153,1.565217391304348,3.0,5.157692307692307,0.27692307692307694,0.0
8,COPOC,LAC,0.18000000000000005,0.8076923076923077,2.3461538461538463,1.3461538461538463,1.58,3.0,4.7222222222222205,0.3038461538461538,0.0
8,COPOC,LAC,0.19999999999999996,0.8038461538461539,2.3115384615384613,1.3115384615384615,1.607843137254902,3.0,4.4653846153846155,0.3153846153846154,0.0
9,COPOC,min-CPS,0.010000000000000009,0.9961538461538462,4.626923076923077,3.626923076923077,1.0,1.0,4.396153846153846,0.0038461538461538464,0.0
9,COPOC,min-CPS,0.020000000000000018,0.9846153846153847,4.2615384615384615,3.2615384615384615,1.25,2.0,5.184615384615383,0.019230769230769232,0.0
9,COPOC,min-CPS,0.030000000000000027,0.9769230769230769,4.123076923076923,3.123076923076923,1.1666666666666667,2.0,4.917948717948717,0.026923076923076925,0.0
9,COPOC,min-CPS,0.050000000000000044,0.9461538461538461,3.457692307692308,2.457692307692308,1.5,3.0,5.688461538461536,0.08076923076923077,0.0
9,COPOC,min-CPS,0.07999999999999996,0.8961538461538462,2.9692307692307693,1.9692307692307693,1.4074074074074074,4.0,5.623076923076924,0.14615384615384616,0.0
9,COPOC,min-CPS,0.09999999999999998,0.8846153846153846,2.8,1.8,1.4333333333333333,4.0,5.107692307692307,0.16538461538461538,0.0
9,COPOC,min-CPS,0.13,0.85,2.6076923076923078,1.6076923076923078,1.4102564102564104,4.0,4.862130177514792,0.21153846153846154,0.0
9,COPOC,min-CPS,0.15000000000000002,0.8346153846153846,2.523076923076923,1.523076923076923,1.372093023255814,4.0,4.5487179487179485,0.22692307692307692,0.0
9,COPOC,min-CPS,0.18000000000000005,0.8153846153846154,2.376923076923077,1.376923076923077,1.375,4.0,4.197435897435896,0.25384615384615383,0.0
9,COPOC,min-CPS,0.19999999999999996,0.7884615384615384,2.269230769230769,1.2692307692307692,1.4,4.0,4.230769230769231,0.29615384615384616,0.0
9,COPOC,RPS,0.010000000000000009,0.9923076923076923,4.584615384615384,3.5846153846153848,1.0,1.0,5.123076923076922,0.007692307692307693,0.0
9,COPOC,RPS,0.020000000000000018,0.9846153846153847,4.1461538461538465,3.146153846153846,1.25,2.0,5.069230769230767,0.019230769230769232,0.0
9,COPOC,RPS,0.030000000000000027,0.9692307692307692,3.9615384615384617,2.9615384615384617,1.125,2.0,5.269230769230767,0.03461538461538462,0.0
9,COPOC,RPS,0.050000000000000044,0.9538461538461539,3.730769230769231,2.730769230769231,1.1666666666666667,2.0,4.884615384615383,0.05384615384615385,0.0
9,COPOC,RPS,0.07999999999999996,0.926923076923077,3.5076923076923077,2.5076923076923077,1.263157894736842,3.0,4.815384615384617,0.09230769230769231,0.0
9,COPOC,RPS,0.09999999999999998,0.9,3.2615384615384615,2.2615384615384615,1.1923076923076923,3.0,4.6461538461538465,0.11923076923076924,0.0
9,COPOC,RPS,0.13,0.8884615384615384,3.0653846153846156,2.0653846153846156,1.206896551724138,3.0,4.136390532544379,0.1346153846153846,0.0
9,COPOC,RPS,0.15000000000000002,0.8538461538461538,2.8115384615384613,1.8115384615384615,1.236842105263158,3.0,4.221794871794871,0.18076923076923077,0.0
9,COPOC,RPS,0.18000000000000005,0.8307692307692308,2.707692307692308,1.7076923076923076,1.2045454545454546,3.0,3.972649572649572,0.20384615384615384,0.0
9,COPOC,RPS,0.19999999999999996,0.8076923076923077,2.5730769230769233,1.573076923076923,1.28,3.0,4.0346153846153845,0.24615384615384617,0.0
9,COPOC,OCDF,0.010000000000000009,0.9923076923076923,4.9192307692307695,3.919230769230769,1.0,1.0,5.457692307692306,0.007692307692307693,0.0
9,COPOC,OCDF,0.020000000000000018,0.9730769230769231,4.865384615384615,3.8653846153846154,1.1428571428571428,2.0,6.94230769230769,0.03076923076923077,0.0
9,COPOC,OCDF,0.030000000000000027,0.9653846153846154,4.819230769230769,3.8192307692307694,1.1111111111111112,2.0,6.383333333333332,0.038461538461538464,0.0
9,COPOC,OCDF,0.050000000000000044,0.9576923076923077,4.726923076923077,3.726923076923077,1.3636363636363635,2.0,6.034615384615383,0.057692307692307696,0.0
9,COPOC,OCDF,0.07999999999999996,0.9230769230769231,4.530769230769231,3.5307692307692307,1.45,2.0,6.319230769230771,0.11153846153846154,0.0
9,COPOC,OCDF,0.09999999999999998,0.8846153846153846,4.376923076923077,3.376923076923077,1.4333333333333333,2.0,6.684615384615385,0.16538461538461538,0.0
9,COPOC,OCDF,0.13,0.8692307692307693,4.269230769230769,3.269230769230769,1.411764705882353,2.0,6.109467455621302,0.18461538461538463,0.0
9,COPOC,OCDF,0.15000000000000002,0.8576923076923076,4.1923076923076925,3.1923076923076925,1.4864864864864864,2.0,6.012820512820513,0.21153846153846154,0.0
9,COPOC,OCDF,0.18000000000000005,0.8384615384615385,4.096153846153846,3.0961538461538463,1.5476190476190477,3.0,5.8739316239316235,0.25,0.0
9,COPOC,OCDF,0.19999999999999996,0.8115384615384615,3.9846153846153847,2.9846153846153847,1.5510204081632653,3.0,5.907692307692308,0.2923076923076923,0.0
9,COPOC,APS,0.010000000000000009,0.9961538461538462,4.7,3.7,1.0,1.0,4.4692307692307685,0.0038461538461538464,0.0
9,COPOC,APS,0.020000000000000018,0.9961538461538462,4.5576923076923075,3.5576923076923075,1.0,1.0,3.9423076923076925,0.0038461538461538464,0.0
9,COPOC,APS,0.030000000000000027,0.9730769230769231,4.130769230769231,3.1307692307692307,1.1428571428571428,2.0,5.1820512820512805,0.03076923076923077,0.0
9,COPOC,APS,0.050000000000000044,0.9346153846153846,3.5846153846153848,2.5884615384615386,1.5294117647058822,4.0,5.9730769230769205,0.1,0.0
9,COPOC,APS,0.07999999999999996,0.926923076923077,3.3153846153846156,2.3192307692307694,1.631578947368421,4.0,4.9153846153846175,0.11923076923076924,0.0
9,COPOC,APS,0.09999999999999998,0.8692307692307693,2.8461538461538463,1.853846153846154,1.5588235294117647,4.0,5.315384615384615,0.20384615384615384,0.0
9,COPOC,APS,0.13,0.8576923076923076,2.7384615384615385,1.7461538461538462,1.5675675675675675,4.0,4.70473372781065,0.2230769230769231,0.0
9,COPOC,APS,0.15000000000000002,0.85,2.6807692307692306,1.6884615384615385,1.5384615384615385,4.0,4.355128205128205,0.23076923076923078,0.0
9,COPOC,APS,0.18000000000000005,0.8076923076923077,2.473076923076923,1.4846153846153847,1.52,4.0,4.219658119658119,0.2923076923076923,0.0
9,COPOC,APS,0.19999999999999996,0.7846153846153846,2.2846153846153845,1.3038461538461539,1.6964285714285714,4.0,4.265384615384615,0.36538461538461536,0.0
9,COPOC,LAC,0.010000000000000009,0.9961538461538462,4.630769230769231,3.6307692307692307,1.0,1.0,4.3999999999999995,0.0038461538461538464,0.0
9,COPOC,LAC,0.020000000000000018,0.9846153846153847,4.2384615384615385,3.2384615384615385,1.25,2.0,5.16153846153846,0.019230769230769232,0.0
9,COPOC,LAC,0.030000000000000027,0.9769230769230769,4.096153846153846,3.0961538461538463,1.1666666666666667,2.0,4.8910256410256405,0.026923076923076925,0.0
9,COPOC,LAC,0.050000000000000044,0.9423076923076923,3.3423076923076924,2.3423076923076924,1.6,4.0,6.034615384615381,0.09230769230769231,0.0
9,COPOC,LAC,0.07999999999999996,0.8961538461538462,2.9346153846153844,1.9346153846153846,1.4814814814814814,4.0,5.780769230769232,0.15384615384615385,0.0
9,COPOC,LAC,0.09999999999999998,0.8769230769230769,2.792307692307692,1.7923076923076924,1.46875,4.0,5.407692307692308,0.18076923076923077,0.0
9,COPOC,LAC,0.13,0.8653846153846154,2.646153846153846,1.646153846153846,1.4857142857142858,4.0,4.723076923076923,0.2,0.0
9,COPOC,LAC,0.15000000000000002,0.8307692307692308,2.4,1.4,1.4772727272727273,4.0,4.7333333333333325,0.25,0.0
9,COPOC,LAC,0.18000000000000005,0.7923076923076923,2.25,1.25,1.5,4.0,4.711538461538462,0.31153846153846154,0.0
9,COPOC,LAC,0.19999999999999996,0.7769230769230769,2.0846153846153848,1.0846153846153845,1.5344827586206897,4.0,4.507692307692308,0.3423076923076923,0.0
10,COPOC,min-CPS,0.010000000000000009,0.9961538461538462,4.607692307692307,3.6076923076923078,1.0,1.0,4.3769230769230765,0.0038461538461538464,0.0
10,COPOC,min-CPS,0.020000000000000018,0.9961538461538462,4.392307692307693,3.3923076923076922,1.0,1.0,3.7769230769230764,0.0038461538461538464,0.0
10,COPOC,min-CPS,0.030000000000000027,0.9884615384615385,4.203846153846154,3.203846153846154,1.3333333333333333,2.0,4.229487179487179,0.015384615384615385,0.0
10,COPOC,min-CPS,0.050000000000000044,0.9423076923076923,3.376923076923077,2.376923076923077,1.4,4.0,5.607692307692304,0.08076923076923077,0.0
10,COPOC,min-CPS,0.07999999999999996,0.9076923076923077,3.046153846153846,2.046153846153846,1.4166666666666667,4.0,5.315384615384617,0.13076923076923078,0.0
10,COPOC,min-CPS,0.09999999999999998,0.8846153846153846,2.8384615384615386,1.8384615384615384,1.3666666666666667,4.0,4.992307692307692,0.1576923076923077,0.0
10,COPOC,min-CPS,0.13,0.8769230769230769,2.7615384615384615,1.7615384615384615,1.4375,4.0,4.4834319526627215,0.17692307692307693,0.0
10,COPOC,min-CPS,0.15000000000000002,0.8461538461538461,2.576923076923077,1.5769230769230769,1.425,4.0,4.499999999999999,0.21923076923076923,0.0
10,COPOC,min-CPS,0.18000000000000005,0.8038461538461539,2.3846153846153846,1.3846153846153846,1.4509803921568627,4.0,4.547008547008546,0.2846153846153846,0.0
10,COPOC,min-CPS,0.19999999999999996,0.7846153846153846,2.273076923076923,1.273076923076923,1.4464285714285714,4.0,4.388461538461539,0.31153846153846154,0.0
10,COPOC,RPS,0.010000000000000009,0.9884615384615385,4.4423076923076925,3.4423076923076925,1.0,1.0,5.749999999999998,0.011538461538461539,0.0
10,COPOC,RPS,0.020000000000000018,0.9576923076923077,3.9153846153846152,2.9153846153846152,1.2727272727272727,2.0,8.299999999999997,0.05384615384615385,0.0
10,COPOC,RPS,0.030000000000000027,0.9576923076923077,3.9076923076923076,2.9076923076923076,1.2727272727272727,2.0,6.497435897435895,0.05384615384615385,0.0
10,COPOC,RPS,0.050000000000000044,0.95,3.6961538461538463,2.6961538461538463,1.3076923076923077,2.0,5.3115384615384595,0.06538461538461539,0.0
10,COPOC,RPS,0.07999999999999996,0.9346153846153846,3.5576923076923075,2.5576923076923075,1.2941176470588236,3.0,4.673076923076925,0.08461538461538462,0.0
10,COPOC,RPS,0.09999999999999998,0.9038461538461539,3.3,2.3,1.2,3.0,4.607692307692307,0.11538461538461539,0.0
10,COPOC,RPS,0.13,0.8884615384615384,3.076923076923077,2.076923076923077,1.3103448275862069,3.0,4.325443786982249,0.14615384615384616,0.0
10,COPOC,RPS,0.15000000000000002,0.8538461538461538,2.830769230769231,1.8307692307692307,1.3157894736842106,3.0,4.394871794871794,0.19230769230769232,0.0
10,COPOC,RPS,0.18000000000000005,0.8461538461538461,2.746153846153846,1.7461538461538462,1.35,3.0,4.053846153846154,0.2076923076923077,0.0
10,COPOC,RPS,0.19999999999999996,0.8269230769230769,2.6346153846153846,1.6346153846153846,1.3333333333333333,3.0,3.9423076923076925,0.23076923076923078,0.0
10,COPOC,OCDF,0.010000000000000009,0.9961538461538462,4.9653846153846155,3.9653846153846155,2.0,2.0,5.503846153846152,0.007692307692307693,0.0
10,COPOC,OCDF,0.020000000000000018,0.9769230769230769,4.915384615384616,3.9153846153846152,1.3333333333333333,3.0,6.99230769230769,0.03076923076923077,0.0
10,COPOC,OCDF,0.030000000000000027,0.9730769230769231,4.880769230769231,3.8807692307692307,1.2857142857142858,3.0,6.188461538461537,0.03461538461538462,0.0
10,COPOC,OCDF,0.050000000000000044,0.9615384615384616,4.776923076923077,3.776923076923077,1.6,3.0,6.238461538461537,0.06153846153846154,0.0
10,COPOC,OCDF,0.07999999999999996,0.9576923076923077,4.688461538461539,3.6884615384615387,1.6363636363636365,3.0,5.419230769230771,0.06923076923076923,0.0
10,COPOC,OCDF,0.09999999999999998,0.9346153846153846,4.526923076923077,3.526923076923077,1.6470588235294117,3.0,5.680769230769231,0.1076923076923077,0.0
10,COPOC,OCDF,0.13,0.9192307692307692,4.446153846153846,3.4461538461538463,1.6666666666666667,4.0,5.51715976331361,0.1346153846153846,0.0
10,COPOC,OCDF,0.15000000000000002,0.8961538461538462,4.323076923076923,3.3230769230769233,1.5185185185185186,4.0,5.425641025641025,0.1576923076923077,0.0
10,COPOC,OCDF,0.18000000000000005,0.8730769230769231,4.180769230769231,3.1807692307692306,1.5757575757575757,4.0,5.4029914529914524,0.2,0.0
10,COPOC,OCDF,0.19999999999999996,0.8576923076923076,4.134615384615385,3.1346153846153846,1.5945945945945945,4.0,5.403846153846154,0.22692307692307692,0.0
10,COPOC,APS,0.010000000000000009,0.9961538461538462,4.607692307692307,3.6076923076923078,1.0,1.0,4.3769230769230765,0.0038461538461538464,0.0
10,COPOC,APS,0.020000000000000018,0.9884615384615385,4.484615384615385,3.4846153846153847,1.0,1.0,4.638461538461537,0.011538461538461539,0.0
10,COPOC,APS,0.030000000000000027,0.9846153846153847,4.126923076923077,3.126923076923077,1.25,2.0,4.4089743589743575,0.019230769230769232,0.0
10,COPOC,APS,0.050000000000000044,0.9576923076923077,3.542307692307692,2.546153846153846,1.7272727272727273,4.0,4.853846153846152,0.07307692307692308,0.0
10,COPOC,APS,0.07999999999999996,0.926923076923077,3.276923076923077,2.2807692307692307,1.5789473684210527,4.0,4.780769230769232,0.11538461538461539,0.0
10,COPOC,APS,0.09999999999999998,0.8884615384615384,3.046153846153846,2.0538461538461537,1.5172413793103448,4.0,4.823076923076923,0.16923076923076924,0.0
10,COPOC,APS,0.13,0.8461538461538461,2.7884615384615383,1.7961538461538462,1.475,4.0,4.813905325443788,0.22692307692307692,0.0
10,COPOC,APS,0.15000000000000002,0.8384615384615385,2.6961538461538463,1.7038461538461538,1.4523809523809523,4.0,4.421794871794871,0.23461538461538461,0.0
10,COPOC,APS,0.18000000000000005,0.8192307692307692,2.5153846153846153,1.523076923076923,1.5106382978723405,4.0,4.215384615384615,0.27307692307692305,0.0
10,COPOC,APS,0.19999999999999996,0.8038461538461539,2.4307692307692306,1.4461538461538461,1.588235294117647,4.0,3.9846153846153847,0.31153846153846154,0.0
10,COPOC,LAC,0.010000000000000009,0.9961538461538462,4.611538461538461,3.6115384615384616,1.0,1.0,4.38076923076923,0.0038461538461538464,0.0
10,COPOC,LAC,0.020000000000000018,0.9961538461538462,4.384615384615385,3.3846153846153846,1.0,1.0,3.7692307692307687,0.0038461538461538464,0.0
10,COPOC,LAC,0.030000000000000027,0.9846153846153847,4.1692307692307695,3.169230769230769,1.25,2.0,4.45128205128205,0.019230769230769232,0.0
10,COPOC,LAC,0.050000000000000044,0.9384615384615385,3.3,2.3,1.5625,4.0,6.146153846153843,0.09615384615384616,0.0
10,COPOC,LAC,0.07999999999999996,0.9038461538461539,3.003846153846154,2.003846153846154,1.44,4.0,5.465384615384617,0.13846153846153847,0.0
10,COPOC,LAC,0.09999999999999998,0.8846153846153846,2.8807692307692307,1.8807692307692307,1.4333333333333333,4.0,5.188461538461539,0.16538461538461538,0.0
10,COPOC,LAC,0.13,0.8692307692307693,2.723076923076923,1.7230769230769232,1.5294117647058822,4.0,4.799999999999999,0.2,0.0
10,COPOC,LAC,0.15000000000000002,0.85,2.5076923076923077,1.5076923076923077,1.6153846153846154,4.0,4.7384615384615385,0.2423076923076923,0.0
10,COPOC,LAC,0.18000000000000005,0.8307692307692308,2.376923076923077,1.376923076923077,1.5681818181818181,4.0,4.325641025641025,0.2653846153846154,0.0
10,COPOC,LAC,0.19999999999999996,0.8115384615384615,2.2884615384615383,1.2884615384615385,1.5714285714285714,4.0,4.25,0.29615384615384616,0.0
11,COPOC,min-CPS,0.010000000000000009,0.9961538461538462,4.6461538461538465,3.646153846153846,1.0,1.0,4.415384615384615,0.0038461538461538464,0.0
11,COPOC,min-CPS,0.020000000000000018,0.9961538461538462,4.453846153846154,3.453846153846154,1.0,1.0,3.838461538461538,0.0038461538461538464,0.0
11,COPOC,min-CPS,0.030000000000000027,0.9923076923076923,4.326923076923077,3.326923076923077,1.5,2.0,4.096153846153846,0.011538461538461539,0.0
11,COPOC,min-CPS,0.050000000000000044,0.9769230769230769,3.8192307692307694,2.8192307692307694,1.5,2.0,4.203846153846153,0.03461538461538462,0.0
11,COPOC,min-CPS,0.07999999999999996,0.9346153846153846,3.3115384615384613,2.3115384615384613,1.2941176470588236,2.0,4.426923076923079,0.08461538461538462,0.0
11,COPOC,min-CPS,0.09999999999999998,0.9230769230769231,3.15,2.15,1.35,2.0,4.226923076923077,0.10384615384615385,0.0
11,COPOC,min-CPS,0.13,0.9038461538461539,2.9346153846153844,1.9346153846153846,1.4,2.0,4.0056213017751485,0.1346153846153846,0.0
11,COPOC,min-CPS,0.15000000000000002,0.8846153846153846,2.85,1.85,1.4,2.0,4.003846153846154,0.16153846153846155,0.0
11,COPOC,min-CPS,0.18000000000000005,0.8807692307692307,2.7384615384615385,1.7384615384615385,1.3870967741935485,3.0,3.5760683760683754,0.16538461538461538,0.0
11,COPOC,min-CPS,0.19999999999999996,0.8692307692307693,2.6576923076923076,1.6576923076923078,1.3823529411764706,3.0,3.4653846153846155,0.18076923076923077,0.0
11,COPOC,RPS,0.010000000000000009,0.9961538461538462,4.634615384615385,3.6346153846153846,1.0,1.0,4.403846153846153,0.0038461538461538464,0.0
11,COPOC,RPS,0.020000000000000018,0.9961538461538462,4.484615384615385,3.4846153846153847,1.0,1.0,3.869230769230769,0.0038461538461538464,0.0
11,COPOC,RPS,0.030000000000000027,0.9923076923076923,4.223076923076923,3.223076923076923,1.0,1.0,3.7358974358974355,0.007692307692307693,0.0
11,COPOC,RPS,0.050000000000000044,0.9730769230769231,3.95,2.95,1.1428571428571428,2.0,4.180769230769229,0.03076923076923077,0.0
11,COPOC,RPS,0.07999999999999996,0.9384615384615385,3.6538461538461537,2.6538461538461537,1.0625,2.0,4.28846153846154,0.06538461538461539,0.0
11,COPOC,RPS,0.09999999999999998,0.9192307692307692,3.453846153846154,2.453846153846154,1.0476190476190477,2.0,4.1461538461538465,0.08461538461538462,0.0
11,COPOC,RPS,0.13,0.9076923076923077,3.2192307692307693,2.2192307692307693,1.0833333333333333,2.0,3.7576923076923077,0.1,0.0
11,COPOC,RPS,0.15000000000000002,0.8961538461538462,3.0884615384615386,2.0884615384615386,1.1481481481481481,2.0,3.678205128205128,0.11923076923076924,0.0
11,COPOC,RPS,0.18000000000000005,0.8653846153846154,2.8846153846153846,1.8846153846153846,1.2,3.0,3.679487179487179,0.16153846153846155,0.0
11,COPOC,RPS,0.19999999999999996,0.8538461538461538,2.796153846153846,1.7961538461538462,1.2105263157894737,3.0,3.5653846153846156,0.17692307692307693,0.0
11,COPOC,OCDF,0.010000000000000009,0.9961538461538462,4.946153846153846,3.9461538461538463,2.0,2.0,5.484615384615383,0.007692307692307693,0.0
11,COPOC,OCDF,0.020000000000000018,0.9923076923076923,4.926923076923077,3.9269230769230767,1.5,2.0,5.080769230769229,0.011538461538461539,0.0
11,COPOC,OCDF,0.030000000000000027,0.9884615384615385,4.9,3.9,1.6666666666666667,3.0,5.1820512820512805,0.019230769230769232,0.0
11,COPOC,OCDF,0.050000000000000044,0.9807692307692307,4.834615384615384,3.8346153846153848,1.4,3.0,4.911538461538461,0.026923076923076925,0.0
11,COPOC,OCDF,0.07999999999999996,0.9653846153846154,4.634615384615385,3.6346153846153846,1.4444444444444444,3.0,4.884615384615386,0.05,0.0
11,COPOC,OCDF,0.09999999999999998,0.9461538461538461,4.5346153846153845,3.5346153846153845,1.4285714285714286,3.0,5.073076923076923,0.07692307692307693,0.0
11,COPOC,OCDF,0.13,0.8923076923076924,4.257692307692308,3.2576923076923077,1.4285714285714286,4.0,5.624556213017751,0.15384615384615385,0.0
11,COPOC,OCDF,0.15000000000000002,0.8807692307692307,4.176923076923077,3.1769230769230767,1.4838709677419355,4.0,5.535897435897436,0.17692307692307693,0.0
11,COPOC,OCDF,0.18000000000000005,0.8615384615384616,4.065384615384615,3.0653846153846156,1.4722222222222223,4.0,5.330341880341879,0.20384615384615384,0.0
11,COPOC,OCDF,0.19999999999999996,0.8461538461538461,4.0346153846153845,3.0346153846153845,1.45,4.0,5.265384615384615,0.2230769230769231,0.0
11,COPOC,APS,0.010000000000000009,1.0,4.742307692307692,3.7423076923076923,,0.0,3.7423076923076923,0.0,0.0
11,COPOC,APS,0.020000000000000018,1.0,4.688461538461539,3.6884615384615387,,0.0,3.6884615384615387,0.0,0.0
11,COPOC,APS,0.030000000000000027,0.9961538461538462,4.430769230769231,3.4307692307692306,1.0,1.0,3.687179487179487,0.0038461538461538464,0.0
11,COPOC,APS,0.050000000000000044,0.9846153846153847,4.065384615384615,3.0653846153846156,1.25,2.0,3.834615384615384,0.019230769230769232,0.0
11,COPOC,APS,0.07999999999999996,0.9538461538461539,3.519230769230769,2.519230769230769,1.25,2.0,3.9615384615384626,0.057692307692307696,0.0
11,COPOC,APS,0.09999999999999998,0.926923076923077,3.2615384615384615,2.2653846153846153,1.3157894736842106,4.0,3.8807692307692307,0.09615384615384616,0.0
11,COPOC,APS,0.13,0.8923076923076924,3.0,2.003846153846154,1.3928571428571428,4.0,4.0748520710059175,0.15,0.0
11,COPOC,APS,0.15000000000000002,0.8730769230769231,2.8615384615384616,1.8653846153846154,1.3636363636363635,4.0,3.967948717948717,0.17307692307692307,0.0
11,COPOC,APS,0.18000000000000005,0.8538461538461538,2.7615384615384615,1.7653846153846153,1.3157894736842106,4.0,3.7311965811965813,0.19230769230769232,0.0
11,COPOC,APS,0.19999999999999996,0.8538461538461538,2.7192307692307693,1.7230769230769232,1.3157894736842106,4.0,3.4923076923076923,0.19230769230769232,0.0
11,COPOC,LAC,0.010000000000000009,0.9961538461538462,4.65,3.65,1.0,1.0,4.419230769230769,0.0038461538461538464,0.0
11,COPOC,LAC,0.020000000000000018,0.9961538461538462,4.45,3.45,1.0,1.0,3.8346153846153843,0.0038461538461538464,0.0
11,COPOC,LAC,0.030000000000000027,0.9923076923076923,4.315384615384615,3.3153846153846156,1.5,2.0,4.084615384615384,0.011538461538461539,0.0
11,COPOC,LAC,0.050000000000000044,0.9692307692307692,3.773076923076923,2.773076923076923,1.375,2.0,4.465384615384614,0.04230769230769231,0.0
11,COPOC,LAC,0.07999999999999996,0.9384615384615385,3.2807692307692307,2.2807692307692307,1.4375,2.0,4.492307692307694,0.08846153846153847,0.0
11,COPOC,LAC,0.09999999999999998,0.9153846153846154,3.0846153846153848,2.0846153846153848,1.3636363636363635,2.0,4.392307692307693,0.11538461538461539,0.0
11,COPOC,LAC,0.13,0.9038461538461539,2.980769230769231,1.9807692307692308,1.4,2.0,4.0517751479289945,0.1346153846153846,0.0
11,COPOC,LAC,0.15000000000000002,0.9,2.896153846153846,1.896153846153846,1.4615384615384615,2.0,3.844871794871794,0.14615384615384616,0.0
11,COPOC,LAC,0.18000000000000005,0.8884615384615384,2.7,1.7,1.6206896551724137,3.0,3.7085470085470083,0.18076923076923077,0.0
11,COPOC,LAC,0.19999999999999996,0.8807692307692307,2.603846153846154,1.603846153846154,1.5806451612903225,3.0,3.4884615384615385,0.18846153846153846,0.0
12,COPOC,min-CPS,0.010000000000000009,1.0,4.661538461538462,3.6615384615384614,,0.0,3.6615384615384614,0.0,0.0
12,COPOC,min-CPS,0.020000000000000018,0.9807692307692307,4.242307692307692,3.2423076923076923,1.4,2.0,5.934615384615383,0.026923076923076925,0.0
12,COPOC,min-CPS,0.030000000000000027,0.9730769230769231,3.9846153846153847,2.9846153846153847,1.2857142857142858,2.0,5.29230769230769,0.03461538461538462,0.0
12,COPOC,min-CPS,0.050000000000000044,0.95,3.5576923076923075,2.5576923076923075,1.4615384615384615,3.0,5.480769230769229,0.07307692307692308,0.0
12,COPOC,min-CPS,0.07999999999999996,0.9,3.103846153846154,2.103846153846154,1.3846153846153846,3.0,5.565384615384617,0.13846153846153847,0.0
12,COPOC,min-CPS,0.09999999999999998,0.8884615384615384,2.9153846153846152,1.9153846153846155,1.4137931034482758,3.0,5.069230769230769,0.1576923076923077,0.0
12,COPOC,min-CPS,0.13,0.8576923076923076,2.776923076923077,1.7769230769230768,1.3783783783783783,3.0,4.794674556213018,0.19615384615384615,0.0
12,COPOC,min-CPS,0.15000000000000002,0.8346153846153846,2.626923076923077,1.626923076923077,1.4186046511627908,3.0,4.755128205128204,0.23461538461538461,0.0
12,COPOC,min-CPS,0.18000000000000005,0.8076923076923077,2.4884615384615385,1.4884615384615385,1.42,3.0,4.522649572649572,0.27307692307692305,0.0
12,COPOC,min-CPS,0.19999999999999996,0.7923076923076923,2.3807692307692307,1.3807692307692307,1.4259259259259258,3.0,4.342307692307692,0.29615384615384616,0.0
12,COPOC,RPS,0.010000000000000009,0.9884615384615385,4.473076923076923,3.473076923076923,1.0,1.0,5.780769230769229,0.011538461538461539,0.0
12,COPOC,RPS,0.020000000000000018,0.9730769230769231,4.076923076923077,3.076923076923077,1.0,1.0,5.7692307692307665,0.026923076923076925,0.0
12,COPOC,RPS,0.030000000000000027,0.9615384615384616,3.957692307692308,2.957692307692308,1.3,2.0,6.291025641025638,0.05,0.0
12,COPOC,RPS,0.050000000000000044,0.9346153846153846,3.669230769230769,2.669230769230769,1.2352941176470589,2.0,5.899999999999999,0.08076923076923077,0.0
12,COPOC,RPS,0.07999999999999996,0.9153846153846154,3.5153846153846153,2.5153846153846153,1.1818181818181819,2.0,5.015384615384617,0.1,0.0
12,COPOC,RPS,0.09999999999999998,0.8884615384615384,3.273076923076923,2.273076923076923,1.1724137931034482,2.0,4.888461538461539,0.13076923076923078,0.0
12,COPOC,RPS,0.13,0.8653846153846154,3.0653846153846156,2.0653846153846156,1.2,2.0,4.550591715976331,0.16153846153846155,0.0
12,COPOC,RPS,0.15000000000000002,0.8269230769230769,2.7884615384615383,1.7884615384615385,1.2444444444444445,3.0,4.66025641025641,0.2153846153846154,0.0
12,COPOC,RPS,0.18000000000000005,0.7846153846153846,2.6,1.6,1.2857142857142858,3.0,4.676923076923076,0.27692307692307694,0.0
12,COPOC,RPS,0.19999999999999996,0.7730769230769231,2.353846153846154,1.353846153846154,1.3559322033898304,3.0,4.430769230769231,0.3076923076923077,0.0
12,COPOC,OCDF,0.010000000000000009,0.9923076923076923,4.938461538461539,3.9384615384615387,1.5,2.0,6.246153846153844,0.011538461538461539,0.0
12,COPOC,OCDF,0.020000000000000018,0.9807692307692307,4.907692307692308,3.9076923076923076,1.6,3.0,6.984615384615382,0.03076923076923077,0.0
12,COPOC,OCDF,0.030000000000000027,0.9807692307692307,4.888461538461539,3.8884615384615384,1.6,3.0,5.939743589743588,0.03076923076923077,0.0
12,COPOC,OCDF,0.050000000000000044,0.9423076923076923,4.688461538461539,3.6884615384615387,1.4666666666666666,3.0,7.07307692307692,0.08461538461538462,0.0
12,COPOC,OCDF,0.07999999999999996,0.9153846153846154,4.469230769230769,3.4692307692307693,1.5,3.0,6.6423076923076945,0.12692307692307692,0.0
12,COPOC,OCDF,0.09999999999999998,0.8807692307692307,4.296153846153846,3.296153846153846,1.4838709677419355,4.0,6.834615384615384,0.17692307692307693,0.0
12,COPOC,OCDF,0.13,0.8730769230769231,4.242307692307692,3.2423076923076923,1.4848484848484849,4.0,6.141715976331361,0.18846153846153846,0.0
12,COPOC,OCDF,0.15000000000000002,0.8576923076923076,4.15,3.15,1.5675675675675675,4.0,6.124358974358973,0.2230769230769231,0.0
12,COPOC,OCDF,0.18000000000000005,0.8153846153846154,4.023076923076923,3.023076923076923,1.5416666666666667,4.0,6.185470085470086,0.2846153846153846,0.0
12,COPOC,OCDF,0.19999999999999996,0.7692307692307693,3.773076923076923,2.773076923076923,1.6333333333333333,4.0,6.542307692307692,0.3769230769230769,0.0
12,COPOC,APS,0.010000000000000009,1.0,4.611538461538461,3.6115384615384616,,0.0,3.6115384615384616,0.0,0.0
12,COPOC,APS,0.020000000000000018,0.9923076923076923,4.3961538461538465,3.396153846153846,1.0,1.0,4.165384615384615,0.007692307692307693,0.0
12,COPOC,APS,0.030000000000000027,0.9576923076923077,3.8384615384615386,2.8384615384615386,1.1818181818181819,2.0,6.171794871794869,0.05,0.0
12,COPOC,APS,0.050000000000000044,0.9423076923076923,3.6076923076923078,2.6115384615384616,1.4666666666666666,4.0,5.380769230769229,0.08461538461538462,0.0
12,COPOC,APS,0.07999999999999996,0.9153846153846154,3.3230769230769233,2.326923076923077,1.3636363636363635,4.0,4.826923076923078,0.11538461538461539,0.0
12,COPOC,APS,0.09999999999999998,0.8769230769230769,3.123076923076923,2.1346153846153846,1.5625,4.0,5.0576923076923075,0.19230769230769232,0.0
12,COPOC,APS,0.13,0.85,2.9615384615384617,1.976923076923077,1.5897435897435896,4.0,4.698816568047337,0.23846153846153847,0.0
12,COPOC,APS,0.15000000000000002,0.8269230769230769,2.8384615384615386,1.8576923076923078,1.6222222222222222,4.0,4.575641025641025,0.28076923076923077,0.0
12,COPOC,APS,0.18000000000000005,0.8076923076923077,2.6115384615384616,1.6307692307692307,1.62,4.0,4.237606837606837,0.31153846153846154,0.0
12,COPOC,APS,0.19999999999999996,0.7961538461538461,2.5384615384615383,1.5653846153846154,1.7169811320754718,4.0,3.9884615384615385,0.35,0.0
12,COPOC,LAC,0.010000000000000009,1.0,4.665384615384616,3.6653846153846152,,0.0,3.6653846153846152,0.0,0.0
12,COPOC,LAC,0.020000000000000018,0.9769230769230769,4.226923076923077,3.226923076923077,1.3333333333333333,2.0,6.303846153846151,0.03076923076923077,0.0
12,COPOC,LAC,0.030000000000000027,0.9730769230769231,3.9615384615384617,2.9615384615384617,1.5714285714285714,2.0,5.78205128205128,0.04230769230769231,0.0
12,COPOC,LAC,0.050000000000000044,0.9538461538461539,3.519230769230769,2.519230769230769,1.5,3.0,5.288461538461536,0.06923076923076923,0.0
12,COPOC,LAC,0.07999999999999996,0.9153846153846154,3.1653846153846152,2.1653846153846152,1.4545454545454546,3.0,5.242307692307694,0.12307692307692308,0.0
12,COPOC,LAC,0.09999999999999998,0.8769230769230769,2.9384615384615387,1.9384615384615385,1.4375,3.0,5.476923076923077,0.17692307692307693,0.0
12,COPOC,LAC,0.13,0.85,2.7346153846153847,1.7346153846153847,1.5128205128205128,3.0,5.225739644970414,0.22692307692307692,0.0
12,COPOC,LAC,0.15000000000000002,0.8307692307692308,2.519230769230769,1.5192307692307692,1.5681818181818181,3.0,5.0576923076923075,0.2653846153846154,0.0
12,COPOC,LAC,0.18000000000000005,0.8,2.3653846153846154,1.3653846153846154,1.5576923076923077,3.0,4.826923076923077,0.31153846153846154,0.0
12,COPOC,LAC,0.19999999999999996,0.7961538461538461,2.25,1.25,1.5660377358490567,3.0,4.4423076923076925,0.3192307692307692,0.0
13,COPOC,min-CPS,0.010000000000000009,0.9884615384615385,4.573076923076923,3.5730769230769233,1.0,1.0,5.880769230769229,0.011538461538461539,0.0
13,COPOC,min-CPS,0.020000000000000018,0.9846153846153847,4.296153846153846,3.296153846153846,1.75,2.0,5.988461538461536,0.026923076923076925,0.0
13,COPOC,min-CPS,0.030000000000000027,0.9769230769230769,4.1923076923076925,3.1923076923076925,1.5,2.0,5.499999999999998,0.03461538461538462,0.0
13,COPOC,min-CPS,0.050000000000000044,0.9576923076923077,3.623076923076923,2.623076923076923,1.6363636363636365,3.0,5.392307692307691,0.06923076923076923,0.0
13,COPOC,min-CPS,0.07999999999999996,0.95,3.376923076923077,2.376923076923077,1.6153846153846154,4.0,4.396153846153848,0.08076923076923077,0.0
13,COPOC,min-CPS,0.09999999999999998,0.9307692307692308,3.1615384615384614,2.1615384615384614,1.5555555555555556,4.0,4.315384615384615,0.1076923076923077,0.0
13,COPOC,min-CPS,0.13,0.9192307692307692,3.026923076923077,2.026923076923077,1.4761904761904763,4.0,3.8612426035502962,0.11923076923076924,0.0
13,COPOC,min-CPS,0.15000000000000002,0.9115384615384615,2.923076923076923,1.9230769230769231,1.4782608695652173,4.0,3.6666666666666665,0.13076923076923078,0.0
13,COPOC,min-CPS,0.18000000000000005,0.8846153846153846,2.7615384615384615,1.7615384615384615,1.4666666666666666,4.0,3.641880341880341,0.16923076923076924,0.0
13,COPOC,min-CPS,0.19999999999999996,0.8692307692307693,2.6653846153846152,1.6653846153846155,1.4411764705882353,4.0,3.55,0.18846153846153846,0.0
13,COPOC,RPS,0.010000000000000009,0.9961538461538462,4.661538461538462,3.6615384615384614,1.0,1.0,4.43076923076923,0.0038461538461538464,0.0
13,COPOC,RPS,0.020000000000000018,0.9884615384615385,4.253846153846154,3.253846153846154,1.3333333333333333,2.0,4.79230769230769,0.015384615384615385,0.0
13,COPOC,RPS,0.030000000000000027,0.9846153846153847,4.1923076923076925,3.1923076923076925,1.25,2.0,4.474358974358974,0.019230769230769232,0.0
13,COPOC,RPS,0.050000000000000044,0.9576923076923077,3.8576923076923078,2.8576923076923078,1.0909090909090908,2.0,4.703846153846152,0.046153846153846156,0.0
13,COPOC,RPS,0.07999999999999996,0.9461538461538461,3.65,2.65,1.2857142857142858,3.0,4.380769230769232,0.06923076923076923,0.0
13,COPOC,RPS,0.09999999999999998,0.9461538461538461,3.5615384615384613,2.5615384615384613,1.2857142857142858,3.0,3.9461538461538463,0.06923076923076923,0.0
13,COPOC,RPS,0.13,0.9230769230769231,3.373076923076923,2.373076923076923,1.2,3.0,3.793195266272189,0.09230769230769231,0.0
13,COPOC,RPS,0.15000000000000002,0.8961538461538462,3.0961538461538463,2.0961538461538463,1.1851851851851851,3.0,3.7371794871794872,0.12307692307692308,0.0
13,COPOC,RPS,0.18000000000000005,0.8653846153846154,2.8576923076923078,1.8576923076923078,1.1714285714285715,3.0,3.6098290598290594,0.1576923076923077,0.0
13,COPOC,RPS,0.19999999999999996,0.8538461538461538,2.7846153846153845,1.7846153846153847,1.2105263157894737,3.0,3.5538461538461537,0.17692307692307693,0.0
13,COPOC,OCDF,0.010000000000000009,0.9961538461538462,4.946153846153846,3.9461538461538463,1.0,1.0,4.715384615384615,0.0038461538461538464,0.0
13,COPOC,OCDF,0.020000000000000018,0.9884615384615385,4.903846153846154,3.9038461538461537,1.3333333333333333,2.0,5.442307692307691,0.015384615384615385,0.0
13,COPOC,OCDF,0.030000000000000027,0.9884615384615385,4.903846153846154,3.9038461538461537,1.3333333333333333,2.0,4.929487179487179,0.015384615384615385,0.0
13,COPOC,OCDF,0.050000000000000044,0.9384615384615385,4.611538461538461,3.6115384615384616,1.3125,2.0,6.842307692307689,0.08076923076923077,0.0
13,COPOC,OCDF,0.07999999999999996,0.9230769230769231,4.503846153846154,3.503846153846154,1.4,2.0,6.196153846153848,0.1076923076923077,0.0
13,COPOC,OCDF,0.09999999999999998,0.8846153846153846,4.3307692307692305,3.330769230769231,1.4666666666666666,2.0,6.7153846153846155,0.16923076923076924,0.0
13,COPOC,OCDF,0.13,0.8769230769230769,4.219230769230769,3.2192307692307693,1.46875,2.0,6.000295857988165,0.18076923076923077,0.0
13,COPOC,OCDF,0.15000000000000002,0.8653846153846154,4.153846153846154,3.1538461538461537,1.4857142857142858,2.0,5.82051282051282,0.2,0.0
13,COPOC,OCDF,0.18000000000000005,0.8423076923076923,4.0576923076923075,3.0576923076923075,1.5121951219512195,3.0,5.7072649572649565,0.23846153846153847,0.0
13,COPOC,OCDF,0.19999999999999996,0.8115384615384615,3.8923076923076922,2.8923076923076922,1.530612244897959,3.0,5.776923076923077,0.28846153846153844,0.0
13,COPOC,APS,0.010000000000000009,0.9923076923076923,4.6,3.6,1.0,1.0,5.138461538461537,0.007692307692307693,0.0
13,COPOC,APS,0.020000000000000018,0.9807692307692307,4.2153846153846155,3.2153846153846155,1.2,2.0,5.523076923076921,0.023076923076923078,0.0
13,COPOC,APS,0.030000000000000027,0.9730769230769231,4.111538461538461,3.1115384615384616,1.4285714285714286,2.0,5.675641025641024,0.038461538461538464,0.0
13,COPOC,APS,0.050000000000000044,0.9576923076923077,3.746153846153846,2.746153846153846,1.4545454545454546,2.0,5.207692307692306,0.06153846153846154,0.0
13,COPOC,APS,0.07999999999999996,0.9423076923076923,3.373076923076923,2.376923076923077,1.6666666666666667,4.0,4.396153846153848,0.09615384615384616,0.0
13,COPOC,APS,0.09999999999999998,0.9384615384615385,3.3,2.3038461538461537,1.6875,4.0,4.073076923076923,0.10384615384615385,0.0
13,COPOC,APS,0.13,0.9153846153846154,3.1538461538461537,2.1576923076923076,1.5454545454545454,4.0,3.9328402366863906,0.13076923076923078,0.0
13,COPOC,APS,0.15000000000000002,0.8961538461538462,3.0846153846153848,2.0961538461538463,1.6666666666666667,4.0,3.788461538461538,0.17307692307692307,0.0
13,COPOC,APS,0.18000000000000005,0.8769230769230769,2.9076923076923076,1.9230769230769231,1.65625,4.0,3.589743589743589,0.20384615384615384,0.0
13,COPOC,APS,0.19999999999999996,0.85,2.730769230769231,1.7461538461538462,1.6153846153846154,4.0,3.6307692307692307,0.2423076923076923,0.0
13,COPOC,LAC,0.010000000000000009,0.9884615384615385,4.584615384615384,3.5846153846153848,1.0,1.0,5.892307692307691,0.011538461538461539,0.0
13,COPOC,LAC,0.020000000000000018,0.9846153846153847,4.269230769230769,3.269230769230769,1.75,2.0,5.961538461538459,0.026923076923076925,0.0
13,COPOC,LAC,0.030000000000000027,0.9769230769230769,4.1692307692307695,3.169230769230769,1.5,2.0,5.476923076923075,0.03461538461538462,0.0
13,COPOC,LAC,0.050000000000000044,0.9538461538461539,3.55,2.55,1.6666666666666667,4.0,5.626923076923075,0.07692307692307693,0.0
13,COPOC,LAC,0.07999999999999996,0.95,3.3115384615384613,2.3115384615384613,1.6923076923076923,4.0,4.426923076923079,0.08461538461538462,0.0
13,COPOC,LAC,0.09999999999999998,0.9461538461538461,3.25,2.25,1.7142857142857142,4.0,4.096153846153846,0.09230769230769231,0.0
13,COPOC,LAC,0.13,0.9115384615384615,3.0307692307692307,2.0307692307692307,1.565217391304348,4.0,4.16094674556213,0.13846153846153847,0.0
13,COPOC,LAC,0.15000000000000002,0.9076923076923077,2.9615384615384617,1.9615384615384615,1.625,4.0,3.9615384615384617,0.15,0.0
13,COPOC,LAC,0.18000000000000005,0.8961538461538462,2.753846153846154,1.7538461538461538,1.6296296296296295,4.0,3.6341880341880337,0.16923076923076924,0.0
13,COPOC,LAC,0.19999999999999996,0.8615384615384616,2.5153846153846153,1.5153846153846153,1.5833333333333333,4.0,3.707692307692308,0.21923076923076923,0.0
14,COPOC,min-CPS,0.010000000000000009,0.9923076923076923,4.623076923076923,3.623076923076923,1.0,1.0,5.16153846153846,0.007692307692307693,0.0
14,COPOC,min-CPS,0.020000000000000018,0.9923076923076923,4.380769230769231,3.3807692307692307,1.5,2.0,4.534615384615384,0.011538461538461539,0.0
14,COPOC,min-CPS,0.030000000000000027,0.9846153846153847,4.253846153846154,3.253846153846154,1.5,2.0,4.792307692307691,0.023076923076923078,0.0
14,COPOC,min-CPS,0.050000000000000044,0.9653846153846154,3.7153846153846155,2.7153846153846155,1.3333333333333333,3.0,4.56153846153846,0.046153846153846156,0.0
14,COPOC,min-CPS,0.07999999999999996,0.9461538461538461,3.2884615384615383,2.2884615384615383,1.3571428571428572,4.0,4.115384615384616,0.07307692307692308,0.0
14,COPOC,min-CPS,0.09999999999999998,0.9423076923076923,3.1576923076923076,2.1576923076923076,1.5333333333333334,4.0,3.9269230769230767,0.08846153846153847,0.0
14,COPOC,min-CPS,0.13,0.9307692307692308,3.0346153846153845,2.0346153846153845,1.5,4.0,3.632248520710059,0.10384615384615385,0.0
14,COPOC,min-CPS,0.15000000000000002,0.8884615384615384,2.8230769230769233,1.823076923076923,1.3103448275862069,4.0,3.7717948717948717,0.14615384615384616,0.0
14,COPOC,min-CPS,0.18000000000000005,0.8384615384615385,2.5307692307692307,1.5307692307692307,1.3571428571428572,4.0,3.9666666666666655,0.21923076923076923,0.0
14,COPOC,min-CPS,0.19999999999999996,0.823076923076923,2.4461538461538463,1.4461538461538461,1.4130434782608696,4.0,3.9461538461538463,0.25,0.0
14,COPOC,RPS,0.010000000000000009,0.9884615384615385,4.492307692307692,3.4923076923076923,1.0,1.0,5.799999999999998,0.011538461538461539,0.0
14,COPOC,RPS,0.020000000000000018,0.9769230769230769,4.176923076923077,3.1769230769230767,1.1666666666666667,2.0,5.869230769230768,0.026923076923076925,0.0
14,COPOC,RPS,0.030000000000000027,0.9769230769230769,4.088461538461538,3.0884615384615386,1.1666666666666667,2.0,4.883333333333333,0.026923076923076925,0.0
14,COPOC,RPS,0.050000000000000044,0.9692307692307692,3.9307692307692306,2.9307692307692306,1.375,2.0,4.623076923076922,0.04230769230769231,0.0
14,COPOC,RPS,0.07999999999999996,0.9653846153846154,3.7115384615384617,2.7115384615384617,1.5555555555555556,3.0,4.057692307692308,0.05384615384615385,0.0
14,COPOC,RPS,0.09999999999999998,0.9384615384615385,3.526923076923077,2.526923076923077,1.3125,3.0,4.142307692307693,0.08076923076923077,0.0
14,COPOC,RPS,0.13,0.8884615384615384,3.146153846153846,2.146153846153846,1.2413793103448276,3.0,4.276331360946745,0.13846153846153847,0.0
14,COPOC,RPS,0.15000000000000002,0.8730769230769231,2.9615384615384617,1.9615384615384615,1.2424242424242424,3.0,4.064102564102564,0.1576923076923077,0.0
14,COPOC,RPS,0.18000000000000005,0.8538461538461538,2.792307692307692,1.7923076923076924,1.263157894736842,3.0,3.843589743589743,0.18461538461538463,0.0
14,COPOC,RPS,0.19999999999999996,0.8115384615384615,2.6153846153846154,1.6153846153846154,1.2244897959183674,3.0,3.923076923076923,0.23076923076923078,0.0
14,COPOC,OCDF,0.010000000000000009,0.9923076923076923,4.946153846153846,3.9461538461538463,1.5,2.0,6.253846153846152,0.011538461538461539,0.0
14,COPOC,OCDF,0.020000000000000018,0.9923076923076923,4.946153846153846,3.9461538461538463,1.5,2.0,5.099999999999998,0.011538461538461539,0.0
14,COPOC,OCDF,0.030000000000000027,0.9807692307692307,4.9,3.9,1.4,3.0,5.694871794871794,0.026923076923076925,0.0
14,COPOC,OCDF,0.050000000000000044,0.9730769230769231,4.819230769230769,3.8192307692307694,1.2857142857142858,3.0,5.203846153846153,0.03461538461538462,0.0
14,COPOC,OCDF,0.07999999999999996,0.9576923076923077,4.65,3.65,1.2727272727272727,3.0,4.996153846153846,0.05384615384615385,0.0
14,COPOC,OCDF,0.09999999999999998,0.9423076923076923,4.526923076923077,3.526923076923077,1.4,3.0,5.142307692307693,0.08076923076923077,0.0
14,COPOC,OCDF,0.13,0.8923076923076924,4.315384615384615,3.3153846153846156,1.4285714285714286,4.0,5.6822485207100595,0.15384615384615385,0.0
14,COPOC,OCDF,0.15000000000000002,0.85,4.1461538461538465,3.146153846153846,1.435897435897436,4.0,6.017948717948717,0.2153846153846154,0.0
14,COPOC,OCDF,0.18000000000000005,0.823076923076923,4.0807692307692305,3.080769230769231,1.4565217391304348,4.0,5.944017094017093,0.25769230769230766,0.0
14,COPOC,OCDF,0.19999999999999996,0.8038461538461539,3.9461538461538463,2.9461538461538463,1.5294117647058822,4.0,5.946153846153846,0.3,0.0
14,COPOC,APS,0.010000000000000009,0.9961538461538462,4.592307692307692,3.5923076923076924,1.0,1.0,4.36153846153846,0.0038461538461538464,0.0
14,COPOC,APS,0.020000000000000018,0.9923076923076923,4.5115384615384615,3.5115384615384615,1.0,1.0,4.28076923076923,0.007692307692307693,0.0
14,COPOC,APS,0.030000000000000027,0.9923076923076923,4.257692307692308,3.2576923076923077,1.5,2.0,4.026923076923077,0.011538461538461539,0.0
14,COPOC,APS,0.050000000000000044,0.9692307692307692,3.7192307692307693,2.7192307692307693,1.375,3.0,4.411538461538461,0.04230769230769231,0.0
14,COPOC,APS,0.07999999999999996,0.9576923076923077,3.55,2.5538461538461537,1.5454545454545454,4.0,3.8038461538461545,0.06538461538461539,0.0
14,COPOC,APS,0.09999999999999998,0.926923076923077,3.2192307692307693,2.230769230769231,1.736842105263158,4.0,3.8461538461538463,0.12692307692307692,0.0
14,COPOC,APS,0.13,0.9076923076923077,3.023076923076923,2.0346153846153845,1.7083333333333333,4.0,3.7505917159763316,0.1576923076923077,0.0
14,COPOC,APS,0.15000000000000002,0.8961538461538462,2.953846153846154,1.9653846153846153,1.6296296296296295,4.0,3.6064102564102565,0.16923076923076924,0.0
14,COPOC,APS,0.18000000000000005,0.8384615384615385,2.6961538461538463,1.7153846153846153,1.5952380952380953,4.0,3.7239316239316227,0.25769230769230766,0.0
14,COPOC,APS,0.19999999999999996,0.8076923076923077,2.580769230769231,1.6,1.52,4.0,3.753846153846154,0.2923076923076923,0.0
14,COPOC,LAC,0.010000000000000009,0.9923076923076923,4.6461538461538465,3.646153846153846,1.0,1.0,5.184615384615383,0.007692307692307693,0.0
14,COPOC,LAC,0.020000000000000018,0.9923076923076923,4.430769230769231,3.4307692307692306,1.5,2.0,4.584615384615383,0.011538461538461539,0.0
14,COPOC,LAC,0.030000000000000027,0.9884615384615385,4.265384615384615,3.2653846153846153,1.6666666666666667,2.0,4.547435897435896,0.019230769230769232,0.0
14,COPOC,LAC,0.050000000000000044,0.9653846153846154,3.707692307692308,2.707692307692308,1.3333333333333333,3.0,4.553846153846153,0.046153846153846156,0.0
14,COPOC,LAC,0.07999999999999996,0.9423076923076923,3.2576923076923077,2.2576923076923077,1.4666666666666666,4.0,4.3730769230769235,0.08461538461538462,0.0
14,COPOC,LAC,0.09999999999999998,0.9307692307692308,3.123076923076923,2.123076923076923,1.3888888888888888,4.0,4.046153846153846,0.09615384615384616,0.0
14,COPOC,LAC,0.13,0.9230769230769231,2.9692307692307693,1.9692307692307693,1.45,4.0,3.6852071005917155,0.11153846153846154,0.0
14,COPOC,LAC,0.15000000000000002,0.9115384615384615,2.876923076923077,1.876923076923077,1.391304347826087,4.0,3.517948717948718,0.12307692307692308,0.0
14,COPOC,LAC,0.18000000000000005,0.8769230769230769,2.5615384615384613,1.5615384615384615,1.5,4.0,3.6128205128205124,0.18461538461538463,0.0
14,COPOC,LAC,0.19999999999999996,0.8346153846153846,2.396153846153846,1.396153846153846,1.4883720930232558,4.0,3.8576923076923078,0.24615384615384617,0.0
15,COPOC,min-CPS,0.010000000000000009,0.9884615384615385,4.565384615384615,3.5653846153846156,1.0,1.0,5.873076923076922,0.011538461538461539,0.0
15,COPOC,min-CPS,0.020000000000000018,0.9807692307692307,4.246153846153846,3.246153846153846,1.6,2.0,6.32307692307692,0.03076923076923077,0.0
15,COPOC,min-CPS,0.030000000000000027,0.9769230769230769,4.176923076923077,3.1769230769230767,1.5,2.0,5.484615384615383,0.03461538461538462,0.0
15,COPOC,min-CPS,0.050000000000000044,0.9730769230769231,3.792307692307692,2.792307692307692,1.7142857142857142,3.0,4.638461538461537,0.046153846153846156,0.0
15,COPOC,min-CPS,0.07999999999999996,0.9423076923076923,3.273076923076923,2.273076923076923,1.4666666666666666,4.0,4.388461538461541,0.08461538461538462,0.0
15,COPOC,min-CPS,0.09999999999999998,0.9115384615384615,3.0576923076923075,2.0576923076923075,1.3478260869565217,4.0,4.4423076923076925,0.11923076923076924,0.0
15,COPOC,min-CPS,0.13,0.85,2.6961538461538463,1.6961538461538461,1.3846153846153846,4.0,4.891420118343195,0.2076923076923077,0.0
15,COPOC,min-CPS,0.15000000000000002,0.8269230769230769,2.5615384615384613,1.5615384615384615,1.4,4.0,4.792307692307692,0.2423076923076923,0.0
15,COPOC,min-CPS,0.18000000000000005,0.7884615384615384,2.3653846153846154,1.3653846153846154,1.4363636363636363,4.0,4.74145299145299,0.3038461538461538,0.0
15,COPOC,min-CPS,0.19999999999999996,0.75,2.253846153846154,1.2538461538461538,1.4153846153846155,4.0,4.792307692307692,0.35384615384615387,0.0
15,COPOC,RPS,0.010000000000000009,0.9961538461538462,4.642307692307693,3.6423076923076922,1.0,1.0,4.411538461538461,0.0038461538461538464,0.0
15,COPOC,RPS,0.020000000000000018,0.9923076923076923,4.438461538461539,3.4384615384615387,1.5,2.0,4.592307692307691,0.011538461538461539,0.0
15,COPOC,RPS,0.030000000000000027,0.9884615384615385,4.2,3.2,1.3333333333333333,2.0,4.225641025641025,0.015384615384615385,0.0
15,COPOC,RPS,0.050000000000000044,0.9230769230769231,3.6538461538461537,2.6538461538461537,1.15,3.0,6.192307692307689,0.08846153846153847,0.0
15,COPOC,RPS,0.07999999999999996,0.9,3.4346153846153844,2.4346153846153844,1.1153846153846154,3.0,5.223076923076925,0.11153846153846154,0.0
15,COPOC,RPS,0.09999999999999998,0.8961538461538462,3.330769230769231,2.330769230769231,1.1111111111111112,3.0,4.638461538461539,0.11538461538461539,0.0
15,COPOC,RPS,0.13,0.8576923076923076,3.0307692307692307,2.0307692307692307,1.135135135135135,3.0,4.515976331360947,0.16153846153846155,0.0
15,COPOC,RPS,0.15000000000000002,0.7961538461538461,2.723076923076923,1.7230769230769232,1.2075471698113207,3.0,5.005128205128205,0.24615384615384617,0.0
15,COPOC,RPS,0.18000000000000005,0.7769230769230769,2.5961538461538463,1.5961538461538463,1.293103448275862,3.0,4.80128205128205,0.28846153846153844,0.0
15,COPOC,RPS,0.19999999999999996,0.7692307692307693,2.353846153846154,1.353846153846154,1.3666666666666667,3.0,4.507692307692308,0.3153846153846154,0.0
15,COPOC,OCDF,0.010000000000000009,0.9730769230769231,4.880769230769231,3.8807692307692307,1.1428571428571428,2.0,10.03461538461538,0.03076923076923077,0.0
15,COPOC,OCDF,0.020000000000000018,0.9653846153846154,4.842307692307692,3.8423076923076924,1.1111111111111112,2.0,7.688461538461535,0.038461538461538464,0.0
15,COPOC,OCDF,0.030000000000000027,0.9653846153846154,4.826923076923077,3.826923076923077,1.1111111111111112,2.0,6.391025641025639,0.038461538461538464,0.0
15,COPOC,OCDF,0.050000000000000044,0.9423076923076923,4.676923076923077,3.6769230769230767,1.4666666666666666,2.0,7.061538461538459,0.08461538461538462,0.0
15,COPOC,OCDF,0.07999999999999996,0.9115384615384615,4.457692307692308,3.457692307692308,1.4782608695652173,2.0,6.726923076923079,0.13076923076923078,0.0
15,COPOC,OCDF,0.09999999999999998,0.8961538461538462,4.369230769230769,3.3692307692307693,1.5185185185185186,2.0,6.523076923076923,0.1576923076923077,0.0
15,COPOC,OCDF,0.13,0.8692307692307693,4.234615384615385,3.2346153846153847,1.5,2.0,6.252366863905325,0.19615384615384615,0.0
15,COPOC,OCDF,0.15000000000000002,0.8576923076923076,4.142307692307693,3.1423076923076922,1.5675675675675675,2.0,6.116666666666666,0.2230769230769231,0.0
15,COPOC,OCDF,0.18000000000000005,0.8038461538461539,3.9076923076923076,2.9076923076923076,1.607843137254902,3.0,6.411965811965811,0.3153846153846154,0.0
15,COPOC,OCDF,0.19999999999999996,0.7884615384615384,3.8192307692307694,2.8192307692307694,1.6,3.0,6.203846153846154,0.3384615384615385,0.0
15,COPOC,APS,0.010000000000000009,0.9961538461538462,4.711538461538462,3.7115384615384617,1.0,1.0,4.48076923076923,0.0038461538461538464,0.0
15,COPOC,APS,0.020000000000000018,0.9884615384615385,4.326923076923077,3.326923076923077,1.3333333333333333,2.0,4.865384615384613,0.015384615384615385,0.0
15,COPOC,APS,0.030000000000000027,0.9769230769230769,4.188461538461539,3.1884615384615387,1.1666666666666667,2.0,4.9833333333333325,0.026923076923076925,0.0
15,COPOC,APS,0.050000000000000044,0.9615384615384616,3.7615384615384615,2.7653846153846153,1.7,4.0,4.7653846153846136,0.06538461538461539,0.0
15,COPOC,APS,0.07999999999999996,0.9153846153846154,3.326923076923077,2.330769230769231,1.3636363636363635,4.0,4.830769230769232,0.11538461538461539,0.0
15,COPOC,APS,0.09999999999999998,0.8730769230769231,2.9846153846153847,1.9923076923076923,1.4242424242424243,4.0,4.992307692307692,0.18076923076923077,0.0
15,COPOC,APS,0.13,0.8576923076923076,2.876923076923077,1.8846153846153846,1.3783783783783783,4.0,4.428994082840236,0.19615384615384615,0.0
15,COPOC,APS,0.15000000000000002,0.8576923076923076,2.8153846153846156,1.823076923076923,1.4594594594594594,4.0,4.182051282051281,0.2076923076923077,0.0
15,COPOC,APS,0.18000000000000005,0.8153846153846154,2.6346153846153846,1.646153846153846,1.5,4.0,4.2102564102564095,0.27692307692307694,0.0
15,COPOC,APS,0.19999999999999996,0.8076923076923077,2.5884615384615386,1.603846153846154,1.56,4.0,3.9884615384615385,0.3,0.0
15,COPOC,LAC,0.010000000000000009,0.9884615384615385,4.569230769230769,3.5692307692307694,1.0,1.0,5.876923076923076,0.011538461538461539,0.0
15,COPOC,LAC,0.020000000000000018,0.9807692307692307,4.253846153846154,3.253846153846154,1.6,2.0,6.330769230769228,0.03076923076923077,0.0
15,COPOC,LAC,0.030000000000000027,0.9769230769230769,4.15,3.15,1.5,2.0,5.457692307692306,0.03461538461538462,0.0
15,COPOC,LAC,0.050000000000000044,0.9692307692307692,3.7576923076923077,2.7576923076923077,1.625,3.0,4.757692307692306,0.05,0.0
15,COPOC,LAC,0.07999999999999996,0.95,3.2576923076923077,2.2576923076923077,1.6153846153846154,4.0,4.276923076923079,0.08076923076923077,0.0
15,COPOC,LAC,0.09999999999999998,0.9,2.9923076923076923,1.9923076923076923,1.4230769230769231,4.0,4.838461538461538,0.1423076923076923,0.0
15,COPOC,LAC,0.13,0.8730769230769231,2.753846153846154,1.7538461538461538,1.5757575757575757,4.0,4.8307692307692305,0.2,0.0
15,COPOC,LAC,0.15000000000000002,0.8269230769230769,2.457692307692308,1.4576923076923076,1.5555555555555556,4.0,5.047435897435897,0.2692307692307692,0.0
15,COPOC,LAC,0.18000000000000005,0.823076923076923,2.3846153846153846,1.3846153846153846,1.565217391304348,4.0,4.461538461538461,0.27692307692307694,0.0
15,COPOC,LAC,0.19999999999999996,0.7846153846153846,2.1653846153846152,1.1653846153846155,1.6071428571428572,4.0,4.626923076923077,0.34615384615384615,0.0
16,COPOC,min-CPS,0.010000000000000009,0.9961538461538462,4.596153846153846,3.5961538461538463,1.0,1.0,4.365384615384614,0.0038461538461538464,0.0
16,COPOC,min-CPS,0.020000000000000018,0.9692307692307692,4.111538461538461,3.1115384615384616,1.375,2.0,7.342307692307688,0.04230769230769231,0.0
16,COPOC,min-CPS,0.030000000000000027,0.9692307692307692,3.8230769230769233,2.8230769230769233,1.625,3.0,6.156410256410254,0.05,0.0
16,COPOC,min-CPS,0.050000000000000044,0.95,3.476923076923077,2.476923076923077,1.6153846153846154,3.0,5.707692307692304,0.08076923076923077,0.0
16,COPOC,min-CPS,0.07999999999999996,0.9346153846153846,3.1846153846153844,2.1846153846153844,1.6470588235294117,4.0,4.876923076923078,0.1076923076923077,0.0
16,COPOC,min-CPS,0.09999999999999998,0.9115384615384615,3.003846153846154,2.003846153846154,1.608695652173913,4.0,4.85,0.1423076923076923,0.0
16,COPOC,min-CPS,0.13,0.8538461538461538,2.7192307692307693,1.7192307692307693,1.394736842105263,4.0,4.855325443786982,0.20384615384615384,0.0
16,COPOC,min-CPS,0.15000000000000002,0.8307692307692308,2.5576923076923075,1.5576923076923077,1.5,4.0,4.9423076923076925,0.25384615384615383,0.0
16,COPOC,min-CPS,0.18000000000000005,0.7961538461538461,2.373076923076923,1.373076923076923,1.490566037735849,4.0,4.749145299145297,0.3038461538461538,0.0
16,COPOC,min-CPS,0.19999999999999996,0.7961538461538461,2.3230769230769233,1.323076923076923,1.509433962264151,4.0,4.4,0.3076923076923077,0.0
16,COPOC,RPS,0.010000000000000009,0.9846153846153847,4.423076923076923,3.423076923076923,1.0,1.0,6.499999999999997,0.015384615384615385,0.0
16,COPOC,RPS,0.020000000000000018,0.9653846153846154,4.019230769230769,3.019230769230769,1.2222222222222223,2.0,7.2499999999999964,0.04230769230769231,0.0
16,COPOC,RPS,0.030000000000000027,0.9576923076923077,3.9384615384615387,2.9384615384615387,1.2727272727272727,2.0,6.528205128205125,0.05384615384615385,0.0
16,COPOC,RPS,0.050000000000000044,0.9384615384615385,3.6538461538461537,2.6538461538461537,1.375,3.0,6.038461538461536,0.08461538461538462,0.0
16,COPOC,RPS,0.07999999999999996,0.8923076923076924,3.3653846153846154,2.3653846153846154,1.2142857142857142,3.0,5.634615384615387,0.13076923076923078,0.0
16,COPOC,RPS,0.09999999999999998,0.8846153846153846,3.2,2.2,1.2,3.0,4.969230769230769,0.13846153846153847,0.0
16,COPOC,RPS,0.13,0.85,2.95,1.95,1.2564102564102564,3.0,4.849408284023668,0.18846153846153846,0.0
16,COPOC,RPS,0.15000000000000002,0.8461538461538461,2.85,1.85,1.275,3.0,4.4653846153846155,0.19615384615384615,0.0
16,COPOC,RPS,0.18000000000000005,0.823076923076923,2.7192307692307693,1.7192307692307693,1.3043478260869565,3.0,4.283333333333332,0.23076923076923078,0.0
16,COPOC,RPS,0.19999999999999996,0.8192307692307692,2.6423076923076922,1.6423076923076922,1.3404255319148937,3.0,4.065384615384615,0.2423076923076923,0.0
16,COPOC,OCDF,0.010000000000000009,0.9846153846153847,4.923076923076923,3.923076923076923,1.25,2.0,7.769230769230766,0.019230769230769232,0.0
16,COPOC,OCDF,0.020000000000000018,0.9807692307692307,4.9,3.9,1.4,3.0,6.592307692307689,0.026923076923076925,0.0
16,COPOC,OCDF,0.030000000000000027,0.9807692307692307,4.884615384615385,3.8846153846153846,1.4,3.0,5.679487179487178,0.026923076923076925,0.0
16,COPOC,OCDF,0.050000000000000044,0.9615384615384616,4.773076923076923,3.773076923076923,1.3,3.0,5.773076923076921,0.05,0.0
16,COPOC,OCDF,0.07999999999999996,0.9153846153846154,4.496153846153846,3.496153846153846,1.4545454545454546,3.0,6.573076923076925,0.12307692307692308,0.0
16,COPOC,OCDF,0.09999999999999998,0.9,4.392307692307693,3.3923076923076922,1.5384615384615385,4.0,6.469230769230769,0.15384615384615385,0.0
16,COPOC,OCDF,0.13,0.8730769230769231,4.246153846153846,3.246153846153846,1.4545454545454546,4.0,6.086390532544379,0.18461538461538463,0.0
16,COPOC,OCDF,0.15000000000000002,0.8615384615384616,4.153846153846154,3.1538461538461537,1.5,4.0,5.923076923076923,0.2076923076923077,0.0
16,COPOC,OCDF,0.18000000000000005,0.8115384615384615,3.953846153846154,2.953846153846154,1.5510204081632653,4.0,6.2017094017094,0.2923076923076923,0.0
16,COPOC,OCDF,0.19999999999999996,0.7884615384615384,3.8115384615384613,2.8115384615384613,1.6727272727272726,4.0,6.35,0.35384615384615387,0.0
16,COPOC,APS,0.010000000000000009,0.9884615384615385,4.473076923076923,3.473076923076923,1.3333333333333333,2.0,6.549999999999997,0.015384615384615385,0.0
16,COPOC,APS,0.020000000000000018,0.9730769230769231,4.107692307692307,3.1076923076923078,1.4285714285714286,2.0,6.9538461538461505,0.038461538461538464,0.0
16,COPOC,APS,0.030000000000000027,0.9692307692307692,4.023076923076923,3.023076923076923,1.5,3.0,6.099999999999998,0.046153846153846156,0.0
16,COPOC,APS,0.050000000000000044,0.9307692307692308,3.4846153846153847,2.4884615384615385,1.6666666666666667,4.0,6.488461538461535,0.11538461538461539,0.0
16,COPOC,APS,0.07999999999999996,0.9076923076923077,3.3038461538461537,2.3076923076923075,1.5,4.0,5.384615384615387,0.13846153846153847,0.0
16,COPOC,APS,0.09999999999999998,0.8961538461538462,3.042307692307692,2.05,1.7037037037037037,4.0,4.973076923076923,0.17692307692307693,0.0
16,COPOC,APS,0.13,0.8769230769230769,2.973076923076923,1.9846153846153847,1.6875,4.0,4.469822485207101,0.2076923076923077,0.0
16,COPOC,APS,0.15000000000000002,0.8346153846153846,2.773076923076923,1.7884615384615385,1.558139534883721,4.0,4.608974358974359,0.25769230769230766,0.0
16,COPOC,APS,0.18000000000000005,0.823076923076923,2.6615384615384614,1.6807692307692308,1.6521739130434783,4.0,4.244871794871794,0.2923076923076923,0.0
16,COPOC,APS,0.19999999999999996,0.7884615384615384,2.5346153846153845,1.5615384615384615,1.6727272727272726,4.0,4.176923076923077,0.35384615384615387,0.0
16,COPOC,LAC,0.010000000000000009,0.9961538461538462,4.6,3.6,1.0,1.0,4.369230769230768,0.0038461538461538464,0.0
16,COPOC,LAC,0.020000000000000018,0.9692307692307692,4.096153846153846,3.0961538461538463,1.375,2.0,7.326923076923073,0.04230769230769231,0.0
16,COPOC,LAC,0.030000000000000027,0.9653846153846154,3.8384615384615386,2.8384615384615386,1.5555555555555556,3.0,6.428205128205125,0.05384615384615385,0.0
16,COPOC,LAC,0.050000000000000044,0.9538461538461539,3.4461538461538463,2.4461538461538463,1.75,4.0,5.676923076923074,0.08076923076923077,0.0
16,COPOC,LAC,0.07999999999999996,0.926923076923077,3.1423076923076922,2.1423076923076922,1.6842105263157894,4.0,5.219230769230771,0.12307692307692308,0.0
16,COPOC,LAC,0.09999999999999998,0.9,2.957692307692308,1.9576923076923076,1.5769230769230769,4.0,5.111538461538461,0.1576923076923077,0.0
16,COPOC,LAC,0.13,0.8576923076923076,2.6615384615384614,1.6615384615384616,1.6486486486486487,4.0,5.271005917159764,0.23461538461538461,0.0
16,COPOC,LAC,0.15000000000000002,0.8346153846153846,2.457692307692308,1.4576923076923076,1.627906976744186,4.0,5.047435897435897,0.2692307692307692,0.0
16,COPOC,LAC,0.18000000000000005,0.8115384615384615,2.3423076923076924,1.3423076923076922,1.5918367346938775,4.0,4.675641025641025,0.3,0.0
16,COPOC,LAC,0.19999999999999996,0.7923076923076923,2.169230769230769,1.1692307692307693,1.6296296296296295,4.0,4.553846153846154,0.3384615384615385,0.0
17,COPOC,min-CPS,0.010000000000000009,0.9884615384615385,4.596153846153846,3.5961538461538463,1.0,1.0,5.903846153846152,0.011538461538461539,0.0
17,COPOC,min-CPS,0.020000000000000018,0.9807692307692307,4.273076923076923,3.273076923076923,1.6,2.0,6.349999999999996,0.03076923076923077,0.0
17,COPOC,min-CPS,0.030000000000000027,0.9769230769230769,4.2,3.2,1.5,2.0,5.507692307692306,0.03461538461538462,0.0
17,COPOC,min-CPS,0.050000000000000044,0.9692307692307692,3.776923076923077,2.776923076923077,1.75,3.0,4.930769230769229,0.05384615384615385,0.0
17,COPOC,min-CPS,0.07999999999999996,0.9346153846153846,3.2846153846153845,2.2846153846153845,1.5294117647058822,4.0,4.784615384615386,0.1,0.0
17,COPOC,min-CPS,0.09999999999999998,0.9153846153846154,3.1192307692307693,2.1192307692307693,1.4545454545454546,4.0,4.5807692307692305,0.12307692307692308,0.0
17,COPOC,min-CPS,0.13,0.9,2.896153846153846,1.896153846153846,1.4615384615384615,4.0,4.144674556213017,0.14615384615384616,0.0
17,COPOC,min-CPS,0.15000000000000002,0.8846153846153846,2.8115384615384613,1.8115384615384615,1.4666666666666666,4.0,4.067948717948718,0.16923076923076924,0.0
17,COPOC,min-CPS,0.18000000000000005,0.8769230769230769,2.6884615384615387,1.6884615384615385,1.5,4.0,3.7397435897435893,0.18461538461538463,0.0
17,COPOC,min-CPS,0.19999999999999996,0.8346153846153846,2.5,1.5,1.441860465116279,4.0,3.8846153846153846,0.23846153846153847,0.0
17,COPOC,RPS,0.010000000000000009,0.9884615384615385,4.476923076923077,3.476923076923077,1.0,1.0,5.784615384615383,0.011538461538461539,0.0
17,COPOC,RPS,0.020000000000000018,0.9846153846153847,4.234615384615385,3.2346153846153847,1.25,2.0,5.157692307692306,0.019230769230769232,0.0
17,COPOC,RPS,0.030000000000000027,0.9807692307692307,4.096153846153846,3.0961538461538463,1.2,2.0,4.634615384615384,0.023076923076923078,0.0
17,COPOC,RPS,0.050000000000000044,0.9576923076923077,3.8461538461538463,2.8461538461538463,1.2727272727272727,2.0,4.999999999999998,0.05384615384615385,0.0
17,COPOC,RPS,0.07999999999999996,0.9461538461538461,3.6653846153846152,2.6653846153846152,1.3571428571428572,3.0,4.492307692307694,0.07307692307692308,0.0
17,COPOC,RPS,0.09999999999999998,0.926923076923077,3.4923076923076923,2.4923076923076923,1.263157894736842,3.0,4.338461538461538,0.09230769230769231,0.0
17,COPOC,RPS,0.13,0.8961538461538462,3.169230769230769,2.169230769230769,1.2222222222222223,3.0,4.12189349112426,0.12692307692307692,0.0
17,COPOC,RPS,0.15000000000000002,0.8653846153846154,2.9038461538461537,1.9038461538461537,1.2,3.0,4.0576923076923075,0.16153846153846155,0.0
17,COPOC,RPS,0.18000000000000005,0.8461538461538461,2.796153846153846,1.7961538461538462,1.225,3.0,3.8901709401709397,0.18846153846153846,0.0
17,COPOC,RPS,0.19999999999999996,0.823076923076923,2.65,1.65,1.2608695652173914,3.0,3.8807692307692307,0.2230769230769231,0.0
17,COPOC,OCDF,0.010000000000000009,0.9923076923076923,4.903846153846154,3.9038461538461537,1.5,2.0,6.21153846153846,0.011538461538461539,0.0
17,COPOC,OCDF,0.020000000000000018,0.9923076923076923,4.9,3.9,1.5,2.0,5.053846153846152,0.011538461538461539,0.0
17,COPOC,OCDF,0.030000000000000027,0.9769230769230769,4.8307692307692305,3.830769230769231,1.5,3.0,6.138461538461537,0.03461538461538462,0.0
17,COPOC,OCDF,0.050000000000000044,0.9346153846153846,4.596153846153846,3.5961538461538463,1.3529411764705883,3.0,7.1346153846153815,0.08846153846153847,0.0
17,COPOC,OCDF,0.07999999999999996,0.9153846153846154,4.457692307692308,3.457692307692308,1.3636363636363635,3.0,6.342307692307694,0.11538461538461539,0.0
17,COPOC,OCDF,0.09999999999999998,0.8653846153846154,4.230769230769231,3.230769230769231,1.457142857142857,4.0,7.153846153846154,0.19615384615384615,0.0
17,COPOC,OCDF,0.13,0.85,4.153846153846154,3.1538461538461537,1.4871794871794872,4.0,6.585798816568047,0.2230769230769231,0.0
17,COPOC,OCDF,0.15000000000000002,0.823076923076923,4.0115384615384615,3.0115384615384615,1.5,4.0,6.55,0.2653846153846154,0.0
17,COPOC,OCDF,0.18000000000000005,0.8038461538461539,3.9038461538461537,2.9038461538461537,1.5294117647058822,4.0,6.237179487179486,0.3,0.0
17,COPOC,OCDF,0.19999999999999996,0.7846153846153846,3.8115384615384613,2.8115384615384613,1.5714285714285714,4.0,6.196153846153846,0.3384615384615385,0.0
17,COPOC,APS,0.010000000000000009,0.9923076923076923,4.623076923076923,3.623076923076923,1.0,1.0,5.16153846153846,0.007692307692307693,0.0
17,COPOC,APS,0.020000000000000018,0.9884615384615385,4.357692307692307,3.3576923076923078,1.0,1.0,4.511538461538461,0.011538461538461539,0.0
17,COPOC,APS,0.030000000000000027,0.9807692307692307,4.1461538461538465,3.146153846153846,1.6,2.0,5.197435897435896,0.03076923076923077,0.0
17,COPOC,APS,0.050000000000000044,0.9538461538461539,3.673076923076923,2.673076923076923,1.5,3.0,5.442307692307691,0.06923076923076923,0.0
17,COPOC,APS,0.07999999999999996,0.9423076923076923,3.5076923076923077,2.5076923076923077,1.4,3.0,4.526923076923078,0.08076923076923077,0.0
17,COPOC,APS,0.09999999999999998,0.926923076923077,3.3384615384615386,2.3384615384615386,1.368421052631579,3.0,4.338461538461538,0.1,0.0
17,COPOC,APS,0.13,0.9230769230769231,3.1846153846153844,2.1846153846153844,1.45,4.0,3.9005917159763315,0.11153846153846154,0.0
17,COPOC,APS,0.15000000000000002,0.8807692307692307,2.973076923076923,1.976923076923077,1.4516129032258065,4.0,4.079487179487179,0.17307692307692307,0.0
17,COPOC,APS,0.18000000000000005,0.85,2.8076923076923075,1.8153846153846154,1.4871794871794872,4.0,3.952136752136752,0.2230769230769231,0.0
17,COPOC,APS,0.19999999999999996,0.8307692307692308,2.65,1.6576923076923078,1.4772727272727273,4.0,3.85,0.25,0.0
17,COPOC,LAC,0.010000000000000009,0.9884615384615385,4.6038461538461535,3.603846153846154,1.0,1.0,5.91153846153846,0.011538461538461539,0.0
17,COPOC,LAC,0.020000000000000018,0.9769230769230769,4.253846153846154,3.253846153846154,1.5,2.0,6.715384615384612,0.03461538461538462,0.0
17,COPOC,LAC,0.030000000000000027,0.9769230769230769,4.157692307692308,3.1576923076923076,1.5,2.0,5.465384615384614,0.03461538461538462,0.0
17,COPOC,LAC,0.050000000000000044,0.9730769230769231,3.773076923076923,2.773076923076923,1.8571428571428572,3.0,4.773076923076921,0.05,0.0
17,COPOC,LAC,0.07999999999999996,0.9307692307692308,3.223076923076923,2.223076923076923,1.5555555555555556,4.0,4.9153846153846175,0.1076923076923077,0.0
17,COPOC,LAC,0.09999999999999998,0.9153846153846154,3.0961538461538463,2.0961538461538463,1.4545454545454546,4.0,4.5576923076923075,0.12307692307692308,0.0
17,COPOC,LAC,0.13,0.9,2.953846153846154,1.9538461538461538,1.5,4.0,4.2615384615384615,0.15,0.0
17,COPOC,LAC,0.15000000000000002,0.8769230769230769,2.723076923076923,1.7230769230769232,1.65625,4.0,4.44102564102564,0.20384615384615384,0.0
17,COPOC,LAC,0.18000000000000005,0.8423076923076923,2.4923076923076923,1.4923076923076923,1.5365853658536586,4.0,4.184615384615384,0.2423076923076923,0.0
17,COPOC,LAC,0.19999999999999996,0.8423076923076923,2.419230769230769,1.4192307692307693,1.5853658536585367,4.0,3.919230769230769,0.25,0.0
18,COPOC,min-CPS,0.010000000000000009,0.9923076923076923,4.569230769230769,3.5692307692307694,1.0,1.0,5.1076923076923055,0.007692307692307693,0.0
18,COPOC,min-CPS,0.020000000000000018,0.9884615384615385,4.296153846153846,3.296153846153846,1.3333333333333333,2.0,4.8346153846153825,0.015384615384615385,0.0
18,COPOC,min-CPS,0.030000000000000027,0.9769230769230769,4.15,3.15,1.3333333333333333,2.0,5.20128205128205,0.03076923076923077,0.0
18,COPOC,min-CPS,0.050000000000000044,0.9576923076923077,3.6115384615384616,2.6115384615384616,1.2727272727272727,2.0,4.7653846153846136,0.05384615384615385,0.0
18,COPOC,min-CPS,0.07999999999999996,0.926923076923077,3.2653846153846153,2.2653846153846153,1.2105263157894737,2.0,4.476923076923079,0.08846153846153847,0.0
18,COPOC,min-CPS,0.09999999999999998,0.8961538461538462,3.0115384615384615,2.0115384615384615,1.2222222222222223,2.0,4.55,0.12692307692307692,0.0
18,COPOC,min-CPS,0.13,0.8653846153846154,2.830769230769231,1.8307692307692307,1.2285714285714286,2.0,4.375147928994083,0.16538461538461538,0.0
18,COPOC,min-CPS,0.15000000000000002,0.8307692307692308,2.6576923076923076,1.6576923076923078,1.2954545454545454,3.0,4.5807692307692305,0.21923076923076923,0.0
18,COPOC,min-CPS,0.18000000000000005,0.7730769230769231,2.3615384615384616,1.3615384615384616,1.3559322033898304,3.0,4.780341880341879,0.3076923076923077,0.0
18,COPOC,min-CPS,0.19999999999999996,0.7653846153846153,2.330769230769231,1.3307692307692307,1.3278688524590163,3.0,4.446153846153846,0.31153846153846154,0.0
18,COPOC,RPS,0.010000000000000009,1.0,4.661538461538462,3.6615384615384614,,0.0,3.6615384615384614,0.0,0.0
18,COPOC,RPS,0.020000000000000018,0.9923076923076923,4.4,3.4,1.0,1.0,4.169230769230769,0.007692307692307693,0.0
18,COPOC,RPS,0.030000000000000027,0.9884615384615385,4.188461538461539,3.1884615384615387,1.0,1.0,3.957692307692308,0.011538461538461539,0.0
18,COPOC,RPS,0.050000000000000044,0.9576923076923077,3.8230769230769233,2.8230769230769233,1.1818181818181819,2.0,4.823076923076921,0.05,0.0
18,COPOC,RPS,0.07999999999999996,0.9230769230769231,3.5153846153846153,2.5153846153846153,1.1,2.0,4.630769230769232,0.08461538461538462,0.0
18,COPOC,RPS,0.09999999999999998,0.9038461538461539,3.353846153846154,2.353846153846154,1.08,2.0,4.430769230769231,0.10384615384615385,0.0
18,COPOC,RPS,0.13,0.8692307692307693,3.05,2.05,1.1176470588235294,2.0,4.298520710059171,0.14615384615384616,0.0
18,COPOC,RPS,0.15000000000000002,0.8538461538461538,2.9,1.9,1.131578947368421,2.0,4.105128205128205,0.16538461538461538,0.0
18,COPOC,RPS,0.18000000000000005,0.8115384615384615,2.6807692307692306,1.6807692307692308,1.183673469387755,3.0,4.159401709401709,0.2230769230769231,0.0
18,COPOC,RPS,0.19999999999999996,0.7769230769230769,2.4,1.4,1.293103448275862,3.0,4.2846153846153845,0.28846153846153844,0.0
18,COPOC,OCDF,0.010000000000000009,1.0,4.961538461538462,3.9615384615384617,,0.0,3.9615384615384617,0.0,0.0
18,COPOC,OCDF,0.020000000000000018,0.9961538461538462,4.915384615384616,3.9153846153846152,1.0,1.0,4.3,0.0038461538461538464,0.0
18,COPOC,OCDF,0.030000000000000027,0.9846153846153847,4.8961538461538465,3.896153846153846,1.0,1.0,4.921794871794871,0.015384615384615385,0.0
18,COPOC,OCDF,0.050000000000000044,0.9538461538461539,4.7384615384615385,3.7384615384615385,1.1666666666666667,2.0,5.892307692307691,0.05384615384615385,0.0
18,COPOC,OCDF,0.07999999999999996,0.926923076923077,4.588461538461538,3.5884615384615386,1.263157894736842,2.0,5.896153846153848,0.09230769230769231,0.0
18,COPOC,OCDF,0.09999999999999998,0.8923076923076924,4.392307692307693,3.3923076923076922,1.5,2.0,6.623076923076923,0.16153846153846155,0.0
18,COPOC,OCDF,0.13,0.8692307692307693,4.273076923076923,3.273076923076923,1.4411764705882353,2.0,6.172485207100592,0.18846153846153846,0.0
18,COPOC,OCDF,0.15000000000000002,0.85,4.157692307692308,3.1576923076923076,1.4615384615384615,2.0,6.0807692307692305,0.21923076923076923,0.0
18,COPOC,OCDF,0.18000000000000005,0.8269230769230769,4.107692307692307,3.1076923076923078,1.4444444444444444,2.0,5.885470085470085,0.25,0.0
18,COPOC,OCDF,0.19999999999999996,0.8038461538461539,3.9615384615384617,2.9615384615384617,1.5294117647058822,3.0,5.961538461538462,0.3,0.0
18,COPOC,APS,0.010000000000000009,0.9961538461538462,4.688461538461539,3.6884615384615387,1.0,1.0,4.457692307692307,0.0038461538461538464,0.0
18,COPOC,APS,0.020000000000000018,0.9807692307692307,4.180769230769231,3.1807692307692306,1.4,2.0,5.873076923076922,0.026923076923076925,0.0
18,COPOC,APS,0.030000000000000027,0.9730769230769231,4.030769230769231,3.0307692307692307,1.2857142857142858,2.0,5.338461538461536,0.03461538461538462,0.0
18,COPOC,APS,0.050000000000000044,0.9538461538461539,3.603846153846154,2.603846153846154,1.25,2.0,4.91153846153846,0.057692307692307696,0.0
18,COPOC,APS,0.07999999999999996,0.9230769230769231,3.253846153846154,2.2576923076923077,1.35,4.0,4.469230769230771,0.10384615384615385,0.0
18,COPOC,APS,0.09999999999999998,0.9038461538461539,3.123076923076923,2.126923076923077,1.28,4.0,4.280769230769231,0.12307692307692308,0.0
18,COPOC,APS,0.13,0.8884615384615384,3.0076923076923077,2.0115384615384615,1.3103448275862069,4.0,4.023372781065089,0.14615384615384616,0.0
18,COPOC,APS,0.15000000000000002,0.823076923076923,2.7423076923076923,1.75,1.3478260869565217,4.0,4.519230769230769,0.23846153846153847,0.0
18,COPOC,APS,0.18000000000000005,0.7653846153846153,2.546153846153846,1.5653846153846154,1.459016393442623,4.0,4.514102564102563,0.3423076923076923,0.0
18,COPOC,APS,0.19999999999999996,0.7346153846153847,2.4,1.4307692307692308,1.608695652173913,4.0,4.546153846153846,0.4269230769230769,0.0
18,COPOC,LAC,0.010000000000000009,0.9923076923076923,4.573076923076923,3.5730769230769233,1.0,1.0,5.111538461538459,0.007692307692307693,0.0
18,COPOC,LAC,0.020000000000000018,0.9884615384615385,4.280769230769231,3.2807692307692307,1.6666666666666667,2.0,5.203846153846152,0.019230769230769232,0.0
18,COPOC,LAC,0.030000000000000027,0.9769230769230769,4.126923076923077,3.126923076923077,1.3333333333333333,2.0,5.178205128205127,0.03076923076923077,0.0
18,COPOC,LAC,0.050000000000000044,0.9538461538461539,3.55,2.55,1.25,2.0,4.8576923076923055,0.057692307692307696,0.0
18,COPOC,LAC,0.07999999999999996,0.9307692307692308,3.253846153846154,2.253846153846154,1.2777777777777777,2.0,4.465384615384617,0.08846153846153847,0.0
18,COPOC,LAC,0.09999999999999998,0.9076923076923077,3.080769230769231,2.080769230769231,1.25,2.0,4.388461538461539,0.11538461538461539,0.0
18,COPOC,LAC,0.13,0.8653846153846154,2.7884615384615383,1.7884615384615385,1.4,2.0,4.687869822485207,0.18846153846153846,0.0
18,COPOC,LAC,0.15000000000000002,0.8153846153846154,2.519230769230769,1.5192307692307692,1.4375,3.0,5.0576923076923075,0.2653846153846154,0.0
18,COPOC,LAC,0.18000000000000005,0.7884615384615384,2.376923076923077,1.376923076923077,1.4,3.0,4.667521367521367,0.29615384615384616,0.0
18,COPOC,LAC,0.19999999999999996,0.7346153846153847,2.1153846153846154,1.1153846153846154,1.4202898550724639,3.0,4.884615384615385,0.3769230769230769,0.0
19,COPOC,min-CPS,0.010000000000000009,1.0,4.676923076923077,3.6769230769230767,,0.0,3.6769230769230767,0.0,0.0
19,COPOC,min-CPS,0.020000000000000018,0.9846153846153847,4.3307692307692305,3.330769230769231,1.5,2.0,5.638461538461537,0.023076923076923078,0.0
19,COPOC,min-CPS,0.030000000000000027,0.9653846153846154,3.9346153846153844,2.9346153846153844,1.3333333333333333,2.0,6.01153846153846,0.046153846153846156,0.0
19,COPOC,min-CPS,0.050000000000000044,0.9615384615384616,3.6884615384615387,2.6884615384615387,1.5,3.0,4.996153846153844,0.057692307692307696,0.0
19,COPOC,min-CPS,0.07999999999999996,0.9423076923076923,3.353846153846154,2.353846153846154,1.4666666666666666,3.0,4.469230769230771,0.08461538461538462,0.0
19,COPOC,min-CPS,0.09999999999999998,0.9307692307692308,3.1923076923076925,2.1923076923076925,1.5555555555555556,3.0,4.346153846153846,0.1076923076923077,0.0
19,COPOC,min-CPS,0.13,0.9,2.9653846153846155,1.9653846153846153,1.4230769230769231,3.0,4.154733727810651,0.1423076923076923,0.0
19,COPOC,min-CPS,0.15000000000000002,0.8769230769230769,2.8692307692307693,1.8692307692307693,1.375,3.0,4.125641025641025,0.16923076923076924,0.0
19,COPOC,min-CPS,0.18000000000000005,0.8538461538461538,2.669230769230769,1.6692307692307693,1.4736842105263157,3.0,4.062393162393162,0.2153846153846154,0.0
19,COPOC,min-CPS,0.19999999999999996,0.8076923076923077,2.4307692307692306,1.4307692307692308,1.5,3.0,4.315384615384615,0.28846153846153844,0.0
19,COPOC,RPS,0.010000000000000009,0.9923076923076923,4.65,3.65,1.0,1.0,5.188461538461537,0.007692307692307693,0.0
19,COPOC,RPS,0.020000000000000018,0.9730769230769231,4.126923076923077,3.126923076923077,1.0,1.0,5.819230769230767,0.026923076923076925,0.0
19,COPOC,RPS,0.030000000000000027,0.9692307692307692,4.073076923076923,3.0730769230769233,1.125,2.0,5.380769230769229,0.03461538461538462,0.0
19,COPOC,RPS,0.050000000000000044,0.9346153846153846,3.730769230769231,2.730769230769231,1.2352941176470589,2.0,5.96153846153846,0.08076923076923077,0.0
19,COPOC,RPS,0.07999999999999996,0.9076923076923077,3.523076923076923,2.523076923076923,1.1666666666666667,2.0,5.215384615384617,0.1076923076923077,0.0
19,COPOC,RPS,0.09999999999999998,0.8846153846153846,3.2615384615384615,2.2615384615384615,1.1666666666666667,2.0,4.953846153846154,0.1346153846153846,0.0
19,COPOC,RPS,0.13,0.8692307692307693,3.0846153846153848,2.0846153846153848,1.2058823529411764,2.0,4.510650887573965,0.1576923076923077,0.0
19,COPOC,RPS,0.15000000000000002,0.8615384615384616,2.9307692307692306,1.9307692307692308,1.25,3.0,4.2384615384615385,0.17307692307692307,0.0
19,COPOC,RPS,0.18000000000000005,0.8346153846153846,2.8038461538461537,1.8038461538461539,1.255813953488372,3.0,4.111538461538461,0.2076923076923077,0.0
19,COPOC,RPS,0.19999999999999996,0.8076923076923077,2.646153846153846,1.646153846153846,1.32,3.0,4.184615384615385,0.25384615384615383,0.0
19,COPOC,OCDF,0.010000000000000009,0.9961538461538462,4.9423076923076925,3.9423076923076925,2.0,2.0,5.480769230769229,0.007692307692307693,0.0
19,COPOC,OCDF,0.020000000000000018,0.9692307692307692,4.857692307692307,3.8576923076923078,1.25,3.0,7.7038461538461505,0.038461538461538464,0.0
19,COPOC,OCDF,0.030000000000000027,0.9615384615384616,4.823076923076923,3.8230769230769233,1.2,3.0,6.899999999999999,0.046153846153846156,0.0
19,COPOC,OCDF,0.050000000000000044,0.926923076923077,4.6,3.6,1.4210526315789473,3.0,7.75384615384615,0.10384615384615385,0.0
19,COPOC,OCDF,0.07999999999999996,0.9153846153846154,4.473076923076923,3.473076923076923,1.5,3.0,6.646153846153848,0.12692307692307692,0.0
19,COPOC,OCDF,0.09999999999999998,0.8730769230769231,4.3076923076923075,3.3076923076923075,1.5454545454545454,4.0,7.230769230769231,0.19615384615384615,0.0
19,COPOC,OCDF,0.13,0.85,4.161538461538462,3.1615384615384614,1.564102564102564,4.0,6.771005917159764,0.23461538461538461,0.0
19,COPOC,OCDF,0.15000000000000002,0.8192307692307692,4.0346153846153845,3.0346153846153845,1.553191489361702,4.0,6.778205128205128,0.28076923076923077,0.0
19,COPOC,OCDF,0.18000000000000005,0.7769230769230769,3.8076923076923075,2.8076923076923075,1.6206896551724137,4.0,6.824786324786324,0.36153846153846153,0.0
19,COPOC,OCDF,0.19999999999999996,0.7576923076923077,3.726923076923077,2.726923076923077,1.6031746031746033,4.0,6.611538461538461,0.38846153846153847,0.0
19,COPOC,APS,0.010000000000000009,1.0,4.653846153846154,3.6538461538461537,,0.0,3.6538461538461537,0.0,0.0
19,COPOC,APS,0.020000000000000018,0.9769230769230769,4.269230769230769,3.269230769230769,1.3333333333333333,2.0,6.346153846153843,0.03076923076923077,0.0
19,COPOC,APS,0.030000000000000027,0.9653846153846154,3.9846153846153847,2.9846153846153847,1.3333333333333333,2.0,6.0615384615384595,0.046153846153846156,0.0
19,COPOC,APS,0.050000000000000044,0.9615384615384616,3.8038461538461537,2.8038461538461537,1.3,2.0,4.803846153846152,0.05,0.0
19,COPOC,APS,0.07999999999999996,0.9346153846153846,3.419230769230769,2.423076923076923,1.588235294117647,4.0,4.634615384615387,0.10384615384615385,0.0
19,COPOC,APS,0.09999999999999998,0.926923076923077,3.3038461538461537,2.3076923076923075,1.5263157894736843,4.0,4.230769230769231,0.11153846153846154,0.0
19,COPOC,APS,0.13,0.9153846153846154,3.1153846153846154,2.1192307692307693,1.6363636363636365,4.0,4.012721893491125,0.13846153846153847,0.0
19,COPOC,APS,0.15000000000000002,0.9038461538461539,3.019230769230769,2.026923076923077,1.64,4.0,3.821794871794871,0.1576923076923077,0.0
19,COPOC,APS,0.18000000000000005,0.85,2.769230769230769,1.7846153846153847,1.564102564102564,4.0,3.793162393162393,0.23461538461538461,0.0
19,COPOC,APS,0.19999999999999996,0.8153846153846154,2.5730769230769233,1.5884615384615384,1.5416666666666667,4.0,3.896153846153846,0.2846153846153846,0.0
19,COPOC,LAC,0.010000000000000009,1.0,4.680769230769231,3.6807692307692306,,0.0,3.6807692307692306,0.0,0.0
19,COPOC,LAC,0.020000000000000018,0.9846153846153847,4.319230769230769,3.3192307692307694,1.5,2.0,5.626923076923076,0.023076923076923078,0.0
19,COPOC,LAC,0.030000000000000027,0.9692307692307692,4.065384615384615,3.0653846153846156,1.375,2.0,5.885897435897434,0.04230769230769231,0.0
19,COPOC,LAC,0.050000000000000044,0.9615384615384616,3.6923076923076925,2.6923076923076925,1.5,3.0,4.999999999999998,0.057692307692307696,0.0
19,COPOC,LAC,0.07999999999999996,0.9461538461538461,3.3153846153846156,2.3153846153846156,1.6428571428571428,3.0,4.526923076923079,0.08846153846153847,0.0
19,COPOC,LAC,0.09999999999999998,0.9346153846153846,3.207692307692308,2.207692307692308,1.5294117647058822,3.0,4.207692307692308,0.1,0.0
19,COPOC,LAC,0.13,0.9153846153846154,3.046153846153846,2.046153846153846,1.5909090909090908,3.0,4.117159763313609,0.1346153846153846,0.0
19,COPOC,LAC,0.15000000000000002,0.8807692307692307,2.8038461538461537,1.8038461538461539,1.6129032258064515,3.0,4.3679487179487175,0.19230769230769232,0.0
19,COPOC,LAC,0.18000000000000005,0.85,2.580769230769231,1.5807692307692307,1.6153846153846154,3.0,4.273076923076923,0.2423076923076923,0.0
19,COPOC,LAC,0.19999999999999996,0.8307692307692308,2.4461538461538463,1.4461538461538461,1.6363636363636365,3.0,4.2153846153846155,0.27692307692307694,0.0
20,COPOC,min-CPS,0.010000000000000009,0.9807692307692307,4.253846153846154,3.253846153846154,1.6,2.0,9.407692307692303,0.03076923076923077,0.0
20,COPOC,min-CPS,0.020000000000000018,0.9769230769230769,4.176923076923077,3.1769230769230767,1.6666666666666667,2.0,7.023076923076919,0.038461538461538464,0.0
20,COPOC,min-CPS,0.030000000000000027,0.9730769230769231,3.9384615384615387,2.9384615384615387,1.5714285714285714,2.0,5.758974358974357,0.04230769230769231,0.0
20,COPOC,min-CPS,0.050000000000000044,0.9423076923076923,3.376923076923077,2.376923076923077,1.5333333333333334,4.0,5.915384615384612,0.08846153846153847,0.0
20,COPOC,min-CPS,0.07999999999999996,0.9192307692307692,3.05,2.05,1.5238095238095237,4.0,5.126923076923078,0.12307692307692308,0.0
20,COPOC,min-CPS,0.09999999999999998,0.9,2.919230769230769,1.9192307692307693,1.4615384615384615,4.0,4.842307692307692,0.14615384615384616,0.0
20,COPOC,min-CPS,0.13,0.8769230769230769,2.7423076923076923,1.7423076923076923,1.4375,4.0,4.464201183431952,0.17692307692307693,0.0
20,COPOC,min-CPS,0.15000000000000002,0.85,2.5692307692307694,1.5692307692307692,1.4871794871794872,4.0,4.543589743589743,0.2230769230769231,0.0
20,COPOC,min-CPS,0.18000000000000005,0.8153846153846154,2.3884615384615384,1.3884615384615384,1.4583333333333333,4.0,4.37991452991453,0.2692307692307692,0.0
20,COPOC,min-CPS,0.19999999999999996,0.7923076923076923,2.292307692307692,1.2923076923076924,1.4259259259259258,4.0,4.253846153846154,0.29615384615384616,0.0
20,COPOC,RPS,0.010000000000000009,0.9846153846153847,4.407692307692308,3.4076923076923076,1.0,1.0,6.484615384615382,0.015384615384615385,0.0
20,COPOC,RPS,0.020000000000000018,0.9692307692307692,4.0115384615384615,3.0115384615384615,1.125,2.0,6.47307692307692,0.03461538461538462,0.0
20,COPOC,RPS,0.030000000000000027,0.9653846153846154,3.919230769230769,2.919230769230769,1.3333333333333333,2.0,5.996153846153844,0.046153846153846156,0.0
20,COPOC,RPS,0.050000000000000044,0.9538461538461539,3.730769230769231,2.730769230769231,1.3333333333333333,2.0,5.192307692307691,0.06153846153846154,0.0
20,COPOC,RPS,0.07999999999999996,0.9384615384615385,3.546153846153846,2.546153846153846,1.375,3.0,4.661538461538464,0.08461538461538462,0.0
20,COPOC,RPS,0.09999999999999998,0.9153846153846154,3.396153846153846,2.396153846153846,1.2727272727272727,3.0,4.55,0.1076923076923077,0.0
20,COPOC,RPS,0.13,0.8884615384615384,3.0576923076923075,2.0576923076923075,1.3103448275862069,3.0,4.306213017751479,0.14615384615384616,0.0
20,COPOC,RPS,0.15000000000000002,0.8576923076923076,2.8115384615384613,1.8115384615384615,1.2702702702702702,3.0,4.221794871794871,0.18076923076923077,0.0
20,COPOC,RPS,0.18000000000000005,0.85,2.7384615384615385,1.7384615384615385,1.2820512820512822,3.0,3.8752136752136748,0.19230769230769232,0.0
20,COPOC,RPS,0.19999999999999996,0.8115384615384615,2.5923076923076924,1.5923076923076922,1.3061224489795917,3.0,4.053846153846154,0.24615384615384617,0.0
20,COPOC,OCDF,0.010000000000000009,0.9923076923076923,4.938461538461539,3.9384615384615387,1.5,2.0,6.246153846153844,0.011538461538461539,0.0
20,COPOC,OCDF,0.020000000000000018,0.9884615384615385,4.915384615384616,3.9153846153846152,2.0,3.0,6.223076923076921,0.023076923076923078,0.0
20,COPOC,OCDF,0.030000000000000027,0.9807692307692307,4.892307692307693,3.8923076923076922,1.6,3.0,5.943589743589742,0.03076923076923077,0.0
20,COPOC,OCDF,0.050000000000000044,0.9576923076923077,4.780769230769231,3.7807692307692307,1.2727272727272727,3.0,5.934615384615383,0.05384615384615385,0.0
20,COPOC,OCDF,0.07999999999999996,0.9346153846153846,4.6,3.6,1.4705882352941178,3.0,6.003846153846156,0.09615384615384616,0.0
20,COPOC,OCDF,0.09999999999999998,0.9307692307692308,4.519230769230769,3.519230769230769,1.6111111111111112,4.0,5.75,0.11153846153846154,0.0
20,COPOC,OCDF,0.13,0.8923076923076924,4.376923076923077,3.376923076923077,1.5,4.0,5.862130177514793,0.16153846153846155,0.0
20,COPOC,OCDF,0.15000000000000002,0.8846153846153846,4.311538461538461,3.3115384615384613,1.5333333333333334,4.0,5.670512820512819,0.17692307692307693,0.0
20,COPOC,OCDF,0.18000000000000005,0.8615384615384616,4.207692307692308,3.207692307692308,1.5,4.0,5.515384615384615,0.2076923076923077,0.0
20,COPOC,OCDF,0.19999999999999996,0.8461538461538461,4.157692307692308,3.1576923076923076,1.475,4.0,5.426923076923077,0.22692307692307692,0.0
20,COPOC,APS,0.010000000000000009,0.9961538461538462,4.6,3.6,1.0,1.0,4.369230769230768,0.0038461538461538464,0.0
20,COPOC,APS,0.020000000000000018,0.9769230769230769,4.3,3.3,1.1666666666666667,2.0,5.992307692307691,0.026923076923076925,0.0
20,COPOC,APS,0.030000000000000027,0.9615384615384616,3.730769230769231,2.730769230769231,1.4,2.0,6.320512820512818,0.05384615384615385,0.0
20,COPOC,APS,0.050000000000000044,0.95,3.5538461538461537,2.5538461538461537,1.5384615384615385,3.0,5.6307692307692285,0.07692307692307693,0.0
20,COPOC,APS,0.07999999999999996,0.9307692307692308,3.3230769230769233,2.3230769230769233,1.4444444444444444,3.0,4.823076923076925,0.1,0.0
20,COPOC,APS,0.09999999999999998,0.9153846153846154,3.1769230769230767,2.1769230769230767,1.3636363636363635,3.0,4.484615384615385,0.11538461538461539,0.0
20,COPOC,APS,0.13,0.8769230769230769,2.9,1.9,1.375,4.0,4.5035502958579885,0.16923076923076924,0.0
20,COPOC,APS,0.15000000000000002,0.8576923076923076,2.776923076923077,1.7769230769230768,1.4054054054054055,4.0,4.443589743589743,0.2,0.0
20,COPOC,APS,0.18000000000000005,0.8538461538461538,2.7115384615384617,1.7153846153846153,1.5,4.0,3.9803418803418795,0.21923076923076923,0.0
20,COPOC,APS,0.19999999999999996,0.7923076923076923,2.453846153846154,1.4653846153846153,1.537037037037037,4.0,4.196153846153846,0.3192307692307692,0.0
20,COPOC,LAC,0.010000000000000009,0.9807692307692307,4.292307692307692,3.292307692307692,1.6,2.0,9.446153846153841,0.03076923076923077,0.0
20,COPOC,LAC,0.020000000000000018,0.9807692307692307,4.180769230769231,3.1807692307692306,1.8,2.0,6.64230769230769,0.03461538461538462,0.0
20,COPOC,LAC,0.030000000000000027,0.9692307692307692,3.9115384615384614,2.9115384615384614,1.5,2.0,5.988461538461537,0.046153846153846156,0.0
20,COPOC,LAC,0.050000000000000044,0.9384615384615385,3.2846153846153845,2.2846153846153845,1.625,4.0,6.284615384615381,0.1,0.0
20,COPOC,LAC,0.07999999999999996,0.9115384615384615,3.019230769230769,2.019230769230769,1.4782608695652173,4.0,5.28846153846154,0.13076923076923078,0.0
20,COPOC,LAC,0.09999999999999998,0.9076923076923077,2.9307692307692306,1.9307692307692308,1.5416666666666667,4.0,4.776923076923077,0.1423076923076923,0.0
20,COPOC,LAC,0.13,0.8884615384615384,2.8076923076923075,1.8076923076923077,1.5172413793103448,4.0,4.411242603550295,0.16923076923076924,0.0
20,COPOC,LAC,0.15000000000000002,0.8307692307692308,2.4384615384615387,1.4384615384615385,1.5681818181818181,4.0,4.976923076923076,0.2653846153846154,0.0
20,COPOC,LAC,0.18000000000000005,0.8153846153846154,2.3384615384615386,1.3384615384615384,1.5625,4.0,4.5435897435897425,0.28846153846153844,0.0
20,COPOC,LAC,0.19999999999999996,0.7846153846153846,2.1307692307692307,1.1307692307692307,1.5357142857142858,4.0,4.43846153846154,0.33076923076923076,0.0
21,COPOC,min-CPS,0.010000000000000009,0.9961538461538462,4.665384615384616,3.6653846153846152,1.0,1.0,4.434615384615384,0.0038461538461538464,0.0
21,COPOC,min-CPS,0.020000000000000018,0.9846153846153847,4.288461538461538,3.2884615384615383,1.5,2.0,5.596153846153844,0.023076923076923078,0.0
21,COPOC,min-CPS,0.030000000000000027,0.9807692307692307,4.211538461538462,3.2115384615384617,1.4,2.0,5.006410256410255,0.026923076923076925,0.0
21,COPOC,min-CPS,0.050000000000000044,0.9692307692307692,3.7884615384615383,2.7884615384615383,1.625,3.0,4.7884615384615365,0.05,0.0
21,COPOC,min-CPS,0.07999999999999996,0.9346153846153846,3.3115384615384613,2.3115384615384613,1.4705882352941178,4.0,4.715384615384617,0.09615384615384616,0.0
21,COPOC,min-CPS,0.09999999999999998,0.8961538461538462,3.0307692307692307,2.0307692307692307,1.3703703703703705,4.0,4.876923076923077,0.1423076923076923,0.0
21,COPOC,min-CPS,0.13,0.8730769230769231,2.8192307692307694,1.8192307692307692,1.4545454545454546,4.0,4.659467455621302,0.18461538461538463,0.0
21,COPOC,min-CPS,0.15000000000000002,0.8653846153846154,2.7153846153846155,1.7153846153846153,1.4857142857142858,4.0,4.382051282051282,0.2,0.0
21,COPOC,min-CPS,0.18000000000000005,0.8153846153846154,2.4692307692307693,1.4692307692307693,1.4375,4.0,4.417948717948717,0.2653846153846154,0.0
21,COPOC,min-CPS,0.19999999999999996,0.7807692307692308,2.3384615384615386,1.3384615384615384,1.4210526315789473,4.0,4.453846153846154,0.31153846153846154,0.0
21,COPOC,RPS,0.010000000000000009,0.9923076923076923,4.638461538461539,3.6384615384615384,1.0,1.0,5.176923076923075,0.007692307692307693,0.0
21,COPOC,RPS,0.020000000000000018,0.9846153846153847,4.230769230769231,3.230769230769231,1.25,2.0,5.153846153846152,0.019230769230769232,0.0
21,COPOC,RPS,0.030000000000000027,0.9538461538461539,3.9346153846153844,2.9346153846153844,1.1666666666666667,2.0,6.524358974358972,0.05384615384615385,0.0
21,COPOC,RPS,0.050000000000000044,0.9346153846153846,3.6846153846153844,2.6846153846153844,1.2352941176470589,3.0,5.915384615384614,0.08076923076923077,0.0
21,COPOC,RPS,0.07999999999999996,0.9115384615384615,3.473076923076923,2.473076923076923,1.173913043478261,3.0,5.069230769230771,0.10384615384615385,0.0
21,COPOC,RPS,0.09999999999999998,0.8884615384615384,3.2884615384615383,2.2884615384615383,1.1724137931034482,3.0,4.903846153846154,0.13076923076923078,0.0
21,COPOC,RPS,0.13,0.8730769230769231,3.0730769230769233,2.0730769230769233,1.2121212121212122,3.0,4.439940828402366,0.15384615384615385,0.0
21,COPOC,RPS,0.15000000000000002,0.8423076923076923,2.8692307692307693,1.8692307692307693,1.2439024390243902,3.0,4.484615384615385,0.19615384615384615,0.0
21,COPOC,RPS,0.18000000000000005,0.8192307692307692,2.7115384615384617,1.7115384615384615,1.297872340425532,3.0,4.318376068376067,0.23461538461538461,0.0
21,COPOC,RPS,0.19999999999999996,0.7807692307692308,2.4461538461538463,1.4461538461538461,1.3508771929824561,3.0,4.407692307692308,0.29615384615384616,0.0
21,COPOC,OCDF,0.010000000000000009,1.0,4.969230769230769,3.9692307692307693,,0.0,3.9692307692307693,0.0,0.0
21,COPOC,OCDF,0.020000000000000018,0.9846153846153847,4.8961538461538465,3.896153846153846,1.0,1.0,5.434615384615383,0.015384615384615385,0.0
21,COPOC,OCDF,0.030000000000000027,0.9807692307692307,4.884615384615385,3.8846153846153846,1.0,1.0,5.166666666666665,0.019230769230769232,0.0
21,COPOC,OCDF,0.050000000000000044,0.9192307692307692,4.55,3.55,1.380952380952381,2.0,8.011538461538459,0.11153846153846154,0.0
21,COPOC,OCDF,0.07999999999999996,0.8961538461538462,4.3961538461538465,3.396153846153846,1.4814814814814814,2.0,7.242307692307695,0.15384615384615385,0.0
21,COPOC,OCDF,0.09999999999999998,0.8769230769230769,4.269230769230769,3.269230769230769,1.53125,2.0,7.038461538461538,0.18846153846153846,0.0
21,COPOC,OCDF,0.13,0.8615384615384616,4.196153846153846,3.1961538461538463,1.5555555555555556,2.0,6.509763313609467,0.2153846153846154,0.0
21,COPOC,OCDF,0.15000000000000002,0.85,4.1038461538461535,3.103846153846154,1.6153846153846154,3.0,6.334615384615384,0.2423076923076923,0.0
21,COPOC,OCDF,0.18000000000000005,0.8461538461538461,4.073076923076923,3.0730769230769233,1.65,3.0,5.893589743589742,0.25384615384615383,0.0
21,COPOC,OCDF,0.19999999999999996,0.8115384615384615,3.9115384615384614,2.9115384615384614,1.653061224489796,3.0,6.026923076923077,0.31153846153846154,0.0
21,COPOC,APS,0.010000000000000009,0.9923076923076923,4.523076923076923,3.523076923076923,1.0,1.0,5.0615384615384595,0.007692307692307693,0.0
21,COPOC,APS,0.020000000000000018,0.9884615384615385,4.4,3.4,1.3333333333333333,2.0,4.938461538461537,0.015384615384615385,0.0
21,COPOC,APS,0.030000000000000027,0.9846153846153847,4.165384615384616,3.1653846153846152,1.5,2.0,4.703846153846153,0.023076923076923078,0.0
21,COPOC,APS,0.050000000000000044,0.95,3.6192307692307693,2.6192307692307693,1.3846153846153846,3.0,5.388461538461537,0.06923076923076923,0.0
21,COPOC,APS,0.07999999999999996,0.9230769230769231,3.3923076923076922,2.396153846153846,1.45,4.0,4.800000000000002,0.11153846153846154,0.0
21,COPOC,APS,0.09999999999999998,0.9038461538461539,3.2615384615384615,2.2653846153846153,1.44,4.0,4.726923076923077,0.13846153846153847,0.0
21,COPOC,APS,0.13,0.8884615384615384,3.042307692307692,2.046153846153846,1.4137931034482758,4.0,4.235502958579882,0.1576923076923077,0.0
21,COPOC,APS,0.15000000000000002,0.8846153846153846,3.0115384615384615,2.0153846153846153,1.4666666666666666,4.0,4.066666666666666,0.16923076923076924,0.0
21,COPOC,APS,0.18000000000000005,0.8730769230769231,2.8884615384615384,1.896153846153846,1.606060606060606,4.0,3.819230769230769,0.20384615384615384,0.0
21,COPOC,APS,0.19999999999999996,0.8269230769230769,2.6538461538461537,1.6615384615384616,1.5555555555555556,4.0,4.046153846153846,0.2692307692307692,0.0
21,COPOC,LAC,0.010000000000000009,0.9961538461538462,4.6692307692307695,3.669230769230769,1.0,1.0,4.438461538461538,0.0038461538461538464,0.0
21,COPOC,LAC,0.020000000000000018,0.9846153846153847,4.265384615384615,3.2653846153846153,1.5,2.0,5.573076923076921,0.023076923076923078,0.0
21,COPOC,LAC,0.030000000000000027,0.9807692307692307,4.1923076923076925,3.1923076923076925,1.4,2.0,4.9871794871794854,0.026923076923076925,0.0
21,COPOC,LAC,0.050000000000000044,0.9769230769230769,3.8076923076923075,2.8076923076923075,1.8333333333333333,3.0,4.499999999999999,0.04230769230769231,0.0
21,COPOC,LAC,0.07999999999999996,0.95,3.3115384615384613,2.3115384615384613,1.7692307692307692,4.0,4.523076923076925,0.08846153846153847,0.0
21,COPOC,LAC,0.09999999999999998,0.9038461538461539,3.0615384615384613,2.0615384615384613,1.52,4.0,4.984615384615385,0.14615384615384616,0.0
21,COPOC,LAC,0.13,0.8769230769230769,2.826923076923077,1.8269230769230769,1.59375,4.0,4.844674556213017,0.19615384615384615,0.0
21,COPOC,LAC,0.15000000000000002,0.8576923076923076,2.6307692307692307,1.6307692307692307,1.6216216216216217,4.0,4.707692307692307,0.23076923076923078,0.0
21,COPOC,LAC,0.18000000000000005,0.823076923076923,2.396153846153846,1.396153846153846,1.5869565217391304,4.0,4.515811965811965,0.28076923076923077,0.0
21,COPOC,LAC,0.19999999999999996,0.7615384615384615,2.1,1.1,1.532258064516129,4.0,4.753846153846154,0.36538461538461536,0.0
22,COPOC,min-CPS,0.010000000000000009,0.9961538461538462,4.596153846153846,3.5961538461538463,1.0,1.0,4.365384615384614,0.0038461538461538464,0.0
22,COPOC,min-CPS,0.020000000000000018,0.9961538461538462,4.392307692307693,3.3923076923076922,1.0,1.0,3.7769230769230764,0.0038461538461538464,0.0
22,COPOC,min-CPS,0.030000000000000027,0.9923076923076923,4.273076923076923,3.273076923076923,1.5,2.0,4.042307692307692,0.011538461538461539,0.0
22,COPOC,min-CPS,0.050000000000000044,0.9653846153846154,3.65,2.65,1.3333333333333333,2.0,4.496153846153844,0.046153846153846156,0.0
22,COPOC,min-CPS,0.07999999999999996,0.9307692307692308,3.203846153846154,2.203846153846154,1.2777777777777777,2.0,4.4153846153846175,0.08846153846153847,0.0
22,COPOC,min-CPS,0.09999999999999998,0.8961538461538462,2.9615384615384617,1.9615384615384615,1.2592592592592593,2.0,4.576923076923077,0.13076923076923078,0.0
22,COPOC,min-CPS,0.13,0.8769230769230769,2.7615384615384615,1.7615384615384615,1.3125,2.0,4.246745562130178,0.16153846153846155,0.0
22,COPOC,min-CPS,0.15000000000000002,0.8692307692307693,2.6923076923076925,1.6923076923076923,1.2941176470588236,2.0,3.948717948717948,0.16923076923076924,0.0
22,COPOC,min-CPS,0.18000000000000005,0.8538461538461538,2.542307692307692,1.5423076923076924,1.394736842105263,2.0,3.807264957264957,0.20384615384615384,0.0
22,COPOC,min-CPS,0.19999999999999996,0.8307692307692308,2.4,1.4,1.4545454545454546,3.0,3.8615384615384616,0.24615384615384617,0.0
22,COPOC,RPS,0.010000000000000009,1.0,4.638461538461539,3.6384615384615384,,0.0,3.6384615384615384,0.0,0.0
22,COPOC,RPS,0.020000000000000018,1.0,4.480769230769231,3.480769230769231,,0.0,3.480769230769231,0.0,0.0
22,COPOC,RPS,0.030000000000000027,0.9961538461538462,4.211538461538462,3.2115384615384617,1.0,1.0,3.4679487179487176,0.0038461538461538464,0.0
22,COPOC,RPS,0.050000000000000044,0.9730769230769231,3.8846153846153846,2.8846153846153846,1.0,1.0,3.961538461538461,0.026923076923076925,0.0
22,COPOC,RPS,0.07999999999999996,0.9461538461538461,3.6115384615384616,2.6115384615384616,1.0714285714285714,2.0,4.053846153846155,0.057692307692307696,0.0
22,COPOC,RPS,0.09999999999999998,0.9230769230769231,3.4,2.4,1.05,2.0,4.015384615384615,0.08076923076923077,0.0
22,COPOC,RPS,0.13,0.9115384615384615,3.207692307692308,2.207692307692308,1.0434782608695652,2.0,3.6278106508875743,0.09230769230769231,0.0
22,COPOC,RPS,0.15000000000000002,0.8846153846153846,2.976923076923077,1.976923076923077,1.1,2.0,3.6692307692307686,0.12692307692307692,0.0
22,COPOC,RPS,0.18000000000000005,0.85,2.7615384615384615,1.7615384615384615,1.1538461538461537,2.0,3.684615384615384,0.17307692307692307,0.0
22,COPOC,RPS,0.19999999999999996,0.823076923076923,2.6423076923076922,1.6423076923076922,1.1956521739130435,2.0,3.7576923076923077,0.21153846153846154,0.0
22,COPOC,OCDF,0.010000000000000009,1.0,4.969230769230769,3.9692307692307693,,0.0,3.9692307692307693,0.0,0.0
22,COPOC,OCDF,0.020000000000000018,0.9961538461538462,4.911538461538462,3.9115384615384614,1.0,1.0,4.296153846153846,0.0038461538461538464,0.0
22,COPOC,OCDF,0.030000000000000027,0.9923076923076923,4.8961538461538465,3.896153846153846,1.0,1.0,4.408974358974358,0.007692307692307693,0.0
22,COPOC,OCDF,0.050000000000000044,0.9807692307692307,4.823076923076923,3.8230769230769233,1.0,1.0,4.592307692307692,0.019230769230769232,0.0
22,COPOC,OCDF,0.07999999999999996,0.9230769230769231,4.530769230769231,3.5307692307692307,1.15,2.0,5.742307692307694,0.08846153846153847,0.0
22,COPOC,OCDF,0.09999999999999998,0.9038461538461539,4.369230769230769,3.3692307692307693,1.36,2.0,5.984615384615385,0.13076923076923078,0.0
22,COPOC,OCDF,0.13,0.8884615384615384,4.288461538461538,3.2884615384615383,1.4137931034482758,2.0,5.714497041420119,0.1576923076923077,0.0
22,COPOC,OCDF,0.15000000000000002,0.8730769230769231,4.2153846153846155,3.2153846153846155,1.393939393939394,2.0,5.574358974358974,0.17692307692307693,0.0
22,COPOC,OCDF,0.18000000000000005,0.8346153846153846,4.061538461538461,3.0615384615384613,1.4651162790697674,3.0,5.753846153846153,0.2423076923076923,0.0
22,COPOC,OCDF,0.19999999999999996,0.8115384615384615,3.923076923076923,2.923076923076923,1.530612244897959,3.0,5.8076923076923075,0.28846153846153844,0.0
22,COPOC,APS,0.010000000000000009,1.0,4.796153846153846,3.796153846153846,,0.0,3.796153846153846,0.0,0.0
22,COPOC,APS,0.020000000000000018,0.9923076923076923,4.392307692307693,3.3923076923076922,1.0,1.0,4.161538461538461,0.007692307692307693,0.0
22,COPOC,APS,0.030000000000000027,0.9884615384615385,4.2615384615384615,3.2615384615384615,1.3333333333333333,2.0,4.287179487179486,0.015384615384615385,0.0
22,COPOC,APS,0.050000000000000044,0.9769230769230769,3.9423076923076925,2.9423076923076925,1.3333333333333333,2.0,4.173076923076922,0.03076923076923077,0.0
22,COPOC,APS,0.07999999999999996,0.9461538461538461,3.5153846153846153,2.5153846153846153,1.2857142857142858,2.0,4.246153846153847,0.06923076923076923,0.0
22,COPOC,APS,0.09999999999999998,0.9230769230769231,3.2576923076923077,2.2615384615384615,1.4,4.0,4.107692307692307,0.1076923076923077,0.0
22,COPOC,APS,0.13,0.8653846153846154,2.923076923076923,1.9346153846153846,1.457142857142857,4.0,4.242307692307692,0.19615384615384615,0.0
22,COPOC,APS,0.15000000000000002,0.85,2.8076923076923075,1.823076923076923,1.5128205128205128,4.0,4.028205128205128,0.22692307692307692,0.0
22,COPOC,APS,0.18000000000000005,0.8269230769230769,2.6576923076923076,1.6730769230769231,1.511111111111111,4.0,3.895299145299145,0.26153846153846155,0.0
22,COPOC,APS,0.19999999999999996,0.8192307692307692,2.5653846153846156,1.5807692307692307,1.574468085106383,4.0,3.8115384615384613,0.2846153846153846,0.0
22,COPOC,LAC,0.010000000000000009,0.9961538461538462,4.596153846153846,3.5961538461538463,1.0,1.0,4.365384615384614,0.0038461538461538464,0.0
22,COPOC,LAC,0.020000000000000018,0.9961538461538462,4.388461538461539,3.3884615384615384,1.0,1.0,3.7730769230769226,0.0038461538461538464,0.0
22,COPOC,LAC,0.030000000000000027,0.9923076923076923,4.253846153846154,3.253846153846154,1.5,2.0,4.023076923076923,0.011538461538461539,0.0
22,COPOC,LAC,0.050000000000000044,0.9615384615384616,3.6,2.6,1.3,2.0,4.599999999999998,0.05,0.0
22,COPOC,LAC,0.07999999999999996,0.9461538461538461,3.2346153846153847,2.2346153846153847,1.3571428571428572,2.0,4.061538461538462,0.07307692307692308,0.0
22,COPOC,LAC,0.09999999999999998,0.9192307692307692,3.042307692307692,2.042307692307692,1.3333333333333333,2.0,4.196153846153846,0.1076923076923077,0.0
22,COPOC,LAC,0.13,0.8807692307692307,2.7653846153846153,1.7653846153846153,1.4516129032258065,2.0,4.42810650887574,0.17307692307692307,0.0
22,COPOC,LAC,0.15000000000000002,0.8769230769230769,2.6423076923076922,1.6423076923076922,1.5,2.0,4.103846153846153,0.18461538461538463,0.0
22,COPOC,LAC,0.18000000000000005,0.8346153846153846,2.3615384615384616,1.3615384615384616,1.4883720930232558,3.0,4.096581196581195,0.24615384615384617,0.0
22,COPOC,LAC,0.19999999999999996,0.8269230769230769,2.3192307692307694,1.3192307692307692,1.488888888888889,3.0,3.896153846153846,0.25769230769230766,0.0
23,COPOC,min-CPS,0.010000000000000009,0.9923076923076923,4.5346153846153845,3.5346153846153845,1.0,1.0,5.073076923076921,0.007692307692307693,0.0
23,COPOC,min-CPS,0.020000000000000018,0.9846153846153847,4.246153846153846,3.246153846153846,1.5,2.0,5.553846153846152,0.023076923076923078,0.0
23,COPOC,min-CPS,0.030000000000000027,0.9807692307692307,4.15,3.15,1.4,2.0,4.944871794871794,0.026923076923076925,0.0
23,COPOC,min-CPS,0.050000000000000044,0.9576923076923077,3.5538461538461537,2.5538461538461537,1.5454545454545454,3.0,5.169230769230768,0.06538461538461539,0.0
23,COPOC,min-CPS,0.07999999999999996,0.9538461538461539,3.330769230769231,2.330769230769231,1.5833333333333333,4.0,4.157692307692309,0.07307692307692308,0.0
23,COPOC,min-CPS,0.09999999999999998,0.9307692307692308,3.0730769230769233,2.0730769230769233,1.5,4.0,4.15,0.10384615384615385,0.0
23,COPOC,min-CPS,0.13,0.8884615384615384,2.8038461538461537,1.8038461538461539,1.3793103448275863,4.0,4.170710059171597,0.15384615384615385,0.0
23,COPOC,min-CPS,0.15000000000000002,0.8730769230769231,2.730769230769231,1.7307692307692308,1.3636363636363635,4.0,4.038461538461538,0.17307692307692307,0.0
23,COPOC,min-CPS,0.18000000000000005,0.8692307692307693,2.5961538461538463,1.5961538461538463,1.4411764705882353,4.0,3.69017094017094,0.18846153846153846,0.0
23,COPOC,min-CPS,0.19999999999999996,0.8346153846153846,2.4461538461538463,1.4461538461538461,1.4651162790697674,4.0,3.8692307692307693,0.2423076923076923,0.0
23,COPOC,RPS,0.010000000000000009,0.9961538461538462,4.626923076923077,3.626923076923077,1.0,1.0,4.396153846153846,0.0038461538461538464,0.0
23,COPOC,RPS,0.020000000000000018,0.9846153846153847,4.207692307692308,3.207692307692308,1.25,2.0,5.130769230769229,0.019230769230769232,0.0
23,COPOC,RPS,0.030000000000000027,0.9807692307692307,4.061538461538461,3.0615384615384613,1.2,2.0,4.599999999999999,0.023076923076923078,0.0
23,COPOC,RPS,0.050000000000000044,0.95,3.7346153846153847,2.7346153846153847,1.1538461538461537,2.0,5.04230769230769,0.057692307692307696,0.0
23,COPOC,RPS,0.07999999999999996,0.9384615384615385,3.6115384615384616,2.6115384615384616,1.25,3.0,4.534615384615385,0.07692307692307693,0.0
23,COPOC,RPS,0.09999999999999998,0.9307692307692308,3.457692307692308,2.457692307692308,1.2222222222222223,3.0,4.15,0.08461538461538462,0.0
23,COPOC,RPS,0.13,0.9307692307692308,3.3807692307692307,2.3807692307692307,1.2222222222222223,3.0,3.6825443786982253,0.08461538461538462,0.0
23,COPOC,RPS,0.15000000000000002,0.8730769230769231,2.9692307692307693,1.9692307692307693,1.1818181818181819,3.0,3.9692307692307693,0.15,0.0
23,COPOC,RPS,0.18000000000000005,0.8384615384615385,2.7192307692307693,1.7192307692307693,1.2380952380952381,3.0,3.9414529914529908,0.2,0.0
23,COPOC,RPS,0.19999999999999996,0.8153846153846154,2.6192307692307693,1.6192307692307693,1.25,3.0,3.9269230769230767,0.23076923076923078,0.0
23,COPOC,OCDF,0.010000000000000009,0.9884615384615385,4.930769230769231,3.9307692307692306,1.0,1.0,6.238461538461537,0.011538461538461539,0.0
23,COPOC,OCDF,0.020000000000000018,0.9769230769230769,4.892307692307693,3.8923076923076922,1.1666666666666667,2.0,6.5846153846153825,0.026923076923076925,0.0
23,COPOC,OCDF,0.030000000000000027,0.9730769230769231,4.8538461538461535,3.853846153846154,1.1428571428571428,2.0,5.905128205128204,0.03076923076923077,0.0
23,COPOC,OCDF,0.050000000000000044,0.9384615384615385,4.611538461538461,3.6115384615384616,1.3125,2.0,6.84230769230769,0.08076923076923077,0.0
23,COPOC,OCDF,0.07999999999999996,0.9076923076923077,4.446153846153846,3.4461538461538463,1.375,2.0,6.619230769230771,0.12692307692307692,0.0
23,COPOC,OCDF,0.09999999999999998,0.9,4.365384615384615,3.3653846153846154,1.4615384615384615,2.0,6.288461538461538,0.14615384615384616,0.0
23,COPOC,OCDF,0.13,0.8884615384615384,4.257692307692308,3.2576923076923077,1.4482758620689655,2.0,5.742899408284024,0.16153846153846155,0.0
23,COPOC,OCDF,0.15000000000000002,0.8730769230769231,4.188461538461539,3.1884615384615387,1.4848484848484849,2.0,5.70128205128205,0.18846153846153846,0.0
23,COPOC,OCDF,0.18000000000000005,0.8653846153846154,4.119230769230769,3.1192307692307693,1.542857142857143,2.0,5.426923076923077,0.2076923076923077,0.0
23,COPOC,OCDF,0.19999999999999996,0.85,4.076923076923077,3.076923076923077,1.5128205128205128,3.0,5.346153846153846,0.22692307692307692,0.0
23,COPOC,APS,0.010000000000000009,0.9961538461538462,4.584615384615384,3.5846153846153848,1.0,1.0,4.353846153846153,0.0038461538461538464,0.0
23,COPOC,APS,0.020000000000000018,0.9923076923076923,4.446153846153846,3.4461538461538463,1.0,1.0,4.215384615384615,0.007692307692307693,0.0
23,COPOC,APS,0.030000000000000027,0.9730769230769231,4.2615384615384615,3.2615384615384615,1.1428571428571428,2.0,5.312820512820512,0.03076923076923077,0.0
23,COPOC,APS,0.050000000000000044,0.9423076923076923,3.542307692307692,2.542307692307692,1.4666666666666666,3.0,5.926923076923074,0.08461538461538462,0.0
23,COPOC,APS,0.07999999999999996,0.9384615384615385,3.3423076923076924,2.3461538461538463,1.75,4.0,4.653846153846155,0.1076923076923077,0.0
23,COPOC,APS,0.09999999999999998,0.9230769230769231,3.1346153846153846,2.1384615384615384,1.65,4.0,4.369230769230769,0.12692307692307692,0.0
23,COPOC,APS,0.13,0.9076923076923077,3.003846153846154,2.0153846153846153,1.8333333333333333,4.0,3.9088757396449707,0.16923076923076924,0.0
23,COPOC,APS,0.15000000000000002,0.8846153846153846,2.9,1.9153846153846155,1.7666666666666666,4.0,3.8128205128205126,0.20384615384615384,0.0
23,COPOC,APS,0.18000000000000005,0.8461538461538461,2.7192307692307693,1.7384615384615385,1.675,4.0,3.747008547008547,0.25769230769230766,0.0
23,COPOC,APS,0.19999999999999996,0.8423076923076923,2.7,1.7192307692307693,1.6829268292682926,4.0,3.603846153846154,0.2653846153846154,0.0
23,COPOC,LAC,0.010000000000000009,0.9923076923076923,4.538461538461538,3.5384615384615383,1.0,1.0,5.076923076923075,0.007692307692307693,0.0
23,COPOC,LAC,0.020000000000000018,0.9846153846153847,4.219230769230769,3.2192307692307693,1.5,2.0,5.526923076923075,0.023076923076923078,0.0
23,COPOC,LAC,0.030000000000000027,0.9807692307692307,4.115384615384615,3.1153846153846154,1.4,2.0,4.91025641025641,0.026923076923076925,0.0
23,COPOC,LAC,0.050000000000000044,0.9653846153846154,3.65,2.65,1.5555555555555556,3.0,4.803846153846152,0.05384615384615385,0.0
23,COPOC,LAC,0.07999999999999996,0.9384615384615385,3.1961538461538463,2.1961538461538463,1.5,4.0,4.503846153846156,0.09230769230769231,0.0
23,COPOC,LAC,0.09999999999999998,0.9115384615384615,2.980769230769231,1.9807692307692308,1.391304347826087,4.0,4.4423076923076925,0.12307692307692308,0.0
23,COPOC,LAC,0.13,0.8846153846153846,2.8,1.8,1.4666666666666666,4.0,4.403550295857988,0.16923076923076924,0.0
23,COPOC,LAC,0.15000000000000002,0.8769230769230769,2.6576923076923076,1.6576923076923078,1.5625,4.0,4.221794871794871,0.19230769230769232,0.0
23,COPOC,LAC,0.18000000000000005,0.8692307692307693,2.503846153846154,1.5038461538461538,1.588235294117647,4.0,3.811538461538461,0.2076923076923077,0.0
23,COPOC,LAC,0.19999999999999996,0.8538461538461538,2.4153846153846152,1.4153846153846155,1.5789473684210527,4.0,3.723076923076923,0.23076923076923078,0.0
24,COPOC,min-CPS,0.010000000000000009,0.9846153846153847,4.407692307692308,3.4076923076923076,1.0,1.0,6.484615384615382,0.015384615384615385,0.0
24,COPOC,min-CPS,0.020000000000000018,0.9807692307692307,4.226923076923077,3.226923076923077,1.8,2.0,6.688461538461536,0.03461538461538462,0.0
24,COPOC,min-CPS,0.030000000000000027,0.9576923076923077,3.7153846153846155,2.7153846153846155,1.5454545454545454,3.0,7.074358974358971,0.06538461538461539,0.0
24,COPOC,min-CPS,0.050000000000000044,0.9115384615384615,3.1807692307692306,2.1807692307692306,1.391304347826087,4.0,7.103846153846149,0.12307692307692308,0.0
24,COPOC,min-CPS,0.07999999999999996,0.8653846153846154,2.8807692307692307,1.8807692307692307,1.4,4.0,6.592307692307695,0.18846153846153846,0.0
24,COPOC,min-CPS,0.09999999999999998,0.8576923076923076,2.7884615384615383,1.7884615384615385,1.4054054054054055,4.0,5.788461538461538,0.2,0.0
24,COPOC,min-CPS,0.13,0.8461538461538461,2.6884615384615387,1.6884615384615385,1.425,4.0,5.061242603550296,0.21923076923076923,0.0
24,COPOC,min-CPS,0.15000000000000002,0.8192307692307692,2.5153846153846153,1.5153846153846153,1.446808510638298,4.0,5.002564102564102,0.26153846153846155,0.0
24,COPOC,min-CPS,0.18000000000000005,0.8076923076923077,2.419230769230769,1.4192307692307693,1.48,4.0,4.581623931623931,0.2846153846153846,0.0
24,COPOC,min-CPS,0.19999999999999996,0.7846153846153846,2.3038461538461537,1.3038461538461539,1.5,4.0,4.5346153846153845,0.3230769230769231,0.0
24,COPOC,RPS,0.010000000000000009,0.9846153846153847,4.411538461538462,3.4115384615384614,1.0,1.0,6.488461538461536,0.015384615384615385,0.0
24,COPOC,RPS,0.020000000000000018,0.9807692307692307,4.15,3.15,1.2,2.0,5.457692307692306,0.023076923076923078,0.0
24,COPOC,RPS,0.030000000000000027,0.9461538461538461,3.8807692307692307,2.8807692307692307,1.2142857142857142,2.0,7.239743589743586,0.06538461538461539,0.0
24,COPOC,RPS,0.050000000000000044,0.9384615384615385,3.6346153846153846,2.6346153846153846,1.3125,3.0,5.865384615384613,0.08076923076923077,0.0
24,COPOC,RPS,0.07999999999999996,0.8961538461538462,3.396153846153846,2.396153846153846,1.1851851851851851,3.0,5.473076923076925,0.12307692307692308,0.0
24,COPOC,RPS,0.09999999999999998,0.8807692307692307,3.1615384615384614,2.1615384615384614,1.1935483870967742,3.0,5.007692307692308,0.1423076923076923,0.0
24,COPOC,RPS,0.13,0.8653846153846154,3.003846153846154,2.003846153846154,1.2,3.0,4.48905325443787,0.16153846153846155,0.0
24,COPOC,RPS,0.15000000000000002,0.8192307692307692,2.7576923076923077,1.7576923076923077,1.3191489361702127,3.0,4.9371794871794865,0.23846153846153847,0.0
24,COPOC,RPS,0.18000000000000005,0.7961538461538461,2.6346153846153846,1.6346153846153846,1.3018867924528301,3.0,4.583333333333333,0.2653846153846154,0.0
24,COPOC,RPS,0.19999999999999996,0.7884615384615384,2.5923076923076924,1.5923076923076922,1.290909090909091,3.0,4.323076923076923,0.27307692307692305,0.0
24,COPOC,OCDF,0.010000000000000009,0.9961538461538462,4.923076923076923,3.923076923076923,2.0,2.0,5.46153846153846,0.007692307692307693,0.0
24,COPOC,OCDF,0.020000000000000018,0.9961538461538462,4.903846153846154,3.9038461538461537,2.0,2.0,4.6730769230769225,0.007692307692307693,0.0
24,COPOC,OCDF,0.030000000000000027,0.9884615384615385,4.880769230769231,3.8807692307692307,1.6666666666666667,3.0,5.162820512820511,0.019230769230769232,0.0
24,COPOC,OCDF,0.050000000000000044,0.9730769230769231,4.803846153846154,3.8038461538461537,1.2857142857142858,3.0,5.188461538461537,0.03461538461538462,0.0
24,COPOC,OCDF,0.07999999999999996,0.926923076923077,4.55,3.55,1.3157894736842106,3.0,5.953846153846156,0.09615384615384616,0.0
24,COPOC,OCDF,0.09999999999999998,0.8730769230769231,4.288461538461538,3.2884615384615383,1.4242424242424243,4.0,6.903846153846154,0.18076923076923077,0.0
24,COPOC,OCDF,0.13,0.8576923076923076,4.176923076923077,3.1769230769230767,1.4324324324324325,4.0,6.313017751479291,0.20384615384615384,0.0
24,COPOC,OCDF,0.15000000000000002,0.8192307692307692,4.042307692307692,3.042307692307692,1.4893617021276595,4.0,6.632051282051281,0.2692307692307692,0.0
24,COPOC,OCDF,0.18000000000000005,0.7961538461538461,3.9076923076923076,2.9076923076923076,1.509433962264151,4.0,6.326495726495725,0.3076923076923077,0.0
24,COPOC,OCDF,0.19999999999999996,0.7769230769230769,3.826923076923077,2.826923076923077,1.5517241379310345,4.0,6.288461538461538,0.34615384615384615,0.0
24,COPOC,APS,0.010000000000000009,0.9846153846153847,4.403846153846154,3.4038461538461537,1.25,2.0,7.2499999999999964,0.019230769230769232,0.0
24,COPOC,APS,0.020000000000000018,0.9807692307692307,4.257692307692308,3.2576923076923077,1.6,2.0,6.334615384615382,0.03076923076923077,0.0
24,COPOC,APS,0.030000000000000027,0.9769230769230769,4.053846153846154,3.0538461538461537,1.6666666666666667,2.0,5.617948717948716,0.038461538461538464,0.0
24,COPOC,APS,0.050000000000000044,0.9307692307692308,3.423076923076923,2.4269230769230767,1.6111111111111112,4.0,6.273076923076919,0.11153846153846154,0.0
24,COPOC,APS,0.07999999999999996,0.8730769230769231,2.980769230769231,1.9923076923076923,1.606060606060606,4.0,5.934615384615387,0.20384615384615384,0.0
24,COPOC,APS,0.09999999999999998,0.8615384615384616,2.9269230769230767,1.9384615384615385,1.6111111111111112,4.0,5.476923076923077,0.2230769230769231,0.0
24,COPOC,APS,0.13,0.8307692307692308,2.7846153846153845,1.7961538461538462,1.5227272727272727,4.0,5.050591715976331,0.25769230769230766,0.0
24,COPOC,APS,0.15000000000000002,0.7961538461538461,2.646153846153846,1.6615384615384616,1.509433962264151,4.0,4.943589743589743,0.3076923076923077,0.0
24,COPOC,APS,0.18000000000000005,0.7807692307692308,2.5653846153846156,1.5807692307692307,1.5087719298245614,4.0,4.572222222222223,0.33076923076923076,0.0
24,COPOC,APS,0.19999999999999996,0.7692307692307693,2.457692307692308,1.4807692307692308,1.6,4.0,4.25,0.36923076923076925,0.0
24,COPOC,LAC,0.010000000000000009,0.9846153846153847,4.3961538461538465,3.396153846153846,1.5,2.0,8.011538461538459,0.023076923076923078,0.0
24,COPOC,LAC,0.020000000000000018,0.9769230769230769,4.203846153846154,3.203846153846154,1.6666666666666667,2.0,7.049999999999996,0.038461538461538464,0.0
24,COPOC,LAC,0.030000000000000027,0.95,3.6538461538461537,2.6538461538461537,1.4615384615384615,3.0,7.525641025641022,0.07307692307692308,0.0
24,COPOC,LAC,0.050000000000000044,0.9192307692307692,3.146153846153846,2.146153846153846,1.5238095238095237,4.0,7.069230769230765,0.12307692307692308,0.0
24,COPOC,LAC,0.07999999999999996,0.9038461538461539,3.0307692307692307,2.0307692307692307,1.52,4.0,5.6846153846153875,0.14615384615384616,0.0
24,COPOC,LAC,0.09999999999999998,0.8807692307692307,2.896153846153846,1.896153846153846,1.4838709677419355,4.0,5.434615384615385,0.17692307692307693,0.0
24,COPOC,LAC,0.13,0.8423076923076923,2.6384615384615384,1.6384615384615384,1.6097560975609757,4.0,5.54378698224852,0.25384615384615383,0.0
24,COPOC,LAC,0.15000000000000002,0.823076923076923,2.5,1.5,1.5434782608695652,4.0,5.1410256410256405,0.27307692307692305,0.0
24,COPOC,LAC,0.18000000000000005,0.8076923076923077,2.4,1.4,1.54,4.0,4.69059829059829,0.29615384615384616,0.0
24,COPOC,LAC,0.19999999999999996,0.7961538461538461,2.2115384615384617,1.2115384615384615,1.6037735849056605,4.0,4.480769230769231,0.3269230769230769,0.0
25,COPOC,min-CPS,0.010000000000000009,0.9961538461538462,4.573076923076923,3.5730769230769233,1.0,1.0,4.342307692307691,0.0038461538461538464,0.0
25,COPOC,min-CPS,0.020000000000000018,0.9730769230769231,4.115384615384615,3.1153846153846154,1.4285714285714286,2.0,6.961538461538458,0.038461538461538464,0.0
25,COPOC,min-CPS,0.030000000000000027,0.9653846153846154,3.7846153846153845,2.7846153846153845,1.6666666666666667,3.0,6.6307692307692285,0.057692307692307696,0.0
25,COPOC,min-CPS,0.050000000000000044,0.926923076923077,3.1884615384615387,2.1884615384615387,1.5789473684210527,4.0,6.803846153846149,0.11538461538461539,0.0
25,COPOC,min-CPS,0.07999999999999996,0.9115384615384615,2.9846153846153847,1.9846153846153847,1.5217391304347827,4.0,5.350000000000001,0.1346153846153846,0.0
25,COPOC,min-CPS,0.09999999999999998,0.8923076923076924,2.873076923076923,1.873076923076923,1.4642857142857142,4.0,5.026923076923077,0.1576923076923077,0.0
25,COPOC,min-CPS,0.13,0.85,2.5884615384615386,1.5884615384615384,1.4102564102564104,4.0,4.842899408284023,0.21153846153846154,0.0
25,COPOC,min-CPS,0.15000000000000002,0.8269230769230769,2.4692307692307693,1.4692307692307693,1.4444444444444444,4.0,4.802564102564102,0.25,0.0
25,COPOC,min-CPS,0.18000000000000005,0.8076923076923077,2.330769230769231,1.3307692307692307,1.5,4.0,4.535897435897435,0.28846153846153844,0.0
25,COPOC,min-CPS,0.19999999999999996,0.7846153846153846,2.2153846153846155,1.2153846153846153,1.4821428571428572,4.0,4.407692307692308,0.3192307692307692,0.0
25,COPOC,RPS,0.010000000000000009,0.9923076923076923,4.576923076923077,3.576923076923077,1.0,1.0,5.115384615384613,0.007692307692307693,0.0
25,COPOC,RPS,0.020000000000000018,0.9807692307692307,4.123076923076923,3.123076923076923,1.2,2.0,5.430769230769229,0.023076923076923078,0.0
25,COPOC,RPS,0.030000000000000027,0.9730769230769231,3.9692307692307693,2.9692307692307693,1.1428571428571428,2.0,5.0205128205128196,0.03076923076923077,0.0
25,COPOC,RPS,0.050000000000000044,0.9576923076923077,3.746153846153846,2.746153846153846,1.1818181818181819,2.0,4.746153846153844,0.05,0.0
25,COPOC,RPS,0.07999999999999996,0.9038461538461539,3.376923076923077,2.376923076923077,1.24,3.0,5.357692307692309,0.11923076923076924,0.0
25,COPOC,RPS,0.09999999999999998,0.8884615384615384,3.1884615384615387,2.1884615384615387,1.206896551724138,3.0,4.880769230769231,0.1346153846153846,0.0
25,COPOC,RPS,0.13,0.8576923076923076,2.919230769230769,1.9192307692307693,1.1891891891891893,3.0,4.522781065088758,0.16923076923076924,0.0
25,COPOC,RPS,0.15000000000000002,0.8423076923076923,2.7615384615384615,1.7615384615384615,1.1951219512195121,3.0,4.274358974358974,0.18846153846153846,0.0
25,COPOC,RPS,0.18000000000000005,0.8192307692307692,2.646153846153846,1.646153846153846,1.2340425531914894,3.0,4.124786324786324,0.2230769230769231,0.0
25,COPOC,RPS,0.19999999999999996,0.8115384615384615,2.5653846153846156,1.5653846153846154,1.3061224489795917,3.0,4.026923076923077,0.24615384615384617,0.0
25,COPOC,OCDF,0.010000000000000009,1.0,4.95,3.95,,0.0,3.95,0.0,0.0
25,COPOC,OCDF,0.020000000000000018,0.9807692307692307,4.873076923076923,3.873076923076923,1.0,1.0,5.796153846153844,0.019230769230769232,0.0
25,COPOC,OCDF,0.030000000000000027,0.9769230769230769,4.842307692307692,3.8423076923076924,1.0,1.0,5.38076923076923,0.023076923076923078,0.0
25,COPOC,OCDF,0.050000000000000044,0.9615384615384616,4.723076923076923,3.723076923076923,1.3,2.0,5.723076923076922,0.05,0.0
25,COPOC,OCDF,0.07999999999999996,0.9461538461538461,4.592307692307692,3.5923076923076924,1.4285714285714286,2.0,5.515384615384616,0.07692307692307693,0.0
25,COPOC,OCDF,0.09999999999999998,0.9,4.384615384615385,3.3846153846153846,1.4230769230769231,2.0,6.230769230769231,0.1423076923076923,0.0
25,COPOC,OCDF,0.13,0.8884615384615384,4.288461538461538,3.2884615384615383,1.4482758620689655,2.0,5.773668639053255,0.16153846153846155,0.0
25,COPOC,OCDF,0.15000000000000002,0.8653846153846154,4.2,3.2,1.4285714285714286,2.0,5.764102564102563,0.19230769230769232,0.0
25,COPOC,OCDF,0.18000000000000005,0.8384615384615385,4.096153846153846,3.0961538461538463,1.4285714285714286,2.0,5.66025641025641,0.23076923076923078,0.0
25,COPOC,OCDF,0.19999999999999996,0.823076923076923,3.980769230769231,2.980769230769231,1.4782608695652173,3.0,5.596153846153846,0.26153846153846155,0.0
25,COPOC,APS,0.010000000000000009,0.9923076923076923,4.484615384615385,3.4846153846153847,1.0,1.0,5.023076923076921,0.007692307692307693,0.0
25,COPOC,APS,0.020000000000000018,0.9769230769230769,4.092307692307692,3.0923076923076924,1.5,2.0,6.55384615384615,0.03461538461538462,0.0
25,COPOC,APS,0.030000000000000027,0.9653846153846154,3.9307692307692306,2.9307692307692306,1.3333333333333333,2.0,6.007692307692306,0.046153846153846156,0.0
25,COPOC,APS,0.050000000000000044,0.926923076923077,3.3423076923076924,2.3423076923076924,1.5263157894736843,4.0,6.80384615384615,0.11153846153846154,0.0
25,COPOC,APS,0.07999999999999996,0.9115384615384615,3.1615384615384614,2.1653846153846152,1.608695652173913,4.0,5.33846153846154,0.1423076923076923,0.0
25,COPOC,APS,0.09999999999999998,0.8846153846153846,2.9423076923076925,1.95,1.6,4.0,5.026923076923077,0.18461538461538463,0.0
25,COPOC,APS,0.13,0.8615384615384616,2.769230769230769,1.7807692307692307,1.6666666666666667,4.0,4.6801775147928995,0.23076923076923078,0.0
25,COPOC,APS,0.15000000000000002,0.8269230769230769,2.6153846153846154,1.6346153846153846,1.711111111111111,4.0,4.608974358974359,0.29615384615384616,0.0
25,COPOC,APS,0.18000000000000005,0.7884615384615384,2.4346153846153844,1.4576923076923076,1.6727272727272726,4.0,4.406410256410256,0.35384615384615387,0.0
25,COPOC,APS,0.19999999999999996,0.7615384615384615,2.2807692307692307,1.3153846153846154,1.8387096774193548,4.0,4.3538461538461535,0.43846153846153846,0.0
25,COPOC,LAC,0.010000000000000009,0.9961538461538462,4.5807692307692305,3.580769230769231,1.0,1.0,4.349999999999999,0.0038461538461538464,0.0
25,COPOC,LAC,0.020000000000000018,0.9730769230769231,4.076923076923077,3.076923076923077,1.4285714285714286,2.0,6.92307692307692,0.038461538461538464,0.0
25,COPOC,LAC,0.030000000000000027,0.9730769230769231,3.919230769230769,2.919230769230769,1.7142857142857142,2.0,5.9961538461538435,0.046153846153846156,0.0
25,COPOC,LAC,0.050000000000000044,0.9307692307692308,3.1384615384615384,2.1384615384615384,1.6666666666666667,4.0,6.75384615384615,0.11538461538461539,0.0
25,COPOC,LAC,0.07999999999999996,0.9153846153846154,3.003846153846154,2.003846153846154,1.5909090909090908,4.0,5.369230769230771,0.1346153846153846,0.0
25,COPOC,LAC,0.09999999999999998,0.8884615384615384,2.8038461538461537,1.8038461538461539,1.5862068965517242,4.0,5.342307692307692,0.17692307692307693,0.0
25,COPOC,LAC,0.13,0.8576923076923076,2.5615384615384613,1.5615384615384615,1.6486486486486487,4.0,5.171005917159762,0.23461538461538461,0.0
25,COPOC,LAC,0.15000000000000002,0.8153846153846154,2.3423076923076924,1.3423076923076922,1.5833333333333333,4.0,5.239743589743589,0.2923076923076923,0.0
25,COPOC,LAC,0.18000000000000005,0.8038461538461539,2.253846153846154,1.2538461538461538,1.5686274509803921,4.0,4.672649572649572,0.3076923076923077,0.0
25,COPOC,LAC,0.19999999999999996,0.7923076923076923,2.1115384615384616,1.1115384615384616,1.5925925925925926,4.0,4.41923076923077,0.33076923076923076,0.0
26,COPOC,min-CPS,0.010000000000000009,1.0,4.638461538461539,3.6384615384615384,,0.0,3.6384615384615384,0.0,0.0
26,COPOC,min-CPS,0.020000000000000018,0.9923076923076923,4.3076923076923075,3.3076923076923075,1.5,2.0,4.461538461538461,0.011538461538461539,0.0
26,COPOC,min-CPS,0.030000000000000027,0.9884615384615385,4.234615384615385,3.2346153846153847,1.3333333333333333,2.0,4.260256410256409,0.015384615384615385,0.0
26,COPOC,min-CPS,0.050000000000000044,0.9384615384615385,3.3346153846153848,2.3346153846153848,1.25,2.0,5.41153846153846,0.07692307692307693,0.0
26,COPOC,min-CPS,0.07999999999999996,0.9230769230769231,3.1653846153846152,2.1653846153846152,1.25,2.0,4.569230769230771,0.09615384615384616,0.0
26,COPOC,min-CPS,0.09999999999999998,0.8884615384615384,2.919230769230769,1.9192307692307693,1.2413793103448276,2.0,4.688461538461539,0.13846153846153847,0.0
26,COPOC,min-CPS,0.13,0.8730769230769231,2.776923076923077,1.7769230769230768,1.2424242424242424,2.0,4.202958579881656,0.1576923076923077,0.0
26,COPOC,min-CPS,0.15000000000000002,0.85,2.6076923076923078,1.6076923076923078,1.3333333333333333,3.0,4.274358974358973,0.2,0.0
26,COPOC,min-CPS,0.18000000000000005,0.7692307692307693,2.2846153846153845,1.2846153846153847,1.3666666666666667,3.0,4.788888888888888,0.3153846153846154,0.0
26,COPOC,min-CPS,0.19999999999999996,0.7653846153846153,2.2576923076923077,1.2576923076923077,1.360655737704918,3.0,4.45,0.3192307692307692,0.0
26,COPOC,RPS,0.010000000000000009,0.9884615384615385,4.446153846153846,3.4461538461538463,1.0,1.0,5.753846153846152,0.011538461538461539,0.0
26,COPOC,RPS,0.020000000000000018,0.9884615384615385,4.196153846153846,3.1961538461538463,1.0,1.0,4.349999999999998,0.011538461538461539,0.0
26,COPOC,RPS,0.030000000000000027,0.9846153846153847,4.138461538461539,3.1384615384615384,1.0,1.0,4.1641025641025635,0.015384615384615385,0.0
26,COPOC,RPS,0.050000000000000044,0.9730769230769231,3.8576923076923078,2.8576923076923078,1.4285714285714286,2.0,4.396153846153845,0.038461538461538464,0.0
26,COPOC,RPS,0.07999999999999996,0.926923076923077,3.5307692307692307,2.5307692307692307,1.1578947368421053,2.0,4.646153846153848,0.08461538461538462,0.0
26,COPOC,RPS,0.09999999999999998,0.9038461538461539,3.3192307692307694,2.3192307692307694,1.12,2.0,4.473076923076923,0.1076923076923077,0.0
26,COPOC,RPS,0.13,0.8846153846153846,3.0923076923076924,2.0923076923076924,1.1333333333333333,2.0,4.10414201183432,0.13076923076923078,0.0
26,COPOC,RPS,0.15000000000000002,0.8653846153846154,2.8615384615384616,1.8615384615384616,1.1428571428571428,3.0,3.9128205128205127,0.15384615384615385,0.0
26,COPOC,RPS,0.18000000000000005,0.8192307692307692,2.669230769230769,1.6692307692307693,1.1702127659574468,3.0,4.019658119658119,0.21153846153846154,0.0
26,COPOC,RPS,0.19999999999999996,0.7923076923076923,2.5384615384615383,1.5384615384615385,1.2222222222222223,3.0,4.076923076923077,0.25384615384615383,0.0
26,COPOC,OCDF,0.010000000000000009,0.9923076923076923,4.903846153846154,3.9038461538461537,1.5,2.0,6.21153846153846,0.011538461538461539,0.0
26,COPOC,OCDF,0.020000000000000018,0.9769230769230769,4.8538461538461535,3.853846153846154,1.5,3.0,7.315384615384612,0.03461538461538462,0.0
26,COPOC,OCDF,0.030000000000000027,0.9769230769230769,4.823076923076923,3.8230769230769233,1.5,3.0,6.130769230769229,0.03461538461538462,0.0
26,COPOC,OCDF,0.050000000000000044,0.9538461538461539,4.680769230769231,3.6807692307692306,1.4166666666666667,3.0,6.296153846153844,0.06538461538461539,0.0
26,COPOC,OCDF,0.07999999999999996,0.95,4.561538461538461,3.5615384615384613,1.5384615384615385,3.0,5.4846153846153864,0.07692307692307693,0.0
26,COPOC,OCDF,0.09999999999999998,0.9384615384615385,4.484615384615385,3.4846153846153847,1.5,3.0,5.3307692307692305,0.09230769230769231,0.0
26,COPOC,OCDF,0.13,0.9038461538461539,4.338461538461538,3.3384615384615386,1.52,4.0,5.586982248520711,0.14615384615384616,0.0
26,COPOC,OCDF,0.15000000000000002,0.8692307692307693,4.2,3.2,1.411764705882353,4.0,5.661538461538462,0.18461538461538463,0.0
26,COPOC,OCDF,0.18000000000000005,0.8307692307692308,4.088461538461538,3.0884615384615386,1.4090909090909092,4.0,5.738034188034187,0.23846153846153847,0.0
26,COPOC,OCDF,0.19999999999999996,0.7923076923076923,3.896153846153846,2.896153846153846,1.5,4.0,6.0115384615384615,0.31153846153846154,0.0
26,COPOC,APS,0.010000000000000009,1.0,4.6923076923076925,3.6923076923076925,,0.0,3.6923076923076925,0.0,0.0
26,COPOC,APS,0.020000000000000018,0.9884615384615385,4.269230769230769,3.269230769230769,1.0,1.0,4.4230769230769225,0.011538461538461539,0.0
26,COPOC,APS,0.030000000000000027,0.9846153846153847,4.134615384615385,3.1346153846153846,1.25,2.0,4.416666666666665,0.019230769230769232,0.0
26,COPOC,APS,0.050000000000000044,0.95,3.6346153846153846,2.6346153846153846,1.1538461538461537,2.0,4.942307692307691,0.057692307692307696,0.0
26,COPOC,APS,0.07999999999999996,0.9346153846153846,3.3692307692307693,2.3692307692307693,1.1764705882352942,2.0,4.292307692307694,0.07692307692307693,0.0
26,COPOC,APS,0.09999999999999998,0.8846153846153846,3.0576923076923075,2.0653846153846156,1.3666666666666667,4.0,4.6038461538461535,0.1576923076923077,0.0
26,COPOC,APS,0.13,0.8384615384615385,2.7346153846153847,1.7461538461538462,1.4047619047619047,4.0,4.527218934911242,0.22692307692307692,0.0
26,COPOC,APS,0.15000000000000002,0.8192307692307692,2.626923076923077,1.6423076923076922,1.5106382978723405,4.0,4.462820512820513,0.27307692307692305,0.0
26,COPOC,APS,0.18000000000000005,0.7769230769230769,2.503846153846154,1.5269230769230768,1.5689655172413792,4.0,4.39017094017094,0.35,0.0
26,COPOC,APS,0.19999999999999996,0.7692307692307693,2.4307692307692306,1.4615384615384615,1.6666666666666667,4.0,4.076923076923077,0.38461538461538464,0.0
26,COPOC,LAC,0.010000000000000009,1.0,4.6461538461538465,3.646153846153846,,0.0,3.646153846153846,0.0,0.0
26,COPOC,LAC,0.020000000000000018,0.9923076923076923,4.3538461538461535,3.353846153846154,1.5,2.0,4.507692307692307,0.011538461538461539,0.0
26,COPOC,LAC,0.030000000000000027,0.9846153846153847,4.207692307692308,3.207692307692308,1.25,2.0,4.489743589743589,0.019230769230769232,0.0
26,COPOC,LAC,0.050000000000000044,0.9423076923076923,3.4,2.4,1.3333333333333333,2.0,5.476923076923074,0.07692307692307693,0.0
26,COPOC,LAC,0.07999999999999996,0.9230769230769231,3.1307692307692307,2.1307692307692307,1.25,2.0,4.534615384615386,0.09615384615384616,0.0
26,COPOC,LAC,0.09999999999999998,0.9076923076923077,2.9884615384615385,1.9884615384615385,1.25,2.0,4.296153846153846,0.11538461538461539,0.0
26,COPOC,LAC,0.13,0.8692307692307693,2.7192307692307693,1.7192307692307693,1.411764705882353,3.0,4.559467455621301,0.18461538461538463,0.0
26,COPOC,LAC,0.15000000000000002,0.8384615384615385,2.4692307692307693,1.4692307692307693,1.5,3.0,4.7,0.2423076923076923,0.0
26,COPOC,LAC,0.18000000000000005,0.8192307692307692,2.35,1.35,1.4680851063829787,3.0,4.2987179487179485,0.2653846153846154,0.0
26,COPOC,LAC,0.19999999999999996,0.8,2.269230769230769,1.2692307692307692,1.4615384615384615,3.0,4.1923076923076925,0.2923076923076923,0.0
27,COPOC,min-CPS,0.010000000000000009,1.0,4.638461538461539,3.6384615384615384,,0.0,3.6384615384615384,0.0,0.0
27,COPOC,min-CPS,0.020000000000000018,0.9961538461538462,4.3961538461538465,3.396153846153846,1.0,1.0,3.78076923076923,0.0038461538461538464,0.0
27,COPOC,min-CPS,0.030000000000000027,0.9961538461538462,4.2846153846153845,3.2846153846153845,2.0,2.0,3.7974358974358973,0.007692307692307693,0.0
27,COPOC,min-CPS,0.050000000000000044,0.9576923076923077,3.5307692307692307,2.5307692307692307,1.2727272727272727,3.0,4.684615384615383,0.05384615384615385,0.0
27,COPOC,min-CPS,0.07999999999999996,0.9192307692307692,3.0961538461538463,2.0961538461538463,1.2380952380952381,3.0,4.596153846153848,0.1,0.0
27,COPOC,min-CPS,0.09999999999999998,0.9192307692307692,3.0384615384615383,2.0384615384615383,1.2380952380952381,3.0,4.038461538461538,0.1,0.0
27,COPOC,min-CPS,0.13,0.8961538461538462,2.826923076923077,1.8269230769230769,1.2592592592592593,3.0,3.8387573964497044,0.13076923076923078,0.0
27,COPOC,min-CPS,0.15000000000000002,0.8730769230769231,2.6576923076923076,1.6576923076923078,1.303030303030303,3.0,3.8628205128205124,0.16538461538461538,0.0
27,COPOC,min-CPS,0.18000000000000005,0.8538461538461538,2.542307692307692,1.5423076923076924,1.3157894736842106,3.0,3.6790598290598284,0.19230769230769232,0.0
27,COPOC,min-CPS,0.19999999999999996,0.8269230769230769,2.3846153846153846,1.3846153846153846,1.3555555555555556,3.0,3.730769230769231,0.23461538461538461,0.0
27,COPOC,RPS,0.010000000000000009,1.0,4.642307692307693,3.6423076923076922,,0.0,3.6423076923076922,0.0,0.0
27,COPOC,RPS,0.020000000000000018,0.9961538461538462,4.426923076923077,3.4269230769230767,1.0,1.0,3.8115384615384613,0.0038461538461538464,0.0
27,COPOC,RPS,0.030000000000000027,0.9961538461538462,4.184615384615385,3.1846153846153844,1.0,1.0,3.441025641025641,0.0038461538461538464,0.0
27,COPOC,RPS,0.050000000000000044,0.9769230769230769,3.8653846153846154,2.8653846153846154,1.0,1.0,3.7884615384615374,0.023076923076923078,0.0
27,COPOC,RPS,0.07999999999999996,0.95,3.5730769230769233,2.5730769230769233,1.0769230769230769,2.0,3.91923076923077,0.05384615384615385,0.0
27,COPOC,RPS,0.09999999999999998,0.9192307692307692,3.3576923076923078,2.3576923076923078,1.0476190476190477,2.0,4.05,0.08461538461538462,0.0
27,COPOC,RPS,0.13,0.9,3.1346153846153846,2.1346153846153846,1.0769230769230769,2.0,3.7914201183431957,0.1076923076923077,0.0
27,COPOC,RPS,0.15000000000000002,0.8769230769230769,2.980769230769231,1.9807692307692308,1.09375,2.0,3.7756410256410255,0.1346153846153846,0.0
27,COPOC,RPS,0.18000000000000005,0.8538461538461538,2.769230769230769,1.7692307692307692,1.131578947368421,2.0,3.606837606837606,0.16538461538461538,0.0
27,COPOC,RPS,0.19999999999999996,0.8461538461538461,2.6961538461538463,1.6961538461538461,1.15,2.0,3.4653846153846155,0.17692307692307693,0.0
27,COPOC,OCDF,0.010000000000000009,1.0,4.938461538461539,3.9384615384615387,,0.0,3.9384615384615387,0.0,0.0
27,COPOC,OCDF,0.020000000000000018,0.9846153846153847,4.85,3.85,1.0,1.0,5.388461538461537,0.015384615384615385,0.0
27,COPOC,OCDF,0.030000000000000027,0.9846153846153847,4.846153846153846,3.8461538461538463,1.0,1.0,4.871794871794871,0.015384615384615385,0.0
27,COPOC,OCDF,0.050000000000000044,0.9615384615384616,4.676923076923077,3.6769230769230767,1.3,2.0,5.676923076923075,0.05,0.0
27,COPOC,OCDF,0.07999999999999996,0.9538461538461539,4.565384615384615,3.5653846153846156,1.5,2.0,5.296153846153848,0.06923076923076923,0.0
27,COPOC,OCDF,0.09999999999999998,0.9423076923076923,4.4653846153846155,3.4653846153846155,1.4666666666666666,2.0,5.157692307692308,0.08461538461538462,0.0
27,COPOC,OCDF,0.13,0.9115384615384615,4.369230769230769,3.3692307692307693,1.434782608695652,2.0,5.32189349112426,0.12692307692307692,0.0
27,COPOC,OCDF,0.15000000000000002,0.8846153846153846,4.2,3.2,1.4,2.0,5.353846153846153,0.16153846153846155,0.0
27,COPOC,OCDF,0.18000000000000005,0.8615384615384616,4.092307692307692,3.0923076923076924,1.4166666666666667,2.0,5.271794871794871,0.19615384615384615,0.0
27,COPOC,OCDF,0.19999999999999996,0.8153846153846154,3.9076923076923076,2.9076923076923076,1.4166666666666667,3.0,5.523076923076923,0.26153846153846155,0.0
27,COPOC,APS,0.010000000000000009,1.0,4.6923076923076925,3.6923076923076925,,0.0,3.6923076923076925,0.0,0.0
27,COPOC,APS,0.020000000000000018,0.9961538461538462,4.457692307692308,3.457692307692308,1.0,1.0,3.842307692307692,0.0038461538461538464,0.0
27,COPOC,APS,0.030000000000000027,0.9961538461538462,4.280769230769231,3.2807692307692307,1.0,1.0,3.537179487179487,0.0038461538461538464,0.0
27,COPOC,APS,0.050000000000000044,0.9653846153846154,3.7,2.7,1.2222222222222223,2.0,4.392307692307691,0.04230769230769231,0.0
27,COPOC,APS,0.07999999999999996,0.9461538461538461,3.3923076923076922,2.3923076923076922,1.2142857142857142,3.0,4.026923076923078,0.06538461538461539,0.0
27,COPOC,APS,0.09999999999999998,0.926923076923077,3.1884615384615387,2.1923076923076925,1.4210526315789473,4.0,3.9615384615384617,0.10384615384615385,0.0
27,COPOC,APS,0.13,0.8846153846153846,2.9923076923076923,2.003846153846154,1.4666666666666666,4.0,3.8973372781065088,0.16923076923076924,0.0
27,COPOC,APS,0.15000000000000002,0.8653846153846154,2.8615384615384616,1.873076923076923,1.4285714285714286,4.0,3.8217948717948715,0.19230769230769232,0.0
27,COPOC,APS,0.18000000000000005,0.85,2.6807692307692306,1.6923076923076923,1.435897435897436,4.0,3.572649572649572,0.2153846153846154,0.0
27,COPOC,APS,0.19999999999999996,0.8384615384615385,2.5923076923076924,1.603846153846154,1.4285714285714286,4.0,3.45,0.23076923076923078,0.0
27,COPOC,LAC,0.010000000000000009,1.0,4.6461538461538465,3.646153846153846,,0.0,3.646153846153846,0.0,0.0
27,COPOC,LAC,0.020000000000000018,0.9961538461538462,4.392307692307693,3.3923076923076922,2.0,2.0,4.161538461538461,0.007692307692307693,0.0
27,COPOC,LAC,0.030000000000000027,0.9961538461538462,4.273076923076923,3.273076923076923,2.0,2.0,3.7858974358974358,0.007692307692307693,0.0
27,COPOC,LAC,0.050000000000000044,0.9653846153846154,3.6153846153846154,2.6153846153846154,1.3333333333333333,3.0,4.46153846153846,0.046153846153846156,0.0
27,COPOC,LAC,0.07999999999999996,0.95,3.2115384615384617,2.2115384615384617,1.3846153846153846,3.0,3.942307692307694,0.06923076923076923,0.0
27,COPOC,LAC,0.09999999999999998,0.9076923076923077,2.9615384615384617,1.9615384615384615,1.25,3.0,4.269230769230769,0.11538461538461539,0.0
27,COPOC,LAC,0.13,0.8807692307692307,2.730769230769231,1.7307692307692308,1.4193548387096775,3.0,4.334319526627219,0.16923076923076924,0.0
27,COPOC,LAC,0.15000000000000002,0.8730769230769231,2.6307692307692307,1.6307692307692307,1.4545454545454546,3.0,4.092307692307692,0.18461538461538463,0.0
27,COPOC,LAC,0.18000000000000005,0.8615384615384616,2.45,1.45,1.5,3.0,3.7576923076923068,0.2076923076923077,0.0
27,COPOC,LAC,0.19999999999999996,0.8384615384615385,2.3230769230769233,1.323076923076923,1.4761904761904763,3.0,3.707692307692308,0.23846153846153847,0.0
28,COPOC,min-CPS,0.010000000000000009,1.0,4.630769230769231,3.6307692307692307,,0.0,3.6307692307692307,0.0,0.0
28,COPOC,min-CPS,0.020000000000000018,0.9884615384615385,4.2615384615384615,3.2615384615384615,1.6666666666666667,2.0,5.184615384615383,0.019230769230769232,0.0
28,COPOC,min-CPS,0.030000000000000027,0.9846153846153847,4.219230769230769,3.2192307692307693,1.5,2.0,4.757692307692307,0.023076923076923078,0.0
28,COPOC,min-CPS,0.050000000000000044,0.9692307692307692,3.7846153846153845,2.7846153846153845,1.25,2.0,4.323076923076922,0.038461538461538464,0.0
28,COPOC,min-CPS,0.07999999999999996,0.9423076923076923,3.2807692307692307,2.2807692307692307,1.2666666666666666,3.0,4.107692307692309,0.07307692307692308,0.0
28,COPOC,min-CPS,0.09999999999999998,0.9307692307692308,3.1346153846153846,2.1346153846153846,1.2777777777777777,3.0,3.9038461538461537,0.08846153846153847,0.0
28,COPOC,min-CPS,0.13,0.9153846153846154,2.957692307692308,1.9576923076923076,1.3181818181818181,3.0,3.6736686390532545,0.11153846153846154,0.0
28,COPOC,min-CPS,0.15000000000000002,0.8884615384615384,2.826923076923077,1.8269230769230769,1.3448275862068966,3.0,3.8269230769230766,0.15,0.0
28,COPOC,min-CPS,0.18000000000000005,0.8153846153846154,2.4923076923076923,1.4923076923076923,1.3333333333333333,3.0,4.2273504273504265,0.24615384615384617,0.0
28,COPOC,min-CPS,0.19999999999999996,0.8038461538461539,2.3846153846153846,1.3846153846153846,1.3725490196078431,3.0,4.076923076923077,0.2692307692307692,0.0
28,COPOC,RPS,0.010000000000000009,1.0,4.665384615384616,3.6653846153846152,,0.0,3.6653846153846152,0.0,0.0
28,COPOC,RPS,0.020000000000000018,0.9884615384615385,4.230769230769231,3.230769230769231,1.0,1.0,4.384615384615384,0.011538461538461539,0.0
28,COPOC,RPS,0.030000000000000027,0.9884615384615385,4.207692307692308,3.207692307692308,1.0,1.0,3.976923076923077,0.011538461538461539,0.0
28,COPOC,RPS,0.050000000000000044,0.9576923076923077,3.873076923076923,2.873076923076923,1.1818181818181819,2.0,4.873076923076922,0.05,0.0
28,COPOC,RPS,0.07999999999999996,0.9346153846153846,3.6307692307692307,2.6307692307692307,1.1764705882352942,2.0,4.553846153846155,0.07692307692307693,0.0
28,COPOC,RPS,0.09999999999999998,0.9192307692307692,3.457692307692308,2.457692307692308,1.1428571428571428,2.0,4.303846153846154,0.09230769230769231,0.0
28,COPOC,RPS,0.13,0.8846153846153846,3.1423076923076922,2.1423076923076922,1.1333333333333333,2.0,4.1541420118343195,0.13076923076923078,0.0
28,COPOC,RPS,0.15000000000000002,0.8653846153846154,2.9038461538461537,1.9038461538461537,1.2,2.0,4.0576923076923075,0.16153846153846155,0.0
28,COPOC,RPS,0.18000000000000005,0.8269230769230769,2.75,1.75,1.2444444444444445,3.0,4.143162393162393,0.2153846153846154,0.0
28,COPOC,RPS,0.19999999999999996,0.7884615384615384,2.5730769230769233,1.573076923076923,1.2727272727272727,3.0,4.265384615384615,0.2692307692307692,0.0
28,COPOC,OCDF,0.010000000000000009,1.0,4.973076923076923,3.973076923076923,,0.0,3.973076923076923,0.0,0.0
28,COPOC,OCDF,0.020000000000000018,1.0,4.938461538461539,3.9384615384615387,,0.0,3.9384615384615387,0.0,0.0
28,COPOC,OCDF,0.030000000000000027,0.9884615384615385,4.907692307692308,3.9076923076923076,1.0,1.0,4.676923076923077,0.011538461538461539,0.0
28,COPOC,OCDF,0.050000000000000044,0.95,4.7153846153846155,3.7153846153846155,1.3076923076923077,2.0,6.330769230769229,0.06538461538461539,0.0
28,COPOC,OCDF,0.07999999999999996,0.9076923076923077,4.430769230769231,3.4307692307692306,1.4166666666666667,2.0,6.700000000000002,0.13076923076923078,0.0
28,COPOC,OCDF,0.09999999999999998,0.8923076923076924,4.342307692307692,3.3423076923076924,1.5,2.0,6.573076923076923,0.16153846153846155,0.0
28,COPOC,OCDF,0.13,0.8692307692307693,4.2153846153846155,3.2153846153846155,1.4705882352941178,2.0,6.173964497041419,0.19230769230769232,0.0
28,COPOC,OCDF,0.15000000000000002,0.8461538461538461,4.069230769230769,3.0692307692307694,1.55,3.0,6.248717948717948,0.23846153846153847,0.0
28,COPOC,OCDF,0.18000000000000005,0.8384615384615385,4.030769230769231,3.0307692307692307,1.5476190476190477,3.0,5.808547008547008,0.25,0.0
28,COPOC,OCDF,0.19999999999999996,0.8153846153846154,3.9076923076923076,2.9076923076923076,1.5833333333333333,3.0,5.8307692307692305,0.2923076923076923,0.0
28,COPOC,APS,0.010000000000000009,0.9961538461538462,4.565384615384615,3.5653846153846156,1.0,1.0,4.334615384615383,0.0038461538461538464,0.0
28,COPOC,APS,0.020000000000000018,0.9846153846153847,4.223076923076923,3.223076923076923,1.5,2.0,5.530769230769229,0.023076923076923078,0.0
28,COPOC,APS,0.030000000000000027,0.9846153846153847,4.1038461538461535,3.103846153846154,1.5,2.0,4.642307692307692,0.023076923076923078,0.0
28,COPOC,APS,0.050000000000000044,0.9653846153846154,3.796153846153846,2.796153846153846,1.3333333333333333,3.0,4.642307692307691,0.046153846153846156,0.0
28,COPOC,APS,0.07999999999999996,0.9346153846153846,3.4846153846153847,2.4923076923076923,1.588235294117647,4.0,4.319230769230771,0.10384615384615385,0.0
28,COPOC,APS,0.09999999999999998,0.9038461538461539,3.223076923076923,2.2346153846153847,1.52,4.0,4.234615384615385,0.14615384615384616,0.0
28,COPOC,APS,0.13,0.8807692307692307,3.042307692307692,2.0576923076923075,1.5161290322580645,4.0,3.8920118343195265,0.18076923076923077,0.0
28,COPOC,APS,0.15000000000000002,0.8769230769230769,3.026923076923077,2.042307692307692,1.53125,4.0,3.7346153846153842,0.18846153846153846,0.0
28,COPOC,APS,0.18000000000000005,0.85,2.8230769230769233,1.8423076923076922,1.564102564102564,4.0,3.594444444444444,0.23461538461538461,0.0
28,COPOC,APS,0.19999999999999996,0.8192307692307692,2.6307692307692307,1.65,1.6170212765957446,4.0,3.8038461538461537,0.2923076923076923,0.0
28,COPOC,LAC,0.010000000000000009,1.0,4.638461538461539,3.6384615384615384,,0.0,3.6384615384615384,0.0,0.0
28,COPOC,LAC,0.020000000000000018,0.9884615384615385,4.25,3.25,1.6666666666666667,2.0,5.173076923076922,0.019230769230769232,0.0
28,COPOC,LAC,0.030000000000000027,0.9846153846153847,4.219230769230769,3.2192307692307693,1.5,2.0,4.757692307692307,0.023076923076923078,0.0
28,COPOC,LAC,0.050000000000000044,0.9692307692307692,3.753846153846154,2.753846153846154,1.25,2.0,4.292307692307691,0.038461538461538464,0.0
28,COPOC,LAC,0.07999999999999996,0.9615384615384616,3.3923076923076922,2.3923076923076922,1.4,3.0,3.7384615384615394,0.05384615384615385,0.0
28,COPOC,LAC,0.09999999999999998,0.9384615384615385,3.1653846153846152,2.1653846153846152,1.375,3.0,3.8576923076923078,0.08461538461538462,0.0
28,COPOC,LAC,0.13,0.9115384615384615,2.996153846153846,1.9961538461538462,1.391304347826087,3.0,3.889644970414201,0.12307692307692308,0.0
28,COPOC,LAC,0.15000000000000002,0.8923076923076924,2.8230769230769233,1.823076923076923,1.4642857142857142,3.0,3.9256410256410255,0.1576923076923077,0.0
28,COPOC,LAC,0.18000000000000005,0.8538461538461538,2.5384615384615383,1.5384615384615385,1.5,3.0,3.974358974358973,0.21923076923076923,0.0
28,COPOC,LAC,0.19999999999999996,0.7807692307692308,2.15,1.15,1.4736842105263157,3.0,4.380769230769231,0.3230769230769231,0.0
29,COPOC,min-CPS,0.010000000000000009,0.9807692307692307,4.338461538461538,3.3384615384615386,1.4,2.0,8.723076923076917,0.026923076923076925,0.0
29,COPOC,min-CPS,0.020000000000000018,0.9807692307692307,4.265384615384615,3.2653846153846153,1.8,2.0,6.7269230769230735,0.03461538461538462,0.0
29,COPOC,min-CPS,0.030000000000000027,0.9769230769230769,4.1692307692307695,3.169230769230769,1.6666666666666667,2.0,5.733333333333331,0.038461538461538464,0.0
29,COPOC,min-CPS,0.050000000000000044,0.9576923076923077,3.5961538461538463,2.5961538461538463,1.5454545454545454,3.0,5.211538461538459,0.06538461538461539,0.0
29,COPOC,min-CPS,0.07999999999999996,0.9423076923076923,3.2807692307692307,2.2807692307692307,1.6,4.0,4.58846153846154,0.09230769230769231,0.0
29,COPOC,min-CPS,0.09999999999999998,0.9115384615384615,3.0692307692307694,2.0692307692307694,1.434782608695652,4.0,4.607692307692307,0.12692307692307692,0.0
29,COPOC,min-CPS,0.13,0.8846153846153846,2.873076923076923,1.873076923076923,1.3333333333333333,4.0,4.239940828402366,0.15384615384615385,0.0
29,COPOC,min-CPS,0.15000000000000002,0.8461538461538461,2.6346153846153846,1.6346153846153846,1.375,4.0,4.455128205128204,0.21153846153846154,0.0
29,COPOC,min-CPS,0.18000000000000005,0.823076923076923,2.4846153846153847,1.4846153846153847,1.4782608695652173,4.0,4.39059829059829,0.26153846153846155,0.0
29,COPOC,min-CPS,0.19999999999999996,0.7961538461538461,2.3576923076923078,1.3576923076923078,1.4528301886792452,4.0,4.319230769230769,0.29615384615384616,0.0
29,COPOC,RPS,0.010000000000000009,0.9923076923076923,4.6461538461538465,3.646153846153846,1.0,1.0,5.184615384615383,0.007692307692307693,0.0
29,COPOC,RPS,0.020000000000000018,0.9884615384615385,4.226923076923077,3.226923076923077,1.3333333333333333,2.0,4.7653846153846136,0.015384615384615385,0.0
29,COPOC,RPS,0.030000000000000027,0.9807692307692307,4.088461538461538,3.0884615384615386,1.2,2.0,4.626923076923076,0.023076923076923078,0.0
29,COPOC,RPS,0.050000000000000044,0.9615384615384616,3.8846153846153846,2.8846153846153846,1.2,2.0,4.730769230769229,0.046153846153846156,0.0
29,COPOC,RPS,0.07999999999999996,0.9423076923076923,3.6192307692307693,2.6192307692307693,1.2666666666666666,3.0,4.446153846153847,0.07307692307692308,0.0
29,COPOC,RPS,0.09999999999999998,0.8730769230769231,3.1923076923076925,2.1923076923076925,1.1515151515151516,3.0,5.115384615384615,0.14615384615384616,0.0
29,COPOC,RPS,0.13,0.8576923076923076,3.0115384615384615,2.0115384615384615,1.162162162162162,3.0,4.555917159763313,0.16538461538461538,0.0
29,COPOC,RPS,0.15000000000000002,0.8423076923076923,2.8461538461538463,1.8461538461538463,1.170731707317073,3.0,4.3076923076923075,0.18461538461538463,0.0
29,COPOC,RPS,0.18000000000000005,0.8192307692307692,2.723076923076923,1.7230769230769232,1.1914893617021276,3.0,4.116239316239316,0.2153846153846154,0.0
29,COPOC,RPS,0.19999999999999996,0.7807692307692308,2.4346153846153844,1.4346153846153846,1.263157894736842,3.0,4.203846153846154,0.27692307692307694,0.0
29,COPOC,OCDF,0.010000000000000009,0.9961538461538462,4.9423076923076925,3.9423076923076925,1.0,1.0,4.711538461538461,0.0038461538461538464,0.0
29,COPOC,OCDF,0.020000000000000018,0.9884615384615385,4.907692307692308,3.9076923076923076,1.3333333333333333,2.0,5.446153846153845,0.015384615384615385,0.0
29,COPOC,OCDF,0.030000000000000027,0.9769230769230769,4.869230769230769,3.8692307692307693,1.1666666666666667,2.0,5.6641025641025635,0.026923076923076925,0.0
29,COPOC,OCDF,0.050000000000000044,0.9615384615384616,4.75,3.75,1.2,2.0,5.596153846153844,0.046153846153846156,0.0
29,COPOC,OCDF,0.07999999999999996,0.9153846153846154,4.5,3.5,1.4090909090909092,2.0,6.480769230769233,0.11923076923076924,0.0
29,COPOC,OCDF,0.09999999999999998,0.9038461538461539,4.407692307692308,3.4076923076923076,1.48,2.0,6.253846153846154,0.1423076923076923,0.0
29,COPOC,OCDF,0.13,0.8692307692307693,4.223076923076923,3.223076923076923,1.411764705882353,2.0,6.063313609467455,0.18461538461538463,0.0
29,COPOC,OCDF,0.15000000000000002,0.8384615384615385,4.092307692307692,3.0923076923076924,1.4761904761904763,2.0,6.271794871794871,0.23846153846153847,0.0
29,COPOC,OCDF,0.18000000000000005,0.8076923076923077,3.973076923076923,2.973076923076923,1.46,3.0,6.0927350427350415,0.28076923076923077,0.0
29,COPOC,OCDF,0.19999999999999996,0.7846153846153846,3.8192307692307694,2.8192307692307694,1.5714285714285714,3.0,6.203846153846154,0.3384615384615385,0.0
29,COPOC,APS,0.010000000000000009,0.9807692307692307,4.323076923076923,3.3230769230769233,1.2,2.0,7.938461538461535,0.023076923076923078,0.0
29,COPOC,APS,0.020000000000000018,0.9807692307692307,4.196153846153846,3.1961538461538463,1.2,2.0,5.503846153846152,0.023076923076923078,0.0
29,COPOC,APS,0.030000000000000027,0.9807692307692307,4.1,3.1,1.8,2.0,5.407692307692306,0.03461538461538462,0.0
29,COPOC,APS,0.050000000000000044,0.9576923076923077,3.7115384615384617,2.7115384615384617,1.5454545454545454,3.0,5.326923076923075,0.06538461538461539,0.0
29,COPOC,APS,0.07999999999999996,0.9192307692307692,3.3384615384615386,2.35,1.8095238095238095,4.0,4.850000000000001,0.14615384615384616,0.0
29,COPOC,APS,0.09999999999999998,0.8961538461538462,3.1615384615384614,2.1807692307692306,1.8888888888888888,4.0,4.565384615384615,0.19615384615384615,0.0
29,COPOC,APS,0.13,0.8769230769230769,2.973076923076923,1.9923076923076923,1.75,4.0,4.122485207100592,0.2153846153846154,0.0
29,COPOC,APS,0.15000000000000002,0.8576923076923076,2.8807692307692307,1.9,1.7027027027027026,4.0,4.105128205128205,0.2423076923076923,0.0
29,COPOC,APS,0.18000000000000005,0.8192307692307692,2.6961538461538463,1.7192307692307693,1.6808510638297873,4.0,4.0696581196581185,0.3038461538461538,0.0
29,COPOC,APS,0.19999999999999996,0.7884615384615384,2.576923076923077,1.603846153846154,1.6545454545454545,4.0,4.026923076923077,0.35,0.0
29,COPOC,LAC,0.010000000000000009,0.9807692307692307,4.392307692307693,3.3923076923076922,1.4,2.0,8.776923076923072,0.026923076923076925,0.0
29,COPOC,LAC,0.020000000000000018,0.9807692307692307,4.265384615384615,3.2653846153846153,1.8,2.0,6.7269230769230735,0.03461538461538462,0.0
29,COPOC,LAC,0.030000000000000027,0.9769230769230769,4.1461538461538465,3.146153846153846,1.6666666666666667,2.0,5.710256410256408,0.038461538461538464,0.0
29,COPOC,LAC,0.050000000000000044,0.9538461538461539,3.5115384615384615,2.5115384615384615,1.6666666666666667,4.0,5.5884615384615355,0.07692307692307693,0.0
29,COPOC,LAC,0.07999999999999996,0.9307692307692308,3.2346153846153847,2.2346153846153847,1.5555555555555556,4.0,4.926923076923079,0.1076923076923077,0.0
29,COPOC,LAC,0.09999999999999998,0.9230769230769231,3.1192307692307693,2.1192307692307693,1.5,4.0,4.426923076923077,0.11538461538461539,0.0
29,COPOC,LAC,0.13,0.8846153846153846,2.873076923076923,1.873076923076923,1.5666666666666667,4.0,4.654142011834319,0.18076923076923077,0.0
29,COPOC,LAC,0.15000000000000002,0.8538461538461538,2.646153846153846,1.646153846153846,1.5263157894736843,4.0,4.62051282051282,0.2230769230769231,0.0
29,COPOC,LAC,0.18000000000000005,0.823076923076923,2.419230769230769,1.4192307692307693,1.5434782608695652,4.0,4.453418803418803,0.27307692307692305,0.0
29,COPOC,LAC,0.19999999999999996,0.8038461538461539,2.3384615384615386,1.3384615384615384,1.5490196078431373,4.0,4.376923076923077,0.3038461538461538,0.0
30,COPOC,min-CPS,0.010000000000000009,0.9730769230769231,4.219230769230769,3.2192307692307693,1.5714285714285714,2.0,11.680769230769224,0.04230769230769231,0.0
30,COPOC,min-CPS,0.020000000000000018,0.9615384615384616,3.853846153846154,2.853846153846154,1.7,3.0,9.392307692307686,0.06538461538461539,0.0
30,COPOC,min-CPS,0.030000000000000027,0.9576923076923077,3.75,2.75,1.7272727272727273,3.0,7.621794871794868,0.07307692307692308,0.0
30,COPOC,min-CPS,0.050000000000000044,0.9307692307692308,3.3346153846153848,2.3346153846153848,1.6666666666666667,4.0,6.949999999999997,0.11538461538461539,0.0
30,COPOC,min-CPS,0.07999999999999996,0.9038461538461539,3.080769230769231,2.080769230769231,1.6,4.0,5.926923076923079,0.15384615384615385,0.0
30,COPOC,min-CPS,0.09999999999999998,0.9,2.996153846153846,1.9961538461538462,1.5769230769230769,4.0,5.15,0.1576923076923077,0.0
30,COPOC,min-CPS,0.13,0.8730769230769231,2.792307692307692,1.7923076923076924,1.606060606060606,4.0,4.928402366863905,0.20384615384615384,0.0
30,COPOC,min-CPS,0.15000000000000002,0.8653846153846154,2.6807692307692306,1.6807692307692308,1.6,4.0,4.552564102564102,0.2153846153846154,0.0
30,COPOC,min-CPS,0.18000000000000005,0.8307692307692308,2.4884615384615385,1.4884615384615385,1.5454545454545454,4.0,4.394444444444444,0.26153846153846155,0.0
30,COPOC,min-CPS,0.19999999999999996,0.7961538461538461,2.3346153846153848,1.3346153846153845,1.528301886792453,4.0,4.45,0.31153846153846154,0.0
30,COPOC,RPS,0.010000000000000009,0.9730769230769231,4.188461538461539,3.1884615384615387,1.1428571428571428,2.0,9.342307692307687,0.03076923076923077,0.0
30,COPOC,RPS,0.020000000000000018,0.9538461538461539,3.9461538461538463,2.9461538461538463,1.25,2.0,8.715384615384611,0.057692307692307696,0.0
30,COPOC,RPS,0.030000000000000027,0.95,3.8846153846153846,2.8846153846153846,1.2307692307692308,2.0,6.987179487179483,0.06153846153846154,0.0
30,COPOC,RPS,0.050000000000000044,0.9115384615384615,3.5692307692307694,2.5692307692307694,1.3043478260869565,3.0,7.184615384615381,0.11538461538461539,0.0
30,COPOC,RPS,0.07999999999999996,0.9076923076923077,3.4423076923076925,2.4423076923076925,1.2916666666666667,3.0,5.423076923076925,0.11923076923076924,0.0
30,COPOC,RPS,0.09999999999999998,0.9038461538461539,3.35,2.35,1.28,3.0,4.811538461538461,0.12307692307692308,0.0
30,COPOC,RPS,0.13,0.8884615384615384,3.1192307692307693,2.1192307692307693,1.3103448275862069,3.0,4.36775147928994,0.14615384615384616,0.0
30,COPOC,RPS,0.15000000000000002,0.8538461538461538,2.8692307692307693,1.8692307692307693,1.3157894736842106,3.0,4.433333333333333,0.19230769230769232,0.0
30,COPOC,RPS,0.18000000000000005,0.8192307692307692,2.6846153846153844,1.6846153846153846,1.3191489361702127,3.0,4.334188034188033,0.23846153846153847,0.0
30,COPOC,RPS,0.19999999999999996,0.8,2.5615384615384613,1.5615384615384615,1.3846153846153846,3.0,4.3307692307692305,0.27692307692307694,0.0
30,COPOC,OCDF,0.010000000000000009,0.9884615384615385,4.923076923076923,3.923076923076923,1.3333333333333333,2.0,6.999999999999997,0.015384615384615385,0.0
30,COPOC,OCDF,0.020000000000000018,0.9769230769230769,4.888461538461539,3.8884615384615384,1.3333333333333333,3.0,6.965384615384613,0.03076923076923077,0.0
30,COPOC,OCDF,0.030000000000000027,0.9423076923076923,4.726923076923077,3.726923076923077,1.4,3.0,9.111538461538458,0.08076923076923077,0.0
30,COPOC,OCDF,0.050000000000000044,0.9384615384615385,4.596153846153846,3.5961538461538463,1.5625,3.0,7.44230769230769,0.09615384615384616,0.0
30,COPOC,OCDF,0.07999999999999996,0.9346153846153846,4.538461538461538,3.5384615384615383,1.5294117647058822,3.0,6.03846153846154,0.1,0.0
30,COPOC,OCDF,0.09999999999999998,0.9153846153846154,4.415384615384616,3.4153846153846152,1.5909090909090908,4.0,6.107692307692307,0.1346153846153846,0.0
30,COPOC,OCDF,0.13,0.9038461538461539,4.303846153846154,3.3038461538461537,1.6,4.0,5.670710059171598,0.15384615384615385,0.0
30,COPOC,OCDF,0.15000000000000002,0.8538461538461538,4.065384615384615,3.0653846153846156,1.5526315789473684,4.0,6.091025641025641,0.22692307692307692,0.0
30,COPOC,OCDF,0.18000000000000005,0.8423076923076923,4.0346153846153845,3.0346153846153845,1.5609756097560976,4.0,5.769658119658119,0.24615384615384617,0.0
30,COPOC,OCDF,0.19999999999999996,0.8346153846153846,3.973076923076923,2.973076923076923,1.6046511627906976,4.0,5.626923076923077,0.2653846153846154,0.0
30,COPOC,APS,0.010000000000000009,0.9807692307692307,4.3307692307692305,3.330769230769231,1.2,2.0,7.946153846153843,0.023076923076923078,0.0
30,COPOC,APS,0.020000000000000018,0.9576923076923077,3.9923076923076923,2.9923076923076923,1.3636363636363635,2.0,8.761538461538459,0.057692307692307696,0.0
30,COPOC,APS,0.030000000000000027,0.9538461538461539,3.853846153846154,2.853846153846154,1.5,3.0,7.469230769230766,0.06923076923076923,0.0
30,COPOC,APS,0.050000000000000044,0.9076923076923077,3.3615384615384616,2.3615384615384616,1.4583333333333333,4.0,7.746153846153842,0.1346153846153846,0.0
30,COPOC,APS,0.07999999999999996,0.8884615384615384,3.080769230769231,2.0846153846153848,1.5862068965517242,4.0,6.123076923076924,0.17692307692307693,0.0
30,COPOC,APS,0.09999999999999998,0.8730769230769231,2.957692307692308,1.9615384615384615,1.5454545454545454,4.0,5.576923076923077,0.19615384615384615,0.0
30,COPOC,APS,0.13,0.8576923076923076,2.8384615384615386,1.8461538461538463,1.5945945945945945,4.0,4.982248520710058,0.22692307692307692,0.0
30,COPOC,APS,0.15000000000000002,0.8461538461538461,2.7192307692307693,1.7307692307692308,1.725,4.0,4.7564102564102555,0.2653846153846154,0.0
30,COPOC,APS,0.18000000000000005,0.8346153846153846,2.6576923076923076,1.6692307692307693,1.7209302325581395,4.0,4.404273504273504,0.2846153846153846,0.0
30,COPOC,APS,0.19999999999999996,0.7961538461538461,2.5692307692307694,1.5846153846153845,1.6415094339622642,4.0,4.392307692307693,0.3346153846153846,0.0
30,COPOC,LAC,0.010000000000000009,0.9730769230769231,4.1923076923076925,3.1923076923076925,1.5714285714285714,2.0,11.653846153846146,0.04230769230769231,0.0
30,COPOC,LAC,0.020000000000000018,0.9576923076923077,3.8884615384615384,2.8884615384615384,1.6363636363636365,3.0,9.811538461538454,0.06923076923076923,0.0
30,COPOC,LAC,0.030000000000000027,0.9538461538461539,3.7423076923076923,2.7423076923076923,1.6666666666666667,3.0,7.870512820512816,0.07692307692307693,0.0
30,COPOC,LAC,0.050000000000000044,0.926923076923077,3.223076923076923,2.223076923076923,1.736842105263158,4.0,7.299999999999995,0.12692307692307692,0.0
30,COPOC,LAC,0.07999999999999996,0.8884615384615384,3.0,2.0,1.5517241379310345,4.0,6.326923076923078,0.17307692307692307,0.0
30,COPOC,LAC,0.09999999999999998,0.8769230769230769,2.8846153846153846,1.8846153846153846,1.625,4.0,5.884615384615385,0.2,0.0
30,COPOC,LAC,0.13,0.8538461538461538,2.6769230769230767,1.676923076923077,1.6578947368421053,4.0,5.40473372781065,0.2423076923076923,0.0
30,COPOC,LAC,0.15000000000000002,0.8423076923076923,2.496153846153846,1.4961538461538462,1.6829268292682926,4.0,5.0346153846153845,0.2653846153846154,0.0
30,COPOC,LAC,0.18000000000000005,0.8269230769230769,2.4038461538461537,1.4038461538461537,1.6666666666666667,4.0,4.608974358974358,0.28846153846153844,0.0
30,COPOC,LAC,0.19999999999999996,0.8153846153846154,2.3346153846153848,1.3346153846153845,1.6666666666666667,4.0,4.411538461538462,0.3076923076923077,0.0
31,COPOC,min-CPS,0.010000000000000009,0.9923076923076923,4.596153846153846,3.5961538461538463,1.0,1.0,5.134615384615383,0.007692307692307693,0.0
31,COPOC,min-CPS,0.020000000000000018,0.9846153846153847,4.3307692307692305,3.330769230769231,1.5,2.0,5.638461538461537,0.023076923076923078,0.0
31,COPOC,min-CPS,0.030000000000000027,0.9846153846153847,4.288461538461538,3.2884615384615383,1.5,2.0,4.826923076923076,0.023076923076923078,0.0
31,COPOC,min-CPS,0.050000000000000044,0.9807692307692307,3.85,2.85,1.8,3.0,4.234615384615384,0.03461538461538462,0.0
31,COPOC,min-CPS,0.07999999999999996,0.926923076923077,3.2423076923076923,2.2423076923076923,1.4210526315789473,4.0,4.838461538461539,0.10384615384615385,0.0
31,COPOC,min-CPS,0.09999999999999998,0.9038461538461539,3.0653846153846156,2.0653846153846156,1.4,4.0,4.757692307692308,0.1346153846153846,0.0
31,COPOC,min-CPS,0.13,0.8884615384615384,2.8923076923076922,1.8923076923076922,1.4482758620689655,4.0,4.377514792899408,0.16153846153846155,0.0
31,COPOC,min-CPS,0.15000000000000002,0.8538461538461538,2.7115384615384617,1.7115384615384615,1.4736842105263157,4.0,4.583333333333333,0.2153846153846154,0.0
31,COPOC,min-CPS,0.18000000000000005,0.8115384615384615,2.496153846153846,1.4961538461538462,1.3877551020408163,4.0,4.402136752136752,0.26153846153846155,0.0
31,COPOC,min-CPS,0.19999999999999996,0.7961538461538461,2.3807692307692307,1.3807692307692307,1.4150943396226414,4.0,4.265384615384615,0.28846153846153844,0.0
31,COPOC,RPS,0.010000000000000009,0.9884615384615385,4.492307692307692,3.4923076923076923,1.0,1.0,5.799999999999998,0.011538461538461539,0.0
31,COPOC,RPS,0.020000000000000018,0.9884615384615385,4.25,3.25,1.3333333333333333,2.0,4.7884615384615365,0.015384615384615385,0.0
31,COPOC,RPS,0.030000000000000027,0.9730769230769231,4.084615384615384,3.0846153846153848,1.2857142857142858,2.0,5.392307692307691,0.03461538461538462,0.0
31,COPOC,RPS,0.050000000000000044,0.9615384615384616,3.9,2.9,1.3,2.0,4.899999999999999,0.05,0.0
31,COPOC,RPS,0.07999999999999996,0.9307692307692308,3.6307692307692307,2.6307692307692307,1.2222222222222223,3.0,4.746153846153848,0.08461538461538462,0.0
31,COPOC,RPS,0.09999999999999998,0.9,3.4153846153846152,2.4153846153846152,1.1538461538461537,3.0,4.723076923076923,0.11538461538461539,0.0
31,COPOC,RPS,0.13,0.85,2.996153846153846,1.9961538461538462,1.1794871794871795,3.0,4.718047337278106,0.17692307692307693,0.0
31,COPOC,RPS,0.15000000000000002,0.8192307692307692,2.8,1.8,1.2127659574468086,3.0,4.723076923076922,0.21923076923076923,0.0
31,COPOC,RPS,0.18000000000000005,0.7884615384615384,2.6076923076923078,1.6076923076923078,1.2727272727272727,3.0,4.599145299145299,0.2692307692307692,0.0
31,COPOC,RPS,0.19999999999999996,0.7730769230769231,2.3461538461538463,1.3461538461538463,1.3220338983050848,3.0,4.346153846153846,0.3,0.0
31,COPOC,OCDF,0.010000000000000009,0.9961538461538462,4.946153846153846,3.9461538461538463,2.0,2.0,5.484615384615383,0.007692307692307693,0.0
31,COPOC,OCDF,0.020000000000000018,0.9576923076923077,4.803846153846154,3.8038461538461537,1.1818181818181819,3.0,8.80384615384615,0.05,0.0
31,COPOC,OCDF,0.030000000000000027,0.9538461538461539,4.769230769230769,3.769230769230769,1.25,3.0,7.615384615384612,0.057692307692307696,0.0
31,COPOC,OCDF,0.050000000000000044,0.9,4.4884615384615385,3.4884615384615385,1.4230769230769231,3.0,9.180769230769226,0.1423076923076923,0.0
31,COPOC,OCDF,0.07999999999999996,0.8923076923076924,4.388461538461539,3.3884615384615384,1.6071428571428572,4.0,7.715384615384618,0.17307692307692307,0.0
31,COPOC,OCDF,0.09999999999999998,0.8769230769230769,4.265384615384615,3.2653846153846153,1.65625,4.0,7.342307692307692,0.20384615384615384,0.0
31,COPOC,OCDF,0.13,0.8423076923076923,4.1,3.1,1.5609756097560976,4.0,6.8869822485207095,0.24615384615384617,0.0
31,COPOC,OCDF,0.15000000000000002,0.8346153846153846,4.023076923076923,3.023076923076923,1.627906976744186,4.0,6.612820512820512,0.2692307692307692,0.0
31,COPOC,OCDF,0.18000000000000005,0.7961538461538461,3.8692307692307693,2.8692307692307693,1.6037735849056605,4.0,6.501709401709402,0.3269230769230769,0.0
31,COPOC,OCDF,0.19999999999999996,0.7615384615384615,3.7384615384615385,2.7384615384615385,1.596774193548387,4.0,6.546153846153846,0.38076923076923075,0.0
31,COPOC,APS,0.010000000000000009,0.9961538461538462,4.665384615384616,3.6653846153846152,1.0,1.0,4.434615384615384,0.0038461538461538464,0.0
31,COPOC,APS,0.020000000000000018,0.9884615384615385,4.480769230769231,3.480769230769231,1.0,1.0,4.634615384615383,0.011538461538461539,0.0
31,COPOC,APS,0.030000000000000027,0.9769230769230769,4.2615384615384615,3.2615384615384615,1.3333333333333333,2.0,5.312820512820512,0.03076923076923077,0.0
31,COPOC,APS,0.050000000000000044,0.9615384615384616,3.7346153846153847,2.7346153846153847,1.4,3.0,4.888461538461537,0.05384615384615385,0.0
31,COPOC,APS,0.07999999999999996,0.9307692307692308,3.4038461538461537,2.4038461538461537,1.2777777777777777,3.0,4.615384615384617,0.08846153846153847,0.0
31,COPOC,APS,0.09999999999999998,0.9115384615384615,3.296153846153846,2.3,1.434782608695652,4.0,4.530769230769231,0.12692307692307692,0.0
31,COPOC,APS,0.13,0.8769230769230769,2.957692307692308,1.9653846153846153,1.5,4.0,4.332248520710059,0.18461538461538463,0.0
31,COPOC,APS,0.15000000000000002,0.8692307692307693,2.8884615384615384,1.896153846153846,1.5294117647058822,4.0,4.152564102564102,0.2,0.0
31,COPOC,APS,0.18000000000000005,0.8269230769230769,2.7346153846153847,1.7461538461538462,1.511111111111111,4.0,4.139316239316239,0.26153846153846155,0.0
31,COPOC,APS,0.19999999999999996,0.7730769230769231,2.523076923076923,1.5423076923076924,1.576271186440678,4.0,4.35,0.3576923076923077,0.0
31,COPOC,LAC,0.010000000000000009,0.9923076923076923,4.6038461538461535,3.603846153846154,1.0,1.0,5.142307692307691,0.007692307692307693,0.0
31,COPOC,LAC,0.020000000000000018,0.9846153846153847,4.3076923076923075,3.3076923076923075,1.5,2.0,5.615384615384613,0.023076923076923078,0.0
31,COPOC,LAC,0.030000000000000027,0.9846153846153847,4.2846153846153845,3.2846153846153845,1.5,2.0,4.823076923076922,0.023076923076923078,0.0
31,COPOC,LAC,0.050000000000000044,0.9730769230769231,3.792307692307692,2.792307692307692,1.5714285714285714,3.0,4.484615384615384,0.04230769230769231,0.0
31,COPOC,LAC,0.07999999999999996,0.9461538461538461,3.2807692307692307,2.2807692307692307,1.7142857142857142,4.0,4.588461538461539,0.09230769230769231,0.0
31,COPOC,LAC,0.09999999999999998,0.9038461538461539,3.0307692307692307,2.0307692307692307,1.56,4.0,5.030769230769231,0.15,0.0
31,COPOC,LAC,0.13,0.8846153846153846,2.8923076923076922,1.8923076923076922,1.6,4.0,4.732544378698225,0.18461538461538463,0.0
31,COPOC,LAC,0.15000000000000002,0.8730769230769231,2.7576923076923077,1.7576923076923077,1.6666666666666667,4.0,4.578205128205128,0.21153846153846154,0.0
31,COPOC,LAC,0.18000000000000005,0.8153846153846154,2.423076923076923,1.4230769230769231,1.5625,4.0,4.628205128205127,0.28846153846153844,0.0
31,COPOC,LAC,0.19999999999999996,0.7692307692307693,2.169230769230769,1.1692307692307693,1.55,4.0,4.746153846153846,0.3576923076923077,0.0
32,COPOC,min-CPS,0.010000000000000009,0.9923076923076923,4.553846153846154,3.5538461538461537,1.0,1.0,5.09230769230769,0.007692307692307693,0.0
32,COPOC,min-CPS,0.020000000000000018,0.9807692307692307,4.2153846153846155,3.2153846153846155,1.6,2.0,6.2923076923076895,0.03076923076923077,0.0
32,COPOC,min-CPS,0.030000000000000027,0.9653846153846154,3.830769230769231,2.830769230769231,1.4444444444444444,2.0,6.164102564102562,0.05,0.0
32,COPOC,min-CPS,0.050000000000000044,0.9423076923076923,3.4653846153846155,2.4653846153846155,1.4,3.0,5.696153846153843,0.08076923076923077,0.0
32,COPOC,min-CPS,0.07999999999999996,0.8961538461538462,3.103846153846154,2.103846153846154,1.2962962962962963,3.0,5.469230769230771,0.1346153846153846,0.0
32,COPOC,min-CPS,0.09999999999999998,0.8884615384615384,2.9269230769230767,1.926923076923077,1.3793103448275863,3.0,5.003846153846154,0.15384615384615385,0.0
32,COPOC,min-CPS,0.13,0.8384615384615385,2.6884615384615387,1.6884615384615385,1.3571428571428572,3.0,5.061242603550296,0.21923076923076923,0.0
32,COPOC,min-CPS,0.15000000000000002,0.823076923076923,2.5961538461538463,1.5961538461538463,1.3695652173913044,3.0,4.826923076923077,0.2423076923076923,0.0
32,COPOC,min-CPS,0.18000000000000005,0.8038461538461539,2.453846153846154,1.4538461538461538,1.3725490196078431,3.0,4.445299145299144,0.2692307692307692,0.0
32,COPOC,min-CPS,0.19999999999999996,0.7846153846153846,2.3346153846153848,1.3346153846153845,1.4285714285714286,3.0,4.411538461538462,0.3076923076923077,0.0
32,COPOC,RPS,0.010000000000000009,1.0,4.6461538461538465,3.646153846153846,,0.0,3.646153846153846,0.0,0.0
32,COPOC,RPS,0.020000000000000018,0.9923076923076923,4.376923076923077,3.376923076923077,1.0,1.0,4.146153846153846,0.007692307692307693,0.0
32,COPOC,RPS,0.030000000000000027,0.9692307692307692,4.026923076923077,3.026923076923077,1.0,1.0,5.078205128205127,0.03076923076923077,0.0
32,COPOC,RPS,0.050000000000000044,0.9346153846153846,3.65,2.65,1.1176470588235294,2.0,5.573076923076921,0.07307692307692308,0.0
32,COPOC,RPS,0.07999999999999996,0.9038461538461539,3.476923076923077,2.476923076923077,1.08,2.0,5.073076923076925,0.10384615384615385,0.0
32,COPOC,RPS,0.09999999999999998,0.8884615384615384,3.296153846153846,2.296153846153846,1.0689655172413792,2.0,4.680769230769231,0.11923076923076924,0.0
32,COPOC,RPS,0.13,0.8615384615384616,3.026923076923077,2.026923076923077,1.1388888888888888,2.0,4.452958579881656,0.1576923076923077,0.0
32,COPOC,RPS,0.15000000000000002,0.8346153846153846,2.7884615384615383,1.7884615384615385,1.2093023255813953,3.0,4.455128205128204,0.2,0.0
32,COPOC,RPS,0.18000000000000005,0.8192307692307692,2.6807692307692306,1.6807692307692308,1.2127659574468086,3.0,4.116666666666665,0.21923076923076923,0.0
32,COPOC,RPS,0.19999999999999996,0.8,2.576923076923077,1.5769230769230769,1.2692307692307692,3.0,4.115384615384615,0.25384615384615383,0.0
32,COPOC,OCDF,0.010000000000000009,1.0,4.957692307692308,3.957692307692308,,0.0,3.957692307692308,0.0,0.0
32,COPOC,OCDF,0.020000000000000018,0.9769230769230769,4.873076923076923,3.873076923076923,1.0,1.0,6.180769230769229,0.023076923076923078,0.0
32,COPOC,OCDF,0.030000000000000027,0.9615384615384616,4.823076923076923,3.8230769230769233,1.0,1.0,6.387179487179486,0.038461538461538464,0.0
32,COPOC,OCDF,0.050000000000000044,0.9423076923076923,4.6461538461538465,3.646153846153846,1.4,2.0,6.876923076923076,0.08076923076923077,0.0
32,COPOC,OCDF,0.07999999999999996,0.9038461538461539,4.415384615384616,3.4153846153846152,1.44,2.0,6.876923076923078,0.13846153846153847,0.0
32,COPOC,OCDF,0.09999999999999998,0.9038461538461539,4.346153846153846,3.3461538461538463,1.56,2.0,6.346153846153846,0.15,0.0
32,COPOC,OCDF,0.13,0.8769230769230769,4.223076923076923,3.223076923076923,1.46875,2.0,6.004142011834319,0.18076923076923077,0.0
32,COPOC,OCDF,0.15000000000000002,0.8769230769230769,4.184615384615385,3.1846153846153844,1.5,2.0,5.6461538461538465,0.18461538461538463,0.0
32,COPOC,OCDF,0.18000000000000005,0.8423076923076923,4.05,3.05,1.5365853658536586,3.0,5.7423076923076914,0.2423076923076923,0.0
32,COPOC,OCDF,0.19999999999999996,0.8153846153846154,3.8923076923076922,2.8923076923076922,1.625,3.0,5.892307692307693,0.3,0.0
32,COPOC,APS,0.010000000000000009,0.9923076923076923,4.5346153846153845,3.5346153846153845,1.0,1.0,5.073076923076921,0.007692307692307693,0.0
32,COPOC,APS,0.020000000000000018,0.9807692307692307,4.226923076923077,3.226923076923077,1.2,2.0,5.534615384615383,0.023076923076923078,0.0
32,COPOC,APS,0.030000000000000027,0.9769230769230769,4.1038461538461535,3.103846153846154,1.5,2.0,5.41153846153846,0.03461538461538462,0.0
32,COPOC,APS,0.050000000000000044,0.9538461538461539,3.626923076923077,2.626923076923077,1.5,2.0,5.396153846153845,0.06923076923076923,0.0
32,COPOC,APS,0.07999999999999996,0.9076923076923077,3.2846153846153845,2.2846153846153845,1.2916666666666667,3.0,5.265384615384617,0.11923076923076924,0.0
32,COPOC,APS,0.09999999999999998,0.8653846153846154,3.046153846153846,2.046153846153846,1.2285714285714286,3.0,5.3538461538461535,0.16538461538461538,0.0
32,COPOC,APS,0.13,0.85,2.8615384615384616,1.8653846153846154,1.3333333333333333,4.0,4.82396449704142,0.2,0.0
32,COPOC,APS,0.15000000000000002,0.8346153846153846,2.730769230769231,1.7346153846153847,1.372093023255814,4.0,4.657692307692307,0.22692307692307692,0.0
32,COPOC,APS,0.18000000000000005,0.8269230769230769,2.646153846153846,1.65,1.4222222222222223,4.0,4.2995726495726485,0.24615384615384617,0.0
32,COPOC,APS,0.19999999999999996,0.8,2.5076923076923077,1.5192307692307692,1.5384615384615385,4.0,4.211538461538462,0.3076923076923077,0.0
32,COPOC,LAC,0.010000000000000009,0.9923076923076923,4.565384615384615,3.5653846153846156,1.0,1.0,5.103846153846152,0.007692307692307693,0.0
32,COPOC,LAC,0.020000000000000018,0.9769230769230769,4.2,3.2,1.5,2.0,6.661538461538458,0.03461538461538462,0.0
32,COPOC,LAC,0.030000000000000027,0.9730769230769231,3.9692307692307693,2.9692307692307693,1.5714285714285714,2.0,5.789743589743587,0.04230769230769231,0.0
32,COPOC,LAC,0.050000000000000044,0.9461538461538461,3.4884615384615385,2.4884615384615385,1.4285714285714286,3.0,5.5653846153846125,0.07692307692307693,0.0
32,COPOC,LAC,0.07999999999999996,0.9038461538461539,3.1192307692307693,2.1192307692307693,1.4,3.0,5.4846153846153864,0.1346153846153846,0.0
32,COPOC,LAC,0.09999999999999998,0.8653846153846154,2.876923076923077,1.876923076923077,1.4285714285714286,3.0,5.723076923076923,0.19230769230769232,0.0
32,COPOC,LAC,0.13,0.8384615384615385,2.6115384615384616,1.6115384615384616,1.5238095238095237,3.0,5.39852071005917,0.24615384615384617,0.0
32,COPOC,LAC,0.15000000000000002,0.8307692307692308,2.4884615384615385,1.4884615384615385,1.5227272727272727,3.0,4.924358974358974,0.25769230769230766,0.0
32,COPOC,LAC,0.18000000000000005,0.8153846153846154,2.3846153846153846,1.3846153846153846,1.5,3.0,4.461538461538462,0.27692307692307694,0.0
32,COPOC,LAC,0.19999999999999996,0.7923076923076923,2.1961538461538463,1.1961538461538461,1.5,3.0,4.311538461538461,0.31153846153846154,0.0
33,COPOC,min-CPS,0.010000000000000009,0.9692307692307692,4.203846153846154,3.203846153846154,1.5,2.0,12.434615384615377,0.046153846153846156,0.0
33,COPOC,min-CPS,0.020000000000000018,0.9576923076923077,3.792307692307692,2.792307692307692,1.6363636363636365,3.0,9.715384615384608,0.06923076923076923,0.0
33,COPOC,min-CPS,0.030000000000000027,0.95,3.6653846153846152,2.6653846153846152,1.6153846153846154,3.0,8.049999999999997,0.08076923076923077,0.0
33,COPOC,min-CPS,0.050000000000000044,0.9307692307692308,3.2423076923076923,2.2423076923076923,1.6666666666666667,4.0,6.857692307692304,0.11538461538461539,0.0
33,COPOC,min-CPS,0.07999999999999996,0.9115384615384615,3.0115384615384615,2.0115384615384615,1.608695652173913,4.0,5.569230769230771,0.1423076923076923,0.0
33,COPOC,min-CPS,0.09999999999999998,0.8653846153846154,2.769230769230769,1.7692307692307692,1.4857142857142858,4.0,5.769230769230769,0.2,0.0
33,COPOC,min-CPS,0.13,0.8384615384615385,2.5961538461538463,1.5961538461538463,1.4523809523809523,4.0,5.205621301775149,0.23461538461538461,0.0
33,COPOC,min-CPS,0.15000000000000002,0.7884615384615384,2.376923076923077,1.376923076923077,1.4727272727272727,4.0,5.53076923076923,0.31153846153846154,0.0
33,COPOC,min-CPS,0.18000000000000005,0.7769230769230769,2.2653846153846153,1.2653846153846153,1.4827586206896552,4.0,4.940598290598289,0.33076923076923076,0.0
33,COPOC,min-CPS,0.19999999999999996,0.7653846153846153,2.223076923076923,1.2230769230769232,1.459016393442623,4.0,4.6461538461538465,0.3423076923076923,0.0
33,COPOC,RPS,0.010000000000000009,0.9730769230769231,4.1461538461538465,3.146153846153846,1.1428571428571428,2.0,9.299999999999995,0.03076923076923077,0.0
33,COPOC,RPS,0.020000000000000018,0.9615384615384616,3.957692307692308,2.957692307692308,1.2,2.0,7.573076923076919,0.046153846153846156,0.0
33,COPOC,RPS,0.030000000000000027,0.95,3.8192307692307694,2.8192307692307694,1.3076923076923077,2.0,7.178205128205124,0.06538461538461539,0.0
33,COPOC,RPS,0.050000000000000044,0.926923076923077,3.523076923076923,2.523076923076923,1.368421052631579,3.0,6.523076923076919,0.1,0.0
33,COPOC,RPS,0.07999999999999996,0.9153846153846154,3.3846153846153846,2.3846153846153846,1.3181818181818181,3.0,5.173076923076925,0.11153846153846154,0.0
33,COPOC,RPS,0.09999999999999998,0.9,3.273076923076923,2.273076923076923,1.2692307692307692,3.0,4.811538461538461,0.12692307692307692,0.0
33,COPOC,RPS,0.13,0.8769230769230769,2.996153846153846,1.9961538461538462,1.3125,3.0,4.481360946745562,0.16153846153846155,0.0
33,COPOC,RPS,0.15000000000000002,0.8346153846153846,2.753846153846154,1.7538461538461538,1.302325581395349,3.0,4.625641025641025,0.2153846153846154,0.0
33,COPOC,RPS,0.18000000000000005,0.8192307692307692,2.6423076923076922,1.6423076923076922,1.3191489361702127,3.0,4.291880341880341,0.23846153846153847,0.0
33,COPOC,RPS,0.19999999999999996,0.8038461538461539,2.523076923076923,1.523076923076923,1.3725490196078431,3.0,4.2153846153846155,0.2692307692307692,0.0
33,COPOC,OCDF,0.010000000000000009,0.9653846153846154,4.834615384615384,3.8346153846153848,1.3333333333333333,3.0,13.065384615384609,0.046153846153846156,0.0
33,COPOC,OCDF,0.020000000000000018,0.9615384615384616,4.776923076923077,3.776923076923077,1.3,3.0,8.776923076923074,0.05,0.0
33,COPOC,OCDF,0.030000000000000027,0.9461538461538461,4.7153846153846155,3.7153846153846155,1.4285714285714286,3.0,8.843589743589739,0.07692307692307693,0.0
33,COPOC,OCDF,0.050000000000000044,0.926923076923077,4.565384615384615,3.5653846153846156,1.4736842105263157,3.0,7.87307692307692,0.1076923076923077,0.0
33,COPOC,OCDF,0.07999999999999996,0.9115384615384615,4.484615384615385,3.4846153846153847,1.5217391304347827,3.0,6.850000000000001,0.1346153846153846,0.0
33,COPOC,OCDF,0.09999999999999998,0.8730769230769231,4.323076923076923,3.3230769230769233,1.4848484848484849,4.0,7.092307692307692,0.18846153846153846,0.0
33,COPOC,OCDF,0.13,0.85,4.184615384615385,3.1846153846153844,1.5128205128205128,4.0,6.675739644970414,0.22692307692307692,0.0
33,COPOC,OCDF,0.15000000000000002,0.8423076923076923,4.107692307692307,3.1076923076923078,1.5609756097560976,4.0,6.389743589743588,0.24615384615384617,0.0
33,COPOC,OCDF,0.18000000000000005,0.8076923076923077,3.9923076923076923,2.9923076923076923,1.58,4.0,6.368376068376067,0.3038461538461538,0.0
33,COPOC,OCDF,0.19999999999999996,0.7923076923076923,3.876923076923077,2.876923076923077,1.6666666666666667,4.0,6.338461538461538,0.34615384615384615,0.0
33,COPOC,APS,0.010000000000000009,0.9615384615384616,4.061538461538461,3.0615384615384613,1.3,2.0,13.061538461538452,0.05,0.0
33,COPOC,APS,0.020000000000000018,0.9576923076923077,3.830769230769231,2.830769230769231,1.7272727272727273,3.0,10.13846153846153,0.07307692307692308,0.0
33,COPOC,APS,0.030000000000000027,0.95,3.6846153846153844,2.6846153846153844,1.6153846153846154,3.0,8.069230769230765,0.08076923076923077,0.0
33,COPOC,APS,0.050000000000000044,0.9230769230769231,3.253846153846154,2.253846153846154,1.6,4.0,7.176923076923073,0.12307692307692308,0.0
33,COPOC,APS,0.07999999999999996,0.8923076923076924,3.0153846153846153,2.019230769230769,1.5714285714285714,4.0,5.865384615384617,0.16923076923076924,0.0
33,COPOC,APS,0.09999999999999998,0.8884615384615384,2.9461538461538463,1.95,1.5862068965517242,4.0,5.180769230769231,0.17692307692307693,0.0
33,COPOC,APS,0.13,0.8615384615384616,2.8230769230769233,1.8307692307692307,1.6666666666666667,4.0,4.907692307692308,0.23076923076923078,0.0
33,COPOC,APS,0.15000000000000002,0.8307692307692308,2.6769230769230767,1.6923076923076923,1.6590909090909092,4.0,4.717948717948717,0.28076923076923077,0.0
33,COPOC,APS,0.18000000000000005,0.7923076923076923,2.4884615384615385,1.5076923076923077,1.6481481481481481,4.0,4.541880341880341,0.3423076923076923,0.0
33,COPOC,APS,0.19999999999999996,0.7615384615384615,2.4076923076923076,1.4307692307692308,1.6290322580645162,4.0,4.469230769230769,0.38846153846153847,0.0
33,COPOC,LAC,0.010000000000000009,0.9653846153846154,4.180769230769231,3.1807692307692306,1.4444444444444444,2.0,13.180769230769224,0.05,0.0
33,COPOC,LAC,0.020000000000000018,0.9615384615384616,3.8923076923076922,2.8923076923076922,1.6,2.0,9.04615384615384,0.06153846153846154,0.0
33,COPOC,LAC,0.030000000000000027,0.9538461538461539,3.6846153846153844,2.6846153846153844,1.6666666666666667,3.0,7.812820512820508,0.07692307692307693,0.0
33,COPOC,LAC,0.050000000000000044,0.9153846153846154,3.126923076923077,2.126923076923077,1.6818181818181819,4.0,7.8192307692307645,0.1423076923076923,0.0
33,COPOC,LAC,0.07999999999999996,0.8807692307692307,2.9038461538461537,1.9038461538461537,1.5161290322580645,4.0,6.423076923076926,0.18076923076923077,0.0
33,COPOC,LAC,0.09999999999999998,0.8461538461538461,2.6769230769230767,1.676923076923077,1.525,4.0,6.369230769230769,0.23461538461538461,0.0
33,COPOC,LAC,0.13,0.823076923076923,2.4346153846153844,1.4346153846153846,1.6304347826086956,4.0,5.872485207100591,0.28846153846153844,0.0
33,COPOC,LAC,0.15000000000000002,0.823076923076923,2.396153846153846,1.396153846153846,1.6304347826086956,4.0,5.2423076923076914,0.28846153846153844,0.0
33,COPOC,LAC,0.18000000000000005,0.8,2.273076923076923,1.273076923076923,1.5961538461538463,4.0,4.82008547008547,0.3192307692307692,0.0
33,COPOC,LAC,0.19999999999999996,0.7653846153846153,2.0692307692307694,1.0692307692307692,1.5573770491803278,4.0,4.723076923076923,0.36538461538461536,0.0
34,COPOC,min-CPS,0.010000000000000009,0.9884615384615385,4.530769230769231,3.5307692307692307,1.0,1.0,5.838461538461536,0.011538461538461539,0.0
34,COPOC,min-CPS,0.020000000000000018,0.9653846153846154,3.976923076923077,2.976923076923077,1.3333333333333333,2.0,7.5923076923076875,0.046153846153846156,0.0
34,COPOC,min-CPS,0.030000000000000027,0.9576923076923077,3.7653846153846153,2.7653846153846153,1.4545454545454546,2.0,6.867948717948716,0.06153846153846154,0.0
34,COPOC,min-CPS,0.050000000000000044,0.95,3.519230769230769,2.519230769230769,1.5384615384615385,3.0,5.596153846153843,0.07692307692307693,0.0
34,COPOC,min-CPS,0.07999999999999996,0.9192307692307692,3.1576923076923076,2.1576923076923076,1.4285714285714286,3.0,5.042307692307694,0.11538461538461539,0.0
34,COPOC,min-CPS,0.09999999999999998,0.9076923076923077,3.05,2.05,1.4583333333333333,3.0,4.742307692307692,0.1346153846153846,0.0
34,COPOC,min-CPS,0.13,0.8269230769230769,2.6961538461538463,1.6961538461538461,1.3111111111111111,3.0,5.1872781065088756,0.22692307692307692,0.0
34,COPOC,min-CPS,0.15000000000000002,0.8153846153846154,2.580769230769231,1.5807692307692307,1.3958333333333333,3.0,5.016666666666667,0.25769230769230766,0.0
34,COPOC,min-CPS,0.18000000000000005,0.7846153846153846,2.3807692307692307,1.3807692307692307,1.4821428571428572,3.0,4.927777777777777,0.3192307692307692,0.0
34,COPOC,min-CPS,0.19999999999999996,0.7615384615384615,2.3153846153846156,1.3153846153846154,1.435483870967742,3.0,4.7384615384615385,0.3423076923076923,0.0
34,COPOC,RPS,0.010000000000000009,1.0,4.657692307692308,3.6576923076923076,,0.0,3.6576923076923076,0.0,0.0
34,COPOC,RPS,0.020000000000000018,0.9692307692307692,4.084615384615384,3.0846153846153848,1.0,1.0,6.161538461538458,0.03076923076923077,0.0
34,COPOC,RPS,0.030000000000000027,0.9692307692307692,4.065384615384615,3.0653846153846156,1.0,1.0,5.116666666666665,0.03076923076923077,0.0
34,COPOC,RPS,0.050000000000000044,0.9346153846153846,3.669230769230769,2.669230769230769,1.2352941176470589,2.0,5.899999999999997,0.08076923076923077,0.0
34,COPOC,RPS,0.07999999999999996,0.8884615384615384,3.4269230769230767,2.4269230769230767,1.1379310344827587,2.0,5.600000000000001,0.12692307692307692,0.0
34,COPOC,RPS,0.09999999999999998,0.8307692307692308,2.996153846153846,1.9961538461538462,1.1590909090909092,2.0,5.9192307692307695,0.19615384615384615,0.0
34,COPOC,RPS,0.13,0.8,2.7884615384615383,1.7884615384615385,1.1730769230769231,3.0,5.39792899408284,0.23461538461538461,0.0
34,COPOC,RPS,0.15000000000000002,0.7961538461538461,2.7423076923076923,1.7423076923076923,1.2075471698113207,3.0,5.024358974358974,0.24615384615384617,0.0
34,COPOC,RPS,0.18000000000000005,0.7653846153846153,2.5653846153846156,1.5653846153846154,1.2622950819672132,3.0,4.855982905982905,0.29615384615384616,0.0
34,COPOC,RPS,0.19999999999999996,0.7576923076923077,2.2576923076923077,1.2576923076923077,1.3968253968253967,3.0,4.642307692307693,0.3384615384615385,0.0
34,COPOC,OCDF,0.010000000000000009,1.0,4.9423076923076925,3.9423076923076925,,0.0,3.9423076923076925,0.0,0.0
34,COPOC,OCDF,0.020000000000000018,0.9653846153846154,4.803846153846154,3.8038461538461537,1.0,1.0,7.265384615384613,0.03461538461538462,0.0
34,COPOC,OCDF,0.030000000000000027,0.9576923076923077,4.773076923076923,3.773076923076923,1.0,1.0,6.5935897435897415,0.04230769230769231,0.0
34,COPOC,OCDF,0.050000000000000044,0.9076923076923077,4.476923076923077,3.476923076923077,1.3333333333333333,2.0,8.399999999999997,0.12307692307692308,0.0
34,COPOC,OCDF,0.07999999999999996,0.8884615384615384,4.342307692307692,3.3423076923076924,1.5172413793103448,2.0,7.573076923076925,0.16923076923076924,0.0
34,COPOC,OCDF,0.09999999999999998,0.8730769230769231,4.2615384615384615,3.2615384615384615,1.5757575757575757,2.0,7.2615384615384615,0.2,0.0
34,COPOC,OCDF,0.13,0.85,4.157692307692308,3.1576923076923076,1.5384615384615385,2.0,6.707988165680472,0.23076923076923078,0.0
34,COPOC,OCDF,0.15000000000000002,0.8192307692307692,4.042307692307692,3.042307692307692,1.574468085106383,3.0,6.837179487179487,0.2846153846153846,0.0
34,COPOC,OCDF,0.18000000000000005,0.7538461538461538,3.8076923076923075,2.8076923076923075,1.5625,3.0,7.08119658119658,0.38461538461538464,0.0
34,COPOC,OCDF,0.19999999999999996,0.7346153846153847,3.7384615384615385,2.7384615384615385,1.5797101449275361,3.0,6.930769230769231,0.41923076923076924,0.0
34,COPOC,APS,0.010000000000000009,0.9961538461538462,4.569230769230769,3.5692307692307694,1.0,1.0,4.338461538461537,0.0038461538461538464,0.0
34,COPOC,APS,0.020000000000000018,0.9538461538461539,3.9269230769230767,2.9269230769230767,1.3333333333333333,2.0,9.080769230769226,0.06153846153846154,0.0
34,COPOC,APS,0.030000000000000027,0.9461538461538461,3.6846153846153844,2.6846153846153844,1.3571428571428572,2.0,7.556410256410253,0.07307692307692308,0.0
34,COPOC,APS,0.050000000000000044,0.9384615384615385,3.5615384615384613,2.5615384615384613,1.375,3.0,5.946153846153844,0.08461538461538462,0.0
34,COPOC,APS,0.07999999999999996,0.9115384615384615,3.2653846153846153,2.269230769230769,1.4782608695652173,4.0,5.153846153846156,0.13076923076923078,0.0
34,COPOC,APS,0.09999999999999998,0.8884615384615384,3.1307692307692307,2.1384615384615384,1.5172413793103448,4.0,4.907692307692308,0.16923076923076924,0.0
34,COPOC,APS,0.13,0.8615384615384616,2.8923076923076922,1.9038461538461537,1.5833333333333333,4.0,4.566568047337277,0.21923076923076923,0.0
34,COPOC,APS,0.15000000000000002,0.8192307692307692,2.7423076923076923,1.7653846153846153,1.6595744680851063,4.0,4.5346153846153845,0.3,0.0
34,COPOC,APS,0.18000000000000005,0.8038461538461539,2.6846153846153844,1.7076923076923076,1.607843137254902,4.0,4.186324786324785,0.3153846153846154,0.0
34,COPOC,APS,0.19999999999999996,0.7769230769230769,2.5384615384615383,1.5653846153846154,1.6551724137931034,4.0,4.180769230769231,0.36923076923076925,0.0
34,COPOC,LAC,0.010000000000000009,0.9884615384615385,4.526923076923077,3.526923076923077,1.0,1.0,5.8346153846153825,0.011538461538461539,0.0
34,COPOC,LAC,0.020000000000000018,0.9653846153846154,3.95,2.95,1.5555555555555556,2.0,8.33461538461538,0.05384615384615385,0.0
34,COPOC,LAC,0.030000000000000027,0.9615384615384616,3.830769230769231,2.830769230769231,1.5,2.0,6.6769230769230745,0.057692307692307696,0.0
34,COPOC,LAC,0.050000000000000044,0.95,3.5,2.5,1.4615384615384615,3.0,5.423076923076922,0.07307692307692308,0.0
34,COPOC,LAC,0.07999999999999996,0.9115384615384615,3.146153846153846,2.146153846153846,1.434782608695652,3.0,5.319230769230771,0.12692307692307692,0.0
34,COPOC,LAC,0.09999999999999998,0.9,3.023076923076923,2.023076923076923,1.5,3.0,5.023076923076923,0.15,0.0
34,COPOC,LAC,0.13,0.8615384615384616,2.7807692307692307,1.7807692307692307,1.5555555555555556,3.0,5.094378698224853,0.2153846153846154,0.0
34,COPOC,LAC,0.15000000000000002,0.8423076923076923,2.5576923076923075,1.5576923076923077,1.6341463414634145,3.0,4.993589743589744,0.25769230769230766,0.0
34,COPOC,LAC,0.18000000000000005,0.8,2.3884615384615384,1.3884615384615384,1.5576923076923077,3.0,4.849999999999999,0.31153846153846154,0.0
34,COPOC,LAC,0.19999999999999996,0.7615384615384615,2.146153846153846,1.146153846153846,1.6290322580645162,3.0,5.030769230769231,0.38846153846153847,0.0
35,COPOC,min-CPS,0.010000000000000009,0.9961538461538462,4.638461538461539,3.6384615384615384,1.0,1.0,4.407692307692307,0.0038461538461538464,0.0
35,COPOC,min-CPS,0.020000000000000018,0.9846153846153847,4.280769230769231,3.2807692307692307,1.75,2.0,5.973076923076921,0.026923076923076925,0.0
35,COPOC,min-CPS,0.030000000000000027,0.9730769230769231,4.046153846153846,3.046153846153846,1.4285714285714286,2.0,5.610256410256409,0.038461538461538464,0.0
35,COPOC,min-CPS,0.050000000000000044,0.9346153846153846,3.453846153846154,2.453846153846154,1.3529411764705883,3.0,5.99230769230769,0.08846153846153847,0.0
35,COPOC,min-CPS,0.07999999999999996,0.9038461538461539,3.173076923076923,2.173076923076923,1.32,3.0,5.346153846153848,0.12692307692307692,0.0
35,COPOC,min-CPS,0.09999999999999998,0.8961538461538462,3.0615384615384613,2.0615384615384613,1.3333333333333333,3.0,4.8307692307692305,0.13846153846153847,0.0
35,COPOC,min-CPS,0.13,0.8807692307692307,2.9153846153846152,1.9153846153846155,1.3548387096774193,3.0,4.400591715976332,0.16153846153846155,0.0
35,COPOC,min-CPS,0.15000000000000002,0.8538461538461538,2.7115384615384617,1.7115384615384615,1.394736842105263,3.0,4.429487179487179,0.20384615384615384,0.0
35,COPOC,min-CPS,0.18000000000000005,0.823076923076923,2.4846153846153847,1.4846153846153847,1.4565217391304348,3.0,4.3478632478632475,0.25769230769230766,0.0
35,COPOC,min-CPS,0.19999999999999996,0.8076923076923077,2.4,1.4,1.44,3.0,4.1692307692307695,0.27692307692307694,0.0
35,COPOC,RPS,0.010000000000000009,0.9961538461538462,4.630769230769231,3.6307692307692307,1.0,1.0,4.3999999999999995,0.0038461538461538464,0.0
35,COPOC,RPS,0.020000000000000018,0.9884615384615385,4.246153846153846,3.246153846153846,1.0,1.0,4.399999999999999,0.011538461538461539,0.0
35,COPOC,RPS,0.030000000000000027,0.9846153846153847,4.184615384615385,3.1846153846153844,1.0,1.0,4.2102564102564095,0.015384615384615385,0.0
35,COPOC,RPS,0.050000000000000044,0.9384615384615385,3.703846153846154,2.703846153846154,1.1875,2.0,5.626923076923076,0.07307692307692308,0.0
35,COPOC,RPS,0.07999999999999996,0.9038461538461539,3.476923076923077,2.476923076923077,1.12,2.0,5.169230769230771,0.1076923076923077,0.0
35,COPOC,RPS,0.09999999999999998,0.8653846153846154,3.1615384615384614,2.1615384615384614,1.1142857142857143,2.0,5.161538461538462,0.15,0.0
35,COPOC,RPS,0.13,0.8346153846153846,2.873076923076923,1.873076923076923,1.186046511627907,3.0,4.890828402366864,0.19615384615384615,0.0
35,COPOC,RPS,0.15000000000000002,0.823076923076923,2.776923076923077,1.7769230769230768,1.1956521739130435,3.0,4.597435897435897,0.21153846153846154,0.0
35,COPOC,RPS,0.18000000000000005,0.8153846153846154,2.6961538461538463,1.6961538461538461,1.2083333333333333,3.0,4.174786324786324,0.2230769230769231,0.0
35,COPOC,RPS,0.19999999999999996,0.8,2.5884615384615386,1.5884615384615384,1.2692307692307692,3.0,4.126923076923077,0.25384615384615383,0.0
35,COPOC,OCDF,0.010000000000000009,0.9961538461538462,4.9423076923076925,3.9423076923076925,2.0,2.0,5.480769230769229,0.007692307692307693,0.0
35,COPOC,OCDF,0.020000000000000018,0.9884615384615385,4.903846153846154,3.9038461538461537,1.6666666666666667,3.0,5.826923076923075,0.019230769230769232,0.0
35,COPOC,OCDF,0.030000000000000027,0.9807692307692307,4.873076923076923,3.873076923076923,1.4,3.0,5.6679487179487165,0.026923076923076925,0.0
35,COPOC,OCDF,0.050000000000000044,0.9384615384615385,4.6,3.6,1.4375,3.0,7.138461538461536,0.08846153846153847,0.0
35,COPOC,OCDF,0.07999999999999996,0.9038461538461539,4.423076923076923,3.423076923076923,1.48,4.0,6.980769230769233,0.1423076923076923,0.0
35,COPOC,OCDF,0.09999999999999998,0.8807692307692307,4.296153846153846,3.296153846153846,1.5161290322580645,4.0,6.911538461538462,0.18076923076923077,0.0
35,COPOC,OCDF,0.13,0.8769230769230769,4.226923076923077,3.226923076923077,1.5,4.0,6.067159763313609,0.18461538461538463,0.0
35,COPOC,OCDF,0.15000000000000002,0.8653846153846154,4.1461538461538465,3.146153846153846,1.542857142857143,4.0,5.915384615384616,0.2076923076923077,0.0
35,COPOC,OCDF,0.18000000000000005,0.8346153846153846,4.026923076923077,3.026923076923077,1.6046511627906976,4.0,5.975641025641025,0.2653846153846154,0.0
35,COPOC,OCDF,0.19999999999999996,0.8269230769230769,3.9038461538461537,2.9038461538461537,1.6666666666666667,4.0,5.788461538461538,0.28846153846153844,0.0
35,COPOC,APS,0.010000000000000009,0.9884615384615385,4.507692307692308,3.5076923076923077,1.0,1.0,5.815384615384613,0.011538461538461539,0.0
35,COPOC,APS,0.020000000000000018,0.9769230769230769,4.176923076923077,3.1769230769230767,1.3333333333333333,2.0,6.253846153846151,0.03076923076923077,0.0
35,COPOC,APS,0.030000000000000027,0.9769230769230769,4.153846153846154,3.1538461538461537,1.3333333333333333,2.0,5.2051282051282035,0.03076923076923077,0.0
35,COPOC,APS,0.050000000000000044,0.9307692307692308,3.5923076923076924,2.5923076923076924,1.3333333333333333,3.0,6.284615384615381,0.09230769230769231,0.0
35,COPOC,APS,0.07999999999999996,0.8961538461538462,3.2653846153846153,2.269230769230769,1.3703703703703705,4.0,5.442307692307694,0.1423076923076923,0.0
35,COPOC,APS,0.09999999999999998,0.8769230769230769,3.15,2.1615384615384614,1.5,4.0,4.930769230769231,0.18461538461538463,0.0
35,COPOC,APS,0.13,0.8576923076923076,2.9615384615384617,1.9730769230769232,1.5405405405405406,4.0,4.635798816568047,0.21923076923076923,0.0
35,COPOC,APS,0.15000000000000002,0.8538461538461538,2.9269230769230767,1.9384615384615385,1.5263157894736843,4.0,4.297435897435897,0.2230769230769231,0.0
35,COPOC,APS,0.18000000000000005,0.8269230769230769,2.7576923076923077,1.773076923076923,1.5777777777777777,4.0,4.166239316239316,0.27307692307692305,0.0
35,COPOC,APS,0.19999999999999996,0.8153846153846154,2.6538461538461537,1.6730769230769231,1.625,4.0,4.019230769230769,0.3,0.0
35,COPOC,LAC,0.010000000000000009,0.9961538461538462,4.642307692307693,3.6423076923076922,1.0,1.0,4.411538461538461,0.0038461538461538464,0.0
35,COPOC,LAC,0.020000000000000018,0.9846153846153847,4.265384615384615,3.2653846153846153,1.75,2.0,5.957692307692306,0.026923076923076925,0.0
35,COPOC,LAC,0.030000000000000027,0.9730769230769231,4.015384615384615,3.0153846153846153,1.5714285714285714,2.0,5.835897435897434,0.04230769230769231,0.0
35,COPOC,LAC,0.050000000000000044,0.9346153846153846,3.4461538461538463,2.4461538461538463,1.411764705882353,3.0,6.138461538461535,0.09230769230769231,0.0
35,COPOC,LAC,0.07999999999999996,0.926923076923077,3.292307692307692,2.292307692307692,1.368421052631579,3.0,4.792307692307694,0.1,0.0
35,COPOC,LAC,0.09999999999999998,0.8769230769230769,2.980769230769231,1.9807692307692308,1.4375,3.0,5.519230769230769,0.17692307692307693,0.0
35,COPOC,LAC,0.13,0.8730769230769231,2.853846153846154,1.853846153846154,1.5151515151515151,3.0,4.812426035502958,0.19230769230769232,0.0
35,COPOC,LAC,0.15000000000000002,0.8423076923076923,2.55,1.55,1.5121951219512195,3.0,4.729487179487179,0.23846153846153847,0.0
35,COPOC,LAC,0.18000000000000005,0.8269230769230769,2.4461538461538463,1.4461538461538461,1.5555555555555556,3.0,4.437606837606837,0.2692307692307692,0.0
35,COPOC,LAC,0.19999999999999996,0.7807692307692308,2.1192307692307693,1.1192307692307693,1.5964912280701755,3.0,4.619230769230769,0.35,0.0
36,COPOC,min-CPS,0.010000000000000009,0.9923076923076923,4.553846153846154,3.5538461538461537,1.0,1.0,5.09230769230769,0.007692307692307693,0.0
36,COPOC,min-CPS,0.020000000000000018,0.9615384615384616,3.8192307692307694,2.8192307692307694,1.5,3.0,8.588461538461535,0.057692307692307696,0.0
36,COPOC,min-CPS,0.030000000000000027,0.9538461538461539,3.703846153846154,2.703846153846154,1.5,3.0,7.319230769230765,0.06923076923076923,0.0
36,COPOC,min-CPS,0.050000000000000044,0.9307692307692308,3.2807692307692307,2.2807692307692307,1.5,4.0,6.434615384615381,0.10384615384615385,0.0
36,COPOC,min-CPS,0.07999999999999996,0.9,3.042307692307692,2.042307692307692,1.4230769230769231,4.0,5.600000000000001,0.1423076923076923,0.0
36,COPOC,min-CPS,0.09999999999999998,0.8769230769230769,2.8615384615384616,1.8615384615384616,1.40625,4.0,5.323076923076923,0.17307692307692307,0.0
36,COPOC,min-CPS,0.13,0.8576923076923076,2.75,1.75,1.4054054054054055,4.0,4.826923076923077,0.2,0.0
36,COPOC,min-CPS,0.15000000000000002,0.8307692307692308,2.580769230769231,1.5807692307692307,1.4318181818181819,4.0,4.811538461538461,0.2423076923076923,0.0
36,COPOC,min-CPS,0.18000000000000005,0.7923076923076923,2.376923076923077,1.376923076923077,1.537037037037037,4.0,4.923931623931622,0.3192307692307692,0.0
36,COPOC,min-CPS,0.19999999999999996,0.7807692307692308,2.3115384615384613,1.3115384615384615,1.5263157894736843,4.0,4.657692307692308,0.3346153846153846,0.0
36,COPOC,RPS,0.010000000000000009,0.9884615384615385,4.45,3.45,1.0,1.0,5.757692307692306,0.011538461538461539,0.0
36,COPOC,RPS,0.020000000000000018,0.9730769230769231,4.026923076923077,3.026923076923077,1.1428571428571428,2.0,6.103846153846151,0.03076923076923077,0.0
36,COPOC,RPS,0.030000000000000027,0.9730769230769231,4.0,3.0,1.1428571428571428,2.0,5.05128205128205,0.03076923076923077,0.0
36,COPOC,RPS,0.050000000000000044,0.9423076923076923,3.6538461538461537,2.6538461538461537,1.4,3.0,5.8846153846153815,0.08076923076923077,0.0
36,COPOC,RPS,0.07999999999999996,0.9076923076923077,3.4307692307692306,2.4307692307692306,1.25,3.0,5.315384615384617,0.11538461538461539,0.0
36,COPOC,RPS,0.09999999999999998,0.8846153846153846,3.1846153846153844,2.1846153846153844,1.2333333333333334,3.0,5.030769230769231,0.1423076923076923,0.0
36,COPOC,RPS,0.13,0.8461538461538461,2.9307692307692306,1.9307692307692308,1.2,3.0,4.771005917159764,0.18461538461538463,0.0
36,COPOC,RPS,0.15000000000000002,0.823076923076923,2.75,1.75,1.2173913043478262,3.0,4.621794871794871,0.2153846153846154,0.0
36,COPOC,RPS,0.18000000000000005,0.7961538461538461,2.6115384615384616,1.6115384615384616,1.3018867924528301,3.0,4.56025641025641,0.2653846153846154,0.0
36,COPOC,RPS,0.19999999999999996,0.7807692307692308,2.423076923076923,1.4230769230769231,1.3508771929824561,3.0,4.384615384615385,0.29615384615384616,0.0
36,COPOC,OCDF,0.010000000000000009,0.9961538461538462,4.961538461538462,3.9615384615384617,1.0,1.0,4.73076923076923,0.0038461538461538464,0.0
36,COPOC,OCDF,0.020000000000000018,0.9923076923076923,4.946153846153846,3.9461538461538463,1.0,1.0,4.715384615384615,0.007692307692307693,0.0
36,COPOC,OCDF,0.030000000000000027,0.9807692307692307,4.907692307692308,3.9076923076923076,1.2,2.0,5.4461538461538455,0.023076923076923078,0.0
36,COPOC,OCDF,0.050000000000000044,0.9692307692307692,4.838461538461538,3.8384615384615386,1.375,2.0,5.530769230769229,0.04230769230769231,0.0
36,COPOC,OCDF,0.07999999999999996,0.9153846153846154,4.553846153846154,3.5538461538461537,1.3181818181818181,2.0,6.342307692307694,0.11153846153846154,0.0
36,COPOC,OCDF,0.09999999999999998,0.9,4.446153846153846,3.4461538461538463,1.4230769230769231,2.0,6.292307692307692,0.1423076923076923,0.0
36,COPOC,OCDF,0.13,0.8961538461538462,4.376923076923077,3.376923076923077,1.4444444444444444,2.0,5.684615384615385,0.15,0.0
36,COPOC,OCDF,0.15000000000000002,0.8615384615384616,4.2153846153846155,3.2153846153846155,1.4722222222222223,2.0,5.933333333333333,0.20384615384615384,0.0
36,COPOC,OCDF,0.18000000000000005,0.8346153846153846,4.115384615384615,3.1153846153846154,1.441860465116279,2.0,5.764957264957264,0.23846153846153847,0.0
36,COPOC,OCDF,0.19999999999999996,0.823076923076923,3.976923076923077,2.976923076923077,1.5869565217391304,3.0,5.7846153846153845,0.28076923076923077,0.0
36,COPOC,APS,0.010000000000000009,0.9923076923076923,4.423076923076923,3.423076923076923,1.0,1.0,4.96153846153846,0.007692307692307693,0.0
36,COPOC,APS,0.020000000000000018,0.9692307692307692,4.207692307692308,3.207692307692308,1.125,2.0,6.669230769230766,0.03461538461538462,0.0
36,COPOC,APS,0.030000000000000027,0.9461538461538461,3.7153846153846155,2.7153846153846155,1.3571428571428572,3.0,7.587179487179483,0.07307692307692308,0.0
36,COPOC,APS,0.050000000000000044,0.9153846153846154,3.4384615384615387,2.4384615384615387,1.2727272727272727,3.0,6.746153846153843,0.1076923076923077,0.0
36,COPOC,APS,0.07999999999999996,0.9115384615384615,3.169230769230769,2.169230769230769,1.4782608695652173,4.0,5.4384615384615405,0.13076923076923078,0.0
36,COPOC,APS,0.09999999999999998,0.8961538461538462,3.0961538461538463,2.0961538461538463,1.4444444444444444,4.0,5.096153846153846,0.15,0.0
36,COPOC,APS,0.13,0.8615384615384616,2.85,1.8576923076923078,1.5555555555555556,4.0,4.69792899408284,0.2153846153846154,0.0
36,COPOC,APS,0.15000000000000002,0.8461538461538461,2.703846153846154,1.7153846153846153,1.625,4.0,4.433333333333333,0.25,0.0
36,COPOC,APS,0.18000000000000005,0.8192307692307692,2.576923076923077,1.5923076923076922,1.6808510638297873,4.0,4.2846153846153845,0.3038461538461538,0.0
36,COPOC,APS,0.19999999999999996,0.7884615384615384,2.4423076923076925,1.4653846153846153,1.7818181818181817,4.0,4.311538461538461,0.3769230769230769,0.0
36,COPOC,LAC,0.010000000000000009,0.9923076923076923,4.561538461538461,3.5615384615384613,1.0,1.0,5.099999999999998,0.007692307692307693,0.0
36,COPOC,LAC,0.020000000000000018,0.9653846153846154,3.9346153846153844,2.9346153846153844,1.4444444444444444,2.0,7.934615384615381,0.05,0.0
36,COPOC,LAC,0.030000000000000027,0.9576923076923077,3.792307692307692,2.792307692307692,1.4545454545454546,3.0,6.894871794871791,0.06153846153846154,0.0
36,COPOC,LAC,0.050000000000000044,0.9461538461538461,3.4153846153846152,2.4153846153846152,1.5714285714285714,4.0,5.799999999999997,0.08461538461538462,0.0
36,COPOC,LAC,0.07999999999999996,0.9076923076923077,3.0884615384615386,2.0884615384615386,1.4166666666666667,4.0,5.357692307692309,0.13076923076923078,0.0
36,COPOC,LAC,0.09999999999999998,0.8807692307692307,2.9038461538461537,1.9038461538461537,1.4838709677419355,4.0,5.4423076923076925,0.17692307692307693,0.0
36,COPOC,LAC,0.13,0.8653846153846154,2.7384615384615385,1.7384615384615385,1.5714285714285714,4.0,4.992899408284024,0.21153846153846154,0.0
36,COPOC,LAC,0.15000000000000002,0.8423076923076923,2.496153846153846,1.4961538461538462,1.6585365853658536,4.0,4.9833333333333325,0.26153846153846155,0.0
36,COPOC,LAC,0.18000000000000005,0.8115384615384615,2.3615384615384616,1.3615384615384616,1.5918367346938775,4.0,4.694871794871794,0.3,0.0
36,COPOC,LAC,0.19999999999999996,0.7961538461538461,2.1961538461538463,1.1961538461538461,1.6415094339622642,4.0,4.542307692307692,0.3346153846153846,0.0
37,COPOC,min-CPS,0.010000000000000009,0.9961538461538462,4.623076923076923,3.623076923076923,1.0,1.0,4.392307692307692,0.0038461538461538464,0.0
37,COPOC,min-CPS,0.020000000000000018,0.9807692307692307,4.2384615384615385,3.2384615384615385,1.4,2.0,5.930769230769228,0.026923076923076925,0.0
37,COPOC,min-CPS,0.030000000000000027,0.9692307692307692,3.8423076923076924,2.8423076923076924,1.5,2.0,5.919230769230768,0.046153846153846156,0.0
37,COPOC,min-CPS,0.050000000000000044,0.9538461538461539,3.503846153846154,2.503846153846154,1.5833333333333333,3.0,5.4269230769230745,0.07307692307692308,0.0
37,COPOC,min-CPS,0.07999999999999996,0.9423076923076923,3.2,2.2,1.6,3.0,4.507692307692309,0.09230769230769231,0.0
37,COPOC,min-CPS,0.09999999999999998,0.8923076923076924,2.919230769230769,1.9192307692307693,1.3571428571428572,3.0,4.842307692307692,0.14615384615384616,0.0
37,COPOC,min-CPS,0.13,0.8923076923076924,2.826923076923077,1.8269230769230769,1.4285714285714286,3.0,4.19378698224852,0.15384615384615385,0.0
37,COPOC,min-CPS,0.15000000000000002,0.85,2.626923076923077,1.626923076923077,1.4102564102564104,3.0,4.447435897435897,0.21153846153846154,0.0
37,COPOC,min-CPS,0.18000000000000005,0.8076923076923077,2.4153846153846152,1.4153846153846155,1.34,3.0,4.2786324786324785,0.25769230769230766,0.0
37,COPOC,min-CPS,0.19999999999999996,0.8076923076923077,2.3615384615384616,1.3615384615384616,1.34,3.0,3.9384615384615387,0.25769230769230766,0.0
37,COPOC,RPS,0.010000000000000009,1.0,4.65,3.65,,0.0,3.65,0.0,0.0
37,COPOC,RPS,0.020000000000000018,0.9807692307692307,4.161538461538462,3.1615384615384614,1.0,1.0,5.0846153846153825,0.019230769230769232,0.0
37,COPOC,RPS,0.030000000000000027,0.9807692307692307,4.05,3.05,1.0,1.0,4.332051282051281,0.019230769230769232,0.0
37,COPOC,RPS,0.050000000000000044,0.9653846153846154,3.873076923076923,2.873076923076923,1.1111111111111112,2.0,4.41153846153846,0.038461538461538464,0.0
37,COPOC,RPS,0.07999999999999996,0.9346153846153846,3.5846153846153848,2.5846153846153848,1.1764705882352942,2.0,4.507692307692309,0.07692307692307693,0.0
37,COPOC,RPS,0.09999999999999998,0.9192307692307692,3.4346153846153844,2.4346153846153844,1.1428571428571428,2.0,4.280769230769231,0.09230769230769231,0.0
37,COPOC,RPS,0.13,0.8923076923076924,3.123076923076923,2.123076923076923,1.1785714285714286,2.0,4.0757396449704135,0.12692307692307692,0.0
37,COPOC,RPS,0.15000000000000002,0.8576923076923076,2.8576923076923078,1.8576923076923078,1.1891891891891893,2.0,4.114102564102564,0.16923076923076924,0.0
37,COPOC,RPS,0.18000000000000005,0.8115384615384615,2.669230769230769,1.6692307692307693,1.183673469387755,3.0,4.147863247863247,0.2230769230769231,0.0
37,COPOC,RPS,0.19999999999999996,0.7923076923076923,2.5846153846153848,1.5846153846153845,1.1851851851851851,3.0,4.046153846153846,0.24615384615384617,0.0
37,COPOC,OCDF,0.010000000000000009,1.0,4.976923076923077,3.976923076923077,,0.0,3.976923076923077,0.0,0.0
37,COPOC,OCDF,0.020000000000000018,0.9961538461538462,4.930769230769231,3.9307692307692306,1.0,1.0,4.315384615384615,0.0038461538461538464,0.0
37,COPOC,OCDF,0.030000000000000027,0.9961538461538462,4.915384615384616,3.9153846153846152,1.0,1.0,4.171794871794871,0.0038461538461538464,0.0
37,COPOC,OCDF,0.050000000000000044,0.9653846153846154,4.765384615384615,3.7653846153846153,1.1111111111111112,2.0,5.303846153846153,0.038461538461538464,0.0
37,COPOC,OCDF,0.07999999999999996,0.9384615384615385,4.569230769230769,3.5692307692307694,1.375,2.0,5.684615384615386,0.08461538461538462,0.0
37,COPOC,OCDF,0.09999999999999998,0.926923076923077,4.476923076923077,3.476923076923077,1.368421052631579,2.0,5.476923076923077,0.1,0.0
37,COPOC,OCDF,0.13,0.8653846153846154,4.2153846153846155,3.2153846153846155,1.457142857142857,2.0,6.233136094674557,0.19615384615384615,0.0
37,COPOC,OCDF,0.15000000000000002,0.8576923076923076,4.157692307692308,3.1576923076923076,1.4864864864864864,2.0,5.978205128205128,0.21153846153846154,0.0
37,COPOC,OCDF,0.18000000000000005,0.8307692307692308,4.088461538461538,3.0884615384615386,1.4545454545454546,3.0,5.823504273504272,0.24615384615384617,0.0
37,COPOC,OCDF,0.19999999999999996,0.8153846153846154,3.9423076923076925,2.9423076923076925,1.5416666666666667,3.0,5.788461538461538,0.2846153846153846,0.0
37,COPOC,APS,0.010000000000000009,0.9961538461538462,4.515384615384615,3.5153846153846153,1.0,1.0,4.284615384615384,0.0038461538461538464,0.0
37,COPOC,APS,0.020000000000000018,0.9807692307692307,4.230769230769231,3.230769230769231,1.2,2.0,5.5384615384615365,0.023076923076923078,0.0
37,COPOC,APS,0.030000000000000027,0.9653846153846154,3.9307692307692306,2.9307692307692306,1.3333333333333333,2.0,6.007692307692305,0.046153846153846156,0.0
37,COPOC,APS,0.050000000000000044,0.9461538461538461,3.5653846153846156,2.5653846153846156,1.4285714285714286,3.0,5.642307692307691,0.07692307692307693,0.0
37,COPOC,APS,0.07999999999999996,0.9384615384615385,3.4038461538461537,2.4038461538461537,1.375,3.0,4.519230769230771,0.08461538461538462,0.0
37,COPOC,APS,0.09999999999999998,0.926923076923077,3.126923076923077,2.126923076923077,1.5263157894736843,3.0,4.357692307692307,0.11153846153846154,0.0
37,COPOC,APS,0.13,0.9153846153846154,2.996153846153846,2.003846153846154,1.7272727272727273,4.0,3.897337278106509,0.14615384615384616,0.0
37,COPOC,APS,0.15000000000000002,0.8769230769230769,2.8038461538461537,1.8153846153846154,1.65625,4.0,4.02051282051282,0.20384615384615384,0.0
37,COPOC,APS,0.18000000000000005,0.8576923076923076,2.726923076923077,1.7423076923076923,1.6486486486486487,4.0,3.7508547008547004,0.23461538461538461,0.0
37,COPOC,APS,0.19999999999999996,0.8,2.542307692307692,1.5653846153846154,1.6346153846153846,4.0,3.9884615384615385,0.3269230769230769,0.0
37,COPOC,LAC,0.010000000000000009,0.9961538461538462,4.623076923076923,3.623076923076923,1.0,1.0,4.392307692307692,0.0038461538461538464,0.0
37,COPOC,LAC,0.020000000000000018,0.9769230769230769,4.226923076923077,3.226923076923077,1.3333333333333333,2.0,6.303846153846151,0.03076923076923077,0.0
37,COPOC,LAC,0.030000000000000027,0.9692307692307692,3.9269230769230767,2.9269230769230767,1.5,2.0,6.003846153846152,0.046153846153846156,0.0
37,COPOC,LAC,0.050000000000000044,0.95,3.423076923076923,2.423076923076923,1.6153846153846154,3.0,5.653846153846151,0.08076923076923077,0.0
37,COPOC,LAC,0.07999999999999996,0.9423076923076923,3.1846153846153844,2.1846153846153844,1.6,3.0,4.492307692307694,0.09230769230769231,0.0
37,COPOC,LAC,0.09999999999999998,0.9230769230769231,3.026923076923077,2.026923076923077,1.5,3.0,4.334615384615384,0.11538461538461539,0.0
37,COPOC,LAC,0.13,0.8807692307692307,2.792307692307692,1.7923076923076924,1.4838709677419355,3.0,4.514201183431952,0.17692307692307693,0.0
37,COPOC,LAC,0.15000000000000002,0.8615384615384616,2.580769230769231,1.5807692307692307,1.5,3.0,4.35,0.2076923076923077,0.0
37,COPOC,LAC,0.18000000000000005,0.8038461538461539,2.353846153846154,1.353846153846154,1.4509803921568627,3.0,4.516239316239316,0.2846153846153846,0.0
37,COPOC,LAC,0.19999999999999996,0.8038461538461539,2.3153846153846156,1.3153846153846154,1.5098039215686274,3.0,4.276923076923077,0.29615384615384616,0.0
38,COPOC,min-CPS,0.010000000000000009,0.9846153846153847,4.446153846153846,3.4461538461538463,1.0,1.0,6.52307692307692,0.015384615384615385,0.0
38,COPOC,min-CPS,0.020000000000000018,0.9769230769230769,4.257692307692308,3.2576923076923077,1.6666666666666667,2.0,7.10384615384615,0.038461538461538464,0.0
38,COPOC,min-CPS,0.030000000000000027,0.9692307692307692,3.9461538461538463,2.9461538461538463,1.625,3.0,6.279487179487177,0.05,0.0
38,COPOC,min-CPS,0.050000000000000044,0.9692307692307692,3.8153846153846156,2.8153846153846156,1.75,3.0,4.969230769230768,0.05384615384615385,0.0
38,COPOC,min-CPS,0.07999999999999996,0.9461538461538461,3.4,2.4,1.5714285714285714,4.0,4.515384615384617,0.08461538461538462,0.0
38,COPOC,min-CPS,0.09999999999999998,0.9346153846153846,3.230769230769231,2.230769230769231,1.5294117647058822,4.0,4.230769230769231,0.1,0.0
38,COPOC,min-CPS,0.13,0.9115384615384615,2.996153846153846,1.9961538461538462,1.434782608695652,4.0,3.948816568047337,0.12692307692307692,0.0
38,COPOC,min-CPS,0.15000000000000002,0.8884615384615384,2.8807692307692307,1.8807692307692307,1.3793103448275863,4.0,3.932051282051282,0.15384615384615385,0.0
38,COPOC,min-CPS,0.18000000000000005,0.8615384615384616,2.6807692307692306,1.6807692307692308,1.3888888888888888,4.0,3.817521367521367,0.19230769230769232,0.0
38,COPOC,min-CPS,0.19999999999999996,0.8461538461538461,2.542307692307692,1.5423076923076924,1.475,4.0,3.8115384615384613,0.22692307692307692,0.0
38,COPOC,RPS,0.010000000000000009,0.9961538461538462,4.65,3.65,1.0,1.0,4.419230769230769,0.0038461538461538464,0.0
38,COPOC,RPS,0.020000000000000018,0.9884615384615385,4.2615384615384615,3.2615384615384615,1.3333333333333333,2.0,4.799999999999998,0.015384615384615385,0.0
38,COPOC,RPS,0.030000000000000027,0.9807692307692307,4.119230769230769,3.1192307692307693,1.2,2.0,4.657692307692306,0.023076923076923078,0.0
38,COPOC,RPS,0.050000000000000044,0.9615384615384616,3.8846153846153846,2.8846153846153846,1.1,2.0,4.576923076923075,0.04230769230769231,0.0
38,COPOC,RPS,0.07999999999999996,0.9423076923076923,3.6615384615384614,2.6615384615384614,1.2666666666666666,3.0,4.48846153846154,0.07307692307692308,0.0
38,COPOC,RPS,0.09999999999999998,0.9307692307692308,3.519230769230769,2.519230769230769,1.2222222222222223,3.0,4.211538461538462,0.08461538461538462,0.0
38,COPOC,RPS,0.13,0.9076923076923077,3.25,2.25,1.2083333333333333,3.0,3.965976331360947,0.11153846153846154,0.0
38,COPOC,RPS,0.15000000000000002,0.8769230769230769,3.0730769230769233,2.0730769230769233,1.1875,3.0,4.021794871794871,0.14615384615384616,0.0
38,COPOC,RPS,0.18000000000000005,0.8307692307692308,2.7884615384615383,1.7884615384615385,1.2045454545454546,3.0,4.053418803418802,0.20384615384615384,0.0
38,COPOC,RPS,0.19999999999999996,0.8076923076923077,2.646153846153846,1.646153846153846,1.24,3.0,4.030769230769231,0.23846153846153847,0.0
38,COPOC,OCDF,0.010000000000000009,1.0,4.980769230769231,3.980769230769231,,0.0,3.980769230769231,0.0,0.0
38,COPOC,OCDF,0.020000000000000018,0.9884615384615385,4.911538461538462,3.9115384615384614,1.0,1.0,5.065384615384613,0.011538461538461539,0.0
38,COPOC,OCDF,0.030000000000000027,0.9884615384615385,4.911538461538462,3.9115384615384614,1.0,1.0,4.680769230769231,0.011538461538461539,0.0
38,COPOC,OCDF,0.050000000000000044,0.9461538461538461,4.707692307692308,3.707692307692308,1.1428571428571428,2.0,6.169230769230768,0.06153846153846154,0.0
38,COPOC,OCDF,0.07999999999999996,0.9192307692307692,4.523076923076923,3.523076923076923,1.1904761904761905,2.0,5.926923076923079,0.09615384615384616,0.0
38,COPOC,OCDF,0.09999999999999998,0.8884615384615384,4.380769230769231,3.3807692307692307,1.3103448275862069,2.0,6.303846153846154,0.14615384615384616,0.0
38,COPOC,OCDF,0.13,0.8576923076923076,4.203846153846154,3.203846153846154,1.3243243243243243,2.0,6.103254437869822,0.18846153846153846,0.0
38,COPOC,OCDF,0.15000000000000002,0.85,4.111538461538461,3.1115384615384616,1.435897435897436,2.0,5.9833333333333325,0.2153846153846154,0.0
38,COPOC,OCDF,0.18000000000000005,0.8269230769230769,4.042307692307692,3.042307692307692,1.4444444444444444,2.0,5.820085470085469,0.25,0.0
38,COPOC,OCDF,0.19999999999999996,0.7692307692307693,3.7615384615384615,2.7615384615384615,1.5,3.0,6.223076923076923,0.34615384615384615,0.0
38,COPOC,APS,0.010000000000000009,0.9923076923076923,4.569230769230769,3.5692307692307694,1.0,1.0,5.1076923076923055,0.007692307692307693,0.0
38,COPOC,APS,0.020000000000000018,0.9692307692307692,4.1461538461538465,3.146153846153846,1.5,2.0,7.761538461538457,0.046153846153846156,0.0
38,COPOC,APS,0.030000000000000027,0.9653846153846154,4.038461538461538,3.0384615384615383,1.5555555555555556,2.0,6.628205128205125,0.05384615384615385,0.0
38,COPOC,APS,0.050000000000000044,0.95,3.773076923076923,2.773076923076923,1.4615384615384615,3.0,5.696153846153844,0.07307692307692308,0.0
38,COPOC,APS,0.07999999999999996,0.95,3.6538461538461537,2.6538461538461537,1.4615384615384615,3.0,4.480769230769233,0.07307692307692308,0.0
38,COPOC,APS,0.09999999999999998,0.9384615384615385,3.4153846153846152,2.4153846153846152,1.5625,4.0,4.338461538461538,0.09615384615384616,0.0
38,COPOC,APS,0.13,0.8884615384615384,3.126923076923077,2.1346153846153846,1.5517241379310345,4.0,4.323964497041421,0.17307692307692307,0.0
38,COPOC,APS,0.15000000000000002,0.8807692307692307,3.0307692307692307,2.0384615384615383,1.5161290322580645,4.0,4.038461538461537,0.18076923076923077,0.0
38,COPOC,APS,0.18000000000000005,0.8653846153846154,2.9346153846153844,1.9423076923076923,1.5142857142857142,4.0,3.865384615384615,0.20384615384615384,0.0
38,COPOC,APS,0.19999999999999996,0.8384615384615385,2.773076923076923,1.7884615384615385,1.5476190476190477,4.0,3.75,0.25,0.0
38,COPOC,LAC,0.010000000000000009,0.9846153846153847,4.434615384615385,3.4346153846153844,1.5,2.0,8.049999999999997,0.023076923076923078,0.0
38,COPOC,LAC,0.020000000000000018,0.9807692307692307,4.273076923076923,3.273076923076923,1.8,2.0,6.734615384615382,0.03461538461538462,0.0
38,COPOC,LAC,0.030000000000000027,0.9730769230769231,4.0576923076923075,3.0576923076923075,1.5714285714285714,2.0,5.878205128205126,0.04230769230769231,0.0
38,COPOC,LAC,0.050000000000000044,0.9692307692307692,3.7846153846153845,2.7846153846153845,1.75,3.0,4.938461538461537,0.05384615384615385,0.0
38,COPOC,LAC,0.07999999999999996,0.9461538461538461,3.3384615384615386,2.3384615384615386,1.6428571428571428,4.0,4.550000000000002,0.08846153846153847,0.0
38,COPOC,LAC,0.09999999999999998,0.9153846153846154,3.1653846153846152,2.1653846153846152,1.4545454545454546,4.0,4.626923076923077,0.12307692307692308,0.0
38,COPOC,LAC,0.13,0.9038461538461539,3.0115384615384615,2.0115384615384615,1.52,4.0,4.260059171597633,0.14615384615384616,0.0
38,COPOC,LAC,0.15000000000000002,0.8769230769230769,2.7807692307692307,1.7807692307692307,1.53125,4.0,4.293589743589743,0.18846153846153846,0.0
38,COPOC,LAC,0.18000000000000005,0.8576923076923076,2.5923076923076924,1.5923076923076922,1.4594594594594594,4.0,3.899999999999999,0.2076923076923077,0.0
38,COPOC,LAC,0.19999999999999996,0.8346153846153846,2.4615384615384617,1.4615384615384615,1.4883720930232558,4.0,3.923076923076923,0.24615384615384617,0.0
39,COPOC,min-CPS,0.010000000000000009,0.9923076923076923,4.569230769230769,3.5692307692307694,1.0,1.0,5.1076923076923055,0.007692307692307693,0.0
39,COPOC,min-CPS,0.020000000000000018,0.9730769230769231,4.15,3.15,1.2857142857142858,2.0,6.6115384615384585,0.03461538461538462,0.0
39,COPOC,min-CPS,0.030000000000000027,0.9692307692307692,3.8461538461538463,2.8461538461538463,1.625,3.0,6.179487179487177,0.05,0.0
39,COPOC,min-CPS,0.050000000000000044,0.9307692307692308,3.2846153846153845,2.2846153846153845,1.5,4.0,6.438461538461535,0.10384615384615385,0.0
39,COPOC,min-CPS,0.07999999999999996,0.8615384615384616,2.8846153846153846,1.8846153846153846,1.3611111111111112,4.0,6.5961538461538485,0.18846153846153846,0.0
39,COPOC,min-CPS,0.09999999999999998,0.8269230769230769,2.7346153846153847,1.7346153846153847,1.3333333333333333,4.0,6.35,0.23076923076923078,0.0
39,COPOC,min-CPS,0.13,0.8115384615384615,2.5692307692307694,1.5692307692307692,1.4285714285714286,4.0,5.7112426035502954,0.2692307692307692,0.0
39,COPOC,min-CPS,0.15000000000000002,0.7769230769230769,2.4038461538461537,1.4038461538461537,1.4137931034482758,4.0,5.608974358974359,0.3153846153846154,0.0
39,COPOC,min-CPS,0.18000000000000005,0.7615384615384615,2.2884615384615383,1.2884615384615385,1.4516129032258065,4.0,5.134615384615384,0.34615384615384615,0.0
39,COPOC,min-CPS,0.19999999999999996,0.7307692307692307,2.169230769230769,1.1692307692307693,1.4,4.0,4.938461538461539,0.3769230769230769,0.0
39,COPOC,RPS,0.010000000000000009,0.9769230769230769,4.211538461538462,3.2115384615384617,1.1666666666666667,2.0,8.596153846153841,0.026923076923076925,0.0
39,COPOC,RPS,0.020000000000000018,0.9730769230769231,4.069230769230769,3.0692307692307694,1.1428571428571428,2.0,6.146153846153844,0.03076923076923077,0.0
39,COPOC,RPS,0.030000000000000027,0.95,3.919230769230769,2.919230769230769,1.3076923076923077,2.0,7.278205128205125,0.06538461538461539,0.0
39,COPOC,RPS,0.050000000000000044,0.9192307692307692,3.5961538461538463,2.5961538461538463,1.3333333333333333,3.0,6.903846153846151,0.1076923076923077,0.0
39,COPOC,RPS,0.07999999999999996,0.8923076923076924,3.3692307692307693,2.3692307692307693,1.25,3.0,5.7346153846153864,0.1346153846153846,0.0
39,COPOC,RPS,0.09999999999999998,0.8730769230769231,3.1653846153846152,2.1653846153846152,1.2121212121212122,3.0,5.242307692307692,0.15384615384615385,0.0
39,COPOC,RPS,0.13,0.8038461538461539,2.792307692307692,1.7923076923076924,1.2352941176470589,3.0,5.520118343195266,0.2423076923076923,0.0
39,COPOC,RPS,0.15000000000000002,0.7653846153846153,2.626923076923077,1.626923076923077,1.3114754098360655,3.0,5.729487179487179,0.3076923076923077,0.0
39,COPOC,RPS,0.18000000000000005,0.7269230769230769,2.1423076923076922,1.1423076923076922,1.408450704225352,4.0,5.415811965811965,0.38461538461538464,0.0
39,COPOC,RPS,0.19999999999999996,0.7192307692307692,2.0730769230769233,1.073076923076923,1.4383561643835616,4.0,5.111538461538461,0.40384615384615385,0.0
39,COPOC,OCDF,0.010000000000000009,0.9846153846153847,4.915384615384616,3.9153846153846152,1.25,2.0,7.761538461538458,0.019230769230769232,0.0
39,COPOC,OCDF,0.020000000000000018,0.9769230769230769,4.876923076923077,3.876923076923077,1.5,3.0,7.338461538461535,0.03461538461538462,0.0
39,COPOC,OCDF,0.030000000000000027,0.9692307692307692,4.826923076923077,3.826923076923077,1.375,3.0,6.647435897435895,0.04230769230769231,0.0
39,COPOC,OCDF,0.050000000000000044,0.9230769230769231,4.573076923076923,3.5730769230769233,1.5,3.0,8.188461538461535,0.11538461538461539,0.0
39,COPOC,OCDF,0.07999999999999996,0.8923076923076924,4.430769230769231,3.4307692307692306,1.5,4.0,7.469230769230771,0.16153846153846155,0.0
39,COPOC,OCDF,0.09999999999999998,0.8730769230769231,4.315384615384615,3.3153846153846156,1.4848484848484849,4.0,7.084615384615384,0.18846153846153846,0.0
39,COPOC,OCDF,0.13,0.8615384615384616,4.226923076923077,3.226923076923077,1.5277777777777777,4.0,6.481360946745562,0.21153846153846154,0.0
39,COPOC,OCDF,0.15000000000000002,0.8115384615384615,4.038461538461538,3.0384615384615383,1.5510204081632653,4.0,6.935897435897434,0.2923076923076923,0.0
39,COPOC,OCDF,0.18000000000000005,0.7961538461538461,3.9038461538461537,2.9038461538461537,1.6415094339622642,4.0,6.621794871794871,0.3346153846153846,0.0
39,COPOC,OCDF,0.19999999999999996,0.7692307692307693,3.769230769230769,2.769230769230769,1.6666666666666667,4.0,6.615384615384615,0.38461538461538464,0.0
39,COPOC,APS,0.010000000000000009,0.9961538461538462,4.588461538461538,3.5884615384615386,1.0,1.0,4.357692307692306,0.0038461538461538464,0.0
39,COPOC,APS,0.020000000000000018,0.9807692307692307,4.265384615384615,3.2653846153846153,1.0,1.0,5.188461538461537,0.019230769230769232,0.0
39,COPOC,APS,0.030000000000000027,0.9692307692307692,3.9153846153846152,2.9153846153846152,1.375,2.0,5.735897435897434,0.04230769230769231,0.0
39,COPOC,APS,0.050000000000000044,0.9461538461538461,3.5346153846153845,2.5346153846153845,1.5,3.0,5.765384615384613,0.08076923076923077,0.0
39,COPOC,APS,0.07999999999999996,0.8846153846153846,3.0923076923076924,2.1,1.5333333333333334,4.0,5.753846153846156,0.17692307692307693,0.0
39,COPOC,APS,0.09999999999999998,0.8384615384615385,2.8653846153846154,1.876923076923077,1.5,4.0,5.8,0.2423076923076923,0.0
39,COPOC,APS,0.13,0.7923076923076923,2.646153846153846,1.6615384615384616,1.5185185185185186,4.0,5.566863905325444,0.3153846153846154,0.0
39,COPOC,APS,0.15000000000000002,0.7615384615384615,2.5076923076923077,1.523076923076923,1.4838709677419355,4.0,5.42051282051282,0.35384615384615387,0.0
39,COPOC,APS,0.18000000000000005,0.7269230769230769,2.376923076923077,1.3923076923076922,1.4788732394366197,4.0,5.195726495726495,0.40384615384615385,0.0
39,COPOC,APS,0.19999999999999996,0.7269230769230769,2.2846153846153845,1.3038461538461539,1.5633802816901408,4.0,4.9192307692307695,0.4269230769230769,0.0
39,COPOC,LAC,0.010000000000000009,0.9923076923076923,4.573076923076923,3.5730769230769233,1.0,1.0,5.111538461538459,0.007692307692307693,0.0
39,COPOC,LAC,0.020000000000000018,0.9730769230769231,4.107692307692307,3.1076923076923078,1.2857142857142858,2.0,6.569230769230765,0.03461538461538462,0.0
39,COPOC,LAC,0.030000000000000027,0.9730769230769231,3.9461538461538463,2.9461538461538463,1.5714285714285714,2.0,5.766666666666665,0.04230769230769231,0.0
39,COPOC,LAC,0.050000000000000044,0.9192307692307692,3.1807692307692306,2.1807692307692306,1.5238095238095237,4.0,7.103846153846149,0.12307692307692308,0.0
39,COPOC,LAC,0.07999999999999996,0.8692307692307693,2.9269230769230767,1.926923076923077,1.5,4.0,6.830769230769232,0.19615384615384615,0.0
39,COPOC,LAC,0.09999999999999998,0.8192307692307692,2.5961538461538463,1.5961538461538463,1.553191489361702,4.0,7.211538461538462,0.28076923076923077,0.0
39,COPOC,LAC,0.13,0.7923076923076923,2.3807692307692307,1.3807692307692307,1.5555555555555556,4.0,6.351183431952662,0.3230769230769231,0.0
39,COPOC,LAC,0.15000000000000002,0.7653846153846153,2.2807692307692307,1.2807692307692307,1.5081967213114753,4.0,5.998717948717948,0.35384615384615387,0.0
39,COPOC,LAC,0.18000000000000005,0.75,2.0692307692307694,1.0692307692307692,1.5692307692307692,4.0,5.428205128205127,0.3923076923076923,0.0
39,COPOC,LAC,0.19999999999999996,0.7346153846153847,2.0346153846153845,1.0346153846153847,1.5507246376811594,4.0,5.15,0.4115384615384615,0.0
40,COPOC,min-CPS,0.010000000000000009,0.9846153846153847,4.338461538461538,3.3384615384615386,1.0,1.0,6.415384615384613,0.015384615384615385,0.0
40,COPOC,min-CPS,0.020000000000000018,0.9538461538461539,3.6923076923076925,2.6923076923076925,1.5833333333333333,3.0,9.999999999999993,0.07307692307692308,0.0
40,COPOC,min-CPS,0.030000000000000027,0.9538461538461539,3.646153846153846,2.646153846153846,1.5833333333333333,3.0,7.517948717948713,0.07307692307692308,0.0
40,COPOC,min-CPS,0.050000000000000044,0.9538461538461539,3.480769230769231,2.480769230769231,1.6666666666666667,3.0,5.557692307692305,0.07692307692307693,0.0
40,COPOC,min-CPS,0.07999999999999996,0.9384615384615385,3.1346153846153846,2.1346153846153846,1.5625,4.0,4.53846153846154,0.09615384615384616,0.0
40,COPOC,min-CPS,0.09999999999999998,0.9192307692307692,2.976923076923077,1.976923076923077,1.5238095238095237,4.0,4.438461538461539,0.12307692307692308,0.0
40,COPOC,min-CPS,0.13,0.9153846153846154,2.8615384615384616,1.8615384615384616,1.5454545454545454,4.0,3.8733727810650893,0.13076923076923078,0.0
40,COPOC,min-CPS,0.15000000000000002,0.9,2.730769230769231,1.7307692307692308,1.5384615384615385,4.0,3.782051282051282,0.15384615384615385,0.0
40,COPOC,min-CPS,0.18000000000000005,0.8961538461538462,2.6538461538461537,1.6538461538461537,1.5555555555555556,4.0,3.448717948717948,0.16153846153846155,0.0
40,COPOC,min-CPS,0.19999999999999996,0.8769230769230769,2.5346153846153845,1.5346153846153847,1.46875,4.0,3.3423076923076924,0.18076923076923077,0.0
40,COPOC,RPS,0.010000000000000009,0.9961538461538462,4.6038461538461535,3.603846153846154,1.0,1.0,4.373076923076923,0.0038461538461538464,0.0
40,COPOC,RPS,0.020000000000000018,0.9807692307692307,4.123076923076923,3.123076923076923,1.2,2.0,5.430769230769229,0.023076923076923078,0.0
40,COPOC,RPS,0.030000000000000027,0.9769230769230769,4.003846153846154,3.003846153846154,1.1666666666666667,2.0,4.7987179487179485,0.026923076923076925,0.0
40,COPOC,RPS,0.050000000000000044,0.9423076923076923,3.603846153846154,2.603846153846154,1.3333333333333333,3.0,5.680769230769228,0.07692307692307693,0.0
40,COPOC,RPS,0.07999999999999996,0.9384615384615385,3.5384615384615383,2.5384615384615383,1.3125,3.0,4.557692307692309,0.08076923076923077,0.0
40,COPOC,RPS,0.09999999999999998,0.9346153846153846,3.4153846153846152,2.4153846153846152,1.2941176470588236,3.0,4.107692307692307,0.08461538461538462,0.0
40,COPOC,RPS,0.13,0.9076923076923077,3.1576923076923076,2.1576923076923076,1.25,3.0,3.9328402366863906,0.11538461538461539,0.0
40,COPOC,RPS,0.15000000000000002,0.8884615384615384,2.9692307692307693,1.9692307692307693,1.2413793103448276,3.0,3.8153846153846156,0.13846153846153847,0.0
40,COPOC,RPS,0.18000000000000005,0.8576923076923076,2.769230769230769,1.7692307692307692,1.2432432432432432,3.0,3.7350427350427347,0.17692307692307693,0.0
40,COPOC,RPS,0.19999999999999996,0.8461538461538461,2.7192307692307693,1.7192307692307693,1.275,3.0,3.6807692307692306,0.19615384615384615,0.0
40,COPOC,OCDF,0.010000000000000009,1.0,4.9653846153846155,3.9653846153846155,,0.0,3.9653846153846155,0.0,0.0
40,COPOC,OCDF,0.020000000000000018,1.0,4.946153846153846,3.9461538461538463,,0.0,3.9461538461538463,0.0,0.0
40,COPOC,OCDF,0.030000000000000027,0.9923076923076923,4.911538461538462,3.9115384615384614,1.0,1.0,4.424358974358974,0.007692307692307693,0.0
40,COPOC,OCDF,0.050000000000000044,0.9653846153846154,4.7846153846153845,3.7846153846153845,1.2222222222222223,2.0,5.476923076923076,0.04230769230769231,0.0
40,COPOC,OCDF,0.07999999999999996,0.9576923076923077,4.665384615384616,3.6653846153846152,1.2727272727272727,2.0,5.011538461538462,0.05384615384615385,0.0
40,COPOC,OCDF,0.09999999999999998,0.9346153846153846,4.5346153846153845,3.5346153846153845,1.411764705882353,2.0,5.380769230769231,0.09230769230769231,0.0
40,COPOC,OCDF,0.13,0.9307692307692308,4.4653846153846155,3.4653846153846155,1.4444444444444444,2.0,5.003846153846154,0.1,0.0
40,COPOC,OCDF,0.15000000000000002,0.8961538461538462,4.296153846153846,3.296153846153846,1.3333333333333333,2.0,5.142307692307693,0.13846153846153847,0.0
40,COPOC,OCDF,0.18000000000000005,0.8807692307692307,4.196153846153846,3.1961538461538463,1.4193548387096775,2.0,5.076495726495725,0.16923076923076924,0.0
40,COPOC,OCDF,0.19999999999999996,0.8653846153846154,4.165384615384616,3.1653846153846152,1.3714285714285714,2.0,5.0115384615384615,0.18461538461538463,0.0
40,COPOC,APS,0.010000000000000009,0.9884615384615385,4.461538461538462,3.4615384615384617,1.0,1.0,5.769230769230767,0.011538461538461539,0.0
40,COPOC,APS,0.020000000000000018,0.9653846153846154,3.8807692307692307,2.8807692307692307,1.4444444444444444,2.0,7.880769230769226,0.05,0.0
40,COPOC,APS,0.030000000000000027,0.9538461538461539,3.707692307692308,2.707692307692308,1.4166666666666667,3.0,7.066666666666664,0.06538461538461539,0.0
40,COPOC,APS,0.050000000000000044,0.9461538461538461,3.526923076923077,2.526923076923077,1.5,3.0,5.757692307692305,0.08076923076923077,0.0
40,COPOC,APS,0.07999999999999996,0.9384615384615385,3.3384615384615386,2.3423076923076924,1.6875,4.0,4.553846153846155,0.10384615384615385,0.0
40,COPOC,APS,0.09999999999999998,0.9230769230769231,3.1923076923076925,2.1961538461538463,1.65,4.0,4.426923076923077,0.12692307692307692,0.0
40,COPOC,APS,0.13,0.9,2.9346153846153844,1.9384615384615385,1.5384615384615385,4.0,4.068639053254437,0.15384615384615385,0.0
40,COPOC,APS,0.15000000000000002,0.8807692307692307,2.776923076923077,1.7846153846153847,1.5806451612903225,4.0,3.8871794871794867,0.18846153846153846,0.0
40,COPOC,APS,0.18000000000000005,0.8730769230769231,2.707692307692308,1.7153846153846153,1.5757575757575757,4.0,3.595726495726495,0.2,0.0
40,COPOC,APS,0.19999999999999996,0.8653846153846154,2.5730769230769233,1.5846153846153845,1.6857142857142857,4.0,3.3923076923076922,0.22692307692307692,0.0
40,COPOC,LAC,0.010000000000000009,0.9846153846153847,4.3307692307692305,3.330769230769231,1.25,2.0,7.176923076923074,0.019230769230769232,0.0
40,COPOC,LAC,0.020000000000000018,0.9576923076923077,3.796153846153846,2.796153846153846,1.6363636363636365,3.0,9.719230769230764,0.06923076923076923,0.0
40,COPOC,LAC,0.030000000000000027,0.9538461538461539,3.646153846153846,2.646153846153846,1.5833333333333333,3.0,7.517948717948713,0.07307692307692308,0.0
40,COPOC,LAC,0.050000000000000044,0.9538461538461539,3.3923076923076922,2.3923076923076922,1.75,4.0,5.623076923076921,0.08076923076923077,0.0
40,COPOC,LAC,0.07999999999999996,0.9384615384615385,3.0884615384615386,2.0884615384615386,1.625,4.0,4.58846153846154,0.1,0.0
40,COPOC,LAC,0.09999999999999998,0.9153846153846154,2.9461538461538463,1.9461538461538461,1.5,4.0,4.484615384615385,0.12692307692307692,0.0
40,COPOC,LAC,0.13,0.9,2.8038461538461537,1.8038461538461539,1.5384615384615385,4.0,4.170710059171597,0.15384615384615385,0.0
40,COPOC,LAC,0.15000000000000002,0.9,2.7384615384615385,1.7384615384615385,1.6153846153846154,4.0,3.8923076923076922,0.16153846153846155,0.0
40,COPOC,LAC,0.18000000000000005,0.8961538461538462,2.6076923076923078,1.6076923076923078,1.7037037037037037,4.0,3.573504273504273,0.17692307692307693,0.0
40,COPOC,LAC,0.19999999999999996,0.8692307692307693,2.4346153846153844,1.4346153846153846,1.6176470588235294,4.0,3.55,0.21153846153846154,0.0
41,COPOC,min-CPS,0.010000000000000009,0.9884615384615385,4.530769230769231,3.5307692307692307,1.0,1.0,5.838461538461536,0.011538461538461539,0.0
41,COPOC,min-CPS,0.020000000000000018,0.9846153846153847,4.257692307692308,3.2576923076923077,1.75,2.0,5.949999999999998,0.026923076923076925,0.0
41,COPOC,min-CPS,0.030000000000000027,0.9538461538461539,3.769230769230769,2.769230769230769,1.5,3.0,7.3846153846153815,0.06923076923076923,0.0
41,COPOC,min-CPS,0.050000000000000044,0.926923076923077,3.326923076923077,2.326923076923077,1.368421052631579,4.0,6.326923076923073,0.1,0.0
41,COPOC,min-CPS,0.07999999999999996,0.8923076923076924,3.1076923076923078,2.1076923076923078,1.3571428571428572,4.0,5.761538461538463,0.14615384615384616,0.0
41,COPOC,min-CPS,0.09999999999999998,0.8807692307692307,2.923076923076923,1.9230769230769231,1.4193548387096775,4.0,5.3076923076923075,0.16923076923076924,0.0
41,COPOC,min-CPS,0.13,0.8461538461538461,2.7615384615384615,1.7615384615384615,1.375,4.0,5.015976331360947,0.21153846153846154,0.0
41,COPOC,min-CPS,0.15000000000000002,0.8307692307692308,2.6576923076923076,1.6576923076923078,1.3863636363636365,4.0,4.785897435897436,0.23461538461538461,0.0
41,COPOC,min-CPS,0.18000000000000005,0.7730769230769231,2.35,1.35,1.4745762711864407,4.0,5.067948717948718,0.3346153846153846,0.0
41,COPOC,min-CPS,0.19999999999999996,0.7538461538461538,2.273076923076923,1.273076923076923,1.453125,4.0,4.85,0.3576923076923077,0.0
41,COPOC,RPS,0.010000000000000009,0.9961538461538462,4.65,3.65,1.0,1.0,4.419230769230769,0.0038461538461538464,0.0
41,COPOC,RPS,0.020000000000000018,0.9961538461538462,4.453846153846154,3.453846153846154,1.0,1.0,3.838461538461538,0.0038461538461538464,0.0
41,COPOC,RPS,0.030000000000000027,0.9769230769230769,4.092307692307692,3.0923076923076924,1.1666666666666667,2.0,4.887179487179487,0.026923076923076925,0.0
41,COPOC,RPS,0.050000000000000044,0.9423076923076923,3.7,2.7,1.2,3.0,5.469230769230768,0.06923076923076923,0.0
41,COPOC,RPS,0.07999999999999996,0.8730769230769231,3.3692307692307693,2.3692307692307693,1.0909090909090908,3.0,5.830769230769232,0.13846153846153847,0.0
41,COPOC,RPS,0.09999999999999998,0.8461538461538461,3.0692307692307694,2.0692307692307694,1.15,3.0,5.607692307692307,0.17692307692307693,0.0
41,COPOC,RPS,0.13,0.8192307692307692,2.8576923076923078,1.8576923076923078,1.148936170212766,3.0,5.052958579881658,0.2076923076923077,0.0
41,COPOC,RPS,0.15000000000000002,0.8,2.7615384615384615,1.7615384615384615,1.1538461538461537,3.0,4.838461538461538,0.23076923076923078,0.0
41,COPOC,RPS,0.18000000000000005,0.7961538461538461,2.6538461538461537,1.6538461538461537,1.2264150943396226,3.0,4.431623931623932,0.25,0.0
41,COPOC,RPS,0.19999999999999996,0.7461538461538462,2.2192307692307693,1.2192307692307693,1.393939393939394,4.0,4.757692307692308,0.35384615384615387,0.0
41,COPOC,OCDF,0.010000000000000009,1.0,4.957692307692308,3.957692307692308,,0.0,3.957692307692308,0.0,0.0
41,COPOC,OCDF,0.020000000000000018,0.9730769230769231,4.873076923076923,3.873076923076923,1.0,1.0,6.565384615384613,0.026923076923076925,0.0
41,COPOC,OCDF,0.030000000000000027,0.9576923076923077,4.823076923076923,3.8230769230769233,1.0,1.0,6.643589743589741,0.04230769230769231,0.0
41,COPOC,OCDF,0.050000000000000044,0.9115384615384615,4.5576923076923075,3.5576923076923075,1.391304347826087,2.0,8.480769230769226,0.12307692307692308,0.0
41,COPOC,OCDF,0.07999999999999996,0.8884615384615384,4.3961538461538465,3.396153846153846,1.5172413793103448,2.0,7.62692307692308,0.16923076923076924,0.0
41,COPOC,OCDF,0.09999999999999998,0.8769230769230769,4.323076923076923,3.3230769230769233,1.5,2.0,7.015384615384615,0.18461538461538463,0.0
41,COPOC,OCDF,0.13,0.8269230769230769,4.0807692307692305,3.080769230769231,1.5333333333333334,2.0,7.163609467455621,0.2653846153846154,0.0
41,COPOC,OCDF,0.15000000000000002,0.7923076923076923,4.003846153846154,3.003846153846154,1.4814814814814814,3.0,7.106410256410256,0.3076923076923077,0.0
41,COPOC,OCDF,0.18000000000000005,0.7461538461538462,3.7423076923076923,2.7423076923076923,1.621212121212121,3.0,7.314957264957264,0.4115384615384615,0.0
41,COPOC,OCDF,0.19999999999999996,0.7307692307692307,3.6807692307692306,2.6807692307692306,1.6,3.0,6.9884615384615385,0.4307692307692308,0.0
41,COPOC,APS,0.010000000000000009,0.9961538461538462,4.623076923076923,3.623076923076923,1.0,1.0,4.392307692307692,0.0038461538461538464,0.0
41,COPOC,APS,0.020000000000000018,0.9807692307692307,4.165384615384616,3.1653846153846152,1.4,2.0,5.8576923076923055,0.026923076923076925,0.0
41,COPOC,APS,0.030000000000000027,0.9615384615384616,3.753846153846154,2.753846153846154,1.4,2.0,6.343589743589741,0.05384615384615385,0.0
41,COPOC,APS,0.050000000000000044,0.926923076923077,3.4,2.4038461538461537,1.4736842105263157,4.0,6.096153846153842,0.1076923076923077,0.0
41,COPOC,APS,0.07999999999999996,0.9076923076923077,3.2,2.207692307692308,1.5416666666666667,4.0,5.1884615384615405,0.1423076923076923,0.0
41,COPOC,APS,0.09999999999999998,0.8923076923076924,3.0576923076923075,2.0653846153846156,1.5357142857142858,4.0,4.911538461538462,0.16538461538461538,0.0
41,COPOC,APS,0.13,0.8692307692307693,2.9269230769230767,1.9384615384615385,1.588235294117647,4.0,4.542011834319527,0.2076923076923077,0.0
41,COPOC,APS,0.15000000000000002,0.8153846153846154,2.730769230769231,1.7423076923076923,1.4375,4.0,4.767948717948717,0.2653846153846154,0.0
41,COPOC,APS,0.18000000000000005,0.7692307692307693,2.4846153846153847,1.5076923076923077,1.5833333333333333,4.0,4.627350427350426,0.36538461538461536,0.0
41,COPOC,APS,0.19999999999999996,0.7653846153846153,2.4269230769230767,1.45,1.6065573770491803,4.0,4.373076923076923,0.3769230769230769,0.0
41,COPOC,LAC,0.010000000000000009,0.9884615384615385,4.546153846153846,3.546153846153846,1.0,1.0,5.853846153846152,0.011538461538461539,0.0
41,COPOC,LAC,0.020000000000000018,0.9846153846153847,4.2384615384615385,3.2384615384615385,1.75,2.0,5.930769230769229,0.026923076923076925,0.0
41,COPOC,LAC,0.030000000000000027,0.9538461538461539,3.7615384615384615,2.7615384615384615,1.5,3.0,7.376923076923074,0.06923076923076923,0.0
41,COPOC,LAC,0.050000000000000044,0.9307692307692308,3.2807692307692307,2.2807692307692307,1.5,4.0,6.434615384615381,0.10384615384615385,0.0
41,COPOC,LAC,0.07999999999999996,0.8961538461538462,3.1115384615384616,2.1115384615384616,1.4074074074074074,4.0,5.765384615384617,0.14615384615384616,0.0
41,COPOC,LAC,0.09999999999999998,0.8692307692307693,2.9307692307692306,1.9307692307692308,1.5,4.0,5.8538461538461535,0.19615384615384615,0.0
41,COPOC,LAC,0.13,0.8346153846153846,2.6115384615384616,1.6115384615384616,1.627906976744186,4.0,5.7535502958579885,0.2692307692307692,0.0
41,COPOC,LAC,0.15000000000000002,0.8153846153846154,2.496153846153846,1.4961538461538462,1.6041666666666667,4.0,5.444871794871794,0.29615384615384616,0.0
41,COPOC,LAC,0.18000000000000005,0.7884615384615384,2.3692307692307693,1.3692307692307693,1.6,4.0,5.1299145299145295,0.3384615384615385,0.0
41,COPOC,LAC,0.19999999999999996,0.7807692307692308,2.2,1.2,1.6140350877192982,4.0,4.7384615384615385,0.35384615384615387,0.0
42,COPOC,min-CPS,0.010000000000000009,0.9961538461538462,4.619230769230769,3.6192307692307693,1.0,1.0,4.388461538461538,0.0038461538461538464,0.0
42,COPOC,min-CPS,0.020000000000000018,0.9807692307692307,4.246153846153846,3.246153846153846,1.4,2.0,5.938461538461536,0.026923076923076925,0.0
42,COPOC,min-CPS,0.030000000000000027,0.9769230769230769,4.165384615384616,3.1653846153846152,1.3333333333333333,2.0,5.216666666666666,0.03076923076923077,0.0
42,COPOC,min-CPS,0.050000000000000044,0.9653846153846154,3.6769230769230767,2.6769230769230767,1.5555555555555556,3.0,4.830769230769229,0.05384615384615385,0.0
42,COPOC,min-CPS,0.07999999999999996,0.8923076923076924,3.0846153846153848,2.0846153846153848,1.3928571428571428,4.0,5.834615384615386,0.15,0.0
42,COPOC,min-CPS,0.09999999999999998,0.8884615384615384,2.957692307692308,1.9576923076923076,1.4137931034482758,4.0,5.111538461538461,0.1576923076923077,0.0
42,COPOC,min-CPS,0.13,0.8384615384615385,2.6961538461538463,1.6961538461538461,1.4047619047619047,4.0,5.1872781065088756,0.22692307692307692,0.0
42,COPOC,min-CPS,0.15000000000000002,0.7961538461538461,2.480769230769231,1.4807692307692308,1.4339622641509433,4.0,5.378205128205128,0.2923076923076923,0.0
42,COPOC,min-CPS,0.18000000000000005,0.7346153846153847,2.253846153846154,1.2538461538461538,1.3768115942028984,4.0,5.313675213675213,0.36538461538461536,0.0
42,COPOC,min-CPS,0.19999999999999996,0.7192307692307692,2.1576923076923076,1.1576923076923078,1.3835616438356164,4.0,5.042307692307692,0.38846153846153847,0.0
42,COPOC,RPS,0.010000000000000009,0.9884615384615385,4.461538461538462,3.4615384615384617,1.0,1.0,5.769230769230767,0.011538461538461539,0.0
42,COPOC,RPS,0.020000000000000018,0.9730769230769231,4.061538461538461,3.0615384615384613,1.1428571428571428,2.0,6.138461538461536,0.03076923076923077,0.0
42,COPOC,RPS,0.030000000000000027,0.9730769230769231,4.042307692307692,3.042307692307692,1.2857142857142858,2.0,5.349999999999998,0.03461538461538462,0.0
42,COPOC,RPS,0.050000000000000044,0.9423076923076923,3.6769230769230767,2.6769230769230767,1.3333333333333333,3.0,5.753846153846151,0.07692307692307693,0.0
42,COPOC,RPS,0.07999999999999996,0.9076923076923077,3.4923076923076923,2.4923076923076923,1.2083333333333333,3.0,5.280769230769232,0.11153846153846154,0.0
42,COPOC,RPS,0.09999999999999998,0.8846153846153846,3.223076923076923,2.223076923076923,1.1666666666666667,3.0,4.915384615384616,0.1346153846153846,0.0
42,COPOC,RPS,0.13,0.8346153846153846,2.8846153846153846,1.8846153846153846,1.2093023255813953,3.0,4.961538461538461,0.2,0.0
42,COPOC,RPS,0.15000000000000002,0.7769230769230769,2.6307692307692307,1.6307692307692307,1.2586206896551724,3.0,5.374358974358973,0.28076923076923077,0.0
42,COPOC,RPS,0.18000000000000005,0.7384615384615385,2.2807692307692307,1.2807692307692307,1.3529411764705883,4.0,5.212393162393162,0.35384615384615387,0.0
42,COPOC,RPS,0.19999999999999996,0.7269230769230769,2.1807692307692306,1.1807692307692308,1.380281690140845,4.0,4.95,0.3769230769230769,0.0
42,COPOC,OCDF,0.010000000000000009,0.9884615384615385,4.911538461538462,3.9115384615384614,1.3333333333333333,2.0,6.988461538461536,0.015384615384615385,0.0
42,COPOC,OCDF,0.020000000000000018,0.9769230769230769,4.873076923076923,3.873076923076923,1.3333333333333333,3.0,6.9499999999999975,0.03076923076923077,0.0
42,COPOC,OCDF,0.030000000000000027,0.9653846153846154,4.815384615384615,3.8153846153846156,1.2222222222222223,3.0,6.635897435897434,0.04230769230769231,0.0
42,COPOC,OCDF,0.050000000000000044,0.9192307692307692,4.55,3.55,1.4285714285714286,3.0,8.165384615384612,0.11538461538461539,0.0
42,COPOC,OCDF,0.07999999999999996,0.8961538461538462,4.430769230769231,3.4307692307692306,1.4814814814814814,4.0,7.2769230769230795,0.15384615384615385,0.0
42,COPOC,OCDF,0.09999999999999998,0.8769230769230769,4.3,3.3,1.5625,4.0,7.1461538461538465,0.19230769230769232,0.0
42,COPOC,OCDF,0.13,0.8153846153846154,4.065384615384615,3.0653846153846156,1.5208333333333333,4.0,7.384911242603551,0.28076923076923077,0.0
42,COPOC,OCDF,0.15000000000000002,0.7961538461538461,4.0115384615384615,3.0115384615384615,1.509433962264151,4.0,7.114102564102564,0.3076923076923077,0.0
42,COPOC,OCDF,0.18000000000000005,0.7653846153846153,3.8,2.8,1.6229508196721312,4.0,7.030769230769231,0.38076923076923075,0.0
42,COPOC,OCDF,0.19999999999999996,0.7192307692307692,3.6653846153846152,2.6653846153846152,1.5753424657534247,4.0,7.088461538461538,0.4423076923076923,0.0
42,COPOC,APS,0.010000000000000009,0.9923076923076923,4.5807692307692305,3.580769230769231,1.0,1.0,5.119230769230768,0.007692307692307693,0.0
42,COPOC,APS,0.020000000000000018,0.9923076923076923,4.484615384615385,3.4846153846153847,1.0,1.0,4.253846153846153,0.007692307692307693,0.0
42,COPOC,APS,0.030000000000000027,0.9884615384615385,4.196153846153846,3.1961538461538463,1.6666666666666667,2.0,4.478205128205127,0.019230769230769232,0.0
42,COPOC,APS,0.050000000000000044,0.9576923076923077,3.7653846153846153,2.7653846153846153,1.3636363636363635,3.0,5.073076923076921,0.057692307692307696,0.0
42,COPOC,APS,0.07999999999999996,0.9153846153846154,3.2,2.203846153846154,1.5,4.0,4.992307692307694,0.12692307692307692,0.0
42,COPOC,APS,0.09999999999999998,0.8884615384615384,3.026923076923077,2.0346153846153845,1.5517241379310345,4.0,4.880769230769231,0.17307692307692307,0.0
42,COPOC,APS,0.13,0.85,2.8615384615384616,1.873076923076923,1.4871794871794872,4.0,4.654142011834319,0.2230769230769231,0.0
42,COPOC,APS,0.15000000000000002,0.8346153846153846,2.75,1.7615384615384615,1.4883720930232558,4.0,4.479487179487179,0.24615384615384617,0.0
42,COPOC,APS,0.18000000000000005,0.8,2.5115384615384615,1.5269230769230768,1.5769230769230769,4.0,4.39017094017094,0.3153846153846154,0.0
42,COPOC,APS,0.19999999999999996,0.7730769230769231,2.45,1.4730769230769232,1.6610169491525424,4.0,4.357692307692307,0.3769230769230769,0.0
42,COPOC,LAC,0.010000000000000009,0.9961538461538462,4.623076923076923,3.623076923076923,1.0,1.0,4.392307692307692,0.0038461538461538464,0.0
42,COPOC,LAC,0.020000000000000018,0.9807692307692307,4.246153846153846,3.246153846153846,1.4,2.0,5.938461538461536,0.026923076923076925,0.0
42,COPOC,LAC,0.030000000000000027,0.9769230769230769,4.126923076923077,3.126923076923077,1.3333333333333333,2.0,5.178205128205127,0.03076923076923077,0.0
42,COPOC,LAC,0.050000000000000044,0.9615384615384616,3.6423076923076922,2.6423076923076922,1.6,3.0,5.103846153846152,0.06153846153846154,0.0
42,COPOC,LAC,0.07999999999999996,0.9115384615384615,3.1115384615384616,2.1115384615384616,1.4782608695652173,4.0,5.380769230769232,0.13076923076923078,0.0
42,COPOC,LAC,0.09999999999999998,0.8730769230769231,2.9076923076923076,1.9076923076923078,1.5454545454545454,4.0,5.8307692307692305,0.19615384615384615,0.0
42,COPOC,LAC,0.13,0.8307692307692308,2.6076923076923078,1.6076923076923078,1.5909090909090908,4.0,5.749704142011835,0.2692307692307692,0.0
42,COPOC,LAC,0.15000000000000002,0.8153846153846154,2.496153846153846,1.4961538461538462,1.5625,4.0,5.342307692307692,0.28846153846153844,0.0
42,COPOC,LAC,0.18000000000000005,0.7730769230769231,2.226923076923077,1.226923076923077,1.5423728813559323,4.0,5.1158119658119645,0.35,0.0
42,COPOC,LAC,0.19999999999999996,0.7423076923076923,2.1192307692307693,1.1192307692307693,1.507462686567164,4.0,5.003846153846154,0.38846153846153847,0.0
43,COPOC,min-CPS,0.010000000000000009,1.0,4.6461538461538465,3.646153846153846,,0.0,3.646153846153846,0.0,0.0
43,COPOC,min-CPS,0.020000000000000018,1.0,4.573076923076923,3.5730769230769233,,0.0,3.5730769230769233,0.0,0.0
43,COPOC,min-CPS,0.030000000000000027,1.0,4.361538461538461,3.3615384615384616,,0.0,3.3615384615384616,0.0,0.0
43,COPOC,min-CPS,0.050000000000000044,0.9730769230769231,3.7884615384615383,2.7884615384615383,1.2857142857142858,2.0,4.173076923076922,0.03461538461538462,0.0
43,COPOC,min-CPS,0.07999999999999996,0.9423076923076923,3.292307692307692,2.292307692307692,1.2666666666666666,3.0,4.11923076923077,0.07307692307692308,0.0
43,COPOC,min-CPS,0.09999999999999998,0.9192307692307692,3.146153846153846,2.146153846153846,1.2380952380952381,3.0,4.1461538461538465,0.1,0.0
43,COPOC,min-CPS,0.13,0.9153846153846154,2.95,1.95,1.2727272727272727,3.0,3.6068047337278104,0.1076923076923077,0.0
43,COPOC,min-CPS,0.15000000000000002,0.8961538461538462,2.8615384615384616,1.8615384615384616,1.2592592592592593,3.0,3.6051282051282048,0.13076923076923078,0.0
43,COPOC,min-CPS,0.18000000000000005,0.8846153846153846,2.7346153846153847,1.7346153846153847,1.2666666666666666,3.0,3.358547008547008,0.14615384615384616,0.0
43,COPOC,min-CPS,0.19999999999999996,0.8538461538461538,2.5153846153846153,1.5153846153846153,1.394736842105263,3.0,3.5538461538461537,0.20384615384615384,0.0
43,COPOC,RPS,0.010000000000000009,1.0,4.673076923076923,3.673076923076923,,0.0,3.673076923076923,0.0,0.0
43,COPOC,RPS,0.020000000000000018,0.9884615384615385,4.265384615384615,3.2653846153846153,1.0,1.0,4.419230769230768,0.011538461538461539,0.0
43,COPOC,RPS,0.030000000000000027,0.9846153846153847,4.2,3.2,1.0,1.0,4.225641025641025,0.015384615384615385,0.0
43,COPOC,RPS,0.050000000000000044,0.9769230769230769,3.957692307692308,2.957692307692308,1.1666666666666667,2.0,4.034615384615384,0.026923076923076925,0.0
43,COPOC,RPS,0.07999999999999996,0.9538461538461539,3.6884615384615387,2.6884615384615387,1.25,2.0,4.130769230769232,0.057692307692307696,0.0
43,COPOC,RPS,0.09999999999999998,0.95,3.6384615384615384,2.6384615384615384,1.2307692307692308,2.0,3.8692307692307693,0.06153846153846154,0.0
43,COPOC,RPS,0.13,0.9,3.207692307692308,2.207692307692308,1.1538461538461537,2.0,3.98284023668639,0.11538461538461539,0.0
43,COPOC,RPS,0.15000000000000002,0.8884615384615384,3.0576923076923075,2.0576923076923075,1.1379310344827587,2.0,3.75,0.12692307692307692,0.0
43,COPOC,RPS,0.18000000000000005,0.85,2.8076923076923075,1.8076923076923077,1.1538461538461537,3.0,3.7307692307692304,0.17307692307692307,0.0
43,COPOC,RPS,0.19999999999999996,0.8346153846153846,2.7115384615384617,1.7115384615384615,1.1395348837209303,3.0,3.5961538461538463,0.18846153846153846,0.0
43,COPOC,OCDF,0.010000000000000009,0.9961538461538462,4.923076923076923,3.923076923076923,1.0,1.0,4.692307692307692,0.0038461538461538464,0.0
43,COPOC,OCDF,0.020000000000000018,0.9692307692307692,4.815384615384615,3.8153846153846156,1.125,2.0,7.276923076923073,0.03461538461538462,0.0
43,COPOC,OCDF,0.030000000000000027,0.9653846153846154,4.7846153846153845,3.7846153846153845,1.1111111111111112,2.0,6.348717948717947,0.038461538461538464,0.0
43,COPOC,OCDF,0.050000000000000044,0.9461538461538461,4.65,3.65,1.3571428571428572,2.0,6.573076923076921,0.07307692307692308,0.0
43,COPOC,OCDF,0.07999999999999996,0.9,4.373076923076923,3.373076923076923,1.3461538461538463,2.0,6.73846153846154,0.1346153846153846,0.0
43,COPOC,OCDF,0.09999999999999998,0.8692307692307693,4.2153846153846155,3.2153846153846155,1.3529411764705883,2.0,6.753846153846154,0.17692307692307693,0.0
43,COPOC,OCDF,0.13,0.8461538461538461,4.111538461538461,3.1115384615384616,1.375,2.0,6.3659763313609465,0.21153846153846154,0.0
43,COPOC,OCDF,0.15000000000000002,0.8153846153846154,4.019230769230769,3.019230769230769,1.4375,2.0,6.557692307692307,0.2653846153846154,0.0
43,COPOC,OCDF,0.18000000000000005,0.7692307692307693,3.8115384615384613,2.8115384615384613,1.4833333333333334,3.0,6.6149572649572645,0.3423076923076923,0.0
43,COPOC,OCDF,0.19999999999999996,0.7692307692307693,3.7653846153846153,2.7653846153846153,1.4833333333333334,3.0,6.188461538461539,0.3423076923076923,0.0
43,COPOC,APS,0.010000000000000009,1.0,4.711538461538462,3.7115384615384617,,0.0,3.7115384615384617,0.0,0.0
43,COPOC,APS,0.020000000000000018,1.0,4.569230769230769,3.5692307692307694,,0.0,3.5692307692307694,0.0,0.0
43,COPOC,APS,0.030000000000000027,0.9884615384615385,4.230769230769231,3.230769230769231,1.0,1.0,4.0,0.011538461538461539,0.0
43,COPOC,APS,0.050000000000000044,0.9692307692307692,3.773076923076923,2.773076923076923,1.125,2.0,4.157692307692306,0.03461538461538462,0.0
43,COPOC,APS,0.07999999999999996,0.9346153846153846,3.4,2.4,1.1764705882352942,3.0,4.323076923076925,0.07692307692307693,0.0
43,COPOC,APS,0.09999999999999998,0.9230769230769231,3.2884615384615383,2.2884615384615383,1.15,3.0,4.0576923076923075,0.08846153846153847,0.0
43,COPOC,APS,0.13,0.9,3.123076923076923,2.123076923076923,1.1538461538461537,3.0,3.898224852071006,0.11538461538461539,0.0
43,COPOC,APS,0.15000000000000002,0.8846153846153846,2.9615384615384617,1.9653846153846153,1.3,4.0,3.7602564102564098,0.15,0.0
43,COPOC,APS,0.18000000000000005,0.8653846153846154,2.8192307692307694,1.8269230769230769,1.4285714285714286,4.0,3.6217948717948714,0.19230769230769232,0.0
43,COPOC,APS,0.19999999999999996,0.8576923076923076,2.776923076923077,1.7846153846153847,1.4054054054054055,4.0,3.476923076923077,0.2,0.0
43,COPOC,LAC,0.010000000000000009,1.0,4.653846153846154,3.6538461538461537,,0.0,3.6538461538461537,0.0,0.0
43,COPOC,LAC,0.020000000000000018,1.0,4.573076923076923,3.5730769230769233,,0.0,3.5730769230769233,0.0,0.0
43,COPOC,LAC,0.030000000000000027,1.0,4.4,3.4,,0.0,3.4,0.0,0.0
43,COPOC,LAC,0.050000000000000044,0.9692307692307692,3.75,2.75,1.25,2.0,4.2884615384615365,0.038461538461538464,0.0
43,COPOC,LAC,0.07999999999999996,0.9423076923076923,3.269230769230769,2.269230769230769,1.2666666666666666,3.0,4.096153846153848,0.07307692307692308,0.0
43,COPOC,LAC,0.09999999999999998,0.9153846153846154,3.1,2.1,1.2272727272727273,3.0,4.176923076923077,0.10384615384615385,0.0
43,COPOC,LAC,0.13,0.9038461538461539,2.976923076923077,1.976923076923077,1.32,3.0,3.929585798816568,0.12692307692307692,0.0
43,COPOC,LAC,0.15000000000000002,0.8884615384615384,2.7884615384615383,1.7884615384615385,1.3793103448275863,3.0,3.8397435897435894,0.15384615384615385,0.0
43,COPOC,LAC,0.18000000000000005,0.8692307692307693,2.542307692307692,1.5423076923076924,1.4411764705882353,3.0,3.636324786324786,0.18846153846153846,0.0
43,COPOC,LAC,0.19999999999999996,0.8346153846153846,2.4076923076923076,1.4076923076923078,1.441860465116279,3.0,3.792307692307692,0.23846153846153847,0.0
44,COPOC,min-CPS,0.010000000000000009,0.9884615384615385,4.573076923076923,3.5730769230769233,1.0,1.0,5.880769230769229,0.011538461538461539,0.0
44,COPOC,min-CPS,0.020000000000000018,0.9807692307692307,4.242307692307692,3.2423076923076923,1.6,2.0,6.319230769230765,0.03076923076923077,0.0
44,COPOC,min-CPS,0.030000000000000027,0.9807692307692307,4.196153846153846,3.1961538461538463,1.6,2.0,5.247435897435897,0.03076923076923077,0.0
44,COPOC,min-CPS,0.050000000000000044,0.9615384615384616,3.6384615384615384,2.6384615384615384,1.6,3.0,5.099999999999998,0.06153846153846154,0.0
44,COPOC,min-CPS,0.07999999999999996,0.9192307692307692,3.1769230769230767,2.1769230769230767,1.4285714285714286,4.0,5.061538461538463,0.11538461538461539,0.0
44,COPOC,min-CPS,0.09999999999999998,0.9038461538461539,3.0538461538461537,2.0538461538461537,1.4,4.0,4.746153846153846,0.1346153846153846,0.0
44,COPOC,min-CPS,0.13,0.8653846153846154,2.796153846153846,1.7961538461538462,1.4,4.0,4.695562130177515,0.18846153846153846,0.0
44,COPOC,min-CPS,0.15000000000000002,0.8538461538461538,2.6923076923076925,1.6923076923076923,1.394736842105263,4.0,4.41025641025641,0.20384615384615384,0.0
44,COPOC,min-CPS,0.18000000000000005,0.85,2.6384615384615384,1.6384615384615384,1.435897435897436,4.0,4.0316239316239315,0.2153846153846154,0.0
44,COPOC,min-CPS,0.19999999999999996,0.8115384615384615,2.4115384615384614,1.4115384615384616,1.4081632653061225,4.0,4.065384615384615,0.2653846153846154,0.0
44,COPOC,RPS,0.010000000000000009,0.9961538461538462,4.638461538461539,3.6384615384615384,1.0,1.0,4.407692307692307,0.0038461538461538464,0.0
44,COPOC,RPS,0.020000000000000018,0.9923076923076923,4.415384615384616,3.4153846153846152,1.5,2.0,4.569230769230767,0.011538461538461539,0.0
44,COPOC,RPS,0.030000000000000027,0.9884615384615385,4.203846153846154,3.203846153846154,1.3333333333333333,2.0,4.229487179487179,0.015384615384615385,0.0
44,COPOC,RPS,0.050000000000000044,0.95,3.75,2.75,1.1538461538461537,2.0,5.057692307692306,0.057692307692307696,0.0
44,COPOC,RPS,0.07999999999999996,0.9384615384615385,3.626923076923077,2.626923076923077,1.1875,3.0,4.453846153846156,0.07307692307692308,0.0
44,COPOC,RPS,0.09999999999999998,0.9076923076923077,3.3846153846153846,2.3846153846153846,1.125,3.0,4.461538461538462,0.10384615384615385,0.0
44,COPOC,RPS,0.13,0.8884615384615384,3.1538461538461537,2.1538461538461537,1.1724137931034482,3.0,4.165680473372781,0.13076923076923078,0.0
44,COPOC,RPS,0.15000000000000002,0.8576923076923076,2.8884615384615384,1.8884615384615384,1.162162162162162,3.0,4.093589743589743,0.16538461538461538,0.0
44,COPOC,RPS,0.18000000000000005,0.823076923076923,2.7576923076923077,1.7576923076923077,1.1956521739130435,3.0,4.108119658119657,0.21153846153846154,0.0
44,COPOC,RPS,0.19999999999999996,0.8153846153846154,2.6384615384615384,1.6384615384615384,1.25,3.0,3.9461538461538463,0.23076923076923078,0.0
44,COPOC,OCDF,0.010000000000000009,0.9961538461538462,4.946153846153846,3.9461538461538463,1.0,1.0,4.715384615384615,0.0038461538461538464,0.0
44,COPOC,OCDF,0.020000000000000018,0.9961538461538462,4.930769230769231,3.9307692307692306,1.0,1.0,4.315384615384615,0.0038461538461538464,0.0
44,COPOC,OCDF,0.030000000000000027,0.9923076923076923,4.907692307692308,3.9076923076923076,1.5,2.0,4.676923076923077,0.011538461538461539,0.0
44,COPOC,OCDF,0.050000000000000044,0.9769230769230769,4.823076923076923,3.8230769230769233,1.1666666666666667,2.0,4.9,0.026923076923076925,0.0
44,COPOC,OCDF,0.07999999999999996,0.9538461538461539,4.638461538461539,3.6384615384615384,1.3333333333333333,2.0,5.176923076923079,0.06153846153846154,0.0
44,COPOC,OCDF,0.09999999999999998,0.9038461538461539,4.392307692307693,3.3923076923076922,1.36,2.0,6.007692307692308,0.13076923076923078,0.0
44,COPOC,OCDF,0.13,0.85,4.173076923076923,3.173076923076923,1.358974358974359,2.0,6.309171597633137,0.20384615384615384,0.0
44,COPOC,OCDF,0.15000000000000002,0.823076923076923,4.0576923076923075,3.0576923076923075,1.391304347826087,3.0,6.3397435897435885,0.24615384615384617,0.0
44,COPOC,OCDF,0.18000000000000005,0.8115384615384615,3.9653846153846155,2.9653846153846155,1.510204081632653,3.0,6.127777777777777,0.2846153846153846,0.0
44,COPOC,OCDF,0.19999999999999996,0.7653846153846153,3.796153846153846,2.796153846153846,1.4918032786885247,3.0,6.296153846153846,0.35,0.0
44,COPOC,APS,0.010000000000000009,0.9884615384615385,4.569230769230769,3.5692307692307694,1.0,1.0,5.876923076923076,0.011538461538461539,0.0
44,COPOC,APS,0.020000000000000018,0.9730769230769231,4.165384615384616,3.1653846153846152,1.2857142857142858,2.0,6.626923076923074,0.03461538461538462,0.0
44,COPOC,APS,0.030000000000000027,0.9692307692307692,4.1038461538461535,3.103846153846154,1.375,2.0,5.924358974358972,0.04230769230769231,0.0
44,COPOC,APS,0.050000000000000044,0.9576923076923077,3.5961538461538463,2.5961538461538463,1.6363636363636365,3.0,5.365384615384613,0.06923076923076923,0.0
44,COPOC,APS,0.07999999999999996,0.926923076923077,3.35,2.35,1.5263157894736843,4.0,5.138461538461541,0.11153846153846154,0.0
44,COPOC,APS,0.09999999999999998,0.9153846153846154,3.169230769230769,2.169230769230769,1.5,4.0,4.707692307692308,0.12692307692307692,0.0
44,COPOC,APS,0.13,0.8730769230769231,2.957692307692308,1.9576923076923076,1.3636363636363635,4.0,4.620414201183432,0.17307692307692307,0.0
44,COPOC,APS,0.15000000000000002,0.8653846153846154,2.919230769230769,1.9230769230769231,1.4285714285714286,4.0,4.282051282051282,0.19230769230769232,0.0
44,COPOC,APS,0.18000000000000005,0.8192307692307692,2.7192307692307693,1.7307692307692308,1.5106382978723405,4.0,4.252136752136751,0.27307692307692305,0.0
44,COPOC,APS,0.19999999999999996,0.7961538461538461,2.5923076923076924,1.603846153846154,1.509433962264151,4.0,4.219230769230769,0.3076923076923077,0.0
44,COPOC,LAC,0.010000000000000009,0.9884615384615385,4.5807692307692305,3.580769230769231,1.0,1.0,5.888461538461537,0.011538461538461539,0.0
44,COPOC,LAC,0.020000000000000018,0.9807692307692307,4.246153846153846,3.246153846153846,1.6,2.0,6.323076923076919,0.03076923076923077,0.0
44,COPOC,LAC,0.030000000000000027,0.9807692307692307,4.161538461538462,3.1615384615384614,1.6,2.0,5.212820512820512,0.03076923076923077,0.0
44,COPOC,LAC,0.050000000000000044,0.9576923076923077,3.576923076923077,2.576923076923077,1.7272727272727273,4.0,5.499999999999997,0.07307692307692308,0.0
44,COPOC,LAC,0.07999999999999996,0.9192307692307692,3.1653846153846152,2.1653846153846152,1.4761904761904763,4.0,5.146153846153848,0.11923076923076924,0.0
44,COPOC,LAC,0.09999999999999998,0.9038461538461539,3.042307692307692,2.042307692307692,1.48,4.0,4.888461538461539,0.1423076923076923,0.0
44,COPOC,LAC,0.13,0.8923076923076924,2.9115384615384614,1.9115384615384616,1.4642857142857142,4.0,4.337573964497041,0.1576923076923077,0.0
44,COPOC,LAC,0.15000000000000002,0.8769230769230769,2.7423076923076923,1.7423076923076923,1.5625,4.0,4.306410256410256,0.19230769230769232,0.0
44,COPOC,LAC,0.18000000000000005,0.8423076923076923,2.5,1.5,1.4878048780487805,4.0,4.1068376068376065,0.23461538461538461,0.0
44,COPOC,LAC,0.19999999999999996,0.8192307692307692,2.396153846153846,1.396153846153846,1.4680851063829787,4.0,4.05,0.2653846153846154,0.0
45,COPOC,min-CPS,0.010000000000000009,0.9923076923076923,4.530769230769231,3.5307692307692307,1.0,1.0,5.069230769230767,0.007692307692307693,0.0
45,COPOC,min-CPS,0.020000000000000018,0.9730769230769231,4.123076923076923,3.123076923076923,1.2857142857142858,2.0,6.584615384615382,0.03461538461538462,0.0
45,COPOC,min-CPS,0.030000000000000027,0.9576923076923077,3.7423076923076923,2.7423076923076923,1.5454545454545454,3.0,7.101282051282048,0.06538461538461539,0.0
45,COPOC,min-CPS,0.050000000000000044,0.95,3.4923076923076923,2.4923076923076923,1.5384615384615385,3.0,5.569230769230766,0.07692307692307693,0.0
45,COPOC,min-CPS,0.07999999999999996,0.926923076923077,3.1884615384615387,2.1884615384615387,1.5263157894736843,4.0,4.976923076923079,0.11153846153846154,0.0
45,COPOC,min-CPS,0.09999999999999998,0.9153846153846154,3.0615384615384613,2.0615384615384613,1.4545454545454546,4.0,4.523076923076923,0.12307692307692308,0.0
45,COPOC,min-CPS,0.13,0.9076923076923077,2.876923076923077,1.876923076923077,1.5833333333333333,4.0,4.125443786982248,0.14615384615384616,0.0
45,COPOC,min-CPS,0.15000000000000002,0.8807692307692307,2.7807692307692307,1.7807692307692307,1.4838709677419355,4.0,4.139743589743588,0.17692307692307693,0.0
45,COPOC,min-CPS,0.18000000000000005,0.8576923076923076,2.5846153846153848,1.5846153846153845,1.4324324324324325,4.0,3.8495726495726488,0.20384615384615384,0.0
45,COPOC,min-CPS,0.19999999999999996,0.8384615384615385,2.4461538461538463,1.4461538461538461,1.4761904761904763,4.0,3.830769230769231,0.23846153846153847,0.0
45,COPOC,RPS,0.010000000000000009,0.9961538461538462,4.630769230769231,3.6307692307692307,1.0,1.0,4.3999999999999995,0.0038461538461538464,0.0
45,COPOC,RPS,0.020000000000000018,0.9807692307692307,4.153846153846154,3.1538461538461537,1.2,2.0,5.46153846153846,0.023076923076923078,0.0
45,COPOC,RPS,0.030000000000000027,0.9692307692307692,4.0115384615384615,3.0115384615384615,1.125,2.0,5.319230769230767,0.03461538461538462,0.0
45,COPOC,RPS,0.050000000000000044,0.9384615384615385,3.6307692307692307,2.6307692307692307,1.3125,3.0,5.8615384615384585,0.08076923076923077,0.0
45,COPOC,RPS,0.07999999999999996,0.926923076923077,3.5346153846153845,2.5346153846153845,1.263157894736842,3.0,4.842307692307694,0.09230769230769231,0.0
45,COPOC,RPS,0.09999999999999998,0.9192307692307692,3.396153846153846,2.396153846153846,1.2380952380952381,3.0,4.3961538461538465,0.1,0.0
45,COPOC,RPS,0.13,0.8884615384615384,3.1076923076923078,2.1076923076923078,1.206896551724138,3.0,4.178698224852071,0.1346153846153846,0.0
45,COPOC,RPS,0.15000000000000002,0.8769230769230769,2.976923076923077,1.976923076923077,1.1875,3.0,3.9256410256410255,0.14615384615384616,0.0
45,COPOC,RPS,0.18000000000000005,0.8692307692307693,2.8423076923076924,1.8423076923076922,1.2941176470588236,3.0,3.7226495726495723,0.16923076923076924,0.0
45,COPOC,RPS,0.19999999999999996,0.8384615384615385,2.7,1.7,1.2857142857142858,3.0,3.776923076923077,0.2076923076923077,0.0
45,COPOC,OCDF,0.010000000000000009,1.0,4.961538461538462,3.9615384615384617,,0.0,3.9615384615384617,0.0,0.0
45,COPOC,OCDF,0.020000000000000018,1.0,4.930769230769231,3.9307692307692306,,0.0,3.9307692307692306,0.0,0.0
45,COPOC,OCDF,0.030000000000000027,0.9923076923076923,4.903846153846154,3.9038461538461537,1.0,1.0,4.416666666666666,0.007692307692307693,0.0
45,COPOC,OCDF,0.050000000000000044,0.9538461538461539,4.7153846153846155,3.7153846153846155,1.25,2.0,6.023076923076921,0.057692307692307696,0.0
45,COPOC,OCDF,0.07999999999999996,0.9346153846153846,4.55,3.55,1.3529411764705883,2.0,5.761538461538463,0.08846153846153847,0.0
45,COPOC,OCDF,0.09999999999999998,0.8923076923076924,4.346153846153846,3.3461538461538463,1.3928571428571428,2.0,6.346153846153846,0.15,0.0
45,COPOC,OCDF,0.13,0.8807692307692307,4.2384615384615385,3.2384615384615385,1.3870967741935485,2.0,5.78284023668639,0.16538461538461538,0.0
45,COPOC,OCDF,0.15000000000000002,0.8384615384615385,4.076923076923077,3.076923076923077,1.4523809523809523,3.0,6.205128205128204,0.23461538461538461,0.0
45,COPOC,OCDF,0.18000000000000005,0.8153846153846154,4.0,3.0,1.4375,3.0,5.948717948717948,0.2653846153846154,0.0
45,COPOC,OCDF,0.19999999999999996,0.7961538461538461,3.8807692307692307,2.8807692307692307,1.528301886792453,3.0,5.996153846153846,0.31153846153846154,0.0
45,COPOC,APS,0.010000000000000009,0.9923076923076923,4.453846153846154,3.453846153846154,1.0,1.0,4.992307692307691,0.007692307692307693,0.0
45,COPOC,APS,0.020000000000000018,0.9692307692307692,3.9846153846153847,2.9846153846153847,1.25,2.0,6.830769230769227,0.038461538461538464,0.0
45,COPOC,APS,0.030000000000000027,0.9538461538461539,3.7846153846153845,2.7846153846153845,1.25,3.0,6.630769230769228,0.057692307692307696,0.0
45,COPOC,APS,0.050000000000000044,0.95,3.6192307692307693,2.6192307692307693,1.4615384615384615,3.0,5.54230769230769,0.07307692307692308,0.0
45,COPOC,APS,0.07999999999999996,0.9153846153846154,3.3,2.3038461538461537,1.5909090909090908,4.0,5.284615384615386,0.1346153846153846,0.0
45,COPOC,APS,0.09999999999999998,0.9038461538461539,3.223076923076923,2.226923076923077,1.52,4.0,4.842307692307692,0.14615384615384616,0.0
45,COPOC,APS,0.13,0.8961538461538462,3.123076923076923,2.1307692307692307,1.6296296296296295,4.0,4.26094674556213,0.16923076923076924,0.0
45,COPOC,APS,0.15000000000000002,0.8730769230769231,2.9615384615384617,1.9730769230769232,1.6363636363636365,4.0,4.126923076923077,0.2076923076923077,0.0
45,COPOC,APS,0.18000000000000005,0.8538461538461538,2.8192307692307694,1.8346153846153845,1.7105263157894737,4.0,3.9286324786324784,0.25,0.0
45,COPOC,APS,0.19999999999999996,0.8384615384615385,2.6423076923076922,1.6576923076923078,1.7142857142857142,4.0,3.8115384615384613,0.27692307692307694,0.0
45,COPOC,LAC,0.010000000000000009,0.9923076923076923,4.542307692307692,3.542307692307692,1.0,1.0,5.080769230769229,0.007692307692307693,0.0
45,COPOC,LAC,0.020000000000000018,0.9730769230769231,4.088461538461538,3.0884615384615386,1.2857142857142858,2.0,6.549999999999997,0.03461538461538462,0.0
45,COPOC,LAC,0.030000000000000027,0.9615384615384616,3.792307692307692,2.792307692307692,1.5,3.0,6.638461538461536,0.057692307692307696,0.0
45,COPOC,LAC,0.050000000000000044,0.95,3.4653846153846155,2.4653846153846155,1.6923076923076923,4.0,5.849999999999996,0.08461538461538462,0.0
45,COPOC,LAC,0.07999999999999996,0.9461538461538461,3.226923076923077,2.226923076923077,1.6428571428571428,4.0,4.4384615384615405,0.08846153846153847,0.0
45,COPOC,LAC,0.09999999999999998,0.9230769230769231,3.0615384615384613,2.0615384615384613,1.6,4.0,4.523076923076923,0.12307692307692308,0.0
45,COPOC,LAC,0.13,0.8923076923076924,2.8346153846153848,1.8346153846153845,1.5357142857142858,4.0,4.3789940828402365,0.16538461538461538,0.0
45,COPOC,LAC,0.15000000000000002,0.8807692307692307,2.6846153846153844,1.6846153846153846,1.5806451612903225,4.0,4.197435897435897,0.18846153846153846,0.0
45,COPOC,LAC,0.18000000000000005,0.8615384615384616,2.526923076923077,1.5269230769230768,1.5555555555555556,4.0,3.92008547008547,0.2153846153846154,0.0
45,COPOC,LAC,0.19999999999999996,0.8423076923076923,2.3807692307692307,1.3807692307692307,1.6097560975609757,4.0,3.919230769230769,0.25384615384615383,0.0
46,COPOC,min-CPS,0.010000000000000009,0.9923076923076923,4.523076923076923,3.523076923076923,1.0,1.0,5.0615384615384595,0.007692307692307693,0.0
46,COPOC,min-CPS,0.020000000000000018,0.9923076923076923,4.292307692307692,3.292307692307692,1.5,2.0,4.4461538461538455,0.011538461538461539,0.0
46,COPOC,min-CPS,0.030000000000000027,0.9884615384615385,4.223076923076923,3.223076923076923,1.6666666666666667,2.0,4.505128205128204,0.019230769230769232,0.0
46,COPOC,min-CPS,0.050000000000000044,0.9846153846153847,3.792307692307692,2.792307692307692,1.75,2.0,3.8692307692307684,0.026923076923076925,0.0
46,COPOC,min-CPS,0.07999999999999996,0.9653846153846154,3.3692307692307693,2.3692307692307693,1.3333333333333333,2.0,3.5230769230769234,0.046153846153846156,0.0
46,COPOC,min-CPS,0.09999999999999998,0.95,3.226923076923077,2.226923076923077,1.2307692307692308,2.0,3.457692307692308,0.06153846153846154,0.0
46,COPOC,min-CPS,0.13,0.926923076923077,3.0115384615384615,2.0115384615384615,1.263157894736842,2.0,3.431656804733728,0.09230769230769231,0.0
46,COPOC,min-CPS,0.15000000000000002,0.9115384615384615,2.8576923076923078,1.8576923076923078,1.3043478260869565,2.0,3.396153846153846,0.11538461538461539,0.0
46,COPOC,min-CPS,0.18000000000000005,0.8615384615384616,2.6115384615384616,1.6115384615384616,1.2777777777777777,2.0,3.5773504273504266,0.17692307692307693,0.0
46,COPOC,min-CPS,0.19999999999999996,0.8576923076923076,2.542307692307692,1.5423076923076924,1.3243243243243243,3.0,3.4269230769230767,0.18846153846153846,0.0
46,COPOC,RPS,0.010000000000000009,1.0,4.665384615384616,3.6653846153846152,,0.0,3.6653846153846152,0.0,0.0
46,COPOC,RPS,0.020000000000000018,0.9961538461538462,4.45,3.45,1.0,1.0,3.8346153846153843,0.0038461538461538464,0.0
46,COPOC,RPS,0.030000000000000027,0.9961538461538462,4.223076923076923,3.223076923076923,1.0,1.0,3.4794871794871796,0.0038461538461538464,0.0
46,COPOC,RPS,0.050000000000000044,0.9846153846153847,3.9653846153846155,2.9653846153846155,1.25,2.0,3.7346153846153842,0.019230769230769232,0.0
46,COPOC,RPS,0.07999999999999996,0.9653846153846154,3.7,2.7,1.1111111111111112,2.0,3.6615384615384623,0.038461538461538464,0.0
46,COPOC,RPS,0.09999999999999998,0.95,3.5961538461538463,2.5961538461538463,1.0769230769230769,2.0,3.673076923076923,0.05384615384615385,0.0
46,COPOC,RPS,0.13,0.9346153846153846,3.3576923076923078,2.3576923076923078,1.0588235294117647,2.0,3.4227810650887576,0.06923076923076923,0.0
46,COPOC,RPS,0.15000000000000002,0.8923076923076924,3.042307692307692,2.042307692307692,1.0714285714285714,2.0,3.580769230769231,0.11538461538461539,0.0
46,COPOC,RPS,0.18000000000000005,0.8692307692307693,2.85,1.85,1.1470588235294117,3.0,3.516666666666666,0.15,0.0
46,COPOC,RPS,0.19999999999999996,0.8423076923076923,2.730769230769231,1.7307692307692308,1.1219512195121952,3.0,3.5,0.17692307692307693,0.0
46,COPOC,OCDF,0.010000000000000009,0.9923076923076923,4.911538461538462,3.9115384615384614,1.0,1.0,5.449999999999998,0.007692307692307693,0.0
46,COPOC,OCDF,0.020000000000000018,0.9884615384615385,4.9,3.9,1.3333333333333333,2.0,5.438461538461537,0.015384615384615385,0.0
46,COPOC,OCDF,0.030000000000000027,0.9807692307692307,4.869230769230769,3.8692307692307693,1.2,2.0,5.407692307692307,0.023076923076923078,0.0
46,COPOC,OCDF,0.050000000000000044,0.9692307692307692,4.780769230769231,3.7807692307692307,1.25,2.0,5.319230769230767,0.038461538461538464,0.0
46,COPOC,OCDF,0.07999999999999996,0.95,4.592307692307692,3.5923076923076924,1.4615384615384615,2.0,5.419230769230771,0.07307692307692308,0.0
46,COPOC,OCDF,0.09999999999999998,0.9115384615384615,4.415384615384616,3.4153846153846152,1.434782608695652,2.0,5.953846153846154,0.12692307692307692,0.0
46,COPOC,OCDF,0.13,0.8846153846153846,4.269230769230769,3.269230769230769,1.4,2.0,5.754437869822485,0.16153846153846155,0.0
46,COPOC,OCDF,0.15000000000000002,0.8615384615384616,4.134615384615385,3.1346153846153846,1.4166666666666667,2.0,5.75,0.19615384615384615,0.0
46,COPOC,OCDF,0.18000000000000005,0.8192307692307692,4.007692307692308,3.0076923076923077,1.446808510638298,3.0,5.913675213675212,0.26153846153846155,0.0
46,COPOC,OCDF,0.19999999999999996,0.7653846153846153,3.723076923076923,2.723076923076923,1.4918032786885247,3.0,6.223076923076923,0.35,0.0
46,COPOC,APS,0.010000000000000009,1.0,4.696153846153846,3.6961538461538463,,0.0,3.6961538461538463,0.0,0.0
46,COPOC,APS,0.020000000000000018,0.9884615384615385,4.384615384615385,3.3846153846153846,1.0,1.0,4.5384615384615365,0.011538461538461539,0.0
46,COPOC,APS,0.030000000000000027,0.9807692307692307,4.180769230769231,3.1807692307692306,1.2,2.0,4.7192307692307685,0.023076923076923078,0.0
46,COPOC,APS,0.050000000000000044,0.9730769230769231,3.7653846153846153,2.7653846153846153,1.4285714285714286,2.0,4.303846153846152,0.038461538461538464,0.0
46,COPOC,APS,0.07999999999999996,0.95,3.4076923076923076,2.4115384615384614,1.4615384615384615,4.0,3.8538461538461553,0.07307692307692308,0.0
46,COPOC,APS,0.09999999999999998,0.926923076923077,3.2423076923076923,2.25,1.5789473684210527,4.0,3.9423076923076925,0.11538461538461539,0.0
46,COPOC,APS,0.13,0.9,3.0884615384615386,2.0961538461538463,1.4230769230769231,4.0,3.812130177514793,0.1423076923076923,0.0
46,COPOC,APS,0.15000000000000002,0.8961538461538462,3.023076923076923,2.0307692307692307,1.4074074074074074,4.0,3.569230769230769,0.14615384615384616,0.0
46,COPOC,APS,0.18000000000000005,0.8884615384615384,2.8615384615384616,1.873076923076923,1.5172413793103448,4.0,3.24059829059829,0.16923076923076924,0.0
46,COPOC,APS,0.19999999999999996,0.8615384615384616,2.7115384615384617,1.7307692307692308,1.5833333333333333,4.0,3.1538461538461537,0.21923076923076923,0.0
46,COPOC,LAC,0.010000000000000009,0.9923076923076923,4.538461538461538,3.5384615384615383,1.0,1.0,5.076923076923075,0.007692307692307693,0.0
46,COPOC,LAC,0.020000000000000018,0.9923076923076923,4.326923076923077,3.326923076923077,1.5,2.0,4.48076923076923,0.011538461538461539,0.0
46,COPOC,LAC,0.030000000000000027,0.9846153846153847,4.2,3.2,1.5,2.0,4.738461538461537,0.023076923076923078,0.0
46,COPOC,LAC,0.050000000000000044,0.9846153846153847,3.826923076923077,2.826923076923077,1.75,2.0,3.903846153846153,0.026923076923076925,0.0
46,COPOC,LAC,0.07999999999999996,0.9615384615384616,3.35,2.35,1.4,2.0,3.6961538461538472,0.05384615384615385,0.0
46,COPOC,LAC,0.09999999999999998,0.9423076923076923,3.1307692307692307,2.1307692307692307,1.3333333333333333,2.0,3.669230769230769,0.07692307692307693,0.0
46,COPOC,LAC,0.13,0.9423076923076923,3.042307692307692,2.042307692307692,1.4,2.0,3.2849112426035503,0.08076923076923077,0.0
46,COPOC,LAC,0.15000000000000002,0.9307692307692308,2.9461538461538463,1.9461538461538461,1.4444444444444444,2.0,3.2794871794871794,0.1,0.0
46,COPOC,LAC,0.18000000000000005,0.9,2.75,1.75,1.5384615384615385,2.0,3.459401709401709,0.15384615384615385,0.0
46,COPOC,LAC,0.19999999999999996,0.8692307692307693,2.523076923076923,1.523076923076923,1.4411764705882353,3.0,3.4076923076923076,0.18846153846153846,0.0
47,COPOC,min-CPS,0.010000000000000009,0.9961538461538462,4.592307692307692,3.5923076923076924,1.0,1.0,4.36153846153846,0.0038461538461538464,0.0
47,COPOC,min-CPS,0.020000000000000018,0.9923076923076923,4.273076923076923,3.273076923076923,1.5,2.0,4.426923076923076,0.011538461538461539,0.0
47,COPOC,min-CPS,0.030000000000000027,0.9846153846153847,4.165384615384616,3.1653846153846152,1.5,2.0,4.703846153846152,0.023076923076923078,0.0
47,COPOC,min-CPS,0.050000000000000044,0.9653846153846154,3.603846153846154,2.603846153846154,1.4444444444444444,3.0,4.603846153846152,0.05,0.0
47,COPOC,min-CPS,0.07999999999999996,0.95,3.273076923076923,2.273076923076923,1.3846153846153846,4.0,4.003846153846155,0.06923076923076923,0.0
47,COPOC,min-CPS,0.09999999999999998,0.9230769230769231,3.046153846153846,2.046153846153846,1.3,4.0,4.046153846153846,0.1,0.0
47,COPOC,min-CPS,0.13,0.9153846153846154,2.919230769230769,1.9192307692307693,1.4090909090909092,4.0,3.753550295857988,0.11923076923076924,0.0
47,COPOC,min-CPS,0.15000000000000002,0.8615384615384616,2.6846153846153844,1.6846153846153846,1.3611111111111112,4.0,4.197435897435897,0.18846153846153846,0.0
47,COPOC,min-CPS,0.18000000000000005,0.8192307692307692,2.453846153846154,1.4538461538461538,1.3829787234042554,4.0,4.231623931623932,0.25,0.0
47,COPOC,min-CPS,0.19999999999999996,0.7961538461538461,2.3423076923076924,1.3423076923076922,1.4339622641509433,4.0,4.265384615384615,0.2923076923076923,0.0
47,COPOC,RPS,0.010000000000000009,0.9961538461538462,4.638461538461539,3.6384615384615384,1.0,1.0,4.407692307692307,0.0038461538461538464,0.0
47,COPOC,RPS,0.020000000000000018,0.9807692307692307,4.165384615384616,3.1653846153846152,1.2,2.0,5.473076923076921,0.023076923076923078,0.0
47,COPOC,RPS,0.030000000000000027,0.9769230769230769,4.053846153846154,3.0538461538461537,1.1666666666666667,2.0,4.8487179487179475,0.026923076923076925,0.0
47,COPOC,RPS,0.050000000000000044,0.9692307692307692,3.8807692307692307,2.8807692307692307,1.25,2.0,4.419230769230769,0.038461538461538464,0.0
47,COPOC,RPS,0.07999999999999996,0.9307692307692308,3.5538461538461537,2.5538461538461537,1.2777777777777777,3.0,4.765384615384617,0.08846153846153847,0.0
47,COPOC,RPS,0.09999999999999998,0.9115384615384615,3.35,2.35,1.2173913043478262,3.0,4.503846153846154,0.1076923076923077,0.0
47,COPOC,RPS,0.13,0.9038461538461539,3.1615384615384614,2.1615384615384614,1.24,3.0,3.9958579881656804,0.11923076923076924,0.0
47,COPOC,RPS,0.15000000000000002,0.8730769230769231,2.973076923076923,1.9730769230769232,1.1818181818181819,3.0,3.973076923076923,0.15,0.0
47,COPOC,RPS,0.18000000000000005,0.8307692307692308,2.773076923076923,1.773076923076923,1.2272727272727273,3.0,4.0807692307692305,0.2076923076923077,0.0
47,COPOC,RPS,0.19999999999999996,0.7961538461538461,2.5923076923076924,1.5923076923076922,1.320754716981132,3.0,4.2846153846153845,0.2692307692307692,0.0
47,COPOC,OCDF,0.010000000000000009,1.0,4.961538461538462,3.9615384615384617,,0.0,3.9615384615384617,0.0,0.0
47,COPOC,OCDF,0.020000000000000018,0.9692307692307692,4.85,3.85,1.0,1.0,6.9269230769230745,0.03076923076923077,0.0
47,COPOC,OCDF,0.030000000000000027,0.9615384615384616,4.823076923076923,3.8230769230769233,1.0,1.0,6.387179487179486,0.038461538461538464,0.0
47,COPOC,OCDF,0.050000000000000044,0.9461538461538461,4.707692307692308,3.707692307692308,1.3571428571428572,2.0,6.630769230769229,0.07307692307692308,0.0
47,COPOC,OCDF,0.07999999999999996,0.9230769230769231,4.553846153846154,3.5538461538461537,1.35,2.0,6.150000000000002,0.10384615384615385,0.0
47,COPOC,OCDF,0.09999999999999998,0.8846153846153846,4.415384615384616,3.4153846153846152,1.4,2.0,6.6461538461538465,0.16153846153846155,0.0
47,COPOC,OCDF,0.13,0.8692307692307693,4.288461538461538,3.2884615384615383,1.411764705882353,2.0,6.12869822485207,0.18461538461538463,0.0
47,COPOC,OCDF,0.15000000000000002,0.8538461538461538,4.184615384615385,3.1846153846153844,1.5263157894736843,2.0,6.158974358974358,0.2230769230769231,0.0
47,COPOC,OCDF,0.18000000000000005,0.8038461538461539,3.9923076923076923,2.9923076923076923,1.5098039215686274,3.0,6.282905982905982,0.29615384615384616,0.0
47,COPOC,OCDF,0.19999999999999996,0.7615384615384615,3.853846153846154,2.853846153846154,1.5,3.0,6.430769230769231,0.3576923076923077,0.0
47,COPOC,APS,0.010000000000000009,0.9961538461538462,4.503846153846154,3.503846153846154,1.0,1.0,4.273076923076922,0.0038461538461538464,0.0
47,COPOC,APS,0.020000000000000018,0.9923076923076923,4.234615384615385,3.2346153846153847,1.5,2.0,4.388461538461538,0.011538461538461539,0.0
47,COPOC,APS,0.030000000000000027,0.9884615384615385,4.153846153846154,3.1538461538461537,1.3333333333333333,2.0,4.179487179487179,0.015384615384615385,0.0
47,COPOC,APS,0.050000000000000044,0.9653846153846154,3.6576923076923076,2.6576923076923076,1.3333333333333333,3.0,4.503846153846152,0.046153846153846156,0.0
47,COPOC,APS,0.07999999999999996,0.9423076923076923,3.3653846153846154,2.3653846153846154,1.3333333333333333,4.0,4.28846153846154,0.07692307692307693,0.0
47,COPOC,APS,0.09999999999999998,0.9307692307692308,3.230769230769231,2.230769230769231,1.2777777777777777,4.0,4.0,0.08846153846153847,0.0
47,COPOC,APS,0.13,0.8923076923076924,2.896153846153846,1.896153846153846,1.2857142857142858,4.0,4.026331360946745,0.13846153846153847,0.0
47,COPOC,APS,0.15000000000000002,0.8923076923076924,2.853846153846154,1.853846153846154,1.2857142857142858,4.0,3.7,0.13846153846153847,0.0
47,COPOC,APS,0.18000000000000005,0.8346153846153846,2.6384615384615384,1.6384615384615384,1.302325581395349,4.0,4.031623931623931,0.2153846153846154,0.0
47,COPOC,APS,0.19999999999999996,0.7846153846153846,2.376923076923077,1.3884615384615384,1.5,4.0,4.157692307692308,0.3230769230769231,0.0
47,COPOC,LAC,0.010000000000000009,0.9961538461538462,4.596153846153846,3.5961538461538463,1.0,1.0,4.365384615384614,0.0038461538461538464,0.0
47,COPOC,LAC,0.020000000000000018,0.9923076923076923,4.315384615384615,3.3153846153846156,1.5,2.0,4.4692307692307685,0.011538461538461539,0.0
47,COPOC,LAC,0.030000000000000027,0.9884615384615385,4.188461538461539,3.1884615384615387,1.6666666666666667,2.0,4.47051282051282,0.019230769230769232,0.0
47,COPOC,LAC,0.050000000000000044,0.9653846153846154,3.6192307692307693,2.6192307692307693,1.4444444444444444,3.0,4.619230769230768,0.05,0.0
47,COPOC,LAC,0.07999999999999996,0.9538461538461539,3.226923076923077,2.226923076923077,1.4166666666666667,4.0,3.8615384615384625,0.06538461538461539,0.0
47,COPOC,LAC,0.09999999999999998,0.9153846153846154,2.996153846153846,1.9961538461538462,1.3181818181818181,4.0,4.226923076923077,0.11153846153846154,0.0
47,COPOC,LAC,0.13,0.8846153846153846,2.8076923076923075,1.8076923076923077,1.4333333333333333,4.0,4.352071005917161,0.16538461538461538,0.0
47,COPOC,LAC,0.15000000000000002,0.8730769230769231,2.6884615384615387,1.6884615384615385,1.5151515151515151,4.0,4.252564102564102,0.19230769230769232,0.0
47,COPOC,LAC,0.18000000000000005,0.8423076923076923,2.473076923076923,1.4730769230769232,1.5365853658536586,4.0,4.165384615384616,0.2423076923076923,0.0
47,COPOC,LAC,0.19999999999999996,0.8384615384615385,2.423076923076923,1.4230769230769231,1.5238095238095237,4.0,3.8846153846153846,0.24615384615384617,0.0
48,COPOC,min-CPS,0.010000000000000009,1.0,4.657692307692308,3.6576923076923076,,0.0,3.6576923076923076,0.0,0.0
48,COPOC,min-CPS,0.020000000000000018,0.9961538461538462,4.423076923076923,3.423076923076923,1.0,1.0,3.807692307692307,0.0038461538461538464,0.0
48,COPOC,min-CPS,0.030000000000000027,0.9884615384615385,4.273076923076923,3.273076923076923,1.3333333333333333,2.0,4.2987179487179485,0.015384615384615385,0.0
48,COPOC,min-CPS,0.050000000000000044,0.9653846153846154,3.7153846153846155,2.7153846153846155,1.3333333333333333,2.0,4.5615384615384595,0.046153846153846156,0.0
48,COPOC,min-CPS,0.07999999999999996,0.9,3.1115384615384616,2.1115384615384616,1.2307692307692308,2.0,5.1884615384615405,0.12307692307692308,0.0
48,COPOC,min-CPS,0.09999999999999998,0.8730769230769231,2.9115384615384614,1.9115384615384616,1.2727272727272727,2.0,5.142307692307693,0.16153846153846155,0.0
48,COPOC,min-CPS,0.13,0.8461538461538461,2.75,1.75,1.325,2.0,4.886094674556213,0.20384615384615384,0.0
48,COPOC,min-CPS,0.15000000000000002,0.8384615384615385,2.6346153846153846,1.6346153846153846,1.3571428571428572,3.0,4.5576923076923075,0.21923076923076923,0.0
48,COPOC,min-CPS,0.18000000000000005,0.8153846153846154,2.480769230769231,1.4807692307692308,1.4166666666666667,3.0,4.386752136752135,0.26153846153846155,0.0
48,COPOC,min-CPS,0.19999999999999996,0.7884615384615384,2.3692307692307693,1.3692307692307693,1.4363636363636363,3.0,4.407692307692308,0.3038461538461538,0.0
48,COPOC,RPS,0.010000000000000009,0.9961538461538462,4.634615384615385,3.6346153846153846,1.0,1.0,4.403846153846153,0.0038461538461538464,0.0
48,COPOC,RPS,0.020000000000000018,0.9923076923076923,4.4192307692307695,3.419230769230769,1.0,1.0,4.188461538461538,0.007692307692307693,0.0
48,COPOC,RPS,0.030000000000000027,0.9769230769230769,4.076923076923077,3.076923076923077,1.0,1.0,4.615384615384614,0.023076923076923078,0.0
48,COPOC,RPS,0.050000000000000044,0.9192307692307692,3.626923076923077,2.626923076923077,1.0952380952380953,2.0,6.165384615384613,0.08846153846153847,0.0
48,COPOC,RPS,0.07999999999999996,0.8884615384615384,3.396153846153846,2.396153846153846,1.0689655172413792,2.0,5.376923076923078,0.11923076923076924,0.0
48,COPOC,RPS,0.09999999999999998,0.8653846153846154,3.15,2.15,1.1428571428571428,2.0,5.226923076923077,0.15384615384615385,0.0
48,COPOC,RPS,0.13,0.8384615384615385,2.919230769230769,1.9192307692307693,1.1904761904761905,3.0,4.877810650887573,0.19230769230769232,0.0
48,COPOC,RPS,0.15000000000000002,0.8076923076923077,2.7807692307692307,1.7807692307692307,1.22,3.0,4.908974358974358,0.23461538461538461,0.0
48,COPOC,RPS,0.18000000000000005,0.8,2.6576923076923076,1.6576923076923078,1.2884615384615385,3.0,4.520940170940171,0.25769230769230766,0.0
48,COPOC,RPS,0.19999999999999996,0.7846153846153846,2.526923076923077,1.5269230769230768,1.3392857142857142,3.0,4.411538461538462,0.28846153846153844,0.0
48,COPOC,OCDF,0.010000000000000009,0.9923076923076923,4.926923076923077,3.9269230769230767,1.5,2.0,6.234615384615383,0.011538461538461539,0.0
48,COPOC,OCDF,0.020000000000000018,0.9807692307692307,4.888461538461539,3.8884615384615384,1.6,3.0,6.965384615384614,0.03076923076923077,0.0
48,COPOC,OCDF,0.030000000000000027,0.9769230769230769,4.8538461538461535,3.853846153846154,1.5,3.0,6.16153846153846,0.03461538461538462,0.0
48,COPOC,OCDF,0.050000000000000044,0.9384615384615385,4.611538461538461,3.6115384615384616,1.5,3.0,7.30384615384615,0.09230769230769231,0.0
48,COPOC,OCDF,0.07999999999999996,0.926923076923077,4.5346153846153845,3.5346153846153845,1.5263157894736843,3.0,6.323076923076925,0.11153846153846154,0.0
48,COPOC,OCDF,0.09999999999999998,0.8961538461538462,4.35,3.35,1.5925925925925926,4.0,6.657692307692308,0.16538461538461538,0.0
48,COPOC,OCDF,0.13,0.8615384615384616,4.203846153846154,3.203846153846154,1.5555555555555556,4.0,6.517455621301775,0.2153846153846154,0.0
48,COPOC,OCDF,0.15000000000000002,0.8423076923076923,4.111538461538461,3.1115384615384616,1.5365853658536586,4.0,6.342307692307691,0.2423076923076923,0.0
48,COPOC,OCDF,0.18000000000000005,0.8153846153846154,4.0,3.0,1.5833333333333333,4.0,6.247863247863248,0.2923076923076923,0.0
48,COPOC,OCDF,0.19999999999999996,0.7846153846153846,3.8576923076923078,2.8576923076923078,1.625,4.0,6.357692307692307,0.35,0.0
48,COPOC,APS,0.010000000000000009,0.9923076923076923,4.592307692307692,3.5923076923076924,1.0,1.0,5.130769230769229,0.007692307692307693,0.0
48,COPOC,APS,0.020000000000000018,0.9884615384615385,4.453846153846154,3.453846153846154,1.0,1.0,4.6076923076923055,0.011538461538461539,0.0
48,COPOC,APS,0.030000000000000027,0.9884615384615385,4.311538461538461,3.3115384615384613,1.3333333333333333,2.0,4.337179487179487,0.015384615384615385,0.0
48,COPOC,APS,0.050000000000000044,0.9576923076923077,3.576923076923077,2.576923076923077,1.4545454545454546,2.0,5.0384615384615365,0.06153846153846154,0.0
48,COPOC,APS,0.07999999999999996,0.9153846153846154,3.3653846153846154,2.3692307692307693,1.3636363636363635,4.0,4.869230769230771,0.11538461538461539,0.0
48,COPOC,APS,0.09999999999999998,0.8884615384615384,3.126923076923077,2.1384615384615384,1.5172413793103448,4.0,4.6,0.16923076923076924,0.0
48,COPOC,APS,0.13,0.85,2.8692307692307693,1.8884615384615384,1.6153846153846154,4.0,4.43284023668639,0.2423076923076923,0.0
48,COPOC,APS,0.15000000000000002,0.8192307692307692,2.7384615384615385,1.7576923076923077,1.553191489361702,4.0,4.475641025641025,0.28076923076923077,0.0
48,COPOC,APS,0.18000000000000005,0.8038461538461539,2.6384615384615384,1.6576923076923078,1.588235294117647,4.0,4.264529914529914,0.31153846153846154,0.0
48,COPOC,APS,0.19999999999999996,0.7884615384615384,2.5884615384615386,1.6115384615384616,1.6545454545454545,4.0,4.188461538461539,0.35,0.0
48,COPOC,LAC,0.010000000000000009,1.0,4.6692307692307695,3.669230769230769,,0.0,3.669230769230769,0.0,0.0
48,COPOC,LAC,0.020000000000000018,0.9961538461538462,4.415384615384616,3.4153846153846152,2.0,2.0,4.184615384615384,0.007692307692307693,0.0
48,COPOC,LAC,0.030000000000000027,0.9846153846153847,4.253846153846154,3.253846153846154,1.25,2.0,4.535897435897435,0.019230769230769232,0.0
48,COPOC,LAC,0.050000000000000044,0.9615384615384616,3.673076923076923,2.673076923076923,1.3,2.0,4.673076923076922,0.05,0.0
48,COPOC,LAC,0.07999999999999996,0.9153846153846154,3.1769230769230767,2.1769230769230767,1.3181818181818181,2.0,4.965384615384617,0.11153846153846154,0.0
48,COPOC,LAC,0.09999999999999998,0.8807692307692307,2.9615384615384617,1.9615384615384615,1.3225806451612903,2.0,5.115384615384615,0.1576923076923077,0.0
48,COPOC,LAC,0.13,0.8653846153846154,2.7653846153846153,1.7653846153846153,1.457142857142857,3.0,4.783136094674555,0.19615384615384615,0.0
48,COPOC,LAC,0.15000000000000002,0.8307692307692308,2.526923076923077,1.5269230769230768,1.5,3.0,4.911538461538462,0.25384615384615383,0.0
48,COPOC,LAC,0.18000000000000005,0.8,2.373076923076923,1.373076923076923,1.5,3.0,4.706410256410256,0.3,0.0
48,COPOC,LAC,0.19999999999999996,0.7923076923076923,2.2153846153846155,1.2153846153846153,1.5925925925925926,3.0,4.523076923076923,0.33076923076923076,0.0
49,COPOC,min-CPS,0.010000000000000009,0.9923076923076923,4.588461538461538,3.5884615384615386,1.0,1.0,5.126923076923076,0.007692307692307693,0.0
49,COPOC,min-CPS,0.020000000000000018,0.9846153846153847,4.3076923076923075,3.3076923076923075,1.5,2.0,5.615384615384613,0.023076923076923078,0.0
49,COPOC,min-CPS,0.030000000000000027,0.9846153846153847,4.296153846153846,3.296153846153846,1.5,2.0,4.834615384615383,0.023076923076923078,0.0
49,COPOC,min-CPS,0.050000000000000044,0.9730769230769231,3.85,2.85,1.4285714285714286,2.0,4.388461538461538,0.038461538461538464,0.0
49,COPOC,min-CPS,0.07999999999999996,0.95,3.3923076923076922,2.3923076923076922,1.3846153846153846,2.0,4.1230769230769235,0.06923076923076923,0.0
49,COPOC,min-CPS,0.09999999999999998,0.9346153846153846,3.1615384615384614,2.1615384615384614,1.3529411764705883,2.0,3.9307692307692306,0.08846153846153847,0.0
49,COPOC,min-CPS,0.13,0.9038461538461539,2.9423076923076925,1.9423076923076923,1.28,2.0,3.835798816568047,0.12307692307692308,0.0
49,COPOC,min-CPS,0.15000000000000002,0.8769230769230769,2.8384615384615386,1.8384615384615384,1.25,2.0,3.8897435897435892,0.15384615384615385,0.0
49,COPOC,min-CPS,0.18000000000000005,0.8615384615384616,2.673076923076923,1.6730769230769231,1.3888888888888888,3.0,3.809829059829059,0.19230769230769232,0.0
49,COPOC,min-CPS,0.19999999999999996,0.8423076923076923,2.5346153846153845,1.5346153846153847,1.3658536585365855,3.0,3.6884615384615387,0.2153846153846154,0.0
49,COPOC,RPS,0.010000000000000009,0.9923076923076923,4.65,3.65,1.0,1.0,5.188461538461537,0.007692307692307693,0.0
49,COPOC,RPS,0.020000000000000018,0.9923076923076923,4.430769230769231,3.4307692307692306,1.0,1.0,4.199999999999999,0.007692307692307693,0.0
49,COPOC,RPS,0.030000000000000027,0.9884615384615385,4.2153846153846155,3.2153846153846155,1.0,1.0,3.9846153846153847,0.011538461538461539,0.0
49,COPOC,RPS,0.050000000000000044,0.9730769230769231,3.9423076923076925,2.9423076923076925,1.2857142857142858,2.0,4.326923076923075,0.03461538461538462,0.0
49,COPOC,RPS,0.07999999999999996,0.9346153846153846,3.6576923076923076,2.6576923076923076,1.1176470588235294,2.0,4.4846153846153864,0.07307692307692308,0.0
49,COPOC,RPS,0.09999999999999998,0.9192307692307692,3.4846153846153847,2.4846153846153847,1.0952380952380953,2.0,4.253846153846154,0.08846153846153847,0.0
49,COPOC,RPS,0.13,0.9076923076923077,3.25,2.25,1.125,2.0,3.8476331360946747,0.10384615384615385,0.0
49,COPOC,RPS,0.15000000000000002,0.8576923076923076,2.8923076923076922,1.8923076923076922,1.135135135135135,3.0,4.046153846153846,0.16153846153846155,0.0
49,COPOC,RPS,0.18000000000000005,0.823076923076923,2.7423076923076923,1.7423076923076923,1.173913043478261,3.0,4.05,0.2076923076923077,0.0
49,COPOC,RPS,0.19999999999999996,0.8115384615384615,2.626923076923077,1.626923076923077,1.2244897959183674,3.0,3.9346153846153844,0.23076923076923078,0.0
49,COPOC,OCDF,0.010000000000000009,0.9884615384615385,4.903846153846154,3.9038461538461537,1.3333333333333333,2.0,6.980769230769228,0.015384615384615385,0.0
49,COPOC,OCDF,0.020000000000000018,0.9730769230769231,4.842307692307692,3.8423076923076924,1.2857142857142858,3.0,7.30384615384615,0.03461538461538462,0.0
49,COPOC,OCDF,0.030000000000000027,0.9730769230769231,4.8307692307692305,3.830769230769231,1.2857142857142858,3.0,6.138461538461537,0.03461538461538462,0.0
49,COPOC,OCDF,0.050000000000000044,0.9230769230769231,4.523076923076923,3.523076923076923,1.4,3.0,7.830769230769227,0.1076923076923077,0.0
49,COPOC,OCDF,0.07999999999999996,0.8807692307692307,4.319230769230769,3.3192307692307694,1.4838709677419355,4.0,7.742307692307696,0.17692307692307693,0.0
49,COPOC,OCDF,0.09999999999999998,0.8461538461538461,4.130769230769231,3.1307692307692307,1.45,4.0,7.592307692307692,0.2230769230769231,0.0
49,COPOC,OCDF,0.13,0.8153846153846154,4.007692307692308,3.0076923076923077,1.5,4.0,7.268047337278106,0.27692307692307694,0.0
49,COPOC,OCDF,0.15000000000000002,0.7730769230769231,3.8653846153846154,2.8653846153846154,1.5084745762711864,4.0,7.429487179487179,0.3423076923076923,0.0
49,COPOC,OCDF,0.18000000000000005,0.7192307692307692,3.6769230769230767,2.6769230769230767,1.4931506849315068,4.0,7.335042735042734,0.41923076923076924,0.0
49,COPOC,OCDF,0.19999999999999996,0.7,3.6115384615384616,2.6115384615384616,1.5256410256410255,4.0,7.188461538461539,0.4576923076923077,0.0
49,COPOC,APS,0.010000000000000009,0.9961538461538462,4.673076923076923,3.673076923076923,1.0,1.0,4.442307692307692,0.0038461538461538464,0.0
49,COPOC,APS,0.020000000000000018,0.9884615384615385,4.434615384615385,3.4346153846153844,1.3333333333333333,2.0,4.973076923076921,0.015384615384615385,0.0
49,COPOC,APS,0.030000000000000027,0.9807692307692307,4.153846153846154,3.1538461538461537,1.4,2.0,4.948717948717948,0.026923076923076925,0.0
49,COPOC,APS,0.050000000000000044,0.9615384615384616,3.726923076923077,2.726923076923077,1.4,2.0,4.880769230769229,0.05384615384615385,0.0
49,COPOC,APS,0.07999999999999996,0.9576923076923077,3.5538461538461537,2.5538461538461537,1.3636363636363635,2.0,3.996153846153847,0.057692307692307696,0.0
49,COPOC,APS,0.09999999999999998,0.9423076923076923,3.3653846153846154,2.3653846153846154,1.3333333333333333,2.0,3.9038461538461537,0.07692307692307693,0.0
49,COPOC,APS,0.13,0.9076923076923077,3.1615384615384614,2.1769230769230767,1.7083333333333333,4.0,3.774556213017752,0.1576923076923077,0.0
49,COPOC,APS,0.15000000000000002,0.8923076923076924,3.05,2.0653846153846156,1.6428571428571428,4.0,3.706410256410256,0.17692307692307693,0.0
49,COPOC,APS,0.18000000000000005,0.8769230769230769,2.8653846153846154,1.8807692307692307,1.65625,4.0,3.5474358974358973,0.20384615384615384,0.0
49,COPOC,APS,0.19999999999999996,0.8653846153846154,2.7884615384615383,1.8038461538461539,1.6,4.0,3.419230769230769,0.2153846153846154,0.0
49,COPOC,LAC,0.010000000000000009,0.9923076923076923,4.596153846153846,3.5961538461538463,1.0,1.0,5.134615384615383,0.007692307692307693,0.0
49,COPOC,LAC,0.020000000000000018,0.9846153846153847,4.303846153846154,3.3038461538461537,1.5,2.0,5.611538461538459,0.023076923076923078,0.0
49,COPOC,LAC,0.030000000000000027,0.9846153846153847,4.288461538461538,3.2884615384615383,1.5,2.0,4.826923076923076,0.023076923076923078,0.0
49,COPOC,LAC,0.050000000000000044,0.9692307692307692,3.8153846153846156,2.8153846153846156,1.375,2.0,4.507692307692307,0.04230769230769231,0.0
49,COPOC,LAC,0.07999999999999996,0.9538461538461539,3.3230769230769233,2.3230769230769233,1.5,2.0,4.0538461538461545,0.06923076923076923,0.0
49,COPOC,LAC,0.09999999999999998,0.9076923076923077,3.0692307692307694,2.0692307692307694,1.2916666666666667,2.0,4.453846153846154,0.11923076923076924,0.0
49,COPOC,LAC,0.13,0.8961538461538462,2.9461538461538463,1.9461538461538461,1.4074074074074074,2.0,4.194674556213018,0.14615384615384616,0.0
49,COPOC,LAC,0.15000000000000002,0.8807692307692307,2.75,1.75,1.5483870967741935,3.0,4.211538461538462,0.18461538461538463,0.0
49,COPOC,LAC,0.18000000000000005,0.8615384615384616,2.576923076923077,1.5769230769230769,1.5277777777777777,3.0,3.9273504273504263,0.21153846153846154,0.0
49,COPOC,LAC,0.19999999999999996,0.8307692307692308,2.4269230769230767,1.426923076923077,1.4772727272727273,3.0,3.9269230769230767,0.25,0.0
0,CrossEntropyLoss,min-CPS,0.010000000000000009,0.9923076923076923,4.515384615384615,3.5153846153846153,1.0,1.0,5.053846153846152,0.007692307692307693,0.0
0,CrossEntropyLoss,min-CPS,0.020000000000000018,0.9807692307692307,4.053846153846154,3.0538461538461537,1.6,2.0,6.1307692307692285,0.03076923076923077,0.0
0,CrossEntropyLoss,min-CPS,0.030000000000000027,0.9769230769230769,4.023076923076923,3.023076923076923,1.5,2.0,5.330769230769229,0.03461538461538462,0.0
0,CrossEntropyLoss,min-CPS,0.050000000000000044,0.9615384615384616,3.6,2.6,1.5,3.0,4.907692307692306,0.057692307692307696,0.0
0,CrossEntropyLoss,min-CPS,0.07999999999999996,0.9384615384615385,3.2846153846153845,2.2846153846153845,1.375,3.0,4.400000000000002,0.08461538461538462,0.0
0,CrossEntropyLoss,min-CPS,0.09999999999999998,0.9,2.85,1.85,1.3461538461538463,3.0,4.542307692307692,0.1346153846153846,0.0
0,CrossEntropyLoss,min-CPS,0.13,0.8846153846153846,2.7,1.7,1.3666666666666667,3.0,4.12603550295858,0.1576923076923077,0.0
0,CrossEntropyLoss,min-CPS,0.15000000000000002,0.8384615384615385,2.55,1.55,1.4047619047619047,4.0,4.575641025641025,0.22692307692307692,0.0
0,CrossEntropyLoss,min-CPS,0.18000000000000005,0.8,2.396153846153846,1.396153846153846,1.3846153846153846,4.0,4.473076923076922,0.27692307692307694,0.0
0,CrossEntropyLoss,min-CPS,0.19999999999999996,0.7846153846153846,2.3230769230769233,1.323076923076923,1.3571428571428572,4.0,4.246153846153846,0.2923076923076923,0.0
0,CrossEntropyLoss,RPS,0.010000000000000009,0.9923076923076923,4.376923076923077,3.376923076923077,1.0,1.0,4.915384615384614,0.007692307692307693,0.0
0,CrossEntropyLoss,RPS,0.020000000000000018,0.9807692307692307,4.165384615384616,3.1653846153846152,1.2,2.0,5.473076923076921,0.023076923076923078,0.0
0,CrossEntropyLoss,RPS,0.030000000000000027,0.9769230769230769,4.092307692307692,3.0923076923076924,1.1666666666666667,2.0,4.887179487179487,0.026923076923076925,0.0
0,CrossEntropyLoss,RPS,0.050000000000000044,0.9538461538461539,3.8923076923076922,2.8923076923076922,1.1666666666666667,2.0,5.046153846153844,0.05384615384615385,0.0
0,CrossEntropyLoss,RPS,0.07999999999999996,0.9192307692307692,3.3653846153846154,2.3653846153846154,1.0952380952380953,2.0,4.576923076923078,0.08846153846153847,0.0
0,CrossEntropyLoss,RPS,0.09999999999999998,0.9,3.1076923076923078,2.1076923076923078,1.1538461538461537,3.0,4.415384615384616,0.11538461538461539,0.0
0,CrossEntropyLoss,RPS,0.13,0.8692307692307693,2.9461538461538463,1.9461538461538461,1.1764705882352942,3.0,4.31301775147929,0.15384615384615385,0.0
0,CrossEntropyLoss,RPS,0.15000000000000002,0.8461538461538461,2.8115384615384613,1.8115384615384615,1.2,3.0,4.273076923076923,0.18461538461538463,0.0
0,CrossEntropyLoss,RPS,0.18000000000000005,0.8307692307692308,2.6923076923076925,1.6923076923076923,1.1818181818181819,3.0,3.9145299145299144,0.2,0.0
0,CrossEntropyLoss,RPS,0.19999999999999996,0.8115384615384615,2.4461538461538463,1.4461538461538461,1.3061224489795917,3.0,3.9076923076923076,0.24615384615384617,0.0
0,CrossEntropyLoss,OCDF,0.010000000000000009,0.9961538461538462,4.961538461538462,3.9615384615384617,1.0,1.0,4.73076923076923,0.0038461538461538464,0.0
0,CrossEntropyLoss,OCDF,0.020000000000000018,0.9769230769230769,4.846153846153846,3.8461538461538463,1.0,1.0,6.153846153846152,0.023076923076923078,0.0
0,CrossEntropyLoss,OCDF,0.030000000000000027,0.9692307692307692,4.811538461538461,3.8115384615384613,1.0,1.0,5.8628205128205115,0.03076923076923077,0.0
0,CrossEntropyLoss,OCDF,0.050000000000000044,0.9384615384615385,4.619230769230769,3.6192307692307693,1.25,2.0,6.696153846153844,0.07692307692307693,0.0
0,CrossEntropyLoss,OCDF,0.07999999999999996,0.9230769230769231,4.519230769230769,3.519230769230769,1.4,2.0,6.2115384615384635,0.1076923076923077,0.0
0,CrossEntropyLoss,OCDF,0.09999999999999998,0.9153846153846154,4.480769230769231,3.480769230769231,1.4545454545454546,2.0,5.9423076923076925,0.12307692307692308,0.0
0,CrossEntropyLoss,OCDF,0.13,0.8615384615384616,4.196153846153846,3.1961538461538463,1.4166666666666667,3.0,6.213905325443788,0.19615384615384615,0.0
0,CrossEntropyLoss,OCDF,0.15000000000000002,0.8423076923076923,4.115384615384615,3.1153846153846154,1.4146341463414633,3.0,6.0897435897435885,0.2230769230769231,0.0
0,CrossEntropyLoss,OCDF,0.18000000000000005,0.8307692307692308,4.023076923076923,3.023076923076923,1.4090909090909092,3.0,5.672649572649572,0.23846153846153847,0.0
0,CrossEntropyLoss,OCDF,0.19999999999999996,0.7961538461538461,3.8615384615384616,2.8615384615384616,1.3584905660377358,3.0,5.630769230769231,0.27692307692307694,0.0
0,CrossEntropyLoss,APS,0.010000000000000009,1.0,4.542307692307692,3.5653846153846156,,0.0,3.5653846153846156,0.0,0.023076923076923106
0,CrossEntropyLoss,APS,0.020000000000000018,0.9807692307692307,4.188461538461539,3.230769230769231,1.2,2.0,5.5384615384615365,0.023076923076923078,0.04230769230769227
0,CrossEntropyLoss,APS,0.030000000000000027,0.9769230769230769,4.076923076923077,3.1307692307692307,1.3333333333333333,2.0,4.925641025641024,0.03076923076923077,0.05384615384615388
0,CrossEntropyLoss,APS,0.050000000000000044,0.95,3.7153846153846155,2.8153846153846156,1.3846153846153846,3.0,5.123076923076922,0.06923076923076923,0.09999999999999998
0,CrossEntropyLoss,APS,0.07999999999999996,0.9192307692307692,3.1153846153846154,2.353846153846154,1.8571428571428572,4.0,4.373076923076924,0.15,0.22307692307692306
0,CrossEntropyLoss,APS,0.09999999999999998,0.9153846153846154,2.9346153846153844,2.226923076923077,1.8181818181818181,4.0,3.919230769230769,0.15384615384615385,0.27692307692307694
0,CrossEntropyLoss,APS,0.13,0.8846153846153846,2.8038461538461537,2.1192307692307693,1.6,4.0,3.8352071005917163,0.18461538461538463,0.2961538461538461
0,CrossEntropyLoss,APS,0.15000000000000002,0.8692307692307693,2.7,2.026923076923077,1.7352941176470589,4.0,3.6166666666666663,0.22692307692307692,0.29230769230769227
0,CrossEntropyLoss,APS,0.18000000000000005,0.8423076923076923,2.457692307692308,1.7961538461538462,1.853658536585366,4.0,3.505555555555555,0.2923076923076923,0.2961538461538461
0,CrossEntropyLoss,APS,0.19999999999999996,0.8192307692307692,2.3346153846153848,1.7,1.8936170212765957,4.0,3.546153846153846,0.3423076923076923,0.31153846153846154
0,CrossEntropyLoss,LAC,0.010000000000000009,0.9923076923076923,4.492307692307692,3.519230769230769,1.5,2.0,5.826923076923075,0.011538461538461539,0.02692307692307694
0,CrossEntropyLoss,LAC,0.020000000000000018,0.9846153846153847,4.126923076923077,3.1653846153846152,2.0,3.0,6.24230769230769,0.03076923076923077,0.038461538461538436
0,CrossEntropyLoss,LAC,0.030000000000000027,0.9730769230769231,4.007692307692308,3.0615384615384613,1.7142857142857142,3.0,5.625641025641023,0.046153846153846156,0.05384615384615388
0,CrossEntropyLoss,LAC,0.050000000000000044,0.9538461538461539,3.726923076923077,2.826923076923077,1.4166666666666667,3.0,4.673076923076922,0.06538461538461539,0.09999999999999998
0,CrossEntropyLoss,LAC,0.07999999999999996,0.9230769230769231,3.1384615384615384,2.2846153846153845,1.35,3.0,4.6884615384615405,0.10384615384615385,0.1461538461538462
0,CrossEntropyLoss,LAC,0.09999999999999998,0.8961538461538462,2.773076923076923,1.9884615384615385,1.4074074074074074,4.0,4.526923076923077,0.14615384615384616,0.21153846153846156
0,CrossEntropyLoss,LAC,0.13,0.8961538461538462,2.6576923076923076,1.8923076923076922,1.4074074074074074,4.0,3.844970414201183,0.14615384615384616,0.23076923076923073
0,CrossEntropyLoss,LAC,0.15000000000000002,0.8807692307692307,2.4846153846153847,1.7538461538461538,1.3870967741935485,4.0,3.702564102564102,0.16538461538461538,0.26538461538461533
0,CrossEntropyLoss,LAC,0.18000000000000005,0.8346153846153846,2.3,1.5615384615384615,1.3953488372093024,4.0,3.8692307692307684,0.23076923076923078,0.25769230769230766
0,CrossEntropyLoss,LAC,0.19999999999999996,0.7961538461538461,2.1192307692307693,1.3692307692307693,1.4528301886792452,4.0,4.138461538461539,0.29615384615384616,0.24615384615384617
1,CrossEntropyLoss,min-CPS,0.010000000000000009,0.9923076923076923,4.523076923076923,3.523076923076923,1.0,1.0,5.0615384615384595,0.007692307692307693,0.0
1,CrossEntropyLoss,min-CPS,0.020000000000000018,0.9846153846153847,4.065384615384615,3.0653846153846156,1.75,2.0,5.757692307692305,0.026923076923076925,0.0
1,CrossEntropyLoss,min-CPS,0.030000000000000027,0.9807692307692307,4.023076923076923,3.023076923076923,1.6,2.0,5.074358974358973,0.03076923076923077,0.0
1,CrossEntropyLoss,min-CPS,0.050000000000000044,0.9692307692307692,3.669230769230769,2.669230769230769,1.5,3.0,4.5153846153846136,0.046153846153846156,0.0
1,CrossEntropyLoss,min-CPS,0.07999999999999996,0.9038461538461539,2.996153846153846,1.9961538461538462,1.32,3.0,5.169230769230771,0.12692307692307692,0.0
1,CrossEntropyLoss,min-CPS,0.09999999999999998,0.8769230769230769,2.7423076923076923,1.7423076923076923,1.34375,3.0,5.05,0.16538461538461538,0.0
1,CrossEntropyLoss,min-CPS,0.13,0.8653846153846154,2.6153846153846154,1.6153846153846154,1.3714285714285714,3.0,4.455621301775149,0.18461538461538463,0.0
1,CrossEntropyLoss,min-CPS,0.15000000000000002,0.8384615384615385,2.5153846153846153,1.5153846153846153,1.380952380952381,4.0,4.48974358974359,0.2230769230769231,0.0
1,CrossEntropyLoss,min-CPS,0.18000000000000005,0.8307692307692308,2.4346153846153844,1.4346153846153846,1.4090909090909092,4.0,4.084188034188033,0.23846153846153847,0.0
1,CrossEntropyLoss,min-CPS,0.19999999999999996,0.8038461538461539,2.3115384615384613,1.3115384615384615,1.4313725490196079,4.0,4.119230769230769,0.28076923076923077,0.0
1,CrossEntropyLoss,RPS,0.010000000000000009,0.9884615384615385,4.361538461538461,3.3615384615384616,1.0,1.0,5.669230769230768,0.011538461538461539,0.0
1,CrossEntropyLoss,RPS,0.020000000000000018,0.9807692307692307,4.157692307692308,3.1576923076923076,1.2,2.0,5.465384615384614,0.023076923076923078,0.0
1,CrossEntropyLoss,RPS,0.030000000000000027,0.9653846153846154,3.9653846153846155,2.9653846153846155,1.1111111111111112,2.0,5.529487179487177,0.038461538461538464,0.0
1,CrossEntropyLoss,RPS,0.050000000000000044,0.9461538461538461,3.7807692307692307,2.7807692307692307,1.1428571428571428,2.0,5.242307692307691,0.06153846153846154,0.0
1,CrossEntropyLoss,RPS,0.07999999999999996,0.926923076923077,3.3923076923076922,2.3923076923076922,1.1578947368421053,2.0,4.5076923076923086,0.08461538461538462,0.0
1,CrossEntropyLoss,RPS,0.09999999999999998,0.8807692307692307,3.0692307692307694,2.0692307692307694,1.1935483870967742,3.0,4.915384615384616,0.1423076923076923,0.0
1,CrossEntropyLoss,RPS,0.13,0.8346153846153846,2.830769230769231,1.8307692307692307,1.2325581395348837,3.0,4.966863905325443,0.20384615384615384,0.0
1,CrossEntropyLoss,RPS,0.15000000000000002,0.8269230769230769,2.7884615384615383,1.7884615384615385,1.2222222222222223,3.0,4.6089743589743595,0.21153846153846154,0.0
1,CrossEntropyLoss,RPS,0.18000000000000005,0.8038461538461539,2.4923076923076923,1.4923076923076923,1.2941176470588236,3.0,4.312820512820512,0.25384615384615383,0.0
1,CrossEntropyLoss,RPS,0.19999999999999996,0.7615384615384615,2.2384615384615385,1.2384615384615385,1.2741935483870968,3.0,4.276923076923077,0.3038461538461538,0.0
1,CrossEntropyLoss,OCDF,0.010000000000000009,0.9961538461538462,4.938461538461539,3.9384615384615387,1.0,1.0,4.707692307692307,0.0038461538461538464,0.0
1,CrossEntropyLoss,OCDF,0.020000000000000018,0.9923076923076923,4.8961538461538465,3.896153846153846,1.0,1.0,4.665384615384615,0.007692307692307693,0.0
1,CrossEntropyLoss,OCDF,0.030000000000000027,0.9884615384615385,4.85,3.85,1.0,1.0,4.619230769230769,0.011538461538461539,0.0
1,CrossEntropyLoss,OCDF,0.050000000000000044,0.9538461538461539,4.680769230769231,3.6807692307692306,1.0833333333333333,2.0,5.680769230769229,0.05,0.0
1,CrossEntropyLoss,OCDF,0.07999999999999996,0.9307692307692308,4.542307692307692,3.542307692307692,1.2222222222222223,2.0,5.657692307692309,0.08461538461538462,0.0
1,CrossEntropyLoss,OCDF,0.09999999999999998,0.8923076923076924,4.376923076923077,3.376923076923077,1.2857142857142858,2.0,6.1461538461538465,0.13846153846153847,0.0
1,CrossEntropyLoss,OCDF,0.13,0.8807692307692307,4.269230769230769,3.269230769230769,1.3548387096774193,2.0,5.754437869822485,0.16153846153846155,0.0
1,CrossEntropyLoss,OCDF,0.15000000000000002,0.8576923076923076,4.165384615384616,3.1653846153846152,1.3513513513513513,2.0,5.729487179487179,0.19230769230769232,0.0
1,CrossEntropyLoss,OCDF,0.18000000000000005,0.8384615384615385,4.038461538461538,3.0384615384615383,1.380952380952381,3.0,5.517094017094017,0.2230769230769231,0.0
1,CrossEntropyLoss,OCDF,0.19999999999999996,0.823076923076923,3.973076923076923,2.973076923076923,1.4130434782608696,3.0,5.473076923076923,0.25,0.0
1,CrossEntropyLoss,APS,0.010000000000000009,0.9961538461538462,4.503846153846154,3.5384615384615383,1.0,1.0,4.307692307692307,0.0038461538461538464,0.0346153846153846
1,CrossEntropyLoss,APS,0.020000000000000018,0.9923076923076923,4.242307692307692,3.292307692307692,1.5,2.0,4.446153846153845,0.011538461538461539,0.050000000000000044
1,CrossEntropyLoss,APS,0.030000000000000027,0.9846153846153847,3.9461538461538463,3.0346153846153845,1.5,2.0,4.3166666666666655,0.023076923076923078,0.08846153846153848
1,CrossEntropyLoss,APS,0.050000000000000044,0.9653846153846154,3.6923076923076925,2.8192307692307694,1.2222222222222223,2.0,4.203846153846153,0.04230769230769231,0.12692307692307692
1,CrossEntropyLoss,APS,0.07999999999999996,0.9423076923076923,3.4384615384615387,2.6076923076923078,1.6666666666666667,4.0,3.953846153846155,0.09615384615384616,0.16153846153846152
1,CrossEntropyLoss,APS,0.09999999999999998,0.926923076923077,3.2653846153846153,2.4615384615384617,1.894736842105263,4.0,3.769230769230769,0.13846153846153847,0.1807692307692308
1,CrossEntropyLoss,APS,0.13,0.8961538461538462,2.957692307692308,2.253846153846154,1.8888888888888888,4.0,3.6739644970414203,0.19615384615384615,0.2730769230769231
1,CrossEntropyLoss,APS,0.15000000000000002,0.8692307692307693,2.6,1.9307692307692308,1.8235294117647058,4.0,3.725641025641025,0.23846153846153847,0.3038461538461539
1,CrossEntropyLoss,APS,0.18000000000000005,0.8192307692307692,2.4346153846153844,1.7807692307692307,1.8085106382978724,4.0,3.8747863247863243,0.3269230769230769,0.31153846153846154
1,CrossEntropyLoss,APS,0.19999999999999996,0.8115384615384615,2.3846153846153846,1.7461538461538462,1.836734693877551,4.0,3.6307692307692307,0.34615384615384615,0.32307692307692304
1,CrossEntropyLoss,LAC,0.010000000000000009,0.9923076923076923,4.4884615384615385,3.5115384615384615,1.5,2.0,5.819230769230767,0.011538461538461539,0.023076923076923106
1,CrossEntropyLoss,LAC,0.020000000000000018,0.9807692307692307,4.0576923076923075,3.1,1.8,3.0,6.1769230769230745,0.03461538461538462,0.04230769230769227
1,CrossEntropyLoss,LAC,0.030000000000000027,0.9807692307692307,4.019230769230769,3.0653846153846156,1.8,3.0,5.116666666666665,0.03461538461538462,0.0461538461538461
1,CrossEntropyLoss,LAC,0.050000000000000044,0.9692307692307692,3.896153846153846,2.953846153846154,1.5,3.0,4.4923076923076914,0.046153846153846156,0.05769230769230771
1,CrossEntropyLoss,LAC,0.07999999999999996,0.9461538461538461,3.2884615384615383,2.453846153846154,1.3571428571428572,3.0,4.184615384615386,0.07307692307692308,0.16538461538461535
1,CrossEntropyLoss,LAC,0.09999999999999998,0.9192307692307692,2.8423076923076924,2.0307692307692307,1.380952380952381,3.0,4.2615384615384615,0.11153846153846154,0.18461538461538463
1,CrossEntropyLoss,LAC,0.13,0.9,2.6,1.8192307692307692,1.5,4.0,4.008579881656804,0.15,0.2153846153846154
1,CrossEntropyLoss,LAC,0.15000000000000002,0.8769230769230769,2.4653846153846155,1.7038461538461538,1.4375,4.0,3.8576923076923073,0.17692307692307693,0.23461538461538467
1,CrossEntropyLoss,LAC,0.18000000000000005,0.8653846153846154,2.4038461538461537,1.6576923076923078,1.4285714285714286,4.0,3.5807692307692305,0.19230769230769232,0.25
1,CrossEntropyLoss,LAC,0.19999999999999996,0.8076923076923077,2.1846153846153844,1.4423076923076923,1.42,4.0,3.9423076923076925,0.27307692307692305,0.25384615384615383
2,CrossEntropyLoss,min-CPS,0.010000000000000009,1.0,4.592307692307692,3.5923076923076924,,0.0,3.5923076923076924,0.0,0.0
2,CrossEntropyLoss,min-CPS,0.020000000000000018,0.9769230769230769,4.046153846153846,3.046153846153846,1.3333333333333333,2.0,6.123076923076921,0.03076923076923077,0.0
2,CrossEntropyLoss,min-CPS,0.030000000000000027,0.9769230769230769,4.0115384615384615,3.0115384615384615,1.3333333333333333,2.0,5.062820512820512,0.03076923076923077,0.0
2,CrossEntropyLoss,min-CPS,0.050000000000000044,0.95,3.5,2.5,1.2307692307692308,2.0,4.96153846153846,0.06153846153846154,0.0
2,CrossEntropyLoss,min-CPS,0.07999999999999996,0.9384615384615385,3.2807692307692307,2.2807692307692307,1.3125,2.0,4.300000000000002,0.08076923076923077,0.0
2,CrossEntropyLoss,min-CPS,0.09999999999999998,0.9346153846153846,3.0538461538461537,2.0538461538461537,1.411764705882353,2.0,3.9,0.09230769230769231,0.0
2,CrossEntropyLoss,min-CPS,0.13,0.8961538461538462,2.773076923076923,1.773076923076923,1.3333333333333333,3.0,3.903254437869822,0.13846153846153847,0.0
2,CrossEntropyLoss,min-CPS,0.15000000000000002,0.8769230769230769,2.6346153846153846,1.6346153846153846,1.34375,3.0,3.8397435897435894,0.16538461538461538,0.0
2,CrossEntropyLoss,min-CPS,0.18000000000000005,0.85,2.5307692307692307,1.5307692307692307,1.358974358974359,4.0,3.795726495726495,0.20384615384615384,0.0
2,CrossEntropyLoss,min-CPS,0.19999999999999996,0.8346153846153846,2.453846153846154,1.4538461538461538,1.372093023255814,4.0,3.723076923076923,0.22692307692307692,0.0
2,CrossEntropyLoss,RPS,0.010000000000000009,0.9961538461538462,4.523076923076923,3.523076923076923,1.0,1.0,4.292307692307691,0.0038461538461538464,0.0
2,CrossEntropyLoss,RPS,0.020000000000000018,0.9769230769230769,4.123076923076923,3.123076923076923,1.1666666666666667,2.0,5.815384615384613,0.026923076923076925,0.0
2,CrossEntropyLoss,RPS,0.030000000000000027,0.9769230769230769,4.1,3.1,1.1666666666666667,2.0,4.894871794871794,0.026923076923076925,0.0
2,CrossEntropyLoss,RPS,0.050000000000000044,0.9576923076923077,3.8923076923076922,2.8923076923076922,1.0909090909090908,2.0,4.738461538461537,0.046153846153846156,0.0
2,CrossEntropyLoss,RPS,0.07999999999999996,0.9307692307692308,3.4076923076923076,2.4076923076923076,1.1666666666666667,2.0,4.426923076923079,0.08076923076923077,0.0
2,CrossEntropyLoss,RPS,0.09999999999999998,0.9115384615384615,3.1576923076923076,2.1576923076923076,1.2173913043478262,3.0,4.311538461538461,0.1076923076923077,0.0
2,CrossEntropyLoss,RPS,0.13,0.8730769230769231,2.976923076923077,1.976923076923077,1.2121212121212122,3.0,4.3437869822485204,0.15384615384615385,0.0
2,CrossEntropyLoss,RPS,0.15000000000000002,0.8653846153846154,2.8692307692307693,1.8692307692307693,1.2571428571428571,3.0,4.125641025641025,0.16923076923076924,0.0
2,CrossEntropyLoss,RPS,0.18000000000000005,0.8346153846153846,2.707692307692308,1.7076923076923076,1.2093023255813953,3.0,3.9299145299145293,0.2,0.0
2,CrossEntropyLoss,RPS,0.19999999999999996,0.8269230769230769,2.526923076923077,1.5269230769230768,1.2444444444444445,3.0,3.6807692307692306,0.2153846153846154,0.0
2,CrossEntropyLoss,OCDF,0.010000000000000009,0.9923076923076923,4.95,3.95,1.0,1.0,5.488461538461537,0.007692307692307693,0.0
2,CrossEntropyLoss,OCDF,0.020000000000000018,0.9807692307692307,4.838461538461538,3.8384615384615386,1.2,2.0,6.146153846153845,0.023076923076923078,0.0
2,CrossEntropyLoss,OCDF,0.030000000000000027,0.9769230769230769,4.8076923076923075,3.8076923076923075,1.1666666666666667,2.0,5.602564102564102,0.026923076923076925,0.0
2,CrossEntropyLoss,OCDF,0.050000000000000044,0.9615384615384616,4.684615384615385,3.6846153846153844,1.2,2.0,5.530769230769229,0.046153846153846156,0.0
2,CrossEntropyLoss,OCDF,0.07999999999999996,0.9346153846153846,4.553846153846154,3.5538461538461537,1.2941176470588236,2.0,5.669230769230771,0.08461538461538462,0.0
2,CrossEntropyLoss,OCDF,0.09999999999999998,0.926923076923077,4.492307692307692,3.4923076923076923,1.3157894736842106,2.0,5.415384615384616,0.09615384615384616,0.0
2,CrossEntropyLoss,OCDF,0.13,0.8846153846153846,4.292307692307692,3.292307692307692,1.3333333333333333,3.0,5.6591715976331365,0.15384615384615385,0.0
2,CrossEntropyLoss,OCDF,0.15000000000000002,0.8384615384615385,4.1038461538461535,3.103846153846154,1.3095238095238095,3.0,5.924358974358974,0.21153846153846154,0.0
2,CrossEntropyLoss,OCDF,0.18000000000000005,0.8153846153846154,3.973076923076923,2.973076923076923,1.3541666666666667,3.0,5.750854700854701,0.25,0.0
2,CrossEntropyLoss,OCDF,0.19999999999999996,0.7846153846153846,3.8384615384615386,2.8384615384615386,1.3571428571428572,3.0,5.7615384615384615,0.2923076923076923,0.0
2,CrossEntropyLoss,APS,0.010000000000000009,0.9961538461538462,4.515384615384615,3.526923076923077,1.0,1.0,4.296153846153845,0.0038461538461538464,0.011538461538461497
2,CrossEntropyLoss,APS,0.020000000000000018,0.9846153846153847,4.1,3.1538461538461537,1.25,2.0,5.076923076923075,0.019230769230769232,0.05384615384615388
2,CrossEntropyLoss,APS,0.030000000000000027,0.9846153846153847,3.996153846153846,3.076923076923077,1.25,2.0,4.358974358974358,0.019230769230769232,0.08076923076923082
2,CrossEntropyLoss,APS,0.050000000000000044,0.9576923076923077,3.603846153846154,2.7153846153846155,1.4545454545454546,4.0,4.5615384615384595,0.06153846153846154,0.10769230769230764
2,CrossEntropyLoss,APS,0.07999999999999996,0.926923076923077,3.169230769230769,2.4038461538461537,1.4210526315789473,4.0,3.942307692307694,0.10384615384615385,0.22307692307692306
2,CrossEntropyLoss,APS,0.09999999999999998,0.9076923076923077,2.9115384615384614,2.203846153846154,1.6666666666666667,4.0,3.896153846153846,0.15384615384615385,0.2730769230769231
2,CrossEntropyLoss,APS,0.13,0.8961538461538462,2.776923076923077,2.1076923076923078,1.7777777777777777,4.0,3.527810650887574,0.18461538461538463,0.3076923076923077
2,CrossEntropyLoss,APS,0.15000000000000002,0.8615384615384616,2.669230769230769,2.023076923076923,1.7777777777777777,4.0,3.6128205128205124,0.24615384615384617,0.32307692307692304
2,CrossEntropyLoss,APS,0.18000000000000005,0.8307692307692308,2.5076923076923077,1.9038461538461537,1.8181818181818181,4.0,3.4850427350427347,0.3076923076923077,0.3384615384615385
2,CrossEntropyLoss,APS,0.19999999999999996,0.8153846153846154,2.4269230769230767,1.823076923076923,1.7708333333333333,4.0,3.4384615384615387,0.3269230769230769,0.3384615384615385
2,CrossEntropyLoss,LAC,0.010000000000000009,1.0,4.588461538461538,3.603846153846154,,0.0,3.603846153846154,0.0,0.01538461538461533
2,CrossEntropyLoss,LAC,0.020000000000000018,0.9923076923076923,4.123076923076923,3.1576923076923076,2.0,2.0,4.696153846153845,0.015384615384615385,0.0346153846153846
2,CrossEntropyLoss,LAC,0.030000000000000027,0.9884615384615385,4.061538461538461,3.1076923076923078,1.6666666666666667,2.0,4.389743589743588,0.019230769230769232,0.0461538461538461
2,CrossEntropyLoss,LAC,0.050000000000000044,0.9692307692307692,3.9038461538461537,2.957692307692308,1.25,2.0,4.188461538461537,0.038461538461538464,0.05384615384615388
2,CrossEntropyLoss,LAC,0.07999999999999996,0.9307692307692308,3.207692307692308,2.373076923076923,1.2777777777777777,2.0,4.296153846153848,0.08846153846153847,0.1576923076923077
2,CrossEntropyLoss,LAC,0.09999999999999998,0.9192307692307692,2.9,2.1115384615384616,1.2857142857142858,2.0,3.957692307692308,0.10384615384615385,0.19999999999999996
2,CrossEntropyLoss,LAC,0.13,0.8961538461538462,2.6423076923076922,1.896153846153846,1.4074074074074074,4.0,3.9079881656804734,0.14615384615384616,0.24615384615384617
2,CrossEntropyLoss,LAC,0.15000000000000002,0.8769230769230769,2.4653846153846155,1.7615384615384615,1.34375,4.0,3.7102564102564095,0.16538461538461538,0.29230769230769227
2,CrossEntropyLoss,LAC,0.18000000000000005,0.8269230769230769,2.2576923076923077,1.573076923076923,1.3111111111111111,4.0,3.7952991452991447,0.22692307692307692,0.31153846153846154
2,CrossEntropyLoss,LAC,0.19999999999999996,0.8192307692307692,2.1769230769230767,1.476923076923077,1.3191489361702127,4.0,3.5923076923076924,0.23846153846153847,0.2961538461538461
3,CrossEntropyLoss,min-CPS,0.010000000000000009,0.9846153846153847,4.096153846153846,3.0961538461538463,1.5,2.0,7.711538461538457,0.023076923076923078,0.0
3,CrossEntropyLoss,min-CPS,0.020000000000000018,0.9807692307692307,3.9307692307692306,2.9307692307692306,2.2,3.0,7.161538461538457,0.04230769230769231,0.0
3,CrossEntropyLoss,min-CPS,0.030000000000000027,0.9769230769230769,3.896153846153846,2.896153846153846,2.0,3.0,5.9730769230769205,0.046153846153846156,0.0
3,CrossEntropyLoss,min-CPS,0.050000000000000044,0.9461538461538461,3.4076923076923076,2.4076923076923076,1.5714285714285714,3.0,5.7923076923076895,0.08461538461538462,0.0
3,CrossEntropyLoss,min-CPS,0.07999999999999996,0.9192307692307692,3.0115384615384615,2.0115384615384615,1.4285714285714286,3.0,4.896153846153848,0.11538461538461539,0.0
3,CrossEntropyLoss,min-CPS,0.09999999999999998,0.9,2.776923076923077,1.7769230769230768,1.3846153846153846,3.0,4.546153846153846,0.13846153846153847,0.0
3,CrossEntropyLoss,min-CPS,0.13,0.8576923076923076,2.5576923076923075,1.5576923076923077,1.3783783783783783,3.0,4.575443786982248,0.19615384615384615,0.0
3,CrossEntropyLoss,min-CPS,0.15000000000000002,0.8384615384615385,2.480769230769231,1.4807692307692308,1.3571428571428572,3.0,4.403846153846154,0.21923076923076923,0.0
3,CrossEntropyLoss,min-CPS,0.18000000000000005,0.8192307692307692,2.353846153846154,1.353846153846154,1.3829787234042554,3.0,4.131623931623931,0.25,0.0
3,CrossEntropyLoss,min-CPS,0.19999999999999996,0.8115384615384615,2.2846153846153845,1.2846153846153847,1.3877551020408163,3.0,3.9,0.26153846153846155,0.0
3,CrossEntropyLoss,RPS,0.010000000000000009,0.9923076923076923,4.326923076923077,3.326923076923077,1.0,1.0,4.865384615384613,0.007692307692307693,0.0
3,CrossEntropyLoss,RPS,0.020000000000000018,0.9807692307692307,4.1038461538461535,3.103846153846154,1.0,1.0,5.026923076923075,0.019230769230769232,0.0
3,CrossEntropyLoss,RPS,0.030000000000000027,0.9730769230769231,4.0,3.0,1.0,1.0,4.794871794871795,0.026923076923076925,0.0
3,CrossEntropyLoss,RPS,0.050000000000000044,0.9615384615384616,3.8153846153846156,2.8153846153846156,1.2,2.0,4.66153846153846,0.046153846153846156,0.0
3,CrossEntropyLoss,RPS,0.07999999999999996,0.9384615384615385,3.4076923076923076,2.4076923076923076,1.125,2.0,4.13846153846154,0.06923076923076923,0.0
3,CrossEntropyLoss,RPS,0.09999999999999998,0.9076923076923077,3.1115384615384616,2.1115384615384616,1.125,2.0,4.188461538461539,0.10384615384615385,0.0
3,CrossEntropyLoss,RPS,0.13,0.8615384615384616,2.8615384615384616,1.8615384615384616,1.1388888888888888,2.0,4.287573964497041,0.1576923076923077,0.0
3,CrossEntropyLoss,RPS,0.15000000000000002,0.8538461538461538,2.8038461538461537,1.8038461538461539,1.1578947368421053,2.0,4.06025641025641,0.16923076923076924,0.0
3,CrossEntropyLoss,RPS,0.18000000000000005,0.8384615384615385,2.673076923076923,1.6730769230769231,1.1428571428571428,2.0,3.724358974358974,0.18461538461538463,0.0
3,CrossEntropyLoss,RPS,0.19999999999999996,0.8038461538461539,2.3692307692307693,1.3692307692307693,1.2745098039215685,3.0,3.8692307692307693,0.25,0.0
3,CrossEntropyLoss,OCDF,0.010000000000000009,0.9923076923076923,4.953846153846154,3.953846153846154,1.0,1.0,5.492307692307691,0.007692307692307693,0.0
3,CrossEntropyLoss,OCDF,0.020000000000000018,0.9923076923076923,4.903846153846154,3.9038461538461537,1.0,1.0,4.6730769230769225,0.007692307692307693,0.0
3,CrossEntropyLoss,OCDF,0.030000000000000027,0.9923076923076923,4.861538461538461,3.8615384615384616,1.0,1.0,4.374358974358974,0.007692307692307693,0.0
3,CrossEntropyLoss,OCDF,0.050000000000000044,0.9692307692307692,4.780769230769231,3.7807692307692307,1.0,1.0,5.011538461538461,0.03076923076923077,0.0
3,CrossEntropyLoss,OCDF,0.07999999999999996,0.9307692307692308,4.576923076923077,3.576923076923077,1.1666666666666667,2.0,5.596153846153848,0.08076923076923077,0.0
3,CrossEntropyLoss,OCDF,0.09999999999999998,0.9076923076923077,4.4653846153846155,3.4653846153846155,1.25,2.0,5.773076923076923,0.11538461538461539,0.0
3,CrossEntropyLoss,OCDF,0.13,0.8384615384615385,4.180769230769231,3.1807692307692306,1.3333333333333333,2.0,6.4943786982248515,0.2153846153846154,0.0
3,CrossEntropyLoss,OCDF,0.15000000000000002,0.8346153846153846,4.138461538461539,3.1384615384615384,1.3255813953488371,2.0,6.061538461538461,0.21923076923076923,0.0
3,CrossEntropyLoss,OCDF,0.18000000000000005,0.8153846153846154,4.0115384615384615,3.0115384615384615,1.375,3.0,5.832051282051281,0.25384615384615383,0.0
3,CrossEntropyLoss,OCDF,0.19999999999999996,0.8038461538461539,3.9346153846153844,2.9346153846153844,1.392156862745098,3.0,5.665384615384616,0.27307692307692305,0.0
3,CrossEntropyLoss,APS,0.010000000000000009,0.9846153846153847,4.134615384615385,3.1884615384615387,1.5,2.0,7.803846153846149,0.023076923076923078,0.05384615384615388
3,CrossEntropyLoss,APS,0.020000000000000018,0.9807692307692307,3.896153846153846,2.976923076923077,1.4,2.0,5.669230769230767,0.026923076923076925,0.08076923076923082
3,CrossEntropyLoss,APS,0.030000000000000027,0.9769230769230769,3.796153846153846,2.8923076923076922,1.3333333333333333,2.0,4.687179487179486,0.03076923076923077,0.09615384615384615
3,CrossEntropyLoss,APS,0.050000000000000044,0.9307692307692308,3.292307692307692,2.457692307692308,1.6111111111111112,4.0,5.688461538461536,0.11153846153846154,0.1576923076923077
3,CrossEntropyLoss,APS,0.07999999999999996,0.9038461538461539,2.9461538461538463,2.2,1.48,4.0,4.796153846153848,0.1423076923076923,0.24230769230769234
3,CrossEntropyLoss,APS,0.09999999999999998,0.8884615384615384,2.8115384615384613,2.1153846153846154,1.6206896551724137,4.0,4.269230769230769,0.18076923076923077,0.28846153846153844
3,CrossEntropyLoss,APS,0.13,0.85,2.5730769230769233,1.896153846153846,1.8461538461538463,4.0,4.026331360946745,0.27692307692307694,0.29230769230769227
3,CrossEntropyLoss,APS,0.15000000000000002,0.8269230769230769,2.4115384615384614,1.7538461538461538,1.8,4.0,3.805128205128205,0.31153846153846154,0.29230769230769227
3,CrossEntropyLoss,APS,0.18000000000000005,0.8,2.3115384615384613,1.65,1.7115384615384615,4.0,3.7012820512820506,0.3423076923076923,0.28846153846153844
3,CrossEntropyLoss,APS,0.19999999999999996,0.7807692307692308,2.276923076923077,1.626923076923077,1.8245614035087718,4.0,3.626923076923077,0.4,0.28846153846153844
3,CrossEntropyLoss,LAC,0.010000000000000009,0.9807692307692307,3.996153846153846,3.0307692307692307,2.4,3.0,12.261538461538454,0.046153846153846156,0.0346153846153846
3,CrossEntropyLoss,LAC,0.020000000000000018,0.9730769230769231,3.8846153846153846,2.9307692307692306,2.142857142857143,3.0,8.699999999999994,0.057692307692307696,0.0461538461538461
3,CrossEntropyLoss,LAC,0.030000000000000027,0.9653846153846154,3.8192307692307694,2.8615384615384616,1.8888888888888888,3.0,6.964102564102561,0.06538461538461539,0.04230769230769227
3,CrossEntropyLoss,LAC,0.050000000000000044,0.9423076923076923,3.376923076923077,2.519230769230769,1.5333333333333334,3.0,5.596153846153843,0.08846153846153847,0.1384615384615384
3,CrossEntropyLoss,LAC,0.07999999999999996,0.8961538461538462,2.8076923076923075,2.0115384615384615,1.3333333333333333,3.0,4.992307692307694,0.13846153846153847,0.1923076923076923
3,CrossEntropyLoss,LAC,0.09999999999999998,0.8923076923076924,2.6769230769230767,1.9076923076923078,1.3571428571428572,3.0,4.446153846153846,0.14615384615384616,0.22307692307692306
3,CrossEntropyLoss,LAC,0.13,0.8807692307692307,2.542307692307692,1.7807692307692307,1.3225806451612903,3.0,3.91094674556213,0.1576923076923077,0.23461538461538467
3,CrossEntropyLoss,LAC,0.15000000000000002,0.8576923076923076,2.3884615384615384,1.6384615384615384,1.2972972972972974,3.0,3.6384615384615384,0.18461538461538463,0.24615384615384617
3,CrossEntropyLoss,LAC,0.18000000000000005,0.85,2.330769230769231,1.5884615384615384,1.2820512820512822,3.0,3.3405982905982903,0.19230769230769232,0.25384615384615383
3,CrossEntropyLoss,LAC,0.19999999999999996,0.8153846153846154,2.146153846153846,1.4076923076923078,1.3541666666666667,3.0,3.5615384615384613,0.25,0.25384615384615383
4,CrossEntropyLoss,min-CPS,0.010000000000000009,0.9807692307692307,4.084615384615384,3.0846153846153848,1.8,2.0,10.0076923076923,0.03461538461538462,0.0
4,CrossEntropyLoss,min-CPS,0.020000000000000018,0.9653846153846154,3.85,2.85,1.7777777777777777,3.0,9.00384615384615,0.06153846153846154,0.0
4,CrossEntropyLoss,min-CPS,0.030000000000000027,0.9615384615384616,3.8230769230769233,2.8230769230769233,1.7,3.0,7.182051282051279,0.06538461538461539,0.0
4,CrossEntropyLoss,min-CPS,0.050000000000000044,0.9346153846153846,3.3576923076923078,2.3576923076923078,1.4705882352941178,3.0,6.2038461538461505,0.09615384615384616,0.0
4,CrossEntropyLoss,min-CPS,0.07999999999999996,0.9230769230769231,3.0730769230769233,2.0730769230769233,1.55,3.0,5.053846153846155,0.11923076923076924,0.0
4,CrossEntropyLoss,min-CPS,0.09999999999999998,0.8884615384615384,2.792307692307692,1.7923076923076924,1.4482758620689655,3.0,5.023076923076923,0.16153846153846155,0.0
4,CrossEntropyLoss,min-CPS,0.13,0.8384615384615385,2.576923076923077,1.5769230769230769,1.4523809523809523,3.0,5.186390532544379,0.23461538461538461,0.0
4,CrossEntropyLoss,min-CPS,0.15000000000000002,0.8153846153846154,2.5076923076923077,1.5076923076923077,1.4375,3.0,5.046153846153846,0.2653846153846154,0.0
4,CrossEntropyLoss,min-CPS,0.18000000000000005,0.7884615384615384,2.3461538461538463,1.3461538461538463,1.4181818181818182,3.0,4.679487179487179,0.3,0.0
4,CrossEntropyLoss,min-CPS,0.19999999999999996,0.7807692307692308,2.326923076923077,1.3269230769230769,1.4035087719298245,3.0,4.403846153846154,0.3076923076923077,0.0
4,CrossEntropyLoss,RPS,0.010000000000000009,0.9846153846153847,4.319230769230769,3.3192307692307694,1.0,1.0,6.396153846153844,0.015384615384615385,0.0
4,CrossEntropyLoss,RPS,0.020000000000000018,0.9807692307692307,4.176923076923077,3.1769230769230767,1.0,1.0,5.099999999999998,0.019230769230769232,0.0
4,CrossEntropyLoss,RPS,0.030000000000000027,0.9653846153846154,3.9615384615384617,2.9615384615384617,1.1111111111111112,2.0,5.525641025641023,0.038461538461538464,0.0
4,CrossEntropyLoss,RPS,0.050000000000000044,0.9115384615384615,3.457692307692308,2.457692307692308,1.173913043478261,2.0,6.6115384615384585,0.10384615384615385,0.0
4,CrossEntropyLoss,RPS,0.07999999999999996,0.8884615384615384,3.1307692307692307,2.1307692307692307,1.1724137931034482,2.0,5.400000000000002,0.13076923076923078,0.0
4,CrossEntropyLoss,RPS,0.09999999999999998,0.8730769230769231,3.046153846153846,2.046153846153846,1.1515151515151516,2.0,4.969230769230769,0.14615384615384616,0.0
4,CrossEntropyLoss,RPS,0.13,0.8423076923076923,2.85,1.85,1.2439024390243902,2.0,4.867751479289941,0.19615384615384615,0.0
4,CrossEntropyLoss,RPS,0.15000000000000002,0.8307692307692308,2.8038461538461537,1.8038461538461539,1.2272727272727273,2.0,4.573076923076923,0.2076923076923077,0.0
4,CrossEntropyLoss,RPS,0.18000000000000005,0.8038461538461539,2.4846153846153847,1.4846153846153847,1.3333333333333333,3.0,4.390598290598289,0.26153846153846155,0.0
4,CrossEntropyLoss,RPS,0.19999999999999996,0.7884615384615384,2.3346153846153848,1.3346153846153845,1.4,3.0,4.296153846153846,0.29615384615384616,0.0
4,CrossEntropyLoss,OCDF,0.010000000000000009,0.9923076923076923,4.9423076923076925,3.9423076923076925,1.0,1.0,5.480769230769229,0.007692307692307693,0.0
4,CrossEntropyLoss,OCDF,0.020000000000000018,0.9769230769230769,4.826923076923077,3.826923076923077,1.1666666666666667,2.0,6.519230769230767,0.026923076923076925,0.0
4,CrossEntropyLoss,OCDF,0.030000000000000027,0.9730769230769231,4.803846153846154,3.8038461538461537,1.1428571428571428,2.0,5.855128205128204,0.03076923076923077,0.0
4,CrossEntropyLoss,OCDF,0.050000000000000044,0.9307692307692308,4.588461538461538,3.5884615384615386,1.2222222222222223,2.0,6.973076923076921,0.08461538461538462,0.0
4,CrossEntropyLoss,OCDF,0.07999999999999996,0.8923076923076924,4.415384615384616,3.4153846153846152,1.3928571428571428,2.0,7.165384615384618,0.15,0.0
4,CrossEntropyLoss,OCDF,0.09999999999999998,0.8846153846153846,4.3307692307692305,3.330769230769231,1.4333333333333333,3.0,6.638461538461539,0.16538461538461538,0.0
4,CrossEntropyLoss,OCDF,0.13,0.8653846153846154,4.188461538461539,3.1884615384615387,1.4285714285714286,3.0,6.1470414201183425,0.19230769230769232,0.0
4,CrossEntropyLoss,OCDF,0.15000000000000002,0.8384615384615385,4.0807692307692305,3.080769230769231,1.4047619047619047,3.0,6.106410256410256,0.22692307692307692,0.0
4,CrossEntropyLoss,OCDF,0.18000000000000005,0.7961538461538461,3.8692307692307693,2.8692307692307693,1.3962264150943395,3.0,6.031623931623931,0.2846153846153846,0.0
4,CrossEntropyLoss,OCDF,0.19999999999999996,0.7538461538461538,3.723076923076923,2.723076923076923,1.4375,3.0,6.2615384615384615,0.35384615384615387,0.0
4,CrossEntropyLoss,APS,0.010000000000000009,0.9846153846153847,4.296153846153846,3.353846153846154,1.0,1.0,6.430769230769228,0.015384615384615385,0.05384615384615388
4,CrossEntropyLoss,APS,0.020000000000000018,0.9692307692307692,3.919230769230769,2.9923076923076923,1.75,4.0,6.838461538461535,0.05384615384615385,0.0692307692307692
4,CrossEntropyLoss,APS,0.030000000000000027,0.9653846153846154,3.8346153846153848,2.9115384615384614,1.6666666666666667,4.0,5.73205128205128,0.057692307692307696,0.07307692307692304
4,CrossEntropyLoss,APS,0.050000000000000044,0.9307692307692308,3.476923076923077,2.6076923076923078,1.8888888888888888,4.0,5.376923076923076,0.13076923076923078,0.11538461538461542
4,CrossEntropyLoss,APS,0.07999999999999996,0.8923076923076924,2.9923076923076923,2.292307692307692,2.0,4.0,4.9846153846153864,0.2153846153846154,0.2692307692307693
4,CrossEntropyLoss,APS,0.09999999999999998,0.85,2.7346153846153847,2.126923076923077,1.8974358974358974,4.0,4.588461538461538,0.2846153846153846,0.3538461538461538
4,CrossEntropyLoss,APS,0.13,0.8269230769230769,2.6192307692307693,2.0346153846153845,1.8222222222222222,4.0,4.342307692307692,0.3153846153846154,0.3730769230769231
4,CrossEntropyLoss,APS,0.15000000000000002,0.8038461538461539,2.5,1.9153846153846155,1.9019607843137254,4.0,4.171794871794871,0.3730769230769231,0.3653846153846154
4,CrossEntropyLoss,APS,0.18000000000000005,0.7923076923076923,2.3884615384615384,1.8,1.9814814814814814,4.0,3.7658119658119658,0.4115384615384615,0.3538461538461538
4,CrossEntropyLoss,APS,0.19999999999999996,0.7576923076923077,2.1923076923076925,1.6076923076923078,2.0,4.0,3.8384615384615386,0.4846153846153846,0.35
4,CrossEntropyLoss,LAC,0.010000000000000009,0.9807692307692307,4.023076923076923,3.05,2.4,3.0,12.280769230769222,0.046153846153846156,0.02692307692307694
4,CrossEntropyLoss,LAC,0.020000000000000018,0.9807692307692307,3.976923076923077,3.0153846153846153,2.4,3.0,7.630769230769227,0.046153846153846156,0.038461538461538436
4,CrossEntropyLoss,LAC,0.030000000000000027,0.9692307692307692,3.8692307692307693,2.9076923076923076,2.0,3.0,7.0102564102564076,0.06153846153846154,0.038461538461538436
4,CrossEntropyLoss,LAC,0.050000000000000044,0.9346153846153846,3.4115384615384614,2.5307692307692307,1.4705882352941178,3.0,6.069230769230765,0.09615384615384616,0.11538461538461542
4,CrossEntropyLoss,LAC,0.07999999999999996,0.9076923076923077,2.9692307692307693,2.1576923076923076,1.4583333333333333,3.0,5.2346153846153864,0.1346153846153846,0.17692307692307696
4,CrossEntropyLoss,LAC,0.09999999999999998,0.8653846153846154,2.6153846153846154,1.8653846153846154,1.4,3.0,5.096153846153846,0.18846153846153846,0.2384615384615385
4,CrossEntropyLoss,LAC,0.13,0.8384615384615385,2.4346153846153844,1.6961538461538461,1.380952380952381,3.0,4.65473372781065,0.2230769230769231,0.25384615384615383
4,CrossEntropyLoss,LAC,0.15000000000000002,0.823076923076923,2.3576923076923078,1.6346153846153846,1.3478260869565217,3.0,4.352564102564102,0.23846153846153847,0.2692307692307693
4,CrossEntropyLoss,LAC,0.18000000000000005,0.8115384615384615,2.2615384615384615,1.5423076923076924,1.3673469387755102,3.0,4.0636752136752134,0.25769230769230766,0.2692307692307693
4,CrossEntropyLoss,LAC,0.19999999999999996,0.7961538461538461,2.1346153846153846,1.4115384615384616,1.471698113207547,3.0,4.142307692307693,0.3,0.26538461538461533
5,CrossEntropyLoss,min-CPS,0.010000000000000009,0.9961538461538462,4.503846153846154,3.503846153846154,1.0,1.0,4.273076923076922,0.0038461538461538464,0.0
5,CrossEntropyLoss,min-CPS,0.020000000000000018,0.9730769230769231,4.007692307692308,3.0076923076923077,1.4285714285714286,2.0,6.85384615384615,0.038461538461538464,0.0
5,CrossEntropyLoss,min-CPS,0.030000000000000027,0.9615384615384616,3.8923076923076922,2.8923076923076922,1.4,3.0,6.4820512820512795,0.05384615384615385,0.0
5,CrossEntropyLoss,min-CPS,0.050000000000000044,0.9384615384615385,3.4,2.4,1.3125,3.0,5.630769230769228,0.08076923076923077,0.0
5,CrossEntropyLoss,min-CPS,0.07999999999999996,0.9153846153846154,3.0923076923076924,2.0923076923076924,1.3181818181818181,3.0,4.880769230769232,0.11153846153846154,0.0
5,CrossEntropyLoss,min-CPS,0.09999999999999998,0.8769230769230769,2.7846153846153845,1.7846153846153847,1.34375,3.0,5.092307692307692,0.16538461538461538,0.0
5,CrossEntropyLoss,min-CPS,0.13,0.8615384615384616,2.669230769230769,1.6692307692307693,1.2777777777777777,3.0,4.39112426035503,0.17692307692307693,0.0
5,CrossEntropyLoss,min-CPS,0.15000000000000002,0.8346153846153846,2.5692307692307694,1.5692307692307692,1.302325581395349,4.0,4.44102564102564,0.2153846153846154,0.0
5,CrossEntropyLoss,min-CPS,0.18000000000000005,0.8115384615384615,2.4615384615384617,1.4615384615384615,1.2653061224489797,4.0,4.111111111111111,0.23846153846153847,0.0
5,CrossEntropyLoss,min-CPS,0.19999999999999996,0.7769230769230769,2.3692307692307693,1.3692307692307693,1.293103448275862,4.0,4.253846153846154,0.28846153846153844,0.0
5,CrossEntropyLoss,RPS,0.010000000000000009,0.9884615384615385,4.388461538461539,3.3884615384615384,1.0,1.0,5.696153846153845,0.011538461538461539,0.0
5,CrossEntropyLoss,RPS,0.020000000000000018,0.9884615384615385,4.25,3.25,1.3333333333333333,2.0,4.7884615384615365,0.015384615384615385,0.0
5,CrossEntropyLoss,RPS,0.030000000000000027,0.9846153846153847,4.142307692307693,3.1423076923076922,1.25,2.0,4.424358974358973,0.019230769230769232,0.0
5,CrossEntropyLoss,RPS,0.050000000000000044,0.9692307692307692,3.95,2.95,1.25,2.0,4.488461538461537,0.038461538461538464,0.0
5,CrossEntropyLoss,RPS,0.07999999999999996,0.9423076923076923,3.523076923076923,2.523076923076923,1.2,2.0,4.253846153846156,0.06923076923076923,0.0
5,CrossEntropyLoss,RPS,0.09999999999999998,0.8730769230769231,3.076923076923077,2.076923076923077,1.121212121212121,3.0,4.923076923076923,0.1423076923076923,0.0
5,CrossEntropyLoss,RPS,0.13,0.8384615384615385,2.8923076923076922,1.8923076923076922,1.1428571428571428,3.0,4.7325443786982255,0.18461538461538463,0.0
5,CrossEntropyLoss,RPS,0.15000000000000002,0.8115384615384615,2.726923076923077,1.726923076923077,1.1224489795918366,3.0,4.547435897435897,0.21153846153846154,0.0
5,CrossEntropyLoss,RPS,0.18000000000000005,0.7692307692307693,2.3923076923076922,1.3923076923076922,1.25,3.0,4.597435897435896,0.28846153846153844,0.0
5,CrossEntropyLoss,RPS,0.19999999999999996,0.7423076923076923,2.2384615384615385,1.2384615384615385,1.2537313432835822,3.0,4.469230769230769,0.3230769230769231,0.0
5,CrossEntropyLoss,OCDF,0.010000000000000009,0.9961538461538462,4.953846153846154,3.953846153846154,1.0,1.0,4.723076923076922,0.0038461538461538464,0.0
5,CrossEntropyLoss,OCDF,0.020000000000000018,0.9730769230769231,4.819230769230769,3.8192307692307694,1.0,1.0,6.511538461538459,0.026923076923076925,0.0
5,CrossEntropyLoss,OCDF,0.030000000000000027,0.9538461538461539,4.765384615384615,3.7653846153846153,1.0833333333333333,2.0,7.098717948717947,0.05,0.0
5,CrossEntropyLoss,OCDF,0.050000000000000044,0.9384615384615385,4.615384615384615,3.6153846153846154,1.25,2.0,6.69230769230769,0.07692307692307693,0.0
5,CrossEntropyLoss,OCDF,0.07999999999999996,0.9038461538461539,4.473076923076923,3.473076923076923,1.24,2.0,6.453846153846156,0.11923076923076924,0.0
5,CrossEntropyLoss,OCDF,0.09999999999999998,0.8653846153846154,4.2846153846153845,3.2846153846153845,1.3714285714285714,2.0,6.976923076923077,0.18461538461538463,0.0
5,CrossEntropyLoss,OCDF,0.13,0.8192307692307692,4.053846153846154,3.0538461538461537,1.3404255319148937,3.0,6.7816568047337284,0.2423076923076923,0.0
5,CrossEntropyLoss,OCDF,0.15000000000000002,0.8076923076923077,3.9692307692307693,2.9692307692307693,1.34,3.0,6.405128205128204,0.25769230769230766,0.0
5,CrossEntropyLoss,OCDF,0.18000000000000005,0.7653846153846153,3.796153846153846,2.796153846153846,1.3442622950819672,3.0,6.300427350427349,0.3153846153846154,0.0
5,CrossEntropyLoss,OCDF,0.19999999999999996,0.7346153846153847,3.626923076923077,2.626923076923077,1.4202898550724639,3.0,6.3961538461538465,0.3769230769230769,0.0
5,CrossEntropyLoss,APS,0.010000000000000009,0.9923076923076923,4.365384615384615,3.4115384615384614,1.0,1.0,4.949999999999998,0.007692307692307693,0.0461538461538461
5,CrossEntropyLoss,APS,0.020000000000000018,0.9923076923076923,4.226923076923077,3.2576923076923077,1.5,2.0,4.411538461538461,0.011538461538461539,0.03076923076923077
5,CrossEntropyLoss,APS,0.030000000000000027,0.9884615384615385,4.096153846153846,3.1346153846153846,1.3333333333333333,2.0,4.16025641025641,0.015384615384615385,0.038461538461538436
5,CrossEntropyLoss,APS,0.050000000000000044,0.95,3.673076923076923,2.8038461538461537,1.6153846153846154,4.0,4.34230769230769,0.08076923076923077,0.12307692307692308
5,CrossEntropyLoss,APS,0.07999999999999996,0.9192307692307692,3.273076923076923,2.453846153846154,1.6666666666666667,4.0,4.280769230769232,0.1346153846153846,0.16538461538461535
5,CrossEntropyLoss,APS,0.09999999999999998,0.8884615384615384,2.9269230769230767,2.1923076923076925,1.5172413793103448,4.0,4.346153846153846,0.16923076923076924,0.24615384615384617
5,CrossEntropyLoss,APS,0.13,0.8653846153846154,2.6653846153846152,2.0115384615384615,1.542857142857143,4.0,4.023372781065089,0.2076923076923077,0.3153846153846154
5,CrossEntropyLoss,APS,0.15000000000000002,0.8384615384615385,2.5538461538461537,1.9461538461538461,1.6666666666666667,4.0,3.8435897435897433,0.2692307692307692,0.3307692307692308
5,CrossEntropyLoss,APS,0.18000000000000005,0.8,2.3615384615384616,1.7846153846153847,1.6923076923076923,4.0,3.7076923076923074,0.3384615384615385,0.3538461538461538
5,CrossEntropyLoss,APS,0.19999999999999996,0.7692307692307693,2.273076923076923,1.7153846153846153,1.7,4.0,3.792307692307692,0.3923076923076923,0.3653846153846154
5,CrossEntropyLoss,LAC,0.010000000000000009,0.9961538461538462,4.469230769230769,3.503846153846154,1.0,1.0,4.273076923076922,0.0038461538461538464,0.0346153846153846
5,CrossEntropyLoss,LAC,0.020000000000000018,0.9807692307692307,4.038461538461538,3.080769230769231,1.8,3.0,6.5423076923076895,0.03461538461538462,0.04230769230769227
5,CrossEntropyLoss,LAC,0.030000000000000027,0.9769230769230769,3.9846153846153847,3.0307692307692307,1.6666666666666667,3.0,5.338461538461536,0.038461538461538464,0.0461538461538461
5,CrossEntropyLoss,LAC,0.050000000000000044,0.9384615384615385,3.457692307692308,2.5730769230769233,1.3125,3.0,5.649999999999998,0.08076923076923077,0.11153846153846159
5,CrossEntropyLoss,LAC,0.07999999999999996,0.9192307692307692,3.0884615384615386,2.2576923076923077,1.3333333333333333,3.0,4.950000000000002,0.1076923076923077,0.1576923076923077
5,CrossEntropyLoss,LAC,0.09999999999999998,0.8923076923076924,2.746153846153846,1.9730769230769232,1.3571428571428572,4.0,4.665384615384616,0.14615384615384616,0.2153846153846154
5,CrossEntropyLoss,LAC,0.13,0.8653846153846154,2.580769230769231,1.8269230769230769,1.3142857142857143,4.0,4.134615384615385,0.17692307692307693,0.2384615384615385
5,CrossEntropyLoss,LAC,0.15000000000000002,0.8384615384615385,2.4384615384615387,1.7153846153846153,1.2857142857142858,4.0,4.074358974358974,0.2076923076923077,0.26538461538461533
5,CrossEntropyLoss,LAC,0.18000000000000005,0.823076923076923,2.3076923076923075,1.6115384615384616,1.3043478260869565,4.0,3.876495726495726,0.23076923076923078,0.29230769230769227
5,CrossEntropyLoss,LAC,0.19999999999999996,0.8,2.1884615384615387,1.4923076923076923,1.3076923076923077,4.0,3.8384615384615386,0.26153846153846155,0.2961538461538461
6,CrossEntropyLoss,min-CPS,0.010000000000000009,0.9884615384615385,4.157692307692308,3.1576923076923076,1.6666666666666667,2.0,7.00384615384615,0.019230769230769232,0.0
6,CrossEntropyLoss,min-CPS,0.020000000000000018,0.9846153846153847,3.9076923076923076,2.9076923076923076,2.0,3.0,5.984615384615382,0.03076923076923077,0.0
6,CrossEntropyLoss,min-CPS,0.030000000000000027,0.9615384615384616,3.75,2.75,1.4,3.0,6.339743589743587,0.05384615384615385,0.0
6,CrossEntropyLoss,min-CPS,0.050000000000000044,0.95,3.3461538461538463,2.3461538461538463,1.4615384615384615,3.0,5.2692307692307665,0.07307692307692308,0.0
6,CrossEntropyLoss,min-CPS,0.07999999999999996,0.9192307692307692,2.9692307692307693,1.9692307692307693,1.380952380952381,3.0,4.757692307692309,0.11153846153846154,0.0
6,CrossEntropyLoss,min-CPS,0.09999999999999998,0.8461538461538461,2.5692307692307694,1.5692307692307692,1.35,3.0,5.723076923076923,0.2076923076923077,0.0
6,CrossEntropyLoss,min-CPS,0.13,0.823076923076923,2.4653846153846155,1.4653846153846153,1.3695652173913044,4.0,5.1931952662721885,0.2423076923076923,0.0
6,CrossEntropyLoss,min-CPS,0.15000000000000002,0.8038461538461539,2.3846153846153846,1.3846153846153846,1.392156862745098,4.0,5.025641025641025,0.27307692307692305,0.0
6,CrossEntropyLoss,min-CPS,0.18000000000000005,0.7884615384615384,2.276923076923077,1.2769230769230768,1.3636363636363635,4.0,4.482051282051282,0.28846153846153844,0.0
6,CrossEntropyLoss,min-CPS,0.19999999999999996,0.7653846153846153,2.2346153846153847,1.2346153846153847,1.3278688524590163,4.0,4.35,0.31153846153846154,0.0
6,CrossEntropyLoss,RPS,0.010000000000000009,0.9884615384615385,4.3076923076923075,3.3076923076923075,1.0,1.0,5.615384615384613,0.011538461538461539,0.0
6,CrossEntropyLoss,RPS,0.020000000000000018,0.9846153846153847,4.119230769230769,3.1192307692307693,1.25,2.0,5.04230769230769,0.019230769230769232,0.0
6,CrossEntropyLoss,RPS,0.030000000000000027,0.9846153846153847,4.05,3.05,1.25,2.0,4.332051282051281,0.019230769230769232,0.0
6,CrossEntropyLoss,RPS,0.050000000000000044,0.9423076923076923,3.6807692307692306,2.6807692307692306,1.1333333333333333,2.0,5.296153846153843,0.06538461538461539,0.0
6,CrossEntropyLoss,RPS,0.07999999999999996,0.8807692307692307,3.0884615384615386,2.0884615384615386,1.1612903225806452,3.0,5.550000000000002,0.13846153846153847,0.0
6,CrossEntropyLoss,RPS,0.09999999999999998,0.8653846153846154,3.0,2.0,1.1428571428571428,3.0,5.076923076923077,0.15384615384615385,0.0
6,CrossEntropyLoss,RPS,0.13,0.8423076923076923,2.8192307692307694,1.8192307692307692,1.2195121951219512,3.0,4.777810650887574,0.19230769230769232,0.0
6,CrossEntropyLoss,RPS,0.15000000000000002,0.8307692307692308,2.7615384615384615,1.7615384615384615,1.2045454545454546,3.0,4.479487179487179,0.20384615384615384,0.0
6,CrossEntropyLoss,RPS,0.18000000000000005,0.8192307692307692,2.5384615384615383,1.5384615384615385,1.2553191489361701,3.0,4.05982905982906,0.22692307692307692,0.0
6,CrossEntropyLoss,RPS,0.19999999999999996,0.8115384615384615,2.330769230769231,1.3307692307692307,1.3673469387755102,3.0,3.9076923076923076,0.25769230769230766,0.0
6,CrossEntropyLoss,OCDF,0.010000000000000009,0.9730769230769231,4.834615384615384,3.8346153846153848,1.1428571428571428,2.0,9.988461538461534,0.03076923076923077,0.0
6,CrossEntropyLoss,OCDF,0.020000000000000018,0.9615384615384616,4.7846153846153845,3.7846153846153845,1.1,2.0,8.015384615384612,0.04230769230769231,0.0
6,CrossEntropyLoss,OCDF,0.030000000000000027,0.9615384615384616,4.780769230769231,3.7807692307692307,1.1,2.0,6.60128205128205,0.04230769230769231,0.0
6,CrossEntropyLoss,OCDF,0.050000000000000044,0.926923076923077,4.615384615384615,3.6153846153846154,1.263157894736842,2.0,7.307692307692304,0.09230769230769231,0.0
6,CrossEntropyLoss,OCDF,0.07999999999999996,0.9115384615384615,4.5,3.5,1.434782608695652,2.0,6.673076923076925,0.12692307692307692,0.0
6,CrossEntropyLoss,OCDF,0.09999999999999998,0.8884615384615384,4.403846153846154,3.4038461538461537,1.4827586206896552,3.0,6.711538461538462,0.16538461538461538,0.0
6,CrossEntropyLoss,OCDF,0.13,0.8884615384615384,4.3538461538461535,3.353846153846154,1.5172413793103448,3.0,5.957396449704142,0.16923076923076924,0.0
6,CrossEntropyLoss,OCDF,0.15000000000000002,0.8423076923076923,4.157692307692308,3.1576923076923076,1.4146341463414633,3.0,6.132051282051281,0.2230769230769231,0.0
6,CrossEntropyLoss,OCDF,0.18000000000000005,0.823076923076923,4.023076923076923,3.023076923076923,1.434782608695652,3.0,5.843589743589742,0.25384615384615383,0.0
6,CrossEntropyLoss,OCDF,0.19999999999999996,0.823076923076923,3.9615384615384617,2.9615384615384617,1.4565217391304348,3.0,5.538461538461538,0.25769230769230766,0.0
6,CrossEntropyLoss,APS,0.010000000000000009,1.0,4.503846153846154,3.5346153846153845,,0.0,3.5346153846153845,0.0,0.03076923076923077
6,CrossEntropyLoss,APS,0.020000000000000018,0.9730769230769231,3.796153846153846,2.8576923076923078,1.2857142857142858,2.0,5.549999999999997,0.03461538461538462,0.06153846153846154
6,CrossEntropyLoss,APS,0.030000000000000027,0.9692307692307692,3.6923076923076925,2.769230769230769,1.25,2.0,4.564102564102563,0.038461538461538464,0.07692307692307687
6,CrossEntropyLoss,APS,0.050000000000000044,0.9423076923076923,3.3846153846153846,2.523076923076923,1.4666666666666666,4.0,4.984615384615383,0.08461538461538462,0.13461538461538458
6,CrossEntropyLoss,APS,0.07999999999999996,0.926923076923077,3.103846153846154,2.296153846153846,1.7894736842105263,4.0,4.123076923076924,0.13076923076923078,0.1807692307692308
6,CrossEntropyLoss,APS,0.09999999999999998,0.9,2.8653846153846154,2.123076923076923,1.9230769230769231,4.0,3.8923076923076922,0.19230769230769232,0.2269230769230769
6,CrossEntropyLoss,APS,0.13,0.8692307692307693,2.6884615384615387,2.0076923076923077,1.911764705882353,4.0,3.7236686390532547,0.25,0.28076923076923077
6,CrossEntropyLoss,APS,0.15000000000000002,0.8269230769230769,2.480769230769231,1.8269230769230769,1.9333333333333333,4.0,3.6730769230769225,0.3346153846153846,0.2961538461538461
6,CrossEntropyLoss,APS,0.18000000000000005,0.7884615384615384,2.269230769230769,1.646153846153846,1.9272727272727272,4.0,3.7829059829059823,0.4076923076923077,0.32307692307692304
6,CrossEntropyLoss,APS,0.19999999999999996,0.7653846153846153,2.1923076923076925,1.573076923076923,2.0491803278688523,4.0,3.7653846153846153,0.4807692307692308,0.3153846153846154
6,CrossEntropyLoss,LAC,0.010000000000000009,0.9884615384615385,4.0807692307692305,3.1115384615384616,1.6666666666666667,2.0,6.957692307692304,0.019230769230769232,0.03076923076923077
6,CrossEntropyLoss,LAC,0.020000000000000018,0.9692307692307692,3.8461538461538463,2.8884615384615384,1.625,3.0,7.119230769230766,0.05,0.04230769230769227
6,CrossEntropyLoss,LAC,0.030000000000000027,0.9653846153846154,3.8,2.8461538461538463,1.5555555555555556,3.0,5.666666666666664,0.05384615384615385,0.0461538461538461
6,CrossEntropyLoss,LAC,0.050000000000000044,0.9461538461538461,3.3615384615384616,2.4884615384615385,1.3571428571428572,3.0,5.103846153846152,0.07307692307692308,0.12692307692307692
6,CrossEntropyLoss,LAC,0.07999999999999996,0.9346153846153846,3.0884615384615386,2.25,1.411764705882353,3.0,4.4615384615384635,0.09230769230769231,0.16153846153846152
6,CrossEntropyLoss,LAC,0.09999999999999998,0.8923076923076924,2.6576923076923076,1.8692307692307693,1.4285714285714286,4.0,4.792307692307692,0.15384615384615385,0.20769230769230773
6,CrossEntropyLoss,LAC,0.13,0.8692307692307693,2.4692307692307693,1.7192307692307693,1.3529411764705883,4.0,4.145266272189349,0.17692307692307693,0.24615384615384617
6,CrossEntropyLoss,LAC,0.15000000000000002,0.8346153846153846,2.3076923076923075,1.5769230769230769,1.372093023255814,4.0,4.1923076923076925,0.22692307692307692,0.26538461538461533
6,CrossEntropyLoss,LAC,0.18000000000000005,0.8038461538461539,2.103846153846154,1.35,1.4313725490196079,4.0,4.170512820512819,0.28076923076923077,0.24230769230769234
6,CrossEntropyLoss,LAC,0.19999999999999996,0.7692307692307693,1.9884615384615385,1.2384615384615385,1.45,4.0,4.315384615384615,0.3346153846153846,0.24615384615384617
7,CrossEntropyLoss,min-CPS,0.010000000000000009,1.0,4.546153846153846,3.546153846153846,,0.0,3.546153846153846,0.0,0.0
7,CrossEntropyLoss,min-CPS,0.020000000000000018,0.9769230769230769,4.023076923076923,3.023076923076923,1.6666666666666667,3.0,6.869230769230766,0.038461538461538464,0.0
7,CrossEntropyLoss,min-CPS,0.030000000000000027,0.9730769230769231,3.9269230769230767,2.9269230769230767,1.5714285714285714,3.0,5.747435897435896,0.04230769230769231,0.0
7,CrossEntropyLoss,min-CPS,0.050000000000000044,0.9384615384615385,3.457692307692308,2.457692307692308,1.3125,3.0,5.688461538461536,0.08076923076923077,0.0
7,CrossEntropyLoss,min-CPS,0.07999999999999996,0.9230769230769231,3.2615384615384615,2.2615384615384615,1.35,3.0,4.857692307692309,0.10384615384615385,0.0
7,CrossEntropyLoss,min-CPS,0.09999999999999998,0.8884615384615384,2.8384615384615386,1.8384615384615384,1.2758620689655173,3.0,4.684615384615385,0.1423076923076923,0.0
7,CrossEntropyLoss,min-CPS,0.13,0.8730769230769231,2.707692307692308,1.7076923076923076,1.3333333333333333,3.0,4.311242603550296,0.16923076923076924,0.0
7,CrossEntropyLoss,min-CPS,0.15000000000000002,0.8653846153846154,2.623076923076923,1.623076923076923,1.4,3.0,4.135897435897435,0.18846153846153846,0.0
7,CrossEntropyLoss,min-CPS,0.18000000000000005,0.8192307692307692,2.476923076923077,1.476923076923077,1.3617021276595744,3.0,4.211965811965811,0.24615384615384617,0.0
7,CrossEntropyLoss,min-CPS,0.19999999999999996,0.7769230769230769,2.3615384615384616,1.3615384615384616,1.293103448275862,3.0,4.246153846153846,0.28846153846153844,0.0
7,CrossEntropyLoss,RPS,0.010000000000000009,0.9961538461538462,4.526923076923077,3.526923076923077,1.0,1.0,4.296153846153845,0.0038461538461538464,0.0
7,CrossEntropyLoss,RPS,0.020000000000000018,0.9884615384615385,4.230769230769231,3.230769230769231,1.0,1.0,4.384615384615383,0.011538461538461539,0.0
7,CrossEntropyLoss,RPS,0.030000000000000027,0.9884615384615385,4.203846153846154,3.203846153846154,1.0,1.0,3.973076923076923,0.011538461538461539,0.0
7,CrossEntropyLoss,RPS,0.050000000000000044,0.9615384615384616,3.9615384615384617,2.9615384615384617,1.1,2.0,4.653846153846152,0.04230769230769231,0.0
7,CrossEntropyLoss,RPS,0.07999999999999996,0.9153846153846154,3.396153846153846,2.396153846153846,1.1363636363636365,2.0,4.800000000000002,0.09615384615384616,0.0
7,CrossEntropyLoss,RPS,0.09999999999999998,0.8730769230769231,3.076923076923077,2.076923076923077,1.0909090909090908,2.0,4.846153846153846,0.13846153846153847,0.0
7,CrossEntropyLoss,RPS,0.13,0.8423076923076923,2.896153846153846,1.896153846153846,1.170731707317073,2.0,4.736390532544379,0.18461538461538463,0.0
7,CrossEntropyLoss,RPS,0.15000000000000002,0.8269230769230769,2.8346153846153848,1.8346153846153845,1.1555555555555554,2.0,4.501282051282051,0.2,0.0
7,CrossEntropyLoss,RPS,0.18000000000000005,0.8076923076923077,2.5346153846153845,1.5346153846153847,1.22,3.0,4.141452991452991,0.23461538461538461,0.0
7,CrossEntropyLoss,RPS,0.19999999999999996,0.7961538461538461,2.396153846153846,1.396153846153846,1.2830188679245282,3.0,4.0115384615384615,0.26153846153846155,0.0
7,CrossEntropyLoss,OCDF,0.010000000000000009,0.9961538461538462,4.938461538461539,3.9384615384615387,1.0,1.0,4.707692307692307,0.0038461538461538464,0.0
7,CrossEntropyLoss,OCDF,0.020000000000000018,0.9923076923076923,4.876923076923077,3.876923076923077,1.0,1.0,4.646153846153846,0.007692307692307693,0.0
7,CrossEntropyLoss,OCDF,0.030000000000000027,0.9884615384615385,4.834615384615384,3.8346153846153848,1.3333333333333333,2.0,4.86025641025641,0.015384615384615385,0.0
7,CrossEntropyLoss,OCDF,0.050000000000000044,0.9653846153846154,4.707692307692308,3.707692307692308,1.2222222222222223,2.0,5.3999999999999995,0.04230769230769231,0.0
7,CrossEntropyLoss,OCDF,0.07999999999999996,0.9153846153846154,4.515384615384615,3.5153846153846153,1.2272727272727273,2.0,6.111538461538463,0.10384615384615385,0.0
7,CrossEntropyLoss,OCDF,0.09999999999999998,0.9076923076923077,4.446153846153846,3.4461538461538463,1.25,2.0,5.753846153846154,0.11538461538461539,0.0
7,CrossEntropyLoss,OCDF,0.13,0.8846153846153846,4.292307692307692,3.292307692307692,1.3666666666666667,3.0,5.718343195266272,0.1576923076923077,0.0
7,CrossEntropyLoss,OCDF,0.15000000000000002,0.8538461538461538,4.1461538461538465,3.146153846153846,1.394736842105263,3.0,5.864102564102564,0.20384615384615384,0.0
7,CrossEntropyLoss,OCDF,0.18000000000000005,0.8076923076923077,3.9307692307692306,2.9307692307692306,1.38,3.0,5.879487179487179,0.2653846153846154,0.0
7,CrossEntropyLoss,OCDF,0.19999999999999996,0.7884615384615384,3.8423076923076924,2.8423076923076924,1.3636363636363635,3.0,5.726923076923077,0.28846153846153844,0.0
7,CrossEntropyLoss,APS,0.010000000000000009,0.9961538461538462,4.407692307692308,3.453846153846154,1.0,1.0,4.223076923076922,0.0038461538461538464,0.0461538461538461
7,CrossEntropyLoss,APS,0.020000000000000018,0.9846153846153847,4.084615384615384,3.1423076923076922,1.25,2.0,4.680769230769229,0.019230769230769232,0.05769230769230771
7,CrossEntropyLoss,APS,0.030000000000000027,0.9846153846153847,4.023076923076923,3.0846153846153848,1.25,2.0,4.11025641025641,0.019230769230769232,0.06153846153846154
7,CrossEntropyLoss,APS,0.050000000000000044,0.9730769230769231,3.7653846153846153,2.8576923076923078,1.2857142857142858,2.0,4.088461538461537,0.03461538461538462,0.09230769230769231
7,CrossEntropyLoss,APS,0.07999999999999996,0.9,3.1423076923076922,2.3615384615384616,1.5769230769230769,4.0,4.669230769230771,0.1576923076923077,0.20769230769230773
7,CrossEntropyLoss,APS,0.09999999999999998,0.8730769230769231,2.957692307692308,2.2153846153846155,1.6363636363636365,4.0,4.292307692307692,0.2076923076923077,0.23461538461538467
7,CrossEntropyLoss,APS,0.13,0.8384615384615385,2.6807692307692306,2.0346153846153845,1.8095238095238095,4.0,3.8689349112426035,0.2923076923076923,0.31153846153846154
7,CrossEntropyLoss,APS,0.15000000000000002,0.823076923076923,2.5653846153846156,1.9576923076923076,1.8478260869565217,4.0,3.6499999999999995,0.3269230769230769,0.3384615384615385
7,CrossEntropyLoss,APS,0.18000000000000005,0.8153846153846154,2.4461538461538463,1.8846153846153846,1.875,4.0,3.508547008547008,0.34615384615384615,0.3769230769230769
7,CrossEntropyLoss,APS,0.19999999999999996,0.7961538461538461,2.373076923076923,1.8115384615384615,1.9811320754716981,4.0,3.3884615384615384,0.40384615384615385,0.3653846153846154
7,CrossEntropyLoss,LAC,0.010000000000000009,1.0,4.523076923076923,3.55,,0.0,3.55,0.0,0.02692307692307694
7,CrossEntropyLoss,LAC,0.020000000000000018,0.9846153846153847,4.096153846153846,3.1346153846153846,2.0,3.0,5.826923076923074,0.03076923076923077,0.038461538461538436
7,CrossEntropyLoss,LAC,0.030000000000000027,0.9692307692307692,3.973076923076923,3.023076923076923,1.625,3.0,5.8435897435897415,0.05,0.050000000000000044
7,CrossEntropyLoss,LAC,0.050000000000000044,0.9346153846153846,3.503846153846154,2.6192307692307693,1.2941176470588236,3.0,5.696153846153844,0.08461538461538462,0.11538461538461542
7,CrossEntropyLoss,LAC,0.07999999999999996,0.8923076923076924,2.9,2.1076923076923078,1.2857142857142858,3.0,4.992307692307694,0.13846153846153847,0.19999999999999996
7,CrossEntropyLoss,LAC,0.09999999999999998,0.8769230769230769,2.6884615384615387,1.9346153846153846,1.3125,3.0,4.55,0.16153846153846155,0.24230769230769234
7,CrossEntropyLoss,LAC,0.13,0.8615384615384616,2.55,1.8307692307692307,1.3055555555555556,3.0,4.138461538461539,0.18076923076923077,0.27692307692307694
7,CrossEntropyLoss,LAC,0.15000000000000002,0.8307692307692308,2.3846153846153846,1.6923076923076923,1.2954545454545454,3.0,4.153846153846154,0.21923076923076923,0.3038461538461539
7,CrossEntropyLoss,LAC,0.18000000000000005,0.7923076923076923,2.1923076923076925,1.4923076923076923,1.2962962962962963,3.0,4.0991452991453,0.2692307692307692,0.29230769230769227
7,CrossEntropyLoss,LAC,0.19999999999999996,0.7769230769230769,2.0846153846153848,1.3923076923076922,1.3275862068965518,3.0,4.046153846153846,0.29615384615384616,0.30000000000000004
8,CrossEntropyLoss,min-CPS,0.010000000000000009,0.9769230769230769,4.046153846153846,3.046153846153846,1.6666666666666667,2.0,10.738461538461532,0.038461538461538464,0.0
8,CrossEntropyLoss,min-CPS,0.020000000000000018,0.9730769230769231,3.9653846153846155,2.9653846153846155,2.0,3.0,8.349999999999996,0.05384615384615385,0.0
8,CrossEntropyLoss,min-CPS,0.030000000000000027,0.9653846153846154,3.8576923076923078,2.8576923076923078,1.8888888888888888,3.0,7.216666666666664,0.06538461538461539,0.0
8,CrossEntropyLoss,min-CPS,0.050000000000000044,0.9307692307692308,3.330769230769231,2.330769230769231,1.4444444444444444,3.0,6.330769230769227,0.1,0.0
8,CrossEntropyLoss,min-CPS,0.07999999999999996,0.8884615384615384,2.980769230769231,1.9807692307692308,1.3448275862068966,3.0,5.730769230769233,0.15,0.0
8,CrossEntropyLoss,min-CPS,0.09999999999999998,0.8615384615384616,2.703846153846154,1.7038461538461538,1.3888888888888888,3.0,5.55,0.19230769230769232,0.0
8,CrossEntropyLoss,min-CPS,0.13,0.8423076923076923,2.5653846153846156,1.5653846153846154,1.4146341463414633,3.0,4.997337278106508,0.2230769230769231,0.0
8,CrossEntropyLoss,min-CPS,0.15000000000000002,0.8346153846153846,2.5115384615384615,1.5115384615384615,1.441860465116279,3.0,4.69102564102564,0.23846153846153847,0.0
8,CrossEntropyLoss,min-CPS,0.18000000000000005,0.8076923076923077,2.4153846153846152,1.4153846153846155,1.38,3.0,4.364102564102564,0.2653846153846154,0.0
8,CrossEntropyLoss,min-CPS,0.19999999999999996,0.7961538461538461,2.3423076923076924,1.3423076923076922,1.3962264150943395,3.0,4.188461538461539,0.2846153846153846,0.0
8,CrossEntropyLoss,RPS,0.010000000000000009,0.9923076923076923,4.369230769230769,3.3692307692307693,1.0,1.0,4.907692307692306,0.007692307692307693,0.0
8,CrossEntropyLoss,RPS,0.020000000000000018,0.9884615384615385,4.234615384615385,3.2346153846153847,1.0,1.0,4.388461538461537,0.011538461538461539,0.0
8,CrossEntropyLoss,RPS,0.030000000000000027,0.9615384615384616,3.9461538461538463,2.9461538461538463,1.2,2.0,6.023076923076921,0.046153846153846156,0.0
8,CrossEntropyLoss,RPS,0.050000000000000044,0.9346153846153846,3.6769230769230767,2.6769230769230767,1.1176470588235294,2.0,5.599999999999998,0.07307692307692308,0.0
8,CrossEntropyLoss,RPS,0.07999999999999996,0.8615384615384616,3.0846153846153848,2.0846153846153848,1.0833333333333333,2.0,5.834615384615386,0.15,0.0
8,CrossEntropyLoss,RPS,0.09999999999999998,0.8307692307692308,2.8884615384615384,1.8884615384615384,1.1590909090909092,2.0,5.811538461538461,0.19615384615384615,0.0
8,CrossEntropyLoss,RPS,0.13,0.8115384615384615,2.8346153846153848,1.8346153846153845,1.163265306122449,2.0,5.207396449704142,0.21923076923076923,0.0
8,CrossEntropyLoss,RPS,0.15000000000000002,0.7961538461538461,2.646153846153846,1.646153846153846,1.2075471698113207,2.0,4.928205128205128,0.24615384615384617,0.0
8,CrossEntropyLoss,RPS,0.18000000000000005,0.7730769230769231,2.3923076923076922,1.3923076923076922,1.3220338983050848,3.0,4.725641025641025,0.3,0.0
8,CrossEntropyLoss,RPS,0.19999999999999996,0.7653846153846153,2.25,1.25,1.3278688524590163,3.0,4.365384615384615,0.31153846153846154,0.0
8,CrossEntropyLoss,OCDF,0.010000000000000009,0.9923076923076923,4.938461538461539,3.9384615384615387,1.0,1.0,5.476923076923075,0.007692307692307693,0.0
8,CrossEntropyLoss,OCDF,0.020000000000000018,0.9692307692307692,4.826923076923077,3.826923076923077,1.0,1.0,6.9038461538461515,0.03076923076923077,0.0
8,CrossEntropyLoss,OCDF,0.030000000000000027,0.9615384615384616,4.8076923076923075,3.8076923076923075,1.0,1.0,6.3717948717948705,0.038461538461538464,0.0
8,CrossEntropyLoss,OCDF,0.050000000000000044,0.926923076923077,4.596153846153846,3.5961538461538463,1.2105263157894737,2.0,7.134615384615383,0.08846153846153847,0.0
8,CrossEntropyLoss,OCDF,0.07999999999999996,0.8961538461538462,4.434615384615385,3.4346153846153844,1.4444444444444444,2.0,7.184615384615387,0.15,0.0
8,CrossEntropyLoss,OCDF,0.09999999999999998,0.8961538461538462,4.392307692307693,3.3923076923076922,1.5185185185185186,2.0,6.546153846153846,0.1576923076923077,0.0
8,CrossEntropyLoss,OCDF,0.13,0.8653846153846154,4.157692307692308,3.1576923076923076,1.542857142857143,3.0,6.3529585798816575,0.2076923076923077,0.0
8,CrossEntropyLoss,OCDF,0.15000000000000002,0.8538461538461538,4.107692307692307,3.1076923076923078,1.5526315789473684,3.0,6.133333333333333,0.22692307692307692,0.0
8,CrossEntropyLoss,OCDF,0.18000000000000005,0.8461538461538461,3.9884615384615385,2.9884615384615385,1.575,3.0,5.680769230769231,0.2423076923076923,0.0
8,CrossEntropyLoss,OCDF,0.19999999999999996,0.8,3.8346153846153848,2.8346153846153848,1.5,3.0,5.834615384615384,0.3,0.0
8,CrossEntropyLoss,APS,0.010000000000000009,0.9769230769230769,4.119230769230769,3.1615384615384614,1.3333333333333333,2.0,9.31538461538461,0.03076923076923077,0.04230769230769227
8,CrossEntropyLoss,APS,0.020000000000000018,0.9730769230769231,3.973076923076923,3.046153846153846,1.4285714285714286,2.0,6.892307692307689,0.038461538461538464,0.07307692307692304
8,CrossEntropyLoss,APS,0.030000000000000027,0.9653846153846154,3.876923076923077,2.9615384615384617,1.3333333333333333,2.0,5.78205128205128,0.046153846153846156,0.08461538461538465
8,CrossEntropyLoss,APS,0.050000000000000044,0.926923076923077,3.4923076923076923,2.669230769230769,1.736842105263158,4.0,5.899999999999997,0.12692307692307692,0.16923076923076918
8,CrossEntropyLoss,APS,0.07999999999999996,0.9038461538461539,3.1423076923076922,2.376923076923077,1.76,4.0,4.876923076923078,0.16923076923076924,0.21923076923076923
8,CrossEntropyLoss,APS,0.09999999999999998,0.8961538461538462,2.9923076923076923,2.2807692307692307,1.7037037037037037,4.0,4.434615384615385,0.17692307692307693,0.2730769230769231
8,CrossEntropyLoss,APS,0.13,0.8346153846153846,2.6423076923076922,1.9576923076923076,1.6744186046511629,4.0,4.324556213017751,0.27692307692307694,0.2846153846153846
8,CrossEntropyLoss,APS,0.15000000000000002,0.8076923076923077,2.4846153846153847,1.8192307692307692,1.64,4.0,4.229487179487179,0.3153846153846154,0.2961538461538461
8,CrossEntropyLoss,APS,0.18000000000000005,0.7961538461538461,2.3423076923076924,1.6884615384615385,1.6981132075471699,4.0,3.8679487179487175,0.34615384615384615,0.30000000000000004
8,CrossEntropyLoss,APS,0.19999999999999996,0.7653846153846153,2.2153846153846155,1.6,1.819672131147541,4.0,3.753846153846154,0.4269230769230769,0.3192307692307692
8,CrossEntropyLoss,LAC,0.010000000000000009,0.9769230769230769,4.0346153846153845,3.0653846153846156,2.3333333333333335,3.0,13.834615384615374,0.05384615384615385,0.03076923076923077
8,CrossEntropyLoss,LAC,0.020000000000000018,0.9730769230769231,3.95,3.003846153846154,2.142857142857143,3.0,8.773076923076918,0.057692307692307696,0.05384615384615388
8,CrossEntropyLoss,LAC,0.030000000000000027,0.9653846153846154,3.896153846153846,2.957692307692308,1.8888888888888888,3.0,7.060256410256407,0.06538461538461539,0.06153846153846154
8,CrossEntropyLoss,LAC,0.050000000000000044,0.9538461538461539,3.7,2.8038461538461537,1.6666666666666667,3.0,5.573076923076921,0.07692307692307693,0.10384615384615381
8,CrossEntropyLoss,LAC,0.07999999999999996,0.9192307692307692,3.0692307692307694,2.2192307692307693,1.4761904761904763,3.0,5.103846153846155,0.11923076923076924,0.14230769230769236
8,CrossEntropyLoss,LAC,0.09999999999999998,0.8961538461538462,2.7884615384615383,2.0346153846153845,1.3703703703703705,3.0,4.573076923076923,0.1423076923076923,0.2384615384615385
8,CrossEntropyLoss,LAC,0.13,0.8307692307692308,2.4269230769230767,1.6923076923076923,1.2954545454545454,3.0,4.59171597633136,0.21923076923076923,0.25769230769230766
8,CrossEntropyLoss,LAC,0.15000000000000002,0.8038461538461539,2.292307692307692,1.5615384615384615,1.2941176470588236,3.0,4.484615384615385,0.25384615384615383,0.2615384615384615
8,CrossEntropyLoss,LAC,0.18000000000000005,0.7807692307692308,2.173076923076923,1.4230769230769231,1.3859649122807018,3.0,4.4572649572649565,0.3038461538461538,0.24615384615384617
8,CrossEntropyLoss,LAC,0.19999999999999996,0.7615384615384615,2.080769230769231,1.3384615384615384,1.4838709677419355,3.0,4.530769230769231,0.35384615384615387,0.25384615384615383
9,CrossEntropyLoss,min-CPS,0.010000000000000009,1.0,4.546153846153846,3.546153846153846,,0.0,3.546153846153846,0.0,0.0
9,CrossEntropyLoss,min-CPS,0.020000000000000018,0.9961538461538462,4.161538461538462,3.1615384615384614,1.0,1.0,3.5461538461538455,0.0038461538461538464,0.0
9,CrossEntropyLoss,min-CPS,0.030000000000000027,0.9846153846153847,3.980769230769231,2.980769230769231,1.75,3.0,4.775641025641024,0.026923076923076925,0.0
9,CrossEntropyLoss,min-CPS,0.050000000000000044,0.9384615384615385,3.3153846153846156,2.3153846153846156,1.25,3.0,5.392307692307691,0.07692307692307693,0.0
9,CrossEntropyLoss,min-CPS,0.07999999999999996,0.9230769230769231,3.0576923076923075,2.0576923076923075,1.25,3.0,4.4615384615384635,0.09615384615384616,0.0
9,CrossEntropyLoss,min-CPS,0.09999999999999998,0.9,2.8038461538461537,1.8038461538461539,1.3461538461538463,3.0,4.496153846153846,0.1346153846153846,0.0
9,CrossEntropyLoss,min-CPS,0.13,0.8730769230769231,2.6384615384615384,1.6384615384615384,1.3333333333333333,3.0,4.242011834319526,0.16923076923076924,0.0
9,CrossEntropyLoss,min-CPS,0.15000000000000002,0.8538461538461538,2.542307692307692,1.5423076923076924,1.394736842105263,3.0,4.260256410256409,0.20384615384615384,0.0
9,CrossEntropyLoss,min-CPS,0.18000000000000005,0.8307692307692308,2.4307692307692306,1.4307692307692308,1.3863636363636365,3.0,4.037606837606837,0.23461538461538461,0.0
9,CrossEntropyLoss,min-CPS,0.19999999999999996,0.7692307692307693,2.296153846153846,1.2961538461538462,1.2833333333333334,3.0,4.257692307692308,0.29615384615384616,0.0
9,CrossEntropyLoss,RPS,0.010000000000000009,0.9961538461538462,4.496153846153846,3.496153846153846,1.0,1.0,4.265384615384614,0.0038461538461538464,0.0
9,CrossEntropyLoss,RPS,0.020000000000000018,0.9769230769230769,4.111538461538461,3.1115384615384616,1.0,1.0,5.419230769230768,0.023076923076923078,0.0
9,CrossEntropyLoss,RPS,0.030000000000000027,0.9769230769230769,4.092307692307692,3.0923076923076924,1.0,1.0,4.630769230769229,0.023076923076923078,0.0
9,CrossEntropyLoss,RPS,0.050000000000000044,0.9576923076923077,3.8807692307692307,2.8807692307692307,1.0909090909090908,2.0,4.726923076923076,0.046153846153846156,0.0
9,CrossEntropyLoss,RPS,0.07999999999999996,0.9153846153846154,3.326923076923077,2.326923076923077,1.0909090909090908,2.0,4.634615384615387,0.09230769230769231,0.0
9,CrossEntropyLoss,RPS,0.09999999999999998,0.8884615384615384,3.080769230769231,2.080769230769231,1.1379310344827587,2.0,4.619230769230769,0.12692307692307692,0.0
9,CrossEntropyLoss,RPS,0.13,0.8461538461538461,2.8692307692307693,1.8692307692307693,1.175,2.0,4.650295857988165,0.18076923076923077,0.0
9,CrossEntropyLoss,RPS,0.15000000000000002,0.8423076923076923,2.8384615384615386,1.8384615384615384,1.1951219512195121,2.0,4.351282051282051,0.18846153846153846,0.0
9,CrossEntropyLoss,RPS,0.18000000000000005,0.8269230769230769,2.6653846153846152,1.6653846153846155,1.1777777777777778,2.0,3.9303418803418797,0.20384615384615384,0.0
9,CrossEntropyLoss,RPS,0.19999999999999996,0.8153846153846154,2.4,1.4,1.3333333333333333,3.0,3.8615384615384616,0.24615384615384617,0.0
9,CrossEntropyLoss,OCDF,0.010000000000000009,0.9961538461538462,4.946153846153846,3.9461538461538463,1.0,1.0,4.715384615384615,0.0038461538461538464,0.0
9,CrossEntropyLoss,OCDF,0.020000000000000018,0.9730769230769231,4.826923076923077,3.826923076923077,1.0,1.0,6.519230769230767,0.026923076923076925,0.0
9,CrossEntropyLoss,OCDF,0.030000000000000027,0.9615384615384616,4.8,3.8,1.0,1.0,6.364102564102563,0.038461538461538464,0.0
9,CrossEntropyLoss,OCDF,0.050000000000000044,0.9192307692307692,4.611538461538461,3.6115384615384616,1.1904761904761905,2.0,7.457692307692304,0.09615384615384616,0.0
9,CrossEntropyLoss,OCDF,0.07999999999999996,0.9076923076923077,4.523076923076923,3.523076923076923,1.4166666666666667,2.0,6.792307692307694,0.13076923076923078,0.0
9,CrossEntropyLoss,OCDF,0.09999999999999998,0.9038461538461539,4.476923076923077,3.476923076923077,1.48,2.0,6.323076923076923,0.1423076923076923,0.0
9,CrossEntropyLoss,OCDF,0.13,0.8884615384615384,4.373076923076923,3.373076923076923,1.5172413793103448,2.0,5.976627218934911,0.16923076923076924,0.0
9,CrossEntropyLoss,OCDF,0.15000000000000002,0.8576923076923076,4.223076923076923,3.223076923076923,1.4594594594594594,3.0,5.992307692307692,0.2076923076923077,0.0
9,CrossEntropyLoss,OCDF,0.18000000000000005,0.8307692307692308,4.084615384615384,3.0846153846153848,1.4318181818181819,3.0,5.776923076923076,0.2423076923076923,0.0
9,CrossEntropyLoss,OCDF,0.19999999999999996,0.7961538461538461,3.9115384615384614,2.9115384615384614,1.4528301886792452,3.0,5.873076923076923,0.29615384615384616,0.0
9,CrossEntropyLoss,APS,0.010000000000000009,1.0,4.5346153846153845,3.5653846153846156,,0.0,3.5653846153846156,0.0,0.03076923076923077
9,CrossEntropyLoss,APS,0.020000000000000018,0.9961538461538462,4.223076923076923,3.253846153846154,1.0,1.0,3.638461538461538,0.0038461538461538464,0.03076923076923077
9,CrossEntropyLoss,APS,0.030000000000000027,0.9884615384615385,4.123076923076923,3.1846153846153844,2.0,4.0,3.697435897435897,0.023076923076923078,0.05769230769230771
9,CrossEntropyLoss,APS,0.050000000000000044,0.95,3.6423076923076922,2.7653846153846153,1.5384615384615385,4.0,4.303846153846152,0.07692307692307693,0.11538461538461542
9,CrossEntropyLoss,APS,0.07999999999999996,0.9384615384615385,3.2192307692307693,2.419230769230769,1.6875,4.0,3.9576923076923087,0.10384615384615385,0.1923076923076923
9,CrossEntropyLoss,APS,0.09999999999999998,0.9307692307692308,3.0653846153846156,2.276923076923077,1.7222222222222223,4.0,3.8923076923076922,0.11923076923076924,0.19999999999999996
9,CrossEntropyLoss,APS,0.13,0.9076923076923077,2.8384615384615386,2.0923076923076924,1.625,4.0,3.867455621301775,0.15,0.2384615384615385
9,CrossEntropyLoss,APS,0.15000000000000002,0.8538461538461538,2.542307692307692,1.8846153846153846,1.7105263157894737,4.0,3.833333333333333,0.25,0.3076923076923077
9,CrossEntropyLoss,APS,0.18000000000000005,0.8192307692307692,2.3576923076923078,1.7153846153846153,1.702127659574468,4.0,3.681196581196581,0.3076923076923077,0.3192307692307692
9,CrossEntropyLoss,APS,0.19999999999999996,0.8038461538461539,2.2807692307692307,1.6615384615384616,1.7647058823529411,4.0,3.5076923076923077,0.34615384615384615,0.33461538461538465
9,CrossEntropyLoss,LAC,0.010000000000000009,1.0,4.542307692307692,3.5615384615384613,,0.0,3.5615384615384613,0.0,0.019230769230769273
9,CrossEntropyLoss,LAC,0.020000000000000018,0.9923076923076923,4.0346153846153845,3.0923076923076924,2.5,3.0,5.0153846153846136,0.019230769230769232,0.05769230769230771
9,CrossEntropyLoss,LAC,0.030000000000000027,0.9692307692307692,3.8576923076923078,2.9307692307692306,1.5,3.0,5.494871794871792,0.046153846153846156,0.07307692307692304
9,CrossEntropyLoss,LAC,0.050000000000000044,0.9576923076923077,3.6884615384615387,2.776923076923077,1.3636363636363635,3.0,4.623076923076922,0.057692307692307696,0.08461538461538465
9,CrossEntropyLoss,LAC,0.07999999999999996,0.9346153846153846,3.169230769230769,2.3076923076923075,1.2941176470588236,3.0,4.326923076923078,0.08461538461538462,0.13461538461538458
9,CrossEntropyLoss,LAC,0.09999999999999998,0.9192307692307692,2.85,2.05,1.3333333333333333,3.0,4.05,0.1076923076923077,0.1923076923076923
9,CrossEntropyLoss,LAC,0.13,0.8769230769230769,2.5307692307692307,1.7923076923076924,1.3125,3.0,3.8633136094674554,0.16153846153846155,0.25384615384615383
9,CrossEntropyLoss,LAC,0.15000000000000002,0.85,2.3576923076923078,1.65,1.3076923076923077,3.0,3.7525641025641026,0.19615384615384615,0.28076923076923077
9,CrossEntropyLoss,LAC,0.18000000000000005,0.8346153846153846,2.2615384615384615,1.5615384615384615,1.3488372093023255,3.0,3.6555555555555546,0.2230769230769231,0.28846153846153844
9,CrossEntropyLoss,LAC,0.19999999999999996,0.7923076923076923,2.0653846153846156,1.3423076923076922,1.462962962962963,3.0,4.0346153846153845,0.3038461538461538,0.2692307692307693
10,CrossEntropyLoss,min-CPS,0.010000000000000009,1.0,4.569230769230769,3.5692307692307694,,0.0,3.5692307692307694,0.0,0.0
10,CrossEntropyLoss,min-CPS,0.020000000000000018,0.9807692307692307,3.9846153846153847,2.9846153846153847,1.6,3.0,6.061538461538459,0.03076923076923077,0.0
10,CrossEntropyLoss,min-CPS,0.030000000000000027,0.9769230769230769,3.9423076923076925,2.9423076923076925,1.5,3.0,5.249999999999998,0.03461538461538462,0.0
10,CrossEntropyLoss,min-CPS,0.050000000000000044,0.95,3.4153846153846152,2.4153846153846152,1.3846153846153846,3.0,5.184615384615383,0.06923076923076923,0.0
10,CrossEntropyLoss,min-CPS,0.07999999999999996,0.9230769230769231,3.1538461538461537,2.1538461538461537,1.3,3.0,4.653846153846156,0.1,0.0
10,CrossEntropyLoss,min-CPS,0.09999999999999998,0.8923076923076924,2.769230769230769,1.7692307692307692,1.3214285714285714,3.0,4.615384615384615,0.1423076923076923,0.0
10,CrossEntropyLoss,min-CPS,0.13,0.8730769230769231,2.5961538461538463,1.5961538461538463,1.3636363636363635,3.0,4.258875739644971,0.17307692307692307,0.0
10,CrossEntropyLoss,min-CPS,0.15000000000000002,0.8615384615384616,2.523076923076923,1.523076923076923,1.4444444444444444,4.0,4.189743589743589,0.2,0.0
10,CrossEntropyLoss,min-CPS,0.18000000000000005,0.8384615384615385,2.4307692307692306,1.4307692307692308,1.4047619047619047,4.0,3.952136752136752,0.22692307692307692,0.0
10,CrossEntropyLoss,min-CPS,0.19999999999999996,0.8192307692307692,2.3230769230769233,1.323076923076923,1.425531914893617,4.0,3.9,0.25769230769230766,0.0
10,CrossEntropyLoss,RPS,0.010000000000000009,0.9923076923076923,4.3307692307692305,3.330769230769231,1.0,1.0,4.869230769230768,0.007692307692307693,0.0
10,CrossEntropyLoss,RPS,0.020000000000000018,0.9807692307692307,4.115384615384615,3.1153846153846154,1.2,2.0,5.423076923076922,0.023076923076923078,0.0
10,CrossEntropyLoss,RPS,0.030000000000000027,0.9769230769230769,4.038461538461538,3.0384615384615383,1.1666666666666667,2.0,4.833333333333332,0.026923076923076925,0.0
10,CrossEntropyLoss,RPS,0.050000000000000044,0.9461538461538461,3.723076923076923,2.723076923076923,1.1428571428571428,2.0,5.184615384615382,0.06153846153846154,0.0
10,CrossEntropyLoss,RPS,0.07999999999999996,0.9346153846153846,3.3807692307692307,2.3807692307692307,1.1764705882352942,2.0,4.303846153846155,0.07692307692307693,0.0
10,CrossEntropyLoss,RPS,0.09999999999999998,0.9115384615384615,3.1153846153846154,2.1153846153846154,1.2173913043478262,3.0,4.269230769230769,0.1076923076923077,0.0
10,CrossEntropyLoss,RPS,0.13,0.8692307692307693,2.8923076923076922,1.8923076923076922,1.2058823529411764,3.0,4.318343195266272,0.1576923076923077,0.0
10,CrossEntropyLoss,RPS,0.15000000000000002,0.8653846153846154,2.8192307692307694,1.8192307692307692,1.2857142857142858,3.0,4.126923076923077,0.17307692307692307,0.0
10,CrossEntropyLoss,RPS,0.18000000000000005,0.8538461538461538,2.7615384615384615,1.7615384615384615,1.263157894736842,3.0,3.812820512820512,0.18461538461538463,0.0
10,CrossEntropyLoss,RPS,0.19999999999999996,0.8461538461538461,2.6153846153846154,1.6153846153846154,1.25,3.0,3.5384615384615383,0.19230769230769232,0.0
10,CrossEntropyLoss,OCDF,0.010000000000000009,1.0,4.976923076923077,3.976923076923077,,0.0,3.976923076923077,0.0,0.0
10,CrossEntropyLoss,OCDF,0.020000000000000018,0.9961538461538462,4.934615384615385,3.9346153846153844,1.0,1.0,4.319230769230769,0.0038461538461538464,0.0
10,CrossEntropyLoss,OCDF,0.030000000000000027,0.9923076923076923,4.873076923076923,3.873076923076923,1.0,1.0,4.385897435897435,0.007692307692307693,0.0
10,CrossEntropyLoss,OCDF,0.050000000000000044,0.9846153846153847,4.826923076923077,3.826923076923077,1.0,1.0,4.4423076923076925,0.015384615384615385,0.0
10,CrossEntropyLoss,OCDF,0.07999999999999996,0.9538461538461539,4.642307692307693,3.6423076923076922,1.25,2.0,5.084615384615385,0.057692307692307696,0.0
10,CrossEntropyLoss,OCDF,0.09999999999999998,0.9461538461538461,4.576923076923077,3.576923076923077,1.2857142857142858,2.0,4.961538461538462,0.06923076923076923,0.0
10,CrossEntropyLoss,OCDF,0.13,0.9423076923076923,4.523076923076923,3.523076923076923,1.3333333333333333,2.0,4.706508875739646,0.07692307692307693,0.0
10,CrossEntropyLoss,OCDF,0.15000000000000002,0.9307692307692308,4.434615384615385,3.4346153846153844,1.3888888888888888,2.0,4.716666666666667,0.09615384615384616,0.0
10,CrossEntropyLoss,OCDF,0.18000000000000005,0.9115384615384615,4.257692307692308,3.2576923076923077,1.434782608695652,3.0,4.667948717948717,0.12692307692307692,0.0
10,CrossEntropyLoss,OCDF,0.19999999999999996,0.8807692307692307,4.153846153846154,3.1538461538461537,1.3225806451612903,3.0,4.730769230769231,0.1576923076923077,0.0
10,CrossEntropyLoss,APS,0.010000000000000009,1.0,4.526923076923077,3.55,,0.0,3.55,0.0,0.023076923076923106
10,CrossEntropyLoss,APS,0.020000000000000018,0.9769230769230769,4.084615384615384,3.1307692307692307,1.0,1.0,5.053846153846152,0.023076923076923078,0.0461538461538461
10,CrossEntropyLoss,APS,0.030000000000000027,0.9692307692307692,3.9269230769230767,3.0115384615384615,1.0,1.0,4.2935897435897425,0.03076923076923077,0.08461538461538465
10,CrossEntropyLoss,APS,0.050000000000000044,0.9423076923076923,3.4346153846153844,2.580769230769231,1.5333333333333334,4.0,4.888461538461537,0.08846153846153847,0.14230769230769236
10,CrossEntropyLoss,APS,0.07999999999999996,0.9230769230769231,3.226923076923077,2.3923076923076922,1.45,4.0,4.026923076923079,0.11153846153846154,0.16153846153846152
10,CrossEntropyLoss,APS,0.09999999999999998,0.9153846153846154,2.8884615384615384,2.15,1.4545454545454546,4.0,3.996153846153846,0.12307692307692308,0.25769230769230766
10,CrossEntropyLoss,APS,0.13,0.8884615384615384,2.7423076923076923,2.0384615384615383,1.5172413793103448,4.0,3.8727810650887573,0.16923076923076924,0.28846153846153844
10,CrossEntropyLoss,APS,0.15000000000000002,0.8615384615384616,2.6153846153846154,1.9423076923076923,1.6944444444444444,4.0,3.8397435897435894,0.23461538461538461,0.3076923076923077
10,CrossEntropyLoss,APS,0.18000000000000005,0.8615384615384616,2.5346153846153845,1.8653846153846154,1.6944444444444444,4.0,3.4465811965811963,0.23461538461538461,0.3076923076923077
10,CrossEntropyLoss,APS,0.19999999999999996,0.8423076923076923,2.4076923076923076,1.7615384615384615,2.024390243902439,4.0,3.3,0.3192307692307692,0.31153846153846154
10,CrossEntropyLoss,LAC,0.010000000000000009,1.0,4.5576923076923075,3.5692307692307694,,0.0,3.5692307692307694,0.0,0.011538461538461497
10,CrossEntropyLoss,LAC,0.020000000000000018,0.9730769230769231,3.9269230769230767,2.9884615384615385,1.5714285714285714,3.0,6.4499999999999975,0.04230769230769231,0.06153846153846154
10,CrossEntropyLoss,LAC,0.030000000000000027,0.9615384615384616,3.8576923076923078,2.9115384615384614,1.4,3.0,5.73205128205128,0.05384615384615385,0.05384615384615388
10,CrossEntropyLoss,LAC,0.050000000000000044,0.95,3.6615384615384614,2.7384615384615385,1.3076923076923077,3.0,4.738461538461537,0.06538461538461539,0.07692307692307687
10,CrossEntropyLoss,LAC,0.07999999999999996,0.9307692307692308,3.1423076923076922,2.296153846153846,1.3333333333333333,3.0,4.411538461538464,0.09230769230769231,0.15384615384615385
10,CrossEntropyLoss,LAC,0.09999999999999998,0.9076923076923077,2.7576923076923077,1.9461538461538461,1.3333333333333333,3.0,4.253846153846154,0.12307692307692308,0.18846153846153846
10,CrossEntropyLoss,LAC,0.13,0.8769230769230769,2.4923076923076923,1.7346153846153847,1.40625,4.0,4.042307692307692,0.17307692307692307,0.24230769230769234
10,CrossEntropyLoss,LAC,0.15000000000000002,0.85,2.3192307692307694,1.573076923076923,1.3846153846153846,4.0,3.932051282051282,0.2076923076923077,0.25384615384615383
10,CrossEntropyLoss,LAC,0.18000000000000005,0.8423076923076923,2.2576923076923077,1.5192307692307692,1.3658536585365855,4.0,3.5705128205128203,0.2153846153846154,0.2615384615384615
10,CrossEntropyLoss,LAC,0.19999999999999996,0.8153846153846154,2.0730769230769233,1.3461538461538463,1.4166666666666667,4.0,3.6923076923076925,0.26153846153846155,0.2730769230769231
11,CrossEntropyLoss,min-CPS,0.010000000000000009,1.0,4.55,3.55,,0.0,3.55,0.0,0.0
11,CrossEntropyLoss,min-CPS,0.020000000000000018,0.9961538461538462,4.173076923076923,3.173076923076923,2.0,2.0,3.9423076923076916,0.007692307692307693,0.0
11,CrossEntropyLoss,min-CPS,0.030000000000000027,0.9923076923076923,4.042307692307692,3.042307692307692,2.0,2.0,4.067948717948718,0.015384615384615385,0.0
11,CrossEntropyLoss,min-CPS,0.050000000000000044,0.9807692307692307,3.7153846153846155,2.7153846153846155,1.6,2.0,3.9461538461538455,0.03076923076923077,0.0
11,CrossEntropyLoss,min-CPS,0.07999999999999996,0.9653846153846154,3.423076923076923,2.423076923076923,1.3333333333333333,2.0,3.576923076923078,0.046153846153846156,0.0
11,CrossEntropyLoss,min-CPS,0.09999999999999998,0.9153846153846154,2.9884615384615385,1.9884615384615385,1.2727272727272727,2.0,4.142307692307693,0.1076923076923077,0.0
11,CrossEntropyLoss,min-CPS,0.13,0.8884615384615384,2.703846153846154,1.7038461538461538,1.3448275862068966,2.0,4.0115384615384615,0.15,0.0
11,CrossEntropyLoss,min-CPS,0.15000000000000002,0.8653846153846154,2.5846153846153848,1.5846153846153845,1.2857142857142858,2.0,3.892307692307692,0.17307692307692307,0.0
11,CrossEntropyLoss,min-CPS,0.18000000000000005,0.8269230769230769,2.4461538461538463,1.4461538461538461,1.3111111111111111,2.0,3.967521367521367,0.22692307692307692,0.0
11,CrossEntropyLoss,min-CPS,0.19999999999999996,0.8153846153846154,2.3653846153846154,1.3653846153846154,1.2708333333333333,3.0,3.7115384615384617,0.23461538461538461,0.0
11,CrossEntropyLoss,RPS,0.010000000000000009,1.0,4.538461538461538,3.5384615384615383,,0.0,3.5384615384615383,0.0,0.0
11,CrossEntropyLoss,RPS,0.020000000000000018,1.0,4.373076923076923,3.373076923076923,,0.0,3.373076923076923,0.0,0.0
11,CrossEntropyLoss,RPS,0.030000000000000027,0.9961538461538462,4.226923076923077,3.226923076923077,1.0,1.0,3.4833333333333334,0.0038461538461538464,0.0
11,CrossEntropyLoss,RPS,0.050000000000000044,0.9615384615384616,3.896153846153846,2.896153846153846,1.0,1.0,4.434615384615383,0.038461538461538464,0.0
11,CrossEntropyLoss,RPS,0.07999999999999996,0.9461538461538461,3.5076923076923077,2.5076923076923077,1.0,1.0,3.853846153846155,0.05384615384615385,0.0
11,CrossEntropyLoss,RPS,0.09999999999999998,0.926923076923077,3.25,2.25,1.0526315789473684,2.0,3.7884615384615383,0.07692307692307693,0.0
11,CrossEntropyLoss,RPS,0.13,0.9038461538461539,3.0961538461538463,2.0961538461538463,1.08,2.0,3.693786982248521,0.10384615384615385,0.0
11,CrossEntropyLoss,RPS,0.15000000000000002,0.8807692307692307,2.9153846153846152,1.9153846153846155,1.1935483870967742,2.0,3.8128205128205126,0.1423076923076923,0.0
11,CrossEntropyLoss,RPS,0.18000000000000005,0.8307692307692308,2.6961538461538463,1.6961538461538461,1.1590909090909092,2.0,3.8756410256410256,0.19615384615384615,0.0
11,CrossEntropyLoss,RPS,0.19999999999999996,0.8115384615384615,2.4076923076923076,1.4076923076923078,1.2653061224489797,2.0,3.792307692307692,0.23846153846153847,0.0
11,CrossEntropyLoss,OCDF,0.010000000000000009,0.9961538461538462,4.946153846153846,3.9461538461538463,1.0,1.0,4.715384615384615,0.0038461538461538464,0.0
11,CrossEntropyLoss,OCDF,0.020000000000000018,0.9923076923076923,4.876923076923077,3.876923076923077,1.0,1.0,4.646153846153846,0.007692307692307693,0.0
11,CrossEntropyLoss,OCDF,0.030000000000000027,0.9615384615384616,4.769230769230769,3.769230769230769,1.1,2.0,6.589743589743588,0.04230769230769231,0.0
11,CrossEntropyLoss,OCDF,0.050000000000000044,0.9461538461538461,4.588461538461538,3.5884615384615386,1.3571428571428572,2.0,6.51153846153846,0.07307692307692308,0.0
11,CrossEntropyLoss,OCDF,0.07999999999999996,0.9115384615384615,4.45,3.45,1.3043478260869565,2.0,6.334615384615386,0.11538461538461539,0.0
11,CrossEntropyLoss,OCDF,0.09999999999999998,0.8961538461538462,4.365384615384615,3.3653846153846154,1.3703703703703705,3.0,6.211538461538462,0.1423076923076923,0.0
11,CrossEntropyLoss,OCDF,0.13,0.8730769230769231,4.203846153846154,3.203846153846154,1.3636363636363635,3.0,5.866568047337278,0.17307692307692307,0.0
11,CrossEntropyLoss,OCDF,0.15000000000000002,0.8461538461538461,4.092307692307692,3.0923076923076924,1.35,3.0,5.861538461538461,0.2076923076923077,0.0
11,CrossEntropyLoss,OCDF,0.18000000000000005,0.8346153846153846,4.019230769230769,3.019230769230769,1.3488372093023255,3.0,5.497863247863248,0.2230769230769231,0.0
11,CrossEntropyLoss,OCDF,0.19999999999999996,0.8038461538461539,3.8807692307692307,2.8807692307692307,1.3137254901960784,3.0,5.457692307692308,0.25769230769230766,0.0
11,CrossEntropyLoss,APS,0.010000000000000009,1.0,4.642307692307693,3.6653846153846152,,0.0,3.6653846153846152,0.0,0.023076923076923106
11,CrossEntropyLoss,APS,0.020000000000000018,0.9884615384615385,4.184615384615385,3.2153846153846155,1.0,1.0,4.369230769230768,0.011538461538461539,0.03076923076923077
11,CrossEntropyLoss,APS,0.030000000000000027,0.9846153846153847,4.111538461538461,3.146153846153846,1.25,2.0,4.171794871794871,0.019230769230769232,0.0346153846153846
11,CrossEntropyLoss,APS,0.050000000000000044,0.9730769230769231,3.7153846153846155,2.8192307692307694,1.2857142857142858,2.0,3.896153846153845,0.03461538461538462,0.10384615384615381
11,CrossEntropyLoss,APS,0.07999999999999996,0.9653846153846154,3.526923076923077,2.6615384615384614,1.3333333333333333,2.0,3.5269230769230773,0.046153846153846156,0.13461538461538458
11,CrossEntropyLoss,APS,0.09999999999999998,0.9423076923076923,3.0730769230769233,2.3692307692307693,2.0,4.0,3.292307692307692,0.11538461538461539,0.2692307692307693
11,CrossEntropyLoss,APS,0.13,0.9230769230769231,2.919230769230769,2.253846153846154,1.85,4.0,3.2597633136094677,0.1423076923076923,0.30000000000000004
11,CrossEntropyLoss,APS,0.15000000000000002,0.8923076923076924,2.7846153846153845,2.1576923076923076,1.7857142857142858,4.0,3.337179487179487,0.19230769230769232,0.33461538461538465
11,CrossEntropyLoss,APS,0.18000000000000005,0.8538461538461538,2.496153846153846,1.9115384615384616,1.868421052631579,4.0,3.1935897435897433,0.27307692307692305,0.35769230769230764
11,CrossEntropyLoss,APS,0.19999999999999996,0.8307692307692308,2.2576923076923077,1.6692307692307693,1.8863636363636365,4.0,3.0538461538461537,0.3192307692307692,0.3538461538461538
11,CrossEntropyLoss,LAC,0.010000000000000009,1.0,4.542307692307692,3.5653846153846156,,0.0,3.5653846153846156,0.0,0.023076923076923106
11,CrossEntropyLoss,LAC,0.020000000000000018,0.9884615384615385,4.065384615384615,3.1115384615384616,1.6666666666666667,2.0,4.649999999999999,0.019230769230769232,0.0461538461538461
11,CrossEntropyLoss,LAC,0.030000000000000027,0.9807692307692307,3.976923076923077,3.0346153846153845,1.6,2.0,4.573076923076922,0.03076923076923077,0.05769230769230771
11,CrossEntropyLoss,LAC,0.050000000000000044,0.9807692307692307,3.923076923076923,2.976923076923077,1.6,2.0,3.899999999999999,0.03076923076923077,0.05384615384615388
11,CrossEntropyLoss,LAC,0.07999999999999996,0.9692307692307692,3.453846153846154,2.5923076923076924,1.375,2.0,3.5538461538461545,0.04230769230769231,0.13461538461538458
11,CrossEntropyLoss,LAC,0.09999999999999998,0.9384615384615385,3.0307692307692307,2.223076923076923,1.3125,2.0,3.6076923076923078,0.08076923076923077,0.17692307692307696
11,CrossEntropyLoss,LAC,0.13,0.9153846153846154,2.7192307692307693,1.976923076923077,1.4545454545454546,3.0,3.6337278106508872,0.12307692307692308,0.24615384615384617
11,CrossEntropyLoss,LAC,0.15000000000000002,0.8884615384615384,2.5346153846153845,1.8,1.3448275862068966,3.0,3.441025641025641,0.15,0.25769230769230766
11,CrossEntropyLoss,LAC,0.18000000000000005,0.8576923076923076,2.35,1.623076923076923,1.3513513513513513,3.0,3.4179487179487174,0.19230769230769232,0.26538461538461533
11,CrossEntropyLoss,LAC,0.19999999999999996,0.823076923076923,2.1576923076923076,1.4307692307692308,1.3695652173913044,3.0,3.5846153846153848,0.2423076923076923,0.2615384615384615
12,CrossEntropyLoss,min-CPS,0.010000000000000009,0.9884615384615385,4.211538461538462,3.2115384615384617,1.6666666666666667,2.0,7.057692307692304,0.019230769230769232,0.0
12,CrossEntropyLoss,min-CPS,0.020000000000000018,0.9846153846153847,4.0,3.0,2.25,3.0,6.461538461538458,0.03461538461538462,0.0
12,CrossEntropyLoss,min-CPS,0.030000000000000027,0.9769230769230769,3.9692307692307693,2.9692307692307693,1.8333333333333333,3.0,5.789743589743588,0.04230769230769231,0.0
12,CrossEntropyLoss,min-CPS,0.050000000000000044,0.9461538461538461,3.4384615384615387,2.4384615384615387,1.4285714285714286,3.0,5.515384615384613,0.07692307692307693,0.0
12,CrossEntropyLoss,min-CPS,0.07999999999999996,0.9192307692307692,3.076923076923077,2.076923076923077,1.4285714285714286,3.0,4.9615384615384635,0.11538461538461539,0.0
12,CrossEntropyLoss,min-CPS,0.09999999999999998,0.8923076923076924,2.8384615384615386,1.8384615384615384,1.3571428571428572,3.0,4.7615384615384615,0.14615384615384616,0.0
12,CrossEntropyLoss,min-CPS,0.13,0.8692307692307693,2.6192307692307693,1.6192307692307693,1.3529411764705883,3.0,4.34112426035503,0.17692307692307693,0.0
12,CrossEntropyLoss,min-CPS,0.15000000000000002,0.8153846153846154,2.480769230769231,1.4807692307692308,1.3333333333333333,3.0,4.762820512820513,0.24615384615384617,0.0
12,CrossEntropyLoss,min-CPS,0.18000000000000005,0.7884615384615384,2.3384615384615386,1.3384615384615384,1.3636363636363635,3.0,4.5435897435897425,0.28846153846153844,0.0
12,CrossEntropyLoss,min-CPS,0.19999999999999996,0.7423076923076923,2.230769230769231,1.2307692307692308,1.3432835820895523,3.0,4.6923076923076925,0.34615384615384615,0.0
12,CrossEntropyLoss,RPS,0.010000000000000009,0.9961538461538462,4.507692307692308,3.5076923076923077,1.0,1.0,4.276923076923076,0.0038461538461538464,0.0
12,CrossEntropyLoss,RPS,0.020000000000000018,0.9846153846153847,4.211538461538462,3.2115384615384617,1.0,1.0,4.749999999999998,0.015384615384615385,0.0
12,CrossEntropyLoss,RPS,0.030000000000000027,0.9730769230769231,4.073076923076923,3.0730769230769233,1.0,1.0,4.8679487179487175,0.026923076923076925,0.0
12,CrossEntropyLoss,RPS,0.050000000000000044,0.95,3.773076923076923,2.773076923076923,1.0769230769230769,2.0,4.926923076923075,0.05384615384615385,0.0
12,CrossEntropyLoss,RPS,0.07999999999999996,0.9192307692307692,3.376923076923077,2.376923076923077,1.0952380952380953,2.0,4.58846153846154,0.08846153846153847,0.0
12,CrossEntropyLoss,RPS,0.09999999999999998,0.9,3.126923076923077,2.126923076923077,1.1153846153846154,2.0,4.357692307692307,0.11153846153846154,0.0
12,CrossEntropyLoss,RPS,0.13,0.8923076923076924,3.0730769230769233,2.0730769230769233,1.1428571428571428,2.0,3.966568047337278,0.12307692307692308,0.0
12,CrossEntropyLoss,RPS,0.15000000000000002,0.85,2.8653846153846154,1.8653846153846154,1.1794871794871795,2.0,4.2243589743589745,0.17692307692307693,0.0
12,CrossEntropyLoss,RPS,0.18000000000000005,0.8153846153846154,2.5384615384615383,1.5384615384615385,1.2291666666666667,3.0,4.05982905982906,0.22692307692307692,0.0
12,CrossEntropyLoss,RPS,0.19999999999999996,0.7846153846153846,2.3,1.3,1.3035714285714286,3.0,4.107692307692307,0.28076923076923077,0.0
12,CrossEntropyLoss,OCDF,0.010000000000000009,0.9961538461538462,4.938461538461539,3.9384615384615387,1.0,1.0,4.707692307692307,0.0038461538461538464,0.0
12,CrossEntropyLoss,OCDF,0.020000000000000018,0.9807692307692307,4.823076923076923,3.8230769230769233,1.0,1.0,5.746153846153844,0.019230769230769232,0.0
12,CrossEntropyLoss,OCDF,0.030000000000000027,0.9807692307692307,4.815384615384615,3.8153846153846156,1.0,1.0,5.097435897435896,0.019230769230769232,0.0
12,CrossEntropyLoss,OCDF,0.050000000000000044,0.9307692307692308,4.5576923076923075,3.5576923076923075,1.2222222222222223,2.0,6.942307692307691,0.08461538461538462,0.0
12,CrossEntropyLoss,OCDF,0.07999999999999996,0.9192307692307692,4.461538461538462,3.4615384615384617,1.3333333333333333,2.0,6.153846153846156,0.1076923076923077,0.0
12,CrossEntropyLoss,OCDF,0.09999999999999998,0.8846153846153846,4.303846153846154,3.3038461538461537,1.3333333333333333,2.0,6.380769230769231,0.15384615384615385,0.0
12,CrossEntropyLoss,OCDF,0.13,0.8653846153846154,4.165384615384616,3.1653846153846152,1.3428571428571427,2.0,5.946449704142012,0.18076923076923077,0.0
12,CrossEntropyLoss,OCDF,0.15000000000000002,0.8461538461538461,4.084615384615384,3.0846153846153848,1.375,2.0,5.905128205128205,0.21153846153846154,0.0
12,CrossEntropyLoss,OCDF,0.18000000000000005,0.8192307692307692,3.957692307692308,2.957692307692308,1.4042553191489362,3.0,5.778205128205127,0.25384615384615383,0.0
12,CrossEntropyLoss,OCDF,0.19999999999999996,0.7653846153846153,3.769230769230769,2.769230769230769,1.3770491803278688,3.0,6.0,0.3230769230769231,0.0
12,CrossEntropyLoss,APS,0.010000000000000009,0.9923076923076923,4.35,3.4,1.0,1.0,4.938461538461537,0.007692307692307693,0.050000000000000044
12,CrossEntropyLoss,APS,0.020000000000000018,0.9807692307692307,4.042307692307692,3.1,2.0,4.0,5.407692307692306,0.038461538461538464,0.05384615384615388
12,CrossEntropyLoss,APS,0.030000000000000027,0.9807692307692307,4.038461538461538,3.0961538461538463,2.0,4.0,4.634615384615384,0.038461538461538464,0.05384615384615388
12,CrossEntropyLoss,APS,0.050000000000000044,0.9346153846153846,3.496153846153846,2.65,1.6470588235294117,4.0,5.111538461538459,0.1076923076923077,0.1461538461538462
12,CrossEntropyLoss,APS,0.07999999999999996,0.9,3.0884615384615386,2.3230769230769233,1.9615384615384615,4.0,4.4384615384615405,0.19615384615384615,0.21153846153846156
12,CrossEntropyLoss,APS,0.09999999999999998,0.8576923076923076,2.8423076923076924,2.1346153846153846,1.8918918918918919,4.0,4.519230769230769,0.2692307692307692,0.2615384615384615
12,CrossEntropyLoss,APS,0.13,0.8346153846153846,2.626923076923077,1.9538461538461538,1.9534883720930232,4.0,4.2615384615384615,0.3230769230769231,0.28846153846153844
12,CrossEntropyLoss,APS,0.15000000000000002,0.8269230769230769,2.5653846153846156,1.896153846153846,2.0,4.0,3.9987179487179483,0.34615384615384615,0.28846153846153844
12,CrossEntropyLoss,APS,0.18000000000000005,0.7884615384615384,2.4115384615384614,1.773076923076923,1.9454545454545455,4.0,3.8670940170940162,0.4115384615384615,0.31153846153846154
12,CrossEntropyLoss,APS,0.19999999999999996,0.7692307692307693,2.296153846153846,1.6730769230769231,1.9,4.0,3.75,0.43846153846153846,0.32307692307692304
12,CrossEntropyLoss,LAC,0.010000000000000009,0.9884615384615385,4.142307692307693,3.173076923076923,1.6666666666666667,2.0,7.019230769230766,0.019230769230769232,0.03076923076923077
12,CrossEntropyLoss,LAC,0.020000000000000018,0.9807692307692307,3.976923076923077,3.0346153846153845,2.0,3.0,6.496153846153843,0.038461538461538464,0.05769230769230771
12,CrossEntropyLoss,LAC,0.030000000000000027,0.9730769230769231,3.9307692307692306,2.9923076923076923,1.8571428571428572,3.0,5.812820512820511,0.05,0.06153846153846154
12,CrossEntropyLoss,LAC,0.050000000000000044,0.9538461538461539,3.746153846153846,2.8346153846153848,1.5,3.0,4.988461538461537,0.06923076923076923,0.08846153846153848
12,CrossEntropyLoss,LAC,0.07999999999999996,0.9153846153846154,3.0384615384615383,2.1961538461538463,1.3636363636363635,3.0,4.792307692307694,0.11538461538461539,0.1576923076923077
12,CrossEntropyLoss,LAC,0.09999999999999998,0.8730769230769231,2.6192307692307693,1.8307692307692307,1.4242424242424243,3.0,4.984615384615385,0.18076923076923077,0.21153846153846156
12,CrossEntropyLoss,LAC,0.13,0.8538461538461538,2.4423076923076925,1.6846153846153846,1.368421052631579,3.0,4.406508875739645,0.2,0.24230769230769234
12,CrossEntropyLoss,LAC,0.15000000000000002,0.8346153846153846,2.373076923076923,1.6346153846153846,1.3255813953488371,3.0,4.096153846153846,0.21923076923076923,0.2615384615384615
12,CrossEntropyLoss,LAC,0.18000000000000005,0.8,2.1615384615384614,1.4076923076923078,1.3846153846153846,3.0,4.099999999999999,0.27692307692307694,0.24230769230769234
12,CrossEntropyLoss,LAC,0.19999999999999996,0.7730769230769231,2.042307692307692,1.3038461538461539,1.4067796610169492,3.0,4.188461538461539,0.3192307692307692,0.25769230769230766
13,CrossEntropyLoss,min-CPS,0.010000000000000009,0.9884615384615385,4.273076923076923,3.273076923076923,1.6666666666666667,2.0,7.119230769230766,0.019230769230769232,0.0
13,CrossEntropyLoss,min-CPS,0.020000000000000018,0.9846153846153847,4.069230769230769,3.0692307692307694,2.0,3.0,6.146153846153844,0.03076923076923077,0.0
13,CrossEntropyLoss,min-CPS,0.030000000000000027,0.9846153846153847,4.0576923076923075,3.0576923076923075,2.0,3.0,5.108974358974358,0.03076923076923077,0.0
13,CrossEntropyLoss,min-CPS,0.050000000000000044,0.9423076923076923,3.4461538461538463,2.4461538461538463,1.3333333333333333,3.0,5.52307692307692,0.07692307692307693,0.0
13,CrossEntropyLoss,min-CPS,0.07999999999999996,0.926923076923077,3.2653846153846153,2.2653846153846153,1.3157894736842106,3.0,4.669230769230771,0.09615384615384616,0.0
13,CrossEntropyLoss,min-CPS,0.09999999999999998,0.9076923076923077,2.85,1.85,1.375,3.0,4.388461538461539,0.12692307692307692,0.0
13,CrossEntropyLoss,min-CPS,0.13,0.8692307692307693,2.669230769230769,1.6692307692307693,1.3529411764705883,3.0,4.39112426035503,0.17692307692307693,0.0
13,CrossEntropyLoss,min-CPS,0.15000000000000002,0.8461538461538461,2.5730769230769233,1.573076923076923,1.35,3.0,4.342307692307692,0.2076923076923077,0.0
13,CrossEntropyLoss,min-CPS,0.18000000000000005,0.823076923076923,2.4653846153846155,1.4653846153846153,1.326086956521739,3.0,4.072222222222222,0.23461538461538461,0.0
13,CrossEntropyLoss,min-CPS,0.19999999999999996,0.8038461538461539,2.373076923076923,1.373076923076923,1.2941176470588236,3.0,3.9115384615384614,0.25384615384615383,0.0
13,CrossEntropyLoss,RPS,0.010000000000000009,0.9961538461538462,4.523076923076923,3.523076923076923,1.0,1.0,4.292307692307691,0.0038461538461538464,0.0
13,CrossEntropyLoss,RPS,0.020000000000000018,0.9769230769230769,4.165384615384616,3.1653846153846152,1.0,1.0,5.473076923076921,0.023076923076923078,0.0
13,CrossEntropyLoss,RPS,0.030000000000000027,0.9692307692307692,4.026923076923077,3.026923076923077,1.0,1.0,5.078205128205127,0.03076923076923077,0.0
13,CrossEntropyLoss,RPS,0.050000000000000044,0.9615384615384616,3.9384615384615387,2.9384615384615387,1.1,2.0,4.630769230769229,0.04230769230769231,0.0
13,CrossEntropyLoss,RPS,0.07999999999999996,0.9230769230769231,3.3807692307692307,2.3807692307692307,1.1,2.0,4.496153846153848,0.08461538461538462,0.0
13,CrossEntropyLoss,RPS,0.09999999999999998,0.9,3.1538461538461537,2.1538461538461537,1.1538461538461537,2.0,4.461538461538462,0.11538461538461539,0.0
13,CrossEntropyLoss,RPS,0.13,0.8730769230769231,2.996153846153846,1.9961538461538462,1.1818181818181819,2.0,4.303846153846154,0.15,0.0
13,CrossEntropyLoss,RPS,0.15000000000000002,0.85,2.853846153846154,1.853846153846154,1.205128205128205,2.0,4.264102564102563,0.18076923076923077,0.0
13,CrossEntropyLoss,RPS,0.18000000000000005,0.8038461538461539,2.519230769230769,1.5192307692307692,1.2549019607843137,3.0,4.254273504273503,0.24615384615384617,0.0
13,CrossEntropyLoss,RPS,0.19999999999999996,0.7615384615384615,2.2846153846153845,1.2846153846153847,1.2741935483870968,3.0,4.323076923076923,0.3038461538461538,0.0
13,CrossEntropyLoss,OCDF,0.010000000000000009,0.9923076923076923,4.938461538461539,3.9384615384615387,1.0,1.0,5.476923076923075,0.007692307692307693,0.0
13,CrossEntropyLoss,OCDF,0.020000000000000018,0.9769230769230769,4.823076923076923,3.8230769230769233,1.1666666666666667,2.0,6.515384615384613,0.026923076923076925,0.0
13,CrossEntropyLoss,OCDF,0.030000000000000027,0.9576923076923077,4.780769230769231,3.7807692307692307,1.0909090909090908,2.0,6.8576923076923055,0.046153846153846156,0.0
13,CrossEntropyLoss,OCDF,0.050000000000000044,0.926923076923077,4.573076923076923,3.5730769230769233,1.263157894736842,2.0,7.265384615384613,0.09230769230769231,0.0
13,CrossEntropyLoss,OCDF,0.07999999999999996,0.9038461538461539,4.426923076923077,3.4269230769230767,1.4,2.0,6.792307692307694,0.1346153846153846,0.0
13,CrossEntropyLoss,OCDF,0.09999999999999998,0.8730769230769231,4.3,3.3,1.3636363636363635,3.0,6.7615384615384615,0.17307692307692307,0.0
13,CrossEntropyLoss,OCDF,0.13,0.8538461538461538,4.157692307692308,3.1576923076923076,1.4473684210526316,3.0,6.412130177514793,0.21153846153846154,0.0
13,CrossEntropyLoss,OCDF,0.15000000000000002,0.8346153846153846,4.053846153846154,3.0538461538461537,1.4883720930232558,3.0,6.335897435897436,0.24615384615384617,0.0
13,CrossEntropyLoss,OCDF,0.18000000000000005,0.7884615384615384,3.826923076923077,2.826923076923077,1.490909090909091,3.0,6.331196581196581,0.3153846153846154,0.0
13,CrossEntropyLoss,OCDF,0.19999999999999996,0.7653846153846153,3.7115384615384617,2.7115384615384617,1.540983606557377,3.0,6.326923076923077,0.36153846153846153,0.0
13,CrossEntropyLoss,APS,0.010000000000000009,0.9846153846153847,4.1461538461538465,3.1923076923076925,1.5,2.0,7.807692307692304,0.023076923076923078,0.0461538461538461
13,CrossEntropyLoss,APS,0.020000000000000018,0.9730769230769231,3.9692307692307693,3.0384615384615383,1.2857142857142858,2.0,5.730769230769229,0.03461538461538462,0.0692307692307692
13,CrossEntropyLoss,APS,0.030000000000000027,0.9730769230769231,3.9038461538461537,2.9846153846153847,1.2857142857142858,2.0,4.7794871794871785,0.03461538461538462,0.08076923076923082
13,CrossEntropyLoss,APS,0.050000000000000044,0.9384615384615385,3.5153846153846153,2.6769230769230767,1.4375,4.0,4.676923076923075,0.08846153846153847,0.1576923076923077
13,CrossEntropyLoss,APS,0.07999999999999996,0.9115384615384615,3.1192307692307693,2.376923076923077,1.6956521739130435,4.0,4.492307692307694,0.15,0.2384615384615385
13,CrossEntropyLoss,APS,0.09999999999999998,0.8884615384615384,2.923076923076923,2.2346153846153847,1.5862068965517242,4.0,4.311538461538461,0.17692307692307693,0.29230769230769227
13,CrossEntropyLoss,APS,0.13,0.8461538461538461,2.65,1.976923076923077,1.725,4.0,4.107100591715977,0.2653846153846154,0.2846153846153846
13,CrossEntropyLoss,APS,0.15000000000000002,0.8384615384615385,2.5538461538461537,1.9230769230769231,1.7857142857142858,4.0,3.871794871794872,0.28846153846153844,0.3192307692307692
13,CrossEntropyLoss,APS,0.18000000000000005,0.8076923076923077,2.4,1.7807692307692307,1.74,4.0,3.661111111111111,0.3346153846153846,0.32692307692307687
13,CrossEntropyLoss,APS,0.19999999999999996,0.8076923076923077,2.330769230769231,1.7192307692307693,1.76,4.0,3.45,0.3384615384615385,0.33461538461538465
13,CrossEntropyLoss,LAC,0.010000000000000009,0.9884615384615385,4.211538461538462,3.25,1.6666666666666667,2.0,7.096153846153842,0.019230769230769232,0.038461538461538436
13,CrossEntropyLoss,LAC,0.020000000000000018,0.9846153846153847,4.111538461538461,3.1653846153846152,2.0,3.0,5.857692307692305,0.03076923076923077,0.05384615384615388
13,CrossEntropyLoss,LAC,0.030000000000000027,0.9653846153846154,3.9461538461538463,3.0115384615384615,1.5555555555555556,3.0,5.83205128205128,0.05384615384615385,0.06538461538461537
13,CrossEntropyLoss,LAC,0.050000000000000044,0.9346153846153846,3.4307692307692306,2.576923076923077,1.2941176470588236,3.0,5.6538461538461515,0.08461538461538462,0.14230769230769236
13,CrossEntropyLoss,LAC,0.07999999999999996,0.9115384615384615,3.023076923076923,2.1884615384615387,1.3478260869565217,3.0,4.784615384615386,0.11923076923076924,0.15384615384615385
13,CrossEntropyLoss,LAC,0.09999999999999998,0.8961538461538462,2.773076923076923,1.9807692307692308,1.3333333333333333,3.0,4.4423076923076925,0.13846153846153847,0.19999999999999996
13,CrossEntropyLoss,LAC,0.13,0.8769230769230769,2.6076923076923078,1.823076923076923,1.3125,3.0,3.9532544378698224,0.16153846153846155,0.21153846153846156
13,CrossEntropyLoss,LAC,0.15000000000000002,0.8461538461538461,2.3923076923076922,1.6576923076923078,1.325,3.0,3.9141025641025635,0.20384615384615384,0.25769230769230766
13,CrossEntropyLoss,LAC,0.18000000000000005,0.8076923076923077,2.207692307692308,1.4923076923076923,1.34,3.0,3.9709401709401706,0.25769230769230766,0.27692307692307694
13,CrossEntropyLoss,LAC,0.19999999999999996,0.8,2.169230769230769,1.4576923076923076,1.3461538461538463,3.0,3.8038461538461537,0.2692307692307692,0.28076923076923077
14,CrossEntropyLoss,min-CPS,0.010000000000000009,0.9961538461538462,4.553846153846154,3.5538461538461537,1.0,1.0,4.323076923076922,0.0038461538461538464,0.0
14,CrossEntropyLoss,min-CPS,0.020000000000000018,0.9769230769230769,4.0346153846153845,3.0346153846153845,1.3333333333333333,2.0,6.1115384615384585,0.03076923076923077,0.0
14,CrossEntropyLoss,min-CPS,0.030000000000000027,0.9653846153846154,3.8923076923076922,2.8923076923076922,1.2222222222222223,2.0,5.712820512820511,0.04230769230769231,0.0
14,CrossEntropyLoss,min-CPS,0.050000000000000044,0.9461538461538461,3.45,2.45,1.2142857142857142,2.0,5.065384615384613,0.06538461538461539,0.0
14,CrossEntropyLoss,min-CPS,0.07999999999999996,0.9230769230769231,3.230769230769231,2.230769230769231,1.25,2.0,4.634615384615387,0.09615384615384616,0.0
14,CrossEntropyLoss,min-CPS,0.09999999999999998,0.8923076923076924,2.826923076923077,1.8269230769230769,1.2857142857142858,3.0,4.596153846153846,0.13846153846153847,0.0
14,CrossEntropyLoss,min-CPS,0.13,0.8730769230769231,2.6576923076923076,1.6576923076923078,1.3333333333333333,3.0,4.261242603550296,0.16923076923076924,0.0
14,CrossEntropyLoss,min-CPS,0.15000000000000002,0.8692307692307693,2.6192307692307693,1.6192307692307693,1.3529411764705883,3.0,3.978205128205128,0.17692307692307693,0.0
14,CrossEntropyLoss,min-CPS,0.18000000000000005,0.8423076923076923,2.496153846153846,1.4961538461538462,1.3658536585365855,4.0,3.8893162393162384,0.2153846153846154,0.0
14,CrossEntropyLoss,min-CPS,0.19999999999999996,0.823076923076923,2.4115384615384614,1.4115384615384616,1.391304347826087,4.0,3.873076923076923,0.24615384615384617,0.0
14,CrossEntropyLoss,RPS,0.010000000000000009,0.9961538461538462,4.515384615384615,3.5153846153846153,1.0,1.0,4.284615384615384,0.0038461538461538464,0.0
14,CrossEntropyLoss,RPS,0.020000000000000018,0.9807692307692307,4.165384615384616,3.1653846153846152,1.2,2.0,5.473076923076921,0.023076923076923078,0.0
14,CrossEntropyLoss,RPS,0.030000000000000027,0.9730769230769231,4.0576923076923075,3.0576923076923075,1.1428571428571428,2.0,5.108974358974358,0.03076923076923077,0.0
14,CrossEntropyLoss,RPS,0.050000000000000044,0.9576923076923077,3.8653846153846154,2.8653846153846154,1.0909090909090908,2.0,4.71153846153846,0.046153846153846156,0.0
14,CrossEntropyLoss,RPS,0.07999999999999996,0.9230769230769231,3.3615384615384616,2.3615384615384616,1.15,2.0,4.573076923076925,0.08846153846153847,0.0
14,CrossEntropyLoss,RPS,0.09999999999999998,0.9038461538461539,3.1423076923076922,2.1423076923076922,1.24,3.0,4.526923076923077,0.11923076923076924,0.0
14,CrossEntropyLoss,RPS,0.13,0.8653846153846154,2.9423076923076925,1.9423076923076923,1.2,3.0,4.427514792899409,0.16153846153846155,0.0
14,CrossEntropyLoss,RPS,0.15000000000000002,0.8576923076923076,2.876923076923077,1.876923076923077,1.2162162162162162,3.0,4.184615384615385,0.17307692307692307,0.0
14,CrossEntropyLoss,RPS,0.18000000000000005,0.85,2.8192307692307694,1.8192307692307692,1.205128205128205,3.0,3.8277777777777775,0.18076923076923077,0.0
14,CrossEntropyLoss,RPS,0.19999999999999996,0.823076923076923,2.476923076923077,1.476923076923077,1.3043478260869565,3.0,3.7846153846153845,0.23076923076923078,0.0
14,CrossEntropyLoss,OCDF,0.010000000000000009,0.9923076923076923,4.95,3.95,1.0,1.0,5.488461538461537,0.007692307692307693,0.0
14,CrossEntropyLoss,OCDF,0.020000000000000018,0.9769230769230769,4.846153846153846,3.8461538461538463,1.0,1.0,6.153846153846152,0.023076923076923078,0.0
14,CrossEntropyLoss,OCDF,0.030000000000000027,0.9769230769230769,4.8307692307692305,3.830769230769231,1.0,1.0,5.369230769230768,0.023076923076923078,0.0
14,CrossEntropyLoss,OCDF,0.050000000000000044,0.926923076923077,4.6038461538461535,3.603846153846154,1.105263157894737,2.0,6.8346153846153825,0.08076923076923077,0.0
14,CrossEntropyLoss,OCDF,0.07999999999999996,0.9,4.453846153846154,3.453846153846154,1.3461538461538463,2.0,6.819230769230771,0.1346153846153846,0.0
14,CrossEntropyLoss,OCDF,0.09999999999999998,0.8884615384615384,4.392307692307693,3.3923076923076922,1.3448275862068966,2.0,6.392307692307693,0.15,0.0
14,CrossEntropyLoss,OCDF,0.13,0.8769230769230769,4.288461538461538,3.2884615384615383,1.34375,2.0,5.8328402366863905,0.16538461538461538,0.0
14,CrossEntropyLoss,OCDF,0.15000000000000002,0.8538461538461538,4.188461538461539,3.1884615384615387,1.3157894736842106,3.0,5.752564102564102,0.19230769230769232,0.0
14,CrossEntropyLoss,OCDF,0.18000000000000005,0.8307692307692308,4.061538461538461,3.0615384615384613,1.3409090909090908,3.0,5.582905982905983,0.22692307692307692,0.0
14,CrossEntropyLoss,OCDF,0.19999999999999996,0.7961538461538461,3.8923076923076922,2.8923076923076922,1.3962264150943395,3.0,5.7384615384615385,0.2846153846153846,0.0
14,CrossEntropyLoss,APS,0.010000000000000009,1.0,4.530769230769231,3.546153846153846,,0.0,3.546153846153846,0.0,0.01538461538461533
14,CrossEntropyLoss,APS,0.020000000000000018,0.9961538461538462,4.342307692307692,3.4038461538461537,1.0,1.0,3.788461538461538,0.0038461538461538464,0.05769230769230771
14,CrossEntropyLoss,APS,0.030000000000000027,0.9846153846153847,4.05,3.1076923076923078,2.0,4.0,3.8769230769230765,0.03076923076923077,0.05384615384615388
14,CrossEntropyLoss,APS,0.050000000000000044,0.9346153846153846,3.4384615384615387,2.5846153846153848,1.4705882352941178,4.0,4.5846153846153825,0.09615384615384616,0.1384615384615384
14,CrossEntropyLoss,APS,0.07999999999999996,0.9038461538461539,3.023076923076923,2.2846153846153845,1.6,4.0,4.303846153846155,0.15384615384615385,0.24230769230769234
14,CrossEntropyLoss,APS,0.09999999999999998,0.8807692307692307,2.8346153846153848,2.15,1.5483870967741935,4.0,4.15,0.18461538461538463,0.2961538461538461
14,CrossEntropyLoss,APS,0.13,0.8730769230769231,2.726923076923077,2.0730769230769233,1.5151515151515151,4.0,3.7298816568047335,0.19230769230769232,0.32692307692307687
14,CrossEntropyLoss,APS,0.15000000000000002,0.8576923076923076,2.5961538461538463,1.9423076923076923,1.6216216216216217,4.0,3.634615384615384,0.23076923076923078,0.3192307692307692
14,CrossEntropyLoss,APS,0.18000000000000005,0.8192307692307692,2.376923076923077,1.7576923076923077,1.6595744680851063,4.0,3.4670940170940168,0.3,0.3307692307692308
14,CrossEntropyLoss,APS,0.19999999999999996,0.8,2.2846153846153845,1.676923076923077,1.75,4.0,3.4461538461538463,0.35,0.32692307692307687
14,CrossEntropyLoss,LAC,0.010000000000000009,0.9961538461538462,4.5346153846153845,3.5730769230769233,1.0,1.0,4.342307692307691,0.0038461538461538464,0.038461538461538436
14,CrossEntropyLoss,LAC,0.020000000000000018,0.9923076923076923,4.115384615384615,3.146153846153846,2.0,2.0,4.684615384615383,0.015384615384615385,0.03076923076923077
14,CrossEntropyLoss,LAC,0.030000000000000027,0.9846153846153847,4.05,3.0884615384615386,1.5,2.0,4.626923076923076,0.023076923076923078,0.038461538461538436
14,CrossEntropyLoss,LAC,0.050000000000000044,0.95,3.7346153846153847,2.826923076923077,1.1538461538461537,2.0,4.673076923076922,0.057692307692307696,0.08846153846153848
14,CrossEntropyLoss,LAC,0.07999999999999996,0.9038461538461539,2.980769230769231,2.1538461538461537,1.24,2.0,4.846153846153848,0.11923076923076924,0.16538461538461535
14,CrossEntropyLoss,LAC,0.09999999999999998,0.8961538461538462,2.75,1.9692307692307693,1.2962962962962963,4.0,4.3538461538461535,0.1346153846153846,0.21153846153846156
14,CrossEntropyLoss,LAC,0.13,0.8692307692307693,2.546153846153846,1.7846153846153847,1.3235294117647058,4.0,4.092307692307692,0.17307692307692307,0.23461538461538467
14,CrossEntropyLoss,LAC,0.15000000000000002,0.8423076923076923,2.3692307692307693,1.6423076923076922,1.3170731707317074,4.0,4.001282051282051,0.2076923076923077,0.26538461538461533
14,CrossEntropyLoss,LAC,0.18000000000000005,0.8346153846153846,2.292307692307692,1.573076923076923,1.3255813953488371,4.0,3.7098290598290595,0.21923076923076923,0.2730769230769231
14,CrossEntropyLoss,LAC,0.19999999999999996,0.823076923076923,2.173076923076923,1.426923076923077,1.4130434782608696,4.0,3.6576923076923076,0.25,0.25
15,CrossEntropyLoss,min-CPS,0.010000000000000009,0.9923076923076923,4.411538461538462,3.4115384615384614,1.0,1.0,4.949999999999998,0.007692307692307693,0.0
15,CrossEntropyLoss,min-CPS,0.020000000000000018,0.9769230769230769,3.957692307692308,2.957692307692308,1.5,2.0,6.419230769230766,0.03461538461538462,0.0
15,CrossEntropyLoss,min-CPS,0.030000000000000027,0.9769230769230769,3.9384615384615387,2.9384615384615387,1.5,2.0,5.246153846153844,0.03461538461538462,0.0
15,CrossEntropyLoss,min-CPS,0.050000000000000044,0.9576923076923077,3.5153846153846153,2.5153846153846153,1.3636363636363635,2.0,4.823076923076921,0.057692307692307696,0.0
15,CrossEntropyLoss,min-CPS,0.07999999999999996,0.9230769230769231,3.2153846153846155,2.2153846153846155,1.3,2.0,4.715384615384617,0.1,0.0
15,CrossEntropyLoss,min-CPS,0.09999999999999998,0.9153846153846154,2.9153846153846152,1.9153846153846155,1.3636363636363635,2.0,4.223076923076923,0.11538461538461539,0.0
15,CrossEntropyLoss,min-CPS,0.13,0.8807692307692307,2.6846153846153844,1.6846153846153846,1.3548387096774193,3.0,4.169822485207101,0.16153846153846155,0.0
15,CrossEntropyLoss,min-CPS,0.15000000000000002,0.8692307692307693,2.6192307692307693,1.6192307692307693,1.3235294117647058,3.0,3.9269230769230767,0.17307692307692307,0.0
15,CrossEntropyLoss,min-CPS,0.18000000000000005,0.8730769230769231,2.5692307692307694,1.5692307692307692,1.4242424242424243,4.0,3.5777777777777775,0.18076923076923077,0.0
15,CrossEntropyLoss,min-CPS,0.19999999999999996,0.8269230769230769,2.423076923076923,1.4230769230769231,1.3333333333333333,4.0,3.730769230769231,0.23076923076923078,0.0
15,CrossEntropyLoss,RPS,0.010000000000000009,0.9961538461538462,4.503846153846154,3.503846153846154,1.0,1.0,4.273076923076922,0.0038461538461538464,0.0
15,CrossEntropyLoss,RPS,0.020000000000000018,0.9884615384615385,4.223076923076923,3.223076923076923,1.3333333333333333,2.0,4.76153846153846,0.015384615384615385,0.0
15,CrossEntropyLoss,RPS,0.030000000000000027,0.9846153846153847,4.119230769230769,3.1192307692307693,1.25,2.0,4.40128205128205,0.019230769230769232,0.0
15,CrossEntropyLoss,RPS,0.050000000000000044,0.9538461538461539,3.873076923076923,2.873076923076923,1.0833333333333333,2.0,4.873076923076922,0.05,0.0
15,CrossEntropyLoss,RPS,0.07999999999999996,0.9038461538461539,3.207692307692308,2.207692307692308,1.16,3.0,4.996153846153848,0.11153846153846154,0.0
15,CrossEntropyLoss,RPS,0.09999999999999998,0.8884615384615384,3.0961538461538463,2.0961538461538463,1.1379310344827587,3.0,4.634615384615385,0.12692307692307692,0.0
15,CrossEntropyLoss,RPS,0.13,0.8692307692307693,2.9615384615384617,1.9615384615384615,1.1470588235294117,3.0,4.269230769230769,0.15,0.0
15,CrossEntropyLoss,RPS,0.15000000000000002,0.8615384615384616,2.85,1.85,1.25,3.0,4.157692307692307,0.17307692307692307,0.0
15,CrossEntropyLoss,RPS,0.18000000000000005,0.8538461538461538,2.796153846153846,1.7961538461538462,1.236842105263158,3.0,3.8047008547008545,0.18076923076923077,0.0
15,CrossEntropyLoss,RPS,0.19999999999999996,0.8076923076923077,2.373076923076923,1.373076923076923,1.32,3.0,3.9115384615384614,0.25384615384615383,0.0
15,CrossEntropyLoss,OCDF,0.010000000000000009,0.9961538461538462,4.930769230769231,3.9307692307692306,1.0,1.0,4.699999999999999,0.0038461538461538464,0.0
15,CrossEntropyLoss,OCDF,0.020000000000000018,0.9923076923076923,4.876923076923077,3.876923076923077,1.0,1.0,4.646153846153846,0.007692307692307693,0.0
15,CrossEntropyLoss,OCDF,0.030000000000000027,0.9538461538461539,4.7384615384615385,3.7384615384615385,1.1666666666666667,2.0,7.328205128205126,0.05384615384615385,0.0
15,CrossEntropyLoss,OCDF,0.050000000000000044,0.926923076923077,4.561538461538461,3.5615384615384613,1.263157894736842,2.0,7.253846153846151,0.09230769230769231,0.0
15,CrossEntropyLoss,OCDF,0.07999999999999996,0.8692307692307693,4.315384615384615,3.3153846153846156,1.3529411764705883,3.0,7.738461538461541,0.17692307692307693,0.0
15,CrossEntropyLoss,OCDF,0.09999999999999998,0.8384615384615385,4.1461538461538465,3.146153846153846,1.380952380952381,3.0,7.607692307692307,0.2230769230769231,0.0
15,CrossEntropyLoss,OCDF,0.13,0.8153846153846154,4.069230769230769,3.0692307692307694,1.375,3.0,6.974556213017751,0.25384615384615383,0.0
15,CrossEntropyLoss,OCDF,0.15000000000000002,0.8038461538461539,3.996153846153846,2.996153846153846,1.3725490196078431,3.0,6.585897435897436,0.2692307692307692,0.0
15,CrossEntropyLoss,OCDF,0.18000000000000005,0.7884615384615384,3.876923076923077,2.876923076923077,1.4181818181818182,3.0,6.2102564102564095,0.3,0.0
15,CrossEntropyLoss,OCDF,0.19999999999999996,0.7653846153846153,3.773076923076923,2.773076923076923,1.4262295081967213,3.0,6.119230769230769,0.3346153846153846,0.0
15,CrossEntropyLoss,APS,0.010000000000000009,0.9961538461538462,4.392307692307693,3.4307692307692306,1.0,1.0,4.199999999999999,0.0038461538461538464,0.038461538461538436
15,CrossEntropyLoss,APS,0.020000000000000018,0.9923076923076923,4.1038461538461535,3.1576923076923076,1.5,2.0,4.3115384615384595,0.011538461538461539,0.05384615384615388
15,CrossEntropyLoss,APS,0.030000000000000027,0.9846153846153847,4.030769230769231,3.0961538461538463,2.25,4.0,4.121794871794871,0.03461538461538462,0.06153846153846154
15,CrossEntropyLoss,APS,0.050000000000000044,0.9576923076923077,3.65,2.7615384615384615,1.5454545454545454,4.0,4.6076923076923055,0.06538461538461539,0.10769230769230764
15,CrossEntropyLoss,APS,0.07999999999999996,0.9384615384615385,3.2884615384615383,2.4653846153846155,1.375,4.0,3.907692307692309,0.08461538461538462,0.17307692307692313
15,CrossEntropyLoss,APS,0.09999999999999998,0.9,2.95,2.1923076923076925,1.5769230769230769,4.0,4.038461538461538,0.1576923076923077,0.23076923076923073
15,CrossEntropyLoss,APS,0.13,0.8730769230769231,2.773076923076923,2.046153846153846,1.5454545454545454,4.0,3.998816568047337,0.19615384615384615,0.25769230769230766
15,CrossEntropyLoss,APS,0.15000000000000002,0.8346153846153846,2.5692307692307694,1.9192307692307693,1.7209302325581395,4.0,3.867948717948718,0.2846153846153846,0.3076923076923077
15,CrossEntropyLoss,APS,0.18000000000000005,0.8192307692307692,2.373076923076923,1.7346153846153847,1.872340425531915,4.0,3.529487179487179,0.3384615384615385,0.3076923076923077
15,CrossEntropyLoss,APS,0.19999999999999996,0.8,2.2615384615384615,1.65,1.9615384615384615,4.0,3.5346153846153845,0.3923076923076923,0.32692307692307687
15,CrossEntropyLoss,LAC,0.010000000000000009,0.9923076923076923,4.369230769230769,3.396153846153846,1.5,2.0,5.703846153846152,0.011538461538461539,0.02692307692307694
15,CrossEntropyLoss,LAC,0.020000000000000018,0.9807692307692307,3.976923076923077,3.026923076923077,1.6,2.0,6.103846153846151,0.03076923076923077,0.050000000000000044
15,CrossEntropyLoss,LAC,0.030000000000000027,0.9807692307692307,3.9384615384615387,2.9923076923076923,1.6,2.0,5.0435897435897425,0.03076923076923077,0.05384615384615388
15,CrossEntropyLoss,LAC,0.050000000000000044,0.9615384615384616,3.7576923076923077,2.830769230769231,1.3,2.0,4.369230769230768,0.05,0.07307692307692304
15,CrossEntropyLoss,LAC,0.07999999999999996,0.9423076923076923,3.3230769230769233,2.4615384615384617,1.2666666666666666,2.0,4.192307692307694,0.07307692307692308,0.1384615384615384
15,CrossEntropyLoss,LAC,0.09999999999999998,0.9076923076923077,2.8346153846153848,2.0307692307692307,1.375,2.0,4.338461538461538,0.12692307692307692,0.18846153846153846
15,CrossEntropyLoss,LAC,0.13,0.8846153846153846,2.623076923076923,1.8692307692307693,1.4,4.0,3.940236686390532,0.16153846153846155,0.2384615384615385
15,CrossEntropyLoss,LAC,0.15000000000000002,0.8307692307692308,2.3461538461538463,1.5961538461538463,1.3636363636363635,4.0,4.211538461538462,0.23076923076923078,0.24230769230769234
15,CrossEntropyLoss,LAC,0.18000000000000005,0.8269230769230769,2.253846153846154,1.5269230769230768,1.3555555555555556,4.0,3.7918803418803413,0.23461538461538461,0.26538461538461533
15,CrossEntropyLoss,LAC,0.19999999999999996,0.7961538461538461,2.1,1.35,1.471698113207547,4.0,4.042307692307692,0.3,0.24615384615384617
16,CrossEntropyLoss,min-CPS,0.010000000000000009,0.9961538461538462,4.461538461538462,3.4615384615384617,1.0,1.0,4.23076923076923,0.0038461538461538464,0.0
16,CrossEntropyLoss,min-CPS,0.020000000000000018,0.9807692307692307,3.9384615384615387,2.9384615384615387,1.6,2.0,6.015384615384613,0.03076923076923077,0.0
16,CrossEntropyLoss,min-CPS,0.030000000000000027,0.9692307692307692,3.8230769230769233,2.8230769230769233,1.5,3.0,5.899999999999998,0.046153846153846156,0.0
16,CrossEntropyLoss,min-CPS,0.050000000000000044,0.9384615384615385,3.3576923076923078,2.3576923076923078,1.375,3.0,5.74230769230769,0.08461538461538462,0.0
16,CrossEntropyLoss,min-CPS,0.07999999999999996,0.9038461538461539,2.9461538461538463,1.9461538461538461,1.44,3.0,5.40769230769231,0.13846153846153847,0.0
16,CrossEntropyLoss,min-CPS,0.09999999999999998,0.8884615384615384,2.7846153846153845,1.7846153846153847,1.4482758620689655,3.0,5.015384615384615,0.16153846153846155,0.0
16,CrossEntropyLoss,min-CPS,0.13,0.8576923076923076,2.626923076923077,1.626923076923077,1.4594594594594594,3.0,4.822189349112426,0.2076923076923077,0.0
16,CrossEntropyLoss,min-CPS,0.15000000000000002,0.8461538461538461,2.576923076923077,1.5769230769230769,1.45,4.0,4.551282051282051,0.2230769230769231,0.0
16,CrossEntropyLoss,min-CPS,0.18000000000000005,0.7961538461538461,2.4,1.4,1.3773584905660377,4.0,4.51965811965812,0.28076923076923077,0.0
16,CrossEntropyLoss,min-CPS,0.19999999999999996,0.7807692307692308,2.3423076923076924,1.3423076923076922,1.3508771929824561,4.0,4.303846153846154,0.29615384615384616,0.0
16,CrossEntropyLoss,RPS,0.010000000000000009,0.9923076923076923,4.3307692307692305,3.330769230769231,1.0,1.0,4.869230769230768,0.007692307692307693,0.0
16,CrossEntropyLoss,RPS,0.020000000000000018,0.9653846153846154,4.0346153846153845,3.0346153846153845,1.1111111111111112,2.0,6.880769230769228,0.038461538461538464,0.0
16,CrossEntropyLoss,RPS,0.030000000000000027,0.9576923076923077,3.9038461538461537,2.9038461538461537,1.1818181818181819,2.0,6.237179487179485,0.05,0.0
16,CrossEntropyLoss,RPS,0.050000000000000044,0.9423076923076923,3.7615384615384615,2.7615384615384615,1.1333333333333333,2.0,5.376923076923075,0.06538461538461539,0.0
16,CrossEntropyLoss,RPS,0.07999999999999996,0.9153846153846154,3.35,2.35,1.1363636363636365,2.0,4.753846153846156,0.09615384615384616,0.0
16,CrossEntropyLoss,RPS,0.09999999999999998,0.9,3.1076923076923078,2.1076923076923078,1.2307692307692308,3.0,4.569230769230769,0.12307692307692308,0.0
16,CrossEntropyLoss,RPS,0.13,0.8653846153846154,2.9,1.9,1.2571428571428571,3.0,4.5035502958579885,0.16923076923076924,0.0
16,CrossEntropyLoss,RPS,0.15000000000000002,0.85,2.8153846153846156,1.8153846153846154,1.2820512820512822,3.0,4.379487179487179,0.19230769230769232,0.0
16,CrossEntropyLoss,RPS,0.18000000000000005,0.8115384615384615,2.4846153846153847,1.4846153846153847,1.2857142857142858,3.0,4.176923076923076,0.2423076923076923,0.0
16,CrossEntropyLoss,RPS,0.19999999999999996,0.7923076923076923,2.3423076923076924,1.3423076923076922,1.3333333333333333,3.0,4.111538461538461,0.27692307692307694,0.0
16,CrossEntropyLoss,OCDF,0.010000000000000009,1.0,4.976923076923077,3.976923076923077,,0.0,3.976923076923077,0.0,0.0
16,CrossEntropyLoss,OCDF,0.020000000000000018,0.9961538461538462,4.938461538461539,3.9384615384615387,1.0,1.0,4.323076923076923,0.0038461538461538464,0.0
16,CrossEntropyLoss,OCDF,0.030000000000000027,0.9769230769230769,4.815384615384615,3.8153846153846156,1.0,1.0,5.353846153846152,0.023076923076923078,0.0
16,CrossEntropyLoss,OCDF,0.050000000000000044,0.9384615384615385,4.638461538461539,3.6384615384615384,1.1875,2.0,6.5615384615384595,0.07307692307692308,0.0
16,CrossEntropyLoss,OCDF,0.07999999999999996,0.9230769230769231,4.565384615384615,3.5653846153846156,1.25,2.0,5.969230769230771,0.09615384615384616,0.0
16,CrossEntropyLoss,OCDF,0.09999999999999998,0.8923076923076924,4.434615384615385,3.4346153846153844,1.3928571428571428,2.0,6.434615384615385,0.15,0.0
16,CrossEntropyLoss,OCDF,0.13,0.8730769230769231,4.323076923076923,3.3230769230769233,1.3636363636363635,2.0,5.985798816568048,0.17307692307692307,0.0
16,CrossEntropyLoss,OCDF,0.15000000000000002,0.8384615384615385,4.184615384615385,3.1846153846153844,1.3571428571428572,3.0,6.107692307692307,0.21923076923076923,0.0
16,CrossEntropyLoss,OCDF,0.18000000000000005,0.8,4.003846153846154,3.003846153846154,1.3846153846153846,3.0,6.08076923076923,0.27692307692307694,0.0
16,CrossEntropyLoss,OCDF,0.19999999999999996,0.7846153846153846,3.9115384615384614,2.9115384615384614,1.375,3.0,5.873076923076923,0.29615384615384616,0.0
16,CrossEntropyLoss,APS,0.010000000000000009,0.9923076923076923,4.334615384615384,3.3692307692307693,1.0,1.0,4.907692307692306,0.007692307692307693,0.0346153846153846
16,CrossEntropyLoss,APS,0.020000000000000018,0.9884615384615385,4.053846153846154,3.1,1.3333333333333333,2.0,4.638461538461537,0.015384615384615385,0.0461538461538461
16,CrossEntropyLoss,APS,0.030000000000000027,0.9884615384615385,3.9615384615384617,3.026923076923077,1.3333333333333333,2.0,4.052564102564102,0.015384615384615385,0.06538461538461537
16,CrossEntropyLoss,APS,0.050000000000000044,0.9576923076923077,3.6384615384615384,2.746153846153846,1.4545454545454546,3.0,4.899999999999999,0.06153846153846154,0.10769230769230764
16,CrossEntropyLoss,APS,0.07999999999999996,0.926923076923077,3.353846153846154,2.4846153846153847,1.4736842105263157,4.0,4.503846153846156,0.1076923076923077,0.12692307692307692
16,CrossEntropyLoss,APS,0.09999999999999998,0.9076923076923077,3.0538461538461537,2.230769230769231,1.625,4.0,4.461538461538462,0.15,0.16923076923076918
16,CrossEntropyLoss,APS,0.13,0.8730769230769231,2.8115384615384613,2.0692307692307694,1.9393939393939394,4.0,4.02189349112426,0.24615384615384617,0.23076923076923073
16,CrossEntropyLoss,APS,0.15000000000000002,0.8384615384615385,2.6538461538461537,1.9615384615384615,1.9761904761904763,4.0,3.8589743589743586,0.3192307692307692,0.26538461538461533
16,CrossEntropyLoss,APS,0.18000000000000005,0.8038461538461539,2.419230769230769,1.7846153846153847,2.019607843137255,4.0,3.878632478632478,0.39615384615384613,0.3076923076923077
16,CrossEntropyLoss,APS,0.19999999999999996,0.7769230769230769,2.296153846153846,1.6653846153846155,2.103448275862069,4.0,3.8192307692307694,0.46923076923076923,0.30000000000000004
16,CrossEntropyLoss,LAC,0.010000000000000009,0.9961538461538462,4.4423076923076925,3.4692307692307693,1.0,1.0,4.238461538461538,0.0038461538461538464,0.02692307692307694
16,CrossEntropyLoss,LAC,0.020000000000000018,0.9807692307692307,3.9423076923076925,2.9884615384615385,1.8,3.0,6.449999999999997,0.03461538461538462,0.0461538461538461
16,CrossEntropyLoss,LAC,0.030000000000000027,0.9653846153846154,3.8346153846153848,2.8807692307692307,1.5555555555555556,3.0,6.214102564102562,0.05384615384615385,0.0461538461538461
16,CrossEntropyLoss,LAC,0.050000000000000044,0.9461538461538461,3.4461538461538463,2.5538461538461537,1.3571428571428572,3.0,5.169230769230768,0.07307692307692308,0.10769230769230764
16,CrossEntropyLoss,LAC,0.07999999999999996,0.9153846153846154,3.0538461538461537,2.1923076923076925,1.4090909090909092,3.0,4.980769230769233,0.11923076923076924,0.13076923076923075
16,CrossEntropyLoss,LAC,0.09999999999999998,0.9,2.792307692307692,1.9730769230769232,1.5,4.0,4.742307692307692,0.15,0.17692307692307696
16,CrossEntropyLoss,LAC,0.13,0.8846153846153846,2.6115384615384616,1.8153846153846154,1.5,4.0,4.182248520710059,0.17307692307692307,0.19999999999999996
16,CrossEntropyLoss,LAC,0.15000000000000002,0.8576923076923076,2.4,1.6346153846153846,1.4864864864864864,4.0,4.198717948717948,0.21153846153846154,0.23076923076923073
16,CrossEntropyLoss,LAC,0.18000000000000005,0.8115384615384615,2.2153846153846155,1.4653846153846153,1.469387755102041,4.0,4.328632478632478,0.27692307692307694,0.25
16,CrossEntropyLoss,LAC,0.19999999999999996,0.7769230769230769,2.0923076923076924,1.3576923076923078,1.4827586206896552,4.0,4.473076923076923,0.33076923076923076,0.26538461538461533
17,CrossEntropyLoss,min-CPS,0.010000000000000009,0.9884615384615385,4.3076923076923075,3.3076923076923075,1.6666666666666667,2.0,7.153846153846151,0.019230769230769232,0.0
17,CrossEntropyLoss,min-CPS,0.020000000000000018,0.9846153846153847,4.0807692307692305,3.080769230769231,2.0,3.0,6.1576923076923045,0.03076923076923077,0.0
17,CrossEntropyLoss,min-CPS,0.030000000000000027,0.9769230769230769,4.038461538461538,3.0384615384615383,1.6666666666666667,3.0,5.6025641025641,0.038461538461538464,0.0
17,CrossEntropyLoss,min-CPS,0.050000000000000044,0.95,3.526923076923077,2.526923076923077,1.3846153846153846,3.0,5.296153846153844,0.06923076923076923,0.0
17,CrossEntropyLoss,min-CPS,0.07999999999999996,0.9346153846153846,3.3,2.3,1.411764705882353,3.0,4.607692307692309,0.09230769230769231,0.0
17,CrossEntropyLoss,min-CPS,0.09999999999999998,0.9115384615384615,2.9269230769230767,1.926923076923077,1.3478260869565217,3.0,4.311538461538461,0.11923076923076924,0.0
17,CrossEntropyLoss,min-CPS,0.13,0.8961538461538462,2.7807692307692307,1.7807692307692307,1.4074074074074074,3.0,4.029289940828402,0.14615384615384616,0.0
17,CrossEntropyLoss,min-CPS,0.15000000000000002,0.8769230769230769,2.669230769230769,1.6692307692307693,1.375,3.0,3.925641025641025,0.16923076923076924,0.0
17,CrossEntropyLoss,min-CPS,0.18000000000000005,0.8423076923076923,2.5615384615384613,1.5615384615384615,1.3170731707317074,3.0,3.869230769230769,0.2076923076923077,0.0
17,CrossEntropyLoss,min-CPS,0.19999999999999996,0.8038461538461539,2.3884615384615384,1.3884615384615384,1.3529411764705883,3.0,4.042307692307692,0.2653846153846154,0.0
17,CrossEntropyLoss,RPS,0.010000000000000009,0.9961538461538462,4.526923076923077,3.526923076923077,1.0,1.0,4.296153846153845,0.0038461538461538464,0.0
17,CrossEntropyLoss,RPS,0.020000000000000018,0.9807692307692307,4.203846153846154,3.203846153846154,1.0,1.0,5.126923076923076,0.019230769230769232,0.0
17,CrossEntropyLoss,RPS,0.030000000000000027,0.9807692307692307,4.142307692307693,3.1423076923076922,1.0,1.0,4.424358974358973,0.019230769230769232,0.0
17,CrossEntropyLoss,RPS,0.050000000000000044,0.9653846153846154,3.9461538461538463,2.9461538461538463,1.1111111111111112,2.0,4.484615384615383,0.038461538461538464,0.0
17,CrossEntropyLoss,RPS,0.07999999999999996,0.9230769230769231,3.4076923076923076,2.4076923076923076,1.15,2.0,4.619230769230771,0.08846153846153847,0.0
17,CrossEntropyLoss,RPS,0.09999999999999998,0.8923076923076924,3.1384615384615384,2.1384615384615384,1.1428571428571428,2.0,4.6,0.12307692307692308,0.0
17,CrossEntropyLoss,RPS,0.13,0.8692307692307693,3.0076923076923077,2.0076923076923077,1.1470588235294117,2.0,4.315384615384615,0.15,0.0
17,CrossEntropyLoss,RPS,0.15000000000000002,0.8384615384615385,2.8846153846153846,1.8846153846153846,1.1428571428571428,2.0,4.346153846153846,0.18461538461538463,0.0
17,CrossEntropyLoss,RPS,0.18000000000000005,0.823076923076923,2.6846153846153844,1.6846153846153846,1.173913043478261,2.0,3.9923076923076914,0.2076923076923077,0.0
17,CrossEntropyLoss,RPS,0.19999999999999996,0.7961538461538461,2.3923076923076922,1.3923076923076922,1.3018867924528301,3.0,4.046153846153846,0.2653846153846154,0.0
17,CrossEntropyLoss,OCDF,0.010000000000000009,0.9769230769230769,4.873076923076923,3.873076923076923,1.0,1.0,8.488461538461536,0.023076923076923078,0.0
17,CrossEntropyLoss,OCDF,0.020000000000000018,0.9730769230769231,4.826923076923077,3.826923076923077,1.1428571428571428,2.0,6.9038461538461515,0.03076923076923077,0.0
17,CrossEntropyLoss,OCDF,0.030000000000000027,0.9730769230769231,4.815384615384615,3.8153846153846156,1.1428571428571428,2.0,5.866666666666665,0.03076923076923077,0.0
17,CrossEntropyLoss,OCDF,0.050000000000000044,0.9115384615384615,4.592307692307692,3.5923076923076924,1.1304347826086956,2.0,7.592307692307689,0.1,0.0
17,CrossEntropyLoss,OCDF,0.07999999999999996,0.8730769230769231,4.384615384615385,3.3846153846153846,1.3636363636363635,3.0,7.711538461538465,0.17307692307692307,0.0
17,CrossEntropyLoss,OCDF,0.09999999999999998,0.85,4.2384615384615385,3.2384615384615385,1.3846153846153846,3.0,7.392307692307693,0.2076923076923077,0.0
17,CrossEntropyLoss,OCDF,0.13,0.823076923076923,4.123076923076923,3.123076923076923,1.391304347826087,3.0,6.910059171597633,0.24615384615384617,0.0
17,CrossEntropyLoss,OCDF,0.15000000000000002,0.7846153846153846,3.9384615384615387,2.9384615384615387,1.3928571428571428,3.0,6.938461538461538,0.3,0.0
17,CrossEntropyLoss,OCDF,0.18000000000000005,0.7653846153846153,3.8230769230769233,2.8230769230769233,1.3934426229508197,3.0,6.455555555555555,0.3269230769230769,0.0
17,CrossEntropyLoss,OCDF,0.19999999999999996,0.7576923076923077,3.753846153846154,2.753846153846154,1.4285714285714286,3.0,6.2153846153846155,0.34615384615384615,0.0
17,CrossEntropyLoss,APS,0.010000000000000009,0.9884615384615385,4.446153846153846,3.473076923076923,1.0,1.0,5.780769230769229,0.011538461538461539,0.02692307692307694
17,CrossEntropyLoss,APS,0.020000000000000018,0.9807692307692307,4.069230769230769,3.1153846153846154,1.4,2.0,5.807692307692305,0.026923076923076925,0.0461538461538461
17,CrossEntropyLoss,APS,0.030000000000000027,0.9730769230769231,3.95,3.023076923076923,1.2857142857142858,2.0,4.817948717948717,0.03461538461538462,0.07307692307692304
17,CrossEntropyLoss,APS,0.050000000000000044,0.9615384615384616,3.746153846153846,2.830769230769231,1.4,3.0,4.676923076923075,0.05384615384615385,0.08461538461538465
17,CrossEntropyLoss,APS,0.07999999999999996,0.926923076923077,3.2346153846153847,2.45,1.4210526315789473,4.0,4.276923076923078,0.10384615384615385,0.21153846153846156
17,CrossEntropyLoss,APS,0.09999999999999998,0.9038461538461539,2.996153846153846,2.273076923076923,1.36,4.0,4.196153846153846,0.13076923076923078,0.2692307692307693
17,CrossEntropyLoss,APS,0.13,0.8923076923076924,2.8384615384615386,2.1076923076923078,1.3928571428571428,4.0,3.9420118343195267,0.15,0.2615384615384615
17,CrossEntropyLoss,APS,0.15000000000000002,0.8807692307692307,2.7615384615384615,2.05,1.4838709677419355,4.0,3.7423076923076923,0.17692307692307693,0.27692307692307694
17,CrossEntropyLoss,APS,0.18000000000000005,0.8692307692307693,2.669230769230769,1.9961538461538462,1.4705882352941178,4.0,3.5346153846153836,0.19230769230769232,0.31153846153846154
17,CrossEntropyLoss,APS,0.19999999999999996,0.85,2.4846153846153847,1.8192307692307692,1.5128205128205128,4.0,3.3576923076923078,0.22692307692307692,0.3153846153846154
17,CrossEntropyLoss,LAC,0.010000000000000009,0.9884615384615385,4.2153846153846155,3.253846153846154,1.6666666666666667,2.0,7.099999999999996,0.019230769230769232,0.038461538461538436
17,CrossEntropyLoss,LAC,0.020000000000000018,0.9884615384615385,4.130769230769231,3.169230769230769,2.3333333333333335,3.0,5.8615384615384585,0.026923076923076925,0.038461538461538436
17,CrossEntropyLoss,LAC,0.030000000000000027,0.9730769230769231,4.023076923076923,3.080769230769231,1.7142857142857142,3.0,5.901282051282049,0.046153846153846156,0.05769230769230771
17,CrossEntropyLoss,LAC,0.050000000000000044,0.9538461538461539,3.7846153846153845,2.873076923076923,1.4166666666666667,3.0,4.873076923076922,0.06538461538461539,0.08846153846153848
17,CrossEntropyLoss,LAC,0.07999999999999996,0.9423076923076923,3.353846153846154,2.5,1.3333333333333333,3.0,4.230769230769233,0.07692307692307693,0.1461538461538462
17,CrossEntropyLoss,LAC,0.09999999999999998,0.9192307692307692,2.9653846153846155,2.123076923076923,1.380952380952381,3.0,4.123076923076923,0.11153846153846154,0.15384615384615385
17,CrossEntropyLoss,LAC,0.13,0.8807692307692307,2.6307692307692307,1.8576923076923078,1.3548387096774193,3.0,3.987869822485207,0.16153846153846155,0.2269230769230769
17,CrossEntropyLoss,LAC,0.15000000000000002,0.8692307692307693,2.496153846153846,1.75,1.3529411764705883,3.0,3.75,0.17692307692307693,0.25
17,CrossEntropyLoss,LAC,0.18000000000000005,0.8576923076923076,2.4384615384615387,1.7,1.3513513513513513,3.0,3.4948717948717944,0.19230769230769232,0.25769230769230766
17,CrossEntropyLoss,LAC,0.19999999999999996,0.8423076923076923,2.3153846153846156,1.6,1.3658536585365855,3.0,3.4846153846153847,0.2153846153846154,0.27692307692307694
18,CrossEntropyLoss,min-CPS,0.010000000000000009,0.9923076923076923,4.453846153846154,3.453846153846154,1.0,1.0,4.992307692307691,0.007692307692307693,0.0
18,CrossEntropyLoss,min-CPS,0.020000000000000018,0.9884615384615385,4.0807692307692305,3.080769230769231,1.6666666666666667,2.0,5.003846153846152,0.019230769230769232,0.0
18,CrossEntropyLoss,min-CPS,0.030000000000000027,0.9769230769230769,4.015384615384615,3.0153846153846153,1.3333333333333333,2.0,5.0666666666666655,0.03076923076923077,0.0
18,CrossEntropyLoss,min-CPS,0.050000000000000044,0.9576923076923077,3.5,2.5,1.3636363636363635,2.0,4.807692307692306,0.057692307692307696,0.0
18,CrossEntropyLoss,min-CPS,0.07999999999999996,0.926923076923077,3.2423076923076923,2.2423076923076923,1.2105263157894737,2.0,4.453846153846156,0.08846153846153847,0.0
18,CrossEntropyLoss,min-CPS,0.09999999999999998,0.9,2.8692307692307693,1.8692307692307693,1.3076923076923077,3.0,4.484615384615385,0.13076923076923078,0.0
18,CrossEntropyLoss,min-CPS,0.13,0.8653846153846154,2.6423076923076922,1.6423076923076922,1.2857142857142858,3.0,4.305029585798816,0.17307692307692307,0.0
18,CrossEntropyLoss,min-CPS,0.15000000000000002,0.85,2.5653846153846156,1.5653846153846154,1.3846153846153846,4.0,4.334615384615384,0.2076923076923077,0.0
18,CrossEntropyLoss,min-CPS,0.18000000000000005,0.8307692307692308,2.4461538461538463,1.4461538461538461,1.3636363636363635,4.0,4.010256410256409,0.23076923076923078,0.0
18,CrossEntropyLoss,min-CPS,0.19999999999999996,0.8153846153846154,2.3807692307692307,1.3807692307692307,1.3125,4.0,3.8038461538461537,0.2423076923076923,0.0
18,CrossEntropyLoss,RPS,0.010000000000000009,0.9961538461538462,4.515384615384615,3.5153846153846153,1.0,1.0,4.284615384615384,0.0038461538461538464,0.0
18,CrossEntropyLoss,RPS,0.020000000000000018,0.9961538461538462,4.3307692307692305,3.330769230769231,1.0,1.0,3.715384615384615,0.0038461538461538464,0.0
18,CrossEntropyLoss,RPS,0.030000000000000027,0.9846153846153847,4.092307692307692,3.0923076923076924,1.25,2.0,4.374358974358973,0.019230769230769232,0.0
18,CrossEntropyLoss,RPS,0.050000000000000044,0.9576923076923077,3.8653846153846154,2.8653846153846154,1.0909090909090908,2.0,4.71153846153846,0.046153846153846156,0.0
18,CrossEntropyLoss,RPS,0.07999999999999996,0.9461538461538461,3.519230769230769,2.519230769230769,1.0714285714285714,2.0,3.9615384615384635,0.057692307692307696,0.0
18,CrossEntropyLoss,RPS,0.09999999999999998,0.9307692307692308,3.226923076923077,2.226923076923077,1.1111111111111112,3.0,3.7653846153846153,0.07692307692307693,0.0
18,CrossEntropyLoss,RPS,0.13,0.8653846153846154,2.9153846153846152,1.9153846153846155,1.1428571428571428,3.0,4.282248520710058,0.15384615384615385,0.0
18,CrossEntropyLoss,RPS,0.15000000000000002,0.8538461538461538,2.8384615384615386,1.8384615384615384,1.1578947368421053,3.0,4.0948717948717945,0.16923076923076924,0.0
18,CrossEntropyLoss,RPS,0.18000000000000005,0.8269230769230769,2.6576923076923076,1.6576923076923078,1.1555555555555554,3.0,3.8799145299145295,0.2,0.0
18,CrossEntropyLoss,RPS,0.19999999999999996,0.8153846153846154,2.423076923076923,1.4230769230769231,1.25,3.0,3.730769230769231,0.23076923076923078,0.0
18,CrossEntropyLoss,OCDF,0.010000000000000009,0.9961538461538462,4.973076923076923,3.973076923076923,1.0,1.0,4.7423076923076914,0.0038461538461538464,0.0
18,CrossEntropyLoss,OCDF,0.020000000000000018,0.9923076923076923,4.915384615384616,3.9153846153846152,1.0,1.0,4.684615384615384,0.007692307692307693,0.0
18,CrossEntropyLoss,OCDF,0.030000000000000027,0.9807692307692307,4.838461538461538,3.8384615384615386,1.0,1.0,5.120512820512819,0.019230769230769232,0.0
18,CrossEntropyLoss,OCDF,0.050000000000000044,0.9692307692307692,4.776923076923077,3.776923076923077,1.125,2.0,5.161538461538461,0.03461538461538462,0.0
18,CrossEntropyLoss,OCDF,0.07999999999999996,0.9423076923076923,4.615384615384615,3.6153846153846154,1.1333333333333333,2.0,5.250000000000001,0.06538461538461539,0.0
18,CrossEntropyLoss,OCDF,0.09999999999999998,0.9153846153846154,4.5,3.5,1.2272727272727273,2.0,5.576923076923077,0.10384615384615385,0.0
18,CrossEntropyLoss,OCDF,0.13,0.8884615384615384,4.35,3.35,1.2413793103448276,2.0,5.480177514792899,0.13846153846153847,0.0
18,CrossEntropyLoss,OCDF,0.15000000000000002,0.8653846153846154,4.180769230769231,3.1807692307692306,1.2857142857142858,2.0,5.4884615384615385,0.17307692307692307,0.0
18,CrossEntropyLoss,OCDF,0.18000000000000005,0.85,4.05,3.05,1.3076923076923077,2.0,5.229487179487179,0.19615384615384615,0.0
18,CrossEntropyLoss,OCDF,0.19999999999999996,0.8346153846153846,3.980769230769231,2.980769230769231,1.3255813953488371,2.0,5.173076923076923,0.21923076923076923,0.0
18,CrossEntropyLoss,APS,0.010000000000000009,0.9961538461538462,4.461538461538462,3.473076923076923,1.0,1.0,4.2423076923076914,0.0038461538461538464,0.011538461538461497
18,CrossEntropyLoss,APS,0.020000000000000018,0.9846153846153847,4.042307692307692,3.0961538461538463,1.5,2.0,5.403846153846152,0.023076923076923078,0.05384615384615388
18,CrossEntropyLoss,APS,0.030000000000000027,0.9846153846153847,3.9884615384615385,3.0538461538461537,1.5,2.0,4.592307692307691,0.023076923076923078,0.06538461538461537
18,CrossEntropyLoss,APS,0.050000000000000044,0.9653846153846154,3.6884615384615387,2.7846153846153845,1.5555555555555556,4.0,4.015384615384614,0.05384615384615385,0.09230769230769231
18,CrossEntropyLoss,APS,0.07999999999999996,0.9153846153846154,3.273076923076923,2.473076923076923,1.4545454545454546,4.0,4.300000000000002,0.12307692307692308,0.1923076923076923
18,CrossEntropyLoss,APS,0.09999999999999998,0.9115384615384615,3.0846153846153848,2.3461538461538463,1.565217391304348,4.0,3.8076923076923075,0.13846153846153847,0.24615384615384617
18,CrossEntropyLoss,APS,0.13,0.8576923076923076,2.6884615384615387,2.042307692307692,1.8108108108108107,4.0,3.7582840236686392,0.25769230769230766,0.3153846153846154
18,CrossEntropyLoss,APS,0.15000000000000002,0.8384615384615385,2.5653846153846156,1.9423076923076923,1.8571428571428572,4.0,3.583333333333333,0.3,0.32307692307692304
18,CrossEntropyLoss,APS,0.18000000000000005,0.8307692307692308,2.4653846153846155,1.876923076923077,1.8863636363636365,4.0,3.2871794871794866,0.3192307692307692,0.3538461538461538
18,CrossEntropyLoss,APS,0.19999999999999996,0.8192307692307692,2.3384615384615386,1.7346153846153847,1.9574468085106382,4.0,3.1961538461538463,0.35384615384615387,0.33461538461538465
18,CrossEntropyLoss,LAC,0.010000000000000009,0.9923076923076923,4.434615384615385,3.45,1.0,1.0,4.988461538461537,0.007692307692307693,0.01538461538461533
18,CrossEntropyLoss,LAC,0.020000000000000018,0.9923076923076923,4.096153846153846,3.126923076923077,2.0,2.0,4.665384615384614,0.015384615384615385,0.03076923076923077
18,CrossEntropyLoss,LAC,0.030000000000000027,0.9769230769230769,3.980769230769231,3.046153846153846,1.5,2.0,4.84102564102564,0.03461538461538462,0.06538461538461537
18,CrossEntropyLoss,LAC,0.050000000000000044,0.9538461538461539,3.75,2.8423076923076924,1.25,2.0,4.534615384615383,0.057692307692307696,0.09230769230769231
18,CrossEntropyLoss,LAC,0.07999999999999996,0.9115384615384615,3.0076923076923077,2.1769230769230767,1.2173913043478262,2.0,4.4846153846153864,0.1076923076923077,0.16153846153846152
18,CrossEntropyLoss,LAC,0.09999999999999998,0.8961538461538462,2.769230769230769,2.003846153846154,1.3333333333333333,4.0,4.311538461538461,0.13846153846153847,0.2269230769230769
18,CrossEntropyLoss,LAC,0.13,0.8692307692307693,2.523076923076923,1.7653846153846153,1.2941176470588236,4.0,3.836390532544378,0.16923076923076924,0.2384615384615385
18,CrossEntropyLoss,LAC,0.15000000000000002,0.8461538461538461,2.373076923076923,1.646153846153846,1.25,4.0,3.697435897435897,0.19230769230769232,0.2692307692307693
18,CrossEntropyLoss,LAC,0.18000000000000005,0.7730769230769231,2.1192307692307693,1.4038461538461537,1.2542372881355932,4.0,4.138888888888888,0.2846153846153846,0.28076923076923077
18,CrossEntropyLoss,LAC,0.19999999999999996,0.7653846153846153,2.0576923076923075,1.3653846153846154,1.2622950819672132,4.0,3.9423076923076925,0.29615384615384616,0.3038461538461539
19,CrossEntropyLoss,min-CPS,0.010000000000000009,0.9961538461538462,4.55,3.55,1.0,1.0,4.319230769230768,0.0038461538461538464,0.0
19,CrossEntropyLoss,min-CPS,0.020000000000000018,0.9846153846153847,4.088461538461538,3.0884615384615386,1.75,2.0,5.780769230769229,0.026923076923076925,0.0
19,CrossEntropyLoss,min-CPS,0.030000000000000027,0.9846153846153847,4.0807692307692305,3.080769230769231,1.75,2.0,4.875641025641024,0.026923076923076925,0.0
19,CrossEntropyLoss,min-CPS,0.050000000000000044,0.9653846153846154,3.646153846153846,2.646153846153846,1.5555555555555556,3.0,4.799999999999998,0.05384615384615385,0.0
19,CrossEntropyLoss,min-CPS,0.07999999999999996,0.9307692307692308,3.296153846153846,2.296153846153846,1.3333333333333333,3.0,4.603846153846155,0.09230769230769231,0.0
19,CrossEntropyLoss,min-CPS,0.09999999999999998,0.9,2.8807692307692307,1.8807692307692307,1.3846153846153846,3.0,4.65,0.13846153846153847,0.0
19,CrossEntropyLoss,min-CPS,0.13,0.8692307692307693,2.6653846153846152,1.6653846153846155,1.3529411764705883,3.0,4.387278106508876,0.17692307692307693,0.0
19,CrossEntropyLoss,min-CPS,0.15000000000000002,0.8461538461538461,2.580769230769231,1.5807692307692307,1.375,4.0,4.401282051282051,0.21153846153846154,0.0
19,CrossEntropyLoss,min-CPS,0.18000000000000005,0.8076923076923077,2.419230769230769,1.4192307692307693,1.38,4.0,4.3679487179487175,0.2653846153846154,0.0
19,CrossEntropyLoss,min-CPS,0.19999999999999996,0.7807692307692308,2.3615384615384616,1.3615384615384616,1.3508771929824561,4.0,4.323076923076923,0.29615384615384616,0.0
19,CrossEntropyLoss,RPS,0.010000000000000009,0.9923076923076923,4.4,3.4,1.0,1.0,4.938461538461537,0.007692307692307693,0.0
19,CrossEntropyLoss,RPS,0.020000000000000018,0.9846153846153847,4.211538461538462,3.2115384615384617,1.25,2.0,5.134615384615383,0.019230769230769232,0.0
19,CrossEntropyLoss,RPS,0.030000000000000027,0.9846153846153847,4.15,3.15,1.25,2.0,4.4320512820512805,0.019230769230769232,0.0
19,CrossEntropyLoss,RPS,0.050000000000000044,0.9576923076923077,3.9115384615384614,2.9115384615384614,1.1818181818181819,2.0,4.91153846153846,0.05,0.0
19,CrossEntropyLoss,RPS,0.07999999999999996,0.9,3.2346153846153847,2.2346153846153847,1.1538461538461537,3.0,5.119230769230771,0.11538461538461539,0.0
19,CrossEntropyLoss,RPS,0.09999999999999998,0.8769230769230769,3.0846153846153848,2.0846153846153848,1.125,3.0,4.8538461538461535,0.13846153846153847,0.0
19,CrossEntropyLoss,RPS,0.13,0.8576923076923076,2.9115384615384614,1.9115384615384616,1.2162162162162162,3.0,4.574260355029586,0.17307692307692307,0.0
19,CrossEntropyLoss,RPS,0.15000000000000002,0.8461538461538461,2.8576923076923078,1.8576923076923078,1.225,3.0,4.37051282051282,0.18846153846153846,0.0
19,CrossEntropyLoss,RPS,0.18000000000000005,0.7884615384615384,2.4269230769230767,1.426923076923077,1.290909090909091,3.0,4.46111111111111,0.27307692307692305,0.0
19,CrossEntropyLoss,RPS,0.19999999999999996,0.7884615384615384,2.3653846153846154,1.3653846153846154,1.290909090909091,3.0,4.096153846153846,0.27307692307692305,0.0
19,CrossEntropyLoss,OCDF,0.010000000000000009,0.9807692307692307,4.869230769230769,3.8692307692307693,1.0,1.0,7.715384615384612,0.019230769230769232,0.0
19,CrossEntropyLoss,OCDF,0.020000000000000018,0.9615384615384616,4.765384615384615,3.7653846153846153,1.1,2.0,7.996153846153843,0.04230769230769231,0.0
19,CrossEntropyLoss,OCDF,0.030000000000000027,0.9538461538461539,4.75,3.75,1.0833333333333333,2.0,7.083333333333331,0.05,0.0
19,CrossEntropyLoss,OCDF,0.050000000000000044,0.9423076923076923,4.6,3.6,1.2,2.0,6.369230769230768,0.06923076923076923,0.0
19,CrossEntropyLoss,OCDF,0.07999999999999996,0.9076923076923077,4.446153846153846,3.4461538461538463,1.3333333333333333,2.0,6.523076923076925,0.12307692307692308,0.0
19,CrossEntropyLoss,OCDF,0.09999999999999998,0.9038461538461539,4.388461538461539,3.3884615384615384,1.36,2.0,6.003846153846154,0.13076923076923078,0.0
19,CrossEntropyLoss,OCDF,0.13,0.8576923076923076,4.173076923076923,3.173076923076923,1.3783783783783783,3.0,6.190828402366864,0.19615384615384615,0.0
19,CrossEntropyLoss,OCDF,0.15000000000000002,0.8,3.973076923076923,2.973076923076923,1.3269230769230769,3.0,6.5115384615384615,0.2653846153846154,0.0
19,CrossEntropyLoss,OCDF,0.18000000000000005,0.7769230769230769,3.8076923076923075,2.8076923076923075,1.3620689655172413,3.0,6.183760683760682,0.3038461538461538,0.0
19,CrossEntropyLoss,OCDF,0.19999999999999996,0.75,3.707692307692308,2.707692307692308,1.3846153846153846,3.0,6.1692307692307695,0.34615384615384615,0.0
19,CrossEntropyLoss,APS,0.010000000000000009,0.9961538461538462,4.492307692307692,3.526923076923077,1.0,1.0,4.296153846153845,0.0038461538461538464,0.0346153846153846
19,CrossEntropyLoss,APS,0.020000000000000018,0.9884615384615385,4.184615384615385,3.226923076923077,1.3333333333333333,2.0,4.7653846153846136,0.015384615384615385,0.04230769230769227
19,CrossEntropyLoss,APS,0.030000000000000027,0.9884615384615385,4.142307692307693,3.1884615384615387,1.3333333333333333,2.0,4.214102564102563,0.015384615384615385,0.0461538461538461
19,CrossEntropyLoss,APS,0.050000000000000044,0.9653846153846154,3.8038461538461537,2.923076923076923,1.4444444444444444,4.0,4.153846153846153,0.05,0.11538461538461542
19,CrossEntropyLoss,APS,0.07999999999999996,0.9115384615384615,3.15,2.3653846153846154,1.5217391304347827,4.0,4.28846153846154,0.1346153846153846,0.2038461538461539
19,CrossEntropyLoss,APS,0.09999999999999998,0.8846153846153846,2.773076923076923,2.0961538461538463,1.7333333333333334,4.0,4.25,0.2,0.2961538461538461
19,CrossEntropyLoss,APS,0.13,0.8730769230769231,2.6961538461538463,2.0307692307692307,1.696969696969697,4.0,3.8650887573964496,0.2153846153846154,0.3076923076923077
19,CrossEntropyLoss,APS,0.15000000000000002,0.8346153846153846,2.546153846153846,1.9230769230769231,1.7674418604651163,4.0,3.923076923076923,0.2923076923076923,0.3307692307692308
19,CrossEntropyLoss,APS,0.18000000000000005,0.7846153846153846,2.3076923076923075,1.7153846153846153,1.8928571428571428,4.0,3.809401709401709,0.4076923076923077,0.34615384615384615
19,CrossEntropyLoss,APS,0.19999999999999996,0.7807692307692308,2.2576923076923077,1.6807692307692308,1.9473684210526316,4.0,3.6423076923076922,0.4269230769230769,0.35769230769230764
19,CrossEntropyLoss,LAC,0.010000000000000009,0.9961538461538462,4.526923076923077,3.5653846153846156,1.0,1.0,4.334615384615383,0.0038461538461538464,0.038461538461538436
19,CrossEntropyLoss,LAC,0.020000000000000018,0.9846153846153847,4.111538461538461,3.15,2.0,3.0,6.226923076923074,0.03076923076923077,0.038461538461538436
19,CrossEntropyLoss,LAC,0.030000000000000027,0.9769230769230769,4.0115384615384615,3.0884615384615386,1.8333333333333333,3.0,5.6525641025641,0.04230769230769231,0.07692307692307687
19,CrossEntropyLoss,LAC,0.050000000000000044,0.9576923076923077,3.8038461538461537,2.9076923076923076,1.4545454545454546,3.0,4.599999999999998,0.06153846153846154,0.09999999999999998
19,CrossEntropyLoss,LAC,0.07999999999999996,0.9230769230769231,3.1423076923076922,2.3192307692307694,1.3,3.0,4.626923076923078,0.1,0.16923076923076918
19,CrossEntropyLoss,LAC,0.09999999999999998,0.8846153846153846,2.7115384615384617,1.9423076923076923,1.4,4.0,4.711538461538462,0.16153846153846155,0.22307692307692306
19,CrossEntropyLoss,LAC,0.13,0.85,2.457692307692308,1.7192307692307693,1.358974358974359,4.0,4.5002958579881644,0.20384615384615384,0.25769230769230766
19,CrossEntropyLoss,LAC,0.15000000000000002,0.8346153846153846,2.3884615384615384,1.6653846153846155,1.3488372093023255,4.0,4.280769230769231,0.2230769230769231,0.2730769230769231
19,CrossEntropyLoss,LAC,0.18000000000000005,0.8038461538461539,2.169230769230769,1.4615384615384615,1.392156862745098,4.0,4.196581196581196,0.27307692307692305,0.2846153846153846
19,CrossEntropyLoss,LAC,0.19999999999999996,0.7884615384615384,2.1076923076923078,1.4,1.4181818181818182,4.0,4.1692307692307695,0.3,0.2846153846153846
20,CrossEntropyLoss,min-CPS,0.010000000000000009,0.9923076923076923,4.415384615384616,3.4153846153846152,1.0,1.0,4.953846153846152,0.007692307692307693,0.0
20,CrossEntropyLoss,min-CPS,0.020000000000000018,0.9846153846153847,3.9615384615384617,2.9615384615384617,1.75,2.0,5.653846153846152,0.026923076923076925,0.0
20,CrossEntropyLoss,min-CPS,0.030000000000000027,0.9807692307692307,3.923076923076923,2.923076923076923,1.6,2.0,4.974358974358974,0.03076923076923077,0.0
20,CrossEntropyLoss,min-CPS,0.050000000000000044,0.95,3.396153846153846,2.396153846153846,1.3076923076923077,3.0,5.01153846153846,0.06538461538461539,0.0
20,CrossEntropyLoss,min-CPS,0.07999999999999996,0.9307692307692308,3.2153846153846155,2.2153846153846155,1.3333333333333333,3.0,4.523076923076925,0.09230769230769231,0.0
20,CrossEntropyLoss,min-CPS,0.09999999999999998,0.8884615384615384,2.7807692307692307,1.7807692307692307,1.3448275862068966,3.0,4.780769230769231,0.15,0.0
20,CrossEntropyLoss,min-CPS,0.13,0.8961538461538462,2.723076923076923,1.7230769230769232,1.3703703703703705,3.0,3.9124260355029583,0.1423076923076923,0.0
20,CrossEntropyLoss,min-CPS,0.15000000000000002,0.8692307692307693,2.546153846153846,1.5461538461538462,1.411764705882353,3.0,4.007692307692308,0.18461538461538463,0.0
20,CrossEntropyLoss,min-CPS,0.18000000000000005,0.8423076923076923,2.4615384615384617,1.4615384615384615,1.3414634146341464,3.0,3.8119658119658113,0.21153846153846154,0.0
20,CrossEntropyLoss,min-CPS,0.19999999999999996,0.8038461538461539,2.3230769230769233,1.323076923076923,1.3529411764705883,3.0,3.976923076923077,0.2653846153846154,0.0
20,CrossEntropyLoss,RPS,0.010000000000000009,1.0,4.5,3.5,,0.0,3.5,0.0,0.0
20,CrossEntropyLoss,RPS,0.020000000000000018,0.9653846153846154,4.030769230769231,3.0307692307692307,1.0,1.0,6.492307692307689,0.03461538461538462,0.0
20,CrossEntropyLoss,RPS,0.030000000000000027,0.9653846153846154,3.9461538461538463,2.9461538461538463,1.0,1.0,5.253846153846152,0.03461538461538462,0.0
20,CrossEntropyLoss,RPS,0.050000000000000044,0.9615384615384616,3.8576923076923078,2.8576923076923078,1.1,2.0,4.549999999999998,0.04230769230769231,0.0
20,CrossEntropyLoss,RPS,0.07999999999999996,0.9307692307692308,3.35,2.35,1.1666666666666667,2.0,4.369230769230771,0.08076923076923077,0.0
20,CrossEntropyLoss,RPS,0.09999999999999998,0.9,3.0961538461538463,2.0961538461538463,1.1923076923076923,2.0,4.480769230769231,0.11923076923076924,0.0
20,CrossEntropyLoss,RPS,0.13,0.8884615384615384,3.0307692307692307,2.0307692307692307,1.1724137931034482,2.0,4.042603550295858,0.13076923076923078,0.0
20,CrossEntropyLoss,RPS,0.15000000000000002,0.8576923076923076,2.8576923076923078,1.8576923076923078,1.2162162162162162,2.0,4.165384615384616,0.17307692307692307,0.0
20,CrossEntropyLoss,RPS,0.18000000000000005,0.85,2.8038461538461537,1.8038461538461539,1.205128205128205,2.0,3.8123931623931613,0.18076923076923077,0.0
20,CrossEntropyLoss,RPS,0.19999999999999996,0.8346153846153846,2.496153846153846,1.4961538461538462,1.2325581395348837,2.0,3.5346153846153845,0.20384615384615384,0.0
20,CrossEntropyLoss,OCDF,0.010000000000000009,1.0,4.976923076923077,3.976923076923077,,0.0,3.976923076923077,0.0,0.0
20,CrossEntropyLoss,OCDF,0.020000000000000018,0.9884615384615385,4.869230769230769,3.8692307692307693,1.0,1.0,5.023076923076921,0.011538461538461539,0.0
20,CrossEntropyLoss,OCDF,0.030000000000000027,0.9807692307692307,4.842307692307692,3.8423076923076924,1.0,1.0,5.124358974358973,0.019230769230769232,0.0
20,CrossEntropyLoss,OCDF,0.050000000000000044,0.9615384615384616,4.723076923076923,3.723076923076923,1.0,1.0,5.261538461538461,0.038461538461538464,0.0
20,CrossEntropyLoss,OCDF,0.07999999999999996,0.95,4.619230769230769,3.6192307692307693,1.0769230769230769,2.0,4.965384615384616,0.05384615384615385,0.0
20,CrossEntropyLoss,OCDF,0.09999999999999998,0.9423076923076923,4.523076923076923,3.523076923076923,1.3333333333333333,2.0,5.061538461538461,0.07692307692307693,0.0
20,CrossEntropyLoss,OCDF,0.13,0.9346153846153846,4.457692307692308,3.457692307692308,1.411764705882353,2.0,4.877810650887574,0.09230769230769231,0.0
20,CrossEntropyLoss,OCDF,0.15000000000000002,0.8653846153846154,4.15,3.15,1.3714285714285714,3.0,5.611538461538461,0.18461538461538463,0.0
20,CrossEntropyLoss,OCDF,0.18000000000000005,0.8307692307692308,4.023076923076923,3.023076923076923,1.3636363636363635,3.0,5.587179487179487,0.23076923076923078,0.0
20,CrossEntropyLoss,OCDF,0.19999999999999996,0.8115384615384615,3.8846153846153846,2.8846153846153846,1.3673469387755102,3.0,5.461538461538462,0.25769230769230766,0.0
20,CrossEntropyLoss,APS,0.010000000000000009,1.0,4.523076923076923,3.5384615384615383,,0.0,3.5384615384615383,0.0,0.01538461538461533
20,CrossEntropyLoss,APS,0.020000000000000018,0.9923076923076923,4.084615384615384,3.1307692307692307,2.0,2.0,4.669230769230768,0.015384615384615385,0.0461538461538461
20,CrossEntropyLoss,APS,0.030000000000000027,0.9923076923076923,3.996153846153846,3.0653846153846156,2.0,2.0,4.091025641025641,0.015384615384615385,0.0692307692307692
20,CrossEntropyLoss,APS,0.050000000000000044,0.9653846153846154,3.6076923076923078,2.7115384615384617,1.2222222222222223,2.0,4.249999999999999,0.04230769230769231,0.10384615384615381
20,CrossEntropyLoss,APS,0.07999999999999996,0.9192307692307692,3.0961538461538463,2.3038461538461537,1.380952380952381,4.0,4.419230769230771,0.11153846153846154,0.2038461538461539
20,CrossEntropyLoss,APS,0.09999999999999998,0.9076923076923077,2.9269230769230767,2.1769230769230767,1.4166666666666667,4.0,4.176923076923077,0.13076923076923078,0.24230769230769234
20,CrossEntropyLoss,APS,0.13,0.8846153846153846,2.723076923076923,2.0346153846153845,1.6666666666666667,4.0,3.8689349112426035,0.19230769230769232,0.28846153846153844
20,CrossEntropyLoss,APS,0.15000000000000002,0.8461538461538461,2.5384615384615383,1.9038461538461537,1.675,4.0,3.7499999999999996,0.25769230769230766,0.33461538461538465
20,CrossEntropyLoss,APS,0.18000000000000005,0.8076923076923077,2.35,1.6807692307692308,1.72,4.0,3.603846153846154,0.33076923076923076,0.29230769230769227
20,CrossEntropyLoss,APS,0.19999999999999996,0.7923076923076923,2.276923076923077,1.623076923076923,1.7407407407407407,4.0,3.4692307692307693,0.36153846153846153,0.30000000000000004
20,CrossEntropyLoss,LAC,0.010000000000000009,0.9923076923076923,4.376923076923077,3.4,1.5,2.0,5.707692307692306,0.011538461538461539,0.023076923076923106
20,CrossEntropyLoss,LAC,0.020000000000000018,0.9884615384615385,4.0115384615384615,3.046153846153846,2.3333333333333335,3.0,5.738461538461536,0.026923076923076925,0.0346153846153846
20,CrossEntropyLoss,LAC,0.030000000000000027,0.9846153846153847,3.95,3.003846153846154,2.0,3.0,4.798717948717948,0.03076923076923077,0.05384615384615388
20,CrossEntropyLoss,LAC,0.050000000000000044,0.9576923076923077,3.6884615384615387,2.7653846153846153,1.3636363636363635,3.0,4.457692307692306,0.057692307692307696,0.07692307692307687
20,CrossEntropyLoss,LAC,0.07999999999999996,0.926923076923077,3.123076923076923,2.269230769230769,1.368421052631579,3.0,4.576923076923078,0.1,0.1461538461538462
20,CrossEntropyLoss,LAC,0.09999999999999998,0.9192307692307692,2.896153846153846,2.076923076923077,1.380952380952381,3.0,4.153846153846154,0.11153846153846154,0.1807692307692308
20,CrossEntropyLoss,LAC,0.13,0.9115384615384615,2.6538461538461537,1.8923076923076922,1.391304347826087,3.0,3.667455621301775,0.12307692307692308,0.2384615384615385
20,CrossEntropyLoss,LAC,0.15000000000000002,0.8692307692307693,2.4076923076923076,1.6961538461538461,1.2941176470588236,3.0,3.5423076923076917,0.16923076923076924,0.2846153846153846
20,CrossEntropyLoss,LAC,0.18000000000000005,0.8269230769230769,2.2346153846153847,1.5192307692307692,1.3111111111111111,3.0,3.6987179487179485,0.22692307692307692,0.28076923076923077
20,CrossEntropyLoss,LAC,0.19999999999999996,0.7961538461538461,2.0884615384615386,1.3384615384615384,1.3962264150943395,3.0,3.876923076923077,0.2846153846153846,0.25
21,CrossEntropyLoss,min-CPS,0.010000000000000009,0.9961538461538462,4.553846153846154,3.5538461538461537,1.0,1.0,4.323076923076922,0.0038461538461538464,0.0
21,CrossEntropyLoss,min-CPS,0.020000000000000018,0.9923076923076923,4.176923076923077,3.1769230769230767,2.0,2.0,4.715384615384614,0.015384615384615385,0.0
21,CrossEntropyLoss,min-CPS,0.030000000000000027,0.9846153846153847,4.065384615384615,3.0653846153846156,1.75,3.0,4.860256410256409,0.026923076923076925,0.0
21,CrossEntropyLoss,min-CPS,0.050000000000000044,0.9692307692307692,3.6769230769230767,2.6769230769230767,1.5,3.0,4.523076923076921,0.046153846153846156,0.0
21,CrossEntropyLoss,min-CPS,0.07999999999999996,0.9384615384615385,3.3,2.3,1.3125,3.0,4.319230769230771,0.08076923076923077,0.0
21,CrossEntropyLoss,min-CPS,0.09999999999999998,0.9115384615384615,2.980769230769231,1.9807692307692308,1.391304347826087,3.0,4.4423076923076925,0.12307692307692308,0.0
21,CrossEntropyLoss,min-CPS,0.13,0.8769230769230769,2.7115384615384617,1.7115384615384615,1.34375,3.0,4.255917159763313,0.16538461538461538,0.0
21,CrossEntropyLoss,min-CPS,0.15000000000000002,0.823076923076923,2.523076923076923,1.523076923076923,1.3043478260869565,3.0,4.6,0.23076923076923078,0.0
21,CrossEntropyLoss,min-CPS,0.18000000000000005,0.8115384615384615,2.45,1.45,1.2857142857142858,3.0,4.142307692307692,0.2423076923076923,0.0
21,CrossEntropyLoss,min-CPS,0.19999999999999996,0.8153846153846154,2.4115384615384614,1.4115384615384616,1.2708333333333333,3.0,3.7576923076923077,0.23461538461538461,0.0
21,CrossEntropyLoss,RPS,0.010000000000000009,0.9961538461538462,4.542307692307692,3.542307692307692,1.0,1.0,4.31153846153846,0.0038461538461538464,0.0
21,CrossEntropyLoss,RPS,0.020000000000000018,0.9846153846153847,4.226923076923077,3.226923076923077,1.0,1.0,4.7653846153846136,0.015384615384615385,0.0
21,CrossEntropyLoss,RPS,0.030000000000000027,0.9769230769230769,4.142307692307693,3.1423076923076922,1.0,1.0,4.680769230769229,0.023076923076923078,0.0
21,CrossEntropyLoss,RPS,0.050000000000000044,0.9538461538461539,3.9115384615384614,2.9115384615384614,1.0833333333333333,2.0,4.91153846153846,0.05,0.0
21,CrossEntropyLoss,RPS,0.07999999999999996,0.9230769230769231,3.4153846153846152,2.4153846153846152,1.1,2.0,4.530769230769232,0.08461538461538462,0.0
21,CrossEntropyLoss,RPS,0.09999999999999998,0.8807692307692307,3.123076923076923,2.123076923076923,1.096774193548387,2.0,4.7384615384615385,0.13076923076923078,0.0
21,CrossEntropyLoss,RPS,0.13,0.8653846153846154,2.980769230769231,1.9807692307692308,1.1714285714285715,2.0,4.40680473372781,0.1576923076923077,0.0
21,CrossEntropyLoss,RPS,0.15000000000000002,0.8538461538461538,2.9038461538461537,1.9038461538461537,1.236842105263158,2.0,4.314102564102564,0.18076923076923077,0.0
21,CrossEntropyLoss,RPS,0.18000000000000005,0.8115384615384615,2.5538461538461537,1.5538461538461539,1.2448979591836735,3.0,4.16068376068376,0.23461538461538461,0.0
21,CrossEntropyLoss,RPS,0.19999999999999996,0.7923076923076923,2.3692307692307693,1.3692307692307693,1.2777777777777777,3.0,4.023076923076923,0.2653846153846154,0.0
21,CrossEntropyLoss,OCDF,0.010000000000000009,0.9846153846153847,4.907692307692308,3.9076923076923076,1.0,1.0,6.984615384615382,0.015384615384615385,0.0
21,CrossEntropyLoss,OCDF,0.020000000000000018,0.9653846153846154,4.75,3.75,1.1111111111111112,2.0,7.596153846153842,0.038461538461538464,0.0
21,CrossEntropyLoss,OCDF,0.030000000000000027,0.9615384615384616,4.734615384615385,3.7346153846153847,1.1,2.0,6.555128205128204,0.04230769230769231,0.0
21,CrossEntropyLoss,OCDF,0.050000000000000044,0.9346153846153846,4.546153846153846,3.546153846153846,1.2941176470588236,2.0,6.9307692307692275,0.08461538461538462,0.0
21,CrossEntropyLoss,OCDF,0.07999999999999996,0.9,4.365384615384615,3.3653846153846154,1.4615384615384615,2.0,7.019230769230771,0.14615384615384616,0.0
21,CrossEntropyLoss,OCDF,0.09999999999999998,0.8769230769230769,4.246153846153846,3.246153846153846,1.40625,3.0,6.707692307692308,0.17307692307692307,0.0
21,CrossEntropyLoss,OCDF,0.13,0.8538461538461538,4.1038461538461535,3.103846153846154,1.4473684210526316,3.0,6.358284023668639,0.21153846153846154,0.0
21,CrossEntropyLoss,OCDF,0.15000000000000002,0.8153846153846154,3.95,2.95,1.4166666666666667,3.0,6.4371794871794865,0.26153846153846155,0.0
21,CrossEntropyLoss,OCDF,0.18000000000000005,0.7961538461538461,3.830769230769231,2.830769230769231,1.4150943396226414,3.0,6.035897435897435,0.28846153846153844,0.0
21,CrossEntropyLoss,OCDF,0.19999999999999996,0.7730769230769231,3.703846153846154,2.703846153846154,1.4576271186440677,3.0,6.0115384615384615,0.33076923076923076,0.0
21,CrossEntropyLoss,APS,0.010000000000000009,0.9961538461538462,4.4192307692307695,3.457692307692308,2.0,2.0,4.996153846153844,0.007692307692307693,0.038461538461538436
21,CrossEntropyLoss,APS,0.020000000000000018,0.9923076923076923,4.019230769230769,3.1076923076923078,1.5,2.0,4.26153846153846,0.011538461538461539,0.08846153846153848
21,CrossEntropyLoss,APS,0.030000000000000027,0.9884615384615385,3.9923076923076923,3.0884615384615386,1.3333333333333333,2.0,3.8576923076923073,0.015384615384615385,0.09615384615384615
21,CrossEntropyLoss,APS,0.050000000000000044,0.9730769230769231,3.8038461538461537,2.923076923076923,1.5714285714285714,4.0,3.8461538461538454,0.04230769230769231,0.11538461538461542
21,CrossEntropyLoss,APS,0.07999999999999996,0.9461538461538461,3.373076923076923,2.5730769230769233,1.5,4.0,3.726923076923078,0.08076923076923077,0.19615384615384612
21,CrossEntropyLoss,APS,0.09999999999999998,0.9153846153846154,3.0846153846153848,2.3384615384615386,1.5,4.0,3.876923076923077,0.12692307692307692,0.24230769230769234
21,CrossEntropyLoss,APS,0.13,0.8846153846153846,2.753846153846154,2.0961538461538463,1.7333333333333334,4.0,4.048816568047337,0.2,0.3192307692307692
21,CrossEntropyLoss,APS,0.15000000000000002,0.8692307692307693,2.646153846153846,2.0,1.8235294117647058,4.0,3.7948717948717947,0.23846153846153847,0.3153846153846154
21,CrossEntropyLoss,APS,0.18000000000000005,0.8461538461538461,2.526923076923077,1.9115384615384616,1.85,4.0,3.4927350427350428,0.2846153846153846,0.3384615384615385
21,CrossEntropyLoss,APS,0.19999999999999996,0.8076923076923077,2.3692307692307693,1.7653846153846153,1.76,4.0,3.5730769230769233,0.3384615384615385,0.35
21,CrossEntropyLoss,LAC,0.010000000000000009,0.9961538461538462,4.538461538461538,3.5692307692307694,1.0,1.0,4.338461538461537,0.0038461538461538464,0.03076923076923077
21,CrossEntropyLoss,LAC,0.020000000000000018,0.9923076923076923,4.1,3.146153846153846,2.5,3.0,5.069230769230767,0.019230769230769232,0.0461538461538461
21,CrossEntropyLoss,LAC,0.030000000000000027,0.9923076923076923,4.1,3.146153846153846,2.5,3.0,4.428205128205127,0.019230769230769232,0.0461538461538461
21,CrossEntropyLoss,LAC,0.050000000000000044,0.9692307692307692,3.9038461538461537,2.9692307692307693,1.5,3.0,4.353846153846152,0.046153846153846156,0.06538461538461537
21,CrossEntropyLoss,LAC,0.07999999999999996,0.9538461538461539,3.373076923076923,2.542307692307692,1.3333333333333333,3.0,3.9846153846153856,0.06153846153846154,0.16538461538461535
21,CrossEntropyLoss,LAC,0.09999999999999998,0.9192307692307692,2.9346153846153844,2.1384615384615384,1.380952380952381,3.0,4.061538461538461,0.11153846153846154,0.1923076923076923
21,CrossEntropyLoss,LAC,0.13,0.8884615384615384,2.623076923076923,1.9,1.3793103448275863,3.0,3.8526627218934912,0.15384615384615385,0.2692307692307693
21,CrossEntropyLoss,LAC,0.15000000000000002,0.8461538461538461,2.4,1.7,1.35,3.0,3.9564102564102557,0.2076923076923077,0.2961538461538461
21,CrossEntropyLoss,LAC,0.18000000000000005,0.8153846153846154,2.2615384615384615,1.5576923076923077,1.3125,3.0,3.7799145299145294,0.2423076923076923,0.28846153846153844
21,CrossEntropyLoss,LAC,0.19999999999999996,0.7961538461538461,2.1346153846153846,1.4192307692307693,1.3962264150943395,3.0,3.8807692307692307,0.2846153846153846,0.27692307692307694
22,CrossEntropyLoss,min-CPS,0.010000000000000009,1.0,4.6,3.6,,0.0,3.6,0.0,0.0
22,CrossEntropyLoss,min-CPS,0.020000000000000018,0.9884615384615385,4.0807692307692305,3.080769230769231,1.3333333333333333,2.0,4.619230769230768,0.015384615384615385,0.0
22,CrossEntropyLoss,min-CPS,0.030000000000000027,0.9846153846153847,4.023076923076923,3.023076923076923,1.5,2.0,4.5615384615384595,0.023076923076923078,0.0
22,CrossEntropyLoss,min-CPS,0.050000000000000044,0.9692307692307692,3.6384615384615384,2.6384615384615384,1.375,2.0,4.330769230769229,0.04230769230769231,0.0
22,CrossEntropyLoss,min-CPS,0.07999999999999996,0.926923076923077,3.226923076923077,2.226923076923077,1.263157894736842,2.0,4.534615384615386,0.09230769230769231,0.0
22,CrossEntropyLoss,min-CPS,0.09999999999999998,0.926923076923077,2.996153846153846,1.9961538461538462,1.368421052631579,2.0,3.996153846153846,0.1,0.0
22,CrossEntropyLoss,min-CPS,0.13,0.8769230769230769,2.669230769230769,1.6692307692307693,1.28125,3.0,4.095266272189349,0.1576923076923077,0.0
22,CrossEntropyLoss,min-CPS,0.15000000000000002,0.8653846153846154,2.6153846153846154,1.6153846153846154,1.2571428571428571,3.0,3.871794871794872,0.16923076923076924,0.0
22,CrossEntropyLoss,min-CPS,0.18000000000000005,0.8384615384615385,2.503846153846154,1.5038461538461538,1.2857142857142858,4.0,3.8115384615384613,0.2076923076923077,0.0
22,CrossEntropyLoss,min-CPS,0.19999999999999996,0.8307692307692308,2.4461538461538463,1.4461538461538461,1.25,4.0,3.5615384615384613,0.21153846153846154,0.0
22,CrossEntropyLoss,RPS,0.010000000000000009,0.9961538461538462,4.515384615384615,3.5153846153846153,1.0,1.0,4.284615384615384,0.0038461538461538464,0.0
22,CrossEntropyLoss,RPS,0.020000000000000018,0.9846153846153847,4.173076923076923,3.173076923076923,1.25,2.0,5.096153846153844,0.019230769230769232,0.0
22,CrossEntropyLoss,RPS,0.030000000000000027,0.9807692307692307,4.111538461538461,3.1115384615384616,1.2,2.0,4.6499999999999995,0.023076923076923078,0.0
22,CrossEntropyLoss,RPS,0.050000000000000044,0.9615384615384616,3.9038461538461537,2.9038461538461537,1.1,2.0,4.596153846153844,0.04230769230769231,0.0
22,CrossEntropyLoss,RPS,0.07999999999999996,0.9576923076923077,3.6961538461538463,2.6961538461538463,1.0909090909090908,2.0,3.850000000000001,0.046153846153846156,0.0
22,CrossEntropyLoss,RPS,0.09999999999999998,0.9461538461538461,3.396153846153846,2.396153846153846,1.1428571428571428,2.0,3.626923076923077,0.06153846153846154,0.0
22,CrossEntropyLoss,RPS,0.13,0.9,3.019230769230769,2.019230769230769,1.1923076923076923,3.0,3.853550295857988,0.11923076923076924,0.0
22,CrossEntropyLoss,RPS,0.15000000000000002,0.8846153846153846,2.8884615384615384,1.8884615384615384,1.2,3.0,3.7346153846153847,0.13846153846153847,0.0
22,CrossEntropyLoss,RPS,0.18000000000000005,0.8346153846153846,2.6923076923076925,1.6923076923076923,1.186046511627907,3.0,3.8717948717948714,0.19615384615384615,0.0
22,CrossEntropyLoss,RPS,0.19999999999999996,0.8038461538461539,2.396153846153846,1.396153846153846,1.2352941176470589,3.0,3.8192307692307694,0.2423076923076923,0.0
22,CrossEntropyLoss,OCDF,0.010000000000000009,0.9961538461538462,4.9653846153846155,3.9653846153846155,1.0,1.0,4.734615384615384,0.0038461538461538464,0.0
22,CrossEntropyLoss,OCDF,0.020000000000000018,0.9807692307692307,4.857692307692307,3.8576923076923078,1.0,1.0,5.780769230769229,0.019230769230769232,0.0
22,CrossEntropyLoss,OCDF,0.030000000000000027,0.9769230769230769,4.8307692307692305,3.830769230769231,1.0,1.0,5.369230769230768,0.023076923076923078,0.0
22,CrossEntropyLoss,OCDF,0.050000000000000044,0.9615384615384616,4.7153846153846155,3.7153846153846155,1.2,2.0,5.5615384615384595,0.046153846153846156,0.0
22,CrossEntropyLoss,OCDF,0.07999999999999996,0.9538461538461539,4.65,3.65,1.25,2.0,5.092307692307692,0.057692307692307696,0.0
22,CrossEntropyLoss,OCDF,0.09999999999999998,0.9192307692307692,4.5,3.5,1.3333333333333333,2.0,5.653846153846154,0.1076923076923077,0.0
22,CrossEntropyLoss,OCDF,0.13,0.9115384615384615,4.407692307692308,3.4076923076923076,1.3478260869565217,2.0,5.242011834319527,0.11923076923076924,0.0
22,CrossEntropyLoss,OCDF,0.15000000000000002,0.9076923076923077,4.342307692307692,3.3423076923076924,1.375,2.0,5.0346153846153845,0.12692307692307692,0.0
22,CrossEntropyLoss,OCDF,0.18000000000000005,0.8807692307692307,4.2,3.2,1.2903225806451613,2.0,4.909401709401709,0.15384615384615385,0.0
22,CrossEntropyLoss,OCDF,0.19999999999999996,0.8538461538461538,4.053846153846154,3.0538461538461537,1.3157894736842106,3.0,4.976923076923077,0.19230769230769232,0.0
22,CrossEntropyLoss,APS,0.010000000000000009,1.0,4.615384615384615,3.6346153846153846,,0.0,3.6346153846153846,0.0,0.019230769230769273
22,CrossEntropyLoss,APS,0.020000000000000018,0.9923076923076923,4.373076923076923,3.4153846153846152,1.0,1.0,4.184615384615384,0.007692307692307693,0.038461538461538436
22,CrossEntropyLoss,APS,0.030000000000000027,0.9884615384615385,4.096153846153846,3.1423076923076922,1.3333333333333333,2.0,4.167948717948717,0.015384615384615385,0.0461538461538461
22,CrossEntropyLoss,APS,0.050000000000000044,0.9538461538461539,3.65,2.7884615384615383,1.4166666666666667,4.0,4.326923076923076,0.06538461538461539,0.13461538461538458
22,CrossEntropyLoss,APS,0.07999999999999996,0.9384615384615385,3.4346153846153844,2.6153846153846154,1.5625,4.0,3.76923076923077,0.09615384615384616,0.17307692307692313
22,CrossEntropyLoss,APS,0.09999999999999998,0.9307692307692308,3.1384615384615384,2.373076923076923,1.7222222222222223,4.0,3.526923076923077,0.11923076923076924,0.22307692307692306
22,CrossEntropyLoss,APS,0.13,0.9,2.8923076923076922,2.173076923076923,1.6538461538461537,4.0,3.534023668639053,0.16538461538461538,0.2615384615384615
22,CrossEntropyLoss,APS,0.15000000000000002,0.8730769230769231,2.7192307692307693,2.0307692307692307,1.6666666666666667,4.0,3.62051282051282,0.21153846153846154,0.28846153846153844
22,CrossEntropyLoss,APS,0.18000000000000005,0.8576923076923076,2.4884615384615385,1.853846153846154,1.7297297297297298,4.0,3.2641025641025636,0.24615384615384617,0.3192307692307692
22,CrossEntropyLoss,APS,0.19999999999999996,0.8538461538461538,2.4269230769230767,1.8,1.736842105263158,4.0,3.146153846153846,0.25384615384615383,0.32692307692307687
22,CrossEntropyLoss,LAC,0.010000000000000009,1.0,4.596153846153846,3.623076923076923,,0.0,3.623076923076923,0.0,0.02692307692307694
22,CrossEntropyLoss,LAC,0.020000000000000018,0.9846153846153847,4.073076923076923,3.1115384615384616,1.5,2.0,5.034615384615383,0.023076923076923078,0.038461538461538436
22,CrossEntropyLoss,LAC,0.030000000000000027,0.9730769230769231,3.957692307692308,3.0346153846153845,1.4285714285714286,2.0,4.829487179487178,0.038461538461538464,0.07692307692307687
22,CrossEntropyLoss,LAC,0.050000000000000044,0.9615384615384616,3.7884615384615383,2.8653846153846154,1.3,2.0,4.403846153846152,0.05,0.07692307692307687
22,CrossEntropyLoss,LAC,0.07999999999999996,0.9461538461538461,3.2884615384615383,2.457692307692308,1.2857142857142858,2.0,4.18846153846154,0.06923076923076923,0.16923076923076918
22,CrossEntropyLoss,LAC,0.09999999999999998,0.9192307692307692,2.873076923076923,2.076923076923077,1.3333333333333333,2.0,4.076923076923077,0.1076923076923077,0.1923076923076923
22,CrossEntropyLoss,LAC,0.13,0.9115384615384615,2.673076923076923,1.8807692307692307,1.434782608695652,4.0,3.7150887573964497,0.12692307692307692,0.19999999999999996
22,CrossEntropyLoss,LAC,0.15000000000000002,0.8961538461538462,2.5730769230769233,1.8153846153846154,1.3703703703703705,4.0,3.5076923076923077,0.1423076923076923,0.2384615384615385
22,CrossEntropyLoss,LAC,0.18000000000000005,0.8538461538461538,2.373076923076923,1.65,1.3421052631578947,4.0,3.5730769230769233,0.19615384615384615,0.2730769230769231
22,CrossEntropyLoss,LAC,0.19999999999999996,0.8461538461538461,2.2884615384615383,1.5769230769230769,1.325,4.0,3.3846153846153846,0.20384615384615384,0.2846153846153846
23,CrossEntropyLoss,min-CPS,0.010000000000000009,0.9961538461538462,4.538461538461538,3.5384615384615383,1.0,1.0,4.307692307692307,0.0038461538461538464,0.0
23,CrossEntropyLoss,min-CPS,0.020000000000000018,0.9923076923076923,4.142307692307693,3.1423076923076922,2.0,2.0,4.680769230769229,0.015384615384615385,0.0
23,CrossEntropyLoss,min-CPS,0.030000000000000027,0.9846153846153847,3.996153846153846,2.996153846153846,1.75,3.0,4.79102564102564,0.026923076923076925,0.0
23,CrossEntropyLoss,min-CPS,0.050000000000000044,0.9615384615384616,3.5653846153846156,2.5653846153846156,1.3,3.0,4.565384615384613,0.05,0.0
23,CrossEntropyLoss,min-CPS,0.07999999999999996,0.9423076923076923,3.25,2.25,1.3333333333333333,3.0,4.173076923076925,0.07692307692307693,0.0
23,CrossEntropyLoss,min-CPS,0.09999999999999998,0.9307692307692308,2.9846153846153847,1.9846153846153847,1.3333333333333333,3.0,3.830769230769231,0.09230769230769231,0.0
23,CrossEntropyLoss,min-CPS,0.13,0.9115384615384615,2.726923076923077,1.726923076923077,1.3478260869565217,3.0,3.561242603550296,0.11923076923076924,0.0
23,CrossEntropyLoss,min-CPS,0.15000000000000002,0.9038461538461539,2.6538461538461537,1.6538461538461537,1.32,3.0,3.3461538461538463,0.12692307692307692,0.0
23,CrossEntropyLoss,min-CPS,0.18000000000000005,0.8307692307692308,2.4384615384615387,1.4384615384615385,1.25,3.0,3.788888888888888,0.21153846153846154,0.0
23,CrossEntropyLoss,min-CPS,0.19999999999999996,0.8269230769230769,2.419230769230769,1.4192307692307693,1.2444444444444445,3.0,3.5730769230769233,0.2153846153846154,0.0
23,CrossEntropyLoss,RPS,0.010000000000000009,0.9961538461538462,4.515384615384615,3.5153846153846153,1.0,1.0,4.284615384615384,0.0038461538461538464,0.0
23,CrossEntropyLoss,RPS,0.020000000000000018,0.9769230769230769,4.0807692307692305,3.080769230769231,1.0,1.0,5.388461538461537,0.023076923076923078,0.0
23,CrossEntropyLoss,RPS,0.030000000000000027,0.9730769230769231,4.046153846153846,3.046153846153846,1.0,1.0,4.841025641025641,0.026923076923076925,0.0
23,CrossEntropyLoss,RPS,0.050000000000000044,0.9730769230769231,3.8884615384615384,2.8884615384615384,1.1428571428571428,2.0,4.119230769230768,0.03076923076923077,0.0
23,CrossEntropyLoss,RPS,0.07999999999999996,0.9538461538461539,3.6192307692307693,2.6192307692307693,1.0833333333333333,2.0,3.86923076923077,0.05,0.0
23,CrossEntropyLoss,RPS,0.09999999999999998,0.9423076923076923,3.3384615384615386,2.3384615384615386,1.2,2.0,3.723076923076923,0.06923076923076923,0.0
23,CrossEntropyLoss,RPS,0.13,0.9038461538461539,3.0653846153846156,2.0653846153846156,1.2,2.0,3.8405325443786977,0.11538461538461539,0.0
23,CrossEntropyLoss,RPS,0.15000000000000002,0.8846153846153846,2.919230769230769,1.9192307692307693,1.2,2.0,3.7653846153846153,0.13846153846153847,0.0
23,CrossEntropyLoss,RPS,0.18000000000000005,0.8384615384615385,2.673076923076923,1.6730769230769231,1.1904761904761905,2.0,3.809829059829059,0.19230769230769232,0.0
23,CrossEntropyLoss,RPS,0.19999999999999996,0.8,2.3615384615384616,1.3615384615384616,1.2115384615384615,3.0,3.7846153846153845,0.2423076923076923,0.0
23,CrossEntropyLoss,OCDF,0.010000000000000009,1.0,4.957692307692308,3.957692307692308,,0.0,3.957692307692308,0.0,0.0
23,CrossEntropyLoss,OCDF,0.020000000000000018,0.9884615384615385,4.861538461538461,3.8615384615384616,1.0,1.0,5.0153846153846136,0.011538461538461539,0.0
23,CrossEntropyLoss,OCDF,0.030000000000000027,0.9884615384615385,4.838461538461538,3.8384615384615386,1.0,1.0,4.607692307692307,0.011538461538461539,0.0
23,CrossEntropyLoss,OCDF,0.050000000000000044,0.9615384615384616,4.7153846153846155,3.7153846153846155,1.1,2.0,5.407692307692306,0.04230769230769231,0.0
23,CrossEntropyLoss,OCDF,0.07999999999999996,0.9461538461538461,4.634615384615385,3.6346153846153846,1.2142857142857142,2.0,5.26923076923077,0.06538461538461539,0.0
23,CrossEntropyLoss,OCDF,0.09999999999999998,0.9384615384615385,4.576923076923077,3.576923076923077,1.25,2.0,5.115384615384615,0.07692307692307693,0.0
23,CrossEntropyLoss,OCDF,0.13,0.9076923076923077,4.446153846153846,3.4461538461538463,1.2916666666666667,2.0,5.280473372781065,0.11923076923076924,0.0
23,CrossEntropyLoss,OCDF,0.15000000000000002,0.8846153846153846,4.257692307692308,3.2576923076923077,1.4333333333333333,3.0,5.462820512820513,0.16538461538461538,0.0
23,CrossEntropyLoss,OCDF,0.18000000000000005,0.8346153846153846,4.038461538461538,3.0384615384615383,1.4186046511627908,3.0,5.645299145299146,0.23461538461538461,0.0
23,CrossEntropyLoss,OCDF,0.19999999999999996,0.823076923076923,3.9461538461538463,2.9461538461538463,1.4565217391304348,3.0,5.523076923076923,0.25769230769230766,0.0
23,CrossEntropyLoss,APS,0.010000000000000009,0.9923076923076923,4.484615384615385,3.5153846153846153,1.0,1.0,5.053846153846152,0.007692307692307693,0.03076923076923077
23,CrossEntropyLoss,APS,0.020000000000000018,0.9884615384615385,4.2615384615384615,3.3115384615384613,1.0,1.0,4.465384615384614,0.011538461538461539,0.0461538461538461
23,CrossEntropyLoss,APS,0.030000000000000027,0.9807692307692307,4.107692307692307,3.173076923076923,1.2,2.0,4.455128205128204,0.023076923076923078,0.06538461538461537
23,CrossEntropyLoss,APS,0.050000000000000044,0.9653846153846154,3.85,2.9461538461538463,1.1111111111111112,2.0,4.33076923076923,0.038461538461538464,0.09615384615384615
23,CrossEntropyLoss,APS,0.07999999999999996,0.9538461538461539,3.5307692307692307,2.6653846153846152,1.25,3.0,3.915384615384616,0.057692307692307696,0.13461538461538458
23,CrossEntropyLoss,APS,0.09999999999999998,0.9076923076923077,3.0,2.2423076923076923,1.6666666666666667,4.0,3.626923076923077,0.15384615384615385,0.2269230769230769
23,CrossEntropyLoss,APS,0.13,0.9,2.8576923076923078,2.1384615384615384,1.6538461538461537,4.0,3.4402366863905325,0.16538461538461538,0.26538461538461533
23,CrossEntropyLoss,APS,0.15000000000000002,0.8846153846153846,2.75,2.0615384615384613,1.6,4.0,3.394871794871795,0.18461538461538463,0.29230769230769227
23,CrossEntropyLoss,APS,0.18000000000000005,0.8730769230769231,2.6307692307692307,1.9846153846153847,1.7575757575757576,4.0,3.138461538461538,0.2230769230769231,0.32692307692307687
23,CrossEntropyLoss,APS,0.19999999999999996,0.8576923076923076,2.5076923076923077,1.8615384615384616,1.8108108108108107,4.0,3.0923076923076924,0.25769230769230766,0.32307692307692304
23,CrossEntropyLoss,LAC,0.010000000000000009,0.9961538461538462,4.526923076923077,3.546153846153846,1.0,1.0,4.315384615384614,0.0038461538461538464,0.019230769230769273
23,CrossEntropyLoss,LAC,0.020000000000000018,0.9923076923076923,4.092307692307692,3.1384615384615384,2.5,3.0,5.0615384615384595,0.019230769230769232,0.0461538461538461
23,CrossEntropyLoss,LAC,0.030000000000000027,0.9884615384615385,4.015384615384615,3.076923076923077,2.0,3.0,4.615384615384613,0.023076923076923078,0.06153846153846154
23,CrossEntropyLoss,LAC,0.050000000000000044,0.9730769230769231,3.8846153846153846,2.95,1.4285714285714286,3.0,4.180769230769229,0.038461538461538464,0.06538461538461537
23,CrossEntropyLoss,LAC,0.07999999999999996,0.9461538461538461,3.296153846153846,2.4307692307692306,1.2142857142857142,3.0,3.969230769230771,0.06538461538461539,0.13461538461538458
23,CrossEntropyLoss,LAC,0.09999999999999998,0.9230769230769231,2.853846153846154,2.0307692307692307,1.3,3.0,3.8,0.1,0.17307692307692313
23,CrossEntropyLoss,LAC,0.13,0.9,2.6115384615384616,1.8269230769230769,1.2692307692307692,3.0,3.4837278106508873,0.12692307692307692,0.2153846153846154
23,CrossEntropyLoss,LAC,0.15000000000000002,0.9,2.5615384615384613,1.7961538461538462,1.2692307692307692,3.0,3.2320512820512817,0.12692307692307692,0.23461538461538467
23,CrossEntropyLoss,LAC,0.18000000000000005,0.8846153846153846,2.4,1.6538461538461537,1.3,3.0,3.0641025641025634,0.15,0.25384615384615383
23,CrossEntropyLoss,LAC,0.19999999999999996,0.8692307692307693,2.330769230769231,1.5961538461538463,1.3529411764705883,3.0,3.1346153846153846,0.17692307692307693,0.26538461538461533
24,CrossEntropyLoss,min-CPS,0.010000000000000009,0.9923076923076923,4.461538461538462,3.4615384615384617,1.0,1.0,4.999999999999998,0.007692307692307693,0.0
24,CrossEntropyLoss,min-CPS,0.020000000000000018,0.9653846153846154,3.873076923076923,2.873076923076923,1.5555555555555556,3.0,8.257692307692304,0.05384615384615385,0.0
24,CrossEntropyLoss,min-CPS,0.030000000000000027,0.9615384615384616,3.826923076923077,2.826923076923077,1.5,3.0,6.673076923076921,0.057692307692307696,0.0
24,CrossEntropyLoss,min-CPS,0.050000000000000044,0.9346153846153846,3.3153846153846156,2.3153846153846156,1.411764705882353,3.0,6.007692307692304,0.09230769230769231,0.0
24,CrossEntropyLoss,min-CPS,0.07999999999999996,0.9192307692307692,3.0153846153846153,2.0153846153846153,1.5238095238095237,3.0,5.092307692307694,0.12307692307692308,0.0
24,CrossEntropyLoss,min-CPS,0.09999999999999998,0.8769230769230769,2.6576923076923076,1.6576923076923078,1.46875,3.0,5.273076923076923,0.18076923076923077,0.0
24,CrossEntropyLoss,min-CPS,0.13,0.8653846153846154,2.5538461538461537,1.5538461538461539,1.4857142857142858,3.0,4.63076923076923,0.2,0.0
24,CrossEntropyLoss,min-CPS,0.15000000000000002,0.8692307692307693,2.4884615384615385,1.4884615384615385,1.588235294117647,4.0,4.257692307692308,0.2076923076923077,0.0
24,CrossEntropyLoss,min-CPS,0.18000000000000005,0.8384615384615385,2.3923076923076922,1.3923076923076922,1.5,4.0,4.084615384615383,0.2423076923076923,0.0
24,CrossEntropyLoss,min-CPS,0.19999999999999996,0.8153846153846154,2.3,1.3,1.4583333333333333,4.0,3.9923076923076923,0.2692307692307692,0.0
24,CrossEntropyLoss,RPS,0.010000000000000009,0.9846153846153847,4.2846153846153845,3.2846153846153845,1.0,1.0,6.3615384615384585,0.015384615384615385,0.0
24,CrossEntropyLoss,RPS,0.020000000000000018,0.9653846153846154,4.038461538461538,3.0384615384615383,1.1111111111111112,2.0,6.8846153846153815,0.038461538461538464,0.0
24,CrossEntropyLoss,RPS,0.030000000000000027,0.9576923076923077,3.8807692307692307,2.8807692307692307,1.1818181818181819,2.0,6.214102564102562,0.05,0.0
24,CrossEntropyLoss,RPS,0.050000000000000044,0.9230769230769231,3.5692307692307694,2.5692307692307694,1.1,2.0,5.953846153846151,0.08461538461538462,0.0
24,CrossEntropyLoss,RPS,0.07999999999999996,0.9230769230769231,3.3192307692307694,2.3192307692307694,1.2,2.0,4.626923076923078,0.09230769230769231,0.0
24,CrossEntropyLoss,RPS,0.09999999999999998,0.9153846153846154,3.1307692307692307,2.1307692307692307,1.2272727272727273,3.0,4.207692307692308,0.10384615384615385,0.0
24,CrossEntropyLoss,RPS,0.13,0.8615384615384616,2.8923076923076922,1.8923076923076922,1.2222222222222223,3.0,4.495857988165681,0.16923076923076924,0.0
24,CrossEntropyLoss,RPS,0.15000000000000002,0.8346153846153846,2.796153846153846,1.7961538461538462,1.2325581395348837,3.0,4.514102564102563,0.20384615384615384,0.0
24,CrossEntropyLoss,RPS,0.18000000000000005,0.8307692307692308,2.6653846153846152,1.6653846153846155,1.2272727272727273,3.0,3.973076923076923,0.2076923076923077,0.0
24,CrossEntropyLoss,RPS,0.19999999999999996,0.8076923076923077,2.3653846153846154,1.3653846153846154,1.4,3.0,4.0576923076923075,0.2692307692307692,0.0
24,CrossEntropyLoss,OCDF,0.010000000000000009,0.9961538461538462,4.934615384615385,3.9346153846153844,1.0,1.0,4.703846153846153,0.0038461538461538464,0.0
24,CrossEntropyLoss,OCDF,0.020000000000000018,0.9884615384615385,4.865384615384615,3.8653846153846154,1.0,1.0,5.019230769230768,0.011538461538461539,0.0
24,CrossEntropyLoss,OCDF,0.030000000000000027,0.9846153846153847,4.8307692307692305,3.830769230769231,1.0,1.0,4.856410256410256,0.015384615384615385,0.0
24,CrossEntropyLoss,OCDF,0.050000000000000044,0.9769230769230769,4.7846153846153845,3.7846153846153845,1.0,1.0,4.707692307692307,0.023076923076923078,0.0
24,CrossEntropyLoss,OCDF,0.07999999999999996,0.9461538461538461,4.630769230769231,3.6307692307692307,1.1428571428571428,2.0,5.16923076923077,0.06153846153846154,0.0
24,CrossEntropyLoss,OCDF,0.09999999999999998,0.9192307692307692,4.526923076923077,3.526923076923077,1.2380952380952381,2.0,5.526923076923077,0.1,0.0
24,CrossEntropyLoss,OCDF,0.13,0.8692307692307693,4.292307692307692,3.292307692307692,1.2352941176470589,2.0,5.777514792899408,0.16153846153846155,0.0
24,CrossEntropyLoss,OCDF,0.15000000000000002,0.8576923076923076,4.2384615384615385,3.2384615384615385,1.2702702702702702,2.0,5.648717948717948,0.18076923076923077,0.0
24,CrossEntropyLoss,OCDF,0.18000000000000005,0.8038461538461539,4.0,3.0,1.3137254901960784,2.0,5.863247863247863,0.25769230769230766,0.0
24,CrossEntropyLoss,OCDF,0.19999999999999996,0.7807692307692308,3.8807692307692307,2.8807692307692307,1.3508771929824561,3.0,5.842307692307692,0.29615384615384616,0.0
24,CrossEntropyLoss,APS,0.010000000000000009,0.9923076923076923,4.426923076923077,3.4615384615384617,1.0,1.0,4.999999999999998,0.007692307692307693,0.0346153846153846
24,CrossEntropyLoss,APS,0.020000000000000018,0.9884615384615385,4.053846153846154,3.1115384615384616,1.6666666666666667,2.0,5.034615384615383,0.019230769230769232,0.05769230769230771
24,CrossEntropyLoss,APS,0.030000000000000027,0.9807692307692307,3.8346153846153848,2.9269230769230767,1.4,2.0,4.72179487179487,0.026923076923076925,0.09230769230769231
24,CrossEntropyLoss,APS,0.050000000000000044,0.9384615384615385,3.4269230769230767,2.5923076923076924,1.625,4.0,5.3615384615384585,0.1,0.16153846153846152
24,CrossEntropyLoss,APS,0.07999999999999996,0.9,3.0346153846153845,2.2807692307692307,1.6538461538461537,4.0,4.780769230769232,0.16538461538461538,0.23461538461538467
24,CrossEntropyLoss,APS,0.09999999999999998,0.8807692307692307,2.8615384615384616,2.146153846153846,1.6129032258064515,4.0,4.607692307692307,0.19230769230769232,0.2692307692307693
24,CrossEntropyLoss,APS,0.13,0.8615384615384616,2.7,1.9884615384615385,1.7222222222222223,4.0,4.118639053254438,0.23846153846153847,0.26538461538461533
24,CrossEntropyLoss,APS,0.15000000000000002,0.8346153846153846,2.480769230769231,1.8384615384615384,1.697674418604651,4.0,3.8384615384615386,0.28076923076923077,0.32307692307692304
24,CrossEntropyLoss,APS,0.18000000000000005,0.8038461538461539,2.3076923076923075,1.6576923076923078,1.6666666666666667,4.0,3.623504273504273,0.3269230769230769,0.3153846153846154
24,CrossEntropyLoss,APS,0.19999999999999996,0.7846153846153846,2.1807692307692306,1.5307692307692307,1.7678571428571428,4.0,3.646153846153846,0.38076923076923075,0.3076923076923077
24,CrossEntropyLoss,LAC,0.010000000000000009,0.9923076923076923,4.415384615384616,3.4461538461538463,1.5,2.0,5.753846153846152,0.011538461538461539,0.03076923076923077
24,CrossEntropyLoss,LAC,0.020000000000000018,0.9730769230769231,3.9269230769230767,2.9884615384615385,1.8571428571428572,3.0,7.60384615384615,0.05,0.06153846153846154
24,CrossEntropyLoss,LAC,0.030000000000000027,0.9653846153846154,3.8615384615384616,2.9269230769230767,1.6666666666666667,3.0,6.516666666666664,0.057692307692307696,0.06538461538461537
24,CrossEntropyLoss,LAC,0.050000000000000044,0.9307692307692308,3.269230769230769,2.4384615384615387,1.3888888888888888,3.0,5.9769230769230735,0.09615384615384616,0.16923076923076918
24,CrossEntropyLoss,LAC,0.07999999999999996,0.9,2.8346153846153848,2.0153846153846153,1.4230769230769231,3.0,5.1884615384615405,0.1423076923076923,0.17692307692307696
24,CrossEntropyLoss,LAC,0.09999999999999998,0.8846153846153846,2.6153846153846154,1.8076923076923077,1.5333333333333334,4.0,4.884615384615385,0.17692307692307693,0.18846153846153846
24,CrossEntropyLoss,LAC,0.13,0.8576923076923076,2.4038461538461537,1.6115384615384616,1.4594594594594594,4.0,4.451775147928995,0.2076923076923077,0.20769230769230773
24,CrossEntropyLoss,LAC,0.15000000000000002,0.8384615384615385,2.3230769230769233,1.5461538461538462,1.4285714285714286,4.0,4.264102564102563,0.23076923076923078,0.22307692307692306
24,CrossEntropyLoss,LAC,0.18000000000000005,0.823076923076923,2.2423076923076923,1.4807692307692308,1.4130434782608696,4.0,3.959401709401709,0.25,0.2384615384615385
24,CrossEntropyLoss,LAC,0.19999999999999996,0.8153846153846154,2.146153846153846,1.3846153846153846,1.4375,4.0,3.769230769230769,0.2653846153846154,0.23461538461538467
25,CrossEntropyLoss,min-CPS,0.010000000000000009,0.9961538461538462,4.492307692307692,3.4923076923076923,1.0,1.0,4.261538461538461,0.0038461538461538464,0.0
25,CrossEntropyLoss,min-CPS,0.020000000000000018,0.9807692307692307,3.9346153846153844,2.9346153846153844,2.0,3.0,6.780769230769227,0.038461538461538464,0.0
25,CrossEntropyLoss,min-CPS,0.030000000000000027,0.9576923076923077,3.5576923076923075,2.5576923076923075,1.6363636363636365,3.0,7.173076923076919,0.06923076923076923,0.0
25,CrossEntropyLoss,min-CPS,0.050000000000000044,0.9192307692307692,3.2153846153846155,2.2153846153846155,1.3333333333333333,3.0,6.523076923076919,0.1076923076923077,0.0
25,CrossEntropyLoss,min-CPS,0.07999999999999996,0.9076923076923077,2.8846153846153846,1.8846153846153846,1.4583333333333333,3.0,5.250000000000002,0.1346153846153846,0.0
25,CrossEntropyLoss,min-CPS,0.09999999999999998,0.8884615384615384,2.6769230769230767,1.676923076923077,1.4482758620689655,3.0,4.907692307692308,0.16153846153846155,0.0
25,CrossEntropyLoss,min-CPS,0.13,0.85,2.5115384615384615,1.5115384615384615,1.435897435897436,3.0,4.825147928994083,0.2153846153846154,0.0
25,CrossEntropyLoss,min-CPS,0.15000000000000002,0.8384615384615385,2.4346153846153844,1.4346153846153846,1.4285714285714286,3.0,4.5115384615384615,0.23076923076923078,0.0
25,CrossEntropyLoss,min-CPS,0.18000000000000005,0.8192307692307692,2.3153846153846156,1.3153846153846154,1.3829787234042554,3.0,4.093162393162393,0.25,0.0
25,CrossEntropyLoss,min-CPS,0.19999999999999996,0.7884615384615384,2.2346153846153847,1.2346153846153847,1.3454545454545455,3.0,4.0807692307692305,0.2846153846153846,0.0
25,CrossEntropyLoss,RPS,0.010000000000000009,0.9923076923076923,4.3076923076923075,3.3076923076923075,1.0,1.0,4.846153846153844,0.007692307692307693,0.0
25,CrossEntropyLoss,RPS,0.020000000000000018,0.9692307692307692,4.015384615384615,3.0153846153846153,1.0,1.0,6.092307692307689,0.03076923076923077,0.0
25,CrossEntropyLoss,RPS,0.030000000000000027,0.9692307692307692,3.9,2.9,1.0,1.0,4.95128205128205,0.03076923076923077,0.0
25,CrossEntropyLoss,RPS,0.050000000000000044,0.9307692307692308,3.5692307692307694,2.5692307692307694,1.1111111111111112,2.0,5.646153846153844,0.07692307692307693,0.0
25,CrossEntropyLoss,RPS,0.07999999999999996,0.9153846153846154,3.3192307692307694,2.3192307692307694,1.1363636363636365,2.0,4.723076923076925,0.09615384615384616,0.0
25,CrossEntropyLoss,RPS,0.09999999999999998,0.8961538461538462,3.0384615384615383,2.0384615384615383,1.1481481481481481,2.0,4.423076923076923,0.11923076923076924,0.0
25,CrossEntropyLoss,RPS,0.13,0.8461538461538461,2.8230769230769233,1.823076923076923,1.225,2.0,4.722485207100592,0.18846153846153846,0.0
25,CrossEntropyLoss,RPS,0.15000000000000002,0.8346153846153846,2.776923076923077,1.7769230769230768,1.2093023255813953,2.0,4.443589743589743,0.2,0.0
25,CrossEntropyLoss,RPS,0.18000000000000005,0.8307692307692308,2.6576923076923076,1.6576923076923078,1.2045454545454546,2.0,3.922649572649572,0.20384615384615384,0.0
25,CrossEntropyLoss,RPS,0.19999999999999996,0.8115384615384615,2.3653846153846154,1.3653846153846154,1.3673469387755102,3.0,3.9423076923076925,0.25769230769230766,0.0
25,CrossEntropyLoss,OCDF,0.010000000000000009,1.0,4.973076923076923,3.973076923076923,,0.0,3.973076923076923,0.0,0.0
25,CrossEntropyLoss,OCDF,0.020000000000000018,0.9923076923076923,4.8961538461538465,3.896153846153846,1.0,1.0,4.665384615384615,0.007692307692307693,0.0
25,CrossEntropyLoss,OCDF,0.030000000000000027,0.9769230769230769,4.815384615384615,3.8153846153846156,1.0,1.0,5.353846153846153,0.023076923076923078,0.0
25,CrossEntropyLoss,OCDF,0.050000000000000044,0.9653846153846154,4.707692307692308,3.707692307692308,1.2222222222222223,2.0,5.399999999999999,0.04230769230769231,0.0
25,CrossEntropyLoss,OCDF,0.07999999999999996,0.926923076923077,4.561538461538461,3.5615384615384613,1.263157894736842,2.0,5.86923076923077,0.09230769230769231,0.0
25,CrossEntropyLoss,OCDF,0.09999999999999998,0.9,4.430769230769231,3.4307692307692306,1.3461538461538463,2.0,6.123076923076923,0.1346153846153846,0.0
25,CrossEntropyLoss,OCDF,0.13,0.8346153846153846,4.15,3.15,1.3255813953488371,3.0,6.522781065088757,0.21923076923076923,0.0
25,CrossEntropyLoss,OCDF,0.15000000000000002,0.8153846153846154,4.053846153846154,3.0538461538461537,1.3333333333333333,3.0,6.335897435897435,0.24615384615384617,0.0
25,CrossEntropyLoss,OCDF,0.18000000000000005,0.8038461538461539,3.980769230769231,2.980769230769231,1.3725490196078431,3.0,5.972222222222221,0.2692307692307692,0.0
25,CrossEntropyLoss,OCDF,0.19999999999999996,0.7730769230769231,3.8346153846153848,2.8346153846153848,1.423728813559322,3.0,6.065384615384615,0.3230769230769231,0.0
25,CrossEntropyLoss,APS,0.010000000000000009,1.0,4.411538461538462,3.45,,0.0,3.45,0.0,0.038461538461538436
25,CrossEntropyLoss,APS,0.020000000000000018,0.9538461538461539,3.6538461538461537,2.7846153846153845,1.0833333333333333,2.0,6.630769230769228,0.05,0.13076923076923075
25,CrossEntropyLoss,APS,0.030000000000000027,0.95,3.623076923076923,2.7576923076923077,1.0769230769230769,2.0,5.578205128205126,0.05384615384615385,0.13461538461538458
25,CrossEntropyLoss,APS,0.050000000000000044,0.9307692307692308,3.4346153846153844,2.5961538461538463,1.6666666666666667,4.0,5.673076923076921,0.11538461538461539,0.15384615384615385
25,CrossEntropyLoss,APS,0.07999999999999996,0.8576923076923076,2.7807692307692307,2.042307692307692,1.7567567567567568,4.0,5.8884615384615415,0.25,0.24230769230769234
25,CrossEntropyLoss,APS,0.09999999999999998,0.8384615384615385,2.623076923076923,1.9153846153846155,1.8095238095238095,4.0,5.1461538461538465,0.2923076923076923,0.2615384615384615
25,CrossEntropyLoss,APS,0.13,0.823076923076923,2.4846153846153847,1.8269230769230769,1.8695652173913044,4.0,4.548816568047337,0.33076923076923076,0.3076923076923077
25,CrossEntropyLoss,APS,0.15000000000000002,0.7961538461538461,2.2884615384615383,1.6423076923076922,2.056603773584906,4.0,4.206410256410256,0.41923076923076924,0.28846153846153844
25,CrossEntropyLoss,APS,0.18000000000000005,0.7615384615384615,2.1307692307692307,1.4961538461538462,2.032258064516129,4.0,3.9747863247863244,0.4846153846153846,0.2961538461538461
25,CrossEntropyLoss,APS,0.19999999999999996,0.75,2.080769230769231,1.45,2.046153846153846,4.0,3.796153846153846,0.5115384615384615,0.2961538461538461
25,CrossEntropyLoss,LAC,0.010000000000000009,0.9961538461538462,4.469230769230769,3.496153846153846,1.0,1.0,4.265384615384614,0.0038461538461538464,0.02692307692307694
25,CrossEntropyLoss,LAC,0.020000000000000018,0.9653846153846154,3.8615384615384616,2.9269230769230767,1.7777777777777777,3.0,8.311538461538458,0.06153846153846154,0.06538461538461537
25,CrossEntropyLoss,LAC,0.030000000000000027,0.9653846153846154,3.826923076923077,2.8807692307692307,1.7777777777777777,3.0,6.470512820512818,0.06153846153846154,0.05384615384615388
25,CrossEntropyLoss,LAC,0.050000000000000044,0.9307692307692308,3.226923076923077,2.373076923076923,1.3888888888888888,3.0,6.219230769230766,0.09615384615384616,0.1461538461538462
25,CrossEntropyLoss,LAC,0.07999999999999996,0.9076923076923077,2.9076923076923076,2.0730769230769233,1.375,3.0,4.95769230769231,0.12692307692307692,0.16153846153846152
25,CrossEntropyLoss,LAC,0.09999999999999998,0.8923076923076924,2.6307692307692307,1.8423076923076922,1.3928571428571428,3.0,4.457692307692308,0.15,0.21153846153846156
25,CrossEntropyLoss,LAC,0.13,0.823076923076923,2.273076923076923,1.5269230769230768,1.3478260869565217,3.0,4.663017751479289,0.23846153846153847,0.25384615384615383
25,CrossEntropyLoss,LAC,0.15000000000000002,0.8115384615384615,2.230769230769231,1.4807692307692308,1.346938775510204,3.0,4.403846153846153,0.25384615384615383,0.25
25,CrossEntropyLoss,LAC,0.18000000000000005,0.7923076923076923,2.126923076923077,1.3653846153846154,1.3518518518518519,3.0,4.100427350427349,0.28076923076923077,0.2384615384615385
25,CrossEntropyLoss,LAC,0.19999999999999996,0.7846153846153846,2.0615384615384613,1.2961538461538462,1.4107142857142858,3.0,3.9884615384615385,0.3038461538461538,0.23461538461538467
26,CrossEntropyLoss,min-CPS,0.010000000000000009,0.9961538461538462,4.561538461538461,3.5615384615384613,1.0,1.0,4.33076923076923,0.0038461538461538464,0.0
26,CrossEntropyLoss,min-CPS,0.020000000000000018,0.9884615384615385,4.119230769230769,3.1192307692307693,1.3333333333333333,2.0,4.657692307692306,0.015384615384615385,0.0
26,CrossEntropyLoss,min-CPS,0.030000000000000027,0.9769230769230769,4.0,3.0,1.3333333333333333,2.0,5.05128205128205,0.03076923076923077,0.0
26,CrossEntropyLoss,min-CPS,0.050000000000000044,0.9423076923076923,3.4115384615384614,2.4115384615384614,1.2666666666666666,2.0,5.334615384615382,0.07307692307692308,0.0
26,CrossEntropyLoss,min-CPS,0.07999999999999996,0.9115384615384615,2.980769230769231,1.9807692307692308,1.2608695652173914,2.0,4.769230769230771,0.11153846153846154,0.0
26,CrossEntropyLoss,min-CPS,0.09999999999999998,0.8884615384615384,2.746153846153846,1.7461538461538462,1.3103448275862069,3.0,4.6692307692307695,0.14615384615384616,0.0
26,CrossEntropyLoss,min-CPS,0.13,0.8730769230769231,2.6192307692307693,1.6192307692307693,1.3333333333333333,3.0,4.222781065088756,0.16923076923076924,0.0
26,CrossEntropyLoss,min-CPS,0.15000000000000002,0.8384615384615385,2.4923076923076923,1.4923076923076923,1.380952380952381,4.0,4.466666666666666,0.2230769230769231,0.0
26,CrossEntropyLoss,min-CPS,0.18000000000000005,0.8269230769230769,2.4076923076923076,1.4076923076923078,1.4,4.0,4.099999999999999,0.2423076923076923,0.0
26,CrossEntropyLoss,min-CPS,0.19999999999999996,0.7846153846153846,2.296153846153846,1.2961538461538462,1.3928571428571428,4.0,4.296153846153846,0.3,0.0
26,CrossEntropyLoss,RPS,0.010000000000000009,0.9961538461538462,4.519230769230769,3.519230769230769,1.0,1.0,4.288461538461537,0.0038461538461538464,0.0
26,CrossEntropyLoss,RPS,0.020000000000000018,0.9923076923076923,4.265384615384615,3.2653846153846153,1.0,1.0,4.034615384615384,0.007692307692307693,0.0
26,CrossEntropyLoss,RPS,0.030000000000000027,0.9807692307692307,4.1,3.1,1.2,2.0,4.638461538461538,0.023076923076923078,0.0
26,CrossEntropyLoss,RPS,0.050000000000000044,0.9653846153846154,3.9,2.9,1.1111111111111112,2.0,4.438461538461537,0.038461538461538464,0.0
26,CrossEntropyLoss,RPS,0.07999999999999996,0.8923076923076924,3.1346153846153846,2.1346153846153846,1.1071428571428572,3.0,5.115384615384617,0.11923076923076924,0.0
26,CrossEntropyLoss,RPS,0.09999999999999998,0.8538461538461538,2.976923076923077,1.976923076923077,1.105263157894737,3.0,5.207692307692308,0.16153846153846155,0.0
26,CrossEntropyLoss,RPS,0.13,0.8307692307692308,2.826923076923077,1.8269230769230769,1.1363636363636365,3.0,4.785502958579881,0.19230769230769232,0.0
26,CrossEntropyLoss,RPS,0.15000000000000002,0.8192307692307692,2.7884615384615383,1.7884615384615385,1.127659574468085,3.0,4.5064102564102555,0.20384615384615384,0.0
26,CrossEntropyLoss,RPS,0.18000000000000005,0.8153846153846154,2.5538461538461537,1.5538461538461539,1.1875,3.0,3.9897435897435893,0.21923076923076923,0.0
26,CrossEntropyLoss,RPS,0.19999999999999996,0.7730769230769231,2.2653846153846153,1.2653846153846153,1.271186440677966,3.0,4.15,0.28846153846153844,0.0
26,CrossEntropyLoss,OCDF,0.010000000000000009,0.9846153846153847,4.907692307692308,3.9076923076923076,1.0,1.0,6.984615384615382,0.015384615384615385,0.0
26,CrossEntropyLoss,OCDF,0.020000000000000018,0.9769230769230769,4.842307692307692,3.8423076923076924,1.0,1.0,6.149999999999999,0.023076923076923078,0.0
26,CrossEntropyLoss,OCDF,0.030000000000000027,0.9730769230769231,4.823076923076923,3.8230769230769233,1.0,1.0,5.6179487179487175,0.026923076923076925,0.0
26,CrossEntropyLoss,OCDF,0.050000000000000044,0.926923076923077,4.65,3.65,1.1578947368421053,2.0,7.034615384615382,0.08461538461538462,0.0
26,CrossEntropyLoss,OCDF,0.07999999999999996,0.9192307692307692,4.569230769230769,3.5692307692307694,1.3333333333333333,2.0,6.261538461538463,0.1076923076923077,0.0
26,CrossEntropyLoss,OCDF,0.09999999999999998,0.9115384615384615,4.496153846153846,3.496153846153846,1.391304347826087,2.0,5.957692307692308,0.12307692307692308,0.0
26,CrossEntropyLoss,OCDF,0.13,0.8692307692307693,4.230769230769231,3.230769230769231,1.411764705882353,2.0,6.071005917159764,0.18461538461538463,0.0
26,CrossEntropyLoss,OCDF,0.15000000000000002,0.8576923076923076,4.1923076923076925,3.1923076923076925,1.4054054054054055,2.0,5.858974358974359,0.2,0.0
26,CrossEntropyLoss,OCDF,0.18000000000000005,0.85,4.092307692307692,3.0923076923076924,1.3846153846153846,2.0,5.4,0.2076923076923077,0.0
26,CrossEntropyLoss,OCDF,0.19999999999999996,0.823076923076923,3.9846153846153847,2.9846153846153847,1.3695652173913044,2.0,5.407692307692308,0.2423076923076923,0.0
26,CrossEntropyLoss,APS,0.010000000000000009,0.9961538461538462,4.569230769230769,3.5923076923076924,1.0,1.0,4.36153846153846,0.0038461538461538464,0.023076923076923106
26,CrossEntropyLoss,APS,0.020000000000000018,0.9884615384615385,4.0576923076923075,3.123076923076923,1.3333333333333333,2.0,4.66153846153846,0.015384615384615385,0.06538461538461537
26,CrossEntropyLoss,APS,0.030000000000000027,0.9730769230769231,3.8384615384615386,2.9307692307692306,1.1428571428571428,2.0,4.212820512820512,0.03076923076923077,0.09230769230769231
26,CrossEntropyLoss,APS,0.050000000000000044,0.9423076923076923,3.519230769230769,2.6846153846153844,1.3333333333333333,4.0,4.530769230769229,0.07692307692307693,0.16153846153846152
26,CrossEntropyLoss,APS,0.07999999999999996,0.9230769230769231,3.0961538461538463,2.353846153846154,1.6,4.0,4.084615384615386,0.12307692307692308,0.24615384615384617
26,CrossEntropyLoss,APS,0.09999999999999998,0.8884615384615384,2.8423076923076924,2.1384615384615384,1.4482758620689655,4.0,3.9846153846153847,0.16153846153846155,0.28076923076923077
26,CrossEntropyLoss,APS,0.13,0.8653846153846154,2.6884615384615387,2.023076923076923,1.6857142857142857,4.0,3.73905325443787,0.22692307692307692,0.3076923076923077
26,CrossEntropyLoss,APS,0.15000000000000002,0.8538461538461538,2.6076923076923078,1.9615384615384615,1.631578947368421,4.0,3.5,0.23846153846153847,0.32692307692307687
26,CrossEntropyLoss,APS,0.18000000000000005,0.7923076923076923,2.3346153846153848,1.7,1.8518518518518519,4.0,3.794017094017093,0.38461538461538464,0.3153846153846154
26,CrossEntropyLoss,APS,0.19999999999999996,0.7769230769230769,2.273076923076923,1.6423076923076922,1.8620689655172413,4.0,3.603846153846154,0.4153846153846154,0.3153846153846154
26,CrossEntropyLoss,LAC,0.010000000000000009,0.9961538461538462,4.569230769230769,3.5884615384615386,1.0,1.0,4.357692307692306,0.0038461538461538464,0.019230769230769273
26,CrossEntropyLoss,LAC,0.020000000000000018,0.9730769230769231,3.9923076923076923,3.0615384615384613,1.4285714285714286,2.0,6.138461538461536,0.038461538461538464,0.0692307692307692
26,CrossEntropyLoss,LAC,0.030000000000000027,0.9692307692307692,3.9423076923076925,3.0153846153846153,1.375,2.0,5.323076923076921,0.04230769230769231,0.07307692307692304
26,CrossEntropyLoss,LAC,0.050000000000000044,0.9346153846153846,3.4038461538461537,2.5307692307692307,1.2352941176470589,2.0,5.607692307692304,0.08076923076923077,0.12692307692307692
26,CrossEntropyLoss,LAC,0.07999999999999996,0.9230769230769231,3.1,2.2423076923076923,1.25,2.0,4.550000000000002,0.09615384615384616,0.1384615384615384
26,CrossEntropyLoss,LAC,0.09999999999999998,0.9,2.7346153846153847,1.9692307692307693,1.3461538461538463,4.0,4.507692307692308,0.1346153846153846,0.23076923076923073
26,CrossEntropyLoss,LAC,0.13,0.8884615384615384,2.5846153846153848,1.8192307692307692,1.4137931034482758,4.0,4.126923076923077,0.1576923076923077,0.23076923076923073
26,CrossEntropyLoss,LAC,0.15000000000000002,0.8461538461538461,2.3423076923076924,1.6307692307692307,1.35,4.0,4.092307692307692,0.2076923076923077,0.28846153846153844
26,CrossEntropyLoss,LAC,0.18000000000000005,0.823076923076923,2.2115384615384617,1.5076923076923077,1.3695652173913044,4.0,3.9008547008547003,0.2423076923076923,0.2961538461538461
26,CrossEntropyLoss,LAC,0.19999999999999996,0.7807692307692308,2.05,1.3269230769230769,1.4210526315789473,4.0,4.173076923076923,0.31153846153846154,0.27692307692307694
27,CrossEntropyLoss,min-CPS,0.010000000000000009,1.0,4.55,3.55,,0.0,3.55,0.0,0.0
27,CrossEntropyLoss,min-CPS,0.020000000000000018,0.9884615384615385,4.05,3.05,1.0,1.0,4.203846153846152,0.011538461538461539,0.0
27,CrossEntropyLoss,min-CPS,0.030000000000000027,0.9769230769230769,3.9269230769230767,2.9269230769230767,1.3333333333333333,2.0,4.978205128205127,0.03076923076923077,0.0
27,CrossEntropyLoss,min-CPS,0.050000000000000044,0.9384615384615385,3.35,2.35,1.3125,3.0,5.580769230769228,0.08076923076923077,0.0
27,CrossEntropyLoss,min-CPS,0.07999999999999996,0.926923076923077,3.1115384615384616,2.1115384615384616,1.3157894736842106,3.0,4.515384615384617,0.09615384615384616,0.0
27,CrossEntropyLoss,min-CPS,0.09999999999999998,0.9153846153846154,2.9423076923076925,1.9423076923076923,1.3636363636363635,3.0,4.25,0.11538461538461539,0.0
27,CrossEntropyLoss,min-CPS,0.13,0.8923076923076924,2.6576923076923076,1.6576923076923078,1.4642857142857142,3.0,4.083727810650887,0.1576923076923077,0.0
27,CrossEntropyLoss,min-CPS,0.15000000000000002,0.8730769230769231,2.55,1.55,1.3636363636363635,3.0,3.8576923076923073,0.17307692307692307,0.0
27,CrossEntropyLoss,min-CPS,0.18000000000000005,0.8423076923076923,2.4384615384615387,1.4384615384615385,1.3414634146341464,4.0,3.788888888888888,0.21153846153846154,0.0
27,CrossEntropyLoss,min-CPS,0.19999999999999996,0.8115384615384615,2.3038461538461537,1.3038461538461539,1.3061224489795917,4.0,3.7653846153846153,0.24615384615384617,0.0
27,CrossEntropyLoss,RPS,0.010000000000000009,0.9884615384615385,4.334615384615384,3.3346153846153848,1.0,1.0,5.642307692307691,0.011538461538461539,0.0
27,CrossEntropyLoss,RPS,0.020000000000000018,0.9730769230769231,4.073076923076923,3.0730769230769233,1.1428571428571428,2.0,6.149999999999998,0.03076923076923077,0.0
27,CrossEntropyLoss,RPS,0.030000000000000027,0.9730769230769231,4.0346153846153845,3.0346153846153845,1.1428571428571428,2.0,5.085897435897435,0.03076923076923077,0.0
27,CrossEntropyLoss,RPS,0.050000000000000044,0.9615384615384616,3.8423076923076924,2.8423076923076924,1.2,2.0,4.688461538461537,0.046153846153846156,0.0
27,CrossEntropyLoss,RPS,0.07999999999999996,0.9461538461538461,3.457692307692308,2.457692307692308,1.2142857142857142,2.0,4.092307692307694,0.06538461538461539,0.0
27,CrossEntropyLoss,RPS,0.09999999999999998,0.9115384615384615,3.15,2.15,1.2173913043478262,3.0,4.303846153846154,0.1076923076923077,0.0
27,CrossEntropyLoss,RPS,0.13,0.9,3.046153846153846,2.046153846153846,1.2307692307692308,3.0,3.9396449704142014,0.12307692307692308,0.0
27,CrossEntropyLoss,RPS,0.15000000000000002,0.8807692307692307,2.873076923076923,1.873076923076923,1.2580645161290323,3.0,3.873076923076923,0.15,0.0
27,CrossEntropyLoss,RPS,0.18000000000000005,0.8576923076923076,2.8,1.8,1.2162162162162162,3.0,3.7230769230769227,0.17307692307692307,0.0
27,CrossEntropyLoss,RPS,0.19999999999999996,0.8384615384615385,2.523076923076923,1.523076923076923,1.2142857142857142,3.0,3.4846153846153847,0.19615384615384615,0.0
27,CrossEntropyLoss,OCDF,0.010000000000000009,0.9961538461538462,4.946153846153846,3.9461538461538463,1.0,1.0,4.715384615384615,0.0038461538461538464,0.0
27,CrossEntropyLoss,OCDF,0.020000000000000018,0.9653846153846154,4.811538461538461,3.8115384615384613,1.0,1.0,7.273076923076919,0.03461538461538462,0.0
27,CrossEntropyLoss,OCDF,0.030000000000000027,0.9576923076923077,4.796153846153846,3.796153846153846,1.0,1.0,6.6166666666666645,0.04230769230769231,0.0
27,CrossEntropyLoss,OCDF,0.050000000000000044,0.9307692307692308,4.611538461538461,3.6115384615384616,1.2777777777777777,2.0,7.149999999999998,0.08846153846153847,0.0
27,CrossEntropyLoss,OCDF,0.07999999999999996,0.9038461538461539,4.496153846153846,3.496153846153846,1.32,2.0,6.669230769230771,0.12692307692307692,0.0
27,CrossEntropyLoss,OCDF,0.09999999999999998,0.8692307692307693,4.326923076923077,3.326923076923077,1.2941176470588236,2.0,6.711538461538462,0.16923076923076924,0.0
27,CrossEntropyLoss,OCDF,0.13,0.823076923076923,4.115384615384615,3.1153846153846154,1.3478260869565217,2.0,6.784023668639053,0.23846153846153847,0.0
27,CrossEntropyLoss,OCDF,0.15000000000000002,0.8153846153846154,4.042307692307692,3.042307692307692,1.3541666666666667,3.0,6.375641025641025,0.25,0.0
27,CrossEntropyLoss,OCDF,0.18000000000000005,0.8076923076923077,3.9615384615384617,2.9615384615384617,1.38,3.0,5.91025641025641,0.2653846153846154,0.0
27,CrossEntropyLoss,OCDF,0.19999999999999996,0.7807692307692308,3.85,2.85,1.3859649122807018,3.0,5.888461538461539,0.3038461538461538,0.0
27,CrossEntropyLoss,APS,0.010000000000000009,1.0,4.496153846153846,3.5384615384615383,,0.0,3.5384615384615383,0.0,0.04230769230769227
27,CrossEntropyLoss,APS,0.020000000000000018,1.0,4.3538461538461535,3.396153846153846,,0.0,3.396153846153846,0.0,0.04230769230769227
27,CrossEntropyLoss,APS,0.030000000000000027,0.9846153846153847,3.7576923076923077,2.85,1.0,1.0,3.3628205128205124,0.015384615384615385,0.09230769230769231
27,CrossEntropyLoss,APS,0.050000000000000044,0.95,3.542307692307692,2.6576923076923076,1.3076923076923077,4.0,4.196153846153845,0.06538461538461539,0.11153846153846159
27,CrossEntropyLoss,APS,0.07999999999999996,0.9346153846153846,3.2884615384615383,2.4653846153846155,1.411764705882353,4.0,3.9076923076923085,0.09230769230769231,0.17307692307692313
27,CrossEntropyLoss,APS,0.09999999999999998,0.8961538461538462,2.9,2.1576923076923076,1.4444444444444444,4.0,4.0807692307692305,0.15,0.24615384615384617
27,CrossEntropyLoss,APS,0.13,0.8807692307692307,2.7653846153846153,2.0346153846153845,1.4838709677419355,4.0,3.5730769230769233,0.17692307692307693,0.25384615384615383
27,CrossEntropyLoss,APS,0.15000000000000002,0.8538461538461538,2.5884615384615386,1.926923076923077,1.5789473684210527,4.0,3.516666666666666,0.23076923076923078,0.3076923076923077
27,CrossEntropyLoss,APS,0.18000000000000005,0.85,2.5115384615384615,1.873076923076923,1.641025641025641,4.0,3.1978632478632476,0.24615384615384617,0.32692307692307687
27,CrossEntropyLoss,APS,0.19999999999999996,0.8115384615384615,2.3076923076923075,1.7038461538461538,1.7551020408163265,4.0,3.2423076923076923,0.33076923076923076,0.35
27,CrossEntropyLoss,LAC,0.010000000000000009,1.0,4.526923076923077,3.5538461538461537,,0.0,3.5538461538461537,0.0,0.02692307692307694
27,CrossEntropyLoss,LAC,0.020000000000000018,0.9807692307692307,3.9615384615384617,3.019230769230769,1.6,3.0,5.711538461538459,0.03076923076923077,0.05769230769230771
27,CrossEntropyLoss,LAC,0.030000000000000027,0.9730769230769231,3.9153846153846152,2.976923076923077,1.5714285714285714,3.0,5.284615384615383,0.04230769230769231,0.06153846153846154
27,CrossEntropyLoss,LAC,0.050000000000000044,0.9576923076923077,3.7384615384615385,2.8076923076923075,1.3636363636363635,3.0,4.653846153846152,0.057692307692307696,0.0692307692307692
27,CrossEntropyLoss,LAC,0.07999999999999996,0.9192307692307692,3.003846153846154,2.1807692307692306,1.380952380952381,3.0,4.680769230769233,0.11153846153846154,0.17307692307692313
27,CrossEntropyLoss,LAC,0.09999999999999998,0.8961538461538462,2.726923076923077,1.9307692307692308,1.4074074074074074,4.0,4.546153846153846,0.14615384615384616,0.19999999999999996
27,CrossEntropyLoss,LAC,0.13,0.8730769230769231,2.503846153846154,1.726923076923077,1.4242424242424243,4.0,4.1529585798816555,0.18076923076923077,0.22307692307692306
27,CrossEntropyLoss,LAC,0.15000000000000002,0.85,2.3384615384615386,1.573076923076923,1.3846153846153846,4.0,3.983333333333333,0.2076923076923077,0.23461538461538467
27,CrossEntropyLoss,LAC,0.18000000000000005,0.8384615384615385,2.269230769230769,1.5192307692307692,1.380952380952381,4.0,3.6559829059829054,0.2230769230769231,0.25
27,CrossEntropyLoss,LAC,0.19999999999999996,0.8346153846153846,2.1769230769230767,1.4230769230769231,1.372093023255814,4.0,3.423076923076923,0.22692307692307692,0.24230769230769234
28,CrossEntropyLoss,min-CPS,0.010000000000000009,0.9961538461538462,4.5,3.5,1.0,1.0,4.269230769230768,0.0038461538461538464,0.0
28,CrossEntropyLoss,min-CPS,0.020000000000000018,0.9923076923076923,4.15,3.15,1.5,2.0,4.303846153846152,0.011538461538461539,0.0
28,CrossEntropyLoss,min-CPS,0.030000000000000027,0.9807692307692307,3.980769230769231,2.980769230769231,1.4,2.0,4.775641025641025,0.026923076923076925,0.0
28,CrossEntropyLoss,min-CPS,0.050000000000000044,0.9461538461538461,3.4653846153846155,2.4653846153846155,1.2142857142857142,3.0,5.080769230769229,0.06538461538461539,0.0
28,CrossEntropyLoss,min-CPS,0.07999999999999996,0.9230769230769231,3.146153846153846,2.146153846153846,1.2,3.0,4.453846153846156,0.09230769230769231,0.0
28,CrossEntropyLoss,min-CPS,0.09999999999999998,0.9115384615384615,2.8923076923076922,1.8923076923076922,1.3043478260869565,3.0,4.2,0.11538461538461539,0.0
28,CrossEntropyLoss,min-CPS,0.13,0.8807692307692307,2.673076923076923,1.6730769230769231,1.3225806451612903,3.0,4.099112426035503,0.1576923076923077,0.0
28,CrossEntropyLoss,min-CPS,0.15000000000000002,0.823076923076923,2.4923076923076923,1.4923076923076923,1.326086956521739,3.0,4.62051282051282,0.23461538461538461,0.0
28,CrossEntropyLoss,min-CPS,0.18000000000000005,0.8115384615384615,2.4307692307692306,1.4307692307692308,1.3061224489795917,3.0,4.165811965811965,0.24615384615384617,0.0
28,CrossEntropyLoss,min-CPS,0.19999999999999996,0.8038461538461539,2.3461538461538463,1.3461538461538463,1.3333333333333333,3.0,3.9615384615384617,0.26153846153846155,0.0
28,CrossEntropyLoss,RPS,0.010000000000000009,1.0,4.530769230769231,3.5307692307692307,,0.0,3.5307692307692307,0.0,0.0
28,CrossEntropyLoss,RPS,0.020000000000000018,0.9923076923076923,4.288461538461538,3.2884615384615383,1.0,1.0,4.057692307692307,0.007692307692307693,0.0
28,CrossEntropyLoss,RPS,0.030000000000000027,0.9846153846153847,4.123076923076923,3.123076923076923,1.0,1.0,4.148717948717948,0.015384615384615385,0.0
28,CrossEntropyLoss,RPS,0.050000000000000044,0.9576923076923077,3.8846153846153846,2.8846153846153846,1.0909090909090908,2.0,4.730769230769229,0.046153846153846156,0.0
28,CrossEntropyLoss,RPS,0.07999999999999996,0.9384615384615385,3.45,2.45,1.125,2.0,4.180769230769232,0.06923076923076923,0.0
28,CrossEntropyLoss,RPS,0.09999999999999998,0.8884615384615384,3.1192307692307693,2.1192307692307693,1.0689655172413792,2.0,4.503846153846154,0.11923076923076924,0.0
28,CrossEntropyLoss,RPS,0.13,0.8461538461538461,2.8923076923076922,1.8923076923076922,1.15,2.0,4.614201183431953,0.17692307692307693,0.0
28,CrossEntropyLoss,RPS,0.15000000000000002,0.8269230769230769,2.8230769230769233,1.823076923076923,1.1555555555555554,2.0,4.48974358974359,0.2,0.0
28,CrossEntropyLoss,RPS,0.18000000000000005,0.7961538461538461,2.45,1.45,1.2452830188679245,3.0,4.2705128205128196,0.25384615384615383,0.0
28,CrossEntropyLoss,RPS,0.19999999999999996,0.7653846153846153,2.2346153846153847,1.2346153846153847,1.2622950819672132,3.0,4.196153846153846,0.29615384615384616,0.0
28,CrossEntropyLoss,OCDF,0.010000000000000009,0.9884615384615385,4.911538461538462,3.9115384615384614,1.0,1.0,6.219230769230768,0.011538461538461539,0.0
28,CrossEntropyLoss,OCDF,0.020000000000000018,0.9769230769230769,4.834615384615384,3.8346153846153848,1.1666666666666667,2.0,6.526923076923074,0.026923076923076925,0.0
28,CrossEntropyLoss,OCDF,0.030000000000000027,0.9730769230769231,4.8076923076923075,3.8076923076923075,1.1428571428571428,2.0,5.858974358974358,0.03076923076923077,0.0
28,CrossEntropyLoss,OCDF,0.050000000000000044,0.9653846153846154,4.730769230769231,3.730769230769231,1.3333333333333333,2.0,5.576923076923075,0.046153846153846156,0.0
28,CrossEntropyLoss,OCDF,0.07999999999999996,0.9423076923076923,4.634615384615385,3.6346153846153846,1.2,2.0,5.365384615384616,0.06923076923076923,0.0
28,CrossEntropyLoss,OCDF,0.09999999999999998,0.9038461538461539,4.457692307692308,3.457692307692308,1.4,2.0,6.15,0.1346153846153846,0.0
28,CrossEntropyLoss,OCDF,0.13,0.8730769230769231,4.276923076923077,3.276923076923077,1.3636363636363635,3.0,5.939644970414202,0.17307692307692307,0.0
28,CrossEntropyLoss,OCDF,0.15000000000000002,0.8423076923076923,4.157692307692308,3.1576923076923076,1.3414634146341464,3.0,5.978205128205128,0.21153846153846154,0.0
28,CrossEntropyLoss,OCDF,0.18000000000000005,0.8307692307692308,4.073076923076923,3.0730769230769233,1.3181818181818181,3.0,5.5517094017094015,0.2230769230769231,0.0
28,CrossEntropyLoss,OCDF,0.19999999999999996,0.8076923076923077,3.919230769230769,2.919230769230769,1.3,3.0,5.4192307692307695,0.25,0.0
28,CrossEntropyLoss,APS,0.010000000000000009,0.9923076923076923,4.415384615384616,3.4384615384615387,1.0,1.0,4.976923076923075,0.007692307692307693,0.023076923076923106
28,CrossEntropyLoss,APS,0.020000000000000018,0.9884615384615385,4.053846153846154,3.1346153846153846,1.3333333333333333,2.0,4.673076923076922,0.015384615384615385,0.08076923076923082
28,CrossEntropyLoss,APS,0.030000000000000027,0.9846153846153847,3.9846153846153847,3.0846153846153848,1.25,2.0,4.11025641025641,0.019230769230769232,0.09999999999999998
28,CrossEntropyLoss,APS,0.050000000000000044,0.9538461538461539,3.646153846153846,2.7615384615384615,1.25,3.0,4.299999999999998,0.057692307692307696,0.11538461538461542
28,CrossEntropyLoss,APS,0.07999999999999996,0.9461538461538461,3.4038461538461537,2.5730769230769233,1.2142857142857142,3.0,3.823076923076924,0.06538461538461539,0.16538461538461535
28,CrossEntropyLoss,APS,0.09999999999999998,0.9307692307692308,3.0615384615384613,2.3115384615384613,1.1666666666666667,3.0,3.773076923076923,0.08076923076923077,0.24230769230769234
28,CrossEntropyLoss,APS,0.13,0.8923076923076924,2.8230769230769233,2.123076923076923,1.4285714285714286,4.0,3.6615384615384614,0.15384615384615385,0.28846153846153844
28,CrossEntropyLoss,APS,0.15000000000000002,0.8730769230769231,2.7153846153846155,2.042307692307692,1.6666666666666667,4.0,3.580769230769231,0.21153846153846154,0.30000000000000004
28,CrossEntropyLoss,APS,0.18000000000000005,0.8346153846153846,2.5307692307692307,1.8923076923076922,1.930232558139535,4.0,3.5162393162393157,0.3192307692307692,0.3153846153846154
28,CrossEntropyLoss,APS,0.19999999999999996,0.8153846153846154,2.4076923076923076,1.7961538461538462,1.9583333333333333,4.0,3.4884615384615385,0.36153846153846153,0.3384615384615385
28,CrossEntropyLoss,LAC,0.010000000000000009,0.9961538461538462,4.496153846153846,3.5076923076923077,1.0,1.0,4.276923076923076,0.0038461538461538464,0.011538461538461497
28,CrossEntropyLoss,LAC,0.020000000000000018,0.9884615384615385,4.069230769230769,3.1115384615384616,2.0,3.0,5.034615384615383,0.023076923076923078,0.04230769230769227
28,CrossEntropyLoss,LAC,0.030000000000000027,0.9846153846153847,4.015384615384615,3.0730769230769233,1.75,3.0,4.611538461538459,0.026923076923076925,0.05769230769230771
28,CrossEntropyLoss,LAC,0.050000000000000044,0.9615384615384616,3.753846153846154,2.8461538461538463,1.3,3.0,4.384615384615383,0.05,0.08846153846153848
28,CrossEntropyLoss,LAC,0.07999999999999996,0.9346153846153846,3.203846153846154,2.353846153846154,1.2352941176470589,3.0,4.180769230769232,0.08076923076923077,0.1461538461538462
28,CrossEntropyLoss,LAC,0.09999999999999998,0.8923076923076924,2.726923076923077,1.9692307692307693,1.3214285714285714,3.0,4.430769230769231,0.1423076923076923,0.23461538461538467
28,CrossEntropyLoss,LAC,0.13,0.8884615384615384,2.5961538461538463,1.85,1.3103448275862069,3.0,3.8026627218934914,0.14615384615384616,0.24615384615384617
28,CrossEntropyLoss,LAC,0.15000000000000002,0.8769230769230769,2.45,1.7192307692307693,1.3125,3.0,3.6166666666666663,0.16153846153846155,0.2615384615384615
28,CrossEntropyLoss,LAC,0.18000000000000005,0.85,2.35,1.626923076923077,1.2820512820512822,3.0,3.464529914529914,0.19230769230769232,0.2692307692307693
28,CrossEntropyLoss,LAC,0.19999999999999996,0.8384615384615385,2.2807692307692307,1.5576923076923077,1.2857142857142858,3.0,3.3653846153846154,0.2076923076923077,0.2692307692307693
29,CrossEntropyLoss,min-CPS,0.010000000000000009,0.9923076923076923,4.515384615384615,3.5153846153846153,1.0,1.0,5.053846153846152,0.007692307692307693,0.0
29,CrossEntropyLoss,min-CPS,0.020000000000000018,0.9692307692307692,3.9884615384615385,2.9884615384615385,1.5,2.0,7.60384615384615,0.046153846153846156,0.0
29,CrossEntropyLoss,min-CPS,0.030000000000000027,0.9576923076923077,3.703846153846154,2.703846153846154,1.4545454545454546,3.0,6.806410256410253,0.06153846153846154,0.0
29,CrossEntropyLoss,min-CPS,0.050000000000000044,0.9461538461538461,3.4461538461538463,2.4461538461538463,1.4285714285714286,3.0,5.52307692307692,0.07692307692307693,0.0
29,CrossEntropyLoss,min-CPS,0.07999999999999996,0.9153846153846154,3.0884615384615386,2.0884615384615386,1.3636363636363635,3.0,4.973076923076925,0.11538461538461539,0.0
29,CrossEntropyLoss,min-CPS,0.09999999999999998,0.9115384615384615,2.9653846153846155,1.9653846153846153,1.391304347826087,3.0,4.426923076923077,0.12307692307692308,0.0
29,CrossEntropyLoss,min-CPS,0.13,0.8884615384615384,2.753846153846154,1.7538461538461538,1.4137931034482758,3.0,4.179881656804733,0.1576923076923077,0.0
29,CrossEntropyLoss,min-CPS,0.15000000000000002,0.8461538461538461,2.5615384615384613,1.5615384615384615,1.4,4.0,4.433333333333333,0.2153846153846154,0.0
29,CrossEntropyLoss,min-CPS,0.18000000000000005,0.8076923076923077,2.4115384615384614,1.4115384615384616,1.38,4.0,4.36025641025641,0.2653846153846154,0.0
29,CrossEntropyLoss,min-CPS,0.19999999999999996,0.8,2.3384615384615386,1.3384615384615384,1.4038461538461537,4.0,4.1461538461538465,0.28076923076923077,0.0
29,CrossEntropyLoss,RPS,0.010000000000000009,0.9923076923076923,4.376923076923077,3.376923076923077,1.0,1.0,4.915384615384614,0.007692307692307693,0.0
29,CrossEntropyLoss,RPS,0.020000000000000018,0.9807692307692307,4.165384615384616,3.1653846153846152,1.2,2.0,5.473076923076921,0.023076923076923078,0.0
29,CrossEntropyLoss,RPS,0.030000000000000027,0.9807692307692307,4.123076923076923,3.123076923076923,1.2,2.0,4.66153846153846,0.023076923076923078,0.0
29,CrossEntropyLoss,RPS,0.050000000000000044,0.95,3.796153846153846,2.796153846153846,1.1538461538461537,2.0,5.103846153846152,0.057692307692307696,0.0
29,CrossEntropyLoss,RPS,0.07999999999999996,0.9307692307692308,3.4346153846153844,2.4346153846153844,1.1666666666666667,2.0,4.453846153846155,0.08076923076923077,0.0
29,CrossEntropyLoss,RPS,0.09999999999999998,0.9,3.1307692307692307,2.1307692307692307,1.1538461538461537,3.0,4.438461538461539,0.11538461538461539,0.0
29,CrossEntropyLoss,RPS,0.13,0.8730769230769231,2.957692307692308,1.9576923076923076,1.1818181818181819,3.0,4.265384615384615,0.15,0.0
29,CrossEntropyLoss,RPS,0.15000000000000002,0.8307692307692308,2.7807692307692307,1.7807692307692307,1.2045454545454546,3.0,4.498717948717948,0.20384615384615384,0.0
29,CrossEntropyLoss,RPS,0.18000000000000005,0.7961538461538461,2.4269230769230767,1.426923076923077,1.2830188679245282,3.0,4.332905982905983,0.26153846153846155,0.0
29,CrossEntropyLoss,RPS,0.19999999999999996,0.7807692307692308,2.3,1.3,1.2982456140350878,3.0,4.1461538461538465,0.2846153846153846,0.0
29,CrossEntropyLoss,OCDF,0.010000000000000009,0.9884615384615385,4.9423076923076925,3.9423076923076925,1.0,1.0,6.249999999999998,0.011538461538461539,0.0
29,CrossEntropyLoss,OCDF,0.020000000000000018,0.9769230769230769,4.834615384615384,3.8346153846153848,1.1666666666666667,2.0,6.526923076923074,0.026923076923076925,0.0
29,CrossEntropyLoss,OCDF,0.030000000000000027,0.9769230769230769,4.811538461538461,3.8115384615384613,1.1666666666666667,2.0,5.606410256410256,0.026923076923076925,0.0
29,CrossEntropyLoss,OCDF,0.050000000000000044,0.9615384615384616,4.7153846153846155,3.7153846153846155,1.2,2.0,5.5615384615384595,0.046153846153846156,0.0
29,CrossEntropyLoss,OCDF,0.07999999999999996,0.9307692307692308,4.576923076923077,3.576923076923077,1.3333333333333333,2.0,5.884615384615387,0.09230769230769231,0.0
29,CrossEntropyLoss,OCDF,0.09999999999999998,0.9153846153846154,4.484615384615385,3.4846153846153847,1.3636363636363635,2.0,5.792307692307692,0.11538461538461539,0.0
29,CrossEntropyLoss,OCDF,0.13,0.8692307692307693,4.2384615384615385,3.2384615384615385,1.3529411764705883,3.0,5.9603550295857985,0.17692307692307693,0.0
29,CrossEntropyLoss,OCDF,0.15000000000000002,0.8269230769230769,4.0807692307692305,3.080769230769231,1.3555555555555556,3.0,6.208974358974359,0.23461538461538461,0.0
29,CrossEntropyLoss,OCDF,0.18000000000000005,0.8115384615384615,3.957692307692308,2.957692307692308,1.3877551020408163,3.0,5.863675213675212,0.26153846153846155,0.0
29,CrossEntropyLoss,OCDF,0.19999999999999996,0.8,3.873076923076923,2.873076923076923,1.3846153846153846,3.0,5.642307692307693,0.27692307692307694,0.0
29,CrossEntropyLoss,APS,0.010000000000000009,0.9961538461538462,4.480769230769231,3.5076923076923077,1.0,1.0,4.276923076923076,0.0038461538461538464,0.02692307692307694
29,CrossEntropyLoss,APS,0.020000000000000018,0.9692307692307692,3.9,2.9923076923076923,1.75,4.0,6.453846153846151,0.05384615384615385,0.08846153846153848
29,CrossEntropyLoss,APS,0.030000000000000027,0.9538461538461539,3.7807692307692307,2.873076923076923,1.5,4.0,5.693589743589741,0.06923076923076923,0.08846153846153848
29,CrossEntropyLoss,APS,0.050000000000000044,0.9384615384615385,3.4653846153846155,2.5923076923076924,1.5,4.0,5.207692307692305,0.09230769230769231,0.11923076923076925
29,CrossEntropyLoss,APS,0.07999999999999996,0.9230769230769231,3.15,2.3346153846153848,1.6,4.0,4.353846153846155,0.12307692307692308,0.17307692307692313
29,CrossEntropyLoss,APS,0.09999999999999998,0.9115384615384615,3.0653846153846156,2.2653846153846153,1.565217391304348,4.0,4.0346153846153845,0.13846153846153847,0.1923076923076923
29,CrossEntropyLoss,APS,0.13,0.8923076923076924,2.9115384615384614,2.1615384615384614,1.75,4.0,3.8183431952662725,0.18846153846153846,0.23076923076923073
29,CrossEntropyLoss,APS,0.15000000000000002,0.8576923076923076,2.6961538461538463,1.9923076923076923,1.6756756756756757,4.0,3.9923076923076923,0.23846153846153847,0.2730769230769231
29,CrossEntropyLoss,APS,0.18000000000000005,0.8307692307692308,2.45,1.8115384615384615,1.7045454545454546,4.0,3.6491452991452986,0.28846153846153844,0.32307692307692304
29,CrossEntropyLoss,APS,0.19999999999999996,0.8115384615384615,2.326923076923077,1.7153846153846153,1.7142857142857142,4.0,3.523076923076923,0.3230769230769231,0.34615384615384615
29,CrossEntropyLoss,LAC,0.010000000000000009,0.9923076923076923,4.4653846153846155,3.4923076923076923,1.0,1.0,5.030769230769229,0.007692307692307693,0.02692307692307694
29,CrossEntropyLoss,LAC,0.020000000000000018,0.9730769230769231,3.9923076923076923,3.05,1.7142857142857142,3.0,7.280769230769226,0.046153846153846156,0.05769230769230771
29,CrossEntropyLoss,LAC,0.030000000000000027,0.9576923076923077,3.8923076923076922,2.953846153846154,1.4545454545454546,3.0,6.287179487179485,0.06153846153846154,0.06153846153846154
29,CrossEntropyLoss,LAC,0.050000000000000044,0.9346153846153846,3.4692307692307693,2.5730769230769233,1.3529411764705883,3.0,5.803846153846151,0.08846153846153847,0.09999999999999998
29,CrossEntropyLoss,LAC,0.07999999999999996,0.9346153846153846,3.25,2.4,1.3529411764705883,3.0,4.515384615384617,0.08846153846153847,0.1461538461538462
29,CrossEntropyLoss,LAC,0.09999999999999998,0.8884615384615384,2.7346153846153847,1.95,1.4482758620689655,4.0,4.873076923076923,0.16153846153846155,0.20769230769230773
29,CrossEntropyLoss,LAC,0.13,0.8807692307692307,2.603846153846154,1.8346153846153845,1.4193548387096775,4.0,4.142307692307693,0.16923076923076924,0.22307692307692306
29,CrossEntropyLoss,LAC,0.15000000000000002,0.8769230769230769,2.476923076923077,1.7192307692307693,1.40625,4.0,3.821794871794871,0.17307692307692307,0.23461538461538467
29,CrossEntropyLoss,LAC,0.18000000000000005,0.8538461538461538,2.3653846153846154,1.626923076923077,1.3421052631578947,4.0,3.507264957264957,0.19615384615384615,0.25384615384615383
29,CrossEntropyLoss,LAC,0.19999999999999996,0.8384615384615385,2.2653846153846153,1.5115384615384615,1.380952380952381,4.0,3.5115384615384615,0.2230769230769231,0.23461538461538467
30,CrossEntropyLoss,min-CPS,0.010000000000000009,0.9846153846153847,4.161538461538462,3.1615384615384614,1.5,2.0,7.776923076923073,0.023076923076923078,0.0
30,CrossEntropyLoss,min-CPS,0.020000000000000018,0.9769230769230769,3.9884615384615385,2.9884615384615385,1.8333333333333333,3.0,7.219230769230766,0.04230769230769231,0.0
30,CrossEntropyLoss,min-CPS,0.030000000000000027,0.9461538461538461,3.580769230769231,2.580769230769231,1.5,3.0,7.965384615384612,0.08076923076923077,0.0
30,CrossEntropyLoss,min-CPS,0.050000000000000044,0.9423076923076923,3.4384615384615387,2.4384615384615387,1.4666666666666666,3.0,5.823076923076919,0.08461538461538462,0.0
30,CrossEntropyLoss,min-CPS,0.07999999999999996,0.926923076923077,3.2423076923076923,2.2423076923076923,1.4736842105263157,3.0,4.934615384615387,0.1076923076923077,0.0
30,CrossEntropyLoss,min-CPS,0.09999999999999998,0.9038461538461539,2.8192307692307694,1.8192307692307692,1.48,3.0,4.665384615384616,0.1423076923076923,0.0
30,CrossEntropyLoss,min-CPS,0.13,0.8807692307692307,2.6346153846153846,1.6346153846153846,1.4193548387096775,3.0,4.238165680473372,0.16923076923076924,0.0
30,CrossEntropyLoss,min-CPS,0.15000000000000002,0.8692307692307693,2.5307692307692307,1.5307692307692307,1.4411764705882353,3.0,4.043589743589743,0.18846153846153846,0.0
30,CrossEntropyLoss,min-CPS,0.18000000000000005,0.85,2.473076923076923,1.4730769230769232,1.4102564102564104,3.0,3.823504273504273,0.21153846153846154,0.0
30,CrossEntropyLoss,min-CPS,0.19999999999999996,0.7961538461538461,2.3,1.3,1.3396226415094339,3.0,4.030769230769231,0.27307692307692305,0.0
30,CrossEntropyLoss,RPS,0.010000000000000009,0.9807692307692307,4.2384615384615385,3.2384615384615385,1.0,1.0,7.084615384615381,0.019230769230769232,0.0
30,CrossEntropyLoss,RPS,0.020000000000000018,0.9730769230769231,4.073076923076923,3.0730769230769233,1.0,1.0,5.7653846153846136,0.026923076923076925,0.0
30,CrossEntropyLoss,RPS,0.030000000000000027,0.9653846153846154,3.9384615384615387,2.9384615384615387,1.1111111111111112,2.0,5.5025641025641,0.038461538461538464,0.0
30,CrossEntropyLoss,RPS,0.050000000000000044,0.95,3.7423076923076923,2.7423076923076923,1.1538461538461537,2.0,5.049999999999998,0.057692307692307696,0.0
30,CrossEntropyLoss,RPS,0.07999999999999996,0.9307692307692308,3.373076923076923,2.373076923076923,1.2222222222222223,2.0,4.48846153846154,0.08461538461538462,0.0
30,CrossEntropyLoss,RPS,0.09999999999999998,0.9115384615384615,3.1307692307692307,2.1307692307692307,1.2173913043478262,2.0,4.2846153846153845,0.1076923076923077,0.0
30,CrossEntropyLoss,RPS,0.13,0.8884615384615384,3.0153846153846153,2.0153846153846153,1.1724137931034482,2.0,4.027218934911243,0.13076923076923078,0.0
30,CrossEntropyLoss,RPS,0.15000000000000002,0.8769230769230769,2.85,1.85,1.28125,2.0,3.952564102564102,0.1576923076923077,0.0
30,CrossEntropyLoss,RPS,0.18000000000000005,0.8423076923076923,2.746153846153846,1.7461538461538462,1.2439024390243902,2.0,3.925641025641025,0.19615384615384615,0.0
30,CrossEntropyLoss,RPS,0.19999999999999996,0.7961538461538461,2.3384615384615386,1.3384615384615384,1.3018867924528301,3.0,3.9923076923076923,0.2653846153846154,0.0
30,CrossEntropyLoss,OCDF,0.010000000000000009,1.0,4.969230769230769,3.9692307692307693,,0.0,3.9692307692307693,0.0,0.0
30,CrossEntropyLoss,OCDF,0.020000000000000018,0.9923076923076923,4.861538461538461,3.8615384615384616,1.0,1.0,4.63076923076923,0.007692307692307693,0.0
30,CrossEntropyLoss,OCDF,0.030000000000000027,0.9923076923076923,4.8307692307692305,3.830769230769231,1.0,1.0,4.343589743589743,0.007692307692307693,0.0
30,CrossEntropyLoss,OCDF,0.050000000000000044,0.9692307692307692,4.726923076923077,3.726923076923077,1.125,2.0,5.111538461538461,0.03461538461538462,0.0
30,CrossEntropyLoss,OCDF,0.07999999999999996,0.9576923076923077,4.615384615384615,3.6153846153846154,1.1818181818181819,2.0,4.865384615384616,0.05,0.0
30,CrossEntropyLoss,OCDF,0.09999999999999998,0.9423076923076923,4.530769230769231,3.5307692307692307,1.3333333333333333,2.0,5.069230769230769,0.07692307692307693,0.0
30,CrossEntropyLoss,OCDF,0.13,0.8923076923076924,4.326923076923077,3.326923076923077,1.2857142857142858,2.0,5.457100591715976,0.13846153846153847,0.0
30,CrossEntropyLoss,OCDF,0.15000000000000002,0.8692307692307693,4.188461538461539,3.1884615384615387,1.3235294117647058,3.0,5.496153846153846,0.17307692307692307,0.0
30,CrossEntropyLoss,OCDF,0.18000000000000005,0.823076923076923,4.023076923076923,3.023076923076923,1.2826086956521738,3.0,5.544444444444444,0.22692307692307692,0.0
30,CrossEntropyLoss,OCDF,0.19999999999999996,0.8038461538461539,3.919230769230769,2.919230769230769,1.3137254901960784,3.0,5.496153846153846,0.25769230769230766,0.0
30,CrossEntropyLoss,APS,0.010000000000000009,0.9923076923076923,4.415384615384616,3.4384615384615387,1.0,1.0,4.976923076923075,0.007692307692307693,0.023076923076923106
30,CrossEntropyLoss,APS,0.020000000000000018,0.9884615384615385,4.265384615384615,3.3038461538461537,1.0,1.0,4.457692307692306,0.011538461538461539,0.038461538461538436
30,CrossEntropyLoss,APS,0.030000000000000027,0.9653846153846154,3.8115384615384613,2.9038461538461537,1.5555555555555556,4.0,5.21153846153846,0.05384615384615385,0.08846153846153848
30,CrossEntropyLoss,APS,0.050000000000000044,0.9230769230769231,3.4346153846153844,2.5846153846153848,1.5,4.0,5.969230769230766,0.11538461538461539,0.1461538461538462
30,CrossEntropyLoss,APS,0.07999999999999996,0.9076923076923077,3.046153846153846,2.2846153846153845,1.5833333333333333,4.0,4.880769230769232,0.14615384615384616,0.23076923076923073
30,CrossEntropyLoss,APS,0.09999999999999998,0.8923076923076924,2.8230769230769233,2.1384615384615384,1.6785714285714286,4.0,4.369230769230769,0.18076923076923077,0.2961538461538461
30,CrossEntropyLoss,APS,0.13,0.8730769230769231,2.6884615384615387,2.042307692307692,1.8181818181818181,4.0,4.054142011834319,0.23076923076923078,0.32692307692307687
30,CrossEntropyLoss,APS,0.15000000000000002,0.8653846153846154,2.603846153846154,1.9461538461538461,1.7714285714285714,4.0,3.6897435897435895,0.23846153846153847,0.3153846153846154
30,CrossEntropyLoss,APS,0.18000000000000005,0.8538461538461538,2.4692307692307693,1.8384615384615384,1.8157894736842106,4.0,3.419658119658119,0.2653846153846154,0.33461538461538465
30,CrossEntropyLoss,APS,0.19999999999999996,0.85,2.396153846153846,1.7692307692307692,1.9230769230769231,4.0,3.269230769230769,0.28846153846153844,0.33461538461538465
30,CrossEntropyLoss,LAC,0.010000000000000009,0.9846153846153847,4.076923076923077,3.1076923076923078,2.5,3.0,10.799999999999994,0.038461538461538464,0.03076923076923077
30,CrossEntropyLoss,LAC,0.020000000000000018,0.9807692307692307,4.0,3.0346153846153845,2.2,3.0,7.265384615384612,0.04230769230769231,0.0346153846153846
30,CrossEntropyLoss,LAC,0.030000000000000027,0.9653846153846154,3.896153846153846,2.9346153846153844,1.7777777777777777,3.0,6.780769230769227,0.06153846153846154,0.038461538461538436
30,CrossEntropyLoss,LAC,0.050000000000000044,0.9346153846153846,3.4038461538461537,2.523076923076923,1.411764705882353,3.0,5.9076923076923045,0.09230769230769231,0.11923076923076925
30,CrossEntropyLoss,LAC,0.07999999999999996,0.9153846153846154,3.0115384615384615,2.1884615384615387,1.4090909090909092,3.0,4.880769230769232,0.11923076923076924,0.17307692307692313
30,CrossEntropyLoss,LAC,0.09999999999999998,0.9076923076923077,2.7884615384615383,2.003846153846154,1.4583333333333333,3.0,4.388461538461539,0.1346153846153846,0.2153846153846154
30,CrossEntropyLoss,LAC,0.13,0.8807692307692307,2.5307692307692307,1.7923076923076924,1.3870967741935485,3.0,3.9816568047337273,0.16538461538461538,0.2615384615384615
30,CrossEntropyLoss,LAC,0.15000000000000002,0.8615384615384616,2.353846153846154,1.6307692307692307,1.3888888888888888,3.0,3.8358974358974356,0.19230769230769232,0.27692307692307694
30,CrossEntropyLoss,LAC,0.18000000000000005,0.8269230769230769,2.1961538461538463,1.476923076923077,1.4,3.0,3.8700854700854697,0.2423076923076923,0.28076923076923077
30,CrossEntropyLoss,LAC,0.19999999999999996,0.8076923076923077,2.0923076923076924,1.3615384615384616,1.44,3.0,3.9,0.27692307692307694,0.2692307692307693
31,CrossEntropyLoss,min-CPS,0.010000000000000009,0.9961538461538462,4.526923076923077,3.526923076923077,1.0,1.0,4.296153846153845,0.0038461538461538464,0.0
31,CrossEntropyLoss,min-CPS,0.020000000000000018,0.9961538461538462,4.203846153846154,3.203846153846154,2.0,2.0,3.9730769230769223,0.007692307692307693,0.0
31,CrossEntropyLoss,min-CPS,0.030000000000000027,0.9846153846153847,4.065384615384615,3.0653846153846156,1.5,2.0,4.603846153846153,0.023076923076923078,0.0
31,CrossEntropyLoss,min-CPS,0.050000000000000044,0.9807692307692307,3.7423076923076923,2.7423076923076923,1.4,2.0,3.8192307692307685,0.026923076923076925,0.0
31,CrossEntropyLoss,min-CPS,0.07999999999999996,0.9461538461538461,3.373076923076923,2.373076923076923,1.1428571428571428,2.0,3.9115384615384623,0.06153846153846154,0.0
31,CrossEntropyLoss,min-CPS,0.09999999999999998,0.926923076923077,3.0692307692307694,2.0692307692307694,1.4210526315789473,2.0,4.1461538461538465,0.10384615384615385,0.0
31,CrossEntropyLoss,min-CPS,0.13,0.9192307692307692,2.9153846153846152,1.9153846153846155,1.380952380952381,2.0,3.6313609467455623,0.11153846153846154,0.0
31,CrossEntropyLoss,min-CPS,0.15000000000000002,0.8730769230769231,2.6846153846153844,1.6846153846153846,1.3636363636363635,2.0,3.9923076923076923,0.17307692307692307,0.0
31,CrossEntropyLoss,min-CPS,0.18000000000000005,0.823076923076923,2.5307692307692307,1.5307692307692307,1.3043478260869565,2.0,4.0948717948717945,0.23076923076923078,0.0
31,CrossEntropyLoss,min-CPS,0.19999999999999996,0.8038461538461539,2.4384615384615387,1.4384615384615385,1.3137254901960784,3.0,4.015384615384615,0.25769230769230766,0.0
31,CrossEntropyLoss,RPS,0.010000000000000009,1.0,4.55,3.55,,0.0,3.55,0.0,0.0
31,CrossEntropyLoss,RPS,0.020000000000000018,0.9730769230769231,4.142307692307693,3.1423076923076922,1.0,1.0,5.834615384615382,0.026923076923076925,0.0
31,CrossEntropyLoss,RPS,0.030000000000000027,0.9692307692307692,4.030769230769231,3.0307692307692307,1.0,1.0,5.082051282051281,0.03076923076923077,0.0
31,CrossEntropyLoss,RPS,0.050000000000000044,0.9615384615384616,3.9653846153846155,2.9653846153846155,1.0,1.0,4.503846153846152,0.038461538461538464,0.0
31,CrossEntropyLoss,RPS,0.07999999999999996,0.9307692307692308,3.4346153846153844,2.4346153846153844,1.1111111111111112,2.0,4.357692307692309,0.07692307692307693,0.0
31,CrossEntropyLoss,RPS,0.09999999999999998,0.9076923076923077,3.203846153846154,2.203846153846154,1.125,2.0,4.280769230769231,0.10384615384615385,0.0
31,CrossEntropyLoss,RPS,0.13,0.8961538461538462,3.126923076923077,2.126923076923077,1.1481481481481481,2.0,3.961242603550296,0.11923076923076924,0.0
31,CrossEntropyLoss,RPS,0.15000000000000002,0.8461538461538461,2.8846153846153846,1.8846153846153846,1.2,2.0,4.346153846153846,0.18461538461538463,0.0
31,CrossEntropyLoss,RPS,0.18000000000000005,0.8192307692307692,2.6538461538461537,1.6538461538461537,1.2127659574468086,2.0,4.0897435897435885,0.21923076923076923,0.0
31,CrossEntropyLoss,RPS,0.19999999999999996,0.8115384615384615,2.4653846153846155,1.4653846153846153,1.2653061224489797,2.0,3.85,0.23846153846153847,0.0
31,CrossEntropyLoss,OCDF,0.010000000000000009,1.0,4.984615384615385,3.9846153846153847,,0.0,3.9846153846153847,0.0,0.0
31,CrossEntropyLoss,OCDF,0.020000000000000018,0.9769230769230769,4.865384615384615,3.8653846153846154,1.0,1.0,6.173076923076922,0.023076923076923078,0.0
31,CrossEntropyLoss,OCDF,0.030000000000000027,0.9769230769230769,4.857692307692307,3.8576923076923078,1.0,1.0,5.396153846153846,0.023076923076923078,0.0
31,CrossEntropyLoss,OCDF,0.050000000000000044,0.9576923076923077,4.730769230769231,3.730769230769231,1.2727272727272727,2.0,5.884615384615383,0.05384615384615385,0.0
31,CrossEntropyLoss,OCDF,0.07999999999999996,0.9076923076923077,4.526923076923077,3.526923076923077,1.3333333333333333,2.0,6.603846153846155,0.12307692307692308,0.0
31,CrossEntropyLoss,OCDF,0.09999999999999998,0.8769230769230769,4.380769230769231,3.3807692307692307,1.34375,2.0,6.688461538461539,0.16538461538461538,0.0
31,CrossEntropyLoss,OCDF,0.13,0.8461538461538461,4.188461538461539,3.1884615384615387,1.375,2.0,6.442899408284024,0.21153846153846154,0.0
31,CrossEntropyLoss,OCDF,0.15000000000000002,0.8192307692307692,4.046153846153846,3.046153846153846,1.3829787234042554,3.0,6.379487179487179,0.25,0.0
31,CrossEntropyLoss,OCDF,0.18000000000000005,0.7884615384615384,3.8884615384615384,2.8884615384615384,1.3636363636363635,3.0,6.093589743589742,0.28846153846153844,0.0
31,CrossEntropyLoss,OCDF,0.19999999999999996,0.7538461538461538,3.75,2.75,1.40625,3.0,6.211538461538462,0.34615384615384615,0.0
31,CrossEntropyLoss,APS,0.010000000000000009,0.9961538461538462,4.584615384615384,3.6076923076923078,1.0,1.0,4.3769230769230765,0.0038461538461538464,0.023076923076923106
31,CrossEntropyLoss,APS,0.020000000000000018,0.9884615384615385,4.369230769230769,3.396153846153846,1.0,1.0,4.549999999999998,0.011538461538461539,0.02692307692307694
31,CrossEntropyLoss,APS,0.030000000000000027,0.9730769230769231,4.069230769230769,3.123076923076923,1.1428571428571428,2.0,4.917948717948717,0.03076923076923077,0.05384615384615388
31,CrossEntropyLoss,APS,0.050000000000000044,0.9653846153846154,3.8346153846153848,2.9038461538461537,1.1111111111111112,2.0,4.288461538461537,0.038461538461538464,0.0692307692307692
31,CrossEntropyLoss,APS,0.07999999999999996,0.9461538461538461,3.519230769230769,2.6961538461538463,1.3571428571428572,4.0,3.7538461538461547,0.07307692307692308,0.17307692307692313
31,CrossEntropyLoss,APS,0.09999999999999998,0.9230769230769231,3.023076923076923,2.276923076923077,1.65,4.0,3.5846153846153848,0.12692307692307692,0.2384615384615385
31,CrossEntropyLoss,APS,0.13,0.9076923076923077,2.8192307692307694,2.1384615384615384,1.625,4.0,3.4402366863905325,0.15,0.29230769230769227
31,CrossEntropyLoss,APS,0.15000000000000002,0.8615384615384616,2.6115384615384616,1.9884615384615385,1.6388888888888888,4.0,3.7320512820512817,0.22692307692307692,0.3423076923076923
31,CrossEntropyLoss,APS,0.18000000000000005,0.8307692307692308,2.4346153846153844,1.873076923076923,1.6590909090909092,4.0,3.411538461538461,0.28076923076923077,0.39230769230769236
31,CrossEntropyLoss,APS,0.19999999999999996,0.8115384615384615,2.3692307692307693,1.8346153846153845,1.6734693877551021,4.0,3.373076923076923,0.3153846153846154,0.4115384615384615
31,CrossEntropyLoss,LAC,0.010000000000000009,0.9961538461538462,4.519230769230769,3.5307692307692307,1.0,1.0,4.299999999999999,0.0038461538461538464,0.011538461538461497
31,CrossEntropyLoss,LAC,0.020000000000000018,0.9923076923076923,4.134615384615385,3.1538461538461537,2.0,2.0,4.692307692307691,0.015384615384615385,0.019230769230769273
31,CrossEntropyLoss,LAC,0.030000000000000027,0.9923076923076923,4.134615384615385,3.1538461538461537,2.0,2.0,4.179487179487179,0.015384615384615385,0.019230769230769273
31,CrossEntropyLoss,LAC,0.050000000000000044,0.9769230769230769,3.973076923076923,3.019230769230769,1.3333333333333333,2.0,3.9423076923076916,0.03076923076923077,0.0461538461538461
31,CrossEntropyLoss,LAC,0.07999999999999996,0.9538461538461539,3.3846153846153846,2.5307692307692307,1.1666666666666667,2.0,3.7807692307692315,0.05384615384615385,0.14230769230769236
31,CrossEntropyLoss,LAC,0.09999999999999998,0.9038461538461539,2.830769230769231,2.0653846153846156,1.36,2.0,4.219230769230769,0.13076923076923078,0.22307692307692306
31,CrossEntropyLoss,LAC,0.13,0.8692307692307693,2.6076923076923078,1.873076923076923,1.3529411764705883,3.0,4.003254437869822,0.17692307692307693,0.25769230769230766
31,CrossEntropyLoss,LAC,0.15000000000000002,0.8423076923076923,2.4461538461538463,1.7346153846153847,1.3658536585365855,3.0,3.9910256410256406,0.2153846153846154,0.28076923076923077
31,CrossEntropyLoss,LAC,0.18000000000000005,0.8307692307692308,2.326923076923077,1.623076923076923,1.3863636363636365,3.0,3.7598290598290594,0.23461538461538461,0.28846153846153844
31,CrossEntropyLoss,LAC,0.19999999999999996,0.8192307692307692,2.2615384615384615,1.5615384615384615,1.3617021276595744,3.0,3.6,0.24615384615384617,0.28846153846153844
32,CrossEntropyLoss,min-CPS,0.010000000000000009,0.9923076923076923,4.476923076923077,3.476923076923077,1.0,1.0,5.0153846153846136,0.007692307692307693,0.0
32,CrossEntropyLoss,min-CPS,0.020000000000000018,0.9846153846153847,4.0346153846153845,3.0346153846153845,1.75,2.0,5.726923076923074,0.026923076923076925,0.0
32,CrossEntropyLoss,min-CPS,0.030000000000000027,0.9615384615384616,3.853846153846154,2.853846153846154,1.4,3.0,6.44358974358974,0.05384615384615385,0.0
32,CrossEntropyLoss,min-CPS,0.050000000000000044,0.926923076923077,3.3692307692307693,2.3692307692307693,1.3157894736842106,3.0,6.215384615384612,0.09615384615384616,0.0
32,CrossEntropyLoss,min-CPS,0.07999999999999996,0.8961538461538462,2.9615384615384617,1.9615384615384615,1.3703703703703705,3.0,5.519230769230771,0.1423076923076923,0.0
32,CrossEntropyLoss,min-CPS,0.09999999999999998,0.8884615384615384,2.7423076923076923,1.7423076923076923,1.4137931034482758,3.0,4.8961538461538465,0.1576923076923077,0.0
32,CrossEntropyLoss,min-CPS,0.13,0.8692307692307693,2.6,1.6,1.4705882352941178,3.0,4.558579881656804,0.19230769230769232,0.0
32,CrossEntropyLoss,min-CPS,0.15000000000000002,0.8538461538461538,2.526923076923077,1.5269230769230768,1.5526315789473684,4.0,4.552564102564102,0.22692307692307692,0.0
32,CrossEntropyLoss,min-CPS,0.18000000000000005,0.8192307692307692,2.3846153846153846,1.3846153846153846,1.446808510638298,4.0,4.2905982905982905,0.26153846153846155,0.0
32,CrossEntropyLoss,min-CPS,0.19999999999999996,0.8076923076923077,2.3230769230769233,1.323076923076923,1.44,4.0,4.092307692307692,0.27692307692307694,0.0
32,CrossEntropyLoss,RPS,0.010000000000000009,0.9884615384615385,4.35,3.35,1.0,1.0,5.657692307692306,0.011538461538461539,0.0
32,CrossEntropyLoss,RPS,0.020000000000000018,0.9730769230769231,4.092307692307692,3.0923076923076924,1.1428571428571428,2.0,6.169230769230767,0.03076923076923077,0.0
32,CrossEntropyLoss,RPS,0.030000000000000027,0.9576923076923077,3.9423076923076925,2.9423076923076925,1.1818181818181819,2.0,6.275641025641023,0.05,0.0
32,CrossEntropyLoss,RPS,0.050000000000000044,0.9307692307692308,3.6653846153846152,2.6653846153846152,1.1111111111111112,2.0,5.742307692307691,0.07692307692307693,0.0
32,CrossEntropyLoss,RPS,0.07999999999999996,0.8961538461538462,3.126923076923077,2.126923076923077,1.1851851851851851,3.0,5.203846153846156,0.12307692307692308,0.0
32,CrossEntropyLoss,RPS,0.09999999999999998,0.8730769230769231,3.0115384615384615,2.0115384615384615,1.1818181818181819,3.0,5.0115384615384615,0.15,0.0
32,CrossEntropyLoss,RPS,0.13,0.8615384615384616,2.896153846153846,1.896153846153846,1.2222222222222223,3.0,4.499704142011835,0.16923076923076924,0.0
32,CrossEntropyLoss,RPS,0.15000000000000002,0.8461538461538461,2.8153846153846156,1.8153846153846154,1.3,3.0,4.482051282051282,0.2,0.0
32,CrossEntropyLoss,RPS,0.18000000000000005,0.8192307692307692,2.6076923076923078,1.6076923076923078,1.297872340425532,3.0,4.214529914529914,0.23461538461538461,0.0
32,CrossEntropyLoss,RPS,0.19999999999999996,0.7923076923076923,2.3615384615384616,1.3615384615384616,1.3518518518518519,3.0,4.1692307692307695,0.28076923076923077,0.0
32,CrossEntropyLoss,OCDF,0.010000000000000009,0.9923076923076923,4.934615384615385,3.9346153846153844,1.0,1.0,5.473076923076921,0.007692307692307693,0.0
32,CrossEntropyLoss,OCDF,0.020000000000000018,0.9923076923076923,4.876923076923077,3.876923076923077,1.0,1.0,4.646153846153846,0.007692307692307693,0.0
32,CrossEntropyLoss,OCDF,0.030000000000000027,0.9846153846153847,4.8076923076923075,3.8076923076923075,1.0,1.0,4.833333333333333,0.015384615384615385,0.0
32,CrossEntropyLoss,OCDF,0.050000000000000044,0.9615384615384616,4.661538461538462,3.6615384615384614,1.1,2.0,5.353846153846152,0.04230769230769231,0.0
32,CrossEntropyLoss,OCDF,0.07999999999999996,0.9307692307692308,4.523076923076923,3.523076923076923,1.3333333333333333,2.0,5.830769230769232,0.09230769230769231,0.0
32,CrossEntropyLoss,OCDF,0.09999999999999998,0.8923076923076924,4.346153846153846,3.3461538461538463,1.3214285714285714,2.0,6.1923076923076925,0.1423076923076923,0.0
32,CrossEntropyLoss,OCDF,0.13,0.8653846153846154,4.188461538461539,3.1884615384615387,1.4,3.0,6.087869822485207,0.18846153846153846,0.0
32,CrossEntropyLoss,OCDF,0.15000000000000002,0.8461538461538461,4.115384615384615,3.1153846153846154,1.4,3.0,5.987179487179486,0.2153846153846154,0.0
32,CrossEntropyLoss,OCDF,0.18000000000000005,0.7961538461538461,3.9,2.9,1.3584905660377358,3.0,5.976923076923076,0.27692307692307694,0.0
32,CrossEntropyLoss,OCDF,0.19999999999999996,0.7692307692307693,3.769230769230769,2.769230769230769,1.3833333333333333,3.0,5.961538461538462,0.3192307692307692,0.0
32,CrossEntropyLoss,APS,0.010000000000000009,0.9923076923076923,4.4423076923076925,3.4692307692307693,1.0,1.0,5.007692307692306,0.007692307692307693,0.02692307692307694
32,CrossEntropyLoss,APS,0.020000000000000018,0.9846153846153847,4.053846153846154,3.1115384615384616,1.5,2.0,5.419230769230768,0.023076923076923078,0.05769230769230771
32,CrossEntropyLoss,APS,0.030000000000000027,0.9769230769230769,3.9346153846153844,3.0115384615384615,1.3333333333333333,2.0,5.062820512820512,0.03076923076923077,0.07692307692307687
32,CrossEntropyLoss,APS,0.050000000000000044,0.9576923076923077,3.669230769230769,2.792307692307692,1.1818181818181819,2.0,4.484615384615383,0.05,0.12307692307692308
32,CrossEntropyLoss,APS,0.07999999999999996,0.9346153846153846,3.3653846153846154,2.5346153846153845,1.4705882352941178,4.0,4.073076923076924,0.09615384615384616,0.16538461538461535
32,CrossEntropyLoss,APS,0.09999999999999998,0.9038461538461539,2.9884615384615385,2.269230769230769,1.44,4.0,4.269230769230769,0.13846153846153847,0.2730769230769231
32,CrossEntropyLoss,APS,0.13,0.8807692307692307,2.7884615384615383,2.080769230769231,1.4193548387096775,4.0,4.151775147928994,0.16923076923076924,0.28076923076923077
32,CrossEntropyLoss,APS,0.15000000000000002,0.8615384615384616,2.576923076923077,1.9153846153846155,1.5555555555555556,4.0,3.8641025641025637,0.2153846153846154,0.31153846153846154
32,CrossEntropyLoss,APS,0.18000000000000005,0.8269230769230769,2.373076923076923,1.7346153846153847,1.5555555555555556,4.0,3.7004273504273493,0.2692307692307692,0.33461538461538465
32,CrossEntropyLoss,APS,0.19999999999999996,0.8038461538461539,2.296153846153846,1.6692307692307693,1.7450980392156863,4.0,3.707692307692308,0.3423076923076923,0.33461538461538465
32,CrossEntropyLoss,LAC,0.010000000000000009,0.9923076923076923,4.446153846153846,3.4692307692307693,1.0,1.0,5.007692307692306,0.007692307692307693,0.023076923076923106
32,CrossEntropyLoss,LAC,0.020000000000000018,0.9692307692307692,3.9692307692307693,3.0307692307692307,1.625,3.0,7.261538461538458,0.05,0.06153846153846154
32,CrossEntropyLoss,LAC,0.030000000000000027,0.9653846153846154,3.9307692307692306,2.9884615384615385,1.5555555555555556,3.0,5.808974358974356,0.05384615384615385,0.05769230769230771
32,CrossEntropyLoss,LAC,0.050000000000000044,0.9423076923076923,3.4461538461538463,2.5923076923076924,1.3333333333333333,3.0,5.361538461538459,0.07692307692307693,0.1461538461538462
32,CrossEntropyLoss,LAC,0.07999999999999996,0.8846153846153846,2.7846153846153845,2.0076923076923077,1.3333333333333333,3.0,5.469230769230771,0.15384615384615385,0.2153846153846154
32,CrossEntropyLoss,LAC,0.09999999999999998,0.8615384615384616,2.5692307692307694,1.8153846153846154,1.3888888888888888,4.0,5.046153846153846,0.19230769230769232,0.2384615384615385
32,CrossEntropyLoss,LAC,0.13,0.8461538461538461,2.3884615384615384,1.6346153846153846,1.375,4.0,4.474852071005917,0.21153846153846154,0.24230769230769234
32,CrossEntropyLoss,LAC,0.15000000000000002,0.8153846153846154,2.273076923076923,1.5461538461538462,1.3541666666666667,4.0,4.469230769230769,0.25,0.2692307692307693
32,CrossEntropyLoss,LAC,0.18000000000000005,0.8076923076923077,2.1538461538461537,1.4346153846153846,1.34,4.0,3.9559829059829057,0.25769230769230766,0.2730769230769231
32,CrossEntropyLoss,LAC,0.19999999999999996,0.7807692307692308,2.046153846153846,1.3115384615384615,1.4210526315789473,4.0,4.157692307692308,0.31153846153846154,0.25769230769230766
33,CrossEntropyLoss,min-CPS,0.010000000000000009,0.9846153846153847,4.153846153846154,3.1538461538461537,1.5,2.0,7.769230769230766,0.023076923076923078,0.0
33,CrossEntropyLoss,min-CPS,0.020000000000000018,0.9692307692307692,3.9346153846153844,2.9346153846153844,1.625,3.0,7.9346153846153795,0.05,0.0
33,CrossEntropyLoss,min-CPS,0.030000000000000027,0.9576923076923077,3.6153846153846154,2.6153846153846154,1.6363636363636365,3.0,7.230769230769227,0.06923076923076923,0.0
33,CrossEntropyLoss,min-CPS,0.050000000000000044,0.926923076923077,3.276923076923077,2.276923076923077,1.368421052631579,3.0,6.276923076923073,0.1,0.0
33,CrossEntropyLoss,min-CPS,0.07999999999999996,0.8769230769230769,2.792307692307692,1.7923076923076924,1.375,3.0,6.023076923076926,0.16923076923076924,0.0
33,CrossEntropyLoss,min-CPS,0.09999999999999998,0.8692307692307693,2.6884615384615387,1.6884615384615385,1.4411764705882353,3.0,5.457692307692308,0.18846153846153846,0.0
33,CrossEntropyLoss,min-CPS,0.13,0.8692307692307693,2.5961538461538463,1.5961538461538463,1.411764705882353,3.0,4.436390532544379,0.18461538461538463,0.0
33,CrossEntropyLoss,min-CPS,0.15000000000000002,0.8538461538461538,2.5076923076923077,1.5076923076923077,1.4473684210526316,3.0,4.328205128205128,0.21153846153846154,0.0
33,CrossEntropyLoss,min-CPS,0.18000000000000005,0.7653846153846153,2.292307692307692,1.2923076923076924,1.3770491803278688,3.0,4.882051282051281,0.3230769230769231,0.0
33,CrossEntropyLoss,min-CPS,0.19999999999999996,0.7538461538461538,2.2384615384615385,1.2384615384615385,1.375,3.0,4.623076923076923,0.3384615384615385,0.0
33,CrossEntropyLoss,RPS,0.010000000000000009,0.9846153846153847,4.2846153846153845,3.2846153846153845,1.0,1.0,6.3615384615384585,0.015384615384615385,0.0
33,CrossEntropyLoss,RPS,0.020000000000000018,0.9730769230769231,4.065384615384615,3.0653846153846156,1.0,1.0,5.757692307692305,0.026923076923076925,0.0
33,CrossEntropyLoss,RPS,0.030000000000000027,0.9653846153846154,3.953846153846154,2.953846153846154,1.1111111111111112,2.0,5.517948717948716,0.038461538461538464,0.0
33,CrossEntropyLoss,RPS,0.050000000000000044,0.9230769230769231,3.5615384615384613,2.5615384615384613,1.1,2.0,5.946153846153844,0.08461538461538462,0.0
33,CrossEntropyLoss,RPS,0.07999999999999996,0.8961538461538462,3.146153846153846,2.146153846153846,1.1851851851851851,2.0,5.223076923076925,0.12307692307692308,0.0
33,CrossEntropyLoss,RPS,0.09999999999999998,0.8807692307692307,3.0538461538461537,2.0538461538461537,1.1935483870967742,2.0,4.9,0.1423076923076923,0.0
33,CrossEntropyLoss,RPS,0.13,0.85,2.85,1.85,1.2307692307692308,2.0,4.690236686390533,0.18461538461538463,0.0
33,CrossEntropyLoss,RPS,0.15000000000000002,0.8269230769230769,2.769230769230769,1.7692307692307692,1.2222222222222223,2.0,4.589743589743589,0.21153846153846154,0.0
33,CrossEntropyLoss,RPS,0.18000000000000005,0.8,2.45,1.45,1.2884615384615385,3.0,4.313247863247863,0.25769230769230766,0.0
33,CrossEntropyLoss,RPS,0.19999999999999996,0.7884615384615384,2.326923076923077,1.3269230769230769,1.3454545454545455,3.0,4.173076923076923,0.2846153846153846,0.0
33,CrossEntropyLoss,OCDF,0.010000000000000009,1.0,4.980769230769231,3.980769230769231,,0.0,3.980769230769231,0.0,0.0
33,CrossEntropyLoss,OCDF,0.020000000000000018,0.9923076923076923,4.911538461538462,3.9115384615384614,1.0,1.0,4.68076923076923,0.007692307692307693,0.0
33,CrossEntropyLoss,OCDF,0.030000000000000027,0.9923076923076923,4.884615384615385,3.8846153846153846,1.0,1.0,4.397435897435897,0.007692307692307693,0.0
33,CrossEntropyLoss,OCDF,0.050000000000000044,0.9615384615384616,4.757692307692308,3.7576923076923077,1.1,2.0,5.449999999999999,0.04230769230769231,0.0
33,CrossEntropyLoss,OCDF,0.07999999999999996,0.9384615384615385,4.642307692307693,3.6423076923076922,1.1875,2.0,5.46923076923077,0.07307692307692308,0.0
33,CrossEntropyLoss,OCDF,0.09999999999999998,0.926923076923077,4.542307692307692,3.542307692307692,1.2105263157894737,2.0,5.311538461538461,0.08846153846153847,0.0
33,CrossEntropyLoss,OCDF,0.13,0.9192307692307692,4.446153846153846,3.4461538461538463,1.380952380952381,2.0,5.162130177514793,0.11153846153846154,0.0
33,CrossEntropyLoss,OCDF,0.15000000000000002,0.8807692307692307,4.292307692307692,3.292307692307692,1.3548387096774193,3.0,5.446153846153846,0.16153846153846155,0.0
33,CrossEntropyLoss,OCDF,0.18000000000000005,0.823076923076923,4.065384615384615,3.0653846153846156,1.4130434782608696,3.0,5.843162393162391,0.25,0.0
33,CrossEntropyLoss,OCDF,0.19999999999999996,0.8038461538461539,3.953846153846154,2.953846153846154,1.392156862745098,3.0,5.684615384615385,0.27307692307692305,0.0
33,CrossEntropyLoss,APS,0.010000000000000009,0.9807692307692307,4.061538461538461,3.103846153846154,1.2,2.0,7.719230769230766,0.023076923076923078,0.04230769230769227
33,CrossEntropyLoss,APS,0.020000000000000018,0.9653846153846154,3.8076923076923075,2.876923076923077,1.2222222222222223,2.0,6.72307692307692,0.04230769230769231,0.0692307692307692
33,CrossEntropyLoss,APS,0.030000000000000027,0.9346153846153846,3.523076923076923,2.6384615384615384,1.588235294117647,4.0,7.25384615384615,0.10384615384615385,0.11153846153846159
33,CrossEntropyLoss,APS,0.050000000000000044,0.926923076923077,3.25,2.4269230769230767,1.5263157894736843,4.0,5.503846153846151,0.11153846153846154,0.17307692307692313
33,CrossEntropyLoss,APS,0.07999999999999996,0.9,3.0307692307692307,2.2807692307692307,1.8076923076923077,4.0,4.973076923076925,0.18076923076923077,0.2269230769230769
33,CrossEntropyLoss,APS,0.09999999999999998,0.8538461538461538,2.7384615384615385,2.0346153846153845,1.894736842105263,4.0,5.0346153846153845,0.27692307692307694,0.25769230769230766
33,CrossEntropyLoss,APS,0.13,0.8461538461538461,2.7,2.0115384615384615,1.925,4.0,4.378402366863905,0.29615384615384616,0.2692307692307693
33,CrossEntropyLoss,APS,0.15000000000000002,0.8269230769230769,2.6115384615384616,1.9346153846153846,2.0,4.0,4.242307692307692,0.34615384615384615,0.2730769230769231
33,CrossEntropyLoss,APS,0.18000000000000005,0.8153846153846154,2.5115384615384615,1.8461538461538463,2.0833333333333335,4.0,3.8974358974358974,0.38461538461538464,0.27692307692307694
33,CrossEntropyLoss,APS,0.19999999999999996,0.7923076923076923,2.3346153846153848,1.7076923076923076,2.0185185185185186,4.0,3.6307692307692307,0.41923076923076924,0.31153846153846154
33,CrossEntropyLoss,LAC,0.010000000000000009,0.9846153846153847,4.088461538461538,3.1153846153846154,2.5,3.0,10.807692307692301,0.038461538461538464,0.02692307692307694
33,CrossEntropyLoss,LAC,0.020000000000000018,0.9461538461538461,3.830769230769231,2.8846153846153846,1.5,3.0,9.038461538461533,0.08076923076923077,0.05384615384615388
33,CrossEntropyLoss,LAC,0.030000000000000027,0.9461538461538461,3.792307692307692,2.8461538461538463,1.5,3.0,6.9487179487179445,0.08076923076923077,0.05384615384615388
33,CrossEntropyLoss,LAC,0.050000000000000044,0.9230769230769231,3.25,2.3807692307692307,1.35,3.0,6.380769230769228,0.10384615384615385,0.13076923076923075
33,CrossEntropyLoss,LAC,0.07999999999999996,0.9076923076923077,2.9615384615384617,2.1076923076923078,1.4166666666666667,3.0,5.376923076923078,0.13076923076923078,0.14230769230769236
33,CrossEntropyLoss,LAC,0.09999999999999998,0.8807692307692307,2.6115384615384616,1.7961538461538462,1.4838709677419355,3.0,5.180769230769231,0.17692307692307693,0.1807692307692308
33,CrossEntropyLoss,LAC,0.13,0.8653846153846154,2.496153846153846,1.7076923076923076,1.4285714285714286,3.0,4.488757396449703,0.19230769230769232,0.20769230769230773
33,CrossEntropyLoss,LAC,0.15000000000000002,0.85,2.353846153846154,1.5615384615384615,1.4102564102564104,3.0,4.228205128205128,0.21153846153846154,0.19999999999999996
33,CrossEntropyLoss,LAC,0.18000000000000005,0.8269230769230769,2.2115384615384617,1.4461538461538461,1.4444444444444444,3.0,4.052991452991452,0.25,0.2269230769230769
33,CrossEntropyLoss,LAC,0.19999999999999996,0.8,2.103846153846154,1.3461538461538463,1.4615384615384615,3.0,4.115384615384615,0.2923076923076923,0.2384615384615385
34,CrossEntropyLoss,min-CPS,0.010000000000000009,0.9807692307692307,4.076923076923077,3.076923076923077,1.8,2.0,9.999999999999995,0.03461538461538462,0.0
34,CrossEntropyLoss,min-CPS,0.020000000000000018,0.9807692307692307,3.9346153846153844,2.9346153846153844,2.0,3.0,6.780769230769227,0.038461538461538464,0.0
34,CrossEntropyLoss,min-CPS,0.030000000000000027,0.9653846153846154,3.796153846153846,2.796153846153846,1.5555555555555556,3.0,6.385897435897433,0.05384615384615385,0.0
34,CrossEntropyLoss,min-CPS,0.050000000000000044,0.9192307692307692,3.273076923076923,2.273076923076923,1.3333333333333333,3.0,6.580769230769226,0.1076923076923077,0.0
34,CrossEntropyLoss,min-CPS,0.07999999999999996,0.9153846153846154,3.0615384615384613,2.0615384615384613,1.4545454545454546,3.0,5.138461538461541,0.12307692307692308,0.0
34,CrossEntropyLoss,min-CPS,0.09999999999999998,0.8846153846153846,2.746153846153846,1.7461538461538462,1.4333333333333333,3.0,5.053846153846154,0.16538461538461538,0.0
34,CrossEntropyLoss,min-CPS,0.13,0.8384615384615385,2.55,1.55,1.4761904761904763,4.0,5.218639053254438,0.23846153846153847,0.0
34,CrossEntropyLoss,min-CPS,0.15000000000000002,0.8038461538461539,2.4153846153846152,1.4153846153846155,1.4313725490196079,4.0,5.158974358974358,0.28076923076923077,0.0
34,CrossEntropyLoss,min-CPS,0.18000000000000005,0.7615384615384615,2.3076923076923075,1.3076923076923077,1.3709677419354838,4.0,4.9401709401709395,0.3269230769230769,0.0
34,CrossEntropyLoss,min-CPS,0.19999999999999996,0.7538461538461538,2.269230769230769,1.2692307692307692,1.359375,4.0,4.615384615384615,0.3346153846153846,0.0
34,CrossEntropyLoss,RPS,0.010000000000000009,0.9923076923076923,4.357692307692307,3.3576923076923078,1.0,1.0,4.896153846153845,0.007692307692307693,0.0
34,CrossEntropyLoss,RPS,0.020000000000000018,0.9461538461538461,3.8653846153846154,2.8653846153846154,1.1428571428571428,2.0,9.019230769230765,0.06153846153846154,0.0
34,CrossEntropyLoss,RPS,0.030000000000000027,0.9423076923076923,3.8384615384615386,2.8384615384615386,1.1333333333333333,2.0,7.197435897435894,0.06538461538461539,0.0
34,CrossEntropyLoss,RPS,0.050000000000000044,0.9192307692307692,3.457692307692308,2.457692307692308,1.0952380952380953,2.0,5.9961538461538435,0.08846153846153847,0.0
34,CrossEntropyLoss,RPS,0.07999999999999996,0.8730769230769231,3.1076923076923078,2.1076923076923078,1.1515151515151516,3.0,5.761538461538463,0.14615384615384616,0.0
34,CrossEntropyLoss,RPS,0.09999999999999998,0.8576923076923076,3.026923076923077,2.026923076923077,1.162162162162162,3.0,5.334615384615384,0.16538461538461538,0.0
34,CrossEntropyLoss,RPS,0.13,0.8269230769230769,2.853846153846154,1.853846153846154,1.288888888888889,3.0,5.285798816568048,0.2230769230769231,0.0
34,CrossEntropyLoss,RPS,0.15000000000000002,0.7846153846153846,2.496153846153846,1.4961538461538462,1.3035714285714286,3.0,5.239743589743589,0.28076923076923077,0.0
34,CrossEntropyLoss,RPS,0.18000000000000005,0.7769230769230769,2.3653846153846154,1.3653846153846154,1.3793103448275863,3.0,4.784188034188033,0.3076923076923077,0.0
34,CrossEntropyLoss,RPS,0.19999999999999996,0.7461538461538462,2.2,1.2,1.3484848484848484,3.0,4.623076923076923,0.3423076923076923,0.0
34,CrossEntropyLoss,OCDF,0.010000000000000009,0.9923076923076923,4.953846153846154,3.953846153846154,1.0,1.0,5.492307692307691,0.007692307692307693,0.0
34,CrossEntropyLoss,OCDF,0.020000000000000018,0.9576923076923077,4.811538461538461,3.8115384615384613,1.0909090909090908,2.0,8.426923076923073,0.046153846153846156,0.0
34,CrossEntropyLoss,OCDF,0.030000000000000027,0.9576923076923077,4.8076923076923075,3.8076923076923075,1.0909090909090908,2.0,6.884615384615382,0.046153846153846156,0.0
34,CrossEntropyLoss,OCDF,0.050000000000000044,0.95,4.665384615384616,3.6653846153846152,1.3846153846153846,2.0,6.434615384615383,0.06923076923076923,0.0
34,CrossEntropyLoss,OCDF,0.07999999999999996,0.9192307692307692,4.507692307692308,3.5076923076923077,1.380952380952381,2.0,6.296153846153848,0.11153846153846154,0.0
34,CrossEntropyLoss,OCDF,0.09999999999999998,0.9038461538461539,4.4192307692307695,3.419230769230769,1.44,2.0,6.188461538461539,0.13846153846153847,0.0
34,CrossEntropyLoss,OCDF,0.13,0.8807692307692307,4.2615384615384615,3.2615384615384615,1.4516129032258065,3.0,5.9242603550295865,0.17307692307692307,0.0
34,CrossEntropyLoss,OCDF,0.15000000000000002,0.8461538461538461,4.096153846153846,3.0961538461538463,1.5,3.0,6.173076923076923,0.23076923076923078,0.0
34,CrossEntropyLoss,OCDF,0.18000000000000005,0.8269230769230769,4.0,3.0,1.488888888888889,3.0,5.863247863247863,0.25769230769230766,0.0
34,CrossEntropyLoss,OCDF,0.19999999999999996,0.7807692307692308,3.792307692307692,2.792307692307692,1.4912280701754386,3.0,6.061538461538461,0.3269230769230769,0.0
34,CrossEntropyLoss,APS,0.010000000000000009,0.9653846153846154,3.919230769230769,2.996153846153846,1.3333333333333333,2.0,9.919230769230763,0.046153846153846156,0.07692307692307687
34,CrossEntropyLoss,APS,0.020000000000000018,0.9615384615384616,3.830769230769231,2.923076923076923,1.5,3.0,7.538461538461534,0.057692307692307696,0.09230769230769231
34,CrossEntropyLoss,APS,0.030000000000000027,0.9615384615384616,3.769230769230769,2.8653846153846154,1.5,3.0,5.94230769230769,0.057692307692307696,0.09615384615384615
34,CrossEntropyLoss,APS,0.050000000000000044,0.9307692307692308,3.4115384615384614,2.5730769230769233,1.6111111111111112,4.0,5.188461538461537,0.11153846153846154,0.15384615384615385
34,CrossEntropyLoss,APS,0.07999999999999996,0.9076923076923077,3.0692307692307694,2.3,1.7083333333333333,4.0,4.800000000000001,0.1576923076923077,0.21923076923076923
34,CrossEntropyLoss,APS,0.09999999999999998,0.8653846153846154,2.769230769230769,2.076923076923077,1.7142857142857142,4.0,4.846153846153846,0.23076923076923078,0.2846153846153846
34,CrossEntropyLoss,APS,0.13,0.8346153846153846,2.6346153846153846,1.9961538461538462,1.8837209302325582,4.0,4.36301775147929,0.31153846153846154,0.32307692307692304
34,CrossEntropyLoss,APS,0.15000000000000002,0.8269230769230769,2.5538461538461537,1.9423076923076923,2.0,4.0,4.044871794871795,0.34615384615384615,0.3423076923076923
34,CrossEntropyLoss,APS,0.18000000000000005,0.8192307692307692,2.5076923076923077,1.896153846153846,2.0,4.0,3.733760683760683,0.36153846153846153,0.33461538461538465
34,CrossEntropyLoss,APS,0.19999999999999996,0.8115384615384615,2.4384615384615387,1.8384615384615384,2.020408163265306,4.0,3.5692307692307694,0.38076923076923075,0.3423076923076923
34,CrossEntropyLoss,LAC,0.010000000000000009,0.9846153846153847,4.030769230769231,3.0692307692307694,2.25,3.0,9.992307692307685,0.03461538461538462,0.038461538461538436
34,CrossEntropyLoss,LAC,0.020000000000000018,0.9653846153846154,3.8923076923076922,2.9423076923076925,1.6666666666666667,3.0,7.942307692307689,0.057692307692307696,0.050000000000000044
34,CrossEntropyLoss,LAC,0.030000000000000027,0.9653846153846154,3.853846153846154,2.8923076923076922,1.6666666666666667,3.0,6.225641025641023,0.057692307692307696,0.038461538461538436
34,CrossEntropyLoss,LAC,0.050000000000000044,0.9346153846153846,3.3576923076923078,2.4615384615384617,1.411764705882353,3.0,5.9999999999999964,0.09230769230769231,0.10384615384615381
34,CrossEntropyLoss,LAC,0.07999999999999996,0.9,2.8923076923076922,2.103846153846154,1.3846153846153846,3.0,5.180769230769233,0.13846153846153847,0.2038461538461539
34,CrossEntropyLoss,LAC,0.09999999999999998,0.8807692307692307,2.6153846153846154,1.8615384615384616,1.5483870967741935,4.0,5.092307692307692,0.18461538461538463,0.2384615384615385
34,CrossEntropyLoss,LAC,0.13,0.8653846153846154,2.519230769230769,1.773076923076923,1.4857142857142858,4.0,4.435798816568048,0.2,0.25
34,CrossEntropyLoss,LAC,0.15000000000000002,0.8461538461538461,2.3884615384615384,1.65,1.475,4.0,4.214102564102563,0.22692307692307692,0.25384615384615383
34,CrossEntropyLoss,LAC,0.18000000000000005,0.8269230769230769,2.269230769230769,1.5538461538461539,1.4222222222222223,4.0,3.861538461538461,0.24615384615384617,0.27692307692307694
34,CrossEntropyLoss,LAC,0.19999999999999996,0.7730769230769231,2.076923076923077,1.3692307692307693,1.4915254237288136,4.0,4.369230769230769,0.3384615384615385,0.2846153846153846
35,CrossEntropyLoss,min-CPS,0.010000000000000009,0.9923076923076923,4.476923076923077,3.476923076923077,1.0,1.0,5.0153846153846136,0.007692307692307693,0.0
35,CrossEntropyLoss,min-CPS,0.020000000000000018,0.9807692307692307,4.053846153846154,3.0538461538461537,1.6,2.0,6.1307692307692285,0.03076923076923077,0.0
35,CrossEntropyLoss,min-CPS,0.030000000000000027,0.9730769230769231,3.973076923076923,2.973076923076923,1.5714285714285714,3.0,5.793589743589742,0.04230769230769231,0.0
35,CrossEntropyLoss,min-CPS,0.050000000000000044,0.9576923076923077,3.5384615384615383,2.5384615384615383,1.5454545454545454,3.0,5.153846153846152,0.06538461538461539,0.0
35,CrossEntropyLoss,min-CPS,0.07999999999999996,0.9307692307692308,3.2653846153846153,2.2653846153846153,1.3333333333333333,3.0,4.573076923076925,0.09230769230769231,0.0
35,CrossEntropyLoss,min-CPS,0.09999999999999998,0.9115384615384615,2.923076923076923,1.9230769230769231,1.3478260869565217,3.0,4.3076923076923075,0.11923076923076924,0.0
35,CrossEntropyLoss,min-CPS,0.13,0.8961538461538462,2.7846153846153845,1.7846153846153847,1.4074074074074074,3.0,4.033136094674556,0.14615384615384616,0.0
35,CrossEntropyLoss,min-CPS,0.15000000000000002,0.8769230769230769,2.6423076923076922,1.6423076923076922,1.4375,3.0,4.001282051282051,0.17692307692307693,0.0
35,CrossEntropyLoss,min-CPS,0.18000000000000005,0.8192307692307692,2.4384615384615387,1.4384615384615385,1.3829787234042554,4.0,4.216239316239316,0.25,0.0
35,CrossEntropyLoss,min-CPS,0.19999999999999996,0.8038461538461539,2.3615384615384616,1.3615384615384616,1.3725490196078431,4.0,4.053846153846154,0.2692307692307692,0.0
35,CrossEntropyLoss,RPS,0.010000000000000009,0.9923076923076923,4.373076923076923,3.373076923076923,1.0,1.0,4.91153846153846,0.007692307692307693,0.0
35,CrossEntropyLoss,RPS,0.020000000000000018,0.9884615384615385,4.223076923076923,3.223076923076923,1.3333333333333333,2.0,4.76153846153846,0.015384615384615385,0.0
35,CrossEntropyLoss,RPS,0.030000000000000027,0.9769230769230769,4.111538461538461,3.1115384615384616,1.1666666666666667,2.0,4.906410256410256,0.026923076923076925,0.0
35,CrossEntropyLoss,RPS,0.050000000000000044,0.9538461538461539,3.9,2.9,1.1666666666666667,2.0,5.053846153846152,0.05384615384615385,0.0
35,CrossEntropyLoss,RPS,0.07999999999999996,0.9115384615384615,3.3461538461538463,2.3461538461538463,1.1304347826086956,2.0,4.846153846153848,0.1,0.0
35,CrossEntropyLoss,RPS,0.09999999999999998,0.9,3.146153846153846,2.146153846153846,1.1538461538461537,3.0,4.453846153846154,0.11538461538461539,0.0
35,CrossEntropyLoss,RPS,0.13,0.8653846153846154,2.953846153846154,1.9538461538461538,1.2,3.0,4.439053254437869,0.16153846153846155,0.0
35,CrossEntropyLoss,RPS,0.15000000000000002,0.8269230769230769,2.8,1.8,1.2,3.0,4.569230769230769,0.2076923076923077,0.0
35,CrossEntropyLoss,RPS,0.18000000000000005,0.8115384615384615,2.546153846153846,1.5461538461538462,1.2448979591836735,3.0,4.1529914529914524,0.23461538461538461,0.0
35,CrossEntropyLoss,RPS,0.19999999999999996,0.7846153846153846,2.3346153846153848,1.3346153846153845,1.2857142857142858,3.0,4.1038461538461535,0.27692307692307694,0.0
35,CrossEntropyLoss,OCDF,0.010000000000000009,0.9923076923076923,4.953846153846154,3.953846153846154,1.0,1.0,5.492307692307691,0.007692307692307693,0.0
35,CrossEntropyLoss,OCDF,0.020000000000000018,0.9769230769230769,4.834615384615384,3.8346153846153848,1.1666666666666667,2.0,6.526923076923075,0.026923076923076925,0.0
35,CrossEntropyLoss,OCDF,0.030000000000000027,0.9692307692307692,4.803846153846154,3.8038461538461537,1.125,2.0,6.111538461538459,0.03461538461538462,0.0
35,CrossEntropyLoss,OCDF,0.050000000000000044,0.926923076923077,4.561538461538461,3.5615384615384613,1.263157894736842,2.0,7.253846153846151,0.09230769230769231,0.0
35,CrossEntropyLoss,OCDF,0.07999999999999996,0.8884615384615384,4.4,3.4,1.3448275862068966,2.0,7.150000000000003,0.15,0.0
35,CrossEntropyLoss,OCDF,0.09999999999999998,0.8576923076923076,4.226923076923077,3.226923076923077,1.4054054054054055,3.0,7.226923076923077,0.2,0.0
35,CrossEntropyLoss,OCDF,0.13,0.8269230769230769,4.092307692307692,3.0923076923076924,1.4444444444444444,3.0,6.938461538461539,0.25,0.0
35,CrossEntropyLoss,OCDF,0.15000000000000002,0.8115384615384615,4.003846153846154,3.003846153846154,1.4285714285714286,3.0,6.593589743589742,0.2692307692307692,0.0
35,CrossEntropyLoss,OCDF,0.18000000000000005,0.7769230769230769,3.8461538461538463,2.8461538461538463,1.4310344827586208,3.0,6.393162393162393,0.3192307692307692,0.0
35,CrossEntropyLoss,OCDF,0.19999999999999996,0.7576923076923077,3.7615384615384615,2.7615384615384615,1.4761904761904763,3.0,6.338461538461538,0.3576923076923077,0.0
35,CrossEntropyLoss,APS,0.010000000000000009,0.9923076923076923,4.373076923076923,3.396153846153846,1.5,2.0,5.703846153846152,0.011538461538461539,0.023076923076923106
35,CrossEntropyLoss,APS,0.020000000000000018,0.9769230769230769,4.030769230769231,3.0923076923076924,1.3333333333333333,2.0,5.784615384615383,0.03076923076923077,0.06153846153846154
35,CrossEntropyLoss,APS,0.030000000000000027,0.9538461538461539,3.7807692307692307,2.8884615384615384,1.4166666666666667,4.0,5.4525641025641,0.06538461538461539,0.10384615384615381
35,CrossEntropyLoss,APS,0.050000000000000044,0.9423076923076923,3.6153846153846154,2.7576923076923077,1.4666666666666666,4.0,4.757692307692306,0.08461538461538462,0.1384615384615384
35,CrossEntropyLoss,APS,0.07999999999999996,0.9230769230769231,3.2884615384615383,2.496153846153846,1.7,4.0,4.323076923076925,0.13076923076923078,0.1923076923076923
35,CrossEntropyLoss,APS,0.09999999999999998,0.9115384615384615,3.0115384615384615,2.2884615384615383,1.6956521739130435,4.0,4.134615384615385,0.15,0.25384615384615383
35,CrossEntropyLoss,APS,0.13,0.9038461538461539,2.9153846153846152,2.2153846153846155,1.64,4.0,3.7538461538461534,0.1576923076923077,0.27692307692307694
35,CrossEntropyLoss,APS,0.15000000000000002,0.8730769230769231,2.6769230769230767,2.0538461538461537,1.9393939393939394,4.0,3.4897435897435893,0.24615384615384617,0.3307692307692308
35,CrossEntropyLoss,APS,0.18000000000000005,0.8461538461538461,2.5384615384615383,1.9384615384615385,1.95,4.0,3.3059829059829053,0.3,0.3423076923076923
35,CrossEntropyLoss,APS,0.19999999999999996,0.8346153846153846,2.396153846153846,1.8192307692307692,1.930232558139535,4.0,3.2423076923076923,0.3192307692307692,0.36923076923076925
35,CrossEntropyLoss,LAC,0.010000000000000009,0.9923076923076923,4.45,3.4653846153846155,1.5,2.0,5.773076923076921,0.011538461538461539,0.01538461538461533
35,CrossEntropyLoss,LAC,0.020000000000000018,0.9692307692307692,3.9884615384615385,3.0576923076923075,1.625,3.0,6.903846153846151,0.05,0.0692307692307692
35,CrossEntropyLoss,LAC,0.030000000000000027,0.9692307692307692,3.9653846153846155,3.0346153846153845,1.625,3.0,5.598717948717947,0.05,0.0692307692307692
35,CrossEntropyLoss,LAC,0.050000000000000044,0.95,3.753846153846154,2.8653846153846154,1.3846153846153846,3.0,5.019230769230767,0.06923076923076923,0.10769230769230764
35,CrossEntropyLoss,LAC,0.07999999999999996,0.9384615384615385,3.2615384615384615,2.423076923076923,1.375,3.0,4.346153846153848,0.08461538461538462,0.15384615384615385
35,CrossEntropyLoss,LAC,0.09999999999999998,0.9153846153846154,2.8807692307692307,2.0923076923076924,1.3181818181818181,3.0,4.015384615384615,0.11153846153846154,0.19615384615384612
35,CrossEntropyLoss,LAC,0.13,0.8884615384615384,2.6076923076923078,1.85,1.3448275862068966,4.0,3.8026627218934914,0.15,0.23076923076923073
35,CrossEntropyLoss,LAC,0.15000000000000002,0.8846153846153846,2.523076923076923,1.7769230769230768,1.3666666666666667,4.0,3.571794871794871,0.1576923076923077,0.24615384615384617
35,CrossEntropyLoss,LAC,0.18000000000000005,0.8269230769230769,2.276923076923077,1.5538461538461539,1.4,4.0,3.818803418803418,0.2423076923076923,0.2692307692307693
35,CrossEntropyLoss,LAC,0.19999999999999996,0.8153846153846154,2.1846153846153844,1.476923076923077,1.4166666666666667,4.0,3.707692307692308,0.26153846153846155,0.28076923076923077
36,CrossEntropyLoss,min-CPS,0.010000000000000009,1.0,4.584615384615384,3.5846153846153848,,0.0,3.5846153846153848,0.0,0.0
36,CrossEntropyLoss,min-CPS,0.020000000000000018,0.9923076923076923,4.142307692307693,3.1423076923076922,2.0,2.0,4.680769230769229,0.015384615384615385,0.0
36,CrossEntropyLoss,min-CPS,0.030000000000000027,0.9653846153846154,3.8653846153846154,2.8653846153846154,1.3333333333333333,3.0,5.942307692307691,0.046153846153846156,0.0
36,CrossEntropyLoss,min-CPS,0.050000000000000044,0.95,3.4076923076923076,2.4076923076923076,1.3076923076923077,3.0,5.023076923076921,0.06538461538461539,0.0
36,CrossEntropyLoss,min-CPS,0.07999999999999996,0.9230769230769231,3.2,2.2,1.25,3.0,4.603846153846155,0.09615384615384616,0.0
36,CrossEntropyLoss,min-CPS,0.09999999999999998,0.8807692307692307,2.703846153846154,1.7038461538461538,1.3225806451612903,3.0,4.857692307692307,0.1576923076923077,0.0
36,CrossEntropyLoss,min-CPS,0.13,0.8730769230769231,2.6192307692307693,1.6192307692307693,1.3333333333333333,3.0,4.222781065088757,0.16923076923076924,0.0
36,CrossEntropyLoss,min-CPS,0.15000000000000002,0.8576923076923076,2.503846153846154,1.5038461538461538,1.3783783783783783,3.0,4.119230769230769,0.19615384615384615,0.0
36,CrossEntropyLoss,min-CPS,0.18000000000000005,0.8461538461538461,2.453846153846154,1.4538461538461538,1.35,3.0,3.7615384615384606,0.2076923076923077,0.0
36,CrossEntropyLoss,min-CPS,0.19999999999999996,0.823076923076923,2.3653846153846154,1.3653846153846154,1.326086956521739,3.0,3.7115384615384617,0.23461538461538461,0.0
36,CrossEntropyLoss,RPS,0.010000000000000009,0.9961538461538462,4.492307692307692,3.4923076923076923,1.0,1.0,4.261538461538461,0.0038461538461538464,0.0
36,CrossEntropyLoss,RPS,0.020000000000000018,0.9846153846153847,4.142307692307693,3.1423076923076922,1.0,1.0,4.680769230769229,0.015384615384615385,0.0
36,CrossEntropyLoss,RPS,0.030000000000000027,0.9846153846153847,4.0807692307692305,3.080769230769231,1.0,1.0,4.106410256410256,0.015384615384615385,0.0
36,CrossEntropyLoss,RPS,0.050000000000000044,0.95,3.730769230769231,2.730769230769231,1.0769230769230769,2.0,4.884615384615383,0.05384615384615385,0.0
36,CrossEntropyLoss,RPS,0.07999999999999996,0.9423076923076923,3.4153846153846152,2.4153846153846152,1.1333333333333333,2.0,4.050000000000002,0.06538461538461539,0.0
36,CrossEntropyLoss,RPS,0.09999999999999998,0.9307692307692308,3.1884615384615387,2.1884615384615387,1.1666666666666667,2.0,3.8038461538461537,0.08076923076923077,0.0
36,CrossEntropyLoss,RPS,0.13,0.9153846153846154,3.0961538461538463,2.0961538461538463,1.1363636363636365,2.0,3.575443786982248,0.09615384615384616,0.0
36,CrossEntropyLoss,RPS,0.15000000000000002,0.9,2.973076923076923,1.9730769230769232,1.1538461538461537,2.0,3.511538461538461,0.11538461538461539,0.0
36,CrossEntropyLoss,RPS,0.18000000000000005,0.8538461538461538,2.796153846153846,1.7961538461538462,1.1842105263157894,2.0,3.7192307692307685,0.17307692307692307,0.0
36,CrossEntropyLoss,RPS,0.19999999999999996,0.8307692307692308,2.5076923076923077,1.5076923076923077,1.2045454545454546,3.0,3.546153846153846,0.20384615384615384,0.0
36,CrossEntropyLoss,OCDF,0.010000000000000009,0.9961538461538462,4.953846153846154,3.953846153846154,1.0,1.0,4.723076923076922,0.0038461538461538464,0.0
36,CrossEntropyLoss,OCDF,0.020000000000000018,0.9884615384615385,4.869230769230769,3.8692307692307693,1.0,1.0,5.023076923076921,0.011538461538461539,0.0
36,CrossEntropyLoss,OCDF,0.030000000000000027,0.9884615384615385,4.8538461538461535,3.853846153846154,1.3333333333333333,2.0,4.879487179487179,0.015384615384615385,0.0
36,CrossEntropyLoss,OCDF,0.050000000000000044,0.9538461538461539,4.703846153846154,3.703846153846154,1.1666666666666667,2.0,5.8576923076923055,0.05384615384615385,0.0
36,CrossEntropyLoss,OCDF,0.07999999999999996,0.9192307692307692,4.542307692307692,3.542307692307692,1.1904761904761905,2.0,5.946153846153848,0.09615384615384616,0.0
36,CrossEntropyLoss,OCDF,0.09999999999999998,0.8961538461538462,4.426923076923077,3.4269230769230767,1.2962962962962963,3.0,6.119230769230769,0.1346153846153846,0.0
36,CrossEntropyLoss,OCDF,0.13,0.8653846153846154,4.230769230769231,3.230769230769231,1.3142857142857143,3.0,5.952662721893491,0.17692307692307693,0.0
36,CrossEntropyLoss,OCDF,0.15000000000000002,0.8538461538461538,4.188461538461539,3.1884615384615387,1.2894736842105263,3.0,5.701282051282051,0.18846153846153846,0.0
36,CrossEntropyLoss,OCDF,0.18000000000000005,0.8384615384615385,4.084615384615384,3.0846153846153848,1.3333333333333333,3.0,5.477777777777778,0.2153846153846154,0.0
36,CrossEntropyLoss,OCDF,0.19999999999999996,0.8307692307692308,4.0,3.0,1.3636363636363635,3.0,5.3076923076923075,0.23076923076923078,0.0
36,CrossEntropyLoss,APS,0.010000000000000009,1.0,4.4653846153846155,3.503846153846154,,0.0,3.503846153846154,0.0,0.038461538461538436
36,CrossEntropyLoss,APS,0.020000000000000018,0.9923076923076923,4.1923076923076925,3.230769230769231,1.0,1.0,3.999999999999999,0.007692307692307693,0.038461538461538436
36,CrossEntropyLoss,APS,0.030000000000000027,0.9615384615384616,3.753846153846154,2.853846153846154,1.1,2.0,5.16153846153846,0.04230769230769231,0.09999999999999998
36,CrossEntropyLoss,APS,0.050000000000000044,0.95,3.4307692307692306,2.5576923076923075,1.3076923076923077,3.0,4.71153846153846,0.06538461538461539,0.12692307692307692
36,CrossEntropyLoss,APS,0.07999999999999996,0.9,2.9615384615384617,2.1884615384615387,1.5,4.0,4.592307692307694,0.15,0.2153846153846154
36,CrossEntropyLoss,APS,0.09999999999999998,0.8884615384615384,2.8346153846153848,2.0923076923076924,1.5862068965517242,4.0,4.323076923076923,0.17692307692307693,0.24230769230769234
36,CrossEntropyLoss,APS,0.13,0.8730769230769231,2.7192307692307693,2.003846153846154,1.6363636363636365,4.0,3.9565088757396447,0.2076923076923077,0.26538461538461533
36,CrossEntropyLoss,APS,0.15000000000000002,0.8538461538461538,2.5846153846153848,1.9153846153846155,1.894736842105263,4.0,3.71025641025641,0.27692307692307694,0.2961538461538461
36,CrossEntropyLoss,APS,0.18000000000000005,0.8384615384615385,2.503846153846154,1.853846153846154,1.880952380952381,4.0,3.4350427350427344,0.3038461538461538,0.31153846153846154
36,CrossEntropyLoss,APS,0.19999999999999996,0.823076923076923,2.4115384615384614,1.7923076923076924,1.8695652173913044,4.0,3.253846153846154,0.33076923076923076,0.3384615384615385
36,CrossEntropyLoss,LAC,0.010000000000000009,1.0,4.553846153846154,3.5846153846153848,,0.0,3.5846153846153848,0.0,0.03076923076923077
36,CrossEntropyLoss,LAC,0.020000000000000018,0.9884615384615385,4.076923076923077,3.123076923076923,2.0,3.0,5.046153846153844,0.023076923076923078,0.0461538461538461
36,CrossEntropyLoss,LAC,0.030000000000000027,0.9615384615384616,3.853846153846154,2.9269230769230767,1.4,3.0,5.491025641025638,0.05384615384615385,0.07307692307692304
36,CrossEntropyLoss,LAC,0.050000000000000044,0.9384615384615385,3.3807692307692307,2.5,1.25,3.0,5.423076923076922,0.07692307692307693,0.11538461538461542
36,CrossEntropyLoss,LAC,0.07999999999999996,0.926923076923077,3.1192307692307693,2.2615384615384615,1.263157894736842,3.0,4.473076923076925,0.09230769230769231,0.1384615384615384
36,CrossEntropyLoss,LAC,0.09999999999999998,0.9230769230769231,2.9307692307692306,2.0923076923076924,1.3,3.0,4.015384615384615,0.1,0.1576923076923077
36,CrossEntropyLoss,LAC,0.13,0.8884615384615384,2.5730769230769233,1.8384615384615384,1.3103448275862069,3.0,3.731952662721894,0.14615384615384616,0.2615384615384615
36,CrossEntropyLoss,LAC,0.15000000000000002,0.8692307692307693,2.3923076923076922,1.6538461538461537,1.3235294117647058,3.0,3.602564102564102,0.17307692307692307,0.25769230769230766
36,CrossEntropyLoss,LAC,0.18000000000000005,0.8307692307692308,2.223076923076923,1.4807692307692308,1.3181818181818181,3.0,3.6602564102564097,0.2230769230769231,0.25384615384615383
36,CrossEntropyLoss,LAC,0.19999999999999996,0.8115384615384615,2.1153846153846154,1.3615384615384616,1.3265306122448979,3.0,3.5538461538461537,0.25,0.24230769230769234
37,CrossEntropyLoss,min-CPS,0.010000000000000009,1.0,4.507692307692308,3.5076923076923077,,0.0,3.5076923076923077,0.0,0.0
37,CrossEntropyLoss,min-CPS,0.020000000000000018,0.9692307692307692,3.9076923076923076,2.9076923076923076,1.625,3.0,7.9076923076923045,0.05,0.0
37,CrossEntropyLoss,min-CPS,0.030000000000000027,0.9576923076923077,3.6076923076923078,2.6076923076923078,1.6363636363636365,3.0,7.22307692307692,0.06923076923076923,0.0
37,CrossEntropyLoss,min-CPS,0.050000000000000044,0.9538461538461539,3.4346153846153844,2.4346153846153844,1.6666666666666667,3.0,5.511538461538459,0.07692307692307693,0.0
37,CrossEntropyLoss,min-CPS,0.07999999999999996,0.9230769230769231,3.123076923076923,2.123076923076923,1.45,3.0,4.911538461538464,0.11153846153846154,0.0
37,CrossEntropyLoss,min-CPS,0.09999999999999998,0.9115384615384615,2.8115384615384613,1.8115384615384615,1.434782608695652,3.0,4.35,0.12692307692307692,0.0
37,CrossEntropyLoss,min-CPS,0.13,0.8730769230769231,2.6115384615384616,1.6115384615384616,1.3636363636363635,3.0,4.274260355029585,0.17307692307692307,0.0
37,CrossEntropyLoss,min-CPS,0.15000000000000002,0.8653846153846154,2.5384615384615383,1.5384615384615385,1.4285714285714286,4.0,4.102564102564102,0.19230769230769232,0.0
37,CrossEntropyLoss,min-CPS,0.18000000000000005,0.8307692307692308,2.373076923076923,1.373076923076923,1.4090909090909092,4.0,4.022649572649572,0.23846153846153847,0.0
37,CrossEntropyLoss,min-CPS,0.19999999999999996,0.8153846153846154,2.3115384615384613,1.3115384615384615,1.3958333333333333,4.0,3.8884615384615384,0.25769230769230766,0.0
37,CrossEntropyLoss,RPS,0.010000000000000009,0.9846153846153847,4.2846153846153845,3.2846153846153845,1.0,1.0,6.3615384615384585,0.015384615384615385,0.0
37,CrossEntropyLoss,RPS,0.020000000000000018,0.9807692307692307,4.1461538461538465,3.146153846153846,1.2,2.0,5.453846153846152,0.023076923076923078,0.0
37,CrossEntropyLoss,RPS,0.030000000000000027,0.9769230769230769,4.0576923076923075,3.0576923076923075,1.1666666666666667,2.0,4.852564102564102,0.026923076923076925,0.0
37,CrossEntropyLoss,RPS,0.050000000000000044,0.9538461538461539,3.8038461538461537,2.8038461538461537,1.25,2.0,5.111538461538459,0.057692307692307696,0.0
37,CrossEntropyLoss,RPS,0.07999999999999996,0.9423076923076923,3.4384615384615387,2.4384615384615387,1.2666666666666666,2.0,4.265384615384617,0.07307692307692308,0.0
37,CrossEntropyLoss,RPS,0.09999999999999998,0.9230769230769231,3.1615384615384614,2.1615384615384614,1.25,3.0,4.084615384615384,0.09615384615384616,0.0
37,CrossEntropyLoss,RPS,0.13,0.9076923076923077,3.026923076923077,2.026923076923077,1.25,3.0,3.80207100591716,0.11538461538461539,0.0
37,CrossEntropyLoss,RPS,0.15000000000000002,0.8576923076923076,2.8230769230769233,1.823076923076923,1.2432432432432432,3.0,4.182051282051281,0.17692307692307693,0.0
37,CrossEntropyLoss,RPS,0.18000000000000005,0.8076923076923077,2.4653846153846155,1.4653846153846153,1.26,3.0,4.157692307692307,0.2423076923076923,0.0
37,CrossEntropyLoss,RPS,0.19999999999999996,0.7846153846153846,2.269230769230769,1.2692307692307692,1.3214285714285714,3.0,4.115384615384615,0.2846153846153846,0.0
37,CrossEntropyLoss,OCDF,0.010000000000000009,0.9846153846153847,4.915384615384616,3.9153846153846152,1.0,1.0,6.99230769230769,0.015384615384615385,0.0
37,CrossEntropyLoss,OCDF,0.020000000000000018,0.9846153846153847,4.815384615384615,3.8153846153846156,1.25,2.0,5.738461538461537,0.019230769230769232,0.0
37,CrossEntropyLoss,OCDF,0.030000000000000027,0.9807692307692307,4.8,3.8,1.2,2.0,5.338461538461537,0.023076923076923078,0.0
37,CrossEntropyLoss,OCDF,0.050000000000000044,0.9692307692307692,4.723076923076923,3.723076923076923,1.375,2.0,5.415384615384614,0.04230769230769231,0.0
37,CrossEntropyLoss,OCDF,0.07999999999999996,0.95,4.596153846153846,3.5961538461538463,1.2307692307692308,2.0,5.134615384615386,0.06153846153846154,0.0
37,CrossEntropyLoss,OCDF,0.09999999999999998,0.9192307692307692,4.476923076923077,3.476923076923077,1.2857142857142858,2.0,5.553846153846154,0.10384615384615385,0.0
37,CrossEntropyLoss,OCDF,0.13,0.8769230769230769,4.253846153846154,3.253846153846154,1.25,3.0,5.620710059171597,0.15384615384615385,0.0
37,CrossEntropyLoss,OCDF,0.15000000000000002,0.8423076923076923,4.157692307692308,3.1576923076923076,1.2439024390243902,3.0,5.773076923076923,0.19615384615384615,0.0
37,CrossEntropyLoss,OCDF,0.18000000000000005,0.823076923076923,4.015384615384615,3.0153846153846153,1.3043478260869565,3.0,5.579487179487179,0.23076923076923078,0.0
37,CrossEntropyLoss,OCDF,0.19999999999999996,0.8038461538461539,3.923076923076923,2.923076923076923,1.3137254901960784,3.0,5.5,0.25769230769230766,0.0
37,CrossEntropyLoss,APS,0.010000000000000009,0.9961538461538462,4.4,3.453846153846154,1.0,1.0,4.223076923076922,0.0038461538461538464,0.05384615384615388
37,CrossEntropyLoss,APS,0.020000000000000018,0.9807692307692307,3.95,3.0307692307692307,1.8,4.0,4.953846153846152,0.03461538461538462,0.07692307692307687
37,CrossEntropyLoss,APS,0.030000000000000027,0.9730769230769231,3.8461538461538463,2.9423076923076925,1.5714285714285714,4.0,4.480769230769229,0.04230769230769231,0.09230769230769231
37,CrossEntropyLoss,APS,0.050000000000000044,0.95,3.542307692307692,2.6538461538461537,1.6923076923076923,4.0,5.115384615384613,0.08461538461538462,0.10769230769230764
37,CrossEntropyLoss,APS,0.07999999999999996,0.926923076923077,3.2,2.3692307692307693,1.736842105263158,4.0,4.292307692307694,0.12692307692307692,0.16153846153846152
37,CrossEntropyLoss,APS,0.09999999999999998,0.9076923076923077,2.9653846153846155,2.2153846153846155,1.7083333333333333,4.0,3.9846153846153847,0.1576923076923077,0.23461538461538467
37,CrossEntropyLoss,APS,0.13,0.8923076923076924,2.8115384615384613,2.1115384615384616,1.8571428571428572,4.0,3.5908284023668635,0.2,0.27692307692307694
37,CrossEntropyLoss,APS,0.15000000000000002,0.8653846153846154,2.526923076923077,1.8923076923076922,1.9142857142857144,4.0,3.6358974358974354,0.25769230769230766,0.32692307692307687
37,CrossEntropyLoss,APS,0.18000000000000005,0.8346153846153846,2.330769230769231,1.7384615384615385,1.813953488372093,4.0,3.4478632478632476,0.3,0.3653846153846154
37,CrossEntropyLoss,APS,0.19999999999999996,0.823076923076923,2.2615384615384615,1.6692307692307693,1.8478260869565217,4.0,3.476923076923077,0.3269230769230769,0.3615384615384616
37,CrossEntropyLoss,LAC,0.010000000000000009,1.0,4.492307692307692,3.526923076923077,,0.0,3.526923076923077,0.0,0.0346153846153846
37,CrossEntropyLoss,LAC,0.020000000000000018,0.9692307692307692,3.873076923076923,2.95,1.875,3.0,8.33461538461538,0.057692307692307696,0.07692307692307687
37,CrossEntropyLoss,LAC,0.030000000000000027,0.9615384615384616,3.8115384615384613,2.876923076923077,1.7,3.0,6.72307692307692,0.06538461538461539,0.06538461538461537
37,CrossEntropyLoss,LAC,0.050000000000000044,0.9384615384615385,3.353846153846154,2.4692307692307693,1.5,3.0,5.699999999999997,0.09230769230769231,0.11538461538461542
37,CrossEntropyLoss,LAC,0.07999999999999996,0.9192307692307692,2.980769230769231,2.1538461538461537,1.4285714285714286,3.0,4.750000000000002,0.11538461538461539,0.16538461538461535
37,CrossEntropyLoss,LAC,0.09999999999999998,0.8846153846153846,2.5615384615384613,1.7923076923076924,1.5666666666666667,4.0,4.946153846153846,0.18076923076923077,0.22307692307692306
37,CrossEntropyLoss,LAC,0.13,0.8730769230769231,2.457692307692308,1.7038461538461538,1.5151515151515151,4.0,4.307396449704141,0.19230769230769232,0.24230769230769234
37,CrossEntropyLoss,LAC,0.15000000000000002,0.8576923076923076,2.3346153846153848,1.6115384615384616,1.4594594594594594,4.0,3.9705128205128193,0.2076923076923077,0.2730769230769231
37,CrossEntropyLoss,LAC,0.18000000000000005,0.823076923076923,2.203846153846154,1.4807692307692308,1.434782608695652,4.0,3.959401709401709,0.25384615384615383,0.2730769230769231
37,CrossEntropyLoss,LAC,0.19999999999999996,0.8076923076923077,2.1115384615384616,1.3846153846153846,1.48,4.0,3.923076923076923,0.2846153846153846,0.26538461538461533
38,CrossEntropyLoss,min-CPS,0.010000000000000009,0.9923076923076923,4.553846153846154,3.5538461538461537,1.0,1.0,5.09230769230769,0.007692307692307693,0.0
38,CrossEntropyLoss,min-CPS,0.020000000000000018,0.9730769230769231,4.084615384615384,3.0846153846153848,1.4285714285714286,2.0,6.930769230769228,0.038461538461538464,0.0
38,CrossEntropyLoss,min-CPS,0.030000000000000027,0.9692307692307692,3.980769230769231,2.980769230769231,1.5,3.0,6.057692307692306,0.046153846153846156,0.0
38,CrossEntropyLoss,min-CPS,0.050000000000000044,0.9576923076923077,3.6076923076923078,2.6076923076923078,1.4545454545454546,3.0,5.069230769230767,0.06153846153846154,0.0
38,CrossEntropyLoss,min-CPS,0.07999999999999996,0.926923076923077,3.2192307692307693,2.2192307692307693,1.368421052631579,3.0,4.719230769230771,0.1,0.0
38,CrossEntropyLoss,min-CPS,0.09999999999999998,0.9038461538461539,2.9076923076923076,1.9076923076923078,1.4,3.0,4.6,0.1346153846153846,0.0
38,CrossEntropyLoss,min-CPS,0.13,0.8807692307692307,2.6961538461538463,1.6961538461538461,1.4838709677419355,3.0,4.418047337278106,0.17692307692307693,0.0
38,CrossEntropyLoss,min-CPS,0.15000000000000002,0.8615384615384616,2.6115384615384616,1.6115384615384616,1.4444444444444444,4.0,4.278205128205128,0.2,0.0
38,CrossEntropyLoss,min-CPS,0.18000000000000005,0.8461538461538461,2.55,1.55,1.45,4.0,4.0286324786324785,0.2230769230769231,0.0
38,CrossEntropyLoss,min-CPS,0.19999999999999996,0.8346153846153846,2.4461538461538463,1.4461538461538461,1.441860465116279,4.0,3.830769230769231,0.23846153846153847,0.0
38,CrossEntropyLoss,RPS,0.010000000000000009,0.9807692307692307,4.303846153846154,3.3038461538461537,1.0,1.0,7.149999999999997,0.019230769230769232,0.0
38,CrossEntropyLoss,RPS,0.020000000000000018,0.9807692307692307,4.188461538461539,3.1884615384615387,1.2,2.0,5.496153846153844,0.023076923076923078,0.0
38,CrossEntropyLoss,RPS,0.030000000000000027,0.9653846153846154,4.023076923076923,3.023076923076923,1.1111111111111112,2.0,5.587179487179485,0.038461538461538464,0.0
38,CrossEntropyLoss,RPS,0.050000000000000044,0.9307692307692308,3.7115384615384617,2.7115384615384617,1.1111111111111112,2.0,5.788461538461536,0.07692307692307693,0.0
38,CrossEntropyLoss,RPS,0.07999999999999996,0.9307692307692308,3.45,2.45,1.2222222222222223,2.0,4.565384615384617,0.08461538461538462,0.0
38,CrossEntropyLoss,RPS,0.09999999999999998,0.9153846153846154,3.1961538461538463,2.1961538461538463,1.2727272727272727,3.0,4.35,0.1076923076923077,0.0
38,CrossEntropyLoss,RPS,0.13,0.8923076923076924,3.0615384615384613,2.0615384615384613,1.25,3.0,4.132544378698225,0.1346153846153846,0.0
38,CrossEntropyLoss,RPS,0.15000000000000002,0.8769230769230769,2.9,1.9,1.3125,3.0,4.053846153846154,0.16153846153846155,0.0
38,CrossEntropyLoss,RPS,0.18000000000000005,0.8423076923076923,2.8,1.8,1.2682926829268293,3.0,4.022222222222222,0.2,0.0
38,CrossEntropyLoss,RPS,0.19999999999999996,0.823076923076923,2.5115384615384615,1.5115384615384615,1.391304347826087,3.0,3.973076923076923,0.24615384615384617,0.0
38,CrossEntropyLoss,OCDF,0.010000000000000009,0.9961538461538462,4.934615384615385,3.9346153846153844,1.0,1.0,4.703846153846153,0.0038461538461538464,0.0
38,CrossEntropyLoss,OCDF,0.020000000000000018,0.9807692307692307,4.819230769230769,3.8192307692307694,1.0,1.0,5.742307692307691,0.019230769230769232,0.0
38,CrossEntropyLoss,OCDF,0.030000000000000027,0.9769230769230769,4.792307692307692,3.792307692307692,1.0,1.0,5.33076923076923,0.023076923076923078,0.0
38,CrossEntropyLoss,OCDF,0.050000000000000044,0.9692307692307692,4.75,3.75,1.25,2.0,5.288461538461537,0.038461538461538464,0.0
38,CrossEntropyLoss,OCDF,0.07999999999999996,0.9384615384615385,4.565384615384615,3.5653846153846156,1.25,2.0,5.488461538461539,0.07692307692307693,0.0
38,CrossEntropyLoss,OCDF,0.09999999999999998,0.9307692307692308,4.476923076923077,3.476923076923077,1.3333333333333333,2.0,5.323076923076923,0.09230769230769231,0.0
38,CrossEntropyLoss,OCDF,0.13,0.8961538461538462,4.326923076923077,3.326923076923077,1.2962962962962963,2.0,5.39792899408284,0.1346153846153846,0.0
38,CrossEntropyLoss,OCDF,0.15000000000000002,0.8846153846153846,4.188461538461539,3.1884615384615387,1.3333333333333333,3.0,5.23974358974359,0.15384615384615385,0.0
38,CrossEntropyLoss,OCDF,0.18000000000000005,0.8423076923076923,4.030769230769231,3.0307692307692307,1.2682926829268293,3.0,5.252991452991452,0.2,0.0
38,CrossEntropyLoss,OCDF,0.19999999999999996,0.7846153846153846,3.826923076923077,2.826923076923077,1.25,3.0,5.519230769230769,0.2692307692307692,0.0
38,CrossEntropyLoss,APS,0.010000000000000009,0.9961538461538462,4.5807692307692305,3.5961538461538463,1.0,1.0,4.365384615384614,0.0038461538461538464,0.01538461538461533
38,CrossEntropyLoss,APS,0.020000000000000018,0.9807692307692307,4.119230769230769,3.1846153846153844,1.4,2.0,5.876923076923075,0.026923076923076925,0.06538461538461537
38,CrossEntropyLoss,APS,0.030000000000000027,0.9769230769230769,3.996153846153846,3.0730769230769233,1.3333333333333333,2.0,5.124358974358973,0.03076923076923077,0.07692307692307687
38,CrossEntropyLoss,APS,0.050000000000000044,0.9576923076923077,3.7115384615384617,2.8192307692307694,1.1818181818181819,2.0,4.665384615384614,0.05,0.10769230769230764
38,CrossEntropyLoss,APS,0.07999999999999996,0.9423076923076923,3.45,2.626923076923077,1.4666666666666666,4.0,3.973076923076924,0.08461538461538462,0.17307692307692313
38,CrossEntropyLoss,APS,0.09999999999999998,0.9346153846153846,3.3076923076923075,2.5346153846153845,1.4705882352941178,4.0,3.7653846153846153,0.09615384615384616,0.21923076923076923
38,CrossEntropyLoss,APS,0.13,0.8923076923076924,2.8884615384615384,2.230769230769231,1.6071428571428572,4.0,3.9467455621301775,0.17307692307692307,0.3192307692307692
38,CrossEntropyLoss,APS,0.15000000000000002,0.8807692307692307,2.753846153846154,2.1153846153846154,1.6129032258064515,4.0,3.8076923076923075,0.19230769230769232,0.33461538461538465
38,CrossEntropyLoss,APS,0.18000000000000005,0.8461538461538461,2.6076923076923078,2.0115384615384615,1.775,4.0,3.549999999999999,0.27307692307692305,0.3615384615384616
38,CrossEntropyLoss,APS,0.19999999999999996,0.8192307692307692,2.4269230769230767,1.8461538461538463,1.851063829787234,4.0,3.576923076923077,0.3346153846153846,0.36923076923076925
38,CrossEntropyLoss,LAC,0.010000000000000009,0.9923076923076923,4.5346153846153845,3.546153846153846,1.0,1.0,5.0846153846153825,0.007692307692307693,0.011538461538461497
38,CrossEntropyLoss,LAC,0.020000000000000018,0.9846153846153847,4.176923076923077,3.207692307692308,2.0,3.0,6.284615384615382,0.03076923076923077,0.03076923076923077
38,CrossEntropyLoss,LAC,0.030000000000000027,0.9807692307692307,4.1,3.1346153846153846,1.8,3.0,5.185897435897434,0.03461538461538462,0.0346153846153846
38,CrossEntropyLoss,LAC,0.050000000000000044,0.9576923076923077,3.8653846153846154,2.9384615384615387,1.3636363636363635,3.0,4.784615384615383,0.057692307692307696,0.0692307692307692
38,CrossEntropyLoss,LAC,0.07999999999999996,0.9346153846153846,3.2615384615384615,2.453846153846154,1.3529411764705883,3.0,4.473076923076925,0.08846153846153847,0.18846153846153846
38,CrossEntropyLoss,LAC,0.09999999999999998,0.8961538461538462,2.8076923076923075,2.0115384615384615,1.4074074074074074,4.0,4.703846153846154,0.14615384615384616,0.19615384615384612
38,CrossEntropyLoss,LAC,0.13,0.8730769230769231,2.5653846153846156,1.823076923076923,1.4242424242424243,4.0,4.189940828402366,0.18076923076923077,0.25
38,CrossEntropyLoss,LAC,0.15000000000000002,0.8346153846153846,2.3461538461538463,1.6307692307692307,1.441860465116279,4.0,4.348717948717948,0.23846153846153847,0.27692307692307694
38,CrossEntropyLoss,LAC,0.18000000000000005,0.8192307692307692,2.2423076923076923,1.5538461538461539,1.425531914893617,4.0,4.032478632478632,0.25769230769230766,0.3038461538461539
38,CrossEntropyLoss,LAC,0.19999999999999996,0.8153846153846154,2.169230769230769,1.4730769230769232,1.4791666666666667,4.0,3.8576923076923078,0.27307692307692305,0.2961538461538461
39,CrossEntropyLoss,min-CPS,0.010000000000000009,0.9961538461538462,4.530769230769231,3.5307692307692307,1.0,1.0,4.299999999999999,0.0038461538461538464,0.0
39,CrossEntropyLoss,min-CPS,0.020000000000000018,0.9653846153846154,3.8692307692307693,2.8692307692307693,1.4444444444444444,3.0,7.869230769230766,0.05,0.0
39,CrossEntropyLoss,min-CPS,0.030000000000000027,0.9576923076923077,3.6653846153846152,2.6653846153846152,1.4545454545454546,3.0,6.767948717948714,0.06153846153846154,0.0
39,CrossEntropyLoss,min-CPS,0.050000000000000044,0.9230769230769231,3.2576923076923077,2.2576923076923077,1.25,3.0,6.10384615384615,0.09615384615384616,0.0
39,CrossEntropyLoss,min-CPS,0.07999999999999996,0.8884615384615384,2.8846153846153846,1.8846153846153846,1.3448275862068966,3.0,5.634615384615387,0.15,0.0
39,CrossEntropyLoss,min-CPS,0.09999999999999998,0.8807692307692307,2.7423076923076923,1.7423076923076923,1.3870967741935485,3.0,5.05,0.16538461538461538,0.0
39,CrossEntropyLoss,min-CPS,0.13,0.8576923076923076,2.580769230769231,1.5807692307692307,1.4594594594594594,3.0,4.77603550295858,0.2076923076923077,0.0
39,CrossEntropyLoss,min-CPS,0.15000000000000002,0.85,2.523076923076923,1.523076923076923,1.4871794871794872,3.0,4.4974358974358974,0.2230769230769231,0.0
39,CrossEntropyLoss,min-CPS,0.18000000000000005,0.8269230769230769,2.4115384615384614,1.4115384615384616,1.511111111111111,3.0,4.317521367521367,0.26153846153846155,0.0
39,CrossEntropyLoss,min-CPS,0.19999999999999996,0.8076923076923077,2.3346153846153848,1.3346153846153845,1.5,3.0,4.219230769230769,0.28846153846153844,0.0
39,CrossEntropyLoss,RPS,0.010000000000000009,0.9961538461538462,4.496153846153846,3.496153846153846,1.0,1.0,4.265384615384614,0.0038461538461538464,0.0
39,CrossEntropyLoss,RPS,0.020000000000000018,0.9653846153846154,4.065384615384615,3.0653846153846156,1.0,1.0,6.526923076923073,0.03461538461538462,0.0
39,CrossEntropyLoss,RPS,0.030000000000000027,0.9346153846153846,3.8615384615384616,2.8615384615384616,1.0588235294117647,2.0,7.4769230769230735,0.06923076923076923,0.0
39,CrossEntropyLoss,RPS,0.050000000000000044,0.9192307692307692,3.496153846153846,2.496153846153846,1.1428571428571428,2.0,6.188461538461536,0.09230769230769231,0.0
39,CrossEntropyLoss,RPS,0.07999999999999996,0.9038461538461539,3.173076923076923,2.173076923076923,1.2,2.0,5.057692307692309,0.11538461538461539,0.0
39,CrossEntropyLoss,RPS,0.09999999999999998,0.8884615384615384,3.0692307692307694,2.0692307692307694,1.1724137931034482,2.0,4.684615384615385,0.13076923076923078,0.0
39,CrossEntropyLoss,RPS,0.13,0.8615384615384616,2.9038461538461537,1.9038461538461537,1.25,2.0,4.566568047337277,0.17307692307692307,0.0
39,CrossEntropyLoss,RPS,0.15000000000000002,0.8346153846153846,2.8192307692307694,1.8192307692307692,1.255813953488372,2.0,4.588461538461537,0.2076923076923077,0.0
39,CrossEntropyLoss,RPS,0.18000000000000005,0.8307692307692308,2.6961538461538463,1.6961538461538461,1.25,2.0,4.0465811965811955,0.21153846153846154,0.0
39,CrossEntropyLoss,RPS,0.19999999999999996,0.8192307692307692,2.457692307692308,1.4576923076923076,1.3829787234042554,3.0,3.957692307692308,0.25,0.0
39,CrossEntropyLoss,OCDF,0.010000000000000009,0.9961538461538462,4.969230769230769,3.9692307692307693,1.0,1.0,4.738461538461538,0.0038461538461538464,0.0
39,CrossEntropyLoss,OCDF,0.020000000000000018,0.9961538461538462,4.95,3.95,1.0,1.0,4.334615384615384,0.0038461538461538464,0.0
39,CrossEntropyLoss,OCDF,0.030000000000000027,0.9884615384615385,4.865384615384615,3.8653846153846154,1.3333333333333333,2.0,4.8910256410256405,0.015384615384615385,0.0
39,CrossEntropyLoss,OCDF,0.050000000000000044,0.95,4.676923076923077,3.6769230769230767,1.1538461538461537,2.0,5.984615384615383,0.057692307692307696,0.0
39,CrossEntropyLoss,OCDF,0.07999999999999996,0.9461538461538461,4.642307692307693,3.6423076923076922,1.1428571428571428,2.0,5.180769230769233,0.06153846153846154,0.0
39,CrossEntropyLoss,OCDF,0.09999999999999998,0.8846153846153846,4.411538461538462,3.4115384615384614,1.3,3.0,6.411538461538462,0.15,0.0
39,CrossEntropyLoss,OCDF,0.13,0.8730769230769231,4.288461538461538,3.2884615384615383,1.3333333333333333,3.0,5.8920118343195265,0.16923076923076924,0.0
39,CrossEntropyLoss,OCDF,0.15000000000000002,0.85,4.188461538461539,3.1884615384615387,1.3333333333333333,3.0,5.855128205128204,0.2,0.0
39,CrossEntropyLoss,OCDF,0.18000000000000005,0.7923076923076923,3.9615384615384617,2.9615384615384617,1.3148148148148149,3.0,5.995726495726495,0.27307692307692305,0.0
39,CrossEntropyLoss,OCDF,0.19999999999999996,0.7769230769230769,3.8576923076923078,2.8576923076923078,1.3448275862068966,3.0,5.857692307692307,0.3,0.0
39,CrossEntropyLoss,APS,0.010000000000000009,0.9923076923076923,4.469230769230769,3.496153846153846,1.0,1.0,5.034615384615383,0.007692307692307693,0.02692307692307694
39,CrossEntropyLoss,APS,0.020000000000000018,0.9692307692307692,3.8346153846153848,2.9269230769230767,1.75,4.0,5.619230769230768,0.05384615384615385,0.08846153846153848
39,CrossEntropyLoss,APS,0.030000000000000027,0.95,3.703846153846154,2.796153846153846,1.5384615384615385,4.0,6.129487179487177,0.07692307692307693,0.08846153846153848
39,CrossEntropyLoss,APS,0.050000000000000044,0.9346153846153846,3.519230769230769,2.6576923076923076,1.588235294117647,4.0,4.965384615384614,0.10384615384615385,0.13076923076923075
39,CrossEntropyLoss,APS,0.07999999999999996,0.9038461538461539,3.1576923076923076,2.3653846153846154,1.68,4.0,4.480769230769233,0.16153846153846155,0.18846153846153846
39,CrossEntropyLoss,APS,0.09999999999999998,0.8769230769230769,2.853846153846154,2.1115384615384616,1.71875,4.0,4.496153846153846,0.21153846153846154,0.23461538461538467
39,CrossEntropyLoss,APS,0.13,0.8461538461538461,2.6,1.9346153846153846,1.85,4.0,4.0056213017751485,0.2846153846153846,0.2961538461538461
39,CrossEntropyLoss,APS,0.15000000000000002,0.823076923076923,2.4653846153846155,1.8269230769230769,1.8695652173913044,4.0,4.032051282051282,0.33076923076923076,0.3192307692307692
39,CrossEntropyLoss,APS,0.18000000000000005,0.7807692307692308,2.253846153846154,1.6576923076923078,1.894736842105263,4.0,3.8371794871794864,0.4153846153846154,0.34615384615384615
39,CrossEntropyLoss,APS,0.19999999999999996,0.7576923076923077,2.15,1.5615384615384615,1.9523809523809523,4.0,3.9461538461538463,0.47307692307692306,0.35
39,CrossEntropyLoss,LAC,0.010000000000000009,0.9961538461538462,4.523076923076923,3.542307692307692,1.0,1.0,4.31153846153846,0.0038461538461538464,0.019230769230769273
39,CrossEntropyLoss,LAC,0.020000000000000018,0.9846153846153847,4.069230769230769,3.103846153846154,2.0,3.0,5.796153846153843,0.03076923076923077,0.0346153846153846
39,CrossEntropyLoss,LAC,0.030000000000000027,0.9730769230769231,3.9307692307692306,3.0,1.7142857142857142,3.0,5.564102564102562,0.046153846153846156,0.0692307692307692
39,CrossEntropyLoss,LAC,0.050000000000000044,0.9384615384615385,3.396153846153846,2.5076923076923077,1.3125,3.0,5.738461538461536,0.08076923076923077,0.11153846153846159
39,CrossEntropyLoss,LAC,0.07999999999999996,0.9,2.85,2.0307692307692307,1.3076923076923077,3.0,5.011538461538463,0.13076923076923078,0.17692307692307696
39,CrossEntropyLoss,LAC,0.09999999999999998,0.8846153846153846,2.6384615384615384,1.853846153846154,1.4,3.0,4.7,0.16153846153846155,0.21153846153846156
39,CrossEntropyLoss,LAC,0.13,0.85,2.4269230769230767,1.6884615384615385,1.358974358974359,3.0,4.351183431952663,0.20384615384615384,0.25769230769230766
39,CrossEntropyLoss,LAC,0.15000000000000002,0.85,2.3884615384615384,1.6576923076923078,1.358974358974359,3.0,3.9653846153846155,0.20384615384615384,0.26538461538461533
39,CrossEntropyLoss,LAC,0.18000000000000005,0.8269230769230769,2.253846153846154,1.5346153846153847,1.3777777777777778,3.0,3.885042735042734,0.23846153846153847,0.27692307692307694
39,CrossEntropyLoss,LAC,0.19999999999999996,0.8153846153846154,2.1923076923076925,1.4576923076923076,1.4166666666666667,3.0,3.8038461538461537,0.26153846153846155,0.2615384615384615
40,CrossEntropyLoss,min-CPS,0.010000000000000009,0.9846153846153847,4.076923076923077,3.076923076923077,1.75,2.0,8.461538461538458,0.026923076923076925,0.0
40,CrossEntropyLoss,min-CPS,0.020000000000000018,0.9807692307692307,3.896153846153846,2.896153846153846,2.0,3.0,6.742307692307689,0.038461538461538464,0.0
40,CrossEntropyLoss,min-CPS,0.030000000000000027,0.9653846153846154,3.7384615384615385,2.7384615384615385,1.5555555555555556,3.0,6.328205128205125,0.05384615384615385,0.0
40,CrossEntropyLoss,min-CPS,0.050000000000000044,0.95,3.3192307692307694,2.3192307692307694,1.4615384615384615,3.0,5.24230769230769,0.07307692307692308,0.0
40,CrossEntropyLoss,min-CPS,0.07999999999999996,0.9153846153846154,2.95,1.95,1.3636363636363635,3.0,4.834615384615386,0.11538461538461539,0.0
40,CrossEntropyLoss,min-CPS,0.09999999999999998,0.9153846153846154,2.830769230769231,1.8307692307692307,1.3636363636363635,3.0,4.138461538461539,0.11538461538461539,0.0
40,CrossEntropyLoss,min-CPS,0.13,0.9,2.6653846153846152,1.6653846153846155,1.4230769230769231,3.0,3.8547337278106504,0.1423076923076923,0.0
40,CrossEntropyLoss,min-CPS,0.15000000000000002,0.8807692307692307,2.526923076923077,1.5269230769230768,1.3870967741935485,3.0,3.7320512820512817,0.16538461538461538,0.0
40,CrossEntropyLoss,min-CPS,0.18000000000000005,0.8615384615384616,2.4384615384615387,1.4384615384615385,1.4166666666666667,3.0,3.6179487179487175,0.19615384615384615,0.0
40,CrossEntropyLoss,min-CPS,0.19999999999999996,0.8423076923076923,2.330769230769231,1.3307692307692307,1.3902439024390243,3.0,3.523076923076923,0.21923076923076923,0.0
40,CrossEntropyLoss,RPS,0.010000000000000009,0.9961538461538462,4.4423076923076925,3.4423076923076925,1.0,1.0,4.211538461538461,0.0038461538461538464,0.0
40,CrossEntropyLoss,RPS,0.020000000000000018,0.9884615384615385,4.1461538461538465,3.146153846153846,1.0,1.0,4.299999999999998,0.011538461538461539,0.0
40,CrossEntropyLoss,RPS,0.030000000000000027,0.9884615384615385,4.1038461538461535,3.103846153846154,1.0,1.0,3.8730769230769226,0.011538461538461539,0.0
40,CrossEntropyLoss,RPS,0.050000000000000044,0.95,3.6961538461538463,2.6961538461538463,1.0769230769230769,2.0,4.849999999999998,0.05384615384615385,0.0
40,CrossEntropyLoss,RPS,0.07999999999999996,0.9346153846153846,3.3423076923076924,2.3423076923076924,1.1176470588235294,2.0,4.16923076923077,0.07307692307692308,0.0
40,CrossEntropyLoss,RPS,0.09999999999999998,0.9230769230769231,3.1076923076923078,2.1076923076923078,1.15,2.0,3.876923076923077,0.08846153846153847,0.0
40,CrossEntropyLoss,RPS,0.13,0.9153846153846154,3.0384615384615383,2.0384615384615383,1.1363636363636365,2.0,3.517751479289941,0.09615384615384616,0.0
40,CrossEntropyLoss,RPS,0.15000000000000002,0.8961538461538462,2.9115384615384614,1.9115384615384616,1.1481481481481481,2.0,3.501282051282051,0.11923076923076924,0.0
40,CrossEntropyLoss,RPS,0.18000000000000005,0.8884615384615384,2.8115384615384613,1.8115384615384615,1.206896551724138,2.0,3.307264957264957,0.1346153846153846,0.0
40,CrossEntropyLoss,RPS,0.19999999999999996,0.8846153846153846,2.796153846153846,1.7961538461538462,1.2,2.0,3.1807692307692306,0.13846153846153847,0.0
40,CrossEntropyLoss,OCDF,0.010000000000000009,1.0,4.980769230769231,3.980769230769231,,0.0,3.980769230769231,0.0,0.0
40,CrossEntropyLoss,OCDF,0.020000000000000018,0.9884615384615385,4.880769230769231,3.8807692307692307,1.0,1.0,5.034615384615383,0.011538461538461539,0.0
40,CrossEntropyLoss,OCDF,0.030000000000000027,0.9884615384615385,4.85,3.85,1.0,1.0,4.619230769230769,0.011538461538461539,0.0
40,CrossEntropyLoss,OCDF,0.050000000000000044,0.9807692307692307,4.826923076923077,3.826923076923077,1.0,1.0,4.596153846153846,0.019230769230769232,0.0
40,CrossEntropyLoss,OCDF,0.07999999999999996,0.9807692307692307,4.723076923076923,3.723076923076923,1.2,2.0,4.3,0.023076923076923078,0.0
40,CrossEntropyLoss,OCDF,0.09999999999999998,0.9653846153846154,4.65,3.65,1.2222222222222223,2.0,4.496153846153846,0.04230769230769231,0.0
40,CrossEntropyLoss,OCDF,0.13,0.95,4.569230769230769,3.5692307692307694,1.3076923076923077,2.0,4.575147928994083,0.06538461538461539,0.0
40,CrossEntropyLoss,OCDF,0.15000000000000002,0.9423076923076923,4.5,3.5,1.3333333333333333,2.0,4.525641025641025,0.07692307692307693,0.0
40,CrossEntropyLoss,OCDF,0.18000000000000005,0.926923076923077,4.342307692307692,3.3423076923076924,1.263157894736842,2.0,4.3679487179487175,0.09230769230769231,0.0
40,CrossEntropyLoss,OCDF,0.19999999999999996,0.9192307692307692,4.265384615384615,3.2653846153846153,1.380952380952381,3.0,4.380769230769231,0.11153846153846154,0.0
40,CrossEntropyLoss,APS,0.010000000000000009,0.9846153846153847,4.161538461538462,3.207692307692308,1.5,2.0,7.823076923076919,0.023076923076923078,0.0461538461538461
40,CrossEntropyLoss,APS,0.020000000000000018,0.9807692307692307,3.9346153846153844,2.996153846153846,1.6,2.0,6.07307692307692,0.03076923076923077,0.06153846153846154
40,CrossEntropyLoss,APS,0.030000000000000027,0.9730769230769231,3.8384615384615386,2.9307692307692306,1.8571428571428572,4.0,5.238461538461537,0.05,0.08846153846153848
40,CrossEntropyLoss,APS,0.050000000000000044,0.95,3.526923076923077,2.65,1.8461538461538463,4.0,4.957692307692306,0.09230769230769231,0.11538461538461542
40,CrossEntropyLoss,APS,0.07999999999999996,0.9230769230769231,3.1615384615384614,2.353846153846154,1.75,4.0,4.180769230769233,0.1346153846153846,0.1807692307692308
40,CrossEntropyLoss,APS,0.09999999999999998,0.8846153846153846,2.830769230769231,2.0884615384615386,1.6666666666666667,4.0,4.3961538461538465,0.19230769230769232,0.24230769230769234
40,CrossEntropyLoss,APS,0.13,0.8730769230769231,2.6346153846153846,1.9230769230769231,1.8181818181818181,4.0,3.875739644970414,0.23076923076923078,0.26538461538461533
40,CrossEntropyLoss,APS,0.15000000000000002,0.8576923076923076,2.4923076923076923,1.7884615384615385,1.864864864864865,4.0,3.634615384615384,0.2653846153846154,0.2692307692307693
40,CrossEntropyLoss,APS,0.18000000000000005,0.8346153846153846,2.3846153846153846,1.6961538461538461,1.744186046511628,4.0,3.3628205128205124,0.28846153846153844,0.2846153846153846
40,CrossEntropyLoss,APS,0.19999999999999996,0.823076923076923,2.269230769230769,1.6076923076923078,1.7608695652173914,4.0,3.146153846153846,0.31153846153846154,0.3076923076923077
40,CrossEntropyLoss,LAC,0.010000000000000009,0.9846153846153847,3.980769230769231,3.026923076923077,2.25,3.0,9.949999999999992,0.03461538461538462,0.0461538461538461
40,CrossEntropyLoss,LAC,0.020000000000000018,0.9846153846153847,3.953846153846154,2.996153846153846,2.25,3.0,6.457692307692304,0.03461538461538462,0.04230769230769227
40,CrossEntropyLoss,LAC,0.030000000000000027,0.9653846153846154,3.7846153846153845,2.8423076923076924,1.6666666666666667,3.0,6.175641025641023,0.057692307692307696,0.05769230769230771
40,CrossEntropyLoss,LAC,0.050000000000000044,0.95,3.576923076923077,2.669230769230769,1.4615384615384615,3.0,5.130769230769229,0.07307692307692308,0.09230769230769231
40,CrossEntropyLoss,LAC,0.07999999999999996,0.9384615384615385,3.1307692307692307,2.2615384615384615,1.375,3.0,4.376923076923078,0.08461538461538462,0.13076923076923075
40,CrossEntropyLoss,LAC,0.09999999999999998,0.9038461538461539,2.6884615384615387,1.9,1.32,3.0,4.207692307692308,0.12692307692307692,0.21153846153846156
40,CrossEntropyLoss,LAC,0.13,0.8884615384615384,2.519230769230769,1.726923076923077,1.3793103448275863,3.0,3.79792899408284,0.15384615384615385,0.20769230769230773
40,CrossEntropyLoss,LAC,0.15000000000000002,0.8730769230769231,2.3923076923076922,1.6115384615384616,1.3636363636363635,3.0,3.5602564102564096,0.17307692307692307,0.2153846153846154
40,CrossEntropyLoss,LAC,0.18000000000000005,0.8615384615384616,2.3192307692307694,1.5615384615384615,1.3333333333333333,3.0,3.228205128205128,0.18461538461538463,0.2384615384615385
40,CrossEntropyLoss,LAC,0.19999999999999996,0.8461538461538461,2.223076923076923,1.4653846153846153,1.35,3.0,3.1961538461538463,0.2076923076923077,0.2384615384615385
41,CrossEntropyLoss,min-CPS,0.010000000000000009,0.9923076923076923,4.4884615384615385,3.4884615384615385,1.0,1.0,5.026923076923075,0.007692307692307693,0.0
41,CrossEntropyLoss,min-CPS,0.020000000000000018,0.9923076923076923,4.161538461538462,3.1615384615384614,2.0,2.0,4.699999999999998,0.015384615384615385,0.0
41,CrossEntropyLoss,min-CPS,0.030000000000000027,0.9730769230769231,3.919230769230769,2.919230769230769,1.2857142857142858,2.0,5.226923076923075,0.03461538461538462,0.0
41,CrossEntropyLoss,min-CPS,0.050000000000000044,0.9384615384615385,3.3884615384615384,2.3884615384615384,1.1875,2.0,5.311538461538459,0.07307692307692308,0.0
41,CrossEntropyLoss,min-CPS,0.07999999999999996,0.9,2.976923076923077,1.976923076923077,1.2692307692307692,2.0,5.150000000000002,0.12692307692307692,0.0
41,CrossEntropyLoss,min-CPS,0.09999999999999998,0.8769230769230769,2.746153846153846,1.7461538461538462,1.3125,2.0,4.976923076923077,0.16153846153846155,0.0
41,CrossEntropyLoss,min-CPS,0.13,0.85,2.580769230769231,1.5807692307692307,1.358974358974359,2.0,4.716863905325443,0.20384615384615384,0.0
41,CrossEntropyLoss,min-CPS,0.15000000000000002,0.8038461538461539,2.45,1.45,1.3333333333333333,2.0,4.9371794871794865,0.26153846153846155,0.0
41,CrossEntropyLoss,min-CPS,0.18000000000000005,0.7769230769230769,2.326923076923077,1.3269230769230769,1.293103448275862,2.0,4.532051282051281,0.28846153846153844,0.0
41,CrossEntropyLoss,min-CPS,0.19999999999999996,0.7576923076923077,2.273076923076923,1.273076923076923,1.2698412698412698,2.0,4.35,0.3076923076923077,0.0
41,CrossEntropyLoss,RPS,0.010000000000000009,1.0,4.530769230769231,3.5307692307692307,,0.0,3.5307692307692307,0.0,0.0
41,CrossEntropyLoss,RPS,0.020000000000000018,0.9884615384615385,4.188461538461539,3.1884615384615387,1.0,1.0,4.34230769230769,0.011538461538461539,0.0
41,CrossEntropyLoss,RPS,0.030000000000000027,0.9807692307692307,4.084615384615384,3.0846153846153848,1.0,1.0,4.366666666666665,0.019230769230769232,0.0
41,CrossEntropyLoss,RPS,0.050000000000000044,0.9307692307692308,3.6615384615384614,2.6615384615384614,1.0,1.0,5.430769230769229,0.06923076923076923,0.0
41,CrossEntropyLoss,RPS,0.07999999999999996,0.9038461538461539,3.1846153846153844,2.1846153846153844,1.12,2.0,4.876923076923078,0.1076923076923077,0.0
41,CrossEntropyLoss,RPS,0.09999999999999998,0.8807692307692307,3.0384615384615383,2.0384615384615383,1.096774193548387,2.0,4.653846153846154,0.13076923076923078,0.0
41,CrossEntropyLoss,RPS,0.13,0.8346153846153846,2.8076923076923075,1.8076923076923077,1.2093023255813953,2.0,4.884615384615385,0.2,0.0
41,CrossEntropyLoss,RPS,0.15000000000000002,0.8153846153846154,2.746153846153846,1.7461538461538462,1.1875,2.0,4.6692307692307695,0.21923076923076923,0.0
41,CrossEntropyLoss,RPS,0.18000000000000005,0.8038461538461539,2.4884615384615385,1.4884615384615385,1.2352941176470589,2.0,4.18076923076923,0.2423076923076923,0.0
41,CrossEntropyLoss,RPS,0.19999999999999996,0.7807692307692308,2.3192307692307694,1.3192307692307692,1.2982456140350878,2.0,4.165384615384616,0.2846153846153846,0.0
41,CrossEntropyLoss,OCDF,0.010000000000000009,0.9961538461538462,4.946153846153846,3.9461538461538463,1.0,1.0,4.715384615384615,0.0038461538461538464,0.0
41,CrossEntropyLoss,OCDF,0.020000000000000018,0.9692307692307692,4.773076923076923,3.773076923076923,1.125,2.0,7.234615384615382,0.03461538461538462,0.0
41,CrossEntropyLoss,OCDF,0.030000000000000027,0.9653846153846154,4.753846153846154,3.753846153846154,1.1111111111111112,2.0,6.317948717948717,0.038461538461538464,0.0
41,CrossEntropyLoss,OCDF,0.050000000000000044,0.9307692307692308,4.576923076923077,3.576923076923077,1.3333333333333333,2.0,7.2692307692307665,0.09230769230769231,0.0
41,CrossEntropyLoss,OCDF,0.07999999999999996,0.9076923076923077,4.476923076923077,3.476923076923077,1.375,2.0,6.650000000000002,0.12692307692307692,0.0
41,CrossEntropyLoss,OCDF,0.09999999999999998,0.8961538461538462,4.384615384615385,3.3846153846153846,1.4444444444444444,3.0,6.384615384615385,0.15,0.0
41,CrossEntropyLoss,OCDF,0.13,0.85,4.1461538461538465,3.146153846153846,1.358974358974359,3.0,6.282248520710058,0.20384615384615384,0.0
41,CrossEntropyLoss,OCDF,0.15000000000000002,0.8192307692307692,3.9884615384615385,2.9884615384615385,1.3829787234042554,3.0,6.3217948717948715,0.25,0.0
41,CrossEntropyLoss,OCDF,0.18000000000000005,0.7961538461538461,3.8807692307692307,2.8807692307692307,1.4150943396226414,3.0,6.085897435897435,0.28846153846153844,0.0
41,CrossEntropyLoss,OCDF,0.19999999999999996,0.7730769230769231,3.7846153846153845,2.7846153846153845,1.423728813559322,3.0,6.015384615384615,0.3230769230769231,0.0
41,CrossEntropyLoss,APS,0.010000000000000009,1.0,4.611538461538461,3.626923076923077,,0.0,3.626923076923077,0.0,0.01538461538461533
41,CrossEntropyLoss,APS,0.020000000000000018,0.9884615384615385,4.0576923076923075,3.103846153846154,1.6666666666666667,2.0,5.026923076923075,0.019230769230769232,0.0461538461538461
41,CrossEntropyLoss,APS,0.030000000000000027,0.9846153846153847,4.023076923076923,3.0730769230769233,1.5,2.0,4.355128205128204,0.023076923076923078,0.050000000000000044
41,CrossEntropyLoss,APS,0.050000000000000044,0.9615384615384616,3.6961538461538463,2.826923076923077,1.2,2.0,4.057692307692307,0.046153846153846156,0.13076923076923075
41,CrossEntropyLoss,APS,0.07999999999999996,0.9153846153846154,3.1153846153846154,2.3615384615384616,1.4090909090909092,4.0,4.1884615384615405,0.11923076923076924,0.2384615384615385
41,CrossEntropyLoss,APS,0.09999999999999998,0.8730769230769231,2.753846153846154,2.0615384615384613,1.6363636363636365,4.0,4.292307692307692,0.2076923076923077,0.28846153846153844
41,CrossEntropyLoss,APS,0.13,0.8538461538461538,2.580769230769231,1.9307692307692308,1.6578947368421053,4.0,3.942603550295858,0.2423076923076923,0.32692307692307687
41,CrossEntropyLoss,APS,0.15000000000000002,0.8384615384615385,2.496153846153846,1.8653846153846154,1.6666666666666667,4.0,3.7115384615384612,0.2692307692307692,0.3423076923076923
41,CrossEntropyLoss,APS,0.18000000000000005,0.8115384615384615,2.3423076923076924,1.7423076923076923,1.816326530612245,4.0,3.5799145299145296,0.3423076923076923,0.3615384615384616
41,CrossEntropyLoss,APS,0.19999999999999996,0.7923076923076923,2.2576923076923077,1.6730769230769231,1.8703703703703705,4.0,3.480769230769231,0.38846153846153847,0.3615384615384616
41,CrossEntropyLoss,LAC,0.010000000000000009,0.9923076923076923,4.461538461538462,3.480769230769231,1.0,1.0,5.019230769230767,0.007692307692307693,0.019230769230769273
41,CrossEntropyLoss,LAC,0.020000000000000018,0.9884615384615385,4.1038461538461535,3.1307692307692307,1.6666666666666667,2.0,4.669230769230768,0.019230769230769232,0.02692307692307694
41,CrossEntropyLoss,LAC,0.030000000000000027,0.9884615384615385,4.038461538461538,3.0846153846153848,1.6666666666666667,2.0,4.11025641025641,0.019230769230769232,0.0461538461538461
41,CrossEntropyLoss,LAC,0.050000000000000044,0.9423076923076923,3.4884615384615385,2.603846153846154,1.2,2.0,5.065384615384613,0.06923076923076923,0.11538461538461542
41,CrossEntropyLoss,LAC,0.07999999999999996,0.8961538461538462,2.8692307692307693,2.05,1.2592592592592593,2.0,5.030769230769232,0.13076923076923078,0.1807692307692308
41,CrossEntropyLoss,LAC,0.09999999999999998,0.8769230769230769,2.6076923076923078,1.8346153846153845,1.28125,2.0,4.6038461538461535,0.1576923076923077,0.2269230769230769
41,CrossEntropyLoss,LAC,0.13,0.85,2.4115384615384614,1.6884615384615385,1.2820512820512822,2.0,4.23284023668639,0.19230769230769232,0.27692307692307694
41,CrossEntropyLoss,LAC,0.15000000000000002,0.8038461538461539,2.230769230769231,1.5307692307692307,1.2941176470588236,2.0,4.505128205128205,0.25384615384615383,0.30000000000000004
41,CrossEntropyLoss,LAC,0.18000000000000005,0.7846153846153846,2.1153846153846154,1.4,1.3392857142857142,2.0,4.305982905982906,0.28846153846153844,0.2846153846153846
41,CrossEntropyLoss,LAC,0.19999999999999996,0.7807692307692308,2.0730769230769233,1.353846153846154,1.368421052631579,3.0,4.084615384615384,0.3,0.28076923076923077
42,CrossEntropyLoss,min-CPS,0.010000000000000009,0.9961538461538462,4.476923076923077,3.476923076923077,1.0,1.0,4.246153846153845,0.0038461538461538464,0.0
42,CrossEntropyLoss,min-CPS,0.020000000000000018,0.9807692307692307,4.015384615384615,3.0153846153846153,1.6,3.0,6.09230769230769,0.03076923076923077,0.0
42,CrossEntropyLoss,min-CPS,0.030000000000000027,0.9807692307692307,3.996153846153846,2.996153846153846,1.6,3.0,5.047435897435896,0.03076923076923077,0.0
42,CrossEntropyLoss,min-CPS,0.050000000000000044,0.9769230769230769,3.7192307692307693,2.7192307692307693,1.5,3.0,4.103846153846153,0.03461538461538462,0.0
42,CrossEntropyLoss,min-CPS,0.07999999999999996,0.9461538461538461,3.353846153846154,2.353846153846154,1.2857142857142858,3.0,4.084615384615385,0.06923076923076923,0.0
42,CrossEntropyLoss,min-CPS,0.09999999999999998,0.9115384615384615,3.019230769230769,2.019230769230769,1.3478260869565217,3.0,4.403846153846154,0.11923076923076924,0.0
42,CrossEntropyLoss,min-CPS,0.13,0.8923076923076924,2.7653846153846153,1.7653846153846153,1.4285714285714286,3.0,4.132248520710059,0.15384615384615385,0.0
42,CrossEntropyLoss,min-CPS,0.15000000000000002,0.8730769230769231,2.6076923076923078,1.6076923076923078,1.4242424242424243,3.0,4.017948717948717,0.18076923076923077,0.0
42,CrossEntropyLoss,min-CPS,0.18000000000000005,0.85,2.5307692307692307,1.5307692307692307,1.3846153846153846,4.0,3.8384615384615377,0.2076923076923077,0.0
42,CrossEntropyLoss,min-CPS,0.19999999999999996,0.823076923076923,2.423076923076923,1.4230769230769231,1.391304347826087,4.0,3.8846153846153846,0.24615384615384617,0.0
42,CrossEntropyLoss,RPS,0.010000000000000009,0.9923076923076923,4.392307692307693,3.3923076923076922,1.0,1.0,4.930769230769229,0.007692307692307693,0.0
42,CrossEntropyLoss,RPS,0.020000000000000018,0.9807692307692307,4.207692307692308,3.207692307692308,1.2,2.0,5.5153846153846136,0.023076923076923078,0.0
42,CrossEntropyLoss,RPS,0.030000000000000027,0.9730769230769231,4.088461538461538,3.0884615384615386,1.1428571428571428,2.0,5.139743589743588,0.03076923076923077,0.0
42,CrossEntropyLoss,RPS,0.050000000000000044,0.9615384615384616,3.9307692307692306,2.9307692307692306,1.2,2.0,4.776923076923075,0.046153846153846156,0.0
42,CrossEntropyLoss,RPS,0.07999999999999996,0.9192307692307692,3.396153846153846,2.396153846153846,1.1428571428571428,2.0,4.703846153846156,0.09230769230769231,0.0
42,CrossEntropyLoss,RPS,0.09999999999999998,0.8961538461538462,3.1423076923076922,2.1423076923076922,1.1851851851851851,3.0,4.6038461538461535,0.12307692307692308,0.0
42,CrossEntropyLoss,RPS,0.13,0.8538461538461538,2.896153846153846,1.896153846153846,1.263157894736842,3.0,4.7363905325443785,0.18461538461538463,0.0
42,CrossEntropyLoss,RPS,0.15000000000000002,0.8307692307692308,2.8115384615384613,1.8115384615384615,1.2272727272727273,3.0,4.5807692307692305,0.2076923076923077,0.0
42,CrossEntropyLoss,RPS,0.18000000000000005,0.8115384615384615,2.503846153846154,1.5038461538461538,1.2448979591836735,3.0,4.11068376068376,0.23461538461538461,0.0
42,CrossEntropyLoss,RPS,0.19999999999999996,0.8076923076923077,2.4,1.4,1.28,3.0,3.8615384615384616,0.24615384615384617,0.0
42,CrossEntropyLoss,OCDF,0.010000000000000009,0.9884615384615385,4.9423076923076925,3.9423076923076925,1.0,1.0,6.249999999999998,0.011538461538461539,0.0
42,CrossEntropyLoss,OCDF,0.020000000000000018,0.9692307692307692,4.792307692307692,3.792307692307692,1.125,2.0,7.25384615384615,0.03461538461538462,0.0
42,CrossEntropyLoss,OCDF,0.030000000000000027,0.9692307692307692,4.792307692307692,3.792307692307692,1.125,2.0,6.099999999999998,0.03461538461538462,0.0
42,CrossEntropyLoss,OCDF,0.050000000000000044,0.9461538461538461,4.634615384615385,3.6346153846153846,1.2857142857142858,2.0,6.403846153846152,0.06923076923076923,0.0
42,CrossEntropyLoss,OCDF,0.07999999999999996,0.9076923076923077,4.507692307692308,3.5076923076923077,1.4166666666666667,2.0,6.776923076923079,0.13076923076923078,0.0
42,CrossEntropyLoss,OCDF,0.09999999999999998,0.8884615384615384,4.384615384615385,3.3846153846153846,1.4827586206896552,3.0,6.6923076923076925,0.16538461538461538,0.0
42,CrossEntropyLoss,OCDF,0.13,0.8538461538461538,4.184615384615385,3.1846153846153844,1.4473684210526316,3.0,6.43905325443787,0.21153846153846154,0.0
42,CrossEntropyLoss,OCDF,0.15000000000000002,0.8384615384615385,4.088461538461538,3.0884615384615386,1.4047619047619047,3.0,6.114102564102564,0.22692307692307692,0.0
42,CrossEntropyLoss,OCDF,0.18000000000000005,0.8269230769230769,4.003846153846154,3.003846153846154,1.4222222222222223,3.0,5.738888888888888,0.24615384615384617,0.0
42,CrossEntropyLoss,OCDF,0.19999999999999996,0.7846153846153846,3.8346153846153848,2.8346153846153848,1.3928571428571428,3.0,5.834615384615384,0.3,0.0
42,CrossEntropyLoss,APS,0.010000000000000009,0.9961538461538462,4.453846153846154,3.4692307692307693,1.0,1.0,4.238461538461538,0.0038461538461538464,0.01538461538461533
42,CrossEntropyLoss,APS,0.020000000000000018,0.9846153846153847,4.230769230769231,3.273076923076923,1.25,2.0,5.196153846153845,0.019230769230769232,0.04230769230769227
42,CrossEntropyLoss,APS,0.030000000000000027,0.9692307692307692,3.9384615384615387,3.0346153846153845,1.5,4.0,4.829487179487178,0.046153846153846156,0.09230769230769231
42,CrossEntropyLoss,APS,0.050000000000000044,0.9615384615384616,3.723076923076923,2.8192307692307694,1.9,4.0,4.203846153846153,0.07307692307692308,0.08846153846153848
42,CrossEntropyLoss,APS,0.07999999999999996,0.9461538461538461,3.3884615384615384,2.5730769230769233,1.8571428571428572,4.0,3.630769230769231,0.1,0.17307692307692313
42,CrossEntropyLoss,APS,0.09999999999999998,0.926923076923077,3.1076923076923078,2.3384615384615386,1.736842105263158,4.0,3.646153846153846,0.12692307692307692,0.21923076923076923
42,CrossEntropyLoss,APS,0.13,0.8807692307692307,2.8384615384615386,2.15,1.935483870967742,4.0,3.6292899408284023,0.23076923076923078,0.28076923076923077
42,CrossEntropyLoss,APS,0.15000000000000002,0.8576923076923076,2.623076923076923,1.9615384615384615,2.0,4.0,3.602564102564102,0.2846153846153846,0.30000000000000004
42,CrossEntropyLoss,APS,0.18000000000000005,0.8346153846153846,2.480769230769231,1.8461538461538463,1.9069767441860466,4.0,3.598290598290598,0.3153846153846154,0.32692307692307687
42,CrossEntropyLoss,APS,0.19999999999999996,0.8346153846153846,2.45,1.8076923076923077,1.9767441860465116,4.0,3.423076923076923,0.3269230769230769,0.3153846153846154
42,CrossEntropyLoss,LAC,0.010000000000000009,0.9961538461538462,4.453846153846154,3.473076923076923,1.0,1.0,4.2423076923076914,0.0038461538461538464,0.019230769230769273
42,CrossEntropyLoss,LAC,0.020000000000000018,0.9923076923076923,4.084615384615384,3.126923076923077,2.5,3.0,5.049999999999998,0.019230769230769232,0.04230769230769227
42,CrossEntropyLoss,LAC,0.030000000000000027,0.9846153846153847,4.019230769230769,3.0692307692307694,1.75,3.0,4.6076923076923055,0.026923076923076925,0.050000000000000044
42,CrossEntropyLoss,LAC,0.050000000000000044,0.9692307692307692,3.8846153846153846,2.9346153846153844,1.375,3.0,4.165384615384615,0.04230769230769231,0.050000000000000044
42,CrossEntropyLoss,LAC,0.07999999999999996,0.9615384615384616,3.503846153846154,2.626923076923077,1.4,3.0,3.876923076923078,0.05384615384615385,0.12307692307692308
42,CrossEntropyLoss,LAC,0.09999999999999998,0.9230769230769231,2.976923076923077,2.146153846153846,1.35,3.0,3.9923076923076923,0.10384615384615385,0.16538461538461535
42,CrossEntropyLoss,LAC,0.13,0.9038461538461539,2.6846153846153844,1.9115384615384616,1.56,4.0,3.982544378698225,0.15,0.22307692307692306
42,CrossEntropyLoss,LAC,0.15000000000000002,0.8730769230769231,2.5,1.7538461538461538,1.4545454545454546,4.0,3.856410256410256,0.18461538461538463,0.25
42,CrossEntropyLoss,LAC,0.18000000000000005,0.8307692307692308,2.326923076923077,1.5769230769230769,1.4318181818181819,4.0,4.012820512820512,0.2423076923076923,0.24615384615384617
42,CrossEntropyLoss,LAC,0.19999999999999996,0.8307692307692308,2.269230769230769,1.5076923076923077,1.4318181818181819,4.0,3.7,0.2423076923076923,0.23461538461538467
43,CrossEntropyLoss,min-CPS,0.010000000000000009,1.0,4.546153846153846,3.546153846153846,,0.0,3.546153846153846,0.0,0.0
43,CrossEntropyLoss,min-CPS,0.020000000000000018,0.9884615384615385,4.069230769230769,3.0692307692307694,1.3333333333333333,2.0,4.6076923076923055,0.015384615384615385,0.0
43,CrossEntropyLoss,min-CPS,0.030000000000000027,0.9846153846153847,3.996153846153846,2.996153846153846,1.75,3.0,4.79102564102564,0.026923076923076925,0.0
43,CrossEntropyLoss,min-CPS,0.050000000000000044,0.9538461538461539,3.5115384615384615,2.5115384615384615,1.4166666666666667,3.0,5.126923076923076,0.06538461538461539,0.0
43,CrossEntropyLoss,min-CPS,0.07999999999999996,0.9307692307692308,3.2423076923076923,2.2423076923076923,1.3333333333333333,3.0,4.550000000000002,0.09230769230769231,0.0
43,CrossEntropyLoss,min-CPS,0.09999999999999998,0.9,2.853846153846154,1.853846153846154,1.3076923076923077,3.0,4.469230769230769,0.13076923076923078,0.0
43,CrossEntropyLoss,min-CPS,0.13,0.8538461538461538,2.6384615384615384,1.6384615384615384,1.3421052631578947,3.0,4.656213017751479,0.19615384615384615,0.0
43,CrossEntropyLoss,min-CPS,0.15000000000000002,0.8384615384615385,2.580769230769231,1.5807692307692307,1.380952380952381,4.0,4.555128205128205,0.2230769230769231,0.0
43,CrossEntropyLoss,min-CPS,0.18000000000000005,0.8076923076923077,2.4423076923076925,1.4423076923076923,1.4,4.0,4.433760683760683,0.2692307692307692,0.0
43,CrossEntropyLoss,min-CPS,0.19999999999999996,0.7653846153846153,2.3192307692307694,1.3192307692307692,1.3442622950819672,4.0,4.473076923076923,0.3153846153846154,0.0
43,CrossEntropyLoss,RPS,0.010000000000000009,0.9884615384615385,4.35,3.35,1.0,1.0,5.657692307692306,0.011538461538461539,0.0
43,CrossEntropyLoss,RPS,0.020000000000000018,0.9807692307692307,4.1923076923076925,3.1923076923076925,1.2,2.0,5.499999999999998,0.023076923076923078,0.0
43,CrossEntropyLoss,RPS,0.030000000000000027,0.9769230769230769,4.107692307692307,3.1076923076923078,1.1666666666666667,2.0,4.902564102564101,0.026923076923076925,0.0
43,CrossEntropyLoss,RPS,0.050000000000000044,0.95,3.8115384615384613,2.8115384615384613,1.1538461538461537,2.0,5.119230769230768,0.057692307692307696,0.0
43,CrossEntropyLoss,RPS,0.07999999999999996,0.9346153846153846,3.4346153846153844,2.4346153846153844,1.1764705882352942,2.0,4.357692307692309,0.07692307692307693,0.0
43,CrossEntropyLoss,RPS,0.09999999999999998,0.9,3.146153846153846,2.146153846153846,1.1923076923076923,3.0,4.530769230769231,0.11923076923076924,0.0
43,CrossEntropyLoss,RPS,0.13,0.8730769230769231,2.996153846153846,1.9961538461538462,1.2121212121212122,3.0,4.36301775147929,0.15384615384615385,0.0
43,CrossEntropyLoss,RPS,0.15000000000000002,0.8307692307692308,2.8153846153846156,1.8153846153846154,1.2272727272727273,3.0,4.584615384615384,0.2076923076923077,0.0
43,CrossEntropyLoss,RPS,0.18000000000000005,0.7961538461538461,2.423076923076923,1.4230769230769231,1.2830188679245282,3.0,4.329059829059829,0.26153846153846155,0.0
43,CrossEntropyLoss,RPS,0.19999999999999996,0.7692307692307693,2.2807692307692307,1.2807692307692307,1.2833333333333334,3.0,4.242307692307692,0.29615384615384616,0.0
43,CrossEntropyLoss,OCDF,0.010000000000000009,0.9846153846153847,4.9423076923076925,3.9423076923076925,1.0,1.0,7.0192307692307665,0.015384615384615385,0.0
43,CrossEntropyLoss,OCDF,0.020000000000000018,0.9769230769230769,4.857692307692307,3.8576923076923078,1.1666666666666667,2.0,6.549999999999998,0.026923076923076925,0.0
43,CrossEntropyLoss,OCDF,0.030000000000000027,0.95,4.780769230769231,3.7807692307692307,1.0769230769230769,2.0,7.370512820512817,0.05384615384615385,0.0
43,CrossEntropyLoss,OCDF,0.050000000000000044,0.9230769230769231,4.596153846153846,3.5961538461538463,1.15,2.0,7.134615384615382,0.08846153846153847,0.0
43,CrossEntropyLoss,OCDF,0.07999999999999996,0.8923076923076924,4.4423076923076925,3.4423076923076925,1.3214285714285714,2.0,7.000000000000002,0.1423076923076923,0.0
43,CrossEntropyLoss,OCDF,0.09999999999999998,0.8807692307692307,4.365384615384615,3.3653846153846154,1.3548387096774193,3.0,6.596153846153846,0.16153846153846155,0.0
43,CrossEntropyLoss,OCDF,0.13,0.8538461538461538,4.1923076923076925,3.1923076923076925,1.394736842105263,3.0,6.328402366863905,0.20384615384615384,0.0
43,CrossEntropyLoss,OCDF,0.15000000000000002,0.8307692307692308,4.111538461538461,3.1115384615384616,1.3863636363636365,3.0,6.239743589743589,0.23461538461538461,0.0
43,CrossEntropyLoss,OCDF,0.18000000000000005,0.7846153846153846,3.896153846153846,2.896153846153846,1.3928571428571428,3.0,6.229487179487179,0.3,0.0
43,CrossEntropyLoss,OCDF,0.19999999999999996,0.7807692307692308,3.8384615384615386,2.8384615384615386,1.456140350877193,3.0,6.030769230769231,0.3192307692307692,0.0
43,CrossEntropyLoss,APS,0.010000000000000009,1.0,4.507692307692308,3.542307692307692,,0.0,3.542307692307692,0.0,0.0346153846153846
43,CrossEntropyLoss,APS,0.020000000000000018,0.9846153846153847,4.1461538461538465,3.1846153846153844,1.0,1.0,4.338461538461536,0.015384615384615385,0.038461538461538436
43,CrossEntropyLoss,APS,0.030000000000000027,0.9846153846153847,3.95,3.0115384615384615,1.0,1.0,3.78076923076923,0.015384615384615385,0.06153846153846154
43,CrossEntropyLoss,APS,0.050000000000000044,0.95,3.5730769230769233,2.6884615384615387,1.2307692307692308,3.0,4.84230769230769,0.06153846153846154,0.11538461538461542
43,CrossEntropyLoss,APS,0.07999999999999996,0.9346153846153846,3.3,2.5115384615384615,1.2941176470588236,3.0,4.242307692307693,0.08461538461538462,0.21153846153846156
43,CrossEntropyLoss,APS,0.09999999999999998,0.9115384615384615,2.973076923076923,2.2423076923076923,1.4782608695652173,4.0,3.7807692307692307,0.13076923076923078,0.25769230769230766
43,CrossEntropyLoss,APS,0.13,0.8692307692307693,2.6576923076923076,1.9846153846153847,1.5588235294117647,4.0,3.87810650887574,0.20384615384615384,0.2961538461538461
43,CrossEntropyLoss,APS,0.15000000000000002,0.8692307692307693,2.6076923076923078,1.9461538461538461,1.5588235294117647,4.0,3.587179487179487,0.20384615384615384,0.3076923076923077
43,CrossEntropyLoss,APS,0.18000000000000005,0.8576923076923076,2.473076923076923,1.8384615384615384,1.7297297297297298,4.0,3.419658119658119,0.24615384615384617,0.32692307692307687
43,CrossEntropyLoss,APS,0.19999999999999996,0.8346153846153846,2.3846153846153846,1.75,1.6511627906976745,4.0,3.4423076923076925,0.27307692307692305,0.32692307692307687
43,CrossEntropyLoss,LAC,0.010000000000000009,1.0,4.515384615384615,3.546153846153846,,0.0,3.546153846153846,0.0,0.03076923076923077
43,CrossEntropyLoss,LAC,0.020000000000000018,0.9923076923076923,4.073076923076923,3.1076923076923078,2.5,3.0,5.030769230769229,0.019230769230769232,0.0346153846153846
43,CrossEntropyLoss,LAC,0.030000000000000027,0.9769230769230769,3.953846153846154,3.0076923076923077,1.6666666666666667,3.0,5.058974358974358,0.038461538461538464,0.05384615384615388
43,CrossEntropyLoss,LAC,0.050000000000000044,0.95,3.7,2.8076923076923075,1.3076923076923077,3.0,4.653846153846152,0.06538461538461539,0.10384615384615381
43,CrossEntropyLoss,LAC,0.07999999999999996,0.9153846153846154,3.003846153846154,2.1923076923076925,1.2727272727272727,3.0,4.692307692307694,0.1076923076923077,0.18461538461538463
43,CrossEntropyLoss,LAC,0.09999999999999998,0.9076923076923077,2.826923076923077,2.0346153846153845,1.25,3.0,4.188461538461539,0.11538461538461539,0.2038461538461539
43,CrossEntropyLoss,LAC,0.13,0.8884615384615384,2.65,1.8884615384615384,1.4137931034482758,4.0,4.196153846153846,0.1576923076923077,0.23461538461538467
43,CrossEntropyLoss,LAC,0.15000000000000002,0.8615384615384616,2.4653846153846155,1.7384615384615385,1.3888888888888888,4.0,4.046153846153846,0.19230769230769232,0.2692307692307693
43,CrossEntropyLoss,LAC,0.18000000000000005,0.8384615384615385,2.3884615384615384,1.6653846153846155,1.3571428571428572,4.0,3.887606837606837,0.21923076923076923,0.2730769230769231
43,CrossEntropyLoss,LAC,0.19999999999999996,0.8307692307692308,2.2807692307692307,1.5576923076923077,1.3636363636363635,4.0,3.673076923076923,0.23076923076923078,0.2692307692307693
44,CrossEntropyLoss,min-CPS,0.010000000000000009,0.9884615384615385,4.2384615384615385,3.2384615384615385,1.6666666666666667,2.0,7.084615384615381,0.019230769230769232,0.0
44,CrossEntropyLoss,min-CPS,0.020000000000000018,0.9807692307692307,4.019230769230769,3.019230769230769,2.0,3.0,6.865384615384612,0.038461538461538464,0.0
44,CrossEntropyLoss,min-CPS,0.030000000000000027,0.9769230769230769,3.9884615384615385,2.9884615384615385,1.8333333333333333,3.0,5.808974358974357,0.04230769230769231,0.0
44,CrossEntropyLoss,min-CPS,0.050000000000000044,0.9653846153846154,3.603846153846154,2.603846153846154,1.5555555555555556,3.0,4.757692307692306,0.05384615384615385,0.0
44,CrossEntropyLoss,min-CPS,0.07999999999999996,0.9230769230769231,3.0961538461538463,2.0961538461538463,1.3,3.0,4.596153846153848,0.1,0.0
44,CrossEntropyLoss,min-CPS,0.09999999999999998,0.8846153846153846,2.7346153846153847,1.7346153846153847,1.3,3.0,4.734615384615385,0.15,0.0
44,CrossEntropyLoss,min-CPS,0.13,0.8576923076923076,2.6,1.6,1.2432432432432432,3.0,4.32189349112426,0.17692307692307693,0.0
44,CrossEntropyLoss,min-CPS,0.15000000000000002,0.8538461538461538,2.5615384615384613,1.5615384615384615,1.263157894736842,3.0,4.023076923076923,0.18461538461538463,0.0
44,CrossEntropyLoss,min-CPS,0.18000000000000005,0.8307692307692308,2.4269230769230767,1.426923076923077,1.2727272727272727,3.0,3.820085470085469,0.2153846153846154,0.0
44,CrossEntropyLoss,min-CPS,0.19999999999999996,0.8076923076923077,2.326923076923077,1.3269230769230769,1.26,3.0,3.75,0.2423076923076923,0.0
44,CrossEntropyLoss,RPS,0.010000000000000009,0.9961538461538462,4.5,3.5,1.0,1.0,4.269230769230768,0.0038461538461538464,0.0
44,CrossEntropyLoss,RPS,0.020000000000000018,0.9923076923076923,4.2846153846153845,3.2846153846153845,1.0,1.0,4.053846153846153,0.007692307692307693,0.0
44,CrossEntropyLoss,RPS,0.030000000000000027,0.9923076923076923,4.173076923076923,3.173076923076923,1.0,1.0,3.6858974358974357,0.007692307692307693,0.0
44,CrossEntropyLoss,RPS,0.050000000000000044,0.9653846153846154,3.9,2.9,1.1111111111111112,2.0,4.438461538461537,0.038461538461538464,0.0
44,CrossEntropyLoss,RPS,0.07999999999999996,0.95,3.603846153846154,2.603846153846154,1.0769230769230769,2.0,3.950000000000001,0.05384615384615385,0.0
44,CrossEntropyLoss,RPS,0.09999999999999998,0.8807692307692307,3.076923076923077,2.076923076923077,1.064516129032258,2.0,4.615384615384615,0.12692307692307692,0.0
44,CrossEntropyLoss,RPS,0.13,0.85,2.85,1.85,1.1282051282051282,2.0,4.453550295857988,0.16923076923076924,0.0
44,CrossEntropyLoss,RPS,0.15000000000000002,0.85,2.8230769230769233,1.823076923076923,1.1282051282051282,2.0,4.079487179487179,0.16923076923076924,0.0
44,CrossEntropyLoss,RPS,0.18000000000000005,0.8038461538461539,2.4846153846153847,1.4846153846153847,1.196078431372549,3.0,4.091452991452991,0.23461538461538461,0.0
44,CrossEntropyLoss,RPS,0.19999999999999996,0.7769230769230769,2.269230769230769,1.2692307692307692,1.2241379310344827,3.0,4.0,0.27307692307692305,0.0
44,CrossEntropyLoss,OCDF,0.010000000000000009,0.9730769230769231,4.8076923076923075,3.8076923076923075,1.1428571428571428,2.0,9.961538461538456,0.03076923076923077,0.0
44,CrossEntropyLoss,OCDF,0.020000000000000018,0.9461538461538461,4.7384615384615385,3.7384615384615385,1.1428571428571428,2.0,9.892307692307687,0.06153846153846154,0.0
44,CrossEntropyLoss,OCDF,0.030000000000000027,0.9423076923076923,4.680769230769231,3.6807692307692306,1.2,2.0,8.296153846153842,0.06923076923076923,0.0
44,CrossEntropyLoss,OCDF,0.050000000000000044,0.926923076923077,4.6038461538461535,3.603846153846154,1.263157894736842,2.0,7.296153846153842,0.09230769230769231,0.0
44,CrossEntropyLoss,OCDF,0.07999999999999996,0.9,4.484615384615385,3.4846153846153847,1.3461538461538463,2.0,6.850000000000002,0.1346153846153846,0.0
44,CrossEntropyLoss,OCDF,0.09999999999999998,0.8730769230769231,4.384615384615385,3.3846153846153846,1.3333333333333333,3.0,6.769230769230769,0.16923076923076924,0.0
44,CrossEntropyLoss,OCDF,0.13,0.85,4.230769230769231,3.230769230769231,1.3846153846153846,3.0,6.4260355029585785,0.2076923076923077,0.0
44,CrossEntropyLoss,OCDF,0.15000000000000002,0.8153846153846154,4.069230769230769,3.0692307692307694,1.375,3.0,6.453846153846153,0.25384615384615383,0.0
44,CrossEntropyLoss,OCDF,0.18000000000000005,0.8076923076923077,3.9923076923076923,2.9923076923076923,1.4,3.0,5.983760683760682,0.2692307692307692,0.0
44,CrossEntropyLoss,OCDF,0.19999999999999996,0.7884615384615384,3.8807692307692307,2.8807692307692307,1.4,3.0,5.842307692307692,0.29615384615384616,0.0
44,CrossEntropyLoss,APS,0.010000000000000009,0.9807692307692307,4.207692307692308,3.253846153846154,1.2,2.0,7.869230769230766,0.023076923076923078,0.0461538461538461
44,CrossEntropyLoss,APS,0.020000000000000018,0.9769230769230769,4.065384615384615,3.126923076923077,1.3333333333333333,2.0,5.819230769230766,0.03076923076923077,0.06153846153846154
44,CrossEntropyLoss,APS,0.030000000000000027,0.9769230769230769,4.007692307692308,3.0692307692307694,1.3333333333333333,2.0,4.864102564102563,0.03076923076923077,0.06153846153846154
44,CrossEntropyLoss,APS,0.050000000000000044,0.9730769230769231,3.8384615384615386,2.9115384615384614,1.7142857142857142,3.0,4.603846153846152,0.046153846153846156,0.07307692307692304
44,CrossEntropyLoss,APS,0.07999999999999996,0.9461538461538461,3.1961538461538463,2.4,1.4285714285714286,3.0,4.130769230769232,0.07692307692307693,0.2038461538461539
44,CrossEntropyLoss,APS,0.09999999999999998,0.9038461538461539,2.9384615384615387,2.1807692307692306,1.52,4.0,4.334615384615384,0.14615384615384616,0.23076923076923073
44,CrossEntropyLoss,APS,0.13,0.8884615384615384,2.8076923076923075,2.1115384615384616,1.4482758620689655,4.0,3.886686390532544,0.16153846153846155,0.29230769230769227
44,CrossEntropyLoss,APS,0.15000000000000002,0.8576923076923076,2.5653846153846156,1.9153846153846155,1.7297297297297298,4.0,3.71025641025641,0.24615384615384617,0.3153846153846154
44,CrossEntropyLoss,APS,0.18000000000000005,0.8346153846153846,2.3615384615384616,1.7307692307692308,1.7674418604651163,4.0,3.44017094017094,0.2923076923076923,0.32692307692307687
44,CrossEntropyLoss,APS,0.19999999999999996,0.8192307692307692,2.276923076923077,1.6384615384615384,1.7872340425531914,4.0,3.4846153846153847,0.3230769230769231,0.3153846153846154
44,CrossEntropyLoss,LAC,0.010000000000000009,0.9884615384615385,4.173076923076923,3.2115384615384617,1.6666666666666667,2.0,7.057692307692304,0.019230769230769232,0.038461538461538436
44,CrossEntropyLoss,LAC,0.020000000000000018,0.9846153846153847,4.065384615384615,3.1,2.25,3.0,6.561538461538458,0.03461538461538462,0.0346153846153846
44,CrossEntropyLoss,LAC,0.030000000000000027,0.9653846153846154,3.9038461538461537,2.9692307692307693,1.5555555555555556,3.0,5.789743589743588,0.05384615384615385,0.06538461538461537
44,CrossEntropyLoss,LAC,0.050000000000000044,0.9576923076923077,3.753846153846154,2.8423076923076924,1.4545454545454546,3.0,4.688461538461537,0.06153846153846154,0.08846153846153848
44,CrossEntropyLoss,LAC,0.07999999999999996,0.9384615384615385,3.230769230769231,2.4,1.3125,3.0,4.419230769230771,0.08076923076923077,0.16923076923076918
44,CrossEntropyLoss,LAC,0.09999999999999998,0.9307692307692308,3.0076923076923077,2.1846153846153844,1.3333333333333333,3.0,3.953846153846154,0.09230769230769231,0.16923076923076918
44,CrossEntropyLoss,LAC,0.13,0.8653846153846154,2.496153846153846,1.726923076923077,1.2857142857142858,3.0,4.0346153846153845,0.17307692307692307,0.2269230769230769
44,CrossEntropyLoss,LAC,0.15000000000000002,0.8576923076923076,2.3846153846153846,1.646153846153846,1.2702702702702702,3.0,3.646153846153846,0.18076923076923077,0.25769230769230766
44,CrossEntropyLoss,LAC,0.18000000000000005,0.8269230769230769,2.2576923076923077,1.523076923076923,1.3111111111111111,3.0,3.7452991452991444,0.22692307692307692,0.2615384615384615
44,CrossEntropyLoss,LAC,0.19999999999999996,0.7653846153846153,2.0307692307692307,1.2769230769230768,1.3770491803278688,3.0,4.2384615384615385,0.3230769230769231,0.24230769230769234
45,CrossEntropyLoss,min-CPS,0.010000000000000009,1.0,4.5807692307692305,3.580769230769231,,0.0,3.580769230769231,0.0,0.0
45,CrossEntropyLoss,min-CPS,0.020000000000000018,0.9846153846153847,3.9846153846153847,2.9846153846153847,2.0,3.0,6.061538461538459,0.03076923076923077,0.0
45,CrossEntropyLoss,min-CPS,0.030000000000000027,0.9730769230769231,3.8653846153846154,2.8653846153846154,1.5714285714285714,3.0,5.685897435897433,0.04230769230769231,0.0
45,CrossEntropyLoss,min-CPS,0.050000000000000044,0.9538461538461539,3.453846153846154,2.453846153846154,1.4166666666666667,3.0,5.069230769230767,0.06538461538461539,0.0
45,CrossEntropyLoss,min-CPS,0.07999999999999996,0.9346153846153846,3.2192307692307693,2.2192307692307693,1.3529411764705883,3.0,4.430769230769233,0.08846153846153847,0.0
45,CrossEntropyLoss,min-CPS,0.09999999999999998,0.9192307692307692,2.9384615384615387,1.9384615384615385,1.3333333333333333,3.0,4.092307692307692,0.1076923076923077,0.0
45,CrossEntropyLoss,min-CPS,0.13,0.9,2.723076923076923,1.7230769230769232,1.3846153846153846,3.0,3.8532544378698224,0.13846153846153847,0.0
45,CrossEntropyLoss,min-CPS,0.15000000000000002,0.8961538461538462,2.6423076923076922,1.6423076923076922,1.3703703703703705,3.0,3.5397435897435896,0.1423076923076923,0.0
45,CrossEntropyLoss,min-CPS,0.18000000000000005,0.8730769230769231,2.5307692307692307,1.5307692307692307,1.393939393939394,3.0,3.4965811965811966,0.17692307692307693,0.0
45,CrossEntropyLoss,min-CPS,0.19999999999999996,0.8538461538461538,2.4269230769230767,1.426923076923077,1.368421052631579,3.0,3.4269230769230767,0.2,0.0
45,CrossEntropyLoss,RPS,0.010000000000000009,0.9961538461538462,4.496153846153846,3.496153846153846,1.0,1.0,4.265384615384614,0.0038461538461538464,0.0
45,CrossEntropyLoss,RPS,0.020000000000000018,0.9884615384615385,4.211538461538462,3.2115384615384617,1.0,1.0,4.365384615384613,0.011538461538461539,0.0
45,CrossEntropyLoss,RPS,0.030000000000000027,0.9769230769230769,4.084615384615384,3.0846153846153848,1.0,1.0,4.623076923076923,0.023076923076923078,0.0
45,CrossEntropyLoss,RPS,0.050000000000000044,0.9538461538461539,3.853846153846154,2.853846153846154,1.0833333333333333,2.0,4.853846153846152,0.05,0.0
45,CrossEntropyLoss,RPS,0.07999999999999996,0.9461538461538461,3.4269230769230767,2.4269230769230767,1.1428571428571428,2.0,3.9653846153846164,0.06153846153846154,0.0
45,CrossEntropyLoss,RPS,0.09999999999999998,0.9230769230769231,3.173076923076923,2.173076923076923,1.15,2.0,3.9423076923076925,0.08846153846153847,0.0
45,CrossEntropyLoss,RPS,0.13,0.8961538461538462,3.0615384615384613,2.0615384615384613,1.1481481481481481,2.0,3.8958579881656803,0.11923076923076924,0.0
45,CrossEntropyLoss,RPS,0.15000000000000002,0.8961538461538462,2.9846153846153847,1.9846153846153847,1.2222222222222223,2.0,3.6769230769230767,0.12692307692307692,0.0
45,CrossEntropyLoss,RPS,0.18000000000000005,0.8538461538461538,2.8,1.8,1.1842105263157894,2.0,3.7230769230769227,0.17307692307692307,0.0
45,CrossEntropyLoss,RPS,0.19999999999999996,0.8346153846153846,2.526923076923077,1.5269230769230768,1.2325581395348837,3.0,3.5653846153846156,0.20384615384615384,0.0
45,CrossEntropyLoss,OCDF,0.010000000000000009,0.9961538461538462,4.969230769230769,3.9692307692307693,1.0,1.0,4.738461538461538,0.0038461538461538464,0.0
45,CrossEntropyLoss,OCDF,0.020000000000000018,0.9923076923076923,4.892307692307693,3.8923076923076922,1.0,1.0,4.661538461538461,0.007692307692307693,0.0
45,CrossEntropyLoss,OCDF,0.030000000000000027,0.9807692307692307,4.838461538461538,3.8384615384615386,1.0,1.0,5.120512820512819,0.019230769230769232,0.0
45,CrossEntropyLoss,OCDF,0.050000000000000044,0.9653846153846154,4.703846153846154,3.703846153846154,1.2222222222222223,2.0,5.396153846153845,0.04230769230769231,0.0
45,CrossEntropyLoss,OCDF,0.07999999999999996,0.9423076923076923,4.596153846153846,3.5961538461538463,1.2,2.0,5.3269230769230775,0.06923076923076923,0.0
45,CrossEntropyLoss,OCDF,0.09999999999999998,0.9153846153846154,4.476923076923077,3.476923076923077,1.2727272727272727,2.0,5.630769230769231,0.1076923076923077,0.0
45,CrossEntropyLoss,OCDF,0.13,0.8769230769230769,4.311538461538461,3.3115384615384613,1.25,2.0,5.678402366863905,0.15384615384615385,0.0
45,CrossEntropyLoss,OCDF,0.15000000000000002,0.8538461538461538,4.219230769230769,3.2192307692307693,1.2894736842105263,2.0,5.732051282051281,0.18846153846153846,0.0
45,CrossEntropyLoss,OCDF,0.18000000000000005,0.823076923076923,4.05,3.05,1.326086956521739,2.0,5.656837606837606,0.23461538461538461,0.0
45,CrossEntropyLoss,OCDF,0.19999999999999996,0.8038461538461539,3.9153846153846152,2.9153846153846152,1.3529411764705883,3.0,5.569230769230769,0.2653846153846154,0.0
45,CrossEntropyLoss,APS,0.010000000000000009,1.0,4.4423076923076925,3.476923076923077,,0.0,3.476923076923077,0.0,0.0346153846153846
45,CrossEntropyLoss,APS,0.020000000000000018,0.9884615384615385,4.007692307692308,3.076923076923077,1.0,1.0,4.230769230769229,0.011538461538461539,0.0692307692307692
45,CrossEntropyLoss,APS,0.030000000000000027,0.9846153846153847,3.9038461538461537,2.996153846153846,1.25,2.0,4.278205128205127,0.019230769230769232,0.09230769230769231
45,CrossEntropyLoss,APS,0.050000000000000044,0.9576923076923077,3.6653846153846152,2.7846153846153845,1.6363636363636365,4.0,4.784615384615383,0.06923076923076923,0.11538461538461542
45,CrossEntropyLoss,APS,0.07999999999999996,0.9423076923076923,3.3846153846153846,2.5730769230769233,1.7333333333333334,4.0,4.111538461538462,0.1,0.1807692307692308
45,CrossEntropyLoss,APS,0.09999999999999998,0.9230769230769231,3.1384615384615384,2.3653846153846154,1.9,4.0,3.673076923076923,0.14615384615384616,0.20769230769230773
45,CrossEntropyLoss,APS,0.13,0.9153846153846154,2.9615384615384617,2.223076923076923,1.8636363636363635,4.0,3.406508875739645,0.1576923076923077,0.2384615384615385
45,CrossEntropyLoss,APS,0.15000000000000002,0.8884615384615384,2.746153846153846,2.0307692307692307,1.7586206896551724,4.0,3.364102564102564,0.19615384615384615,0.25384615384615383
45,CrossEntropyLoss,APS,0.18000000000000005,0.8807692307692307,2.6346153846153846,1.9615384615384615,1.903225806451613,4.0,3.158119658119658,0.22692307692307692,0.2846153846153846
45,CrossEntropyLoss,APS,0.19999999999999996,0.8769230769230769,2.542307692307692,1.8923076923076922,1.90625,4.0,3.046153846153846,0.23461538461538461,0.3076923076923077
45,CrossEntropyLoss,LAC,0.010000000000000009,1.0,4.573076923076923,3.603846153846154,,0.0,3.603846153846154,0.0,0.03076923076923077
45,CrossEntropyLoss,LAC,0.020000000000000018,0.9846153846153847,4.042307692307692,3.0923076923076924,2.0,3.0,5.784615384615382,0.03076923076923077,0.050000000000000044
45,CrossEntropyLoss,LAC,0.030000000000000027,0.9730769230769231,3.9153846153846152,2.9884615384615385,1.7142857142857142,3.0,5.552564102564101,0.046153846153846156,0.07307692307692304
45,CrossEntropyLoss,LAC,0.050000000000000044,0.95,3.6384615384615384,2.7384615384615385,1.3846153846153846,3.0,5.046153846153844,0.06923076923076923,0.09615384615384615
45,CrossEntropyLoss,LAC,0.07999999999999996,0.9384615384615385,3.1961538461538463,2.3692307692307693,1.3125,3.0,4.196153846153848,0.08076923076923077,0.16538461538461535
45,CrossEntropyLoss,LAC,0.09999999999999998,0.9192307692307692,2.853846153846154,2.042307692307692,1.3333333333333333,3.0,4.119230769230769,0.1076923076923077,0.17692307692307696
45,CrossEntropyLoss,LAC,0.13,0.9,2.5846153846153848,1.8153846153846154,1.3846153846153846,3.0,3.768047337278106,0.13846153846153847,0.22307692307692306
45,CrossEntropyLoss,LAC,0.15000000000000002,0.8884615384615384,2.473076923076923,1.726923076923077,1.3448275862068966,3.0,3.5217948717948717,0.15,0.25
45,CrossEntropyLoss,LAC,0.18000000000000005,0.8807692307692307,2.3653846153846154,1.6346153846153846,1.3548387096774193,3.0,3.1730769230769225,0.16153846153846155,0.26538461538461533
45,CrossEntropyLoss,LAC,0.19999999999999996,0.8423076923076923,2.230769230769231,1.5076923076923077,1.2926829268292683,3.0,3.276923076923077,0.20384615384615384,0.2730769230769231
46,CrossEntropyLoss,min-CPS,0.010000000000000009,0.9923076923076923,4.430769230769231,3.4307692307692306,1.0,1.0,4.969230769230768,0.007692307692307693,0.0
46,CrossEntropyLoss,min-CPS,0.020000000000000018,0.9923076923076923,4.115384615384615,3.1153846153846154,2.0,2.0,4.653846153846152,0.015384615384615385,0.0
46,CrossEntropyLoss,min-CPS,0.030000000000000027,0.9923076923076923,4.019230769230769,3.019230769230769,2.0,2.0,4.044871794871795,0.015384615384615385,0.0
46,CrossEntropyLoss,min-CPS,0.050000000000000044,0.9846153846153847,3.8615384615384616,2.8615384615384616,1.5,2.0,3.7846153846153836,0.023076923076923078,0.0
46,CrossEntropyLoss,min-CPS,0.07999999999999996,0.95,3.3615384615384616,2.3615384615384616,1.2307692307692308,2.0,3.900000000000001,0.06153846153846154,0.0
46,CrossEntropyLoss,min-CPS,0.09999999999999998,0.9461538461538461,3.0923076923076924,2.0923076923076924,1.3571428571428572,2.0,3.5538461538461537,0.07307692307692308,0.0
46,CrossEntropyLoss,min-CPS,0.13,0.9076923076923077,2.75,1.75,1.25,2.0,3.525147928994083,0.11538461538461539,0.0
46,CrossEntropyLoss,min-CPS,0.15000000000000002,0.8615384615384616,2.5576923076923075,1.5576923076923077,1.2222222222222223,2.0,3.814102564102564,0.16923076923076924,0.0
46,CrossEntropyLoss,min-CPS,0.18000000000000005,0.8423076923076923,2.5,1.5,1.1951219512195121,2.0,3.5940170940170937,0.18846153846153846,0.0
46,CrossEntropyLoss,min-CPS,0.19999999999999996,0.823076923076923,2.4115384615384614,1.4115384615384616,1.173913043478261,2.0,3.4884615384615385,0.2076923076923077,0.0
46,CrossEntropyLoss,RPS,0.010000000000000009,1.0,4.523076923076923,3.523076923076923,,0.0,3.523076923076923,0.0,0.0
46,CrossEntropyLoss,RPS,0.020000000000000018,1.0,4.380769230769231,3.3807692307692307,,0.0,3.3807692307692307,0.0,0.0
46,CrossEntropyLoss,RPS,0.030000000000000027,0.9961538461538462,4.223076923076923,3.223076923076923,1.0,1.0,3.4794871794871796,0.0038461538461538464,0.0
46,CrossEntropyLoss,RPS,0.050000000000000044,0.9807692307692307,3.9153846153846152,2.9153846153846152,1.0,1.0,3.684615384615384,0.019230769230769232,0.0
46,CrossEntropyLoss,RPS,0.07999999999999996,0.9730769230769231,3.7846153846153845,2.7846153846153845,1.0,1.0,3.457692307692308,0.026923076923076925,0.0
46,CrossEntropyLoss,RPS,0.09999999999999998,0.9461538461538461,3.396153846153846,2.396153846153846,1.0,1.0,3.473076923076923,0.05384615384615385,0.0
46,CrossEntropyLoss,RPS,0.13,0.9076923076923077,3.0884615384615386,2.0884615384615386,1.0416666666666667,2.0,3.5677514792899405,0.09615384615384616,0.0
46,CrossEntropyLoss,RPS,0.15000000000000002,0.8846153846153846,2.9269230769230767,1.926923076923077,1.1,2.0,3.6192307692307693,0.12692307692307692,0.0
46,CrossEntropyLoss,RPS,0.18000000000000005,0.85,2.7884615384615383,1.7884615384615385,1.0769230769230769,2.0,3.5833333333333326,0.16153846153846155,0.0
46,CrossEntropyLoss,RPS,0.19999999999999996,0.8269230769230769,2.476923076923077,1.476923076923077,1.1333333333333333,2.0,3.4384615384615387,0.19615384615384615,0.0
46,CrossEntropyLoss,OCDF,0.010000000000000009,1.0,4.973076923076923,3.973076923076923,,0.0,3.973076923076923,0.0,0.0
46,CrossEntropyLoss,OCDF,0.020000000000000018,0.9884615384615385,4.834615384615384,3.8346153846153848,1.0,1.0,4.988461538461537,0.011538461538461539,0.0
46,CrossEntropyLoss,OCDF,0.030000000000000027,0.9807692307692307,4.7846153846153845,3.7846153846153845,1.0,1.0,5.0666666666666655,0.019230769230769232,0.0
46,CrossEntropyLoss,OCDF,0.050000000000000044,0.9538461538461539,4.626923076923077,3.626923076923077,1.1666666666666667,2.0,5.780769230769229,0.05384615384615385,0.0
46,CrossEntropyLoss,OCDF,0.07999999999999996,0.9230769230769231,4.469230769230769,3.4692307692307693,1.3,2.0,5.969230769230771,0.1,0.0
46,CrossEntropyLoss,OCDF,0.09999999999999998,0.8923076923076924,4.35,3.35,1.3214285714285714,2.0,6.196153846153846,0.1423076923076923,0.0
46,CrossEntropyLoss,OCDF,0.13,0.8038461538461539,3.996153846153846,2.996153846153846,1.2745098039215685,3.0,6.842307692307692,0.25,0.0
46,CrossEntropyLoss,OCDF,0.15000000000000002,0.8038461538461539,3.957692307692308,2.957692307692308,1.2941176470588236,3.0,6.342307692307692,0.25384615384615383,0.0
46,CrossEntropyLoss,OCDF,0.18000000000000005,0.7730769230769231,3.8230769230769233,2.8230769230769233,1.305084745762712,3.0,6.113675213675212,0.29615384615384616,0.0
46,CrossEntropyLoss,OCDF,0.19999999999999996,0.7423076923076923,3.6615384615384614,2.6615384615384614,1.373134328358209,3.0,6.2,0.35384615384615387,0.0
46,CrossEntropyLoss,APS,0.010000000000000009,1.0,4.569230769230769,3.6,,0.0,3.6,0.0,0.03076923076923077
46,CrossEntropyLoss,APS,0.020000000000000018,0.9884615384615385,4.242307692307692,3.2846153846153845,1.3333333333333333,2.0,4.823076923076921,0.015384615384615385,0.038461538461538436
46,CrossEntropyLoss,APS,0.030000000000000027,0.9884615384615385,4.096153846153846,3.1615384615384614,1.3333333333333333,2.0,4.1871794871794865,0.015384615384615385,0.06538461538461537
46,CrossEntropyLoss,APS,0.050000000000000044,0.9769230769230769,3.876923076923077,2.9461538461538463,1.8333333333333333,4.0,3.8692307692307684,0.04230769230769231,0.06538461538461537
46,CrossEntropyLoss,APS,0.07999999999999996,0.9615384615384616,3.55,2.6923076923076925,1.8,4.0,3.365384615384616,0.06923076923076923,0.13461538461538458
46,CrossEntropyLoss,APS,0.09999999999999998,0.9153846153846154,3.1192307692307693,2.3615384615384616,2.0454545454545454,4.0,3.746153846153846,0.17307692307692307,0.2153846153846154
46,CrossEntropyLoss,APS,0.13,0.8961538461538462,2.923076923076923,2.2192307692307693,1.962962962962963,4.0,3.4618343195266275,0.20384615384615384,0.2615384615384615
46,CrossEntropyLoss,APS,0.15000000000000002,0.8846153846153846,2.773076923076923,2.1115384615384616,2.0,4.0,3.3423076923076924,0.23076923076923078,0.30000000000000004
46,CrossEntropyLoss,APS,0.18000000000000005,0.8538461538461538,2.496153846153846,1.8384615384615384,1.9473684210526316,4.0,3.2487179487179483,0.2846153846153846,0.2961538461538461
46,CrossEntropyLoss,APS,0.19999999999999996,0.8153846153846154,2.2576923076923077,1.603846153846154,1.8125,4.0,3.373076923076923,0.3346153846153846,0.2961538461538461
46,CrossEntropyLoss,LAC,0.010000000000000009,0.9923076923076923,4.403846153846154,3.419230769230769,1.0,1.0,4.957692307692306,0.007692307692307693,0.01538461538461533
46,CrossEntropyLoss,LAC,0.020000000000000018,0.9923076923076923,4.069230769230769,3.0923076923076924,2.0,2.0,4.630769230769229,0.015384615384615385,0.023076923076923106
46,CrossEntropyLoss,LAC,0.030000000000000027,0.9923076923076923,4.069230769230769,3.0923076923076924,2.0,2.0,4.1179487179487175,0.015384615384615385,0.023076923076923106
46,CrossEntropyLoss,LAC,0.050000000000000044,0.9807692307692307,3.9153846153846152,2.9615384615384617,1.6,2.0,3.8846153846153837,0.03076923076923077,0.0461538461538461
46,CrossEntropyLoss,LAC,0.07999999999999996,0.9538461538461539,3.3653846153846154,2.5307692307692307,1.25,2.0,3.7807692307692315,0.057692307692307696,0.16153846153846152
46,CrossEntropyLoss,LAC,0.09999999999999998,0.926923076923077,3.0115384615384615,2.1615384615384614,1.263157894736842,2.0,3.776923076923077,0.09230769230769231,0.1461538461538462
46,CrossEntropyLoss,LAC,0.13,0.8961538461538462,2.626923076923077,1.85,1.2222222222222223,2.0,3.447633136094675,0.12692307692307692,0.21923076923076923
46,CrossEntropyLoss,LAC,0.15000000000000002,0.8884615384615384,2.503846153846154,1.7615384615384615,1.206896551724138,2.0,3.2487179487179487,0.1346153846153846,0.25384615384615383
46,CrossEntropyLoss,LAC,0.18000000000000005,0.8653846153846154,2.3653846153846154,1.6346153846153846,1.1714285714285715,2.0,3.0448717948717943,0.1576923076923077,0.2615384615384615
46,CrossEntropyLoss,LAC,0.19999999999999996,0.823076923076923,2.173076923076923,1.4346153846153846,1.2391304347826086,3.0,3.3576923076923078,0.21923076923076923,0.25769230769230766
47,CrossEntropyLoss,min-CPS,0.010000000000000009,1.0,4.5,3.5,,0.0,3.5,0.0,0.0
47,CrossEntropyLoss,min-CPS,0.020000000000000018,0.9923076923076923,4.142307692307693,3.1423076923076922,1.0,1.0,3.9115384615384605,0.007692307692307693,0.0
47,CrossEntropyLoss,min-CPS,0.030000000000000027,0.9884615384615385,4.030769230769231,3.0307692307692307,1.3333333333333333,2.0,4.056410256410256,0.015384615384615385,0.0
47,CrossEntropyLoss,min-CPS,0.050000000000000044,0.9576923076923077,3.5153846153846153,2.5153846153846153,1.2727272727272727,3.0,4.669230769230768,0.05384615384615385,0.0
47,CrossEntropyLoss,min-CPS,0.07999999999999996,0.9384615384615385,3.2846153846153845,2.2846153846153845,1.25,3.0,4.20769230769231,0.07692307692307693,0.0
47,CrossEntropyLoss,min-CPS,0.09999999999999998,0.9230769230769231,3.05,2.05,1.25,3.0,3.973076923076923,0.09615384615384616,0.0
47,CrossEntropyLoss,min-CPS,0.13,0.9153846153846154,2.8653846153846154,1.8653846153846154,1.3636363636363635,3.0,3.640532544378699,0.11538461538461539,0.0
47,CrossEntropyLoss,min-CPS,0.15000000000000002,0.8730769230769231,2.673076923076923,1.6730769230769231,1.393939393939394,3.0,4.032051282051282,0.17692307692307693,0.0
47,CrossEntropyLoss,min-CPS,0.18000000000000005,0.8423076923076923,2.5538461538461537,1.5538461538461539,1.4146341463414633,4.0,4.032478632478632,0.2230769230769231,0.0
47,CrossEntropyLoss,min-CPS,0.19999999999999996,0.8192307692307692,2.4307692307692306,1.4307692307692308,1.3829787234042554,4.0,3.9307692307692306,0.25,0.0
47,CrossEntropyLoss,RPS,0.010000000000000009,0.9923076923076923,4.388461538461539,3.3884615384615384,1.0,1.0,4.926923076923075,0.007692307692307693,0.0
47,CrossEntropyLoss,RPS,0.020000000000000018,0.9846153846153847,4.223076923076923,3.223076923076923,1.25,2.0,5.146153846153845,0.019230769230769232,0.0
47,CrossEntropyLoss,RPS,0.030000000000000027,0.9769230769230769,4.115384615384615,3.1153846153846154,1.1666666666666667,2.0,4.910256410256409,0.026923076923076925,0.0
47,CrossEntropyLoss,RPS,0.050000000000000044,0.9653846153846154,3.9346153846153844,2.9346153846153844,1.2222222222222223,2.0,4.626923076923076,0.04230769230769231,0.0
47,CrossEntropyLoss,RPS,0.07999999999999996,0.9346153846153846,3.4653846153846155,2.4653846153846155,1.1764705882352942,2.0,4.388461538461541,0.07692307692307693,0.0
47,CrossEntropyLoss,RPS,0.09999999999999998,0.8884615384615384,3.123076923076923,2.123076923076923,1.1724137931034482,3.0,4.7384615384615385,0.13076923076923078,0.0
47,CrossEntropyLoss,RPS,0.13,0.8615384615384616,2.976923076923077,1.976923076923077,1.1944444444444444,3.0,4.521301775147928,0.16538461538461538,0.0
47,CrossEntropyLoss,RPS,0.15000000000000002,0.8461538461538461,2.9076923076923076,1.9076923076923078,1.25,3.0,4.471794871794871,0.19230769230769232,0.0
47,CrossEntropyLoss,RPS,0.18000000000000005,0.8346153846153846,2.7423076923076923,1.7423076923076923,1.2325581395348837,3.0,4.007264957264957,0.20384615384615384,0.0
47,CrossEntropyLoss,RPS,0.19999999999999996,0.7807692307692308,2.276923076923077,1.2769230769230768,1.2982456140350878,3.0,4.123076923076923,0.2846153846153846,0.0
47,CrossEntropyLoss,OCDF,0.010000000000000009,0.9923076923076923,4.953846153846154,3.953846153846154,1.0,1.0,5.492307692307691,0.007692307692307693,0.0
47,CrossEntropyLoss,OCDF,0.020000000000000018,0.9884615384615385,4.884615384615385,3.8846153846153846,1.0,1.0,5.0384615384615365,0.011538461538461539,0.0
47,CrossEntropyLoss,OCDF,0.030000000000000027,0.9730769230769231,4.811538461538461,3.8115384615384613,1.0,1.0,5.606410256410256,0.026923076923076925,0.0
47,CrossEntropyLoss,OCDF,0.050000000000000044,0.9307692307692308,4.596153846153846,3.5961538461538463,1.1111111111111112,2.0,6.673076923076921,0.07692307692307693,0.0
47,CrossEntropyLoss,OCDF,0.07999999999999996,0.9076923076923077,4.476923076923077,3.476923076923077,1.3333333333333333,2.0,6.553846153846155,0.12307692307692308,0.0
47,CrossEntropyLoss,OCDF,0.09999999999999998,0.8884615384615384,4.346153846153846,3.3461538461538463,1.4137931034482758,2.0,6.5,0.1576923076923077,0.0
47,CrossEntropyLoss,OCDF,0.13,0.8615384615384616,4.1923076923076925,3.1923076923076925,1.3611111111111112,3.0,6.09171597633136,0.18846153846153846,0.0
47,CrossEntropyLoss,OCDF,0.15000000000000002,0.8461538461538461,4.111538461538461,3.1115384615384616,1.375,3.0,5.932051282051281,0.21153846153846154,0.0
47,CrossEntropyLoss,OCDF,0.18000000000000005,0.7961538461538461,3.8807692307692307,2.8807692307692307,1.3773584905660377,3.0,6.0004273504273495,0.28076923076923077,0.0
47,CrossEntropyLoss,OCDF,0.19999999999999996,0.7730769230769231,3.753846153846154,2.753846153846154,1.4067796610169492,3.0,5.946153846153846,0.3192307692307692,0.0
47,CrossEntropyLoss,APS,0.010000000000000009,1.0,4.369230769230769,3.4,,0.0,3.4,0.0,0.03076923076923077
47,CrossEntropyLoss,APS,0.020000000000000018,1.0,4.173076923076923,3.2115384615384617,,0.0,3.2115384615384617,0.0,0.038461538461538436
47,CrossEntropyLoss,APS,0.030000000000000027,0.9846153846153847,3.9115384615384614,2.9923076923076923,1.0,1.0,3.761538461538461,0.015384615384615385,0.08076923076923082
47,CrossEntropyLoss,APS,0.050000000000000044,0.9538461538461539,3.6538461538461537,2.769230769230769,1.0,1.0,3.999999999999999,0.046153846153846156,0.11538461538461542
47,CrossEntropyLoss,APS,0.07999999999999996,0.95,3.4461538461538463,2.5884615384615386,1.1538461538461537,3.0,3.646153846153846,0.057692307692307696,0.14230769230769236
47,CrossEntropyLoss,APS,0.09999999999999998,0.9346153846153846,3.207692307692308,2.419230769230769,1.3529411764705883,4.0,3.5730769230769233,0.08846153846153847,0.20769230769230773
47,CrossEntropyLoss,APS,0.13,0.9153846153846154,2.9346153846153844,2.226923076923077,1.3181818181818181,4.0,3.3511834319526628,0.11153846153846154,0.28846153846153844
47,CrossEntropyLoss,APS,0.15000000000000002,0.8884615384615384,2.776923076923077,2.1076923076923078,1.3793103448275863,4.0,3.3897435897435897,0.15384615384615385,0.32307692307692304
47,CrossEntropyLoss,APS,0.18000000000000005,0.85,2.5153846153846153,1.876923076923077,1.7179487179487178,4.0,3.415384615384615,0.25769230769230766,0.3384615384615385
47,CrossEntropyLoss,APS,0.19999999999999996,0.8346153846153846,2.4153846153846152,1.8,1.7906976744186047,4.0,3.376923076923077,0.29615384615384616,0.3538461538461538
47,CrossEntropyLoss,LAC,0.010000000000000009,1.0,4.4884615384615385,3.5076923076923077,,0.0,3.5076923076923077,0.0,0.019230769230769273
47,CrossEntropyLoss,LAC,0.020000000000000018,0.9961538461538462,4.092307692307692,3.1384615384615384,3.0,3.0,4.292307692307691,0.011538461538461539,0.0461538461538461
47,CrossEntropyLoss,LAC,0.030000000000000027,0.9846153846153847,4.007692307692308,3.0615384615384613,1.5,3.0,4.343589743589742,0.023076923076923078,0.05384615384615388
47,CrossEntropyLoss,LAC,0.050000000000000044,0.9769230769230769,3.9269230769230767,2.9615384615384617,1.3333333333333333,3.0,4.038461538461537,0.03076923076923077,0.0346153846153846
47,CrossEntropyLoss,LAC,0.07999999999999996,0.9423076923076923,3.3384615384615386,2.4846153846153847,1.2,3.0,3.9269230769230776,0.06923076923076923,0.1461538461538462
47,CrossEntropyLoss,LAC,0.09999999999999998,0.926923076923077,3.0307692307692307,2.226923076923077,1.263157894736842,3.0,3.919230769230769,0.09230769230769231,0.19615384615384612
47,CrossEntropyLoss,LAC,0.13,0.9038461538461539,2.7153846153846155,1.9576923076923076,1.36,4.0,3.673668639053254,0.13076923076923078,0.24230769230769234
47,CrossEntropyLoss,LAC,0.15000000000000002,0.8653846153846154,2.476923076923077,1.7846153846153847,1.3428571428571427,4.0,3.784615384615384,0.18076923076923077,0.3038461538461539
47,CrossEntropyLoss,LAC,0.18000000000000005,0.8423076923076923,2.3807692307692307,1.7038461538461538,1.3414634146341464,4.0,3.6696581196581195,0.21153846153846154,0.3192307692307692
47,CrossEntropyLoss,LAC,0.19999999999999996,0.8307692307692308,2.276923076923077,1.5846153846153845,1.3863636363636365,4.0,3.623076923076923,0.23461538461538461,0.3038461538461539
48,CrossEntropyLoss,min-CPS,0.010000000000000009,0.9961538461538462,4.503846153846154,3.503846153846154,1.0,1.0,4.273076923076922,0.0038461538461538464,0.0
48,CrossEntropyLoss,min-CPS,0.020000000000000018,0.9884615384615385,4.107692307692307,3.1076923076923078,1.3333333333333333,2.0,4.646153846153845,0.015384615384615385,0.0
48,CrossEntropyLoss,min-CPS,0.030000000000000027,0.9884615384615385,4.061538461538461,3.0615384615384613,1.6666666666666667,2.0,4.343589743589742,0.019230769230769232,0.0
48,CrossEntropyLoss,min-CPS,0.050000000000000044,0.9730769230769231,3.707692307692308,2.707692307692308,1.4285714285714286,2.0,4.246153846153844,0.038461538461538464,0.0
48,CrossEntropyLoss,min-CPS,0.07999999999999996,0.9384615384615385,3.296153846153846,2.296153846153846,1.25,2.0,4.219230769230771,0.07692307692307693,0.0
48,CrossEntropyLoss,min-CPS,0.09999999999999998,0.8884615384615384,2.853846153846154,1.853846153846154,1.2413793103448276,3.0,4.623076923076923,0.13846153846153847,0.0
48,CrossEntropyLoss,min-CPS,0.13,0.8346153846153846,2.5884615384615386,1.5884615384615384,1.3255813953488371,4.0,4.9612426035502954,0.21923076923076923,0.0
48,CrossEntropyLoss,min-CPS,0.15000000000000002,0.8269230769230769,2.5384615384615383,1.5384615384615385,1.3333333333333333,4.0,4.615384615384614,0.23076923076923078,0.0
48,CrossEntropyLoss,min-CPS,0.18000000000000005,0.7884615384615384,2.373076923076923,1.373076923076923,1.3636363636363635,4.0,4.578205128205128,0.28846153846153844,0.0
48,CrossEntropyLoss,min-CPS,0.19999999999999996,0.7384615384615385,2.1884615384615387,1.1884615384615385,1.338235294117647,4.0,4.688461538461539,0.35,0.0
48,CrossEntropyLoss,RPS,0.010000000000000009,0.9961538461538462,4.526923076923077,3.526923076923077,1.0,1.0,4.296153846153845,0.0038461538461538464,0.0
48,CrossEntropyLoss,RPS,0.020000000000000018,0.9961538461538462,4.3538461538461535,3.353846153846154,1.0,1.0,3.738461538461538,0.0038461538461538464,0.0
48,CrossEntropyLoss,RPS,0.030000000000000027,0.9923076923076923,4.223076923076923,3.223076923076923,1.5,2.0,3.9923076923076923,0.011538461538461539,0.0
48,CrossEntropyLoss,RPS,0.050000000000000044,0.9576923076923077,3.9038461538461537,2.9038461538461537,1.0909090909090908,2.0,4.749999999999998,0.046153846153846156,0.0
48,CrossEntropyLoss,RPS,0.07999999999999996,0.8884615384615384,3.1884615384615387,2.1884615384615387,1.103448275862069,3.0,5.265384615384617,0.12307692307692308,0.0
48,CrossEntropyLoss,RPS,0.09999999999999998,0.8653846153846154,3.0961538461538463,2.0961538461538463,1.1142857142857143,3.0,5.096153846153846,0.15,0.0
48,CrossEntropyLoss,RPS,0.13,0.8461538461538461,2.923076923076923,1.9230769230769231,1.15,3.0,4.644970414201183,0.17692307692307693,0.0
48,CrossEntropyLoss,RPS,0.15000000000000002,0.8115384615384615,2.7346153846153847,1.7346153846153847,1.1428571428571428,3.0,4.606410256410256,0.2153846153846154,0.0
48,CrossEntropyLoss,RPS,0.18000000000000005,0.7923076923076923,2.396153846153846,1.396153846153846,1.2962962962962963,3.0,4.387606837606837,0.2692307692307692,0.0
48,CrossEntropyLoss,RPS,0.19999999999999996,0.7769230769230769,2.2846153846153845,1.2846153846153847,1.293103448275862,3.0,4.1692307692307695,0.28846153846153844,0.0
48,CrossEntropyLoss,OCDF,0.010000000000000009,0.9769230769230769,4.857692307692307,3.8576923076923078,1.0,1.0,8.473076923076919,0.023076923076923078,0.0
48,CrossEntropyLoss,OCDF,0.020000000000000018,0.9653846153846154,4.7846153846153845,3.7846153846153845,1.1111111111111112,2.0,7.630769230769228,0.038461538461538464,0.0
48,CrossEntropyLoss,OCDF,0.030000000000000027,0.9307692307692308,4.6461538461538465,3.646153846153846,1.1666666666666667,2.0,9.030769230769227,0.08076923076923077,0.0
48,CrossEntropyLoss,OCDF,0.050000000000000044,0.9115384615384615,4.573076923076923,3.5730769230769233,1.173913043478261,2.0,7.7269230769230735,0.10384615384615385,0.0
48,CrossEntropyLoss,OCDF,0.07999999999999996,0.8769230769230769,4.384615384615385,3.3846153846153846,1.46875,3.0,7.903846153846158,0.18076923076923077,0.0
48,CrossEntropyLoss,OCDF,0.09999999999999998,0.8615384615384616,4.288461538461538,3.2884615384615383,1.5,3.0,7.4423076923076925,0.2076923076923077,0.0
48,CrossEntropyLoss,OCDF,0.13,0.8384615384615385,4.123076923076923,3.123076923076923,1.5,3.0,6.8508875739644965,0.2423076923076923,0.0
48,CrossEntropyLoss,OCDF,0.15000000000000002,0.8192307692307692,4.019230769230769,3.019230769230769,1.4680851063829787,3.0,6.5576923076923075,0.2653846153846154,0.0
48,CrossEntropyLoss,OCDF,0.18000000000000005,0.8,3.9153846153846152,2.9153846153846152,1.4423076923076923,3.0,6.120512820512819,0.28846153846153844,0.0
48,CrossEntropyLoss,OCDF,0.19999999999999996,0.7923076923076923,3.853846153846154,2.853846153846154,1.4444444444444444,3.0,5.8538461538461535,0.3,0.0
48,CrossEntropyLoss,APS,0.010000000000000009,0.9923076923076923,4.415384615384616,3.457692307692308,1.0,1.0,4.996153846153844,0.007692307692307693,0.04230769230769227
48,CrossEntropyLoss,APS,0.020000000000000018,0.9846153846153847,4.046153846153846,3.0923076923076924,1.25,2.0,4.630769230769229,0.019230769230769232,0.0461538461538461
48,CrossEntropyLoss,APS,0.030000000000000027,0.9730769230769231,3.853846153846154,2.919230769230769,1.5714285714285714,4.0,4.457692307692307,0.04230769230769231,0.06153846153846154
48,CrossEntropyLoss,APS,0.050000000000000044,0.9538461538461539,3.6307692307692307,2.746153846153846,1.6666666666666667,4.0,3.976923076923076,0.07692307692307693,0.10769230769230764
48,CrossEntropyLoss,APS,0.07999999999999996,0.9307692307692308,3.3038461538461537,2.4923076923076923,2.2222222222222223,4.0,3.7423076923076932,0.15384615384615385,0.16538461538461535
48,CrossEntropyLoss,APS,0.09999999999999998,0.9153846153846154,3.1538461538461537,2.4115384615384614,2.3181818181818183,4.0,3.6423076923076922,0.19615384615384615,0.22307692307692306
48,CrossEntropyLoss,APS,0.13,0.8653846153846154,2.8884615384615384,2.2,1.9428571428571428,4.0,3.7976331360946745,0.26153846153846155,0.2730769230769231
48,CrossEntropyLoss,APS,0.15000000000000002,0.8653846153846154,2.776923076923077,2.1153846153846154,1.9428571428571428,4.0,3.4999999999999996,0.26153846153846155,0.2961538461538461
48,CrossEntropyLoss,APS,0.18000000000000005,0.8115384615384615,2.457692307692308,1.8423076923076922,1.816326530612245,4.0,3.466239316239316,0.3423076923076923,0.33461538461538465
48,CrossEntropyLoss,APS,0.19999999999999996,0.8,2.373076923076923,1.7653846153846153,1.8653846153846154,4.0,3.3807692307692307,0.3730769230769231,0.3384615384615385
48,CrossEntropyLoss,LAC,0.010000000000000009,0.9961538461538462,4.480769230769231,3.5115384615384615,1.0,1.0,4.28076923076923,0.0038461538461538464,0.03076923076923077
48,CrossEntropyLoss,LAC,0.020000000000000018,0.9923076923076923,4.107692307692307,3.1538461538461537,2.0,2.0,4.692307692307691,0.015384615384615385,0.0461538461538461
48,CrossEntropyLoss,LAC,0.030000000000000027,0.9769230769230769,3.9884615384615385,3.05,1.5,2.0,5.10128205128205,0.03461538461538462,0.06153846153846154
48,CrossEntropyLoss,LAC,0.050000000000000044,0.9692307692307692,3.9,2.9653846153846155,1.375,2.0,4.349999999999999,0.04230769230769231,0.06538461538461537
48,CrossEntropyLoss,LAC,0.07999999999999996,0.9615384615384616,3.4884615384615385,2.6346153846153846,1.4,2.0,3.8846153846153855,0.05384615384615385,0.14230769230769236
48,CrossEntropyLoss,LAC,0.09999999999999998,0.8923076923076924,2.769230769230769,1.9923076923076923,1.3928571428571428,4.0,4.530769230769231,0.15,0.2153846153846154
48,CrossEntropyLoss,LAC,0.13,0.8615384615384616,2.5307692307692307,1.7769230769230768,1.3611111111111112,4.0,4.262130177514793,0.18846153846153846,0.2384615384615385
48,CrossEntropyLoss,LAC,0.15000000000000002,0.8384615384615385,2.3846153846153846,1.65,1.3571428571428572,4.0,4.214102564102563,0.21923076923076923,0.25384615384615383
48,CrossEntropyLoss,LAC,0.18000000000000005,0.8038461538461539,2.2,1.476923076923077,1.4509803921568627,4.0,4.34017094017094,0.2846153846153846,0.26538461538461533
48,CrossEntropyLoss,LAC,0.19999999999999996,0.7923076923076923,2.1346153846153846,1.4038461538461537,1.5,4.0,4.25,0.31153846153846154,0.25769230769230766
49,CrossEntropyLoss,min-CPS,0.010000000000000009,0.9923076923076923,4.476923076923077,3.476923076923077,1.0,1.0,5.0153846153846136,0.007692307692307693,0.0
49,CrossEntropyLoss,min-CPS,0.020000000000000018,0.9846153846153847,4.042307692307692,3.042307692307692,1.75,2.0,5.734615384615383,0.026923076923076925,0.0
49,CrossEntropyLoss,min-CPS,0.030000000000000027,0.9807692307692307,4.0115384615384615,3.0115384615384615,1.6,2.0,5.062820512820512,0.03076923076923077,0.0
49,CrossEntropyLoss,min-CPS,0.050000000000000044,0.9576923076923077,3.519230769230769,2.519230769230769,1.3636363636363635,2.0,4.826923076923075,0.057692307692307696,0.0
49,CrossEntropyLoss,min-CPS,0.07999999999999996,0.95,3.3692307692307693,2.3692307692307693,1.3076923076923077,2.0,4.003846153846156,0.06538461538461539,0.0
49,CrossEntropyLoss,min-CPS,0.09999999999999998,0.9153846153846154,3.003846153846154,2.003846153846154,1.2727272727272727,2.0,4.157692307692308,0.1076923076923077,0.0
49,CrossEntropyLoss,min-CPS,0.13,0.8884615384615384,2.723076923076923,1.7230769230769232,1.3793103448275863,3.0,4.089940828402367,0.15384615384615385,0.0
49,CrossEntropyLoss,min-CPS,0.15000000000000002,0.8692307692307693,2.6192307692307693,1.6192307692307693,1.3235294117647058,3.0,3.926923076923076,0.17307692307692307,0.0
49,CrossEntropyLoss,min-CPS,0.18000000000000005,0.8653846153846154,2.5615384615384613,1.5615384615384615,1.3428571428571427,4.0,3.57008547008547,0.18076923076923077,0.0
49,CrossEntropyLoss,min-CPS,0.19999999999999996,0.8461538461538461,2.4384615384615387,1.4384615384615385,1.35,4.0,3.5153846153846153,0.2076923076923077,0.0
49,CrossEntropyLoss,RPS,0.010000000000000009,0.9961538461538462,4.5115384615384615,3.5115384615384615,1.0,1.0,4.28076923076923,0.0038461538461538464,0.0
49,CrossEntropyLoss,RPS,0.020000000000000018,0.9961538461538462,4.342307692307692,3.3423076923076924,1.0,1.0,3.7269230769230766,0.0038461538461538464,0.0
49,CrossEntropyLoss,RPS,0.030000000000000027,0.9923076923076923,4.1692307692307695,3.169230769230769,1.5,2.0,3.9384615384615382,0.011538461538461539,0.0
49,CrossEntropyLoss,RPS,0.050000000000000044,0.9692307692307692,3.9076923076923076,2.9076923076923076,1.125,2.0,4.29230769230769,0.03461538461538462,0.0
49,CrossEntropyLoss,RPS,0.07999999999999996,0.9576923076923077,3.673076923076923,2.673076923076923,1.0909090909090908,2.0,3.826923076923078,0.046153846153846156,0.0
49,CrossEntropyLoss,RPS,0.09999999999999998,0.9346153846153846,3.3615384615384616,2.3615384615384616,1.0588235294117647,2.0,3.746153846153846,0.06923076923076923,0.0
49,CrossEntropyLoss,RPS,0.13,0.85,2.8423076923076924,1.8423076923076922,1.1538461538461537,3.0,4.505029585798817,0.17307692307692307,0.0
49,CrossEntropyLoss,RPS,0.15000000000000002,0.8307692307692308,2.7884615384615383,1.7884615384615385,1.1363636363636365,3.0,4.352564102564102,0.19230769230769232,0.0
49,CrossEntropyLoss,RPS,0.18000000000000005,0.8115384615384615,2.5346153846153845,1.5346153846153847,1.183673469387755,3.0,4.013247863247863,0.2230769230769231,0.0
49,CrossEntropyLoss,RPS,0.19999999999999996,0.7961538461538461,2.3923076923076922,1.3923076923076922,1.2264150943396226,3.0,3.8923076923076922,0.25,0.0
49,CrossEntropyLoss,OCDF,0.010000000000000009,0.9961538461538462,4.9423076923076925,3.9423076923076925,1.0,1.0,4.711538461538461,0.0038461538461538464,0.0
49,CrossEntropyLoss,OCDF,0.020000000000000018,0.9884615384615385,4.8538461538461535,3.853846153846154,1.0,1.0,5.007692307692307,0.011538461538461539,0.0
49,CrossEntropyLoss,OCDF,0.030000000000000027,0.9692307692307692,4.776923076923077,3.776923076923077,1.0,1.0,5.828205128205127,0.03076923076923077,0.0
49,CrossEntropyLoss,OCDF,0.050000000000000044,0.926923076923077,4.584615384615384,3.5846153846153848,1.1578947368421053,2.0,6.969230769230768,0.08461538461538462,0.0
49,CrossEntropyLoss,OCDF,0.07999999999999996,0.9192307692307692,4.503846153846154,3.503846153846154,1.2380952380952381,2.0,6.003846153846156,0.1,0.0
49,CrossEntropyLoss,OCDF,0.09999999999999998,0.9076923076923077,4.438461538461539,3.4384615384615387,1.2916666666666667,2.0,5.823076923076923,0.11923076923076924,0.0
49,CrossEntropyLoss,OCDF,0.13,0.8846153846153846,4.253846153846154,3.253846153846154,1.3666666666666667,2.0,5.679881656804734,0.1576923076923077,0.0
49,CrossEntropyLoss,OCDF,0.15000000000000002,0.8615384615384616,4.130769230769231,3.1307692307692307,1.3611111111111112,3.0,5.643589743589743,0.18846153846153846,0.0
49,CrossEntropyLoss,OCDF,0.18000000000000005,0.8384615384615385,4.0115384615384615,3.0115384615384615,1.3333333333333333,3.0,5.404700854700854,0.2153846153846154,0.0
49,CrossEntropyLoss,OCDF,0.19999999999999996,0.8,3.830769230769231,2.830769230769231,1.3653846153846154,3.0,5.561538461538461,0.27307692307692305,0.0
49,CrossEntropyLoss,APS,0.010000000000000009,0.9961538461538462,4.507692307692308,3.526923076923077,1.0,1.0,4.296153846153845,0.0038461538461538464,0.019230769230769273
49,CrossEntropyLoss,APS,0.020000000000000018,0.9807692307692307,4.1038461538461535,3.173076923076923,1.4,2.0,5.480769230769229,0.026923076923076925,0.0692307692307692
49,CrossEntropyLoss,APS,0.030000000000000027,0.9692307692307692,3.8923076923076922,3.0076923076923077,1.25,2.0,5.058974358974358,0.038461538461538464,0.11538461538461542
49,CrossEntropyLoss,APS,0.050000000000000044,0.9615384615384616,3.5961538461538463,2.7346153846153847,1.3,2.0,4.580769230769229,0.05,0.1384615384615384
49,CrossEntropyLoss,APS,0.07999999999999996,0.9307692307692308,3.1576923076923076,2.4,1.8888888888888888,4.0,4.130769230769232,0.13076923076923078,0.22307692307692306
49,CrossEntropyLoss,APS,0.09999999999999998,0.9153846153846154,2.996153846153846,2.253846153846154,1.7727272727272727,4.0,4.023076923076923,0.15,0.2384615384615385
49,CrossEntropyLoss,APS,0.13,0.85,2.6115384615384616,1.9615384615384615,1.5128205128205128,4.0,3.7366863905325447,0.22692307692307692,0.3153846153846154
49,CrossEntropyLoss,APS,0.15000000000000002,0.8461538461538461,2.5384615384615383,1.9153846153846155,1.5,4.0,3.5051282051282047,0.23076923076923078,0.3423076923076923
49,CrossEntropyLoss,APS,0.18000000000000005,0.8346153846153846,2.4153846153846152,1.8076923076923077,1.627906976744186,4.0,3.26068376068376,0.2692307692307692,0.34615384615384615
49,CrossEntropyLoss,APS,0.19999999999999996,0.8115384615384615,2.2846153846153845,1.7038461538461538,1.9183673469387754,4.0,3.1653846153846152,0.36153846153846153,0.3538461538461538
49,CrossEntropyLoss,LAC,0.010000000000000009,0.9923076923076923,4.457692307692308,3.476923076923077,1.0,1.0,5.0153846153846136,0.007692307692307693,0.019230769230769273
49,CrossEntropyLoss,LAC,0.020000000000000018,0.9769230769230769,4.0,3.0692307692307694,1.5,2.0,6.146153846153844,0.03461538461538462,0.0692307692307692
49,CrossEntropyLoss,LAC,0.030000000000000027,0.9769230769230769,3.9615384615384617,3.026923076923077,1.5,2.0,5.078205128205127,0.03461538461538462,0.06538461538461537
49,CrossEntropyLoss,LAC,0.050000000000000044,0.9653846153846154,3.7807692307692307,2.8576923076923078,1.3333333333333333,2.0,4.396153846153845,0.046153846153846156,0.07307692307692304
49,CrossEntropyLoss,LAC,0.07999999999999996,0.9384615384615385,3.2384615384615385,2.419230769230769,1.25,2.0,4.0538461538461545,0.07692307692307693,0.17307692307692313
49,CrossEntropyLoss,LAC,0.09999999999999998,0.9115384615384615,2.8653846153846154,2.0961538461538463,1.2173913043478262,2.0,3.8653846153846154,0.1076923076923077,0.2153846153846154
49,CrossEntropyLoss,LAC,0.13,0.8961538461538462,2.623076923076923,1.8923076923076922,1.4074074074074074,4.0,3.7266272189349112,0.14615384615384616,0.25769230769230766
49,CrossEntropyLoss,LAC,0.15000000000000002,0.8653846153846154,2.3846153846153846,1.6807692307692308,1.3428571428571427,4.0,3.6294871794871795,0.18076923076923077,0.28846153846153844
49,CrossEntropyLoss,LAC,0.18000000000000005,0.8076923076923077,2.1423076923076922,1.4153846153846155,1.32,4.0,3.8940170940170935,0.25384615384615383,0.26538461538461533
49,CrossEntropyLoss,LAC,0.19999999999999996,0.7807692307692308,2.0538461538461537,1.323076923076923,1.3508771929824561,4.0,3.9384615384615387,0.29615384615384616,0.2615384615384615
