iteration,loss,score,ALPHA,COV,PS,MW,MAMM,WAMM,AISL,MASE,CV%
0,COPOC,min-CPS,0.010000000000000009,0.996875,3.959375,2.959375,1.0,1.0,3.584374999999999,0.003125,0.0
0,COPOC,min-CPS,0.020000000000000018,0.990625,3.640625,2.640625,1.0,1.0,3.5781249999999987,0.009375,0.0
0,COPOC,min-CPS,0.030000000000000027,0.984375,3.396875,2.396875,1.0,1.0,3.4385416666666657,0.015625,0.0
0,COPOC,min-CPS,0.050000000000000044,0.95,3.009375,2.009375,1.0625,2.0,4.134374999999999,0.053125,0.0
0,COPOC,min-CPS,0.07999999999999996,0.946875,2.9,1.9,1.0588235294117647,2.0,3.306250000000001,0.05625,0.0
0,COPOC,min-CPS,0.09999999999999998,0.925,2.7625,1.7625,1.0416666666666667,2.0,3.325,0.078125,0.0
0,COPOC,min-CPS,0.13,0.88125,2.54375,1.54375,1.0526315789473684,2.0,3.4668269230769226,0.125,0.0
0,COPOC,min-CPS,0.15000000000000002,0.846875,2.265625,1.265625,1.0408163265306123,2.0,3.390625,0.159375,0.0
0,COPOC,min-CPS,0.18000000000000005,0.815625,2.16875,1.16875,1.0338983050847457,2.0,3.286805555555555,0.190625,0.0
0,COPOC,min-CPS,0.19999999999999996,0.78125,1.990625,0.990625,1.042857142857143,2.0,3.271875,0.228125,0.0
0,COPOC,RPS,0.010000000000000009,0.99375,3.540625,2.540625,1.0,1.0,3.7906249999999986,0.00625,0.0
0,COPOC,RPS,0.020000000000000018,0.99375,3.50625,2.50625,1.0,1.0,3.131249999999999,0.00625,0.0
0,COPOC,RPS,0.030000000000000027,0.984375,3.271875,2.271875,1.0,1.0,3.3135416666666657,0.015625,0.0
0,COPOC,RPS,0.050000000000000044,0.959375,2.990625,1.990625,1.0,1.0,3.6156249999999988,0.040625,0.0
0,COPOC,RPS,0.07999999999999996,0.940625,2.61875,1.61875,1.0526315789473684,2.0,3.1812500000000012,0.0625,0.0
0,COPOC,RPS,0.09999999999999998,0.9375,2.35625,1.35625,1.05,2.0,2.66875,0.065625,0.0
0,COPOC,RPS,0.13,0.8875,1.975,0.975,1.0555555555555556,2.0,2.8019230769230767,0.11875,0.0
0,COPOC,RPS,0.15000000000000002,0.8625,1.89375,0.89375,1.0454545454545454,2.0,2.8104166666666663,0.14375,0.0
0,COPOC,RPS,0.18000000000000005,0.8375,1.76875,0.76875,1.0384615384615385,2.0,2.64375,0.16875,0.0
0,COPOC,RPS,0.19999999999999996,0.8125,1.690625,0.690625,1.0333333333333334,2.0,2.628125,0.19375,0.0
0,COPOC,OCDF,0.010000000000000009,0.996875,4.815625,3.815625,1.0,1.0,4.440624999999999,0.003125,0.0
0,COPOC,OCDF,0.020000000000000018,0.978125,4.4125,3.4125,1.0,1.0,5.599999999999998,0.021875,0.0
0,COPOC,OCDF,0.030000000000000027,0.959375,4.11875,3.11875,1.0,1.0,5.827083333333332,0.040625,0.0
0,COPOC,OCDF,0.050000000000000044,0.9375,3.871875,2.871875,1.0,1.0,5.371874999999998,0.0625,0.0
0,COPOC,OCDF,0.07999999999999996,0.921875,3.7375,2.7375,1.04,2.0,4.768750000000002,0.08125,0.0
0,COPOC,OCDF,0.09999999999999998,0.909375,3.590625,2.590625,1.0344827586206897,2.0,4.465625,0.09375,0.0
0,COPOC,OCDF,0.13,0.8875,3.4375,2.4375,1.0277777777777777,2.0,4.216346153846154,0.115625,0.0
0,COPOC,OCDF,0.15000000000000002,0.875,3.3375,2.3375,1.025,2.0,4.0458333333333325,0.128125,0.0
0,COPOC,OCDF,0.18000000000000005,0.840625,3.15625,2.15625,1.0784313725490196,2.0,4.065972222222222,0.171875,0.0
0,COPOC,OCDF,0.19999999999999996,0.803125,2.99375,1.99375,1.0952380952380953,2.0,4.15,0.215625,0.0
0,COPOC,APS,0.010000000000000009,0.996875,4.13125,3.13125,1.0,1.0,3.756249999999999,0.003125,0.0
0,COPOC,APS,0.020000000000000018,0.9875,3.684375,2.684375,1.0,1.0,3.9343749999999984,0.0125,0.0
0,COPOC,APS,0.030000000000000027,0.971875,3.434375,2.434375,1.0,1.0,4.309374999999998,0.028125,0.0
0,COPOC,APS,0.050000000000000044,0.959375,3.08125,2.08125,1.0,1.0,3.7062499999999985,0.040625,0.0
0,COPOC,APS,0.07999999999999996,0.91875,2.6625,1.6625,1.0384615384615385,2.0,3.7718750000000014,0.084375,0.0
0,COPOC,APS,0.09999999999999998,0.903125,2.484375,1.484375,1.032258064516129,2.0,3.484375,0.1,0.0
0,COPOC,APS,0.13,0.88125,2.2375,1.2375,1.0263157894736843,2.0,3.1125,0.121875,0.0
0,COPOC,APS,0.15000000000000002,0.86875,2.075,1.075,1.0238095238095237,2.0,2.8666666666666663,0.134375,0.0
0,COPOC,APS,0.18000000000000005,0.81875,1.896875,0.9,1.103448275862069,4.0,3.018055555555555,0.2,0.0
0,COPOC,APS,0.19999999999999996,0.784375,1.790625,0.79375,1.0869565217391304,4.0,3.04375,0.234375,0.0
0,COPOC,LAC,0.010000000000000009,0.996875,3.95,2.95,1.0,1.0,3.5749999999999993,0.003125,0.0
0,COPOC,LAC,0.020000000000000018,0.9875,3.54375,2.54375,1.0,1.0,3.7937499999999984,0.0125,0.0
0,COPOC,LAC,0.030000000000000027,0.98125,3.4,2.4,1.0,1.0,3.6499999999999995,0.01875,0.0
0,COPOC,LAC,0.050000000000000044,0.953125,3.065625,2.065625,1.0666666666666667,2.0,4.065624999999999,0.05,0.0
0,COPOC,LAC,0.07999999999999996,0.934375,2.7125,1.7125,1.0476190476190477,2.0,3.4312500000000012,0.06875,0.0
0,COPOC,LAC,0.09999999999999998,0.93125,2.615625,1.615625,1.0454545454545454,2.0,3.053125,0.071875,0.0
0,COPOC,LAC,0.13,0.903125,2.396875,1.396875,1.032258064516129,2.0,2.9353365384615384,0.1,0.0
0,COPOC,LAC,0.15000000000000002,0.89375,2.3125,1.3125,1.0294117647058822,2.0,2.770833333333333,0.109375,0.0
0,COPOC,LAC,0.18000000000000005,0.86875,2.159375,1.159375,1.119047619047619,2.0,2.7913194444444445,0.146875,0.0
0,COPOC,LAC,0.19999999999999996,0.821875,1.89375,0.903125,1.2456140350877194,4.0,2.965625,0.221875,0.0
1,COPOC,min-CPS,0.010000000000000009,0.9875,3.890625,2.890625,1.0,1.0,5.390624999999998,0.0125,0.0
1,COPOC,min-CPS,0.020000000000000018,0.978125,3.528125,2.528125,1.0,1.0,4.7156249999999975,0.021875,0.0
1,COPOC,min-CPS,0.030000000000000027,0.965625,3.39375,2.39375,1.0,1.0,4.685416666666666,0.034375,0.0
1,COPOC,min-CPS,0.050000000000000044,0.946875,2.996875,1.996875,1.0,1.0,4.121874999999998,0.053125,0.0
1,COPOC,min-CPS,0.07999999999999996,0.921875,2.790625,1.790625,1.0,1.0,3.7437500000000012,0.078125,0.0
1,COPOC,min-CPS,0.09999999999999998,0.90625,2.684375,1.684375,1.0,1.0,3.559375,0.09375,0.0
1,COPOC,min-CPS,0.13,0.890625,2.55,1.55,1.0,1.0,3.2326923076923073,0.109375,0.0
1,COPOC,min-CPS,0.15000000000000002,0.88125,2.4125,1.4125,1.0,1.0,2.9958333333333327,0.11875,0.0
1,COPOC,min-CPS,0.18000000000000005,0.871875,2.2625,1.2625,1.0,1.0,2.6861111111111104,0.128125,0.0
1,COPOC,min-CPS,0.19999999999999996,0.84375,2.19375,1.19375,1.02,2.0,2.7875,0.159375,0.0
1,COPOC,RPS,0.010000000000000009,0.99375,3.553125,2.553125,1.0,1.0,3.8031249999999988,0.00625,0.0
1,COPOC,RPS,0.020000000000000018,0.984375,3.340625,2.340625,1.0,1.0,3.9031249999999984,0.015625,0.0
1,COPOC,RPS,0.030000000000000027,0.96875,3.175,2.175,1.0,1.0,4.258333333333332,0.03125,0.0
1,COPOC,RPS,0.050000000000000044,0.94375,2.875,1.875,1.0,1.0,4.124999999999998,0.05625,0.0
1,COPOC,RPS,0.07999999999999996,0.925,2.496875,1.496875,1.0,1.0,3.3718750000000015,0.075,0.0
1,COPOC,RPS,0.09999999999999998,0.91875,2.2625,1.2625,1.0384615384615385,2.0,2.95,0.084375,0.0
1,COPOC,RPS,0.13,0.9,1.98125,0.98125,1.03125,2.0,2.5677884615384614,0.103125,0.0
1,COPOC,RPS,0.15000000000000002,0.853125,1.809375,0.809375,1.0212765957446808,2.0,2.8093749999999997,0.15,0.0
1,COPOC,RPS,0.18000000000000005,0.840625,1.75625,0.75625,1.0196078431372548,2.0,2.5618055555555554,0.1625,0.0
1,COPOC,RPS,0.19999999999999996,0.815625,1.675,0.675,1.0169491525423728,2.0,2.55,0.1875,0.0
1,COPOC,OCDF,0.010000000000000009,0.9875,4.721875,3.721875,1.0,1.0,6.221874999999998,0.0125,0.0
1,COPOC,OCDF,0.020000000000000018,0.984375,4.571875,3.571875,1.0,1.0,5.134374999999999,0.015625,0.0
1,COPOC,OCDF,0.030000000000000027,0.971875,4.15,3.15,1.2222222222222223,2.0,5.4416666666666655,0.034375,0.0
1,COPOC,OCDF,0.050000000000000044,0.934375,3.796875,2.796875,1.0952380952380953,2.0,5.671874999999998,0.071875,0.0
1,COPOC,OCDF,0.07999999999999996,0.91875,3.65,2.65,1.0769230769230769,2.0,4.837500000000001,0.0875,0.0
1,COPOC,OCDF,0.09999999999999998,0.890625,3.440625,2.440625,1.0571428571428572,2.0,4.753125,0.115625,0.0
1,COPOC,OCDF,0.13,0.878125,3.3625,2.3625,1.0769230769230769,2.0,4.381730769230769,0.13125,0.0
1,COPOC,OCDF,0.15000000000000002,0.8625,3.25,2.25,1.1136363636363635,2.0,4.291666666666666,0.153125,0.0
1,COPOC,OCDF,0.18000000000000005,0.815625,3.071875,2.071875,1.1016949152542372,2.0,4.328819444444443,0.203125,0.0
1,COPOC,OCDF,0.19999999999999996,0.78125,2.95,1.95,1.0857142857142856,2.0,4.325,0.2375,0.0
1,COPOC,APS,0.010000000000000009,0.99375,3.99375,2.99375,1.0,1.0,4.243749999999999,0.00625,0.0
1,COPOC,APS,0.020000000000000018,0.9875,3.7375,2.7375,1.0,1.0,3.9874999999999985,0.0125,0.0
1,COPOC,APS,0.030000000000000027,0.971875,3.434375,2.434375,1.0,1.0,4.309374999999998,0.028125,0.0
1,COPOC,APS,0.050000000000000044,0.934375,3.0375,2.0375,1.0,1.0,4.662499999999997,0.065625,0.0
1,COPOC,APS,0.07999999999999996,0.928125,2.7375,1.7375,1.0,1.0,3.5343750000000016,0.071875,0.0
1,COPOC,APS,0.09999999999999998,0.903125,2.428125,1.428125,1.0,1.0,3.365625,0.096875,0.0
1,COPOC,APS,0.13,0.875,2.165625,1.165625,1.0,1.0,3.088701923076923,0.125,0.0
1,COPOC,APS,0.15000000000000002,0.865625,2.046875,1.046875,1.0,1.0,2.8385416666666665,0.134375,0.0
1,COPOC,APS,0.18000000000000005,0.85625,1.9625,0.9625,1.0,1.0,2.559722222222222,0.14375,0.0
1,COPOC,APS,0.19999999999999996,0.821875,1.809375,0.809375,1.0350877192982457,2.0,2.653125,0.184375,0.0
1,COPOC,LAC,0.010000000000000009,0.9875,3.73125,2.73125,1.0,1.0,5.2312499999999975,0.0125,0.0
1,COPOC,LAC,0.020000000000000018,0.98125,3.453125,2.453125,1.0,1.0,4.328124999999998,0.01875,0.0
1,COPOC,LAC,0.030000000000000027,0.9625,3.31875,2.31875,1.0,1.0,4.818749999999999,0.0375,0.0
1,COPOC,LAC,0.050000000000000044,0.946875,2.99375,1.99375,1.0,1.0,4.118749999999999,0.053125,0.0
1,COPOC,LAC,0.07999999999999996,0.934375,2.696875,1.696875,1.0,1.0,3.3375000000000012,0.065625,0.0
1,COPOC,LAC,0.09999999999999998,0.915625,2.45625,1.45625,1.037037037037037,2.0,3.20625,0.0875,0.0
1,COPOC,LAC,0.13,0.89375,2.321875,1.321875,1.0294117647058822,2.0,3.0045673076923074,0.109375,0.0
1,COPOC,LAC,0.15000000000000002,0.865625,2.1625,1.1625,1.0465116279069768,2.0,3.0374999999999996,0.140625,0.0
1,COPOC,LAC,0.18000000000000005,0.825,1.94375,0.95,1.1428571428571428,4.0,3.0680555555555546,0.2,0.0
1,COPOC,LAC,0.19999999999999996,0.7875,1.759375,0.778125,1.3088235294117647,4.0,3.278125,0.278125,0.0
2,COPOC,min-CPS,0.010000000000000009,0.996875,3.940625,2.940625,1.0,1.0,3.5656249999999994,0.003125,0.0
2,COPOC,min-CPS,0.020000000000000018,0.99375,3.8375,2.8375,1.0,1.0,3.4624999999999995,0.00625,0.0
2,COPOC,min-CPS,0.030000000000000027,0.9875,3.51875,2.51875,1.0,1.0,3.352083333333333,0.0125,0.0
2,COPOC,min-CPS,0.050000000000000044,0.95,3.00625,2.00625,1.0625,2.0,4.131249999999999,0.053125,0.0
2,COPOC,min-CPS,0.07999999999999996,0.93125,2.809375,1.809375,1.0454545454545454,2.0,3.6062500000000015,0.071875,0.0
2,COPOC,min-CPS,0.09999999999999998,0.9125,2.6875,1.6875,1.0357142857142858,2.0,3.5,0.090625,0.0
2,COPOC,min-CPS,0.13,0.88125,2.503125,1.503125,1.0263157894736843,2.0,3.378125,0.121875,0.0
2,COPOC,min-CPS,0.15000000000000002,0.85,2.23125,1.23125,1.0208333333333333,2.0,3.2729166666666663,0.153125,0.0
2,COPOC,min-CPS,0.18000000000000005,0.821875,2.140625,1.140625,1.0175438596491229,2.0,3.154513888888888,0.18125,0.0
2,COPOC,min-CPS,0.19999999999999996,0.815625,2.1,1.1,1.0338983050847457,2.0,3.00625,0.190625,0.0
2,COPOC,RPS,0.010000000000000009,0.996875,3.65625,2.65625,1.0,1.0,3.281249999999999,0.003125,0.0
2,COPOC,RPS,0.020000000000000018,0.99375,3.521875,2.521875,1.0,1.0,3.146874999999999,0.00625,0.0
2,COPOC,RPS,0.030000000000000027,0.9875,3.30625,2.30625,1.0,1.0,3.139583333333333,0.0125,0.0
2,COPOC,RPS,0.050000000000000044,0.95625,2.95,1.95,1.0,1.0,3.6999999999999984,0.04375,0.0
2,COPOC,RPS,0.07999999999999996,0.921875,2.453125,1.453125,1.04,2.0,3.4843750000000013,0.08125,0.0
2,COPOC,RPS,0.09999999999999998,0.91875,2.23125,1.23125,1.0384615384615385,2.0,2.91875,0.084375,0.0
2,COPOC,RPS,0.13,0.896875,1.975,0.975,1.0303030303030303,2.0,2.6096153846153847,0.10625,0.0
2,COPOC,RPS,0.15000000000000002,0.878125,1.89375,0.89375,1.0256410256410255,2.0,2.5604166666666663,0.125,0.0
2,COPOC,RPS,0.18000000000000005,0.853125,1.790625,0.790625,1.0212765957446808,2.0,2.4572916666666664,0.15,0.0
2,COPOC,RPS,0.19999999999999996,0.8375,1.725,0.725,1.0192307692307692,2.0,2.38125,0.165625,0.0
2,COPOC,OCDF,0.010000000000000009,0.9875,4.70625,3.70625,1.0,1.0,6.206249999999998,0.0125,0.0
2,COPOC,OCDF,0.020000000000000018,0.978125,4.396875,3.396875,1.0,1.0,5.584374999999998,0.021875,0.0
2,COPOC,OCDF,0.030000000000000027,0.971875,4.16875,3.16875,1.1111111111111112,2.0,5.252083333333331,0.03125,0.0
2,COPOC,OCDF,0.050000000000000044,0.94375,3.9,2.9,1.0555555555555556,2.0,5.274999999999999,0.059375,0.0
2,COPOC,OCDF,0.07999999999999996,0.896875,3.596875,2.596875,1.0909090909090908,2.0,5.409375000000002,0.1125,0.0
2,COPOC,OCDF,0.09999999999999998,0.859375,3.375,2.375,1.0888888888888888,2.0,5.4375,0.153125,0.0
2,COPOC,OCDF,0.13,0.840625,3.225,2.225,1.1176470588235294,2.0,4.9653846153846155,0.178125,0.0
2,COPOC,OCDF,0.15000000000000002,0.81875,3.146875,2.146875,1.103448275862069,2.0,4.813541666666667,0.2,0.0
2,COPOC,OCDF,0.18000000000000005,0.771875,2.953125,1.953125,1.095890410958904,2.0,4.730902777777777,0.25,0.0
2,COPOC,OCDF,0.19999999999999996,0.75625,2.909375,1.909375,1.0897435897435896,2.0,4.565625,0.265625,0.0
2,COPOC,APS,0.010000000000000009,0.99375,4.203125,3.203125,1.0,1.0,4.453124999999998,0.00625,0.0
2,COPOC,APS,0.020000000000000018,0.99375,3.8375,2.8375,1.0,1.0,3.4624999999999995,0.00625,0.0
2,COPOC,APS,0.030000000000000027,0.984375,3.6125,2.6125,1.0,1.0,3.654166666666666,0.015625,0.0
2,COPOC,APS,0.050000000000000044,0.9625,3.228125,2.228125,1.0,1.0,3.7281249999999986,0.0375,0.0
2,COPOC,APS,0.07999999999999996,0.909375,2.634375,1.634375,1.0344827586206897,2.0,3.9781250000000012,0.09375,0.0
2,COPOC,APS,0.09999999999999998,0.9,2.409375,1.409375,1.03125,2.0,3.471875,0.103125,0.0
2,COPOC,APS,0.13,0.859375,2.134375,1.134375,1.0222222222222221,2.0,3.345913461538461,0.14375,0.0
2,COPOC,APS,0.15000000000000002,0.846875,1.978125,0.978125,1.0408163265306123,2.0,3.103125,0.159375,0.0
2,COPOC,APS,0.18000000000000005,0.828125,1.86875,0.86875,1.0545454545454545,2.0,2.8826388888888883,0.18125,0.0
2,COPOC,APS,0.19999999999999996,0.809375,1.759375,0.759375,1.0655737704918034,2.0,2.790625,0.203125,0.0
2,COPOC,LAC,0.010000000000000009,0.996875,3.925,2.925,1.0,1.0,3.5499999999999994,0.003125,0.0
2,COPOC,LAC,0.020000000000000018,0.99375,3.66875,2.66875,1.0,1.0,3.2937499999999993,0.00625,0.0
2,COPOC,LAC,0.030000000000000027,0.990625,3.44375,2.44375,1.0,1.0,3.0687499999999996,0.009375,0.0
2,COPOC,LAC,0.050000000000000044,0.946875,2.965625,1.965625,1.0588235294117647,2.0,4.215624999999998,0.05625,0.0
2,COPOC,LAC,0.07999999999999996,0.9125,2.58125,1.58125,1.0357142857142858,2.0,3.8468750000000016,0.090625,0.0
2,COPOC,LAC,0.09999999999999998,0.9,2.41875,1.41875,1.0625,2.0,3.54375,0.10625,0.0
2,COPOC,LAC,0.13,0.86875,2.25,1.25,1.0476190476190477,2.0,3.3653846153846154,0.1375,0.0
2,COPOC,LAC,0.15000000000000002,0.846875,2.10625,1.10625,1.0816326530612246,2.0,3.3145833333333328,0.165625,0.0
2,COPOC,LAC,0.18000000000000005,0.834375,1.959375,0.965625,1.1886792452830188,4.0,3.0489583333333328,0.196875,0.0
2,COPOC,LAC,0.19999999999999996,0.825,1.865625,0.871875,1.1964285714285714,4.0,2.871875,0.209375,0.0
3,COPOC,min-CPS,0.010000000000000009,0.996875,3.965625,2.965625,1.0,1.0,3.5906249999999993,0.003125,0.0
3,COPOC,min-CPS,0.020000000000000018,0.984375,3.603125,2.603125,1.0,1.0,4.165624999999999,0.015625,0.0
3,COPOC,min-CPS,0.030000000000000027,0.984375,3.409375,2.409375,1.0,1.0,3.451041666666666,0.015625,0.0
3,COPOC,min-CPS,0.050000000000000044,0.971875,3.284375,2.284375,1.0,1.0,3.4093749999999985,0.028125,0.0
3,COPOC,min-CPS,0.07999999999999996,0.965625,2.9875,1.9875,1.0,1.0,2.8468750000000007,0.034375,0.0
3,COPOC,min-CPS,0.09999999999999998,0.95,2.834375,1.834375,1.0,1.0,2.834375,0.05,0.0
3,COPOC,min-CPS,0.13,0.925,2.6625,1.6625,1.0416666666666667,2.0,2.864423076923077,0.078125,0.0
3,COPOC,min-CPS,0.15000000000000002,0.909375,2.55,1.55,1.0344827586206897,2.0,2.8,0.09375,0.0
3,COPOC,min-CPS,0.18000000000000005,0.86875,2.259375,1.259375,1.0238095238095237,2.0,2.7524305555555553,0.134375,0.0
3,COPOC,min-CPS,0.19999999999999996,0.846875,2.178125,1.178125,1.0408163265306123,2.0,2.771875,0.159375,0.0
3,COPOC,RPS,0.010000000000000009,0.99375,3.553125,2.553125,1.0,1.0,3.8031249999999988,0.00625,0.0
3,COPOC,RPS,0.020000000000000018,0.9875,3.43125,2.43125,1.0,1.0,3.6812499999999986,0.0125,0.0
3,COPOC,RPS,0.030000000000000027,0.98125,3.203125,2.203125,1.0,1.0,3.453124999999999,0.01875,0.0
3,COPOC,RPS,0.050000000000000044,0.975,3.0875,2.0875,1.0,1.0,3.0874999999999995,0.025,0.0
3,COPOC,RPS,0.07999999999999996,0.95625,2.75625,1.75625,1.0,1.0,2.8500000000000005,0.04375,0.0
3,COPOC,RPS,0.09999999999999998,0.953125,2.584375,1.584375,1.0,1.0,2.521875,0.046875,0.0
3,COPOC,RPS,0.13,0.925,2.075,1.075,1.0833333333333333,2.0,2.325,0.08125,0.0
3,COPOC,RPS,0.15000000000000002,0.8875,1.925,0.925,1.0555555555555556,2.0,2.5083333333333333,0.11875,0.0
3,COPOC,RPS,0.18000000000000005,0.86875,1.796875,0.796875,1.0476190476190477,2.0,2.3246527777777777,0.1375,0.0
3,COPOC,RPS,0.19999999999999996,0.83125,1.684375,0.684375,1.037037037037037,2.0,2.434375,0.175,0.0
3,COPOC,OCDF,0.010000000000000009,1.0,4.871875,3.871875,,0.0,3.871875,0.0,0.0
3,COPOC,OCDF,0.020000000000000018,0.996875,4.734375,3.734375,1.0,1.0,4.046875,0.003125,0.0
3,COPOC,OCDF,0.030000000000000027,0.9875,4.403125,3.403125,1.0,1.0,4.236458333333333,0.0125,0.0
3,COPOC,OCDF,0.050000000000000044,0.975,4.053125,3.053125,1.0,1.0,4.053125,0.025,0.0
3,COPOC,OCDF,0.07999999999999996,0.921875,3.675,2.675,1.04,2.0,4.706250000000002,0.08125,0.0
3,COPOC,OCDF,0.09999999999999998,0.8875,3.434375,2.434375,1.0277777777777777,2.0,4.746875,0.115625,0.0
3,COPOC,OCDF,0.13,0.875,3.340625,2.340625,1.05,2.0,4.359855769230769,0.13125,0.0
3,COPOC,OCDF,0.15000000000000002,0.853125,3.21875,2.21875,1.0425531914893618,2.0,4.260416666666666,0.153125,0.0
3,COPOC,OCDF,0.18000000000000005,0.8375,3.115625,2.115625,1.0576923076923077,2.0,4.025347222222221,0.171875,0.0
3,COPOC,OCDF,0.19999999999999996,0.815625,3.003125,2.003125,1.0508474576271187,2.0,3.940625,0.19375,0.0
3,COPOC,APS,0.010000000000000009,0.99375,4.059375,3.059375,1.0,1.0,4.309374999999998,0.00625,0.0
3,COPOC,APS,0.020000000000000018,0.9875,3.6625,2.6625,1.0,1.0,3.9124999999999988,0.0125,0.0
3,COPOC,APS,0.030000000000000027,0.98125,3.48125,2.48125,1.0,1.0,3.7312499999999993,0.01875,0.0
3,COPOC,APS,0.050000000000000044,0.975,3.2625,2.2625,1.0,1.0,3.2624999999999993,0.025,0.0
3,COPOC,APS,0.07999999999999996,0.95625,2.928125,1.928125,1.0,1.0,3.0218750000000005,0.04375,0.0
3,COPOC,APS,0.09999999999999998,0.94375,2.71875,1.71875,1.0,1.0,2.84375,0.05625,0.0
3,COPOC,APS,0.13,0.928125,2.4875,1.4875,1.0,1.0,2.5932692307692307,0.071875,0.0
3,COPOC,APS,0.15000000000000002,0.915625,2.29375,1.29375,1.0,1.0,2.41875,0.084375,0.0
3,COPOC,APS,0.18000000000000005,0.896875,2.09375,1.096875,1.0909090909090908,4.0,2.277430555555555,0.1125,0.0
3,COPOC,APS,0.19999999999999996,0.88125,2.0125,1.015625,1.0789473684210527,4.0,2.234375,0.128125,0.0
3,COPOC,LAC,0.010000000000000009,0.996875,3.95,2.95,1.0,1.0,3.5749999999999993,0.003125,0.0
3,COPOC,LAC,0.020000000000000018,0.9875,3.59375,2.59375,1.0,1.0,3.8437499999999987,0.0125,0.0
3,COPOC,LAC,0.030000000000000027,0.98125,3.409375,2.409375,1.0,1.0,3.6593749999999994,0.01875,0.0
3,COPOC,LAC,0.050000000000000044,0.971875,3.190625,2.190625,1.0,1.0,3.3156249999999985,0.028125,0.0
3,COPOC,LAC,0.07999999999999996,0.965625,2.88125,1.88125,1.0,1.0,2.7406250000000005,0.034375,0.0
3,COPOC,LAC,0.09999999999999998,0.953125,2.71875,1.71875,1.0,1.0,2.65625,0.046875,0.0
3,COPOC,LAC,0.13,0.91875,2.41875,1.41875,1.0,1.0,2.66875,0.08125,0.0
3,COPOC,LAC,0.15000000000000002,0.890625,2.265625,1.265625,1.0,1.0,2.723958333333333,0.109375,0.0
3,COPOC,LAC,0.18000000000000005,0.875,2.125,1.125,1.1,2.0,2.6527777777777772,0.1375,0.0
3,COPOC,LAC,0.19999999999999996,0.85,1.978125,0.984375,1.2083333333333333,4.0,2.703125,0.18125,0.0
4,COPOC,min-CPS,0.010000000000000009,0.984375,3.815625,2.815625,1.0,1.0,5.940624999999997,0.015625,0.0
4,COPOC,min-CPS,0.020000000000000018,0.984375,3.559375,2.559375,1.0,1.0,4.121874999999998,0.015625,0.0
4,COPOC,min-CPS,0.030000000000000027,0.959375,3.33125,2.33125,1.0,1.0,5.039583333333331,0.040625,0.0
4,COPOC,min-CPS,0.050000000000000044,0.93125,2.90625,1.90625,1.0454545454545454,2.0,4.781249999999997,0.071875,0.0
4,COPOC,min-CPS,0.07999999999999996,0.884375,2.684375,1.684375,1.054054054054054,2.0,4.731250000000001,0.121875,0.0
4,COPOC,min-CPS,0.09999999999999998,0.859375,2.553125,1.553125,1.0444444444444445,2.0,4.490625,0.146875,0.0
4,COPOC,min-CPS,0.13,0.85,2.3625,1.3625,1.0416666666666667,2.0,3.766346153846153,0.15625,0.0
4,COPOC,min-CPS,0.15000000000000002,0.840625,2.265625,1.265625,1.0588235294117647,2.0,3.515625,0.16875,0.0
4,COPOC,min-CPS,0.18000000000000005,0.8125,2.15625,1.15625,1.0666666666666667,2.0,3.3784722222222214,0.2,0.0
4,COPOC,min-CPS,0.19999999999999996,0.765625,1.96875,0.96875,1.08,2.0,3.5,0.253125,0.0
4,COPOC,RPS,0.010000000000000009,0.990625,3.55,2.55,1.0,1.0,4.424999999999999,0.009375,0.0
4,COPOC,RPS,0.020000000000000018,0.965625,3.2375,2.2375,1.0,1.0,5.674999999999997,0.034375,0.0
4,COPOC,RPS,0.030000000000000027,0.959375,3.10625,2.10625,1.0,1.0,4.814583333333331,0.040625,0.0
4,COPOC,RPS,0.050000000000000044,0.9375,2.815625,1.815625,1.0,1.0,4.315624999999998,0.0625,0.0
4,COPOC,RPS,0.07999999999999996,0.9,2.253125,1.253125,1.03125,2.0,3.8312500000000016,0.103125,0.0
4,COPOC,RPS,0.09999999999999998,0.871875,1.9875,0.9875,1.048780487804878,2.0,3.675,0.134375,0.0
4,COPOC,RPS,0.13,0.853125,1.896875,0.896875,1.0425531914893618,2.0,3.2526442307692305,0.153125,0.0
4,COPOC,RPS,0.15000000000000002,0.83125,1.8125,0.8125,1.037037037037037,2.0,3.145833333333333,0.175,0.0
4,COPOC,RPS,0.18000000000000005,0.809375,1.7,0.7,1.0327868852459017,2.0,2.8874999999999993,0.196875,0.0
4,COPOC,RPS,0.19999999999999996,0.8,1.659375,0.659375,1.03125,2.0,2.721875,0.20625,0.0
4,COPOC,OCDF,0.010000000000000009,0.9875,4.740625,3.740625,1.0,1.0,6.240624999999998,0.0125,0.0
4,COPOC,OCDF,0.020000000000000018,0.984375,4.609375,3.609375,1.0,1.0,5.171874999999998,0.015625,0.0
4,COPOC,OCDF,0.030000000000000027,0.975,4.2375,3.2375,1.125,2.0,5.112499999999999,0.028125,0.0
4,COPOC,OCDF,0.050000000000000044,0.95625,3.990625,2.990625,1.0714285714285714,2.0,4.865624999999999,0.046875,0.0
4,COPOC,OCDF,0.07999999999999996,0.9375,3.784375,2.784375,1.05,2.0,4.425000000000002,0.065625,0.0
4,COPOC,OCDF,0.09999999999999998,0.925,3.653125,2.653125,1.0833333333333333,2.0,4.278125,0.08125,0.0
4,COPOC,OCDF,0.13,0.865625,3.33125,2.33125,1.0465116279069768,2.0,4.494711538461539,0.140625,0.0
4,COPOC,OCDF,0.15000000000000002,0.8625,3.246875,2.246875,1.0454545454545454,2.0,4.163541666666666,0.14375,0.0
4,COPOC,OCDF,0.18000000000000005,0.853125,3.171875,2.171875,1.0638297872340425,2.0,3.90798611111111,0.15625,0.0
4,COPOC,OCDF,0.19999999999999996,0.84375,3.1125,2.1125,1.08,2.0,3.8,0.16875,0.0
4,COPOC,APS,0.010000000000000009,0.990625,4.178125,3.178125,1.0,1.0,5.053124999999999,0.009375,0.0
4,COPOC,APS,0.020000000000000018,0.978125,3.609375,2.609375,1.0,1.0,4.796874999999998,0.021875,0.0
4,COPOC,APS,0.030000000000000027,0.959375,3.278125,2.278125,1.0,1.0,4.986458333333331,0.040625,0.0
4,COPOC,APS,0.050000000000000044,0.934375,3.05,2.05,1.0,1.0,4.674999999999998,0.065625,0.0
4,COPOC,APS,0.07999999999999996,0.9,2.50625,1.50625,1.03125,2.0,4.084375000000001,0.103125,0.0
4,COPOC,APS,0.09999999999999998,0.875,2.246875,1.246875,1.025,2.0,3.809375,0.128125,0.0
4,COPOC,APS,0.13,0.8625,2.096875,1.096875,1.0227272727272727,2.0,3.2603365384615386,0.140625,0.0
4,COPOC,APS,0.15000000000000002,0.834375,1.9625,0.965625,1.0754716981132075,4.0,3.215625,0.178125,0.0
4,COPOC,APS,0.18000000000000005,0.8125,1.80625,0.809375,1.1,4.0,2.9968749999999997,0.20625,0.0
4,COPOC,APS,0.19999999999999996,0.7875,1.740625,0.74375,1.088235294117647,4.0,2.9625,0.23125,0.0
4,COPOC,LAC,0.010000000000000009,0.984375,3.640625,2.640625,1.0,1.0,5.765624999999997,0.015625,0.0
4,COPOC,LAC,0.020000000000000018,0.975,3.440625,2.440625,1.0,1.0,4.940624999999998,0.025,0.0
4,COPOC,LAC,0.030000000000000027,0.959375,3.284375,2.284375,1.0,1.0,4.992708333333331,0.040625,0.0
4,COPOC,LAC,0.050000000000000044,0.928125,2.7875,1.7875,1.0434782608695652,2.0,4.787499999999997,0.075,0.0
4,COPOC,LAC,0.07999999999999996,0.890625,2.45625,1.45625,1.0571428571428572,2.0,4.346875000000002,0.115625,0.0
4,COPOC,LAC,0.09999999999999998,0.878125,2.3625,1.3625,1.0512820512820513,2.0,3.925,0.128125,0.0
4,COPOC,LAC,0.13,0.8625,2.271875,1.271875,1.0454545454545454,2.0,3.4834134615384613,0.14375,0.0
4,COPOC,LAC,0.15000000000000002,0.846875,2.159375,1.159375,1.1020408163265305,2.0,3.409375,0.16875,0.0
4,COPOC,LAC,0.18000000000000005,0.796875,1.884375,0.890625,1.1692307692307693,4.0,3.390624999999999,0.2375,0.0
4,COPOC,LAC,0.19999999999999996,0.78125,1.76875,0.78125,1.2571428571428571,4.0,3.3125,0.275,0.0
5,COPOC,min-CPS,0.010000000000000009,0.971875,3.5375,2.5375,1.0,1.0,8.162499999999994,0.028125,0.0
5,COPOC,min-CPS,0.020000000000000018,0.96875,3.38125,2.38125,1.0,1.0,5.506249999999997,0.03125,0.0
5,COPOC,min-CPS,0.030000000000000027,0.96875,3.375,2.375,1.0,1.0,4.458333333333332,0.03125,0.0
5,COPOC,min-CPS,0.050000000000000044,0.95625,3.15,2.15,1.0,1.0,3.8999999999999986,0.04375,0.0
5,COPOC,min-CPS,0.07999999999999996,0.925,2.778125,1.778125,1.0,1.0,3.6531250000000015,0.075,0.0
5,COPOC,min-CPS,0.09999999999999998,0.90625,2.678125,1.678125,1.0,1.0,3.553125,0.09375,0.0
5,COPOC,min-CPS,0.13,0.884375,2.509375,1.509375,1.0,1.0,3.288221153846153,0.115625,0.0
5,COPOC,min-CPS,0.15000000000000002,0.86875,2.296875,1.296875,1.0,1.0,3.046875,0.13125,0.0
5,COPOC,min-CPS,0.18000000000000005,0.8125,2.134375,1.134375,1.0333333333333334,2.0,3.287152777777777,0.19375,0.0
5,COPOC,min-CPS,0.19999999999999996,0.8,2.05625,1.05625,1.03125,2.0,3.11875,0.20625,0.0
5,COPOC,RPS,0.010000000000000009,0.975,3.33125,2.33125,1.0,1.0,7.331249999999995,0.025,0.0
5,COPOC,RPS,0.020000000000000018,0.971875,3.221875,2.221875,1.0,1.0,5.034374999999997,0.028125,0.0
5,COPOC,RPS,0.030000000000000027,0.965625,3.1125,2.1125,1.0,1.0,4.404166666666665,0.034375,0.0
5,COPOC,RPS,0.050000000000000044,0.953125,2.925,1.925,1.0,1.0,3.7999999999999985,0.046875,0.0
5,COPOC,RPS,0.07999999999999996,0.928125,2.503125,1.503125,1.0,1.0,3.3000000000000016,0.071875,0.0
5,COPOC,RPS,0.09999999999999998,0.921875,2.26875,1.26875,1.04,2.0,2.89375,0.08125,0.0
5,COPOC,RPS,0.13,0.88125,1.95,0.95,1.0263157894736843,2.0,2.825,0.121875,0.0
5,COPOC,RPS,0.15000000000000002,0.8625,1.85,0.85,1.0227272727272727,2.0,2.725,0.140625,0.0
5,COPOC,RPS,0.18000000000000005,0.84375,1.765625,0.765625,1.02,2.0,2.536458333333333,0.159375,0.0
5,COPOC,RPS,0.19999999999999996,0.83125,1.725,0.725,1.0185185185185186,2.0,2.44375,0.171875,0.0
5,COPOC,OCDF,0.010000000000000009,0.978125,4.646875,3.646875,1.0,1.0,8.021874999999998,0.021875,0.0
5,COPOC,OCDF,0.020000000000000018,0.975,4.265625,3.265625,1.25,2.0,6.390624999999997,0.03125,0.0
5,COPOC,OCDF,0.030000000000000027,0.95625,4.071875,3.071875,1.1428571428571428,2.0,6.405208333333332,0.05,0.0
5,COPOC,OCDF,0.050000000000000044,0.93125,3.76875,2.76875,1.0909090909090908,2.0,5.768749999999998,0.075,0.0
5,COPOC,OCDF,0.07999999999999996,0.903125,3.58125,2.58125,1.096774193548387,2.0,5.2375000000000025,0.10625,0.0
5,COPOC,OCDF,0.09999999999999998,0.8875,3.36875,2.36875,1.0833333333333333,2.0,4.80625,0.121875,0.0
5,COPOC,OCDF,0.13,0.875,3.271875,2.271875,1.075,2.0,4.339182692307692,0.134375,0.0
5,COPOC,OCDF,0.15000000000000002,0.865625,3.175,2.175,1.0930232558139534,2.0,4.133333333333333,0.146875,0.0
5,COPOC,OCDF,0.18000000000000005,0.846875,3.08125,2.08125,1.1020408163265305,2.0,3.9562499999999994,0.16875,0.0
5,COPOC,OCDF,0.19999999999999996,0.81875,2.9625,1.9625,1.103448275862069,2.0,3.9625,0.2,0.0
5,COPOC,APS,0.010000000000000009,0.9875,3.815625,2.815625,1.0,1.0,5.315624999999998,0.0125,0.0
5,COPOC,APS,0.020000000000000018,0.96875,3.38125,2.38125,1.0,1.0,5.506249999999997,0.03125,0.0
5,COPOC,APS,0.030000000000000027,0.959375,3.228125,2.228125,1.0,1.0,4.936458333333332,0.040625,0.0
5,COPOC,APS,0.050000000000000044,0.946875,2.990625,1.990625,1.0,1.0,4.115624999999999,0.053125,0.0
5,COPOC,APS,0.07999999999999996,0.940625,2.75625,1.75625,1.0,1.0,3.2406250000000014,0.059375,0.0
5,COPOC,APS,0.09999999999999998,0.9125,2.515625,1.515625,1.0,1.0,3.265625,0.0875,0.0
5,COPOC,APS,0.13,0.884375,2.228125,1.228125,1.027027027027027,2.0,3.0550480769230766,0.11875,0.0
5,COPOC,APS,0.15000000000000002,0.85625,2.03125,1.03125,1.0217391304347827,2.0,2.989583333333333,0.146875,0.0
5,COPOC,APS,0.18000000000000005,0.83125,1.86875,0.86875,1.0185185185185186,2.0,2.7784722222222213,0.171875,0.0
5,COPOC,APS,0.19999999999999996,0.809375,1.771875,0.771875,1.0491803278688525,2.0,2.771875,0.2,0.0
5,COPOC,LAC,0.010000000000000009,0.971875,3.409375,2.409375,1.0,1.0,8.034374999999994,0.028125,0.0
5,COPOC,LAC,0.020000000000000018,0.965625,3.315625,2.315625,1.0,1.0,5.753124999999997,0.034375,0.0
5,COPOC,LAC,0.030000000000000027,0.965625,3.284375,2.284375,1.0,1.0,4.576041666666665,0.034375,0.0
5,COPOC,LAC,0.050000000000000044,0.95625,3.103125,2.103125,1.0,1.0,3.8531249999999986,0.04375,0.0
5,COPOC,LAC,0.07999999999999996,0.925,2.65,1.65,1.0,1.0,3.5250000000000012,0.075,0.0
5,COPOC,LAC,0.09999999999999998,0.89375,2.396875,1.396875,1.0294117647058822,2.0,3.584375,0.109375,0.0
5,COPOC,LAC,0.13,0.878125,2.259375,1.259375,1.0256410256410255,2.0,3.182451923076923,0.125,0.0
5,COPOC,LAC,0.15000000000000002,0.86875,2.203125,1.203125,1.0238095238095237,2.0,2.9947916666666665,0.134375,0.0
5,COPOC,LAC,0.18000000000000005,0.85,2.04375,1.04375,1.0416666666666667,2.0,2.7798611111111104,0.15625,0.0
5,COPOC,LAC,0.19999999999999996,0.821875,1.865625,0.878125,1.2456140350877194,4.0,2.878125,0.221875,0.0
6,COPOC,min-CPS,0.010000000000000009,0.9875,3.890625,2.890625,1.0,1.0,5.390624999999998,0.0125,0.0
6,COPOC,min-CPS,0.020000000000000018,0.98125,3.51875,2.51875,1.0,1.0,4.393749999999999,0.01875,0.0
6,COPOC,min-CPS,0.030000000000000027,0.98125,3.375,2.375,1.0,1.0,3.624999999999999,0.01875,0.0
6,COPOC,min-CPS,0.050000000000000044,0.953125,3.03125,2.03125,1.0666666666666667,2.0,4.031249999999998,0.05,0.0
6,COPOC,min-CPS,0.07999999999999996,0.925,2.825,1.825,1.0416666666666667,2.0,3.7781250000000015,0.078125,0.0
6,COPOC,min-CPS,0.09999999999999998,0.896875,2.65625,1.65625,1.0606060606060606,2.0,3.84375,0.109375,0.0
6,COPOC,min-CPS,0.13,0.875,2.440625,1.440625,1.05,2.0,3.4598557692307685,0.13125,0.0
6,COPOC,min-CPS,0.15000000000000002,0.846875,2.2375,1.2375,1.0408163265306123,2.0,3.3625,0.159375,0.0
6,COPOC,min-CPS,0.18000000000000005,0.815625,2.146875,1.146875,1.0508474576271187,2.0,3.2996527777777773,0.19375,0.0
6,COPOC,min-CPS,0.19999999999999996,0.75625,1.975,0.975,1.0769230769230769,2.0,3.6,0.2625,0.0
6,COPOC,RPS,0.010000000000000009,0.9875,3.5,2.5,1.0,1.0,4.999999999999998,0.0125,0.0
6,COPOC,RPS,0.020000000000000018,0.984375,3.303125,2.303125,1.0,1.0,3.8656249999999988,0.015625,0.0
6,COPOC,RPS,0.030000000000000027,0.975,3.215625,2.215625,1.0,1.0,3.882291666666666,0.025,0.0
6,COPOC,RPS,0.050000000000000044,0.95625,2.953125,1.953125,1.0,1.0,3.7031249999999987,0.04375,0.0
6,COPOC,RPS,0.07999999999999996,0.925,2.478125,1.478125,1.0416666666666667,2.0,3.4312500000000012,0.078125,0.0
6,COPOC,RPS,0.09999999999999998,0.90625,2.1375,1.1375,1.0666666666666667,2.0,3.1375,0.1,0.0
6,COPOC,RPS,0.13,0.875,1.95625,0.95625,1.075,2.0,3.023557692307692,0.134375,0.0
6,COPOC,RPS,0.15000000000000002,0.859375,1.85,0.85,1.0666666666666667,2.0,2.85,0.15,0.0
6,COPOC,RPS,0.18000000000000005,0.83125,1.74375,0.74375,1.0555555555555556,2.0,2.7229166666666664,0.178125,0.0
6,COPOC,RPS,0.19999999999999996,0.81875,1.690625,0.690625,1.0517241379310345,2.0,2.596875,0.190625,0.0
6,COPOC,OCDF,0.010000000000000009,0.9875,4.75625,3.75625,1.0,1.0,6.256249999999998,0.0125,0.0
6,COPOC,OCDF,0.020000000000000018,0.984375,4.6,3.6,1.0,1.0,5.162499999999999,0.015625,0.0
6,COPOC,OCDF,0.030000000000000027,0.971875,4.23125,3.23125,1.2222222222222223,2.0,5.522916666666665,0.034375,0.0
6,COPOC,OCDF,0.050000000000000044,0.953125,4.0125,3.0125,1.1333333333333333,2.0,5.137499999999998,0.053125,0.0
6,COPOC,OCDF,0.07999999999999996,0.928125,3.734375,2.734375,1.0869565217391304,2.0,4.687500000000002,0.078125,0.0
6,COPOC,OCDF,0.09999999999999998,0.8875,3.4375,2.4375,1.0555555555555556,2.0,4.8125,0.11875,0.0
6,COPOC,OCDF,0.13,0.853125,3.26875,2.26875,1.0638297872340425,2.0,4.672596153846153,0.15625,0.0
6,COPOC,OCDF,0.15000000000000002,0.83125,3.15625,2.15625,1.0740740740740742,2.0,4.572916666666666,0.18125,0.0
6,COPOC,OCDF,0.18000000000000005,0.79375,2.990625,1.990625,1.0757575757575757,2.0,4.455902777777777,0.221875,0.0
6,COPOC,OCDF,0.19999999999999996,0.78125,2.921875,1.921875,1.0714285714285714,2.0,4.265625,0.234375,0.0
6,COPOC,APS,0.010000000000000009,0.99375,4.228125,3.228125,1.0,1.0,4.478124999999999,0.00625,0.0
6,COPOC,APS,0.020000000000000018,0.984375,3.6875,2.6875,1.0,1.0,4.249999999999998,0.015625,0.0
6,COPOC,APS,0.030000000000000027,0.98125,3.5375,2.5375,1.0,1.0,3.787499999999999,0.01875,0.0
6,COPOC,APS,0.050000000000000044,0.959375,3.115625,2.115625,1.0769230769230769,2.0,3.8656249999999988,0.04375,0.0
6,COPOC,APS,0.07999999999999996,0.9375,2.678125,1.678125,1.1,2.0,3.3968750000000005,0.06875,0.0
6,COPOC,APS,0.09999999999999998,0.921875,2.453125,1.453125,1.08,2.0,3.140625,0.084375,0.0
6,COPOC,APS,0.13,0.896875,2.215625,1.215625,1.0606060606060606,2.0,2.8983173076923077,0.109375,0.0
6,COPOC,APS,0.15000000000000002,0.871875,2.08125,1.084375,1.1219512195121952,4.0,2.917708333333333,0.14375,0.0
6,COPOC,APS,0.18000000000000005,0.81875,1.853125,0.859375,1.1379310344827587,4.0,2.9774305555555545,0.20625,0.0
6,COPOC,APS,0.19999999999999996,0.7875,1.775,0.78125,1.1176470588235294,4.0,3.0,0.2375,0.0
6,COPOC,LAC,0.010000000000000009,0.9875,3.665625,2.665625,1.0,1.0,5.165624999999998,0.0125,0.0
6,COPOC,LAC,0.020000000000000018,0.98125,3.4,2.4,1.0,1.0,4.274999999999999,0.01875,0.0
6,COPOC,LAC,0.030000000000000027,0.971875,3.309375,2.309375,1.0,1.0,4.184374999999998,0.028125,0.0
6,COPOC,LAC,0.050000000000000044,0.95,3.003125,2.003125,1.0625,2.0,4.128124999999999,0.053125,0.0
6,COPOC,LAC,0.07999999999999996,0.93125,2.70625,1.70625,1.0454545454545454,2.0,3.5031250000000016,0.071875,0.0
6,COPOC,LAC,0.09999999999999998,0.915625,2.50625,1.50625,1.0740740740740742,2.0,3.31875,0.090625,0.0
6,COPOC,LAC,0.13,0.90625,2.39375,1.39375,1.0666666666666667,2.0,2.9322115384615386,0.1,0.0
6,COPOC,LAC,0.15000000000000002,0.8875,2.2875,1.2875,1.0555555555555556,2.0,2.870833333333333,0.11875,0.0
6,COPOC,LAC,0.18000000000000005,0.85,2.053125,1.053125,1.1041666666666667,2.0,2.8934027777777773,0.165625,0.0
6,COPOC,LAC,0.19999999999999996,0.825,1.8875,0.9,1.3035714285714286,4.0,2.99375,0.228125,0.0
7,COPOC,min-CPS,0.010000000000000009,0.990625,3.946875,2.946875,1.0,1.0,4.821874999999999,0.009375,0.0
7,COPOC,min-CPS,0.020000000000000018,0.971875,3.403125,2.403125,1.0,1.0,5.2156249999999975,0.028125,0.0
7,COPOC,min-CPS,0.030000000000000027,0.965625,3.3875,2.3875,1.0,1.0,4.679166666666665,0.034375,0.0
7,COPOC,min-CPS,0.050000000000000044,0.953125,3.04375,2.04375,1.0,1.0,3.9187499999999984,0.046875,0.0
7,COPOC,min-CPS,0.07999999999999996,0.940625,2.8875,1.8875,1.0,1.0,3.3718750000000015,0.059375,0.0
7,COPOC,min-CPS,0.09999999999999998,0.921875,2.75,1.75,1.0,1.0,3.3125,0.078125,0.0
7,COPOC,min-CPS,0.13,0.89375,2.571875,1.571875,1.0,1.0,3.2064903846153845,0.10625,0.0
7,COPOC,min-CPS,0.15000000000000002,0.86875,2.321875,1.321875,1.0,1.0,3.071875,0.13125,0.0
7,COPOC,min-CPS,0.18000000000000005,0.828125,2.165625,1.165625,1.018181818181818,2.0,3.110069444444444,0.175,0.0
7,COPOC,min-CPS,0.19999999999999996,0.78125,2.015625,1.015625,1.0285714285714285,2.0,3.265625,0.225,0.0
7,COPOC,RPS,0.010000000000000009,0.996875,3.65,2.65,1.0,1.0,3.2749999999999995,0.003125,0.0
7,COPOC,RPS,0.020000000000000018,0.971875,3.25625,2.25625,1.0,1.0,5.068749999999997,0.028125,0.0
7,COPOC,RPS,0.030000000000000027,0.959375,3.121875,2.121875,1.0,1.0,4.830208333333331,0.040625,0.0
7,COPOC,RPS,0.050000000000000044,0.946875,2.8875,1.8875,1.0,1.0,4.012499999999998,0.053125,0.0
7,COPOC,RPS,0.07999999999999996,0.940625,2.6125,1.6125,1.0,1.0,3.0968750000000007,0.059375,0.0
7,COPOC,RPS,0.09999999999999998,0.925,2.290625,1.290625,1.0416666666666667,2.0,2.853125,0.078125,0.0
7,COPOC,RPS,0.13,0.871875,1.940625,0.940625,1.024390243902439,2.0,2.959855769230769,0.13125,0.0
7,COPOC,RPS,0.15000000000000002,0.840625,1.8,0.8,1.0196078431372548,2.0,2.9666666666666663,0.1625,0.0
7,COPOC,RPS,0.18000000000000005,0.821875,1.721875,0.721875,1.0175438596491229,2.0,2.7357638888888887,0.18125,0.0
7,COPOC,RPS,0.19999999999999996,0.815625,1.69375,0.69375,1.0169491525423728,2.0,2.56875,0.1875,0.0
7,COPOC,OCDF,0.010000000000000009,0.996875,4.796875,3.796875,1.0,1.0,4.421874999999999,0.003125,0.0
7,COPOC,OCDF,0.020000000000000018,0.990625,4.7,3.7,1.0,1.0,4.637499999999998,0.009375,0.0
7,COPOC,OCDF,0.030000000000000027,0.984375,4.29375,3.29375,1.0,1.0,4.335416666666665,0.015625,0.0
7,COPOC,OCDF,0.050000000000000044,0.959375,4.0,3.0,1.0,1.0,4.624999999999998,0.040625,0.0
7,COPOC,OCDF,0.07999999999999996,0.940625,3.7875,2.7875,1.0526315789473684,2.0,4.350000000000001,0.0625,0.0
7,COPOC,OCDF,0.09999999999999998,0.9125,3.525,2.525,1.1071428571428572,2.0,4.4625,0.096875,0.0
7,COPOC,OCDF,0.13,0.853125,3.2375,2.2375,1.0638297872340425,2.0,4.641346153846153,0.15625,0.0
7,COPOC,OCDF,0.15000000000000002,0.821875,3.096875,2.096875,1.0701754385964912,2.0,4.638541666666667,0.190625,0.0
7,COPOC,OCDF,0.18000000000000005,0.765625,2.890625,1.890625,1.0666666666666667,2.0,4.668402777777777,0.25,0.0
7,COPOC,OCDF,0.19999999999999996,0.75,2.853125,1.853125,1.0625,2.0,4.509375,0.265625,0.0
7,COPOC,APS,0.010000000000000009,0.99375,4.09375,3.09375,1.0,1.0,4.343749999999998,0.00625,0.0
7,COPOC,APS,0.020000000000000018,0.978125,3.584375,2.584375,1.0,1.0,4.771874999999998,0.021875,0.0
7,COPOC,APS,0.030000000000000027,0.971875,3.4375,2.4375,1.0,1.0,4.312499999999998,0.028125,0.0
7,COPOC,APS,0.050000000000000044,0.959375,3.053125,2.053125,1.0,1.0,3.6781249999999988,0.040625,0.0
7,COPOC,APS,0.07999999999999996,0.940625,2.790625,1.790625,1.0,1.0,3.2750000000000012,0.059375,0.0
7,COPOC,APS,0.09999999999999998,0.921875,2.54375,1.54375,1.0,1.0,3.10625,0.078125,0.0
7,COPOC,APS,0.13,0.9,2.284375,1.284375,1.0,1.0,2.822836538461538,0.1,0.0
7,COPOC,APS,0.15000000000000002,0.859375,2.053125,1.053125,1.0,1.0,2.928125,0.140625,0.0
7,COPOC,APS,0.18000000000000005,0.80625,1.865625,0.86875,1.0806451612903225,4.0,3.0909722222222213,0.209375,0.0
7,COPOC,APS,0.19999999999999996,0.765625,1.75,0.753125,1.0666666666666667,4.0,3.1593750000000003,0.25,0.0
7,COPOC,LAC,0.010000000000000009,0.990625,3.8375,2.8375,1.0,1.0,4.712499999999999,0.009375,0.0
7,COPOC,LAC,0.020000000000000018,0.965625,3.340625,2.340625,1.0,1.0,5.7781249999999975,0.034375,0.0
7,COPOC,LAC,0.030000000000000027,0.9625,3.28125,2.28125,1.0,1.0,4.781249999999998,0.0375,0.0
7,COPOC,LAC,0.050000000000000044,0.953125,3.034375,2.034375,1.0,1.0,3.9093749999999985,0.046875,0.0
7,COPOC,LAC,0.07999999999999996,0.934375,2.7125,1.7125,1.0,1.0,3.3531250000000012,0.065625,0.0
7,COPOC,LAC,0.09999999999999998,0.909375,2.50625,1.50625,1.0,1.0,3.31875,0.090625,0.0
7,COPOC,LAC,0.13,0.890625,2.38125,1.38125,1.0,1.0,3.063942307692307,0.109375,0.0
7,COPOC,LAC,0.15000000000000002,0.884375,2.296875,1.296875,1.0,1.0,2.8385416666666665,0.115625,0.0
7,COPOC,LAC,0.18000000000000005,0.8625,2.125,1.125,1.0454545454545454,2.0,2.722222222222222,0.14375,0.0
7,COPOC,LAC,0.19999999999999996,0.834375,1.978125,0.98125,1.1132075471698113,4.0,2.7625,0.184375,0.0
8,COPOC,min-CPS,0.010000000000000009,0.98125,3.659375,2.659375,1.0,1.0,6.409374999999997,0.01875,0.0
8,COPOC,min-CPS,0.020000000000000018,0.978125,3.5375,2.5375,1.0,1.0,4.724999999999999,0.021875,0.0
8,COPOC,min-CPS,0.030000000000000027,0.96875,3.40625,2.40625,1.0,1.0,4.489583333333331,0.03125,0.0
8,COPOC,min-CPS,0.050000000000000044,0.94375,2.9875,1.9875,1.0,1.0,4.237499999999999,0.05625,0.0
8,COPOC,min-CPS,0.07999999999999996,0.93125,2.834375,1.834375,1.0,1.0,3.5531250000000014,0.06875,0.0
8,COPOC,min-CPS,0.09999999999999998,0.90625,2.690625,1.690625,1.0333333333333334,2.0,3.628125,0.096875,0.0
8,COPOC,min-CPS,0.13,0.89375,2.578125,1.578125,1.0294117647058822,2.0,3.260817307692308,0.109375,0.0
8,COPOC,min-CPS,0.15000000000000002,0.878125,2.409375,1.409375,1.0256410256410255,2.0,3.0760416666666663,0.125,0.0
8,COPOC,min-CPS,0.18000000000000005,0.86875,2.25,1.25,1.0238095238095237,2.0,2.743055555555555,0.134375,0.0
8,COPOC,min-CPS,0.19999999999999996,0.859375,2.203125,1.203125,1.0222222222222221,2.0,2.640625,0.14375,0.0
8,COPOC,RPS,0.010000000000000009,0.984375,3.503125,2.503125,1.0,1.0,5.628124999999997,0.015625,0.0
8,COPOC,RPS,0.020000000000000018,0.975,3.278125,2.278125,1.0,1.0,4.7781249999999975,0.025,0.0
8,COPOC,RPS,0.030000000000000027,0.971875,3.190625,2.190625,1.0,1.0,4.065624999999999,0.028125,0.0
8,COPOC,RPS,0.050000000000000044,0.953125,2.91875,1.91875,1.0,1.0,3.7937499999999984,0.046875,0.0
8,COPOC,RPS,0.07999999999999996,0.91875,2.4125,1.4125,1.0,1.0,3.4437500000000014,0.08125,0.0
8,COPOC,RPS,0.09999999999999998,0.909375,2.2,1.2,1.0344827586206897,2.0,3.075,0.09375,0.0
8,COPOC,RPS,0.13,0.896875,1.98125,0.98125,1.0606060606060606,2.0,2.6639423076923077,0.109375,0.0
8,COPOC,RPS,0.15000000000000002,0.86875,1.878125,0.878125,1.0476190476190477,2.0,2.711458333333333,0.1375,0.0
8,COPOC,RPS,0.18000000000000005,0.84375,1.7625,0.7625,1.04,2.0,2.568055555555555,0.1625,0.0
8,COPOC,RPS,0.19999999999999996,0.828125,1.690625,0.690625,1.0363636363636364,2.0,2.471875,0.178125,0.0
8,COPOC,OCDF,0.010000000000000009,0.990625,4.784375,3.784375,1.0,1.0,5.659374999999999,0.009375,0.0
8,COPOC,OCDF,0.020000000000000018,0.975,4.265625,3.265625,1.25,2.0,6.390624999999998,0.03125,0.0
8,COPOC,OCDF,0.030000000000000027,0.971875,4.16875,3.16875,1.2222222222222223,2.0,5.4604166666666645,0.034375,0.0
8,COPOC,OCDF,0.050000000000000044,0.953125,3.934375,2.934375,1.1333333333333333,2.0,5.059374999999998,0.053125,0.0
8,COPOC,OCDF,0.07999999999999996,0.934375,3.69375,2.69375,1.1428571428571428,2.0,4.568750000000001,0.075,0.0
8,COPOC,OCDF,0.09999999999999998,0.928125,3.590625,2.590625,1.1304347826086956,2.0,4.215625,0.08125,0.0
8,COPOC,OCDF,0.13,0.890625,3.33125,2.33125,1.1142857142857143,2.0,4.20625,0.121875,0.0
8,COPOC,OCDF,0.15000000000000002,0.865625,3.19375,2.19375,1.1162790697674418,2.0,4.19375,0.15,0.0
8,COPOC,OCDF,0.18000000000000005,0.85,3.109375,2.109375,1.125,2.0,3.984374999999999,0.16875,0.0
8,COPOC,OCDF,0.19999999999999996,0.815625,2.98125,1.98125,1.11864406779661,2.0,4.04375,0.20625,0.0
8,COPOC,APS,0.010000000000000009,0.978125,3.703125,2.703125,1.0,1.0,7.078124999999997,0.021875,0.0
8,COPOC,APS,0.020000000000000018,0.978125,3.63125,2.63125,1.0,1.0,4.818749999999999,0.021875,0.0
8,COPOC,APS,0.030000000000000027,0.978125,3.459375,2.459375,1.0,1.0,3.9177083333333327,0.021875,0.0
8,COPOC,APS,0.050000000000000044,0.9375,2.9625,1.9625,1.0,1.0,4.462499999999999,0.0625,0.0
8,COPOC,APS,0.07999999999999996,0.903125,2.671875,1.671875,1.032258064516129,2.0,4.171875000000002,0.1,0.0
8,COPOC,APS,0.09999999999999998,0.896875,2.51875,1.51875,1.0303030303030303,2.0,3.64375,0.10625,0.0
8,COPOC,APS,0.13,0.865625,2.1375,1.1375,1.0465116279069768,2.0,3.300961538461538,0.140625,0.0
8,COPOC,APS,0.15000000000000002,0.85625,2.04375,1.04375,1.0434782608695652,2.0,3.04375,0.15,0.0
8,COPOC,APS,0.18000000000000005,0.8375,1.884375,0.8875,1.0961538461538463,4.0,2.7624999999999993,0.178125,0.0
8,COPOC,APS,0.19999999999999996,0.825,1.828125,0.83125,1.1428571428571428,4.0,2.7375,0.2,0.0
8,COPOC,LAC,0.010000000000000009,0.98125,3.615625,2.615625,1.0,1.0,6.365624999999997,0.01875,0.0
8,COPOC,LAC,0.020000000000000018,0.98125,3.45625,2.45625,1.0,1.0,4.331249999999999,0.01875,0.0
8,COPOC,LAC,0.030000000000000027,0.965625,3.328125,2.328125,1.0,1.0,4.619791666666665,0.034375,0.0
8,COPOC,LAC,0.050000000000000044,0.95,3.01875,2.01875,1.0,1.0,4.018749999999999,0.05,0.0
8,COPOC,LAC,0.07999999999999996,0.928125,2.659375,1.659375,1.0,1.0,3.4562500000000016,0.071875,0.0
8,COPOC,LAC,0.09999999999999998,0.903125,2.43125,1.43125,1.032258064516129,2.0,3.43125,0.1,0.0
8,COPOC,LAC,0.13,0.8875,2.328125,1.328125,1.0277777777777777,2.0,3.1069711538461533,0.115625,0.0
8,COPOC,LAC,0.15000000000000002,0.875,2.23125,1.23125,1.025,2.0,2.939583333333333,0.128125,0.0
8,COPOC,LAC,0.18000000000000005,0.83125,1.975,0.98125,1.1851851851851851,4.0,3.0645833333333328,0.2,0.0
8,COPOC,LAC,0.19999999999999996,0.80625,1.80625,0.821875,1.3225806451612903,4.0,3.134375,0.25625,0.0
9,COPOC,min-CPS,0.010000000000000009,0.9875,3.909375,2.909375,1.0,1.0,5.409374999999998,0.0125,0.0
9,COPOC,min-CPS,0.020000000000000018,0.984375,3.596875,2.596875,1.0,1.0,4.159374999999999,0.015625,0.0
9,COPOC,min-CPS,0.030000000000000027,0.98125,3.434375,2.434375,1.0,1.0,3.6843749999999993,0.01875,0.0
9,COPOC,min-CPS,0.050000000000000044,0.959375,3.1625,2.1625,1.0769230769230769,2.0,3.9124999999999988,0.04375,0.0
9,COPOC,min-CPS,0.07999999999999996,0.95,2.93125,1.93125,1.0625,2.0,3.2593750000000012,0.053125,0.0
9,COPOC,min-CPS,0.09999999999999998,0.921875,2.76875,1.76875,1.04,2.0,3.39375,0.08125,0.0
9,COPOC,min-CPS,0.13,0.884375,2.553125,1.553125,1.054054054054054,2.0,3.428125,0.121875,0.0
9,COPOC,min-CPS,0.15000000000000002,0.88125,2.45625,1.45625,1.0526315789473684,2.0,3.1229166666666663,0.125,0.0
9,COPOC,min-CPS,0.18000000000000005,0.865625,2.2875,1.2875,1.069767441860465,2.0,2.884722222222222,0.14375,0.0
9,COPOC,min-CPS,0.19999999999999996,0.853125,2.2125,1.2125,1.0638297872340425,2.0,2.775,0.15625,0.0
9,COPOC,RPS,0.010000000000000009,0.99375,3.55625,2.55625,1.0,1.0,3.8062499999999986,0.00625,0.0
9,COPOC,RPS,0.020000000000000018,0.984375,3.33125,2.33125,1.0,1.0,3.8937499999999985,0.015625,0.0
9,COPOC,RPS,0.030000000000000027,0.98125,3.25,2.25,1.0,1.0,3.499999999999999,0.01875,0.0
9,COPOC,RPS,0.050000000000000044,0.9625,2.9875,1.9875,1.0,1.0,3.4874999999999985,0.0375,0.0
9,COPOC,RPS,0.07999999999999996,0.934375,2.6,1.6,1.0476190476190477,2.0,3.3187500000000014,0.06875,0.0
9,COPOC,RPS,0.09999999999999998,0.921875,2.3,1.3,1.04,2.0,2.925,0.08125,0.0
9,COPOC,RPS,0.13,0.88125,1.946875,0.946875,1.0526315789473684,2.0,2.869951923076923,0.125,0.0
9,COPOC,RPS,0.15000000000000002,0.85625,1.821875,0.821875,1.0434782608695652,2.0,2.8218749999999995,0.15,0.0
9,COPOC,RPS,0.18000000000000005,0.85,1.765625,0.765625,1.0416666666666667,2.0,2.5017361111111107,0.15625,0.0
9,COPOC,RPS,0.19999999999999996,0.8375,1.6875,0.6875,1.0384615384615385,2.0,2.375,0.16875,0.0
9,COPOC,OCDF,0.010000000000000009,0.99375,4.81875,3.81875,1.0,1.0,5.068749999999999,0.00625,0.0
9,COPOC,OCDF,0.020000000000000018,0.9875,4.7,3.7,1.0,1.0,4.949999999999998,0.0125,0.0
9,COPOC,OCDF,0.030000000000000027,0.9875,4.4375,3.4375,1.0,1.0,4.270833333333333,0.0125,0.0
9,COPOC,OCDF,0.050000000000000044,0.971875,4.028125,3.028125,1.1111111111111112,2.0,4.278124999999998,0.03125,0.0
9,COPOC,OCDF,0.07999999999999996,0.9625,3.871875,2.871875,1.0833333333333333,2.0,3.8875,0.040625,0.0
9,COPOC,OCDF,0.09999999999999998,0.953125,3.79375,2.79375,1.0666666666666667,2.0,3.79375,0.05,0.0
9,COPOC,OCDF,0.13,0.940625,3.603125,2.603125,1.105263157894737,2.0,3.6127403846153845,0.065625,0.0
9,COPOC,OCDF,0.15000000000000002,0.93125,3.49375,2.49375,1.0909090909090908,2.0,3.49375,0.075,0.0
9,COPOC,OCDF,0.18000000000000005,0.915625,3.378125,2.378125,1.1111111111111112,2.0,3.4197916666666663,0.09375,0.0
9,COPOC,OCDF,0.19999999999999996,0.88125,3.215625,2.215625,1.131578947368421,2.0,3.559375,0.134375,0.0
9,COPOC,APS,0.010000000000000009,0.984375,4.059375,3.059375,1.0,1.0,6.1843749999999975,0.015625,0.0
9,COPOC,APS,0.020000000000000018,0.978125,3.70625,2.70625,1.0,1.0,4.893749999999998,0.021875,0.0
9,COPOC,APS,0.030000000000000027,0.975,3.515625,2.515625,1.0,1.0,4.182291666666666,0.025,0.0
9,COPOC,APS,0.050000000000000044,0.959375,3.171875,2.171875,1.0769230769230769,2.0,3.9218749999999987,0.04375,0.0
9,COPOC,APS,0.07999999999999996,0.94375,2.8125,1.8125,1.0555555555555556,2.0,3.2968750000000013,0.059375,0.0
9,COPOC,APS,0.09999999999999998,0.921875,2.55,1.55,1.04,2.0,3.175,0.08125,0.0
9,COPOC,APS,0.13,0.90625,2.284375,1.284375,1.1,2.0,2.8709134615384615,0.103125,0.0
9,COPOC,APS,0.15000000000000002,0.896875,2.1875,1.1875,1.0909090909090908,2.0,2.6875,0.1125,0.0
9,COPOC,APS,0.18000000000000005,0.88125,2.025,1.025,1.0789473684210527,2.0,2.4486111111111106,0.128125,0.0
9,COPOC,APS,0.19999999999999996,0.86875,1.9375,0.9375,1.0714285714285714,2.0,2.34375,0.140625,0.0
9,COPOC,LAC,0.010000000000000009,0.9875,3.725,2.725,1.0,1.0,5.224999999999998,0.0125,0.0
9,COPOC,LAC,0.020000000000000018,0.98125,3.46875,2.46875,1.0,1.0,4.343749999999998,0.01875,0.0
9,COPOC,LAC,0.030000000000000027,0.978125,3.4,2.4,1.0,1.0,3.858333333333333,0.021875,0.0
9,COPOC,LAC,0.050000000000000044,0.96875,3.146875,2.146875,1.0,1.0,3.3968749999999988,0.03125,0.0
9,COPOC,LAC,0.07999999999999996,0.94375,2.76875,1.76875,1.0555555555555556,2.0,3.2531250000000016,0.059375,0.0
9,COPOC,LAC,0.09999999999999998,0.928125,2.584375,1.584375,1.0434782608695652,2.0,3.084375,0.075,0.0
9,COPOC,LAC,0.13,0.90625,2.409375,1.409375,1.0666666666666667,2.0,2.9478365384615386,0.1,0.0
9,COPOC,LAC,0.15000000000000002,0.8875,2.296875,1.296875,1.0555555555555556,2.0,2.880208333333333,0.11875,0.0
9,COPOC,LAC,0.18000000000000005,0.859375,2.096875,1.096875,1.1111111111111112,2.0,2.8329861111111105,0.15625,0.0
9,COPOC,LAC,0.19999999999999996,0.846875,1.953125,0.959375,1.2244897959183674,4.0,2.740625,0.1875,0.0
10,COPOC,min-CPS,0.010000000000000009,0.9875,3.890625,2.890625,1.0,1.0,5.390624999999998,0.0125,0.0
10,COPOC,min-CPS,0.020000000000000018,0.953125,3.34375,2.34375,1.0,1.0,7.031249999999996,0.046875,0.0
10,COPOC,min-CPS,0.030000000000000027,0.95,3.278125,2.278125,1.0625,2.0,5.8197916666666645,0.053125,0.0
10,COPOC,min-CPS,0.050000000000000044,0.9375,2.996875,1.996875,1.05,2.0,4.621874999999998,0.065625,0.0
10,COPOC,min-CPS,0.07999999999999996,0.921875,2.828125,1.828125,1.04,2.0,3.8593750000000013,0.08125,0.0
10,COPOC,min-CPS,0.09999999999999998,0.909375,2.734375,1.734375,1.0689655172413792,2.0,3.671875,0.096875,0.0
10,COPOC,min-CPS,0.13,0.9,2.646875,1.646875,1.0625,2.0,3.281490384615384,0.10625,0.0
10,COPOC,min-CPS,0.15000000000000002,0.8875,2.5,1.5,1.0555555555555556,2.0,3.083333333333333,0.11875,0.0
10,COPOC,min-CPS,0.18000000000000005,0.84375,2.25,1.25,1.06,2.0,3.0902777777777772,0.165625,0.0
10,COPOC,min-CPS,0.19999999999999996,0.8375,2.178125,1.178125,1.0576923076923077,2.0,2.896875,0.171875,0.0
10,COPOC,RPS,0.010000000000000009,0.9875,3.534375,2.534375,1.0,1.0,5.034374999999998,0.0125,0.0
10,COPOC,RPS,0.020000000000000018,0.965625,3.2125,2.2125,1.0,1.0,5.649999999999997,0.034375,0.0
10,COPOC,RPS,0.030000000000000027,0.959375,3.103125,2.103125,1.0,1.0,4.811458333333332,0.040625,0.0
10,COPOC,RPS,0.050000000000000044,0.9375,2.834375,1.834375,1.0,1.0,4.334374999999999,0.0625,0.0
10,COPOC,RPS,0.07999999999999996,0.915625,2.384375,1.384375,1.037037037037037,2.0,3.5718750000000012,0.0875,0.0
10,COPOC,RPS,0.09999999999999998,0.909375,2.190625,1.190625,1.0689655172413792,2.0,3.128125,0.096875,0.0
10,COPOC,RPS,0.13,0.903125,1.984375,0.984375,1.096774193548387,2.0,2.618990384615384,0.10625,0.0
10,COPOC,RPS,0.15000000000000002,0.8875,1.934375,0.934375,1.0833333333333333,2.0,2.559375,0.121875,0.0
10,COPOC,RPS,0.18000000000000005,0.8625,1.828125,0.828125,1.0681818181818181,2.0,2.460069444444444,0.146875,0.0
10,COPOC,RPS,0.19999999999999996,0.853125,1.76875,0.76875,1.0638297872340425,2.0,2.33125,0.15625,0.0
10,COPOC,OCDF,0.010000000000000009,0.99375,4.815625,3.815625,1.0,1.0,5.065624999999999,0.00625,0.0
10,COPOC,OCDF,0.020000000000000018,0.990625,4.740625,3.740625,1.0,1.0,4.678124999999999,0.009375,0.0
10,COPOC,OCDF,0.030000000000000027,0.9875,4.415625,3.415625,1.0,1.0,4.2489583333333325,0.0125,0.0
10,COPOC,OCDF,0.050000000000000044,0.971875,4.009375,3.009375,1.1111111111111112,2.0,4.2593749999999995,0.03125,0.0
10,COPOC,OCDF,0.07999999999999996,0.946875,3.809375,2.809375,1.0588235294117647,2.0,4.215625000000001,0.05625,0.0
10,COPOC,OCDF,0.09999999999999998,0.925,3.66875,2.66875,1.0833333333333333,2.0,4.29375,0.08125,0.0
10,COPOC,OCDF,0.13,0.9,3.43125,2.43125,1.0625,2.0,4.065865384615385,0.10625,0.0
10,COPOC,OCDF,0.15000000000000002,0.8875,3.3375,2.3375,1.0555555555555556,2.0,3.920833333333333,0.11875,0.0
10,COPOC,OCDF,0.18000000000000005,0.85625,3.1875,2.1875,1.108695652173913,2.0,3.958333333333333,0.159375,0.0
10,COPOC,OCDF,0.19999999999999996,0.825,3.053125,2.053125,1.0892857142857142,2.0,3.959375,0.190625,0.0
10,COPOC,APS,0.010000000000000009,0.98125,3.740625,2.740625,1.0,1.0,6.490624999999997,0.01875,0.0
10,COPOC,APS,0.020000000000000018,0.9625,3.36875,2.36875,1.1666666666666667,2.0,6.743749999999997,0.04375,0.0
10,COPOC,APS,0.030000000000000027,0.959375,3.290625,2.290625,1.1538461538461537,2.0,5.415624999999997,0.046875,0.0
10,COPOC,APS,0.050000000000000044,0.94375,3.134375,2.134375,1.1111111111111112,2.0,4.634374999999998,0.0625,0.0
10,COPOC,APS,0.07999999999999996,0.934375,2.871875,1.871875,1.0952380952380953,2.0,3.6687500000000006,0.071875,0.0
10,COPOC,APS,0.09999999999999998,0.928125,2.646875,1.646875,1.0869565217391304,2.0,3.209375,0.078125,0.0
10,COPOC,APS,0.13,0.890625,2.209375,1.209375,1.0571428571428572,2.0,2.988221153846154,0.115625,0.0
10,COPOC,APS,0.15000000000000002,0.871875,2.05625,1.05625,1.048780487804878,2.0,2.8479166666666664,0.134375,0.0
10,COPOC,APS,0.18000000000000005,0.85625,1.978125,0.978125,1.0434782608695652,2.0,2.644791666666666,0.15,0.0
10,COPOC,APS,0.19999999999999996,0.840625,1.90625,0.90625,1.0392156862745099,2.0,2.5625,0.165625,0.0
10,COPOC,LAC,0.010000000000000009,0.9875,3.7375,2.7375,1.0,1.0,5.237499999999998,0.0125,0.0
10,COPOC,LAC,0.020000000000000018,0.959375,3.33125,2.33125,1.0,1.0,6.393749999999995,0.040625,0.0
10,COPOC,LAC,0.030000000000000027,0.94375,3.125,2.125,1.0,1.0,5.874999999999997,0.05625,0.0
10,COPOC,LAC,0.050000000000000044,0.934375,2.8625,1.8625,1.0476190476190477,2.0,4.612499999999998,0.06875,0.0
10,COPOC,LAC,0.07999999999999996,0.91875,2.684375,1.684375,1.0384615384615385,2.0,3.7937500000000015,0.084375,0.0
10,COPOC,LAC,0.09999999999999998,0.915625,2.534375,1.534375,1.037037037037037,2.0,3.284375,0.0875,0.0
10,COPOC,LAC,0.13,0.890625,2.415625,1.415625,1.0285714285714285,2.0,3.1463942307692307,0.1125,0.0
10,COPOC,LAC,0.15000000000000002,0.88125,2.328125,1.328125,1.0263157894736843,2.0,2.953125,0.121875,0.0
10,COPOC,LAC,0.18000000000000005,0.865625,2.1875,1.1875,1.0930232558139534,2.0,2.8194444444444438,0.146875,0.0
10,COPOC,LAC,0.19999999999999996,0.846875,2.00625,1.009375,1.1428571428571428,4.0,2.696875,0.175,0.0
11,COPOC,min-CPS,0.010000000000000009,0.99375,3.940625,2.940625,1.0,1.0,4.190624999999999,0.00625,0.0
11,COPOC,min-CPS,0.020000000000000018,0.9875,3.61875,2.61875,1.0,1.0,3.8687499999999986,0.0125,0.0
11,COPOC,min-CPS,0.030000000000000027,0.9875,3.53125,2.53125,1.0,1.0,3.364583333333333,0.0125,0.0
11,COPOC,min-CPS,0.050000000000000044,0.971875,3.290625,2.290625,1.1111111111111112,2.0,3.5406249999999986,0.03125,0.0
11,COPOC,min-CPS,0.07999999999999996,0.934375,2.83125,1.83125,1.0476190476190477,2.0,3.5500000000000016,0.06875,0.0
11,COPOC,min-CPS,0.09999999999999998,0.925,2.75,1.75,1.0416666666666667,2.0,3.3125,0.078125,0.0
11,COPOC,min-CPS,0.13,0.89375,2.559375,1.559375,1.0294117647058822,2.0,3.242067307692307,0.109375,0.0
11,COPOC,min-CPS,0.15000000000000002,0.853125,2.29375,1.29375,1.0212765957446808,2.0,3.29375,0.15,0.0
11,COPOC,min-CPS,0.18000000000000005,0.825,2.178125,1.178125,1.0357142857142858,2.0,3.192013888888888,0.18125,0.0
11,COPOC,min-CPS,0.19999999999999996,0.78125,1.984375,0.984375,1.0571428571428572,2.0,3.296875,0.23125,0.0
11,COPOC,RPS,0.010000000000000009,0.9875,3.453125,2.453125,1.0,1.0,4.953124999999998,0.0125,0.0
11,COPOC,RPS,0.020000000000000018,0.9875,3.3875,2.3875,1.0,1.0,3.6374999999999984,0.0125,0.0
11,COPOC,RPS,0.030000000000000027,0.98125,3.225,2.225,1.0,1.0,3.474999999999999,0.01875,0.0
11,COPOC,RPS,0.050000000000000044,0.975,3.090625,2.090625,1.0,1.0,3.0906249999999993,0.025,0.0
11,COPOC,RPS,0.07999999999999996,0.959375,2.734375,1.734375,1.0769230769230769,2.0,2.828125000000001,0.04375,0.0
11,COPOC,RPS,0.09999999999999998,0.915625,2.23125,1.23125,1.037037037037037,2.0,2.98125,0.0875,0.0
11,COPOC,RPS,0.13,0.871875,1.95,0.95,1.024390243902439,2.0,2.969230769230769,0.13125,0.0
11,COPOC,RPS,0.15000000000000002,0.85625,1.80625,0.80625,1.0217391304347827,2.0,2.7645833333333334,0.146875,0.0
11,COPOC,RPS,0.18000000000000005,0.809375,1.665625,0.665625,1.0163934426229508,2.0,2.818402777777777,0.19375,0.0
11,COPOC,RPS,0.19999999999999996,0.778125,1.5875,0.5875,1.0140845070422535,2.0,2.8375,0.225,0.0
11,COPOC,OCDF,0.010000000000000009,0.9875,4.728125,3.728125,1.0,1.0,6.228124999999998,0.0125,0.0
11,COPOC,OCDF,0.020000000000000018,0.971875,4.20625,3.20625,1.2222222222222223,2.0,6.643749999999997,0.034375,0.0
11,COPOC,OCDF,0.030000000000000027,0.95625,4.084375,3.084375,1.1428571428571428,2.0,6.417708333333332,0.05,0.0
11,COPOC,OCDF,0.050000000000000044,0.95,3.96875,2.96875,1.125,2.0,5.218749999999998,0.05625,0.0
11,COPOC,OCDF,0.07999999999999996,0.91875,3.721875,2.721875,1.0769230769230769,2.0,4.909375000000002,0.0875,0.0
11,COPOC,OCDF,0.09999999999999998,0.90625,3.5875,2.5875,1.0666666666666667,2.0,4.5875,0.1,0.0
11,COPOC,OCDF,0.13,0.8875,3.434375,2.434375,1.0555555555555556,2.0,4.261298076923077,0.11875,0.0
11,COPOC,OCDF,0.15000000000000002,0.875,3.321875,2.321875,1.05,2.0,4.071875,0.13125,0.0
11,COPOC,OCDF,0.18000000000000005,0.85625,3.203125,2.203125,1.0869565217391304,2.0,3.93923611111111,0.15625,0.0
11,COPOC,OCDF,0.19999999999999996,0.83125,3.096875,2.096875,1.0925925925925926,2.0,3.940625,0.184375,0.0
11,COPOC,APS,0.010000000000000009,0.990625,4.08125,3.08125,1.0,1.0,4.956249999999999,0.009375,0.0
11,COPOC,APS,0.020000000000000018,0.990625,3.80625,2.80625,1.0,1.0,3.7437499999999986,0.009375,0.0
11,COPOC,APS,0.030000000000000027,0.978125,3.36875,2.36875,1.0,1.0,3.827083333333333,0.021875,0.0
11,COPOC,APS,0.050000000000000044,0.95625,3.06875,2.06875,1.0,1.0,3.8187499999999988,0.04375,0.0
11,COPOC,APS,0.07999999999999996,0.94375,2.828125,1.828125,1.0555555555555556,2.0,3.3125000000000013,0.059375,0.0
11,COPOC,APS,0.09999999999999998,0.93125,2.653125,1.653125,1.0454545454545454,2.0,3.090625,0.071875,0.0
11,COPOC,APS,0.13,0.90625,2.384375,1.384375,1.0666666666666667,2.0,2.9228365384615387,0.1,0.0
11,COPOC,APS,0.15000000000000002,0.86875,2.11875,1.11875,1.0476190476190477,2.0,2.9520833333333334,0.1375,0.0
11,COPOC,APS,0.18000000000000005,0.8125,1.85625,0.8625,1.15,4.0,3.0847222222222217,0.215625,0.0
11,COPOC,APS,0.19999999999999996,0.78125,1.753125,0.759375,1.1285714285714286,4.0,3.071875,0.246875,0.0
11,COPOC,LAC,0.010000000000000009,0.99375,3.921875,2.921875,1.0,1.0,4.171874999999998,0.00625,0.0
11,COPOC,LAC,0.020000000000000018,0.990625,3.59375,2.59375,1.0,1.0,3.5312499999999987,0.009375,0.0
11,COPOC,LAC,0.030000000000000027,0.9875,3.4375,2.4375,1.0,1.0,3.270833333333333,0.0125,0.0
11,COPOC,LAC,0.050000000000000044,0.96875,3.115625,2.115625,1.0,1.0,3.3656249999999988,0.03125,0.0
11,COPOC,LAC,0.07999999999999996,0.946875,2.765625,1.765625,1.0588235294117647,2.0,3.171875000000001,0.05625,0.0
11,COPOC,LAC,0.09999999999999998,0.921875,2.5375,1.5375,1.04,2.0,3.1625,0.08125,0.0
11,COPOC,LAC,0.13,0.896875,2.375,1.375,1.0606060606060606,2.0,3.0576923076923075,0.109375,0.0
11,COPOC,LAC,0.15000000000000002,0.884375,2.278125,1.278125,1.054054054054054,2.0,2.903125,0.121875,0.0
11,COPOC,LAC,0.18000000000000005,0.85625,2.09375,1.09375,1.0869565217391304,2.0,2.8298611111111107,0.15625,0.0
11,COPOC,LAC,0.19999999999999996,0.81875,1.890625,0.9,1.2241379310344827,4.0,2.9,0.221875,0.0
12,COPOC,min-CPS,0.010000000000000009,0.990625,3.990625,2.990625,1.0,1.0,4.865624999999999,0.009375,0.0
12,COPOC,min-CPS,0.020000000000000018,0.975,3.440625,2.440625,1.0,1.0,4.940624999999998,0.025,0.0
12,COPOC,min-CPS,0.030000000000000027,0.96875,3.421875,2.421875,1.0,1.0,4.505208333333331,0.03125,0.0
12,COPOC,min-CPS,0.050000000000000044,0.9375,3.003125,2.003125,1.0,1.0,4.503124999999998,0.0625,0.0
12,COPOC,min-CPS,0.07999999999999996,0.91875,2.80625,1.80625,1.0,1.0,3.8375000000000012,0.08125,0.0
12,COPOC,min-CPS,0.09999999999999998,0.896875,2.696875,1.696875,1.0,1.0,3.759375,0.103125,0.0
12,COPOC,min-CPS,0.13,0.875,2.496875,1.496875,1.0,1.0,3.4199519230769226,0.125,0.0
12,COPOC,min-CPS,0.15000000000000002,0.846875,2.284375,1.284375,1.0204081632653061,2.0,3.367708333333333,0.15625,0.0
12,COPOC,min-CPS,0.18000000000000005,0.821875,2.20625,1.20625,1.0350877192982457,2.0,3.2548611111111105,0.184375,0.0
12,COPOC,min-CPS,0.19999999999999996,0.790625,2.065625,1.065625,1.044776119402985,2.0,3.253125,0.21875,0.0
12,COPOC,RPS,0.010000000000000009,0.99375,3.575,2.575,1.0,1.0,3.8249999999999984,0.00625,0.0
12,COPOC,RPS,0.020000000000000018,0.98125,3.34375,2.34375,1.0,1.0,4.218749999999998,0.01875,0.0
12,COPOC,RPS,0.030000000000000027,0.959375,3.121875,2.121875,1.0,1.0,4.830208333333331,0.040625,0.0
12,COPOC,RPS,0.050000000000000044,0.940625,2.875,1.875,1.0,1.0,4.249999999999998,0.059375,0.0
12,COPOC,RPS,0.07999999999999996,0.909375,2.284375,1.284375,1.0,1.0,3.5500000000000016,0.090625,0.0
12,COPOC,RPS,0.09999999999999998,0.89375,2.053125,1.053125,1.0294117647058822,2.0,3.240625,0.109375,0.0
12,COPOC,RPS,0.13,0.865625,1.928125,0.928125,1.0232558139534884,2.0,3.043509615384615,0.1375,0.0
12,COPOC,RPS,0.15000000000000002,0.846875,1.81875,0.81875,1.0204081632653061,2.0,2.902083333333333,0.15625,0.0
12,COPOC,RPS,0.18000000000000005,0.825,1.7375,0.7375,1.0178571428571428,2.0,2.716666666666666,0.178125,0.0
12,COPOC,RPS,0.19999999999999996,0.809375,1.690625,0.690625,1.0163934426229508,2.0,2.628125,0.19375,0.0
12,COPOC,OCDF,0.010000000000000009,0.99375,4.796875,3.796875,1.0,1.0,5.046874999999998,0.00625,0.0
12,COPOC,OCDF,0.020000000000000018,0.990625,4.696875,3.696875,1.0,1.0,4.634374999999999,0.009375,0.0
12,COPOC,OCDF,0.030000000000000027,0.98125,4.2375,3.2375,1.1666666666666667,2.0,4.695833333333333,0.021875,0.0
12,COPOC,OCDF,0.050000000000000044,0.96875,4.00625,3.00625,1.1,2.0,4.381249999999999,0.034375,0.0
12,COPOC,OCDF,0.07999999999999996,0.940625,3.79375,2.79375,1.0526315789473684,2.0,4.356250000000001,0.0625,0.0
12,COPOC,OCDF,0.09999999999999998,0.91875,3.590625,2.590625,1.0384615384615385,2.0,4.278125,0.084375,0.0
12,COPOC,OCDF,0.13,0.896875,3.41875,2.41875,1.0303030303030303,2.0,4.053365384615384,0.10625,0.0
12,COPOC,OCDF,0.15000000000000002,0.86875,3.296875,2.296875,1.0714285714285714,2.0,4.171875,0.140625,0.0
12,COPOC,OCDF,0.18000000000000005,0.821875,3.11875,2.11875,1.0701754385964912,2.0,4.236805555555554,0.190625,0.0
12,COPOC,OCDF,0.19999999999999996,0.790625,2.990625,1.990625,1.0746268656716418,2.0,4.240625,0.225,0.0
12,COPOC,APS,0.010000000000000009,0.9875,4.075,3.075,1.0,1.0,5.5749999999999975,0.0125,0.0
12,COPOC,APS,0.020000000000000018,0.984375,3.521875,2.521875,1.0,1.0,4.084374999999999,0.015625,0.0
12,COPOC,APS,0.030000000000000027,0.98125,3.428125,2.428125,1.0,1.0,3.6781249999999988,0.01875,0.0
12,COPOC,APS,0.050000000000000044,0.95625,3.16875,2.16875,1.0,1.0,3.9187499999999984,0.04375,0.0
12,COPOC,APS,0.07999999999999996,0.928125,2.890625,1.890625,1.0,1.0,3.6875000000000013,0.071875,0.0
12,COPOC,APS,0.09999999999999998,0.9125,2.58125,1.58125,1.0,1.0,3.33125,0.0875,0.0
12,COPOC,APS,0.13,0.890625,2.3,1.3,1.0,1.0,2.9826923076923078,0.109375,0.0
12,COPOC,APS,0.15000000000000002,0.85625,2.071875,1.071875,1.0217391304347827,2.0,3.030208333333333,0.146875,0.0
12,COPOC,APS,0.18000000000000005,0.815625,1.875,0.875,1.0169491525423728,2.0,2.958333333333333,0.1875,0.0
12,COPOC,APS,0.19999999999999996,0.7875,1.76875,0.771875,1.0735294117647058,4.0,2.959375,0.228125,0.0
12,COPOC,LAC,0.010000000000000009,0.990625,3.853125,2.853125,1.0,1.0,4.728124999999999,0.009375,0.0
12,COPOC,LAC,0.020000000000000018,0.98125,3.484375,2.484375,1.0,1.0,4.359374999999998,0.01875,0.0
12,COPOC,LAC,0.030000000000000027,0.965625,3.35,2.35,1.0,1.0,4.641666666666665,0.034375,0.0
12,COPOC,LAC,0.050000000000000044,0.940625,2.91875,1.91875,1.0,1.0,4.2937499999999975,0.059375,0.0
12,COPOC,LAC,0.07999999999999996,0.903125,2.553125,1.553125,1.0,1.0,3.9750000000000014,0.096875,0.0
12,COPOC,LAC,0.09999999999999998,0.878125,2.36875,1.36875,1.0,1.0,3.80625,0.121875,0.0
12,COPOC,LAC,0.13,0.859375,2.240625,1.240625,1.0,1.0,3.404086538461538,0.140625,0.0
12,COPOC,LAC,0.15000000000000002,0.846875,2.115625,1.115625,1.0204081632653061,2.0,3.1989583333333327,0.15625,0.0
12,COPOC,LAC,0.18000000000000005,0.8375,2.0375,1.040625,1.0769230769230769,4.0,2.9503472222222213,0.175,0.0
12,COPOC,LAC,0.19999999999999996,0.8125,1.840625,0.853125,1.2166666666666666,4.0,2.946875,0.228125,0.0
13,COPOC,min-CPS,0.010000000000000009,0.99375,3.975,2.975,1.0,1.0,4.224999999999999,0.00625,0.0
13,COPOC,min-CPS,0.020000000000000018,0.9875,3.640625,2.640625,1.0,1.0,3.8906249999999987,0.0125,0.0
13,COPOC,min-CPS,0.030000000000000027,0.98125,3.4,2.4,1.0,1.0,3.6499999999999995,0.01875,0.0
13,COPOC,min-CPS,0.050000000000000044,0.975,3.3,2.3,1.0,1.0,3.2999999999999985,0.025,0.0
13,COPOC,min-CPS,0.07999999999999996,0.94375,2.909375,1.909375,1.0,1.0,3.3156250000000016,0.05625,0.0
13,COPOC,min-CPS,0.09999999999999998,0.928125,2.771875,1.771875,1.0,1.0,3.209375,0.071875,0.0
13,COPOC,min-CPS,0.13,0.878125,2.521875,1.521875,1.0256410256410255,2.0,3.4449519230769226,0.125,0.0
13,COPOC,min-CPS,0.15000000000000002,0.846875,2.25625,1.25625,1.0204081632653061,2.0,3.3395833333333327,0.15625,0.0
13,COPOC,min-CPS,0.18000000000000005,0.825,2.171875,1.171875,1.0357142857142858,2.0,3.185763888888888,0.18125,0.0
13,COPOC,min-CPS,0.19999999999999996,0.8,2.071875,1.071875,1.03125,2.0,3.134375,0.20625,0.0
13,COPOC,RPS,0.010000000000000009,0.99375,3.54375,2.54375,1.0,1.0,3.7937499999999984,0.00625,0.0
13,COPOC,RPS,0.020000000000000018,0.984375,3.30625,2.30625,1.0,1.0,3.8687499999999986,0.015625,0.0
13,COPOC,RPS,0.030000000000000027,0.978125,3.209375,2.209375,1.0,1.0,3.6677083333333327,0.021875,0.0
13,COPOC,RPS,0.050000000000000044,0.975,3.08125,2.08125,1.0,1.0,3.081249999999999,0.025,0.0
13,COPOC,RPS,0.07999999999999996,0.9375,2.584375,1.584375,1.0,1.0,3.146875000000001,0.0625,0.0
13,COPOC,RPS,0.09999999999999998,0.915625,2.19375,1.19375,1.0,1.0,2.88125,0.084375,0.0
13,COPOC,RPS,0.13,0.903125,1.996875,0.996875,1.032258064516129,2.0,2.5353365384615385,0.1,0.0
13,COPOC,RPS,0.15000000000000002,0.871875,1.91875,0.91875,1.024390243902439,2.0,2.66875,0.13125,0.0
13,COPOC,RPS,0.18000000000000005,0.809375,1.703125,0.703125,1.0163934426229508,2.0,2.8559027777777772,0.19375,0.0
13,COPOC,RPS,0.19999999999999996,0.7875,1.63125,0.63125,1.0147058823529411,2.0,2.7875,0.215625,0.0
13,COPOC,OCDF,0.010000000000000009,0.990625,4.771875,3.771875,1.0,1.0,5.646874999999999,0.009375,0.0
13,COPOC,OCDF,0.020000000000000018,0.975,4.28125,3.28125,1.125,2.0,6.093749999999997,0.028125,0.0
13,COPOC,OCDF,0.030000000000000027,0.9625,4.1375,3.1375,1.0833333333333333,2.0,5.845833333333331,0.040625,0.0
13,COPOC,OCDF,0.050000000000000044,0.925,3.815625,2.815625,1.0416666666666667,2.0,5.940624999999997,0.078125,0.0
13,COPOC,OCDF,0.07999999999999996,0.896875,3.609375,2.609375,1.0606060606060606,2.0,5.343750000000002,0.109375,0.0
13,COPOC,OCDF,0.09999999999999998,0.875,3.43125,2.43125,1.075,2.0,5.11875,0.134375,0.0
13,COPOC,OCDF,0.13,0.859375,3.3125,2.3125,1.0888888888888888,2.0,4.668269230769231,0.153125,0.0
13,COPOC,OCDF,0.15000000000000002,0.84375,3.1875,2.1875,1.08,2.0,4.4375,0.16875,0.0
13,COPOC,OCDF,0.18000000000000005,0.825,3.084375,2.084375,1.0892857142857142,2.0,4.202430555555554,0.190625,0.0
13,COPOC,OCDF,0.19999999999999996,0.80625,2.971875,1.971875,1.096774193548387,2.0,4.096875,0.2125,0.0
13,COPOC,APS,0.010000000000000009,0.990625,4.146875,3.146875,1.0,1.0,5.021874999999999,0.009375,0.0
13,COPOC,APS,0.020000000000000018,0.990625,3.921875,2.921875,1.0,1.0,3.859374999999999,0.009375,0.0
13,COPOC,APS,0.030000000000000027,0.990625,3.690625,2.690625,1.0,1.0,3.315625,0.009375,0.0
13,COPOC,APS,0.050000000000000044,0.96875,3.25,2.25,1.0,1.0,3.4999999999999987,0.03125,0.0
13,COPOC,APS,0.07999999999999996,0.946875,2.928125,1.928125,1.0588235294117647,2.0,3.3343750000000005,0.05625,0.0
13,COPOC,APS,0.09999999999999998,0.93125,2.65625,1.65625,1.0454545454545454,2.0,3.09375,0.071875,0.0
13,COPOC,APS,0.13,0.878125,2.225,1.225,1.0256410256410255,2.0,3.1480769230769226,0.125,0.0
13,COPOC,APS,0.15000000000000002,0.85,2.01875,1.01875,1.0416666666666667,2.0,3.1020833333333333,0.15625,0.0
13,COPOC,APS,0.18000000000000005,0.8,1.83125,0.83125,1.03125,2.0,3.1229166666666663,0.20625,0.0
13,COPOC,APS,0.19999999999999996,0.78125,1.74375,0.74375,1.042857142857143,2.0,3.025,0.228125,0.0
13,COPOC,LAC,0.010000000000000009,0.99375,3.95625,2.95625,1.0,1.0,4.206249999999999,0.00625,0.0
13,COPOC,LAC,0.020000000000000018,0.990625,3.603125,2.603125,1.0,1.0,3.5406249999999986,0.009375,0.0
13,COPOC,LAC,0.030000000000000027,0.98125,3.38125,2.38125,1.0,1.0,3.631249999999999,0.01875,0.0
13,COPOC,LAC,0.050000000000000044,0.975,3.24375,2.24375,1.0,1.0,3.2437499999999986,0.025,0.0
13,COPOC,LAC,0.07999999999999996,0.94375,2.75,1.75,1.0,1.0,3.156250000000001,0.05625,0.0
13,COPOC,LAC,0.09999999999999998,0.9,2.440625,1.440625,1.0,1.0,3.440625,0.1,0.0
13,COPOC,LAC,0.13,0.871875,2.29375,1.29375,1.0,1.0,3.264903846153846,0.128125,0.0
13,COPOC,LAC,0.15000000000000002,0.85,2.16875,1.16875,1.0416666666666667,2.0,3.2520833333333328,0.15625,0.0
13,COPOC,LAC,0.18000000000000005,0.8125,1.9375,0.94375,1.15,4.0,3.2006944444444434,0.215625,0.0
13,COPOC,LAC,0.19999999999999996,0.79375,1.803125,0.8125,1.1818181818181819,4.0,3.0625,0.24375,0.0
14,COPOC,min-CPS,0.010000000000000009,0.996875,3.9625,2.9625,1.0,1.0,3.5874999999999995,0.003125,0.0
14,COPOC,min-CPS,0.020000000000000018,0.984375,3.571875,2.571875,1.0,1.0,4.134374999999999,0.015625,0.0
14,COPOC,min-CPS,0.030000000000000027,0.96875,3.4,2.4,1.0,1.0,4.483333333333332,0.03125,0.0
14,COPOC,min-CPS,0.050000000000000044,0.940625,2.96875,1.96875,1.0,1.0,4.343749999999998,0.059375,0.0
14,COPOC,min-CPS,0.07999999999999996,0.884375,2.703125,1.703125,1.0,1.0,4.593750000000002,0.115625,0.0
14,COPOC,min-CPS,0.09999999999999998,0.884375,2.634375,1.634375,1.0,1.0,3.946875,0.115625,0.0
14,COPOC,min-CPS,0.13,0.840625,2.34375,1.34375,1.0,1.0,3.7956730769230766,0.159375,0.0
14,COPOC,min-CPS,0.15000000000000002,0.825,2.271875,1.271875,1.0,1.0,3.6052083333333327,0.175,0.0
14,COPOC,min-CPS,0.18000000000000005,0.815625,2.165625,1.165625,1.0169491525423728,2.0,3.248958333333333,0.1875,0.0
14,COPOC,min-CPS,0.19999999999999996,0.790625,2.04375,1.04375,1.0298507462686568,2.0,3.2,0.215625,0.0
14,COPOC,RPS,0.010000000000000009,0.99375,3.5375,2.5375,1.0,1.0,3.7874999999999988,0.00625,0.0
14,COPOC,RPS,0.020000000000000018,0.9875,3.41875,2.41875,1.0,1.0,3.6687499999999984,0.0125,0.0
14,COPOC,RPS,0.030000000000000027,0.9625,3.115625,2.115625,1.0,1.0,4.615624999999999,0.0375,0.0
14,COPOC,RPS,0.050000000000000044,0.940625,2.875,1.875,1.0,1.0,4.249999999999998,0.059375,0.0
14,COPOC,RPS,0.07999999999999996,0.903125,2.296875,1.296875,1.032258064516129,2.0,3.7968750000000013,0.1,0.0
14,COPOC,RPS,0.09999999999999998,0.896875,2.103125,1.103125,1.0303030303030303,2.0,3.228125,0.10625,0.0
14,COPOC,RPS,0.13,0.846875,1.8625,0.8625,1.0204081632653061,2.0,3.266346153846153,0.15625,0.0
14,COPOC,RPS,0.15000000000000002,0.81875,1.746875,0.746875,1.0172413793103448,2.0,3.2052083333333328,0.184375,0.0
14,COPOC,RPS,0.18000000000000005,0.765625,1.61875,0.61875,1.0133333333333334,2.0,3.2576388888888888,0.2375,0.0
14,COPOC,RPS,0.19999999999999996,0.75625,1.546875,0.546875,1.0128205128205128,2.0,3.015625000000001,0.246875,0.0
14,COPOC,OCDF,0.010000000000000009,0.984375,4.690625,3.690625,1.0,1.0,6.815624999999997,0.015625,0.0
14,COPOC,OCDF,0.020000000000000018,0.975,4.2375,3.2375,1.125,2.0,6.049999999999998,0.028125,0.0
14,COPOC,OCDF,0.030000000000000027,0.971875,4.13125,3.13125,1.1111111111111112,2.0,5.214583333333332,0.03125,0.0
14,COPOC,OCDF,0.050000000000000044,0.953125,3.953125,2.953125,1.0666666666666667,2.0,4.953124999999998,0.05,0.0
14,COPOC,OCDF,0.07999999999999996,0.9125,3.675,2.675,1.1071428571428572,2.0,5.096875000000002,0.096875,0.0
14,COPOC,OCDF,0.09999999999999998,0.878125,3.465625,2.465625,1.0769230769230769,2.0,5.090625,0.13125,0.0
14,COPOC,OCDF,0.13,0.834375,3.284375,2.284375,1.0754716981132075,2.0,5.024759615384616,0.178125,0.0
14,COPOC,OCDF,0.15000000000000002,0.80625,3.1625,2.1625,1.0806451612903225,2.0,4.954166666666666,0.209375,0.0
14,COPOC,OCDF,0.18000000000000005,0.775,3.021875,2.021875,1.0694444444444444,2.0,4.69548611111111,0.240625,0.0
14,COPOC,OCDF,0.19999999999999996,0.765625,2.990625,1.990625,1.0666666666666667,2.0,4.490625,0.25,0.0
14,COPOC,APS,0.010000000000000009,0.99375,4.3375,3.3375,1.0,1.0,4.587499999999999,0.00625,0.0
14,COPOC,APS,0.020000000000000018,0.9875,3.803125,2.803125,1.0,1.0,4.053124999999999,0.0125,0.0
14,COPOC,APS,0.030000000000000027,0.978125,3.359375,2.359375,1.0,1.0,3.817708333333333,0.021875,0.0
14,COPOC,APS,0.050000000000000044,0.953125,3.084375,2.084375,1.0,1.0,3.9593749999999988,0.046875,0.0
14,COPOC,APS,0.07999999999999996,0.903125,2.596875,1.596875,1.0,1.0,4.018750000000002,0.096875,0.0
14,COPOC,APS,0.09999999999999998,0.86875,2.346875,1.346875,1.0,1.0,3.971875,0.13125,0.0
14,COPOC,APS,0.13,0.853125,2.159375,1.159375,1.0,1.0,3.418990384615384,0.146875,0.0
14,COPOC,APS,0.15000000000000002,0.834375,2.0,1.0,1.0,1.0,3.208333333333333,0.165625,0.0
14,COPOC,APS,0.18000000000000005,0.83125,1.890625,0.890625,1.0,1.0,2.765624999999999,0.16875,0.0
14,COPOC,APS,0.19999999999999996,0.79375,1.753125,0.75625,1.0757575757575757,4.0,2.88125,0.221875,0.0
14,COPOC,LAC,0.010000000000000009,0.996875,3.953125,2.953125,1.0,1.0,3.578124999999999,0.003125,0.0
14,COPOC,LAC,0.020000000000000018,0.990625,3.6125,2.6125,1.0,1.0,3.5499999999999985,0.009375,0.0
14,COPOC,LAC,0.030000000000000027,0.965625,3.321875,2.321875,1.0,1.0,4.613541666666665,0.034375,0.0
14,COPOC,LAC,0.050000000000000044,0.946875,2.990625,1.990625,1.0,1.0,4.115624999999999,0.053125,0.0
14,COPOC,LAC,0.07999999999999996,0.878125,2.459375,1.459375,1.0,1.0,4.506250000000001,0.121875,0.0
14,COPOC,LAC,0.09999999999999998,0.85625,2.346875,1.346875,1.0,1.0,4.221875,0.14375,0.0
14,COPOC,LAC,0.13,0.815625,2.125,1.125,1.0338983050847457,2.0,4.0576923076923075,0.190625,0.0
14,COPOC,LAC,0.15000000000000002,0.8,2.01875,1.021875,1.078125,4.0,3.8552083333333327,0.215625,0.0
14,COPOC,LAC,0.18000000000000005,0.775,1.790625,0.796875,1.1388888888888888,4.0,3.609375,0.25625,0.0
14,COPOC,LAC,0.19999999999999996,0.75625,1.696875,0.7125,1.2435897435897436,4.0,3.525,0.303125,0.0
15,COPOC,min-CPS,0.010000000000000009,0.996875,3.959375,2.959375,1.0,1.0,3.584374999999999,0.003125,0.0
15,COPOC,min-CPS,0.020000000000000018,0.99375,3.859375,2.859375,1.0,1.0,3.484374999999999,0.00625,0.0
15,COPOC,min-CPS,0.030000000000000027,0.9875,3.53125,2.53125,1.0,1.0,3.364583333333333,0.0125,0.0
15,COPOC,min-CPS,0.050000000000000044,0.96875,3.24375,2.24375,1.0,1.0,3.4937499999999986,0.03125,0.0
15,COPOC,min-CPS,0.07999999999999996,0.95,2.909375,1.909375,1.0,1.0,3.1593750000000007,0.05,0.0
15,COPOC,min-CPS,0.09999999999999998,0.928125,2.753125,1.753125,1.0,1.0,3.190625,0.071875,0.0
15,COPOC,min-CPS,0.13,0.903125,2.615625,1.615625,1.032258064516129,2.0,3.1540865384615384,0.1,0.0
15,COPOC,min-CPS,0.15000000000000002,0.890625,2.475,1.475,1.0285714285714285,2.0,2.975,0.1125,0.0
15,COPOC,min-CPS,0.18000000000000005,0.84375,2.24375,1.24375,1.02,2.0,3.014583333333333,0.159375,0.0
15,COPOC,min-CPS,0.19999999999999996,0.803125,2.06875,1.06875,1.0317460317460319,2.0,3.1,0.203125,0.0
15,COPOC,RPS,0.010000000000000009,0.996875,3.65625,2.65625,1.0,1.0,3.281249999999999,0.003125,0.0
15,COPOC,RPS,0.020000000000000018,0.99375,3.521875,2.521875,1.0,1.0,3.146874999999999,0.00625,0.0
15,COPOC,RPS,0.030000000000000027,0.9875,3.290625,2.290625,1.0,1.0,3.123958333333333,0.0125,0.0
15,COPOC,RPS,0.050000000000000044,0.95,2.934375,1.934375,1.0,1.0,3.9343749999999984,0.05,0.0
15,COPOC,RPS,0.07999999999999996,0.934375,2.584375,1.584375,1.0,1.0,3.2250000000000014,0.065625,0.0
15,COPOC,RPS,0.09999999999999998,0.93125,2.309375,1.309375,1.0,1.0,2.684375,0.06875,0.0
15,COPOC,RPS,0.13,0.896875,1.965625,0.965625,1.0303030303030303,2.0,2.6002403846153848,0.10625,0.0
15,COPOC,RPS,0.15000000000000002,0.871875,1.878125,0.878125,1.024390243902439,2.0,2.628125,0.13125,0.0
15,COPOC,RPS,0.18000000000000005,0.85625,1.7875,0.7875,1.0217391304347827,2.0,2.4194444444444443,0.146875,0.0
15,COPOC,RPS,0.19999999999999996,0.825,1.703125,0.703125,1.0178571428571428,2.0,2.484375,0.178125,0.0
15,COPOC,OCDF,0.010000000000000009,0.98125,4.703125,3.703125,1.0,1.0,7.453124999999997,0.01875,0.0
15,COPOC,OCDF,0.020000000000000018,0.965625,4.178125,3.178125,1.0909090909090908,2.0,6.928124999999997,0.0375,0.0
15,COPOC,OCDF,0.030000000000000027,0.965625,4.11875,3.11875,1.0909090909090908,2.0,5.618749999999999,0.0375,0.0
15,COPOC,OCDF,0.050000000000000044,0.946875,3.871875,2.871875,1.0588235294117647,2.0,5.121874999999998,0.05625,0.0
15,COPOC,OCDF,0.07999999999999996,0.90625,3.646875,2.646875,1.0666666666666667,2.0,5.146875000000001,0.1,0.0
15,COPOC,OCDF,0.09999999999999998,0.88125,3.421875,2.421875,1.0789473684210527,2.0,4.984375,0.128125,0.0
15,COPOC,OCDF,0.13,0.859375,3.309375,2.309375,1.0888888888888888,2.0,4.665144230769231,0.153125,0.0
15,COPOC,OCDF,0.15000000000000002,0.846875,3.21875,2.21875,1.1224489795918366,2.0,4.510416666666666,0.171875,0.0
15,COPOC,OCDF,0.18000000000000005,0.8,3.059375,2.059375,1.109375,2.0,4.524652777777777,0.221875,0.0
15,COPOC,OCDF,0.19999999999999996,0.78125,3.003125,2.003125,1.1,2.0,4.409375,0.240625,0.0
15,COPOC,APS,0.010000000000000009,0.99375,4.34375,3.34375,1.0,1.0,4.593749999999998,0.00625,0.0
15,COPOC,APS,0.020000000000000018,0.990625,3.86875,2.86875,1.0,1.0,3.8062499999999986,0.009375,0.0
15,COPOC,APS,0.030000000000000027,0.98125,3.534375,2.534375,1.0,1.0,3.7843749999999994,0.01875,0.0
15,COPOC,APS,0.050000000000000044,0.959375,3.2,2.2,1.0,1.0,3.8249999999999984,0.040625,0.0
15,COPOC,APS,0.07999999999999996,0.940625,2.84375,1.84375,1.0,1.0,3.3281250000000013,0.059375,0.0
15,COPOC,APS,0.09999999999999998,0.91875,2.578125,1.578125,1.0,1.0,3.203125,0.08125,0.0
15,COPOC,APS,0.13,0.890625,2.325,1.325,1.0,1.0,3.0076923076923077,0.109375,0.0
15,COPOC,APS,0.15000000000000002,0.884375,2.1875,1.1875,1.027027027027027,2.0,2.770833333333333,0.11875,0.0
15,COPOC,APS,0.18000000000000005,0.834375,1.93125,0.93125,1.0566037735849056,2.0,2.875694444444444,0.175,0.0
15,COPOC,APS,0.19999999999999996,0.80625,1.796875,0.796875,1.0483870967741935,2.0,2.828125,0.203125,0.0
15,COPOC,LAC,0.010000000000000009,0.996875,3.965625,2.965625,1.0,1.0,3.5906249999999993,0.003125,0.0
15,COPOC,LAC,0.020000000000000018,0.99375,3.66875,2.66875,1.0,1.0,3.2937499999999993,0.00625,0.0
15,COPOC,LAC,0.030000000000000027,0.99375,3.484375,2.484375,1.0,1.0,2.9010416666666665,0.00625,0.0
15,COPOC,LAC,0.050000000000000044,0.965625,3.121875,2.121875,1.0,1.0,3.4968749999999984,0.034375,0.0
15,COPOC,LAC,0.07999999999999996,0.95,2.834375,1.834375,1.0,1.0,3.0843750000000005,0.05,0.0
15,COPOC,LAC,0.09999999999999998,0.928125,2.553125,1.553125,1.0,1.0,2.990625,0.071875,0.0
15,COPOC,LAC,0.13,0.9,2.340625,1.340625,1.03125,2.0,2.9271634615384614,0.103125,0.0
15,COPOC,LAC,0.15000000000000002,0.86875,2.23125,1.23125,1.0476190476190477,2.0,3.064583333333333,0.1375,0.0
15,COPOC,LAC,0.18000000000000005,0.8375,2.05625,1.05625,1.0769230769230769,2.0,3.000694444444444,0.175,0.0
15,COPOC,LAC,0.19999999999999996,0.821875,1.9,0.90625,1.1754385964912282,4.0,2.84375,0.209375,0.0
16,COPOC,min-CPS,0.010000000000000009,0.996875,3.9625,2.9625,1.0,1.0,3.5874999999999995,0.003125,0.0
16,COPOC,min-CPS,0.020000000000000018,0.9875,3.61875,2.61875,1.0,1.0,3.8687499999999986,0.0125,0.0
16,COPOC,min-CPS,0.030000000000000027,0.984375,3.390625,2.390625,1.0,1.0,3.4322916666666656,0.015625,0.0
16,COPOC,min-CPS,0.050000000000000044,0.96875,3.225,2.225,1.0,1.0,3.4749999999999988,0.03125,0.0
16,COPOC,min-CPS,0.07999999999999996,0.94375,2.86875,1.86875,1.0,1.0,3.2750000000000012,0.05625,0.0
16,COPOC,min-CPS,0.09999999999999998,0.928125,2.7625,1.7625,1.0,1.0,3.2,0.071875,0.0
16,COPOC,min-CPS,0.13,0.875,2.475,1.475,1.025,2.0,3.446153846153846,0.128125,0.0
16,COPOC,min-CPS,0.15000000000000002,0.865625,2.309375,1.309375,1.0232558139534884,2.0,3.1427083333333328,0.1375,0.0
16,COPOC,min-CPS,0.18000000000000005,0.846875,2.225,1.225,1.0408163265306123,2.0,2.9958333333333327,0.159375,0.0
16,COPOC,min-CPS,0.19999999999999996,0.834375,2.125,1.125,1.0377358490566038,2.0,2.84375,0.171875,0.0
16,COPOC,RPS,0.010000000000000009,0.9875,3.521875,2.521875,1.0,1.0,5.021874999999998,0.0125,0.0
16,COPOC,RPS,0.020000000000000018,0.978125,3.28125,2.28125,1.0,1.0,4.468749999999998,0.021875,0.0
16,COPOC,RPS,0.030000000000000027,0.975,3.203125,2.203125,1.0,1.0,3.8697916666666656,0.025,0.0
16,COPOC,RPS,0.050000000000000044,0.959375,2.975,1.975,1.0,1.0,3.5999999999999988,0.040625,0.0
16,COPOC,RPS,0.07999999999999996,0.940625,2.615625,1.615625,1.0,1.0,3.100000000000001,0.059375,0.0
16,COPOC,RPS,0.09999999999999998,0.921875,2.26875,1.26875,1.0,1.0,2.83125,0.078125,0.0
16,COPOC,RPS,0.13,0.909375,2.0125,1.0125,1.0344827586206897,2.0,2.4548076923076922,0.09375,0.0
16,COPOC,RPS,0.15000000000000002,0.884375,1.9375,0.9375,1.027027027027027,2.0,2.520833333333333,0.11875,0.0
16,COPOC,RPS,0.18000000000000005,0.853125,1.80625,0.80625,1.0212765957446808,2.0,2.472916666666666,0.15,0.0
16,COPOC,RPS,0.19999999999999996,0.825,1.703125,0.703125,1.0178571428571428,2.0,2.484375,0.178125,0.0
16,COPOC,OCDF,0.010000000000000009,0.984375,4.728125,3.728125,1.0,1.0,6.853124999999997,0.015625,0.0
16,COPOC,OCDF,0.020000000000000018,0.984375,4.571875,3.571875,1.0,1.0,5.134374999999999,0.015625,0.0
16,COPOC,OCDF,0.030000000000000027,0.978125,4.203125,3.203125,1.1428571428571428,2.0,4.869791666666666,0.025,0.0
16,COPOC,OCDF,0.050000000000000044,0.965625,3.96875,2.96875,1.0909090909090908,2.0,4.468749999999999,0.0375,0.0
16,COPOC,OCDF,0.07999999999999996,0.9375,3.74375,2.74375,1.05,2.0,4.384375,0.065625,0.0
16,COPOC,OCDF,0.09999999999999998,0.925,3.60625,2.60625,1.0833333333333333,2.0,4.23125,0.08125,0.0
16,COPOC,OCDF,0.13,0.896875,3.38125,2.38125,1.0909090909090908,2.0,4.1120192307692305,0.1125,0.0
16,COPOC,OCDF,0.15000000000000002,0.8875,3.30625,2.30625,1.0833333333333333,2.0,3.9312499999999995,0.121875,0.0
16,COPOC,OCDF,0.18000000000000005,0.86875,3.196875,2.196875,1.0714285714285714,2.0,3.7593749999999995,0.140625,0.0
16,COPOC,OCDF,0.19999999999999996,0.84375,3.109375,2.109375,1.08,2.0,3.796875,0.16875,0.0
16,COPOC,APS,0.010000000000000009,1.0,4.34375,3.34375,,0.0,3.34375,0.0,0.0
16,COPOC,APS,0.020000000000000018,0.984375,3.665625,2.665625,1.0,1.0,4.228124999999999,0.015625,0.0
16,COPOC,APS,0.030000000000000027,0.98125,3.5375,2.5375,1.0,1.0,3.787499999999999,0.01875,0.0
16,COPOC,APS,0.050000000000000044,0.971875,3.128125,2.128125,1.1111111111111112,2.0,3.3781249999999985,0.03125,0.0
16,COPOC,APS,0.07999999999999996,0.946875,2.8625,1.8625,1.0588235294117647,2.0,3.2687500000000016,0.05625,0.0
16,COPOC,APS,0.09999999999999998,0.925,2.603125,1.603125,1.0416666666666667,2.0,3.165625,0.078125,0.0
16,COPOC,APS,0.13,0.896875,2.3,1.3,1.0303030303030303,2.0,2.934615384615385,0.10625,0.0
16,COPOC,APS,0.15000000000000002,0.871875,2.01875,1.01875,1.024390243902439,2.0,2.76875,0.13125,0.0
16,COPOC,APS,0.18000000000000005,0.859375,1.875,0.875,1.0222222222222221,2.0,2.4722222222222214,0.14375,0.0
16,COPOC,APS,0.19999999999999996,0.840625,1.7875,0.7875,1.0392156862745099,2.0,2.44375,0.165625,0.0
16,COPOC,LAC,0.010000000000000009,0.996875,3.965625,2.965625,1.0,1.0,3.5906249999999993,0.003125,0.0
16,COPOC,LAC,0.020000000000000018,0.990625,3.59375,2.59375,1.0,1.0,3.5312499999999987,0.009375,0.0
16,COPOC,LAC,0.030000000000000027,0.971875,3.303125,2.303125,1.0,1.0,4.178124999999999,0.028125,0.0
16,COPOC,LAC,0.050000000000000044,0.959375,3.06875,2.06875,1.0,1.0,3.6937499999999988,0.040625,0.0
16,COPOC,LAC,0.07999999999999996,0.93125,2.68125,1.68125,1.0,1.0,3.4000000000000012,0.06875,0.0
16,COPOC,LAC,0.09999999999999998,0.909375,2.465625,1.465625,1.0,1.0,3.278125,0.090625,0.0
16,COPOC,LAC,0.13,0.89375,2.35,1.35,1.0,1.0,2.9846153846153842,0.10625,0.0
16,COPOC,LAC,0.15000000000000002,0.875,2.25625,1.25625,1.0,1.0,2.9229166666666666,0.125,0.0
16,COPOC,LAC,0.18000000000000005,0.84375,2.065625,1.06875,1.1,4.0,2.9090277777777773,0.171875,0.0
16,COPOC,LAC,0.19999999999999996,0.809375,1.846875,0.859375,1.2295081967213115,4.0,2.921875,0.234375,0.0
17,COPOC,min-CPS,0.010000000000000009,0.98125,3.6625,2.6625,1.0,1.0,6.412499999999997,0.01875,0.0
17,COPOC,min-CPS,0.020000000000000018,0.975,3.428125,2.428125,1.0,1.0,4.928124999999999,0.025,0.0
17,COPOC,min-CPS,0.030000000000000027,0.9625,3.35,2.35,1.0,1.0,4.849999999999998,0.0375,0.0
17,COPOC,min-CPS,0.050000000000000044,0.94375,2.984375,1.984375,1.0,1.0,4.234374999999998,0.05625,0.0
17,COPOC,min-CPS,0.07999999999999996,0.9125,2.765625,1.765625,1.0,1.0,3.9531250000000013,0.0875,0.0
17,COPOC,min-CPS,0.09999999999999998,0.896875,2.665625,1.665625,1.0303030303030303,2.0,3.790625,0.10625,0.0
17,COPOC,min-CPS,0.13,0.875,2.525,1.525,1.025,2.0,3.496153846153846,0.128125,0.0
17,COPOC,min-CPS,0.15000000000000002,0.8625,2.325,1.325,1.0227272727272727,2.0,3.1999999999999997,0.140625,0.0
17,COPOC,min-CPS,0.18000000000000005,0.8375,2.228125,1.228125,1.0192307692307692,2.0,3.0684027777777767,0.165625,0.0
17,COPOC,min-CPS,0.19999999999999996,0.834375,2.159375,1.159375,1.0188679245283019,2.0,2.846875,0.16875,0.0
17,COPOC,RPS,0.010000000000000009,0.9875,3.53125,2.53125,1.0,1.0,5.031249999999998,0.0125,0.0
17,COPOC,RPS,0.020000000000000018,0.978125,3.334375,2.334375,1.0,1.0,4.521874999999999,0.021875,0.0
17,COPOC,RPS,0.030000000000000027,0.959375,3.125,2.125,1.0,1.0,4.833333333333331,0.040625,0.0
17,COPOC,RPS,0.050000000000000044,0.93125,2.715625,1.715625,1.0,1.0,4.4656249999999975,0.06875,0.0
17,COPOC,RPS,0.07999999999999996,0.915625,2.353125,1.353125,1.0,1.0,3.4625000000000012,0.084375,0.0
17,COPOC,RPS,0.09999999999999998,0.896875,2.071875,1.071875,1.0606060606060606,2.0,3.259375,0.109375,0.0
17,COPOC,RPS,0.13,0.86875,1.946875,0.946875,1.0476190476190477,2.0,3.062259615384615,0.1375,0.0
17,COPOC,RPS,0.15000000000000002,0.853125,1.84375,0.84375,1.0425531914893618,2.0,2.8854166666666665,0.153125,0.0
17,COPOC,RPS,0.18000000000000005,0.825,1.715625,0.715625,1.0357142857142858,2.0,2.7295138888888886,0.18125,0.0
17,COPOC,RPS,0.19999999999999996,0.815625,1.684375,0.684375,1.0338983050847457,2.0,2.590625,0.190625,0.0
17,COPOC,OCDF,0.010000000000000009,0.984375,4.721875,3.721875,1.0,1.0,6.846874999999997,0.015625,0.0
17,COPOC,OCDF,0.020000000000000018,0.975,4.26875,3.26875,1.25,2.0,6.393749999999997,0.03125,0.0
17,COPOC,OCDF,0.030000000000000027,0.971875,4.184375,3.184375,1.2222222222222223,2.0,5.476041666666665,0.034375,0.0
17,COPOC,OCDF,0.050000000000000044,0.928125,3.771875,2.771875,1.0869565217391304,2.0,5.896874999999998,0.078125,0.0
17,COPOC,OCDF,0.07999999999999996,0.9125,3.63125,2.63125,1.1428571428571428,2.0,5.131250000000001,0.1,0.0
17,COPOC,OCDF,0.09999999999999998,0.89375,3.4875,2.4875,1.1470588235294117,2.0,4.925,0.121875,0.0
17,COPOC,OCDF,0.13,0.88125,3.38125,2.38125,1.131578947368421,2.0,4.448557692307692,0.134375,0.0
17,COPOC,OCDF,0.15000000000000002,0.85625,3.228125,2.228125,1.1304347826086956,2.0,4.394791666666666,0.1625,0.0
17,COPOC,OCDF,0.18000000000000005,0.834375,3.140625,2.140625,1.1320754716981132,2.0,4.223958333333333,0.1875,0.0
17,COPOC,OCDF,0.19999999999999996,0.815625,3.053125,2.053125,1.11864406779661,2.0,4.115625,0.20625,0.0
17,COPOC,APS,0.010000000000000009,0.99375,4.3,3.3,1.0,1.0,4.549999999999999,0.00625,0.0
17,COPOC,APS,0.020000000000000018,0.96875,3.475,2.475,1.0,1.0,5.599999999999997,0.03125,0.0
17,COPOC,APS,0.030000000000000027,0.965625,3.4,2.4,1.0,1.0,4.691666666666665,0.034375,0.0
17,COPOC,APS,0.050000000000000044,0.940625,3.021875,2.021875,1.0526315789473684,2.0,4.521874999999998,0.0625,0.0
17,COPOC,APS,0.07999999999999996,0.909375,2.603125,1.603125,1.0344827586206897,2.0,3.9468750000000012,0.09375,0.0
17,COPOC,APS,0.09999999999999998,0.896875,2.48125,1.48125,1.0303030303030303,2.0,3.60625,0.10625,0.0
17,COPOC,APS,0.13,0.8625,2.18125,1.18125,1.0454545454545454,2.0,3.392788461538461,0.14375,0.0
17,COPOC,APS,0.15000000000000002,0.85,2.040625,1.040625,1.0625,2.0,3.1656249999999995,0.159375,0.0
17,COPOC,APS,0.18000000000000005,0.8375,1.959375,0.959375,1.0576923076923077,2.0,2.8690972222222215,0.171875,0.0
17,COPOC,APS,0.19999999999999996,0.81875,1.8375,0.8375,1.0689655172413792,2.0,2.775,0.19375,0.0
17,COPOC,LAC,0.010000000000000009,0.978125,3.571875,2.571875,1.0,1.0,6.946874999999997,0.021875,0.0
17,COPOC,LAC,0.020000000000000018,0.96875,3.365625,2.365625,1.0,1.0,5.490624999999997,0.03125,0.0
17,COPOC,LAC,0.030000000000000027,0.9625,3.29375,2.29375,1.0,1.0,4.7937499999999975,0.0375,0.0
17,COPOC,LAC,0.050000000000000044,0.925,2.825,1.825,1.0,1.0,4.8249999999999975,0.075,0.0
17,COPOC,LAC,0.07999999999999996,0.90625,2.565625,1.565625,1.0,1.0,3.9093750000000016,0.09375,0.0
17,COPOC,LAC,0.09999999999999998,0.903125,2.471875,1.471875,1.032258064516129,2.0,3.471875,0.1,0.0
17,COPOC,LAC,0.13,0.878125,2.321875,1.321875,1.0256410256410255,2.0,3.244951923076923,0.125,0.0
17,COPOC,LAC,0.15000000000000002,0.840625,2.125,1.125,1.0784313725490196,2.0,3.4166666666666665,0.171875,0.0
17,COPOC,LAC,0.18000000000000005,0.809375,1.9,0.90625,1.180327868852459,4.0,3.2673611111111107,0.225,0.0
17,COPOC,LAC,0.19999999999999996,0.796875,1.775,0.7875,1.2615384615384615,4.0,3.1625,0.25625,0.0
18,COPOC,min-CPS,0.010000000000000009,0.984375,3.853125,2.853125,1.0,1.0,5.978124999999997,0.015625,0.0
18,COPOC,min-CPS,0.020000000000000018,0.98125,3.575,2.575,1.0,1.0,4.449999999999998,0.01875,0.0
18,COPOC,min-CPS,0.030000000000000027,0.959375,3.340625,2.340625,1.0,1.0,5.048958333333331,0.040625,0.0
18,COPOC,min-CPS,0.050000000000000044,0.95,3.009375,2.009375,1.0625,2.0,4.134374999999999,0.053125,0.0
18,COPOC,min-CPS,0.07999999999999996,0.90625,2.753125,1.753125,1.0333333333333334,2.0,4.175000000000002,0.096875,0.0
18,COPOC,min-CPS,0.09999999999999998,0.9,2.675,1.675,1.0625,2.0,3.8,0.10625,0.0
18,COPOC,min-CPS,0.13,0.871875,2.471875,1.471875,1.048780487804878,2.0,3.539182692307692,0.134375,0.0
18,COPOC,min-CPS,0.15000000000000002,0.8625,2.309375,1.309375,1.0454545454545454,2.0,3.2260416666666663,0.14375,0.0
18,COPOC,min-CPS,0.18000000000000005,0.81875,2.16875,1.16875,1.0689655172413792,2.0,3.321527777777777,0.19375,0.0
18,COPOC,min-CPS,0.19999999999999996,0.803125,2.078125,1.078125,1.0634920634920635,2.0,3.171875,0.209375,0.0
18,COPOC,RPS,0.010000000000000009,0.98125,3.503125,2.503125,1.0,1.0,6.253124999999997,0.01875,0.0
18,COPOC,RPS,0.020000000000000018,0.96875,3.240625,2.240625,1.0,1.0,5.365624999999997,0.03125,0.0
18,COPOC,RPS,0.030000000000000027,0.96875,3.196875,2.196875,1.0,1.0,4.2802083333333325,0.03125,0.0
18,COPOC,RPS,0.050000000000000044,0.94375,2.878125,1.878125,1.0,1.0,4.128124999999999,0.05625,0.0
18,COPOC,RPS,0.07999999999999996,0.9,2.28125,1.28125,1.03125,2.0,3.8593750000000013,0.103125,0.0
18,COPOC,RPS,0.09999999999999998,0.890625,2.059375,1.059375,1.0571428571428572,2.0,3.371875,0.115625,0.0
18,COPOC,RPS,0.13,0.859375,1.9125,0.9125,1.0444444444444445,2.0,3.1721153846153842,0.146875,0.0
18,COPOC,RPS,0.15000000000000002,0.85,1.81875,0.81875,1.0416666666666667,2.0,2.9020833333333327,0.15625,0.0
18,COPOC,RPS,0.18000000000000005,0.83125,1.74375,0.74375,1.037037037037037,2.0,2.688194444444444,0.175,0.0
18,COPOC,RPS,0.19999999999999996,0.809375,1.678125,0.678125,1.0327868852459017,2.0,2.646875,0.196875,0.0
18,COPOC,OCDF,0.010000000000000009,0.990625,4.771875,3.771875,1.0,1.0,5.646874999999999,0.009375,0.0
18,COPOC,OCDF,0.020000000000000018,0.978125,4.428125,3.428125,1.0,1.0,5.615624999999999,0.021875,0.0
18,COPOC,OCDF,0.030000000000000027,0.965625,4.15,3.15,1.1818181818181819,2.0,5.858333333333332,0.040625,0.0
18,COPOC,OCDF,0.050000000000000044,0.95,3.975,2.975,1.125,2.0,5.224999999999999,0.05625,0.0
18,COPOC,OCDF,0.07999999999999996,0.9375,3.80625,2.80625,1.15,2.0,4.603125000000001,0.071875,0.0
18,COPOC,OCDF,0.09999999999999998,0.903125,3.534375,2.534375,1.1612903225806452,2.0,4.784375,0.1125,0.0
18,COPOC,OCDF,0.13,0.85,3.275,2.275,1.125,2.0,4.871153846153847,0.16875,0.0
18,COPOC,OCDF,0.15000000000000002,0.80625,3.13125,2.13125,1.1129032258064515,2.0,5.00625,0.215625,0.0
18,COPOC,OCDF,0.18000000000000005,0.78125,2.99375,1.99375,1.1142857142857143,2.0,4.7020833333333325,0.24375,0.0
18,COPOC,OCDF,0.19999999999999996,0.746875,2.9125,1.9125,1.0987654320987654,2.0,4.69375,0.278125,0.0
18,COPOC,APS,0.010000000000000009,0.98125,3.759375,2.759375,1.0,1.0,6.509374999999997,0.01875,0.0
18,COPOC,APS,0.020000000000000018,0.975,3.609375,2.609375,1.0,1.0,5.109374999999998,0.025,0.0
18,COPOC,APS,0.030000000000000027,0.971875,3.553125,2.553125,1.0,1.0,4.428124999999999,0.028125,0.0
18,COPOC,APS,0.050000000000000044,0.934375,3.15625,2.15625,1.0,1.0,4.781249999999998,0.065625,0.0
18,COPOC,APS,0.07999999999999996,0.925,2.80625,1.80625,1.0416666666666667,2.0,3.7593750000000012,0.078125,0.0
18,COPOC,APS,0.09999999999999998,0.903125,2.540625,1.540625,1.032258064516129,2.0,3.540625,0.1,0.0
18,COPOC,APS,0.13,0.865625,2.1625,1.1625,1.069767441860465,2.0,3.3740384615384613,0.14375,0.0
18,COPOC,APS,0.15000000000000002,0.815625,1.91875,0.921875,1.11864406779661,4.0,3.546875,0.20625,0.0
18,COPOC,APS,0.18000000000000005,0.79375,1.803125,0.80625,1.121212121212121,4.0,3.271527777777777,0.23125,0.0
18,COPOC,APS,0.19999999999999996,0.759375,1.6875,0.690625,1.103896103896104,4.0,3.2531250000000007,0.265625,0.0
18,COPOC,LAC,0.010000000000000009,0.984375,3.68125,2.68125,1.0,1.0,5.806249999999997,0.015625,0.0
18,COPOC,LAC,0.020000000000000018,0.975,3.446875,2.446875,1.0,1.0,4.946874999999998,0.025,0.0
18,COPOC,LAC,0.030000000000000027,0.95625,3.29375,2.29375,1.0,1.0,5.2104166666666645,0.04375,0.0
18,COPOC,LAC,0.050000000000000044,0.940625,2.865625,1.865625,1.0526315789473684,2.0,4.365624999999998,0.0625,0.0
18,COPOC,LAC,0.07999999999999996,0.91875,2.65625,1.65625,1.0384615384615385,2.0,3.7656250000000013,0.084375,0.0
18,COPOC,LAC,0.09999999999999998,0.8875,2.4125,1.4125,1.0555555555555556,2.0,3.7875,0.11875,0.0
18,COPOC,LAC,0.13,0.85625,2.26875,1.26875,1.0434782608695652,2.0,3.5764423076923073,0.15,0.0
18,COPOC,LAC,0.15000000000000002,0.840625,2.13125,1.13125,1.0784313725490196,2.0,3.4229166666666666,0.171875,0.0
18,COPOC,LAC,0.18000000000000005,0.821875,1.959375,0.959375,1.087719298245614,2.0,3.1121527777777773,0.19375,0.0
18,COPOC,LAC,0.19999999999999996,0.8,1.84375,0.84375,1.09375,2.0,3.03125,0.21875,0.0
19,COPOC,min-CPS,0.010000000000000009,0.996875,3.965625,2.965625,1.0,1.0,3.5906249999999993,0.003125,0.0
19,COPOC,min-CPS,0.020000000000000018,0.9875,3.646875,2.646875,1.0,1.0,3.8968749999999988,0.0125,0.0
19,COPOC,min-CPS,0.030000000000000027,0.98125,3.4,2.4,1.0,1.0,3.6499999999999995,0.01875,0.0
19,COPOC,min-CPS,0.050000000000000044,0.953125,3.04375,2.04375,1.0666666666666667,2.0,4.043749999999998,0.05,0.0
19,COPOC,min-CPS,0.07999999999999996,0.903125,2.721875,1.721875,1.032258064516129,2.0,4.221875000000002,0.1,0.0
19,COPOC,min-CPS,0.09999999999999998,0.88125,2.590625,1.590625,1.0526315789473684,2.0,4.090625,0.125,0.0
19,COPOC,min-CPS,0.13,0.84375,2.3,1.3,1.04,2.0,3.7999999999999994,0.1625,0.0
19,COPOC,min-CPS,0.15000000000000002,0.840625,2.21875,1.21875,1.0588235294117647,2.0,3.46875,0.16875,0.0
19,COPOC,min-CPS,0.18000000000000005,0.81875,2.153125,1.153125,1.0689655172413792,2.0,3.305902777777777,0.19375,0.0
19,COPOC,min-CPS,0.19999999999999996,0.796875,2.034375,1.034375,1.0615384615384615,2.0,3.190625,0.215625,0.0
19,COPOC,RPS,0.010000000000000009,0.990625,3.540625,2.540625,1.0,1.0,4.415624999999999,0.009375,0.0
19,COPOC,RPS,0.020000000000000018,0.9875,3.434375,2.434375,1.0,1.0,3.6843749999999984,0.0125,0.0
19,COPOC,RPS,0.030000000000000027,0.984375,3.271875,2.271875,1.0,1.0,3.3135416666666657,0.015625,0.0
19,COPOC,RPS,0.050000000000000044,0.95625,2.959375,1.959375,1.0,1.0,3.7093749999999988,0.04375,0.0
19,COPOC,RPS,0.07999999999999996,0.921875,2.465625,1.465625,1.04,2.0,3.4968750000000015,0.08125,0.0
19,COPOC,RPS,0.09999999999999998,0.89375,2.04375,1.04375,1.088235294117647,2.0,3.3562500000000006,0.115625,0.0
19,COPOC,RPS,0.13,0.846875,1.853125,0.853125,1.0612244897959184,2.0,3.353125,0.1625,0.0
19,COPOC,RPS,0.15000000000000002,0.8125,1.746875,0.746875,1.05,2.0,3.371875,0.196875,0.0
19,COPOC,RPS,0.18000000000000005,0.7875,1.6625,0.6625,1.0441176470588236,2.0,3.1277777777777773,0.221875,0.0
19,COPOC,RPS,0.19999999999999996,0.771875,1.60625,0.60625,1.0410958904109588,2.0,2.98125,0.2375,0.0
19,COPOC,OCDF,0.010000000000000009,0.996875,4.790625,3.790625,1.0,1.0,4.4156249999999995,0.003125,0.0
19,COPOC,OCDF,0.020000000000000018,0.984375,4.575,3.575,1.0,1.0,5.137499999999998,0.015625,0.0
19,COPOC,OCDF,0.030000000000000027,0.98125,4.259375,3.259375,1.1666666666666667,2.0,4.7177083333333325,0.021875,0.0
19,COPOC,OCDF,0.050000000000000044,0.9375,3.809375,2.809375,1.05,2.0,5.4343749999999975,0.065625,0.0
19,COPOC,OCDF,0.07999999999999996,0.890625,3.534375,2.534375,1.0571428571428572,2.0,5.425000000000002,0.115625,0.0
19,COPOC,OCDF,0.09999999999999998,0.81875,3.2375,2.2375,1.0517241379310345,2.0,6.05,0.190625,0.0
19,COPOC,OCDF,0.13,0.803125,3.140625,2.140625,1.0634920634920635,2.0,5.361778846153846,0.209375,0.0
19,COPOC,OCDF,0.15000000000000002,0.765625,2.996875,1.996875,1.0666666666666667,2.0,5.330208333333333,0.25,0.0
19,COPOC,OCDF,0.18000000000000005,0.734375,2.890625,1.890625,1.0588235294117647,2.0,5.015624999999999,0.28125,0.0
19,COPOC,OCDF,0.19999999999999996,0.728125,2.846875,1.846875,1.0574712643678161,2.0,4.721875,0.2875,0.0
19,COPOC,APS,0.010000000000000009,0.990625,4.1625,3.1625,1.0,1.0,5.037499999999999,0.009375,0.0
19,COPOC,APS,0.020000000000000018,0.978125,3.59375,2.59375,1.0,1.0,4.781249999999998,0.021875,0.0
19,COPOC,APS,0.030000000000000027,0.971875,3.39375,2.39375,1.0,1.0,4.268749999999999,0.028125,0.0
19,COPOC,APS,0.050000000000000044,0.928125,2.9125,1.9125,1.0434782608695652,2.0,4.912499999999997,0.075,0.0
19,COPOC,APS,0.07999999999999996,0.903125,2.609375,1.609375,1.032258064516129,2.0,4.109375000000002,0.1,0.0
19,COPOC,APS,0.09999999999999998,0.8875,2.403125,1.403125,1.0277777777777777,2.0,3.715625,0.115625,0.0
19,COPOC,APS,0.13,0.859375,2.121875,1.121875,1.0444444444444445,2.0,3.3814903846153848,0.146875,0.0
19,COPOC,APS,0.15000000000000002,0.825,1.9125,0.9125,1.0714285714285714,2.0,3.4125,0.1875,0.0
19,COPOC,APS,0.18000000000000005,0.78125,1.759375,0.759375,1.0571428571428572,2.0,3.328819444444444,0.23125,0.0
19,COPOC,APS,0.19999999999999996,0.75625,1.675,0.675,1.0769230769230769,2.0,3.3,0.2625,0.0
19,COPOC,LAC,0.010000000000000009,0.996875,3.95625,2.95625,1.0,1.0,3.5812499999999994,0.003125,0.0
19,COPOC,LAC,0.020000000000000018,0.984375,3.44375,2.44375,1.0,1.0,4.006249999999999,0.015625,0.0
19,COPOC,LAC,0.030000000000000027,0.984375,3.425,2.425,1.0,1.0,3.466666666666666,0.015625,0.0
19,COPOC,LAC,0.050000000000000044,0.95,3.01875,2.01875,1.0625,2.0,4.143749999999998,0.053125,0.0
19,COPOC,LAC,0.07999999999999996,0.909375,2.584375,1.584375,1.0344827586206897,2.0,3.9281250000000014,0.09375,0.0
19,COPOC,LAC,0.09999999999999998,0.85625,2.303125,1.303125,1.0434782608695652,2.0,4.303125,0.15,0.0
19,COPOC,LAC,0.13,0.8375,2.14375,1.14375,1.0576923076923077,2.0,3.7879807692307694,0.171875,0.0
19,COPOC,LAC,0.15000000000000002,0.803125,1.96875,0.978125,1.2222222222222223,4.0,3.978125,0.240625,0.0
19,COPOC,LAC,0.18000000000000005,0.775,1.79375,0.809375,1.3055555555555556,4.0,3.8302083333333328,0.29375,0.0
19,COPOC,LAC,0.19999999999999996,0.765625,1.721875,0.74375,1.3733333333333333,4.0,3.61875,0.321875,0.0
20,COPOC,min-CPS,0.010000000000000009,0.996875,3.984375,2.984375,1.0,1.0,3.609374999999999,0.003125,0.0
20,COPOC,min-CPS,0.020000000000000018,0.984375,3.55,2.55,1.0,1.0,4.112499999999999,0.015625,0.0
20,COPOC,min-CPS,0.030000000000000027,0.98125,3.41875,2.41875,1.0,1.0,3.6687499999999993,0.01875,0.0
20,COPOC,min-CPS,0.050000000000000044,0.959375,3.178125,2.178125,1.0,1.0,3.8031249999999988,0.040625,0.0
20,COPOC,min-CPS,0.07999999999999996,0.93125,2.8375,1.8375,1.0,1.0,3.5562500000000012,0.06875,0.0
20,COPOC,min-CPS,0.09999999999999998,0.915625,2.73125,1.73125,1.0,1.0,3.41875,0.084375,0.0
20,COPOC,min-CPS,0.13,0.890625,2.56875,1.56875,1.0285714285714285,2.0,3.2995192307692305,0.1125,0.0
20,COPOC,min-CPS,0.15000000000000002,0.86875,2.353125,1.353125,1.0238095238095237,2.0,3.1447916666666664,0.134375,0.0
20,COPOC,min-CPS,0.18000000000000005,0.853125,2.2625,1.2625,1.0212765957446808,2.0,2.9291666666666663,0.15,0.0
20,COPOC,min-CPS,0.19999999999999996,0.825,2.165625,1.165625,1.0357142857142858,2.0,2.978125,0.18125,0.0
20,COPOC,RPS,0.010000000000000009,0.9875,3.521875,2.521875,1.0,1.0,5.021874999999998,0.0125,0.0
20,COPOC,RPS,0.020000000000000018,0.9875,3.43125,2.43125,1.0,1.0,3.6812499999999986,0.0125,0.0
20,COPOC,RPS,0.030000000000000027,0.975,3.221875,2.221875,1.0,1.0,3.888541666666666,0.025,0.0
20,COPOC,RPS,0.050000000000000044,0.959375,2.98125,1.98125,1.0,1.0,3.6062499999999984,0.040625,0.0
20,COPOC,RPS,0.07999999999999996,0.934375,2.565625,1.565625,1.0,1.0,3.2062500000000016,0.065625,0.0
20,COPOC,RPS,0.09999999999999998,0.921875,2.3,1.3,1.04,2.0,2.925,0.08125,0.0
20,COPOC,RPS,0.13,0.9,1.978125,0.978125,1.0625,2.0,2.6127403846153845,0.10625,0.0
20,COPOC,RPS,0.15000000000000002,0.88125,1.903125,0.903125,1.0526315789473684,2.0,2.5697916666666663,0.125,0.0
20,COPOC,RPS,0.18000000000000005,0.846875,1.75,0.75,1.0408163265306123,2.0,2.520833333333333,0.159375,0.0
20,COPOC,RPS,0.19999999999999996,0.8125,1.653125,0.653125,1.0333333333333334,2.0,2.590625,0.19375,0.0
20,COPOC,OCDF,0.010000000000000009,0.99375,4.8,3.8,1.0,1.0,5.049999999999999,0.00625,0.0
20,COPOC,OCDF,0.020000000000000018,0.9875,4.703125,3.703125,1.0,1.0,4.953124999999998,0.0125,0.0
20,COPOC,OCDF,0.030000000000000027,0.9875,4.440625,3.440625,1.0,1.0,4.273958333333333,0.0125,0.0
20,COPOC,OCDF,0.050000000000000044,0.971875,4.04375,3.04375,1.1111111111111112,2.0,4.293749999999999,0.03125,0.0
20,COPOC,OCDF,0.07999999999999996,0.95625,3.81875,2.81875,1.0714285714285714,2.0,3.9906250000000005,0.046875,0.0
20,COPOC,OCDF,0.09999999999999998,0.940625,3.70625,2.70625,1.0526315789473684,2.0,3.95625,0.0625,0.0
20,COPOC,OCDF,0.13,0.91875,3.50625,2.50625,1.0769230769230769,2.0,3.852403846153846,0.0875,0.0
20,COPOC,OCDF,0.15000000000000002,0.909375,3.44375,2.44375,1.103448275862069,2.0,3.7770833333333327,0.1,0.0
20,COPOC,OCDF,0.18000000000000005,0.8875,3.284375,2.284375,1.1388888888888888,2.0,3.70798611111111,0.128125,0.0
20,COPOC,OCDF,0.19999999999999996,0.8875,3.240625,2.240625,1.1388888888888888,2.0,3.521875,0.128125,0.0
20,COPOC,APS,0.010000000000000009,0.996875,4.446875,3.446875,1.0,1.0,4.0718749999999995,0.003125,0.0
20,COPOC,APS,0.020000000000000018,0.9875,3.81875,2.81875,1.0,1.0,4.068749999999999,0.0125,0.0
20,COPOC,APS,0.030000000000000027,0.98125,3.634375,2.634375,1.0,1.0,3.8843749999999995,0.01875,0.0
20,COPOC,APS,0.050000000000000044,0.95625,3.0625,2.0625,1.0,1.0,3.8124999999999987,0.04375,0.0
20,COPOC,APS,0.07999999999999996,0.9375,2.79375,1.79375,1.0,1.0,3.3562500000000015,0.0625,0.0
20,COPOC,APS,0.09999999999999998,0.915625,2.58125,1.58125,1.0,1.0,3.26875,0.084375,0.0
20,COPOC,APS,0.13,0.89375,2.28125,1.28125,1.0,1.0,2.915865384615384,0.10625,0.0
20,COPOC,APS,0.15000000000000002,0.890625,2.225,1.225,1.0,1.0,2.683333333333333,0.109375,0.0
20,COPOC,APS,0.18000000000000005,0.8625,1.984375,0.984375,1.0227272727272727,2.0,2.546874999999999,0.140625,0.0
20,COPOC,APS,0.19999999999999996,0.84375,1.878125,0.878125,1.02,2.0,2.471875,0.159375,0.0
20,COPOC,LAC,0.010000000000000009,0.996875,3.975,2.975,1.0,1.0,3.599999999999999,0.003125,0.0
20,COPOC,LAC,0.020000000000000018,0.984375,3.45625,2.45625,1.0,1.0,4.018749999999999,0.015625,0.0
20,COPOC,LAC,0.030000000000000027,0.984375,3.434375,2.434375,1.0,1.0,3.476041666666666,0.015625,0.0
20,COPOC,LAC,0.050000000000000044,0.959375,3.11875,2.11875,1.0,1.0,3.7437499999999986,0.040625,0.0
20,COPOC,LAC,0.07999999999999996,0.940625,2.746875,1.746875,1.0,1.0,3.2312500000000015,0.059375,0.0
20,COPOC,LAC,0.09999999999999998,0.89375,2.44375,1.44375,1.0,1.0,3.56875,0.10625,0.0
20,COPOC,LAC,0.13,0.875,2.28125,1.28125,1.0,1.0,3.2043269230769225,0.125,0.0
20,COPOC,LAC,0.15000000000000002,0.85625,2.1625,1.1625,1.065217391304348,2.0,3.2041666666666666,0.153125,0.0
20,COPOC,LAC,0.18000000000000005,0.840625,2.053125,1.059375,1.1764705882352942,4.0,3.0385416666666663,0.1875,0.0
20,COPOC,LAC,0.19999999999999996,0.809375,1.80625,0.825,1.3442622950819672,4.0,3.075,0.25625,0.0
21,COPOC,min-CPS,0.010000000000000009,0.996875,3.965625,2.965625,1.0,1.0,3.5906249999999993,0.003125,0.0
21,COPOC,min-CPS,0.020000000000000018,0.98125,3.6,2.6,1.0,1.0,4.474999999999999,0.01875,0.0
21,COPOC,min-CPS,0.030000000000000027,0.965625,3.41875,2.41875,1.0,1.0,4.710416666666665,0.034375,0.0
21,COPOC,min-CPS,0.050000000000000044,0.95,3.021875,2.021875,1.0,1.0,4.021874999999999,0.05,0.0
21,COPOC,min-CPS,0.07999999999999996,0.93125,2.840625,1.840625,1.0,1.0,3.5593750000000006,0.06875,0.0
21,COPOC,min-CPS,0.09999999999999998,0.9125,2.73125,1.73125,1.0,1.0,3.48125,0.0875,0.0
21,COPOC,min-CPS,0.13,0.878125,2.55,1.55,1.0,1.0,3.425,0.121875,0.0
21,COPOC,min-CPS,0.15000000000000002,0.853125,2.303125,1.303125,1.0,1.0,3.2614583333333327,0.146875,0.0
21,COPOC,min-CPS,0.18000000000000005,0.825,2.18125,1.18125,1.0357142857142858,2.0,3.1951388888888883,0.18125,0.0
21,COPOC,min-CPS,0.19999999999999996,0.809375,2.1,1.1,1.0491803278688525,2.0,3.1,0.2,0.0
21,COPOC,RPS,0.010000000000000009,1.0,4.040625,3.040625,,0.0,3.040625,0.0,0.0
21,COPOC,RPS,0.020000000000000018,0.971875,3.24375,2.24375,1.0,1.0,5.056249999999997,0.028125,0.0
21,COPOC,RPS,0.030000000000000027,0.96875,3.18125,2.18125,1.0,1.0,4.264583333333332,0.03125,0.0
21,COPOC,RPS,0.050000000000000044,0.946875,2.9,1.9,1.0,1.0,4.024999999999999,0.053125,0.0
21,COPOC,RPS,0.07999999999999996,0.91875,2.409375,1.409375,1.0,1.0,3.4406250000000016,0.08125,0.0
21,COPOC,RPS,0.09999999999999998,0.89375,2.028125,1.028125,1.0,1.0,3.153125,0.10625,0.0
21,COPOC,RPS,0.13,0.865625,1.93125,0.93125,1.0,1.0,2.998557692307692,0.134375,0.0
21,COPOC,RPS,0.15000000000000002,0.859375,1.85,0.85,1.0,1.0,2.725,0.140625,0.0
21,COPOC,RPS,0.18000000000000005,0.828125,1.75,0.75,1.0,1.0,2.659722222222222,0.171875,0.0
21,COPOC,RPS,0.19999999999999996,0.80625,1.678125,0.678125,1.0,1.0,2.6156250000000005,0.19375,0.0
21,COPOC,OCDF,0.010000000000000009,0.996875,4.815625,3.815625,1.0,1.0,4.440624999999999,0.003125,0.0
21,COPOC,OCDF,0.020000000000000018,0.9875,4.675,3.675,1.0,1.0,4.924999999999999,0.0125,0.0
21,COPOC,OCDF,0.030000000000000027,0.9625,4.13125,3.13125,1.0833333333333333,2.0,5.839583333333332,0.040625,0.0
21,COPOC,OCDF,0.050000000000000044,0.93125,3.84375,2.84375,1.0454545454545454,2.0,5.718749999999998,0.071875,0.0
21,COPOC,OCDF,0.07999999999999996,0.909375,3.684375,2.684375,1.0344827586206897,2.0,5.028125000000001,0.09375,0.0
21,COPOC,OCDF,0.09999999999999998,0.884375,3.471875,2.471875,1.054054054054054,2.0,4.909375,0.121875,0.0
21,COPOC,OCDF,0.13,0.859375,3.3375,2.3375,1.0444444444444445,2.0,4.5971153846153845,0.146875,0.0
21,COPOC,OCDF,0.15000000000000002,0.85,3.25625,2.25625,1.0833333333333333,2.0,4.422916666666666,0.1625,0.0
21,COPOC,OCDF,0.18000000000000005,0.834375,3.165625,2.165625,1.0943396226415094,2.0,4.179513888888888,0.18125,0.0
21,COPOC,OCDF,0.19999999999999996,0.815625,3.075,2.075,1.0847457627118644,2.0,4.075,0.2,0.0
21,COPOC,APS,0.010000000000000009,0.996875,4.54375,3.54375,1.0,1.0,4.168749999999999,0.003125,0.0
21,COPOC,APS,0.020000000000000018,0.984375,3.85625,2.85625,1.0,1.0,4.418749999999998,0.015625,0.0
21,COPOC,APS,0.030000000000000027,0.978125,3.59375,2.59375,1.0,1.0,4.052083333333333,0.021875,0.0
21,COPOC,APS,0.050000000000000044,0.946875,3.121875,2.121875,1.0,1.0,4.2468749999999975,0.053125,0.0
21,COPOC,APS,0.07999999999999996,0.928125,2.8875,1.8875,1.0,1.0,3.6843750000000015,0.071875,0.0
21,COPOC,APS,0.09999999999999998,0.88125,2.375,1.375,1.0,1.0,3.75,0.11875,0.0
21,COPOC,APS,0.13,0.865625,2.15,1.15,1.0,1.0,3.217307692307692,0.134375,0.0
21,COPOC,APS,0.15000000000000002,0.85,2.015625,1.015625,1.0208333333333333,2.0,3.0572916666666665,0.153125,0.0
21,COPOC,APS,0.18000000000000005,0.821875,1.884375,0.884375,1.0526315789473684,2.0,2.967708333333333,0.1875,0.0
21,COPOC,APS,0.19999999999999996,0.8125,1.828125,0.828125,1.05,2.0,2.796875,0.196875,0.0
21,COPOC,LAC,0.010000000000000009,0.996875,3.95625,2.95625,1.0,1.0,3.5812499999999994,0.003125,0.0
21,COPOC,LAC,0.020000000000000018,0.971875,3.40625,2.40625,1.0,1.0,5.218749999999997,0.028125,0.0
21,COPOC,LAC,0.030000000000000027,0.9625,3.315625,2.315625,1.0,1.0,4.815624999999998,0.0375,0.0
21,COPOC,LAC,0.050000000000000044,0.95,3.040625,2.040625,1.0,1.0,4.040624999999999,0.05,0.0
21,COPOC,LAC,0.07999999999999996,0.925,2.69375,1.69375,1.0,1.0,3.5687500000000014,0.075,0.0
21,COPOC,LAC,0.09999999999999998,0.909375,2.471875,1.471875,1.0,1.0,3.284375,0.090625,0.0
21,COPOC,LAC,0.13,0.878125,2.30625,1.30625,1.0,1.0,3.1812499999999995,0.121875,0.0
21,COPOC,LAC,0.15000000000000002,0.846875,2.128125,1.128125,1.0408163265306123,2.0,3.253125,0.159375,0.0
21,COPOC,LAC,0.18000000000000005,0.828125,2.0,1.0,1.0363636363636364,2.0,2.9791666666666665,0.178125,0.0
21,COPOC,LAC,0.19999999999999996,0.809375,1.846875,0.853125,1.1311475409836065,4.0,2.884375,0.215625,0.0
22,COPOC,min-CPS,0.010000000000000009,0.99375,3.9875,2.9875,1.0,1.0,4.237499999999999,0.00625,0.0
22,COPOC,min-CPS,0.020000000000000018,0.9875,3.646875,2.646875,1.0,1.0,3.8968749999999988,0.0125,0.0
22,COPOC,min-CPS,0.030000000000000027,0.98125,3.409375,2.409375,1.0,1.0,3.6593749999999994,0.01875,0.0
22,COPOC,min-CPS,0.050000000000000044,0.95,3.021875,2.021875,1.0,1.0,4.021874999999999,0.05,0.0
22,COPOC,min-CPS,0.07999999999999996,0.928125,2.83125,1.83125,1.0,1.0,3.6281250000000016,0.071875,0.0
22,COPOC,min-CPS,0.09999999999999998,0.9,2.6875,1.6875,1.03125,2.0,3.75,0.103125,0.0
22,COPOC,min-CPS,0.13,0.88125,2.546875,1.546875,1.0263157894736843,2.0,3.421875,0.121875,0.0
22,COPOC,min-CPS,0.15000000000000002,0.846875,2.275,1.275,1.0204081632653061,2.0,3.358333333333333,0.15625,0.0
22,COPOC,min-CPS,0.18000000000000005,0.815625,2.18125,1.18125,1.0338983050847457,2.0,3.299305555555555,0.190625,0.0
22,COPOC,min-CPS,0.19999999999999996,0.809375,2.1125,1.1125,1.0327868852459017,2.0,3.08125,0.196875,0.0
22,COPOC,RPS,0.010000000000000009,0.990625,3.540625,2.540625,1.0,1.0,4.415624999999999,0.009375,0.0
22,COPOC,RPS,0.020000000000000018,0.984375,3.31875,2.31875,1.0,1.0,3.8812499999999988,0.015625,0.0
22,COPOC,RPS,0.030000000000000027,0.965625,3.134375,2.134375,1.0,1.0,4.426041666666665,0.034375,0.0
22,COPOC,RPS,0.050000000000000044,0.94375,2.9,1.9,1.0,1.0,4.149999999999999,0.05625,0.0
22,COPOC,RPS,0.07999999999999996,0.921875,2.45625,1.45625,1.0,1.0,3.4093750000000016,0.078125,0.0
22,COPOC,RPS,0.09999999999999998,0.903125,2.140625,1.140625,1.064516129032258,2.0,3.203125,0.103125,0.0
22,COPOC,RPS,0.13,0.871875,1.9375,0.9375,1.048780487804878,2.0,3.004807692307692,0.134375,0.0
22,COPOC,RPS,0.15000000000000002,0.846875,1.828125,0.828125,1.0408163265306123,2.0,2.9531249999999996,0.159375,0.0
22,COPOC,RPS,0.18000000000000005,0.8125,1.7,0.7,1.0333333333333334,2.0,2.852777777777777,0.19375,0.0
22,COPOC,RPS,0.19999999999999996,0.790625,1.634375,0.634375,1.0298507462686568,2.0,2.790625,0.215625,0.0
22,COPOC,OCDF,0.010000000000000009,0.98125,4.696875,3.696875,1.0,1.0,7.446874999999997,0.01875,0.0
22,COPOC,OCDF,0.020000000000000018,0.975,4.265625,3.265625,1.25,2.0,6.390624999999997,0.03125,0.0
22,COPOC,OCDF,0.030000000000000027,0.965625,4.146875,3.146875,1.1818181818181819,2.0,5.855208333333332,0.040625,0.0
22,COPOC,OCDF,0.050000000000000044,0.965625,3.990625,2.990625,1.1818181818181819,2.0,4.615624999999999,0.040625,0.0
22,COPOC,OCDF,0.07999999999999996,0.925,3.740625,2.740625,1.1666666666666667,2.0,4.928125000000001,0.0875,0.0
22,COPOC,OCDF,0.09999999999999998,0.9,3.565625,2.565625,1.15625,2.0,4.878125,0.115625,0.0
22,COPOC,OCDF,0.13,0.875,3.403125,2.403125,1.15,2.0,4.614663461538461,0.14375,0.0
22,COPOC,OCDF,0.15000000000000002,0.853125,3.28125,2.28125,1.127659574468085,2.0,4.489583333333333,0.165625,0.0
22,COPOC,OCDF,0.18000000000000005,0.834375,3.203125,2.203125,1.1132075471698113,2.0,4.251736111111111,0.184375,0.0
22,COPOC,OCDF,0.19999999999999996,0.825,3.103125,2.103125,1.1071428571428572,2.0,4.040625,0.19375,0.0
22,COPOC,APS,0.010000000000000009,1.0,4.328125,3.328125,,0.0,3.328125,0.0,0.0
22,COPOC,APS,0.020000000000000018,0.984375,3.7,2.7,1.0,1.0,4.262499999999998,0.015625,0.0
22,COPOC,APS,0.030000000000000027,0.984375,3.61875,2.61875,1.0,1.0,3.6604166666666655,0.015625,0.0
22,COPOC,APS,0.050000000000000044,0.96875,3.284375,2.284375,1.0,1.0,3.5343749999999985,0.03125,0.0
22,COPOC,APS,0.07999999999999996,0.915625,2.71875,1.71875,1.0,1.0,3.8281250000000013,0.084375,0.0
22,COPOC,APS,0.09999999999999998,0.8875,2.3625,1.3625,1.0277777777777777,2.0,3.675,0.115625,0.0
22,COPOC,APS,0.13,0.875,2.196875,1.196875,1.025,2.0,3.168028846153846,0.128125,0.0
22,COPOC,APS,0.15000000000000002,0.8625,2.05625,1.05625,1.0227272727272727,2.0,2.93125,0.140625,0.0
22,COPOC,APS,0.18000000000000005,0.83125,1.896875,0.9,1.0925925925925926,4.0,2.844444444444444,0.184375,0.0
22,COPOC,APS,0.19999999999999996,0.8,1.796875,0.8,1.078125,4.0,2.8625,0.215625,0.0
22,COPOC,LAC,0.010000000000000009,0.99375,3.971875,2.971875,1.0,1.0,4.221874999999999,0.00625,0.0
22,COPOC,LAC,0.020000000000000018,0.984375,3.45,2.45,1.0,1.0,4.012499999999998,0.015625,0.0
22,COPOC,LAC,0.030000000000000027,0.971875,3.346875,2.346875,1.0,1.0,4.221874999999999,0.028125,0.0
22,COPOC,LAC,0.050000000000000044,0.934375,2.85625,1.85625,1.0,1.0,4.4812499999999975,0.065625,0.0
22,COPOC,LAC,0.07999999999999996,0.915625,2.646875,1.646875,1.0,1.0,3.7562500000000014,0.084375,0.0
22,COPOC,LAC,0.09999999999999998,0.8875,2.425,1.425,1.0277777777777777,2.0,3.7375,0.115625,0.0
22,COPOC,LAC,0.13,0.86875,2.2875,1.2875,1.0238095238095237,2.0,3.354807692307692,0.134375,0.0
22,COPOC,LAC,0.15000000000000002,0.846875,2.146875,1.146875,1.0612244897959184,2.0,3.3135416666666666,0.1625,0.0
22,COPOC,LAC,0.18000000000000005,0.83125,2.025,1.028125,1.1111111111111112,4.0,3.076736111111111,0.1875,0.0
22,COPOC,LAC,0.19999999999999996,0.825,1.878125,0.884375,1.1785714285714286,4.0,2.915625,0.20625,0.0
23,COPOC,min-CPS,0.010000000000000009,0.996875,3.975,2.975,1.0,1.0,3.599999999999999,0.003125,0.0
23,COPOC,min-CPS,0.020000000000000018,0.984375,3.565625,2.565625,1.0,1.0,4.128124999999999,0.015625,0.0
23,COPOC,min-CPS,0.030000000000000027,0.978125,3.4125,2.4125,1.0,1.0,3.8708333333333327,0.021875,0.0
23,COPOC,min-CPS,0.050000000000000044,0.9625,3.190625,2.190625,1.0,1.0,3.6906249999999985,0.0375,0.0
23,COPOC,min-CPS,0.07999999999999996,0.915625,2.8,1.8,1.0,1.0,3.9093750000000016,0.084375,0.0
23,COPOC,min-CPS,0.09999999999999998,0.89375,2.671875,1.671875,1.0294117647058822,2.0,3.859375,0.109375,0.0
23,COPOC,min-CPS,0.13,0.878125,2.525,1.525,1.0256410256410255,2.0,3.448076923076923,0.125,0.0
23,COPOC,min-CPS,0.15000000000000002,0.878125,2.409375,1.409375,1.0256410256410255,2.0,3.0760416666666663,0.125,0.0
23,COPOC,min-CPS,0.18000000000000005,0.85625,2.25,1.25,1.0434782608695652,2.0,2.916666666666666,0.15,0.0
23,COPOC,min-CPS,0.19999999999999996,0.815625,2.13125,1.13125,1.0338983050847457,2.0,3.0375,0.190625,0.0
23,COPOC,RPS,0.010000000000000009,0.996875,3.65,2.65,1.0,1.0,3.2749999999999995,0.003125,0.0
23,COPOC,RPS,0.020000000000000018,0.984375,3.33125,2.33125,1.0,1.0,3.8937499999999985,0.015625,0.0
23,COPOC,RPS,0.030000000000000027,0.984375,3.28125,2.28125,1.0,1.0,3.3229166666666656,0.015625,0.0
23,COPOC,RPS,0.050000000000000044,0.965625,3.00625,2.00625,1.0,1.0,3.3812499999999988,0.034375,0.0
23,COPOC,RPS,0.07999999999999996,0.9,2.2875,1.2875,1.0,1.0,3.7875000000000014,0.1,0.0
23,COPOC,RPS,0.09999999999999998,0.890625,2.059375,1.059375,1.0285714285714285,2.0,3.309375,0.1125,0.0
23,COPOC,RPS,0.13,0.875,1.965625,0.965625,1.025,2.0,2.936778846153846,0.128125,0.0
23,COPOC,RPS,0.15000000000000002,0.85,1.821875,0.821875,1.0208333333333333,2.0,2.8635416666666664,0.153125,0.0
23,COPOC,RPS,0.18000000000000005,0.828125,1.734375,0.734375,1.018181818181818,2.0,2.6788194444444438,0.175,0.0
23,COPOC,RPS,0.19999999999999996,0.81875,1.68125,0.68125,1.0172413793103448,2.0,2.525,0.184375,0.0
23,COPOC,OCDF,0.010000000000000009,0.990625,4.790625,3.790625,1.0,1.0,5.665624999999999,0.009375,0.0
23,COPOC,OCDF,0.020000000000000018,0.990625,4.696875,3.696875,1.0,1.0,4.634374999999999,0.009375,0.0
23,COPOC,OCDF,0.030000000000000027,0.984375,4.275,3.275,1.2,2.0,4.5249999999999995,0.01875,0.0
23,COPOC,OCDF,0.050000000000000044,0.9625,3.99375,2.99375,1.0833333333333333,2.0,4.618749999999999,0.040625,0.0
23,COPOC,OCDF,0.07999999999999996,0.928125,3.734375,2.734375,1.0869565217391304,2.0,4.687500000000002,0.078125,0.0
23,COPOC,OCDF,0.09999999999999998,0.91875,3.6,2.6,1.0769230769230769,2.0,4.35,0.0875,0.0
23,COPOC,OCDF,0.13,0.871875,3.365625,2.365625,1.0731707317073171,2.0,4.481009615384616,0.1375,0.0
23,COPOC,OCDF,0.15000000000000002,0.859375,3.259375,2.259375,1.0888888888888888,2.0,4.3010416666666655,0.153125,0.0
23,COPOC,OCDF,0.18000000000000005,0.83125,3.134375,2.134375,1.0740740740740742,2.0,4.148263888888889,0.18125,0.0
23,COPOC,OCDF,0.19999999999999996,0.809375,3.025,2.025,1.0655737704918034,2.0,4.05625,0.203125,0.0
23,COPOC,APS,0.010000000000000009,0.996875,4.134375,3.134375,1.0,1.0,3.7593749999999995,0.003125,0.0
23,COPOC,APS,0.020000000000000018,0.990625,3.85,2.85,1.0,1.0,3.7874999999999988,0.009375,0.0
23,COPOC,APS,0.030000000000000027,0.9875,3.78125,2.78125,1.0,1.0,3.614583333333333,0.0125,0.0
23,COPOC,APS,0.050000000000000044,0.96875,3.2,2.2,1.0,1.0,3.4499999999999984,0.03125,0.0
23,COPOC,APS,0.07999999999999996,0.925,2.70625,1.70625,1.0,1.0,3.5812500000000016,0.075,0.0
23,COPOC,APS,0.09999999999999998,0.915625,2.56875,1.56875,1.0,1.0,3.25625,0.084375,0.0
23,COPOC,APS,0.13,0.896875,2.3375,1.3375,1.0,1.0,2.924038461538461,0.103125,0.0
23,COPOC,APS,0.15000000000000002,0.875,2.13125,1.13125,1.0,1.0,2.7979166666666666,0.125,0.0
23,COPOC,APS,0.18000000000000005,0.853125,1.95,0.953125,1.0638297872340425,4.0,2.5850694444444438,0.15625,0.0
23,COPOC,APS,0.19999999999999996,0.825,1.846875,0.85,1.0714285714285714,4.0,2.63125,0.1875,0.0
23,COPOC,LAC,0.010000000000000009,0.996875,3.984375,2.984375,1.0,1.0,3.609374999999999,0.003125,0.0
23,COPOC,LAC,0.020000000000000018,0.990625,3.63125,2.63125,1.0,1.0,3.568749999999999,0.009375,0.0
23,COPOC,LAC,0.030000000000000027,0.98125,3.384375,2.384375,1.0,1.0,3.6343749999999995,0.01875,0.0
23,COPOC,LAC,0.050000000000000044,0.971875,3.18125,2.18125,1.0,1.0,3.3062499999999986,0.028125,0.0
23,COPOC,LAC,0.07999999999999996,0.909375,2.63125,1.63125,1.0,1.0,3.8968750000000014,0.090625,0.0
23,COPOC,LAC,0.09999999999999998,0.903125,2.484375,1.484375,1.032258064516129,2.0,3.484375,0.1,0.0
23,COPOC,LAC,0.13,0.884375,2.3375,1.3375,1.027027027027027,2.0,3.1644230769230766,0.11875,0.0
23,COPOC,LAC,0.15000000000000002,0.8625,2.196875,1.196875,1.0227272727272727,2.0,3.071875,0.140625,0.0
23,COPOC,LAC,0.18000000000000005,0.825,1.94375,0.946875,1.1071428571428572,4.0,3.030208333333333,0.19375,0.0
23,COPOC,LAC,0.19999999999999996,0.80625,1.81875,0.828125,1.1935483870967742,4.0,2.921875,0.23125,0.0
24,COPOC,min-CPS,0.010000000000000009,0.9875,3.878125,2.878125,1.0,1.0,5.378124999999998,0.0125,0.0
24,COPOC,min-CPS,0.020000000000000018,0.978125,3.521875,2.521875,1.0,1.0,4.709374999999999,0.021875,0.0
24,COPOC,min-CPS,0.030000000000000027,0.965625,3.4,2.4,1.0,1.0,4.691666666666665,0.034375,0.0
24,COPOC,min-CPS,0.050000000000000044,0.91875,2.9,1.9,1.0384615384615385,2.0,5.274999999999997,0.084375,0.0
24,COPOC,min-CPS,0.07999999999999996,0.9,2.765625,1.765625,1.03125,2.0,4.343750000000002,0.103125,0.0
24,COPOC,min-CPS,0.09999999999999998,0.878125,2.628125,1.628125,1.0256410256410255,2.0,4.128125,0.125,0.0
24,COPOC,min-CPS,0.13,0.859375,2.43125,1.43125,1.0222222222222221,2.0,3.642788461538461,0.14375,0.0
24,COPOC,min-CPS,0.15000000000000002,0.828125,2.25,1.25,1.018181818181818,2.0,3.583333333333333,0.175,0.0
24,COPOC,min-CPS,0.18000000000000005,0.8125,2.171875,1.171875,1.0166666666666666,2.0,3.2899305555555545,0.190625,0.0
24,COPOC,min-CPS,0.19999999999999996,0.775,2.0125,1.0125,1.0555555555555556,2.0,3.3875,0.2375,0.0
24,COPOC,RPS,0.010000000000000009,0.99375,3.540625,2.540625,1.0,1.0,3.7906249999999986,0.00625,0.0
24,COPOC,RPS,0.020000000000000018,0.99375,3.50625,2.50625,1.0,1.0,3.131249999999999,0.00625,0.0
24,COPOC,RPS,0.030000000000000027,0.971875,3.225,2.225,1.0,1.0,4.099999999999999,0.028125,0.0
24,COPOC,RPS,0.050000000000000044,0.91875,2.68125,1.68125,1.0384615384615385,2.0,5.056249999999997,0.084375,0.0
24,COPOC,RPS,0.07999999999999996,0.8875,2.19375,1.19375,1.0277777777777777,2.0,4.084375000000001,0.115625,0.0
24,COPOC,RPS,0.09999999999999998,0.86875,1.975,0.975,1.0238095238095237,2.0,3.6625,0.134375,0.0
24,COPOC,RPS,0.13,0.840625,1.8875,0.8875,1.0196078431372548,2.0,3.3875,0.1625,0.0
24,COPOC,RPS,0.15000000000000002,0.83125,1.828125,0.828125,1.0185185185185186,2.0,3.1197916666666665,0.171875,0.0
24,COPOC,RPS,0.18000000000000005,0.81875,1.73125,0.73125,1.0172413793103448,2.0,2.779861111111111,0.184375,0.0
24,COPOC,RPS,0.19999999999999996,0.809375,1.6875,0.6875,1.0163934426229508,2.0,2.625,0.19375,0.0
24,COPOC,OCDF,0.010000000000000009,0.98125,4.715625,3.715625,1.0,1.0,7.4656249999999975,0.01875,0.0
24,COPOC,OCDF,0.020000000000000018,0.965625,4.25,3.25,1.1818181818181819,2.0,7.312499999999996,0.040625,0.0
24,COPOC,OCDF,0.030000000000000027,0.95625,4.1125,3.1125,1.1428571428571428,2.0,6.445833333333331,0.05,0.0
24,COPOC,OCDF,0.050000000000000044,0.940625,3.878125,2.878125,1.105263157894737,2.0,5.503124999999999,0.065625,0.0
24,COPOC,OCDF,0.07999999999999996,0.921875,3.7375,2.7375,1.16,2.0,5.003125000000002,0.090625,0.0
24,COPOC,OCDF,0.09999999999999998,0.896875,3.5375,2.5375,1.1515151515151516,2.0,4.9125,0.11875,0.0
24,COPOC,OCDF,0.13,0.88125,3.4125,2.4125,1.1578947368421053,2.0,4.5278846153846155,0.1375,0.0
24,COPOC,OCDF,0.15000000000000002,0.85,3.25,2.25,1.1666666666666667,2.0,4.583333333333333,0.175,0.0
24,COPOC,OCDF,0.18000000000000005,0.834375,3.165625,2.165625,1.169811320754717,2.0,4.318402777777777,0.19375,0.0
24,COPOC,OCDF,0.19999999999999996,0.821875,3.06875,2.06875,1.1578947368421053,2.0,4.13125,0.20625,0.0
24,COPOC,APS,0.010000000000000009,0.975,3.66875,2.66875,1.0,1.0,7.668749999999996,0.025,0.0
24,COPOC,APS,0.020000000000000018,0.96875,3.5,2.5,1.0,1.0,5.624999999999997,0.03125,0.0
24,COPOC,APS,0.030000000000000027,0.9625,3.29375,2.29375,1.0,1.0,4.793749999999998,0.0375,0.0
24,COPOC,APS,0.050000000000000044,0.95,3.034375,2.034375,1.0625,2.0,4.159374999999999,0.053125,0.0
24,COPOC,APS,0.07999999999999996,0.878125,2.540625,1.540625,1.0512820512820513,2.0,4.743750000000001,0.128125,0.0
24,COPOC,APS,0.09999999999999998,0.865625,2.33125,1.33125,1.0465116279069768,2.0,4.14375,0.140625,0.0
24,COPOC,APS,0.13,0.846875,2.165625,1.165625,1.0816326530612246,2.0,3.713701923076923,0.165625,0.0
24,COPOC,APS,0.15000000000000002,0.828125,2.034375,1.034375,1.0727272727272728,2.0,3.492708333333333,0.184375,0.0
24,COPOC,APS,0.18000000000000005,0.803125,1.846875,0.846875,1.0793650793650793,2.0,3.2079861111111105,0.2125,0.0
24,COPOC,APS,0.19999999999999996,0.771875,1.75,0.75,1.082191780821918,2.0,3.21875,0.246875,0.0
24,COPOC,LAC,0.010000000000000009,0.9875,3.7125,2.7125,1.0,1.0,5.212499999999998,0.0125,0.0
24,COPOC,LAC,0.020000000000000018,0.984375,3.459375,2.459375,1.0,1.0,4.021874999999999,0.015625,0.0
24,COPOC,LAC,0.030000000000000027,0.975,3.36875,2.36875,1.0,1.0,4.0354166666666655,0.025,0.0
24,COPOC,LAC,0.050000000000000044,0.928125,2.84375,1.84375,1.0434782608695652,2.0,4.843749999999997,0.075,0.0
24,COPOC,LAC,0.07999999999999996,0.9,2.56875,1.56875,1.03125,2.0,4.146875000000001,0.103125,0.0
24,COPOC,LAC,0.09999999999999998,0.8875,2.471875,1.471875,1.0555555555555556,2.0,3.846875,0.11875,0.0
24,COPOC,LAC,0.13,0.871875,2.3375,1.3375,1.048780487804878,2.0,3.404807692307692,0.134375,0.0
24,COPOC,LAC,0.15000000000000002,0.83125,2.140625,1.140625,1.0740740740740742,2.0,3.5572916666666665,0.18125,0.0
24,COPOC,LAC,0.18000000000000005,0.7875,1.865625,0.875,1.2058823529411764,4.0,3.4791666666666656,0.25625,0.0
24,COPOC,LAC,0.19999999999999996,0.753125,1.703125,0.728125,1.379746835443038,4.0,3.634375,0.340625,0.0
25,COPOC,min-CPS,0.010000000000000009,0.98125,3.665625,2.665625,1.0,1.0,6.415624999999997,0.01875,0.0
25,COPOC,min-CPS,0.020000000000000018,0.978125,3.515625,2.515625,1.0,1.0,4.703124999999998,0.021875,0.0
25,COPOC,min-CPS,0.030000000000000027,0.9625,3.328125,2.328125,1.0,1.0,4.828124999999998,0.0375,0.0
25,COPOC,min-CPS,0.050000000000000044,0.946875,2.996875,1.996875,1.0588235294117647,2.0,4.246874999999998,0.05625,0.0
25,COPOC,min-CPS,0.07999999999999996,0.903125,2.740625,1.740625,1.032258064516129,2.0,4.240625000000001,0.1,0.0
25,COPOC,min-CPS,0.09999999999999998,0.875,2.603125,1.603125,1.025,2.0,4.165625,0.128125,0.0
25,COPOC,min-CPS,0.13,0.85,2.35,1.35,1.0208333333333333,2.0,3.7057692307692305,0.153125,0.0
25,COPOC,min-CPS,0.15000000000000002,0.834375,2.234375,1.234375,1.0188679245283019,2.0,3.484375,0.16875,0.0
25,COPOC,min-CPS,0.18000000000000005,0.815625,2.15,1.15,1.0169491525423728,2.0,3.233333333333333,0.1875,0.0
25,COPOC,min-CPS,0.19999999999999996,0.796875,2.05625,1.05625,1.0307692307692307,2.0,3.15,0.209375,0.0
25,COPOC,RPS,0.010000000000000009,0.984375,3.521875,2.521875,1.0,1.0,5.646874999999997,0.015625,0.0
25,COPOC,RPS,0.020000000000000018,0.971875,3.23125,2.23125,1.0,1.0,5.0437499999999975,0.028125,0.0
25,COPOC,RPS,0.030000000000000027,0.9625,3.115625,2.115625,1.0,1.0,4.615624999999999,0.0375,0.0
25,COPOC,RPS,0.050000000000000044,0.946875,2.89375,1.89375,1.0,1.0,4.018749999999999,0.053125,0.0
25,COPOC,RPS,0.07999999999999996,0.90625,2.271875,1.271875,1.0333333333333334,2.0,3.6937500000000014,0.096875,0.0
25,COPOC,RPS,0.09999999999999998,0.884375,1.9875,0.9875,1.054054054054054,2.0,3.425,0.121875,0.0
25,COPOC,RPS,0.13,0.865625,1.915625,0.915625,1.0465116279069768,2.0,3.0790865384615382,0.140625,0.0
25,COPOC,RPS,0.15000000000000002,0.834375,1.80625,0.80625,1.0377358490566038,2.0,3.0979166666666664,0.171875,0.0
25,COPOC,RPS,0.18000000000000005,0.81875,1.721875,0.721875,1.0344827586206897,2.0,2.805208333333333,0.1875,0.0
25,COPOC,RPS,0.19999999999999996,0.784375,1.634375,0.634375,1.0289855072463767,2.0,2.853125000000001,0.221875,0.0
25,COPOC,OCDF,0.010000000000000009,0.9875,4.746875,3.746875,1.0,1.0,6.2468749999999975,0.0125,0.0
25,COPOC,OCDF,0.020000000000000018,0.98125,4.453125,3.453125,1.0,1.0,5.328124999999998,0.01875,0.0
25,COPOC,OCDF,0.030000000000000027,0.975,4.240625,3.240625,1.125,2.0,5.115624999999999,0.028125,0.0
25,COPOC,OCDF,0.050000000000000044,0.94375,3.875,2.875,1.0555555555555556,2.0,5.249999999999998,0.059375,0.0
25,COPOC,OCDF,0.07999999999999996,0.909375,3.646875,2.646875,1.0689655172413792,2.0,5.068750000000001,0.096875,0.0
25,COPOC,OCDF,0.09999999999999998,0.88125,3.4625,2.4625,1.0526315789473684,2.0,4.9625,0.125,0.0
25,COPOC,OCDF,0.13,0.878125,3.4125,2.4125,1.0512820512820513,2.0,4.383653846153846,0.128125,0.0
25,COPOC,OCDF,0.15000000000000002,0.859375,3.28125,2.28125,1.0666666666666667,2.0,4.28125,0.15,0.0
25,COPOC,OCDF,0.18000000000000005,0.828125,3.1625,2.1625,1.0727272727272728,2.0,4.21111111111111,0.184375,0.0
25,COPOC,OCDF,0.19999999999999996,0.803125,3.046875,2.046875,1.0793650793650793,2.0,4.171875,0.2125,0.0
25,COPOC,APS,0.010000000000000009,0.98125,3.890625,2.890625,1.0,1.0,6.640624999999997,0.01875,0.0
25,COPOC,APS,0.020000000000000018,0.965625,3.490625,2.490625,1.0,1.0,5.928124999999997,0.034375,0.0
25,COPOC,APS,0.030000000000000027,0.9625,3.346875,2.346875,1.0,1.0,4.846874999999999,0.0375,0.0
25,COPOC,APS,0.050000000000000044,0.934375,3.071875,2.071875,1.0,1.0,4.696874999999998,0.065625,0.0
25,COPOC,APS,0.07999999999999996,0.9125,2.6625,1.6625,1.0357142857142858,2.0,3.9281250000000014,0.090625,0.0
25,COPOC,APS,0.09999999999999998,0.8875,2.2875,1.2875,1.0555555555555556,2.0,3.6625,0.11875,0.0
25,COPOC,APS,0.13,0.86875,2.10625,1.10625,1.0714285714285714,2.0,3.2697115384615385,0.140625,0.0
25,COPOC,APS,0.15000000000000002,0.840625,1.8875,0.8875,1.0588235294117647,2.0,3.1375,0.16875,0.0
25,COPOC,APS,0.18000000000000005,0.821875,1.83125,0.83125,1.0526315789473684,2.0,2.914583333333333,0.1875,0.0
25,COPOC,APS,0.19999999999999996,0.796875,1.759375,0.7625,1.0923076923076922,4.0,2.8875000000000006,0.221875,0.0
25,COPOC,LAC,0.010000000000000009,0.978125,3.553125,2.553125,1.0,1.0,6.928124999999997,0.021875,0.0
25,COPOC,LAC,0.020000000000000018,0.96875,3.3375,2.3375,1.0,1.0,5.462499999999997,0.03125,0.0
25,COPOC,LAC,0.030000000000000027,0.9625,3.2625,2.2625,1.0,1.0,4.762499999999998,0.0375,0.0
25,COPOC,LAC,0.050000000000000044,0.946875,2.99375,1.99375,1.0588235294117647,2.0,4.243749999999999,0.05625,0.0
25,COPOC,LAC,0.07999999999999996,0.91875,2.66875,1.66875,1.0384615384615385,2.0,3.7781250000000015,0.084375,0.0
25,COPOC,LAC,0.09999999999999998,0.8875,2.4375,1.4375,1.0277777777777777,2.0,3.75,0.115625,0.0
25,COPOC,LAC,0.13,0.840625,2.2,1.2,1.0392156862745099,2.0,3.7480769230769226,0.165625,0.0
25,COPOC,LAC,0.15000000000000002,0.815625,2.015625,1.01875,1.0847457627118644,4.0,3.602083333333333,0.2,0.0
25,COPOC,LAC,0.18000000000000005,0.8,1.83125,0.846875,1.265625,4.0,3.3468749999999994,0.253125,0.0
25,COPOC,LAC,0.19999999999999996,0.771875,1.69375,0.7125,1.2876712328767124,4.0,3.30625,0.29375,0.0
26,COPOC,min-CPS,0.010000000000000009,0.984375,3.83125,2.83125,1.0,1.0,5.956249999999997,0.015625,0.0
26,COPOC,min-CPS,0.020000000000000018,0.98125,3.553125,2.553125,1.0,1.0,4.428124999999999,0.01875,0.0
26,COPOC,min-CPS,0.030000000000000027,0.959375,3.309375,2.309375,1.0,1.0,5.017708333333331,0.040625,0.0
26,COPOC,min-CPS,0.050000000000000044,0.95625,3.128125,2.128125,1.0714285714285714,2.0,4.003124999999999,0.046875,0.0
26,COPOC,min-CPS,0.07999999999999996,0.9375,2.871875,1.871875,1.05,2.0,3.5125000000000015,0.065625,0.0
26,COPOC,min-CPS,0.09999999999999998,0.93125,2.76875,1.76875,1.0454545454545454,2.0,3.20625,0.071875,0.0
26,COPOC,min-CPS,0.13,0.9125,2.63125,1.63125,1.0357142857142858,2.0,3.0254807692307693,0.090625,0.0
26,COPOC,min-CPS,0.15000000000000002,0.890625,2.44375,1.44375,1.0285714285714285,2.0,2.94375,0.1125,0.0
26,COPOC,min-CPS,0.18000000000000005,0.86875,2.25625,1.25625,1.0476190476190477,2.0,2.7840277777777773,0.1375,0.0
26,COPOC,min-CPS,0.19999999999999996,0.846875,2.159375,1.159375,1.0612244897959184,2.0,2.784375,0.1625,0.0
26,COPOC,RPS,0.010000000000000009,0.9875,3.5125,2.5125,1.0,1.0,5.0124999999999975,0.0125,0.0
26,COPOC,RPS,0.020000000000000018,0.971875,3.234375,2.234375,1.0,1.0,5.046874999999997,0.028125,0.0
26,COPOC,RPS,0.030000000000000027,0.9625,3.09375,2.09375,1.0,1.0,4.593749999999998,0.0375,0.0
26,COPOC,RPS,0.050000000000000044,0.95,2.91875,1.91875,1.0,1.0,3.9187499999999984,0.05,0.0
26,COPOC,RPS,0.07999999999999996,0.94375,2.665625,1.665625,1.0555555555555556,2.0,3.1500000000000012,0.059375,0.0
26,COPOC,RPS,0.09999999999999998,0.925,2.271875,1.271875,1.0416666666666667,2.0,2.834375,0.078125,0.0
26,COPOC,RPS,0.13,0.896875,1.975,0.975,1.0303030303030303,2.0,2.6096153846153847,0.10625,0.0
26,COPOC,RPS,0.15000000000000002,0.8875,1.9375,0.9375,1.0277777777777777,2.0,2.4791666666666665,0.115625,0.0
26,COPOC,RPS,0.18000000000000005,0.8625,1.815625,0.815625,1.0227272727272727,2.0,2.378125,0.140625,0.0
26,COPOC,RPS,0.19999999999999996,0.846875,1.7375,0.7375,1.0204081632653061,2.0,2.3,0.15625,0.0
26,COPOC,OCDF,0.010000000000000009,0.9875,4.725,3.725,1.0,1.0,6.224999999999998,0.0125,0.0
26,COPOC,OCDF,0.020000000000000018,0.9875,4.6625,3.6625,1.0,1.0,4.912499999999999,0.0125,0.0
26,COPOC,OCDF,0.030000000000000027,0.975,4.2,3.2,1.25,2.0,5.283333333333332,0.03125,0.0
26,COPOC,OCDF,0.050000000000000044,0.953125,3.959375,2.959375,1.1333333333333333,2.0,5.084374999999999,0.053125,0.0
26,COPOC,OCDF,0.07999999999999996,0.915625,3.63125,2.63125,1.1111111111111112,2.0,4.975000000000001,0.09375,0.0
26,COPOC,OCDF,0.09999999999999998,0.890625,3.453125,2.453125,1.0857142857142856,2.0,4.828125,0.11875,0.0
26,COPOC,OCDF,0.13,0.859375,3.296875,2.296875,1.0666666666666667,2.0,4.604567307692308,0.15,0.0
26,COPOC,OCDF,0.15000000000000002,0.821875,3.121875,2.121875,1.087719298245614,2.0,4.705208333333333,0.19375,0.0
26,COPOC,OCDF,0.18000000000000005,0.8125,3.021875,2.021875,1.0833333333333333,2.0,4.278819444444444,0.203125,0.0
26,COPOC,OCDF,0.19999999999999996,0.790625,2.921875,1.921875,1.0895522388059702,2.0,4.203125,0.228125,0.0
26,COPOC,APS,0.010000000000000009,0.990625,4.13125,3.13125,1.0,1.0,5.006249999999999,0.009375,0.0
26,COPOC,APS,0.020000000000000018,0.978125,3.753125,2.753125,1.0,1.0,4.940624999999998,0.021875,0.0
26,COPOC,APS,0.030000000000000027,0.975,3.584375,2.584375,1.0,1.0,4.251041666666666,0.025,0.0
26,COPOC,APS,0.050000000000000044,0.95,3.090625,2.090625,1.0,1.0,4.090624999999998,0.05,0.0
26,COPOC,APS,0.07999999999999996,0.93125,2.859375,1.859375,1.0,1.0,3.5781250000000013,0.06875,0.0
26,COPOC,APS,0.09999999999999998,0.921875,2.63125,1.63125,1.04,2.0,3.25625,0.08125,0.0
26,COPOC,APS,0.13,0.909375,2.4125,1.4125,1.0344827586206897,2.0,2.854807692307692,0.09375,0.0
26,COPOC,APS,0.15000000000000002,0.903125,2.159375,1.159375,1.1290322580645162,2.0,2.617708333333333,0.109375,0.0
26,COPOC,APS,0.18000000000000005,0.871875,1.94375,0.94375,1.1219512195121952,2.0,2.540972222222222,0.14375,0.0
26,COPOC,APS,0.19999999999999996,0.85,1.828125,0.828125,1.1041666666666667,2.0,2.484375,0.165625,0.0
26,COPOC,LAC,0.010000000000000009,0.984375,3.653125,2.653125,1.0,1.0,5.7781249999999975,0.015625,0.0
26,COPOC,LAC,0.020000000000000018,0.9625,3.328125,2.328125,1.0,1.0,6.0781249999999964,0.0375,0.0
26,COPOC,LAC,0.030000000000000027,0.959375,3.278125,2.278125,1.0,1.0,4.986458333333331,0.040625,0.0
26,COPOC,LAC,0.050000000000000044,0.95625,3.084375,2.084375,1.0714285714285714,2.0,3.9593749999999988,0.046875,0.0
26,COPOC,LAC,0.07999999999999996,0.934375,2.70625,1.70625,1.0476190476190477,2.0,3.4250000000000016,0.06875,0.0
26,COPOC,LAC,0.09999999999999998,0.91875,2.509375,1.509375,1.0769230769230769,2.0,3.259375,0.0875,0.0
26,COPOC,LAC,0.13,0.9125,2.43125,1.43125,1.0714285714285714,2.0,2.873557692307693,0.09375,0.0
26,COPOC,LAC,0.15000000000000002,0.890625,2.3,1.3,1.0571428571428572,2.0,2.8416666666666663,0.115625,0.0
26,COPOC,LAC,0.18000000000000005,0.871875,2.16875,1.16875,1.048780487804878,2.0,2.661805555555555,0.134375,0.0
26,COPOC,LAC,0.19999999999999996,0.84375,1.95625,0.959375,1.1,4.0,2.615625,0.171875,0.0
27,COPOC,min-CPS,0.010000000000000009,0.984375,3.840625,2.840625,1.0,1.0,5.9656249999999975,0.015625,0.0
27,COPOC,min-CPS,0.020000000000000018,0.95625,3.36875,2.36875,1.0,1.0,6.743749999999997,0.04375,0.0
27,COPOC,min-CPS,0.030000000000000027,0.946875,3.209375,2.209375,1.0588235294117647,2.0,5.959374999999997,0.05625,0.0
27,COPOC,min-CPS,0.050000000000000044,0.934375,2.971875,1.971875,1.0476190476190477,2.0,4.721874999999997,0.06875,0.0
27,COPOC,min-CPS,0.07999999999999996,0.93125,2.83125,1.83125,1.0454545454545454,2.0,3.6281250000000016,0.071875,0.0
27,COPOC,min-CPS,0.09999999999999998,0.921875,2.740625,1.740625,1.04,2.0,3.365625,0.08125,0.0
27,COPOC,min-CPS,0.13,0.88125,2.525,1.525,1.0526315789473684,2.0,3.448076923076923,0.125,0.0
27,COPOC,min-CPS,0.15000000000000002,0.871875,2.353125,1.353125,1.048780487804878,2.0,3.1447916666666664,0.134375,0.0
27,COPOC,min-CPS,0.18000000000000005,0.859375,2.215625,1.215625,1.0666666666666667,2.0,2.8822916666666663,0.15,0.0
27,COPOC,min-CPS,0.19999999999999996,0.840625,2.146875,1.146875,1.0784313725490196,2.0,2.865625,0.171875,0.0
27,COPOC,RPS,0.010000000000000009,0.98125,3.453125,2.453125,1.0,1.0,6.203124999999997,0.01875,0.0
27,COPOC,RPS,0.020000000000000018,0.959375,3.140625,2.140625,1.0,1.0,6.203124999999997,0.040625,0.0
27,COPOC,RPS,0.030000000000000027,0.9375,2.95625,1.95625,1.0,1.0,6.122916666666663,0.0625,0.0
27,COPOC,RPS,0.050000000000000044,0.934375,2.76875,1.76875,1.0476190476190477,2.0,4.518749999999997,0.06875,0.0
27,COPOC,RPS,0.07999999999999996,0.921875,2.509375,1.509375,1.04,2.0,3.5406250000000012,0.08125,0.0
27,COPOC,RPS,0.09999999999999998,0.9,2.109375,1.109375,1.0625,2.0,3.234375,0.10625,0.0
27,COPOC,RPS,0.13,0.8875,1.9625,0.9625,1.0555555555555556,2.0,2.7894230769230766,0.11875,0.0
27,COPOC,RPS,0.15000000000000002,0.853125,1.815625,0.815625,1.0425531914893618,2.0,2.8572916666666663,0.153125,0.0
27,COPOC,RPS,0.18000000000000005,0.83125,1.74375,0.74375,1.037037037037037,2.0,2.688194444444444,0.175,0.0
27,COPOC,RPS,0.19999999999999996,0.81875,1.696875,0.696875,1.0344827586206897,2.0,2.571875,0.1875,0.0
27,COPOC,OCDF,0.010000000000000009,0.99375,4.790625,3.790625,1.0,1.0,5.040624999999999,0.00625,0.0
27,COPOC,OCDF,0.020000000000000018,0.98125,4.45,3.45,1.0,1.0,5.324999999999998,0.01875,0.0
27,COPOC,OCDF,0.030000000000000027,0.975,4.259375,3.259375,1.125,2.0,5.134374999999999,0.028125,0.0
27,COPOC,OCDF,0.050000000000000044,0.921875,3.79375,2.79375,1.04,2.0,6.0437499999999975,0.08125,0.0
27,COPOC,OCDF,0.07999999999999996,0.871875,3.490625,2.490625,1.0731707317073171,2.0,5.928125000000001,0.1375,0.0
27,COPOC,OCDF,0.09999999999999998,0.84375,3.325,2.325,1.06,2.0,5.6375,0.165625,0.0
27,COPOC,OCDF,0.13,0.81875,3.178125,2.178125,1.0862068965517242,2.0,5.206971153846153,0.196875,0.0
27,COPOC,OCDF,0.15000000000000002,0.79375,3.065625,2.065625,1.0909090909090908,2.0,5.065624999999999,0.225,0.0
27,COPOC,OCDF,0.18000000000000005,0.775,2.978125,1.978125,1.0833333333333333,2.0,4.6864583333333325,0.24375,0.0
27,COPOC,OCDF,0.19999999999999996,0.7375,2.85,1.85,1.0714285714285714,2.0,4.6625,0.28125,0.0
27,COPOC,APS,0.010000000000000009,0.99375,4.175,3.175,1.0,1.0,4.424999999999999,0.00625,0.0
27,COPOC,APS,0.020000000000000018,0.978125,3.740625,2.740625,1.0,1.0,4.928124999999999,0.021875,0.0
27,COPOC,APS,0.030000000000000027,0.9625,3.3625,2.3625,1.0,1.0,4.862499999999999,0.0375,0.0
27,COPOC,APS,0.050000000000000044,0.940625,3.078125,2.078125,1.0526315789473684,2.0,4.578124999999998,0.0625,0.0
27,COPOC,APS,0.07999999999999996,0.925,2.746875,1.746875,1.0416666666666667,2.0,3.7000000000000015,0.078125,0.0
27,COPOC,APS,0.09999999999999998,0.9,2.471875,1.471875,1.03125,2.0,3.534375,0.103125,0.0
27,COPOC,APS,0.13,0.875,2.15,1.15,1.05,2.0,3.1692307692307686,0.13125,0.0
27,COPOC,APS,0.15000000000000002,0.86875,2.071875,1.071875,1.0476190476190477,2.0,2.9052083333333334,0.1375,0.0
27,COPOC,APS,0.18000000000000005,0.834375,1.875,0.878125,1.1320754716981132,4.0,2.8920138888888887,0.1875,0.0
27,COPOC,APS,0.19999999999999996,0.815625,1.796875,0.8,1.1355932203389831,4.0,2.83125,0.209375,0.0
27,COPOC,LAC,0.010000000000000009,0.984375,3.628125,2.628125,1.0,1.0,5.753124999999997,0.015625,0.0
27,COPOC,LAC,0.020000000000000018,0.953125,3.278125,2.278125,1.0,1.0,6.9656249999999975,0.046875,0.0
27,COPOC,LAC,0.030000000000000027,0.95,3.14375,2.14375,1.0,1.0,5.477083333333331,0.05,0.0
27,COPOC,LAC,0.050000000000000044,0.921875,2.803125,1.803125,1.04,2.0,5.053124999999997,0.08125,0.0
27,COPOC,LAC,0.07999999999999996,0.915625,2.646875,1.646875,1.037037037037037,2.0,3.8343750000000014,0.0875,0.0
27,COPOC,LAC,0.09999999999999998,0.903125,2.4625,1.4625,1.032258064516129,2.0,3.4625,0.1,0.0
27,COPOC,LAC,0.13,0.871875,2.290625,1.290625,1.024390243902439,2.0,3.3098557692307686,0.13125,0.0
27,COPOC,LAC,0.15000000000000002,0.853125,2.18125,1.18125,1.0851063829787233,2.0,3.30625,0.159375,0.0
27,COPOC,LAC,0.18000000000000005,0.83125,2.03125,1.034375,1.1296296296296295,4.0,3.0829861111111105,0.190625,0.0
27,COPOC,LAC,0.19999999999999996,0.803125,1.85625,0.865625,1.2222222222222223,4.0,3.053125,0.240625,0.0
28,COPOC,min-CPS,0.010000000000000009,1.0,4.41875,3.41875,,0.0,3.41875,0.0,0.0
28,COPOC,min-CPS,0.020000000000000018,0.98125,3.578125,2.578125,1.0,1.0,4.453124999999998,0.01875,0.0
28,COPOC,min-CPS,0.030000000000000027,0.971875,3.403125,2.403125,1.0,1.0,4.278124999999998,0.028125,0.0
28,COPOC,min-CPS,0.050000000000000044,0.94375,2.984375,1.984375,1.0,1.0,4.234374999999998,0.05625,0.0
28,COPOC,min-CPS,0.07999999999999996,0.93125,2.86875,1.86875,1.0,1.0,3.5875000000000012,0.06875,0.0
28,COPOC,min-CPS,0.09999999999999998,0.91875,2.775,1.775,1.0,1.0,3.4,0.08125,0.0
28,COPOC,min-CPS,0.13,0.9,2.659375,1.659375,1.03125,2.0,3.2459134615384615,0.103125,0.0
28,COPOC,min-CPS,0.15000000000000002,0.875,2.409375,1.409375,1.025,2.0,3.117708333333333,0.128125,0.0
28,COPOC,min-CPS,0.18000000000000005,0.865625,2.240625,1.240625,1.0465116279069768,2.0,2.803124999999999,0.140625,0.0
28,COPOC,min-CPS,0.19999999999999996,0.85,2.1625,1.1625,1.0416666666666667,2.0,2.725,0.15625,0.0
28,COPOC,RPS,0.010000000000000009,0.9875,3.53125,2.53125,1.0,1.0,5.031249999999998,0.0125,0.0
28,COPOC,RPS,0.020000000000000018,0.975,3.259375,2.259375,1.0,1.0,4.759374999999998,0.025,0.0
28,COPOC,RPS,0.030000000000000027,0.9625,3.1125,2.1125,1.0,1.0,4.612499999999999,0.0375,0.0
28,COPOC,RPS,0.050000000000000044,0.953125,2.9375,1.9375,1.0,1.0,3.8124999999999987,0.046875,0.0
28,COPOC,RPS,0.07999999999999996,0.921875,2.471875,1.471875,1.0,1.0,3.4250000000000016,0.078125,0.0
28,COPOC,RPS,0.09999999999999998,0.90625,2.128125,1.128125,1.0333333333333334,2.0,3.065625,0.096875,0.0
28,COPOC,RPS,0.13,0.8875,1.975,0.975,1.0555555555555556,2.0,2.8019230769230767,0.11875,0.0
28,COPOC,RPS,0.15000000000000002,0.875,1.9125,0.9125,1.05,2.0,2.6625,0.13125,0.0
28,COPOC,RPS,0.18000000000000005,0.840625,1.778125,0.778125,1.0392156862745099,2.0,2.618402777777777,0.165625,0.0
28,COPOC,RPS,0.19999999999999996,0.825,1.715625,0.715625,1.0357142857142858,2.0,2.528125,0.18125,0.0
28,COPOC,OCDF,0.010000000000000009,1.0,4.865625,3.865625,,0.0,3.865625,0.0,0.0
28,COPOC,OCDF,0.020000000000000018,1.0,4.7875,3.7875,,0.0,3.7875,0.0,0.0
28,COPOC,OCDF,0.030000000000000027,0.996875,4.696875,3.696875,1.0,1.0,3.905208333333333,0.003125,0.0
28,COPOC,OCDF,0.050000000000000044,0.975,4.10625,3.10625,1.0,1.0,4.106249999999999,0.025,0.0
28,COPOC,OCDF,0.07999999999999996,0.9375,3.775,2.775,1.0,1.0,4.337500000000001,0.0625,0.0
28,COPOC,OCDF,0.09999999999999998,0.928125,3.65625,2.65625,1.0,1.0,4.09375,0.071875,0.0
28,COPOC,OCDF,0.13,0.884375,3.38125,2.38125,1.0,1.0,4.160096153846154,0.115625,0.0
28,COPOC,OCDF,0.15000000000000002,0.85625,3.23125,2.23125,1.0,1.0,4.147916666666666,0.14375,0.0
28,COPOC,OCDF,0.18000000000000005,0.846875,3.146875,2.146875,1.0,1.0,3.8482638888888885,0.153125,0.0
28,COPOC,OCDF,0.19999999999999996,0.790625,2.93125,1.93125,1.0298507462686568,2.0,4.0875,0.215625,0.0
28,COPOC,APS,0.010000000000000009,0.996875,4.165625,3.165625,1.0,1.0,3.7906249999999995,0.003125,0.0
28,COPOC,APS,0.020000000000000018,0.99375,4.040625,3.040625,1.0,1.0,3.6656249999999995,0.00625,0.0
28,COPOC,APS,0.030000000000000027,0.98125,3.621875,2.621875,1.0,1.0,3.8718749999999993,0.01875,0.0
28,COPOC,APS,0.050000000000000044,0.95625,3.0625,2.0625,1.0,1.0,3.8124999999999987,0.04375,0.0
28,COPOC,APS,0.07999999999999996,0.928125,2.684375,1.684375,1.0,1.0,3.4812500000000015,0.071875,0.0
28,COPOC,APS,0.09999999999999998,0.896875,2.465625,1.465625,1.0,1.0,3.528125,0.103125,0.0
28,COPOC,APS,0.13,0.884375,2.271875,1.271875,1.0,1.0,3.0507211538461534,0.115625,0.0
28,COPOC,APS,0.15000000000000002,0.871875,2.146875,1.146875,1.0,1.0,2.855208333333333,0.128125,0.0
28,COPOC,APS,0.18000000000000005,0.85,1.971875,0.971875,1.0208333333333333,2.0,2.6732638888888887,0.153125,0.0
28,COPOC,APS,0.19999999999999996,0.828125,1.903125,0.903125,1.018181818181818,2.0,2.653125,0.175,0.0
28,COPOC,LAC,0.010000000000000009,1.0,4.6125,3.6125,,0.0,3.6125,0.0,0.0
28,COPOC,LAC,0.020000000000000018,0.975,3.41875,2.41875,1.0,1.0,4.9187499999999975,0.025,0.0
28,COPOC,LAC,0.030000000000000027,0.96875,3.315625,2.315625,1.0,1.0,4.398958333333331,0.03125,0.0
28,COPOC,LAC,0.050000000000000044,0.95,3.0125,2.0125,1.0,1.0,4.012499999999998,0.05,0.0
28,COPOC,LAC,0.07999999999999996,0.928125,2.7125,1.7125,1.0,1.0,3.5093750000000012,0.071875,0.0
28,COPOC,LAC,0.09999999999999998,0.921875,2.590625,1.590625,1.0,1.0,3.153125,0.078125,0.0
28,COPOC,LAC,0.13,0.89375,2.41875,1.41875,1.0,1.0,3.0533653846153848,0.10625,0.0
28,COPOC,LAC,0.15000000000000002,0.875,2.309375,1.309375,1.0,1.0,2.9760416666666663,0.125,0.0
28,COPOC,LAC,0.18000000000000005,0.83125,2.028125,1.0375,1.2222222222222223,4.0,3.155555555555555,0.20625,0.0
28,COPOC,LAC,0.19999999999999996,0.784375,1.765625,0.790625,1.4057971014492754,4.0,3.415625,0.303125,0.0
29,COPOC,min-CPS,0.010000000000000009,0.9875,3.8875,2.8875,1.0,1.0,5.3874999999999975,0.0125,0.0
29,COPOC,min-CPS,0.020000000000000018,0.984375,3.55625,2.55625,1.0,1.0,4.118749999999999,0.015625,0.0
29,COPOC,min-CPS,0.030000000000000027,0.984375,3.390625,2.390625,1.0,1.0,3.4322916666666656,0.015625,0.0
29,COPOC,min-CPS,0.050000000000000044,0.965625,3.221875,2.221875,1.0909090909090908,2.0,3.7218749999999985,0.0375,0.0
29,COPOC,min-CPS,0.07999999999999996,0.928125,2.815625,1.815625,1.0434782608695652,2.0,3.6906250000000016,0.075,0.0
29,COPOC,min-CPS,0.09999999999999998,0.90625,2.71875,1.71875,1.0666666666666667,2.0,3.71875,0.1,0.0
29,COPOC,min-CPS,0.13,0.88125,2.5375,1.5375,1.0526315789473684,2.0,3.4605769230769226,0.125,0.0
29,COPOC,min-CPS,0.15000000000000002,0.878125,2.415625,1.415625,1.0512820512820513,2.0,3.123958333333333,0.128125,0.0
29,COPOC,min-CPS,0.18000000000000005,0.853125,2.24375,1.24375,1.0425531914893618,2.0,2.9451388888888888,0.153125,0.0
29,COPOC,min-CPS,0.19999999999999996,0.80625,2.0875,1.0875,1.032258064516129,2.0,3.0875,0.2,0.0
29,COPOC,RPS,0.010000000000000009,0.990625,3.521875,2.521875,1.0,1.0,4.396874999999999,0.009375,0.0
29,COPOC,RPS,0.020000000000000018,0.9875,3.41875,2.41875,1.0,1.0,3.6687499999999984,0.0125,0.0
29,COPOC,RPS,0.030000000000000027,0.98125,3.215625,2.215625,1.0,1.0,3.4656249999999984,0.01875,0.0
29,COPOC,RPS,0.050000000000000044,0.96875,3.06875,2.06875,1.0,1.0,3.3187499999999988,0.03125,0.0
29,COPOC,RPS,0.07999999999999996,0.928125,2.50625,1.50625,1.0434782608695652,2.0,3.3812500000000014,0.075,0.0
29,COPOC,RPS,0.09999999999999998,0.9,2.11875,1.11875,1.0625,2.0,3.24375,0.10625,0.0
29,COPOC,RPS,0.13,0.875,1.946875,0.946875,1.05,2.0,2.9661057692307695,0.13125,0.0
29,COPOC,RPS,0.15000000000000002,0.865625,1.884375,0.884375,1.0465116279069768,2.0,2.7593749999999995,0.140625,0.0
29,COPOC,RPS,0.18000000000000005,0.85,1.775,0.775,1.0416666666666667,2.0,2.5111111111111106,0.15625,0.0
29,COPOC,RPS,0.19999999999999996,0.834375,1.70625,0.70625,1.0377358490566038,2.0,2.425,0.171875,0.0
29,COPOC,OCDF,0.010000000000000009,0.98125,4.690625,3.690625,1.0,1.0,7.440624999999997,0.01875,0.0
29,COPOC,OCDF,0.020000000000000018,0.978125,4.41875,3.41875,1.0,1.0,5.606249999999998,0.021875,0.0
29,COPOC,OCDF,0.030000000000000027,0.965625,4.121875,3.121875,1.1818181818181819,2.0,5.830208333333331,0.040625,0.0
29,COPOC,OCDF,0.050000000000000044,0.9375,3.8625,2.8625,1.1,2.0,5.612499999999999,0.06875,0.0
29,COPOC,OCDF,0.07999999999999996,0.915625,3.665625,2.665625,1.1111111111111112,2.0,5.009375000000001,0.09375,0.0
29,COPOC,OCDF,0.09999999999999998,0.896875,3.5,2.5,1.0909090909090908,2.0,4.75,0.1125,0.0
29,COPOC,OCDF,0.13,0.875,3.334375,2.334375,1.1,2.0,4.449759615384616,0.1375,0.0
29,COPOC,OCDF,0.15000000000000002,0.859375,3.215625,2.215625,1.1111111111111112,2.0,4.298958333333333,0.15625,0.0
29,COPOC,OCDF,0.18000000000000005,0.821875,3.08125,2.08125,1.105263157894737,2.0,4.268749999999999,0.196875,0.0
29,COPOC,OCDF,0.19999999999999996,0.81875,3.021875,2.021875,1.103448275862069,2.0,4.021875,0.2,0.0
29,COPOC,APS,0.010000000000000009,0.990625,3.859375,2.859375,1.0,1.0,4.734374999999998,0.009375,0.0
29,COPOC,APS,0.020000000000000018,0.9875,3.690625,2.690625,1.0,1.0,3.9406249999999985,0.0125,0.0
29,COPOC,APS,0.030000000000000027,0.975,3.325,2.325,1.0,1.0,3.991666666666666,0.025,0.0
29,COPOC,APS,0.050000000000000044,0.953125,3.171875,2.171875,1.0,1.0,4.046874999999998,0.046875,0.0
29,COPOC,APS,0.07999999999999996,0.934375,2.790625,1.790625,1.0476190476190477,2.0,3.5093750000000012,0.06875,0.0
29,COPOC,APS,0.09999999999999998,0.903125,2.46875,1.46875,1.032258064516129,2.0,3.46875,0.1,0.0
29,COPOC,APS,0.13,0.8875,2.2375,1.2375,1.0833333333333333,2.0,3.1125,0.121875,0.0
29,COPOC,APS,0.15000000000000002,0.88125,2.08125,1.08125,1.0789473684210527,2.0,2.789583333333333,0.128125,0.0
29,COPOC,APS,0.18000000000000005,0.859375,1.90625,0.90625,1.0888888888888888,2.0,2.6076388888888884,0.153125,0.0
29,COPOC,APS,0.19999999999999996,0.8375,1.821875,0.821875,1.0769230769230769,2.0,2.571875,0.175,0.0
29,COPOC,LAC,0.010000000000000009,0.9875,3.728125,2.728125,1.0,1.0,5.228124999999998,0.0125,0.0
29,COPOC,LAC,0.020000000000000018,0.9875,3.565625,2.565625,1.0,1.0,3.8156249999999985,0.0125,0.0
29,COPOC,LAC,0.030000000000000027,0.978125,3.359375,2.359375,1.0,1.0,3.817708333333332,0.021875,0.0
29,COPOC,LAC,0.050000000000000044,0.971875,3.18125,2.18125,1.0,1.0,3.3062499999999995,0.028125,0.0
29,COPOC,LAC,0.07999999999999996,0.928125,2.675,1.675,1.0434782608695652,2.0,3.5500000000000016,0.075,0.0
29,COPOC,LAC,0.09999999999999998,0.925,2.546875,1.546875,1.0416666666666667,2.0,3.109375,0.078125,0.0
29,COPOC,LAC,0.13,0.90625,2.4,1.4,1.0666666666666667,2.0,2.938461538461538,0.1,0.0
29,COPOC,LAC,0.15000000000000002,0.85625,2.153125,1.153125,1.108695652173913,2.0,3.278125,0.159375,0.0
29,COPOC,LAC,0.18000000000000005,0.821875,1.91875,0.925,1.1929824561403508,4.0,3.1819444444444445,0.2125,0.0
29,COPOC,LAC,0.19999999999999996,0.809375,1.834375,0.84375,1.2295081967213115,4.0,3.0,0.234375,0.0
30,COPOC,min-CPS,0.010000000000000009,0.99375,4.00625,3.00625,1.0,1.0,4.256249999999999,0.00625,0.0
30,COPOC,min-CPS,0.020000000000000018,0.9875,3.6625,2.6625,1.0,1.0,3.9124999999999988,0.0125,0.0
30,COPOC,min-CPS,0.030000000000000027,0.975,3.415625,2.415625,1.0,1.0,4.0822916666666655,0.025,0.0
30,COPOC,min-CPS,0.050000000000000044,0.94375,2.9875,1.9875,1.0555555555555556,2.0,4.362499999999998,0.059375,0.0
30,COPOC,min-CPS,0.07999999999999996,0.9125,2.79375,1.79375,1.0357142857142858,2.0,4.059375000000001,0.090625,0.0
30,COPOC,min-CPS,0.09999999999999998,0.89375,2.68125,1.68125,1.0294117647058822,2.0,3.86875,0.109375,0.0
30,COPOC,min-CPS,0.13,0.865625,2.496875,1.496875,1.0232558139534884,2.0,3.612259615384615,0.1375,0.0
30,COPOC,min-CPS,0.15000000000000002,0.8375,2.253125,1.253125,1.0384615384615385,2.0,3.503125,0.16875,0.0
30,COPOC,min-CPS,0.18000000000000005,0.790625,2.09375,1.09375,1.044776119402985,2.0,3.524305555555556,0.21875,0.0
30,COPOC,min-CPS,0.19999999999999996,0.778125,2.003125,1.003125,1.056338028169014,2.0,3.346875,0.234375,0.0
30,COPOC,RPS,0.010000000000000009,0.9875,3.51875,2.51875,1.0,1.0,5.018749999999998,0.0125,0.0
30,COPOC,RPS,0.020000000000000018,0.978125,3.309375,2.309375,1.0,1.0,4.496874999999998,0.021875,0.0
30,COPOC,RPS,0.030000000000000027,0.975,3.21875,2.21875,1.0,1.0,3.8854166666666656,0.025,0.0
30,COPOC,RPS,0.050000000000000044,0.95625,2.978125,1.978125,1.0,1.0,3.7281249999999986,0.04375,0.0
30,COPOC,RPS,0.07999999999999996,0.90625,2.278125,1.278125,1.0333333333333334,2.0,3.7000000000000015,0.096875,0.0
30,COPOC,RPS,0.09999999999999998,0.88125,1.996875,0.996875,1.0526315789473684,2.0,3.496875,0.125,0.0
30,COPOC,RPS,0.13,0.865625,1.94375,0.94375,1.0465116279069768,2.0,3.1072115384615384,0.140625,0.0
30,COPOC,RPS,0.15000000000000002,0.834375,1.83125,0.83125,1.0377358490566038,2.0,3.1229166666666663,0.171875,0.0
30,COPOC,RPS,0.18000000000000005,0.815625,1.74375,0.74375,1.0338983050847457,2.0,2.861805555555555,0.190625,0.0
30,COPOC,RPS,0.19999999999999996,0.771875,1.628125,0.628125,1.0273972602739727,2.0,2.9718750000000007,0.234375,0.0
30,COPOC,OCDF,0.010000000000000009,0.996875,4.8,3.8,1.0,1.0,4.424999999999999,0.003125,0.0
30,COPOC,OCDF,0.020000000000000018,0.98125,4.45,3.45,1.0,1.0,5.324999999999998,0.01875,0.0
30,COPOC,OCDF,0.030000000000000027,0.959375,4.11875,3.11875,1.0769230769230769,2.0,6.035416666666665,0.04375,0.0
30,COPOC,OCDF,0.050000000000000044,0.946875,3.91875,2.91875,1.0588235294117647,2.0,5.168749999999998,0.05625,0.0
30,COPOC,OCDF,0.07999999999999996,0.9125,3.678125,2.678125,1.0357142857142858,2.0,4.943750000000001,0.090625,0.0
30,COPOC,OCDF,0.09999999999999998,0.89375,3.49375,2.49375,1.0588235294117647,2.0,4.74375,0.1125,0.0
30,COPOC,OCDF,0.13,0.8625,3.30625,2.30625,1.0454545454545454,2.0,4.517788461538461,0.14375,0.0
30,COPOC,OCDF,0.15000000000000002,0.840625,3.1625,2.1625,1.0588235294117647,2.0,4.4125,0.16875,0.0
30,COPOC,OCDF,0.18000000000000005,0.803125,3.0125,2.0125,1.0476190476190477,2.0,4.304166666666665,0.20625,0.0
30,COPOC,OCDF,0.19999999999999996,0.8,2.965625,1.965625,1.0625,2.0,4.090625,0.2125,0.0
30,COPOC,APS,0.010000000000000009,0.990625,4.040625,3.040625,1.0,1.0,4.915624999999999,0.009375,0.0
30,COPOC,APS,0.020000000000000018,0.984375,3.78125,2.78125,1.0,1.0,4.343749999999998,0.015625,0.0
30,COPOC,APS,0.030000000000000027,0.975,3.5,2.5,1.0,1.0,4.166666666666666,0.025,0.0
30,COPOC,APS,0.050000000000000044,0.953125,3.0625,2.0625,1.0,1.0,3.9374999999999987,0.046875,0.0
30,COPOC,APS,0.07999999999999996,0.909375,2.69375,1.69375,1.0344827586206897,2.0,4.037500000000001,0.09375,0.0
30,COPOC,APS,0.09999999999999998,0.890625,2.45,1.45,1.0285714285714285,2.0,3.7,0.1125,0.0
30,COPOC,APS,0.13,0.84375,2.003125,1.003125,1.04,2.0,3.503125,0.1625,0.0
30,COPOC,APS,0.15000000000000002,0.821875,1.903125,0.903125,1.0526315789473684,2.0,3.403125,0.1875,0.0
30,COPOC,APS,0.18000000000000005,0.790625,1.8,0.8,1.044776119402985,2.0,3.2305555555555556,0.21875,0.0
30,COPOC,APS,0.19999999999999996,0.778125,1.753125,0.753125,1.0422535211267605,2.0,3.065625,0.23125,0.0
30,COPOC,LAC,0.010000000000000009,0.99375,3.99375,2.99375,1.0,1.0,4.243749999999999,0.00625,0.0
30,COPOC,LAC,0.020000000000000018,0.98125,3.465625,2.465625,1.0,1.0,4.340624999999998,0.01875,0.0
30,COPOC,LAC,0.030000000000000027,0.978125,3.390625,2.390625,1.0,1.0,3.848958333333333,0.021875,0.0
30,COPOC,LAC,0.050000000000000044,0.953125,3.075,2.075,1.0666666666666667,2.0,4.074999999999998,0.05,0.0
30,COPOC,LAC,0.07999999999999996,0.9125,2.640625,1.640625,1.0357142857142858,2.0,3.9062500000000013,0.090625,0.0
30,COPOC,LAC,0.09999999999999998,0.88125,2.44375,1.44375,1.0263157894736843,2.0,3.88125,0.121875,0.0
30,COPOC,LAC,0.13,0.8375,2.209375,1.209375,1.0384615384615385,2.0,3.805528846153846,0.16875,0.0
30,COPOC,LAC,0.15000000000000002,0.828125,2.09375,1.096875,1.1272727272727272,4.0,3.6385416666666663,0.19375,0.0
30,COPOC,LAC,0.18000000000000005,0.78125,1.821875,0.840625,1.3142857142857143,4.0,3.6878472222222216,0.2875,0.0
30,COPOC,LAC,0.19999999999999996,0.74375,1.653125,0.675,1.3048780487804879,4.0,3.64375,0.334375,0.0
31,COPOC,min-CPS,0.010000000000000009,0.996875,3.965625,2.965625,1.0,1.0,3.5906249999999993,0.003125,0.0
31,COPOC,min-CPS,0.020000000000000018,0.996875,3.865625,2.865625,1.0,1.0,3.1781249999999996,0.003125,0.0
31,COPOC,min-CPS,0.030000000000000027,0.990625,3.5875,2.5875,1.0,1.0,3.2125,0.009375,0.0
31,COPOC,min-CPS,0.050000000000000044,0.978125,3.334375,2.334375,1.0,1.0,3.209374999999999,0.021875,0.0
31,COPOC,min-CPS,0.07999999999999996,0.965625,2.965625,1.965625,1.0909090909090908,2.0,2.9031250000000006,0.0375,0.0
31,COPOC,min-CPS,0.09999999999999998,0.928125,2.765625,1.765625,1.0434782608695652,2.0,3.265625,0.075,0.0
31,COPOC,min-CPS,0.13,0.903125,2.625,1.625,1.032258064516129,2.0,3.1634615384615383,0.1,0.0
31,COPOC,min-CPS,0.15000000000000002,0.88125,2.41875,1.41875,1.0263157894736843,2.0,3.04375,0.121875,0.0
31,COPOC,min-CPS,0.18000000000000005,0.8375,2.215625,1.215625,1.0384615384615385,2.0,3.0906249999999993,0.16875,0.0
31,COPOC,min-CPS,0.19999999999999996,0.834375,2.14375,1.14375,1.0377358490566038,2.0,2.8625,0.171875,0.0
31,COPOC,RPS,0.010000000000000009,0.99375,3.540625,2.540625,1.0,1.0,3.7906249999999986,0.00625,0.0
31,COPOC,RPS,0.020000000000000018,0.9875,3.43125,2.43125,1.0,1.0,3.6812499999999986,0.0125,0.0
31,COPOC,RPS,0.030000000000000027,0.9875,3.303125,2.303125,1.0,1.0,3.1364583333333327,0.0125,0.0
31,COPOC,RPS,0.050000000000000044,0.9875,3.15,2.15,1.0,1.0,2.6499999999999995,0.0125,0.0
31,COPOC,RPS,0.07999999999999996,0.946875,2.671875,1.671875,1.0588235294117647,2.0,3.078125000000001,0.05625,0.0
31,COPOC,RPS,0.09999999999999998,0.928125,2.3125,1.3125,1.0434782608695652,2.0,2.8125,0.075,0.0
31,COPOC,RPS,0.13,0.909375,2.021875,1.021875,1.0689655172413792,2.0,2.5122596153846155,0.096875,0.0
31,COPOC,RPS,0.15000000000000002,0.871875,1.896875,0.896875,1.048780487804878,2.0,2.6885416666666666,0.134375,0.0
31,COPOC,RPS,0.18000000000000005,0.83125,1.73125,0.73125,1.037037037037037,2.0,2.675694444444444,0.175,0.0
31,COPOC,RPS,0.19999999999999996,0.81875,1.690625,0.690625,1.0344827586206897,2.0,2.565625,0.1875,0.0
31,COPOC,OCDF,0.010000000000000009,1.0,4.85625,3.85625,,0.0,3.85625,0.0,0.0
31,COPOC,OCDF,0.020000000000000018,0.9875,4.675,3.675,1.0,1.0,4.924999999999999,0.0125,0.0
31,COPOC,OCDF,0.030000000000000027,0.9875,4.421875,3.421875,1.0,1.0,4.255208333333333,0.0125,0.0
31,COPOC,OCDF,0.050000000000000044,0.940625,3.88125,2.88125,1.0,1.0,5.256249999999999,0.059375,0.0
31,COPOC,OCDF,0.07999999999999996,0.909375,3.684375,2.684375,1.0,1.0,4.950000000000001,0.090625,0.0
31,COPOC,OCDF,0.09999999999999998,0.9,3.55,2.55,1.03125,2.0,4.6125,0.103125,0.0
31,COPOC,OCDF,0.13,0.878125,3.39375,2.39375,1.0512820512820513,2.0,4.3649038461538465,0.128125,0.0
31,COPOC,OCDF,0.15000000000000002,0.85625,3.25625,2.25625,1.0869565217391304,2.0,4.339583333333333,0.15625,0.0
31,COPOC,OCDF,0.18000000000000005,0.840625,3.1625,2.1625,1.0784313725490196,2.0,4.072222222222222,0.171875,0.0
31,COPOC,OCDF,0.19999999999999996,0.80625,2.996875,1.996875,1.0806451612903225,2.0,4.090625,0.209375,0.0
31,COPOC,APS,0.010000000000000009,0.99375,4.06875,3.06875,1.0,1.0,4.318749999999999,0.00625,0.0
31,COPOC,APS,0.020000000000000018,0.990625,3.734375,2.734375,1.0,1.0,3.6718749999999987,0.009375,0.0
31,COPOC,APS,0.030000000000000027,0.9875,3.515625,2.515625,1.0,1.0,3.348958333333333,0.0125,0.0
31,COPOC,APS,0.050000000000000044,0.9625,3.178125,2.178125,1.0,1.0,3.6781249999999988,0.0375,0.0
31,COPOC,APS,0.07999999999999996,0.934375,2.84375,1.84375,1.0476190476190477,2.0,3.5625000000000013,0.06875,0.0
31,COPOC,APS,0.09999999999999998,0.921875,2.5875,1.5875,1.04,2.0,3.2125,0.08125,0.0
31,COPOC,APS,0.13,0.884375,2.284375,1.284375,1.027027027027027,2.0,3.111298076923077,0.11875,0.0
31,COPOC,APS,0.15000000000000002,0.85,1.990625,0.990625,1.0416666666666667,2.0,3.073958333333333,0.15625,0.0
31,COPOC,APS,0.18000000000000005,0.825,1.85,0.85,1.0535714285714286,2.0,2.8986111111111104,0.184375,0.0
31,COPOC,APS,0.19999999999999996,0.80625,1.765625,0.765625,1.0483870967741935,2.0,2.796875,0.203125,0.0
31,COPOC,LAC,0.010000000000000009,0.996875,3.9625,2.9625,1.0,1.0,3.5874999999999995,0.003125,0.0
31,COPOC,LAC,0.020000000000000018,0.996875,3.728125,2.728125,1.0,1.0,3.0406249999999995,0.003125,0.0
31,COPOC,LAC,0.030000000000000027,0.9875,3.45,2.45,1.0,1.0,3.2833333333333328,0.0125,0.0
31,COPOC,LAC,0.050000000000000044,0.975,3.2375,2.2375,1.0,1.0,3.2374999999999994,0.025,0.0
31,COPOC,LAC,0.07999999999999996,0.965625,2.865625,1.865625,1.0909090909090908,2.0,2.8031250000000005,0.0375,0.0
31,COPOC,LAC,0.09999999999999998,0.934375,2.628125,1.628125,1.0476190476190477,2.0,3.003125,0.06875,0.0
31,COPOC,LAC,0.13,0.890625,2.365625,1.365625,1.0285714285714285,2.0,3.0963942307692305,0.1125,0.0
31,COPOC,LAC,0.15000000000000002,0.871875,2.259375,1.259375,1.024390243902439,2.0,3.009375,0.13125,0.0
31,COPOC,LAC,0.18000000000000005,0.8375,2.034375,1.0375,1.0961538461538463,4.0,2.9819444444444434,0.178125,0.0
31,COPOC,LAC,0.19999999999999996,0.81875,1.88125,0.8875,1.1379310344827587,4.0,2.91875,0.20625,0.0
32,COPOC,min-CPS,0.010000000000000009,0.9875,3.865625,2.865625,1.0,1.0,5.365624999999998,0.0125,0.0
32,COPOC,min-CPS,0.020000000000000018,0.9625,3.4,2.4,1.0,1.0,6.149999999999997,0.0375,0.0
32,COPOC,min-CPS,0.030000000000000027,0.953125,3.30625,2.30625,1.0,1.0,5.431249999999997,0.046875,0.0
32,COPOC,min-CPS,0.050000000000000044,0.946875,2.990625,1.990625,1.0588235294117647,2.0,4.240624999999999,0.05625,0.0
32,COPOC,min-CPS,0.07999999999999996,0.91875,2.784375,1.784375,1.0384615384615385,2.0,3.8937500000000016,0.084375,0.0
32,COPOC,min-CPS,0.09999999999999998,0.89375,2.6375,1.6375,1.0294117647058822,2.0,3.825,0.109375,0.0
32,COPOC,min-CPS,0.13,0.8875,2.565625,1.565625,1.0277777777777777,2.0,3.344471153846153,0.115625,0.0
32,COPOC,min-CPS,0.15000000000000002,0.88125,2.45,1.45,1.0263157894736843,2.0,3.0749999999999997,0.121875,0.0
32,COPOC,min-CPS,0.18000000000000005,0.828125,2.16875,1.16875,1.0363636363636364,2.0,3.1479166666666663,0.178125,0.0
32,COPOC,min-CPS,0.19999999999999996,0.821875,2.11875,1.11875,1.0526315789473684,2.0,2.99375,0.1875,0.0
32,COPOC,RPS,0.010000000000000009,0.99375,3.5375,2.5375,1.0,1.0,3.7874999999999988,0.00625,0.0
32,COPOC,RPS,0.020000000000000018,0.9625,3.178125,2.178125,1.0,1.0,5.928124999999997,0.0375,0.0
32,COPOC,RPS,0.030000000000000027,0.959375,3.10625,2.10625,1.0,1.0,4.814583333333331,0.040625,0.0
32,COPOC,RPS,0.050000000000000044,0.9375,2.83125,1.83125,1.0,1.0,4.331249999999998,0.0625,0.0
32,COPOC,RPS,0.07999999999999996,0.915625,2.3875,1.3875,1.037037037037037,2.0,3.5750000000000015,0.0875,0.0
32,COPOC,RPS,0.09999999999999998,0.903125,2.15,1.15,1.064516129032258,2.0,3.2125,0.103125,0.0
32,COPOC,RPS,0.13,0.890625,1.965625,0.965625,1.0571428571428572,2.0,2.7444711538461535,0.115625,0.0
32,COPOC,RPS,0.15000000000000002,0.865625,1.871875,0.871875,1.0465116279069768,2.0,2.7468749999999997,0.140625,0.0
32,COPOC,RPS,0.18000000000000005,0.846875,1.78125,0.78125,1.0408163265306123,2.0,2.552083333333333,0.159375,0.0
32,COPOC,RPS,0.19999999999999996,0.825,1.70625,0.70625,1.0357142857142858,2.0,2.51875,0.18125,0.0
32,COPOC,OCDF,0.010000000000000009,0.9875,4.71875,3.71875,1.0,1.0,6.218749999999998,0.0125,0.0
32,COPOC,OCDF,0.020000000000000018,0.9875,4.66875,3.66875,1.0,1.0,4.918749999999998,0.0125,0.0
32,COPOC,OCDF,0.030000000000000027,0.975,4.153125,3.153125,1.125,2.0,5.028124999999998,0.028125,0.0
32,COPOC,OCDF,0.050000000000000044,0.96875,3.978125,2.978125,1.1,2.0,4.353124999999999,0.034375,0.0
32,COPOC,OCDF,0.07999999999999996,0.965625,3.85625,2.85625,1.0909090909090908,2.0,3.79375,0.0375,0.0
32,COPOC,OCDF,0.09999999999999998,0.9375,3.68125,2.68125,1.1,2.0,4.05625,0.06875,0.0
32,COPOC,OCDF,0.13,0.890625,3.4375,2.4375,1.0857142857142856,2.0,4.2644230769230775,0.11875,0.0
32,COPOC,OCDF,0.15000000000000002,0.859375,3.2875,2.2875,1.0666666666666667,2.0,4.2875,0.15,0.0
32,COPOC,OCDF,0.18000000000000005,0.815625,3.125,2.125,1.0677966101694916,2.0,4.312499999999999,0.196875,0.0
32,COPOC,OCDF,0.19999999999999996,0.809375,3.065625,2.065625,1.0819672131147542,2.0,4.128125,0.20625,0.0
32,COPOC,APS,0.010000000000000009,0.9875,3.81875,2.81875,1.0,1.0,5.318749999999998,0.0125,0.0
32,COPOC,APS,0.020000000000000018,0.965625,3.43125,2.43125,1.0,1.0,5.868749999999997,0.034375,0.0
32,COPOC,APS,0.030000000000000027,0.95625,3.328125,2.328125,1.0,1.0,5.244791666666664,0.04375,0.0
32,COPOC,APS,0.050000000000000044,0.946875,3.09375,2.09375,1.0,1.0,4.218749999999998,0.053125,0.0
32,COPOC,APS,0.07999999999999996,0.915625,2.71875,1.71875,1.037037037037037,2.0,3.9062500000000013,0.0875,0.0
32,COPOC,APS,0.09999999999999998,0.903125,2.509375,1.509375,1.032258064516129,2.0,3.509375,0.1,0.0
32,COPOC,APS,0.13,0.884375,2.23125,1.23125,1.054054054054054,2.0,3.10625,0.121875,0.0
32,COPOC,APS,0.15000000000000002,0.878125,2.09375,1.09375,1.0512820512820513,2.0,2.802083333333333,0.128125,0.0
32,COPOC,APS,0.18000000000000005,0.871875,2.040625,1.040625,1.048780487804878,2.0,2.533680555555555,0.134375,0.0
32,COPOC,APS,0.19999999999999996,0.840625,1.86875,0.86875,1.0392156862745099,2.0,2.525,0.165625,0.0
32,COPOC,LAC,0.010000000000000009,0.9875,3.7,2.7,1.0,1.0,5.1999999999999975,0.0125,0.0
32,COPOC,LAC,0.020000000000000018,0.959375,3.321875,2.321875,1.0,1.0,6.384374999999997,0.040625,0.0
32,COPOC,LAC,0.030000000000000027,0.95625,3.265625,2.265625,1.0,1.0,5.182291666666664,0.04375,0.0
32,COPOC,LAC,0.050000000000000044,0.940625,2.8625,1.8625,1.0526315789473684,2.0,4.362499999999998,0.0625,0.0
32,COPOC,LAC,0.07999999999999996,0.925,2.6875,1.6875,1.0416666666666667,2.0,3.6406250000000013,0.078125,0.0
32,COPOC,LAC,0.09999999999999998,0.9125,2.490625,1.490625,1.0714285714285714,2.0,3.365625,0.09375,0.0
32,COPOC,LAC,0.13,0.8875,2.340625,1.340625,1.0555555555555556,2.0,3.167548076923077,0.11875,0.0
32,COPOC,LAC,0.15000000000000002,0.86875,2.24375,1.24375,1.0476190476190477,2.0,3.0770833333333334,0.1375,0.0
32,COPOC,LAC,0.18000000000000005,0.853125,2.09375,1.09375,1.0425531914893618,2.0,2.7951388888888884,0.153125,0.0
32,COPOC,LAC,0.19999999999999996,0.83125,1.975,0.978125,1.0925925925925926,4.0,2.759375,0.184375,0.0
33,COPOC,min-CPS,0.010000000000000009,0.9875,3.88125,2.88125,1.0,1.0,5.381249999999998,0.0125,0.0
33,COPOC,min-CPS,0.020000000000000018,0.978125,3.53125,2.53125,1.0,1.0,4.718749999999998,0.021875,0.0
33,COPOC,min-CPS,0.030000000000000027,0.959375,3.325,2.325,1.0,1.0,5.033333333333331,0.040625,0.0
33,COPOC,min-CPS,0.050000000000000044,0.95,3.003125,2.003125,1.0625,2.0,4.128124999999999,0.053125,0.0
33,COPOC,min-CPS,0.07999999999999996,0.925,2.79375,1.79375,1.0416666666666667,2.0,3.7468750000000015,0.078125,0.0
33,COPOC,min-CPS,0.09999999999999998,0.9125,2.6875,1.6875,1.0714285714285714,2.0,3.5625,0.09375,0.0
33,COPOC,min-CPS,0.13,0.865625,2.459375,1.459375,1.0465116279069768,2.0,3.622836538461538,0.140625,0.0
33,COPOC,min-CPS,0.15000000000000002,0.85,2.2625,1.2625,1.0416666666666667,2.0,3.3458333333333328,0.15625,0.0
33,COPOC,min-CPS,0.18000000000000005,0.840625,2.2125,1.2125,1.0392156862745099,2.0,3.052777777777777,0.165625,0.0
33,COPOC,min-CPS,0.19999999999999996,0.821875,2.140625,1.140625,1.0526315789473684,2.0,3.015625,0.1875,0.0
33,COPOC,RPS,0.010000000000000009,0.990625,3.50625,2.50625,1.0,1.0,4.381249999999999,0.009375,0.0
33,COPOC,RPS,0.020000000000000018,0.990625,3.490625,2.490625,1.0,1.0,3.4281249999999988,0.009375,0.0
33,COPOC,RPS,0.030000000000000027,0.965625,3.128125,2.128125,1.0,1.0,4.419791666666665,0.034375,0.0
33,COPOC,RPS,0.050000000000000044,0.946875,2.89375,1.89375,1.0,1.0,4.018749999999999,0.053125,0.0
33,COPOC,RPS,0.07999999999999996,0.921875,2.48125,1.48125,1.04,2.0,3.5125000000000015,0.08125,0.0
33,COPOC,RPS,0.09999999999999998,0.8875,2.0125,1.0125,1.0833333333333333,2.0,3.45,0.121875,0.0
33,COPOC,RPS,0.13,0.88125,1.96875,0.96875,1.0789473684210527,2.0,2.939903846153846,0.128125,0.0
33,COPOC,RPS,0.15000000000000002,0.859375,1.840625,0.840625,1.0666666666666667,2.0,2.8406249999999993,0.15,0.0
33,COPOC,RPS,0.18000000000000005,0.834375,1.734375,0.734375,1.0566037735849056,2.0,2.6788194444444438,0.175,0.0
33,COPOC,RPS,0.19999999999999996,0.821875,1.671875,0.671875,1.0526315789473684,2.0,2.546875,0.1875,0.0
33,COPOC,OCDF,0.010000000000000009,0.996875,4.759375,3.759375,1.0,1.0,4.3843749999999995,0.003125,0.0
33,COPOC,OCDF,0.020000000000000018,0.965625,4.1625,3.1625,1.0909090909090908,2.0,6.912499999999997,0.0375,0.0
33,COPOC,OCDF,0.030000000000000027,0.94375,3.909375,2.909375,1.0555555555555556,2.0,6.86770833333333,0.059375,0.0
33,COPOC,OCDF,0.050000000000000044,0.9,3.678125,2.678125,1.0625,2.0,6.928124999999997,0.10625,0.0
33,COPOC,OCDF,0.07999999999999996,0.8875,3.534375,2.534375,1.0833333333333333,2.0,5.581250000000002,0.121875,0.0
33,COPOC,OCDF,0.09999999999999998,0.871875,3.421875,2.421875,1.0731707317073171,2.0,5.171875,0.1375,0.0
33,COPOC,OCDF,0.13,0.85,3.29375,2.29375,1.0833333333333333,2.0,4.79375,0.1625,0.0
33,COPOC,OCDF,0.15000000000000002,0.834375,3.2375,2.2375,1.1132075471698113,2.0,4.695833333333333,0.184375,0.0
33,COPOC,OCDF,0.18000000000000005,0.8,3.103125,2.103125,1.109375,2.0,4.568402777777777,0.221875,0.0
33,COPOC,OCDF,0.19999999999999996,0.76875,2.996875,1.996875,1.1081081081081081,2.0,4.559375,0.25625,0.0
33,COPOC,APS,0.010000000000000009,0.9875,3.8125,2.8125,1.0,1.0,5.312499999999998,0.0125,0.0
33,COPOC,APS,0.020000000000000018,0.978125,3.496875,2.496875,1.0,1.0,4.684374999999998,0.021875,0.0
33,COPOC,APS,0.030000000000000027,0.971875,3.409375,2.409375,1.0,1.0,4.284374999999999,0.028125,0.0
33,COPOC,APS,0.050000000000000044,0.95,3.003125,2.003125,1.0,1.0,4.003124999999999,0.05,0.0
33,COPOC,APS,0.07999999999999996,0.925,2.709375,1.709375,1.0,1.0,3.5843750000000014,0.075,0.0
33,COPOC,APS,0.09999999999999998,0.89375,2.41875,1.41875,1.0294117647058822,2.0,3.60625,0.109375,0.0
33,COPOC,APS,0.13,0.865625,2.184375,1.184375,1.0465116279069768,2.0,3.347836538461538,0.140625,0.0
33,COPOC,APS,0.15000000000000002,0.8375,1.96875,0.96875,1.0384615384615385,2.0,3.21875,0.16875,0.0
33,COPOC,APS,0.18000000000000005,0.821875,1.859375,0.859375,1.0350877192982457,2.0,2.9079861111111107,0.184375,0.0
33,COPOC,APS,0.19999999999999996,0.803125,1.75625,0.759375,1.1111111111111112,4.0,2.853125,0.21875,0.0
33,COPOC,LAC,0.010000000000000009,0.9875,3.721875,2.721875,1.0,1.0,5.221874999999998,0.0125,0.0
33,COPOC,LAC,0.020000000000000018,0.975,3.421875,2.421875,1.0,1.0,4.921874999999998,0.025,0.0
33,COPOC,LAC,0.030000000000000027,0.959375,3.271875,2.271875,1.0,1.0,4.980208333333332,0.040625,0.0
33,COPOC,LAC,0.050000000000000044,0.95,3.0125,2.0125,1.0625,2.0,4.137499999999998,0.053125,0.0
33,COPOC,LAC,0.07999999999999996,0.9125,2.615625,1.615625,1.0357142857142858,2.0,3.8812500000000014,0.090625,0.0
33,COPOC,LAC,0.09999999999999998,0.903125,2.4375,1.4375,1.064516129032258,2.0,3.5,0.103125,0.0
33,COPOC,LAC,0.13,0.875,2.284375,1.284375,1.05,2.0,3.3036057692307694,0.13125,0.0
33,COPOC,LAC,0.15000000000000002,0.853125,2.165625,1.165625,1.0851063829787233,2.0,3.290625,0.159375,0.0
33,COPOC,LAC,0.18000000000000005,0.828125,1.99375,1.0,1.1818181818181819,4.0,3.118055555555555,0.203125,0.0
33,COPOC,LAC,0.19999999999999996,0.80625,1.8125,0.828125,1.3225806451612903,4.0,3.140625,0.25625,0.0
34,COPOC,min-CPS,0.010000000000000009,0.99375,3.9625,2.9625,1.0,1.0,4.212499999999999,0.00625,0.0
34,COPOC,min-CPS,0.020000000000000018,0.99375,3.8625,2.8625,1.0,1.0,3.4874999999999994,0.00625,0.0
34,COPOC,min-CPS,0.030000000000000027,0.98125,3.378125,2.378125,1.0,1.0,3.6281249999999994,0.01875,0.0
34,COPOC,min-CPS,0.050000000000000044,0.965625,3.2,2.2,1.0909090909090908,2.0,3.6999999999999984,0.0375,0.0
34,COPOC,min-CPS,0.07999999999999996,0.925,2.796875,1.796875,1.0416666666666667,2.0,3.7500000000000013,0.078125,0.0
34,COPOC,min-CPS,0.09999999999999998,0.909375,2.6875,1.6875,1.0344827586206897,2.0,3.5625,0.09375,0.0
34,COPOC,min-CPS,0.13,0.88125,2.521875,1.521875,1.0263157894736843,2.0,3.396875,0.121875,0.0
34,COPOC,min-CPS,0.15000000000000002,0.853125,2.275,1.275,1.0212765957446808,2.0,3.275,0.15,0.0
34,COPOC,min-CPS,0.18000000000000005,0.840625,2.203125,1.203125,1.0196078431372548,2.0,3.008680555555555,0.1625,0.0
34,COPOC,min-CPS,0.19999999999999996,0.803125,2.06875,1.06875,1.0158730158730158,2.0,3.06875,0.2,0.0
34,COPOC,RPS,0.010000000000000009,0.996875,3.6625,2.6625,1.0,1.0,3.287499999999999,0.003125,0.0
34,COPOC,RPS,0.020000000000000018,0.990625,3.490625,2.490625,1.0,1.0,3.428124999999999,0.009375,0.0
34,COPOC,RPS,0.030000000000000027,0.978125,3.221875,2.221875,1.0,1.0,3.680208333333332,0.021875,0.0
34,COPOC,RPS,0.050000000000000044,0.96875,3.05625,2.05625,1.0,1.0,3.3062499999999986,0.03125,0.0
34,COPOC,RPS,0.07999999999999996,0.915625,2.36875,1.36875,1.037037037037037,2.0,3.5562500000000012,0.0875,0.0
34,COPOC,RPS,0.09999999999999998,0.9,2.115625,1.115625,1.03125,2.0,3.178125,0.103125,0.0
34,COPOC,RPS,0.13,0.890625,1.975,0.975,1.0285714285714285,2.0,2.7057692307692305,0.1125,0.0
34,COPOC,RPS,0.15000000000000002,0.865625,1.8625,0.8625,1.0232558139534884,2.0,2.6958333333333333,0.1375,0.0
34,COPOC,RPS,0.18000000000000005,0.828125,1.73125,0.73125,1.018181818181818,2.0,2.6756944444444444,0.175,0.0
34,COPOC,RPS,0.19999999999999996,0.815625,1.671875,0.671875,1.0169491525423728,2.0,2.546875,0.1875,0.0
34,COPOC,OCDF,0.010000000000000009,0.990625,4.784375,3.784375,1.0,1.0,5.659374999999999,0.009375,0.0
34,COPOC,OCDF,0.020000000000000018,0.9875,4.684375,3.684375,1.0,1.0,4.934374999999998,0.0125,0.0
34,COPOC,OCDF,0.030000000000000027,0.971875,4.19375,3.19375,1.0,1.0,5.068749999999999,0.028125,0.0
34,COPOC,OCDF,0.050000000000000044,0.95,3.971875,2.971875,1.0,1.0,4.971874999999999,0.05,0.0
34,COPOC,OCDF,0.07999999999999996,0.928125,3.696875,2.696875,1.0434782608695652,2.0,4.571875000000001,0.075,0.0
34,COPOC,OCDF,0.09999999999999998,0.896875,3.4875,2.4875,1.0606060606060606,2.0,4.675,0.109375,0.0
34,COPOC,OCDF,0.13,0.8625,3.28125,2.28125,1.0681818181818181,2.0,4.540865384615384,0.146875,0.0
34,COPOC,OCDF,0.15000000000000002,0.8625,3.225,2.225,1.0909090909090908,2.0,4.225,0.15,0.0
34,COPOC,OCDF,0.18000000000000005,0.834375,3.134375,2.134375,1.0754716981132075,2.0,4.1135416666666655,0.178125,0.0
34,COPOC,OCDF,0.19999999999999996,0.8,2.9875,1.9875,1.078125,2.0,4.14375,0.215625,0.0
34,COPOC,APS,0.010000000000000009,0.99375,4.15,3.15,1.0,1.0,4.399999999999999,0.00625,0.0
34,COPOC,APS,0.020000000000000018,0.9875,3.68125,2.68125,1.0,1.0,3.9312499999999986,0.0125,0.0
34,COPOC,APS,0.030000000000000027,0.984375,3.596875,2.596875,1.0,1.0,3.638541666666666,0.015625,0.0
34,COPOC,APS,0.050000000000000044,0.978125,3.3875,2.3875,1.0,1.0,3.2624999999999993,0.021875,0.0
34,COPOC,APS,0.07999999999999996,0.959375,2.959375,1.959375,1.0,1.0,2.9750000000000005,0.040625,0.0
34,COPOC,APS,0.09999999999999998,0.921875,2.515625,1.515625,1.04,2.0,3.140625,0.08125,0.0
34,COPOC,APS,0.13,0.903125,2.2875,1.2875,1.032258064516129,2.0,2.8259615384615384,0.1,0.0
34,COPOC,APS,0.15000000000000002,0.853125,2.06875,1.06875,1.0212765957446808,2.0,3.0687499999999996,0.15,0.0
34,COPOC,APS,0.18000000000000005,0.834375,1.915625,0.915625,1.0377358490566038,2.0,2.825347222222222,0.171875,0.0
34,COPOC,APS,0.19999999999999996,0.821875,1.8375,0.8375,1.0350877192982457,2.0,2.68125,0.184375,0.0
34,COPOC,LAC,0.010000000000000009,0.99375,3.95625,2.95625,1.0,1.0,4.206249999999999,0.00625,0.0
34,COPOC,LAC,0.020000000000000018,0.99375,3.66875,2.66875,1.0,1.0,3.2937499999999993,0.00625,0.0
34,COPOC,LAC,0.030000000000000027,0.984375,3.40625,2.40625,1.0,1.0,3.4479166666666656,0.015625,0.0
34,COPOC,LAC,0.050000000000000044,0.9625,3.08125,2.08125,1.0,1.0,3.5812499999999985,0.0375,0.0
34,COPOC,LAC,0.07999999999999996,0.928125,2.640625,1.640625,1.0434782608695652,2.0,3.5156250000000013,0.075,0.0
34,COPOC,LAC,0.09999999999999998,0.91875,2.49375,1.49375,1.0384615384615385,2.0,3.18125,0.084375,0.0
34,COPOC,LAC,0.13,0.86875,2.265625,1.265625,1.0238095238095237,2.0,3.332932692307692,0.134375,0.0
34,COPOC,LAC,0.15000000000000002,0.8625,2.2,1.2,1.0227272727272727,2.0,3.0749999999999997,0.140625,0.0
34,COPOC,LAC,0.18000000000000005,0.83125,1.99375,1.003125,1.2037037037037037,4.0,3.086458333333333,0.203125,0.0
34,COPOC,LAC,0.19999999999999996,0.825,1.8875,0.9,1.25,4.0,2.8375,0.21875,0.0
35,COPOC,min-CPS,0.010000000000000009,1.0,4.38125,3.38125,,0.0,3.38125,0.0,0.0
35,COPOC,min-CPS,0.020000000000000018,0.990625,3.665625,2.665625,1.0,1.0,3.6031249999999986,0.009375,0.0
35,COPOC,min-CPS,0.030000000000000027,0.975,3.3875,2.3875,1.0,1.0,4.054166666666665,0.025,0.0
35,COPOC,min-CPS,0.050000000000000044,0.95625,3.146875,2.146875,1.0,1.0,3.8968749999999988,0.04375,0.0
35,COPOC,min-CPS,0.07999999999999996,0.9375,2.86875,1.86875,1.0,1.0,3.4312500000000012,0.0625,0.0
35,COPOC,min-CPS,0.09999999999999998,0.9125,2.690625,1.690625,1.0357142857142858,2.0,3.503125,0.090625,0.0
35,COPOC,min-CPS,0.13,0.875,2.50625,1.50625,1.025,2.0,3.477403846153846,0.128125,0.0
35,COPOC,min-CPS,0.15000000000000002,0.871875,2.334375,1.334375,1.024390243902439,2.0,3.084375,0.13125,0.0
35,COPOC,min-CPS,0.18000000000000005,0.840625,2.203125,1.203125,1.0392156862745099,2.0,3.0434027777777772,0.165625,0.0
35,COPOC,min-CPS,0.19999999999999996,0.8125,2.11875,1.11875,1.0333333333333334,2.0,3.05625,0.19375,0.0
35,COPOC,RPS,0.010000000000000009,0.996875,3.61875,2.61875,1.0,1.0,3.2437499999999995,0.003125,0.0
35,COPOC,RPS,0.020000000000000018,0.990625,3.446875,2.446875,1.0,1.0,3.3843749999999986,0.009375,0.0
35,COPOC,RPS,0.030000000000000027,0.971875,3.171875,2.171875,1.0,1.0,4.046874999999998,0.028125,0.0
35,COPOC,RPS,0.050000000000000044,0.9625,2.99375,1.99375,1.0,1.0,3.4937499999999986,0.0375,0.0
35,COPOC,RPS,0.07999999999999996,0.921875,2.515625,1.515625,1.0,1.0,3.4687500000000013,0.078125,0.0
35,COPOC,RPS,0.09999999999999998,0.9,2.125,1.125,1.03125,2.0,3.1875,0.103125,0.0
35,COPOC,RPS,0.13,0.875,1.9375,0.9375,1.025,2.0,2.908653846153846,0.128125,0.0
35,COPOC,RPS,0.15000000000000002,0.865625,1.8625,0.8625,1.0232558139534884,2.0,2.6958333333333333,0.1375,0.0
35,COPOC,RPS,0.18000000000000005,0.8375,1.7375,0.7375,1.0192307692307692,2.0,2.5777777777777775,0.165625,0.0
35,COPOC,RPS,0.19999999999999996,0.815625,1.646875,0.646875,1.0169491525423728,2.0,2.521875,0.1875,0.0
35,COPOC,OCDF,0.010000000000000009,1.0,4.859375,3.859375,,0.0,3.859375,0.0,0.0
35,COPOC,OCDF,0.020000000000000018,0.990625,4.6875,3.6875,1.0,1.0,4.624999999999998,0.009375,0.0
35,COPOC,OCDF,0.030000000000000027,0.990625,4.45625,3.45625,1.0,1.0,4.08125,0.009375,0.0
35,COPOC,OCDF,0.050000000000000044,0.965625,3.996875,2.996875,1.0,1.0,4.371874999999998,0.034375,0.0
35,COPOC,OCDF,0.07999999999999996,0.93125,3.784375,2.784375,1.0,1.0,4.503125000000002,0.06875,0.0
35,COPOC,OCDF,0.09999999999999998,0.909375,3.56875,2.56875,1.0,1.0,4.38125,0.090625,0.0
35,COPOC,OCDF,0.13,0.884375,3.425,2.425,1.027027027027027,2.0,4.251923076923077,0.11875,0.0
35,COPOC,OCDF,0.15000000000000002,0.85625,3.2625,2.2625,1.065217391304348,2.0,4.304166666666665,0.153125,0.0
35,COPOC,OCDF,0.18000000000000005,0.840625,3.171875,2.171875,1.0588235294117647,2.0,4.046874999999999,0.16875,0.0
35,COPOC,OCDF,0.19999999999999996,0.803125,3.0125,2.0125,1.0476190476190477,2.0,4.075,0.20625,0.0
35,COPOC,APS,0.010000000000000009,0.99375,4.178125,3.178125,1.0,1.0,4.428124999999999,0.00625,0.0
35,COPOC,APS,0.020000000000000018,0.975,3.55,2.55,1.0,1.0,5.049999999999998,0.025,0.0
35,COPOC,APS,0.030000000000000027,0.975,3.503125,2.503125,1.0,1.0,4.169791666666666,0.025,0.0
35,COPOC,APS,0.050000000000000044,0.953125,3.121875,2.121875,1.0,1.0,3.9968749999999984,0.046875,0.0
35,COPOC,APS,0.07999999999999996,0.921875,2.675,1.675,1.0,1.0,3.6281250000000016,0.078125,0.0
35,COPOC,APS,0.09999999999999998,0.909375,2.521875,1.521875,1.0,1.0,3.334375,0.090625,0.0
35,COPOC,APS,0.13,0.871875,2.190625,1.190625,1.0,1.0,3.161778846153846,0.128125,0.0
35,COPOC,APS,0.15000000000000002,0.85625,2.028125,1.028125,1.0,1.0,2.9447916666666663,0.14375,0.0
35,COPOC,APS,0.18000000000000005,0.846875,1.93125,0.93125,1.0,1.0,2.6326388888888888,0.153125,0.0
35,COPOC,APS,0.19999999999999996,0.821875,1.8125,0.815625,1.0526315789473684,4.0,2.596875,0.1875,0.0
35,COPOC,LAC,0.010000000000000009,1.0,4.565625,3.565625,,0.0,3.565625,0.0,0.0
35,COPOC,LAC,0.020000000000000018,0.984375,3.45,2.45,1.0,1.0,4.012499999999998,0.015625,0.0
35,COPOC,LAC,0.030000000000000027,0.975,3.340625,2.340625,1.0,1.0,4.007291666666665,0.025,0.0
35,COPOC,LAC,0.050000000000000044,0.95625,3.09375,2.09375,1.0,1.0,3.8437499999999987,0.04375,0.0
35,COPOC,LAC,0.07999999999999996,0.921875,2.65625,1.65625,1.0,1.0,3.6093750000000013,0.078125,0.0
35,COPOC,LAC,0.09999999999999998,0.896875,2.434375,1.434375,1.0,1.0,3.496875,0.103125,0.0
35,COPOC,LAC,0.13,0.875,2.309375,1.309375,1.0,1.0,3.2324519230769226,0.125,0.0
35,COPOC,LAC,0.15000000000000002,0.865625,2.221875,1.221875,1.0,1.0,3.0135416666666663,0.134375,0.0
35,COPOC,LAC,0.18000000000000005,0.821875,1.95,0.953125,1.087719298245614,4.0,3.0364583333333326,0.19375,0.0
35,COPOC,LAC,0.19999999999999996,0.784375,1.76875,0.784375,1.2463768115942029,4.0,3.159375,0.26875,0.0
36,COPOC,min-CPS,0.010000000000000009,0.990625,3.971875,2.971875,1.0,1.0,4.846874999999999,0.009375,0.0
36,COPOC,min-CPS,0.020000000000000018,0.971875,3.415625,2.415625,1.0,1.0,5.228124999999998,0.028125,0.0
36,COPOC,min-CPS,0.030000000000000027,0.965625,3.40625,2.40625,1.0,1.0,4.697916666666665,0.034375,0.0
36,COPOC,min-CPS,0.050000000000000044,0.953125,3.05625,2.05625,1.0,1.0,3.9312499999999986,0.046875,0.0
36,COPOC,min-CPS,0.07999999999999996,0.915625,2.790625,1.790625,1.0,1.0,3.9000000000000012,0.084375,0.0
36,COPOC,min-CPS,0.09999999999999998,0.890625,2.634375,1.634375,1.0,1.0,3.821875,0.109375,0.0
36,COPOC,min-CPS,0.13,0.88125,2.55625,1.55625,1.0,1.0,3.3831730769230766,0.11875,0.0
36,COPOC,min-CPS,0.15000000000000002,0.875,2.40625,1.40625,1.0,1.0,3.0729166666666665,0.125,0.0
36,COPOC,min-CPS,0.18000000000000005,0.85,2.275,1.275,1.0208333333333333,2.0,2.9763888888888883,0.153125,0.0
36,COPOC,min-CPS,0.19999999999999996,0.815625,2.146875,1.146875,1.0169491525423728,2.0,3.021875,0.1875,0.0
36,COPOC,RPS,0.010000000000000009,0.990625,3.521875,2.521875,1.0,1.0,4.396874999999999,0.009375,0.0
36,COPOC,RPS,0.020000000000000018,0.978125,3.296875,2.296875,1.0,1.0,4.484374999999998,0.021875,0.0
36,COPOC,RPS,0.030000000000000027,0.971875,3.2,2.2,1.0,1.0,4.074999999999998,0.028125,0.0
36,COPOC,RPS,0.050000000000000044,0.946875,2.8875,1.8875,1.0,1.0,4.0124999999999975,0.053125,0.0
36,COPOC,RPS,0.07999999999999996,0.925,2.51875,1.51875,1.0,1.0,3.3937500000000016,0.075,0.0
36,COPOC,RPS,0.09999999999999998,0.903125,2.159375,1.159375,1.032258064516129,2.0,3.159375,0.1,0.0
36,COPOC,RPS,0.13,0.878125,1.959375,0.959375,1.0256410256410255,2.0,2.882451923076923,0.125,0.0
36,COPOC,RPS,0.15000000000000002,0.85,1.81875,0.81875,1.0208333333333333,2.0,2.8604166666666666,0.153125,0.0
36,COPOC,RPS,0.18000000000000005,0.825,1.709375,0.709375,1.0178571428571428,2.0,2.688541666666666,0.178125,0.0
36,COPOC,RPS,0.19999999999999996,0.815625,1.66875,0.66875,1.0169491525423728,2.0,2.54375,0.1875,0.0
36,COPOC,OCDF,0.010000000000000009,0.990625,4.76875,3.76875,1.0,1.0,5.643749999999999,0.009375,0.0
36,COPOC,OCDF,0.020000000000000018,0.990625,4.7,3.7,1.0,1.0,4.637499999999998,0.009375,0.0
36,COPOC,OCDF,0.030000000000000027,0.98125,4.215625,3.215625,1.3333333333333333,2.0,4.882291666666665,0.025,0.0
36,COPOC,OCDF,0.050000000000000044,0.946875,3.875,2.875,1.1176470588235294,2.0,5.249999999999998,0.059375,0.0
36,COPOC,OCDF,0.07999999999999996,0.91875,3.665625,2.665625,1.1538461538461537,2.0,5.009375000000001,0.09375,0.0
36,COPOC,OCDF,0.09999999999999998,0.896875,3.496875,2.496875,1.121212121212121,2.0,4.809375,0.115625,0.0
36,COPOC,OCDF,0.13,0.853125,3.2875,2.2875,1.0851063829787233,2.0,4.739423076923076,0.159375,0.0
36,COPOC,OCDF,0.15000000000000002,0.840625,3.209375,2.209375,1.0784313725490196,2.0,4.501041666666667,0.171875,0.0
36,COPOC,OCDF,0.18000000000000005,0.828125,3.115625,2.115625,1.0909090909090908,2.0,4.198958333333333,0.1875,0.0
36,COPOC,OCDF,0.19999999999999996,0.81875,3.053125,2.053125,1.0862068965517242,2.0,4.021875,0.196875,0.0
36,COPOC,APS,0.010000000000000009,0.990625,3.825,2.825,1.0,1.0,4.699999999999998,0.009375,0.0
36,COPOC,APS,0.020000000000000018,0.9875,3.61875,2.61875,1.25,2.0,4.181249999999999,0.015625,0.0
36,COPOC,APS,0.030000000000000027,0.9625,3.284375,2.284375,1.0833333333333333,2.0,4.992708333333331,0.040625,0.0
36,COPOC,APS,0.050000000000000044,0.95,3.059375,2.059375,1.0625,2.0,4.1843749999999975,0.053125,0.0
36,COPOC,APS,0.07999999999999996,0.91875,2.696875,1.696875,1.0384615384615385,2.0,3.8062500000000012,0.084375,0.0
36,COPOC,APS,0.09999999999999998,0.90625,2.4625,1.4625,1.0333333333333334,2.0,3.4,0.096875,0.0
36,COPOC,APS,0.13,0.89375,2.2875,1.2875,1.0588235294117647,2.0,3.0182692307692305,0.1125,0.0
36,COPOC,APS,0.15000000000000002,0.88125,2.165625,1.165625,1.0789473684210527,2.0,2.8739583333333334,0.128125,0.0
36,COPOC,APS,0.18000000000000005,0.83125,1.9375,0.9375,1.0740740740740742,2.0,2.9513888888888884,0.18125,0.0
36,COPOC,APS,0.19999999999999996,0.81875,1.88125,0.8875,1.1724137931034482,4.0,2.825,0.2125,0.0
36,COPOC,LAC,0.010000000000000009,0.990625,3.828125,2.828125,1.0,1.0,4.703124999999998,0.009375,0.0
36,COPOC,LAC,0.020000000000000018,0.971875,3.396875,2.396875,1.0,1.0,5.209374999999997,0.028125,0.0
36,COPOC,LAC,0.030000000000000027,0.965625,3.3375,2.3375,1.0,1.0,4.629166666666665,0.034375,0.0
36,COPOC,LAC,0.050000000000000044,0.946875,2.984375,1.984375,1.0,1.0,4.109374999999998,0.053125,0.0
36,COPOC,LAC,0.07999999999999996,0.9375,2.7375,1.7375,1.0,1.0,3.3000000000000016,0.0625,0.0
36,COPOC,LAC,0.09999999999999998,0.909375,2.4625,1.4625,1.0344827586206897,2.0,3.3375,0.09375,0.0
36,COPOC,LAC,0.13,0.859375,2.25625,1.25625,1.0222222222222221,2.0,3.4677884615384613,0.14375,0.0
36,COPOC,LAC,0.15000000000000002,0.85625,2.196875,1.196875,1.0434782608695652,2.0,3.1968749999999995,0.15,0.0
36,COPOC,LAC,0.18000000000000005,0.809375,1.90625,0.915625,1.1967213114754098,4.0,3.27673611111111,0.228125,0.0
36,COPOC,LAC,0.19999999999999996,0.771875,1.71875,0.740625,1.3424657534246576,4.0,3.459375,0.30625,0.0
37,COPOC,min-CPS,0.010000000000000009,0.9875,3.884375,2.884375,1.0,1.0,5.384374999999998,0.0125,0.0
37,COPOC,min-CPS,0.020000000000000018,0.978125,3.48125,2.48125,1.0,1.0,4.668749999999998,0.021875,0.0
37,COPOC,min-CPS,0.030000000000000027,0.971875,3.35625,2.35625,1.0,1.0,4.231249999999998,0.028125,0.0
37,COPOC,min-CPS,0.050000000000000044,0.94375,2.984375,1.984375,1.0555555555555556,2.0,4.359374999999998,0.059375,0.0
37,COPOC,min-CPS,0.07999999999999996,0.921875,2.778125,1.778125,1.04,2.0,3.8093750000000015,0.08125,0.0
37,COPOC,min-CPS,0.09999999999999998,0.90625,2.684375,1.684375,1.0333333333333334,2.0,3.621875,0.096875,0.0
37,COPOC,min-CPS,0.13,0.865625,2.415625,1.415625,1.0232558139534884,2.0,3.5310096153846144,0.1375,0.0
37,COPOC,min-CPS,0.15000000000000002,0.8,2.15625,1.15625,1.015625,2.0,3.864583333333333,0.203125,0.0
37,COPOC,min-CPS,0.18000000000000005,0.78125,2.05625,1.05625,1.0285714285714285,2.0,3.5562499999999995,0.225,0.0
37,COPOC,min-CPS,0.19999999999999996,0.771875,1.99375,0.99375,1.0547945205479452,2.0,3.4,0.240625,0.0
37,COPOC,RPS,0.010000000000000009,0.990625,3.5,2.5,1.0,1.0,4.374999999999998,0.009375,0.0
37,COPOC,RPS,0.020000000000000018,0.984375,3.303125,2.303125,1.0,1.0,3.8656249999999988,0.015625,0.0
37,COPOC,RPS,0.030000000000000027,0.975,3.190625,2.190625,1.0,1.0,3.857291666666666,0.025,0.0
37,COPOC,RPS,0.050000000000000044,0.946875,2.875,1.875,1.0,1.0,3.9999999999999987,0.053125,0.0
37,COPOC,RPS,0.07999999999999996,0.909375,2.33125,1.33125,1.0344827586206897,2.0,3.6750000000000016,0.09375,0.0
37,COPOC,RPS,0.09999999999999998,0.890625,2.034375,1.034375,1.0571428571428572,2.0,3.346875,0.115625,0.0
37,COPOC,RPS,0.13,0.878125,1.95625,0.95625,1.0512820512820513,2.0,2.927403846153846,0.128125,0.0
37,COPOC,RPS,0.15000000000000002,0.85625,1.825,0.825,1.0434782608695652,2.0,2.8249999999999997,0.15,0.0
37,COPOC,RPS,0.18000000000000005,0.821875,1.70625,0.70625,1.0350877192982457,2.0,2.7548611111111105,0.184375,0.0
37,COPOC,RPS,0.19999999999999996,0.778125,1.6,0.6,1.028169014084507,2.0,2.88125,0.228125,0.0
37,COPOC,OCDF,0.010000000000000009,0.99375,4.790625,3.790625,1.0,1.0,5.040624999999999,0.00625,0.0
37,COPOC,OCDF,0.020000000000000018,0.98125,4.465625,3.465625,1.0,1.0,5.340624999999998,0.01875,0.0
37,COPOC,OCDF,0.030000000000000027,0.98125,4.28125,3.28125,1.3333333333333333,2.0,4.947916666666666,0.025,0.0
37,COPOC,OCDF,0.050000000000000044,0.946875,3.8875,2.8875,1.1176470588235294,2.0,5.262499999999998,0.059375,0.0
37,COPOC,OCDF,0.07999999999999996,0.925,3.7125,2.7125,1.125,2.0,4.821875000000001,0.084375,0.0
37,COPOC,OCDF,0.09999999999999998,0.90625,3.54375,2.54375,1.1333333333333333,2.0,4.66875,0.10625,0.0
37,COPOC,OCDF,0.13,0.85625,3.284375,2.284375,1.0869565217391304,2.0,4.688221153846154,0.15625,0.0
37,COPOC,OCDF,0.15000000000000002,0.83125,3.134375,2.134375,1.0925925925925926,2.0,4.5927083333333325,0.184375,0.0
37,COPOC,OCDF,0.18000000000000005,0.796875,2.978125,1.978125,1.0923076923076922,2.0,4.443402777777777,0.221875,0.0
37,COPOC,OCDF,0.19999999999999996,0.778125,2.890625,1.890625,1.0985915492957747,2.0,4.328125,0.24375,0.0
37,COPOC,APS,0.010000000000000009,0.984375,3.9125,2.9125,1.0,1.0,6.037499999999997,0.015625,0.0
37,COPOC,APS,0.020000000000000018,0.98125,3.6625,2.6625,1.0,1.0,4.537499999999999,0.01875,0.0
37,COPOC,APS,0.030000000000000027,0.96875,3.38125,2.38125,1.0,1.0,4.464583333333332,0.03125,0.0
37,COPOC,APS,0.050000000000000044,0.953125,3.059375,2.059375,1.0666666666666667,2.0,4.0593749999999975,0.05,0.0
37,COPOC,APS,0.07999999999999996,0.903125,2.609375,1.609375,1.032258064516129,2.0,4.109375000000002,0.1,0.0
37,COPOC,APS,0.09999999999999998,0.878125,2.35625,1.35625,1.0512820512820513,2.0,3.91875,0.128125,0.0
37,COPOC,APS,0.13,0.84375,2.0,1.0,1.06,2.0,3.5480769230769225,0.165625,0.0
37,COPOC,APS,0.15000000000000002,0.821875,1.890625,0.890625,1.087719298245614,2.0,3.473958333333333,0.19375,0.0
37,COPOC,APS,0.18000000000000005,0.790625,1.775,0.775,1.0895522388059702,2.0,3.3097222222222213,0.228125,0.0
37,COPOC,APS,0.19999999999999996,0.765625,1.703125,0.703125,1.08,2.0,3.234375,0.253125,0.0
37,COPOC,LAC,0.010000000000000009,0.9875,3.684375,2.684375,1.0,1.0,5.1843749999999975,0.0125,0.0
37,COPOC,LAC,0.020000000000000018,0.984375,3.41875,2.41875,1.0,1.0,3.9812499999999984,0.015625,0.0
37,COPOC,LAC,0.030000000000000027,0.978125,3.334375,2.334375,1.0,1.0,3.7927083333333327,0.021875,0.0
37,COPOC,LAC,0.050000000000000044,0.940625,2.86875,1.86875,1.0526315789473684,2.0,4.368749999999998,0.0625,0.0
37,COPOC,LAC,0.07999999999999996,0.909375,2.5625,1.5625,1.0344827586206897,2.0,3.9062500000000013,0.09375,0.0
37,COPOC,LAC,0.09999999999999998,0.878125,2.346875,1.346875,1.0512820512820513,2.0,3.909375,0.128125,0.0
37,COPOC,LAC,0.13,0.853125,2.209375,1.209375,1.0425531914893618,2.0,3.5651442307692305,0.153125,0.0
37,COPOC,LAC,0.15000000000000002,0.825,2.040625,1.04375,1.125,4.0,3.6270833333333328,0.196875,0.0
37,COPOC,LAC,0.18000000000000005,0.809375,1.909375,0.91875,1.2295081967213115,4.0,3.349305555555555,0.234375,0.0
37,COPOC,LAC,0.19999999999999996,0.775,1.746875,0.771875,1.4027777777777777,4.0,3.553125,0.315625,0.0
38,COPOC,min-CPS,0.010000000000000009,0.9875,3.88125,2.88125,1.0,1.0,5.381249999999998,0.0125,0.0
38,COPOC,min-CPS,0.020000000000000018,0.965625,3.38125,2.38125,1.0,1.0,5.818749999999997,0.034375,0.0
38,COPOC,min-CPS,0.030000000000000027,0.9625,3.3375,2.3375,1.0,1.0,4.837499999999999,0.0375,0.0
38,COPOC,min-CPS,0.050000000000000044,0.934375,2.978125,1.978125,1.0,1.0,4.603124999999998,0.065625,0.0
38,COPOC,min-CPS,0.07999999999999996,0.909375,2.784375,1.784375,1.0,1.0,4.050000000000002,0.090625,0.0
38,COPOC,min-CPS,0.09999999999999998,0.903125,2.725,1.725,1.0,1.0,3.6625,0.096875,0.0
38,COPOC,min-CPS,0.13,0.828125,2.278125,1.278125,1.0,1.0,3.9223557692307693,0.171875,0.0
38,COPOC,min-CPS,0.15000000000000002,0.796875,2.178125,1.178125,1.0153846153846153,2.0,3.928125,0.20625,0.0
38,COPOC,min-CPS,0.18000000000000005,0.75625,2.003125,1.003125,1.0384615384615385,2.0,3.8156249999999994,0.253125,0.0
38,COPOC,min-CPS,0.19999999999999996,0.73125,1.959375,0.959375,1.0465116279069768,2.0,3.771875,0.28125,0.0
38,COPOC,RPS,0.010000000000000009,0.99375,3.565625,2.565625,1.0,1.0,3.8156249999999985,0.00625,0.0
38,COPOC,RPS,0.020000000000000018,0.975,3.25,2.25,1.0,1.0,4.749999999999998,0.025,0.0
38,COPOC,RPS,0.030000000000000027,0.953125,3.071875,2.071875,1.0,1.0,5.196874999999997,0.046875,0.0
38,COPOC,RPS,0.050000000000000044,0.928125,2.728125,1.728125,1.0,1.0,4.603124999999997,0.071875,0.0
38,COPOC,RPS,0.07999999999999996,0.909375,2.34375,1.34375,1.0,1.0,3.6093750000000013,0.090625,0.0
38,COPOC,RPS,0.09999999999999998,0.8875,2.03125,1.03125,1.0277777777777777,2.0,3.34375,0.115625,0.0
38,COPOC,RPS,0.13,0.859375,1.915625,0.915625,1.0222222222222221,2.0,3.127163461538461,0.14375,0.0
38,COPOC,RPS,0.15000000000000002,0.846875,1.825,0.825,1.0204081632653061,2.0,2.908333333333333,0.15625,0.0
38,COPOC,RPS,0.18000000000000005,0.8,1.703125,0.703125,1.015625,2.0,2.9600694444444438,0.203125,0.0
38,COPOC,RPS,0.19999999999999996,0.765625,1.609375,0.609375,1.0133333333333334,2.0,2.984375000000001,0.2375,0.0
38,COPOC,OCDF,0.010000000000000009,0.99375,4.79375,3.79375,1.0,1.0,5.043749999999998,0.00625,0.0
38,COPOC,OCDF,0.020000000000000018,0.98125,4.471875,3.471875,1.0,1.0,5.346874999999999,0.01875,0.0
38,COPOC,OCDF,0.030000000000000027,0.9625,4.16875,3.16875,1.0833333333333333,2.0,5.877083333333331,0.040625,0.0
38,COPOC,OCDF,0.050000000000000044,0.953125,4.0125,3.0125,1.0666666666666667,2.0,5.012499999999998,0.05,0.0
38,COPOC,OCDF,0.07999999999999996,0.896875,3.6,2.6,1.0909090909090908,2.0,5.412500000000001,0.1125,0.0
38,COPOC,OCDF,0.09999999999999998,0.875,3.415625,2.415625,1.075,2.0,5.103125,0.134375,0.0
38,COPOC,OCDF,0.13,0.85625,3.30625,2.30625,1.065217391304348,2.0,4.662019230769231,0.153125,0.0
38,COPOC,OCDF,0.15000000000000002,0.840625,3.196875,2.196875,1.0588235294117647,2.0,4.446875,0.16875,0.0
38,COPOC,OCDF,0.18000000000000005,0.821875,3.08125,2.08125,1.0701754385964912,2.0,4.199305555555555,0.190625,0.0
38,COPOC,OCDF,0.19999999999999996,0.809375,2.98125,1.98125,1.0819672131147542,2.0,4.04375,0.20625,0.0
38,COPOC,APS,0.010000000000000009,0.990625,3.90625,2.90625,1.0,1.0,4.781249999999998,0.009375,0.0
38,COPOC,APS,0.020000000000000018,0.984375,3.6625,2.6625,1.0,1.0,4.224999999999999,0.015625,0.0
38,COPOC,APS,0.030000000000000027,0.971875,3.440625,2.440625,1.0,1.0,4.315624999999999,0.028125,0.0
38,COPOC,APS,0.050000000000000044,0.946875,3.059375,2.059375,1.0,1.0,4.184374999999998,0.053125,0.0
38,COPOC,APS,0.07999999999999996,0.9125,2.684375,1.684375,1.0,1.0,3.8718750000000015,0.0875,0.0
38,COPOC,APS,0.09999999999999998,0.853125,2.246875,1.246875,1.0212765957446808,2.0,4.246875,0.15,0.0
38,COPOC,APS,0.13,0.81875,2.0,1.0,1.0172413793103448,2.0,3.836538461538461,0.184375,0.0
38,COPOC,APS,0.15000000000000002,0.796875,1.871875,0.871875,1.0153846153846153,2.0,3.621875,0.20625,0.0
38,COPOC,APS,0.18000000000000005,0.75625,1.753125,0.753125,1.0256410256410255,2.0,3.530902777777777,0.25,0.0
38,COPOC,APS,0.19999999999999996,0.7375,1.665625,0.665625,1.0357142857142858,2.0,3.384375,0.271875,0.0
38,COPOC,LAC,0.010000000000000009,0.9875,3.7,2.7,1.0,1.0,5.1999999999999975,0.0125,0.0
38,COPOC,LAC,0.020000000000000018,0.96875,3.3625,2.3625,1.0,1.0,5.487499999999998,0.03125,0.0
38,COPOC,LAC,0.030000000000000027,0.965625,3.3125,2.3125,1.0,1.0,4.604166666666665,0.034375,0.0
38,COPOC,LAC,0.050000000000000044,0.921875,2.84375,1.84375,1.0,1.0,4.968749999999997,0.078125,0.0
38,COPOC,LAC,0.07999999999999996,0.903125,2.575,1.575,1.0,1.0,3.9968750000000015,0.096875,0.0
38,COPOC,LAC,0.09999999999999998,0.88125,2.4375,1.4375,1.0,1.0,3.8125,0.11875,0.0
38,COPOC,LAC,0.13,0.859375,2.29375,1.29375,1.0,1.0,3.457211538461538,0.140625,0.0
38,COPOC,LAC,0.15000000000000002,0.846875,2.171875,1.171875,1.0612244897959184,2.0,3.3385416666666665,0.1625,0.0
38,COPOC,LAC,0.18000000000000005,0.803125,1.909375,0.915625,1.1587301587301588,4.0,3.346180555555555,0.228125,0.0
38,COPOC,LAC,0.19999999999999996,0.79375,1.853125,0.859375,1.1515151515151516,4.0,3.140625,0.2375,0.0
39,COPOC,min-CPS,0.010000000000000009,0.9875,3.86875,2.86875,1.0,1.0,5.368749999999998,0.0125,0.0
39,COPOC,min-CPS,0.020000000000000018,0.965625,3.378125,2.378125,1.0,1.0,5.815624999999997,0.034375,0.0
39,COPOC,min-CPS,0.030000000000000027,0.95,3.275,2.275,1.0625,2.0,5.816666666666665,0.053125,0.0
39,COPOC,min-CPS,0.050000000000000044,0.928125,2.896875,1.896875,1.0434782608695652,2.0,4.896874999999997,0.075,0.0
39,COPOC,min-CPS,0.07999999999999996,0.8875,2.6875,1.6875,1.0555555555555556,2.0,4.656250000000002,0.11875,0.0
39,COPOC,min-CPS,0.09999999999999998,0.86875,2.571875,1.571875,1.0476190476190477,2.0,4.321875,0.1375,0.0
39,COPOC,min-CPS,0.13,0.859375,2.446875,1.446875,1.0444444444444445,2.0,3.706490384615384,0.146875,0.0
39,COPOC,min-CPS,0.15000000000000002,0.81875,2.2375,1.2375,1.0517241379310345,2.0,3.7791666666666663,0.190625,0.0
39,COPOC,min-CPS,0.18000000000000005,0.78125,2.078125,1.078125,1.0571428571428572,2.0,3.6475694444444438,0.23125,0.0
39,COPOC,min-CPS,0.19999999999999996,0.740625,1.940625,0.940625,1.072289156626506,2.0,3.721875,0.278125,0.0
39,COPOC,RPS,0.010000000000000009,0.9875,3.525,2.525,1.0,1.0,5.024999999999998,0.0125,0.0
39,COPOC,RPS,0.020000000000000018,0.959375,3.14375,2.14375,1.0,1.0,6.206249999999996,0.040625,0.0
39,COPOC,RPS,0.030000000000000027,0.953125,3.08125,2.08125,1.0,1.0,5.206249999999997,0.046875,0.0
39,COPOC,RPS,0.050000000000000044,0.93125,2.73125,1.73125,1.0454545454545454,2.0,4.6062499999999975,0.071875,0.0
39,COPOC,RPS,0.07999999999999996,0.903125,2.290625,1.290625,1.064516129032258,2.0,3.8687500000000012,0.103125,0.0
39,COPOC,RPS,0.09999999999999998,0.884375,2.015625,1.015625,1.0810810810810811,2.0,3.515625,0.125,0.0
39,COPOC,RPS,0.13,0.8625,1.928125,0.928125,1.0681818181818181,2.0,3.1877403846153842,0.146875,0.0
39,COPOC,RPS,0.15000000000000002,0.821875,1.76875,0.76875,1.0526315789473684,2.0,3.26875,0.1875,0.0
39,COPOC,RPS,0.18000000000000005,0.80625,1.703125,0.703125,1.0483870967741935,2.0,2.960069444444444,0.203125,0.0
39,COPOC,RPS,0.19999999999999996,0.7875,1.64375,0.64375,1.0441176470588236,2.0,2.8625,0.221875,0.0
39,COPOC,OCDF,0.010000000000000009,0.98125,4.715625,3.715625,1.0,1.0,7.4656249999999975,0.01875,0.0
39,COPOC,OCDF,0.020000000000000018,0.96875,4.246875,3.246875,1.2,2.0,6.9968749999999975,0.0375,0.0
39,COPOC,OCDF,0.030000000000000027,0.9625,4.140625,3.140625,1.1666666666666667,2.0,6.057291666666664,0.04375,0.0
39,COPOC,OCDF,0.050000000000000044,0.95625,4.00625,3.00625,1.1428571428571428,2.0,5.006249999999999,0.05,0.0
39,COPOC,OCDF,0.07999999999999996,0.91875,3.7,2.7,1.1153846153846154,2.0,4.965625000000001,0.090625,0.0
39,COPOC,OCDF,0.09999999999999998,0.909375,3.584375,2.584375,1.103448275862069,2.0,4.584375,0.1,0.0
39,COPOC,OCDF,0.13,0.86875,3.375,2.375,1.0952380952380953,2.0,4.586538461538462,0.14375,0.0
39,COPOC,OCDF,0.15000000000000002,0.846875,3.2625,2.2625,1.1020408163265305,2.0,4.5125,0.16875,0.0
39,COPOC,OCDF,0.18000000000000005,0.8125,3.1375,2.1375,1.0833333333333333,2.0,4.394444444444444,0.203125,0.0
39,COPOC,OCDF,0.19999999999999996,0.778125,3.03125,2.03125,1.0845070422535212,2.0,4.4375,0.240625,0.0
39,COPOC,APS,0.010000000000000009,0.984375,3.6875,2.6875,1.0,1.0,5.812499999999997,0.015625,0.0
39,COPOC,APS,0.020000000000000018,0.959375,3.4375,2.4375,1.0,1.0,6.499999999999997,0.040625,0.0
39,COPOC,APS,0.030000000000000027,0.959375,3.28125,2.28125,1.0,1.0,4.989583333333331,0.040625,0.0
39,COPOC,APS,0.050000000000000044,0.940625,3.028125,2.028125,1.0526315789473684,2.0,4.5281249999999975,0.0625,0.0
39,COPOC,APS,0.07999999999999996,0.884375,2.4875,1.4875,1.027027027027027,2.0,4.456250000000002,0.11875,0.0
39,COPOC,APS,0.09999999999999998,0.85625,2.265625,1.265625,1.0434782608695652,2.0,4.265625,0.15,0.0
39,COPOC,APS,0.13,0.840625,2.13125,1.13125,1.0392156862745099,2.0,3.6793269230769226,0.165625,0.0
39,COPOC,APS,0.15000000000000002,0.834375,2.01875,1.01875,1.0566037735849056,2.0,3.352083333333333,0.175,0.0
39,COPOC,APS,0.18000000000000005,0.825,1.934375,0.934375,1.0714285714285714,2.0,3.0177083333333328,0.1875,0.0
39,COPOC,APS,0.19999999999999996,0.78125,1.796875,0.796875,1.0571428571428572,2.0,3.109375,0.23125,0.0
39,COPOC,LAC,0.010000000000000009,0.9875,3.6625,2.6625,1.0,1.0,5.162499999999998,0.0125,0.0
39,COPOC,LAC,0.020000000000000018,0.965625,3.3125,2.3125,1.0,1.0,5.749999999999997,0.034375,0.0
39,COPOC,LAC,0.030000000000000027,0.953125,3.221875,2.221875,1.0,1.0,5.346874999999997,0.046875,0.0
39,COPOC,LAC,0.050000000000000044,0.9375,2.86875,1.86875,1.05,2.0,4.493749999999998,0.065625,0.0
39,COPOC,LAC,0.07999999999999996,0.90625,2.590625,1.590625,1.0333333333333334,2.0,4.012500000000001,0.096875,0.0
39,COPOC,LAC,0.09999999999999998,0.88125,2.440625,1.440625,1.0526315789473684,2.0,3.940625,0.125,0.0
39,COPOC,LAC,0.13,0.859375,2.30625,1.30625,1.0444444444444445,2.0,3.565865384615384,0.146875,0.0
39,COPOC,LAC,0.15000000000000002,0.828125,2.115625,1.11875,1.1090909090909091,4.0,3.61875,0.190625,0.0
39,COPOC,LAC,0.18000000000000005,0.809375,1.965625,0.971875,1.1475409836065573,4.0,3.2982638888888887,0.21875,0.0
39,COPOC,LAC,0.19999999999999996,0.7875,1.80625,0.825,1.3235294117647058,4.0,3.3875,0.28125,0.0
40,COPOC,min-CPS,0.010000000000000009,1.0,4.390625,3.390625,,0.0,3.390625,0.0,0.0
40,COPOC,min-CPS,0.020000000000000018,0.9875,3.625,2.625,1.0,1.0,3.8749999999999987,0.0125,0.0
40,COPOC,min-CPS,0.030000000000000027,0.9875,3.515625,2.515625,1.0,1.0,3.348958333333333,0.0125,0.0
40,COPOC,min-CPS,0.050000000000000044,0.9625,3.171875,2.171875,1.0,1.0,3.6718749999999987,0.0375,0.0
40,COPOC,min-CPS,0.07999999999999996,0.921875,2.821875,1.821875,1.0,1.0,3.7750000000000012,0.078125,0.0
40,COPOC,min-CPS,0.09999999999999998,0.89375,2.653125,1.653125,1.0,1.0,3.778125,0.10625,0.0
40,COPOC,min-CPS,0.13,0.88125,2.54375,1.54375,1.0,1.0,3.370673076923077,0.11875,0.0
40,COPOC,min-CPS,0.15000000000000002,0.865625,2.309375,1.309375,1.0,1.0,3.1010416666666663,0.134375,0.0
40,COPOC,min-CPS,0.18000000000000005,0.828125,2.159375,1.159375,1.0,1.0,3.0690972222222213,0.171875,0.0
40,COPOC,min-CPS,0.19999999999999996,0.803125,2.071875,1.071875,1.0317460317460319,2.0,3.103125,0.203125,0.0
40,COPOC,RPS,0.010000000000000009,0.996875,3.69375,2.69375,1.0,1.0,3.318749999999999,0.003125,0.0
40,COPOC,RPS,0.020000000000000018,0.990625,3.5125,2.5125,1.0,1.0,3.4499999999999984,0.009375,0.0
40,COPOC,RPS,0.030000000000000027,0.990625,3.334375,2.334375,1.0,1.0,2.9593749999999996,0.009375,0.0
40,COPOC,RPS,0.050000000000000044,0.971875,3.075,2.075,1.0,1.0,3.199999999999999,0.028125,0.0
40,COPOC,RPS,0.07999999999999996,0.925,2.459375,1.459375,1.0,1.0,3.3343750000000014,0.075,0.0
40,COPOC,RPS,0.09999999999999998,0.915625,2.209375,1.209375,1.037037037037037,2.0,2.959375,0.0875,0.0
40,COPOC,RPS,0.13,0.884375,1.971875,0.971875,1.027027027027027,2.0,2.7987980769230765,0.11875,0.0
40,COPOC,RPS,0.15000000000000002,0.85625,1.85625,0.85625,1.0217391304347827,2.0,2.814583333333333,0.146875,0.0
40,COPOC,RPS,0.18000000000000005,0.853125,1.834375,0.834375,1.0212765957446808,2.0,2.5010416666666666,0.15,0.0
40,COPOC,RPS,0.19999999999999996,0.83125,1.75,0.75,1.0185185185185186,2.0,2.46875,0.171875,0.0
40,COPOC,OCDF,0.010000000000000009,0.996875,4.803125,3.803125,1.0,1.0,4.428125,0.003125,0.0
40,COPOC,OCDF,0.020000000000000018,0.984375,4.546875,3.546875,1.0,1.0,5.109374999999998,0.015625,0.0
40,COPOC,OCDF,0.030000000000000027,0.978125,4.221875,3.221875,1.1428571428571428,2.0,4.888541666666666,0.025,0.0
40,COPOC,OCDF,0.050000000000000044,0.95,3.94375,2.94375,1.0625,2.0,5.068749999999999,0.053125,0.0
40,COPOC,OCDF,0.07999999999999996,0.921875,3.65625,2.65625,1.08,2.0,4.765625000000002,0.084375,0.0
40,COPOC,OCDF,0.09999999999999998,0.88125,3.4,2.4,1.0526315789473684,2.0,4.9,0.125,0.0
40,COPOC,OCDF,0.13,0.85,3.215625,2.215625,1.0625,2.0,4.667548076923077,0.159375,0.0
40,COPOC,OCDF,0.15000000000000002,0.81875,3.1,2.1,1.0862068965517242,2.0,4.725,0.196875,0.0
40,COPOC,OCDF,0.18000000000000005,0.753125,2.90625,1.90625,1.0759493670886076,2.0,4.857638888888888,0.265625,0.0
40,COPOC,OCDF,0.19999999999999996,0.7375,2.8375,1.8375,1.0714285714285714,2.0,4.65,0.28125,0.0
40,COPOC,APS,0.010000000000000009,0.990625,4.059375,3.059375,1.0,1.0,4.934374999999998,0.009375,0.0
40,COPOC,APS,0.020000000000000018,0.9875,3.825,2.825,1.0,1.0,4.074999999999998,0.0125,0.0
40,COPOC,APS,0.030000000000000027,0.984375,3.628125,2.628125,1.0,1.0,3.669791666666666,0.015625,0.0
40,COPOC,APS,0.050000000000000044,0.95625,3.15,2.15,1.0,1.0,3.8999999999999986,0.04375,0.0
40,COPOC,APS,0.07999999999999996,0.91875,2.74375,1.74375,1.0,1.0,3.7750000000000012,0.08125,0.0
40,COPOC,APS,0.09999999999999998,0.903125,2.5375,1.5375,1.0,1.0,3.475,0.096875,0.0
40,COPOC,APS,0.13,0.86875,2.1875,1.1875,1.0,1.0,3.206730769230769,0.13125,0.0
40,COPOC,APS,0.15000000000000002,0.86875,2.096875,1.096875,1.0,1.0,2.846875,0.13125,0.0
40,COPOC,APS,0.18000000000000005,0.825,1.85,0.85,1.0178571428571428,2.0,2.8291666666666666,0.178125,0.0
40,COPOC,APS,0.19999999999999996,0.80625,1.79375,0.79375,1.032258064516129,2.0,2.79375,0.2,0.0
40,COPOC,LAC,0.010000000000000009,1.0,4.55625,3.55625,,0.0,3.55625,0.0,0.0
40,COPOC,LAC,0.020000000000000018,0.990625,3.625,2.625,1.0,1.0,3.5624999999999987,0.009375,0.0
40,COPOC,LAC,0.030000000000000027,0.9875,3.43125,2.43125,1.0,1.0,3.264583333333333,0.0125,0.0
40,COPOC,LAC,0.050000000000000044,0.9625,3.096875,2.096875,1.0,1.0,3.5968749999999985,0.0375,0.0
40,COPOC,LAC,0.07999999999999996,0.915625,2.684375,1.684375,1.0,1.0,3.7937500000000015,0.084375,0.0
40,COPOC,LAC,0.09999999999999998,0.9,2.48125,1.48125,1.03125,2.0,3.54375,0.103125,0.0
40,COPOC,LAC,0.13,0.884375,2.371875,1.371875,1.027027027027027,2.0,3.198798076923077,0.11875,0.0
40,COPOC,LAC,0.15000000000000002,0.86875,2.2625,1.2625,1.0476190476190477,2.0,3.095833333333333,0.1375,0.0
40,COPOC,LAC,0.18000000000000005,0.83125,2.021875,1.025,1.0925925925925926,4.0,3.004166666666666,0.184375,0.0
40,COPOC,LAC,0.19999999999999996,0.809375,1.853125,0.8625,1.1967213114754098,4.0,3.01875,0.228125,0.0
41,COPOC,min-CPS,0.010000000000000009,0.984375,3.840625,2.840625,1.0,1.0,5.9656249999999975,0.015625,0.0
41,COPOC,min-CPS,0.020000000000000018,0.965625,3.415625,2.415625,1.0,1.0,5.853124999999997,0.034375,0.0
41,COPOC,min-CPS,0.030000000000000027,0.959375,3.359375,2.359375,1.0,1.0,5.067708333333331,0.040625,0.0
41,COPOC,min-CPS,0.050000000000000044,0.940625,2.975,1.975,1.0526315789473684,2.0,4.474999999999999,0.0625,0.0
41,COPOC,min-CPS,0.07999999999999996,0.90625,2.78125,1.78125,1.0333333333333334,2.0,4.203125000000002,0.096875,0.0
41,COPOC,min-CPS,0.09999999999999998,0.890625,2.675,1.675,1.0285714285714285,2.0,3.925,0.1125,0.0
41,COPOC,min-CPS,0.13,0.871875,2.496875,1.496875,1.024390243902439,2.0,3.5161057692307693,0.13125,0.0
41,COPOC,min-CPS,0.15000000000000002,0.875,2.4125,1.4125,1.025,2.0,3.1208333333333327,0.128125,0.0
41,COPOC,min-CPS,0.18000000000000005,0.85,2.234375,1.234375,1.0416666666666667,2.0,2.9704861111111107,0.15625,0.0
41,COPOC,min-CPS,0.19999999999999996,0.809375,2.09375,1.09375,1.0655737704918034,2.0,3.125,0.203125,0.0
41,COPOC,RPS,0.010000000000000009,0.990625,3.521875,2.521875,1.0,1.0,4.396874999999999,0.009375,0.0
41,COPOC,RPS,0.020000000000000018,0.9625,3.190625,2.190625,1.0,1.0,5.940624999999996,0.0375,0.0
41,COPOC,RPS,0.030000000000000027,0.95625,3.09375,2.09375,1.0,1.0,5.010416666666664,0.04375,0.0
41,COPOC,RPS,0.050000000000000044,0.94375,2.90625,1.90625,1.0,1.0,4.156249999999998,0.05625,0.0
41,COPOC,RPS,0.07999999999999996,0.921875,2.48125,1.48125,1.04,2.0,3.5125000000000015,0.08125,0.0
41,COPOC,RPS,0.09999999999999998,0.89375,2.071875,1.071875,1.0294117647058822,2.0,3.259375,0.109375,0.0
41,COPOC,RPS,0.13,0.83125,1.79375,0.79375,1.0185185185185186,2.0,3.4379807692307693,0.171875,0.0
41,COPOC,RPS,0.15000000000000002,0.81875,1.7375,0.7375,1.0172413793103448,2.0,3.195833333333333,0.184375,0.0
41,COPOC,RPS,0.18000000000000005,0.8,1.665625,0.665625,1.015625,2.0,2.922569444444444,0.203125,0.0
41,COPOC,RPS,0.19999999999999996,0.79375,1.628125,0.628125,1.0151515151515151,2.0,2.721875,0.209375,0.0
41,COPOC,OCDF,0.010000000000000009,0.99375,4.8,3.8,1.0,1.0,5.049999999999999,0.00625,0.0
41,COPOC,OCDF,0.020000000000000018,0.975,4.2625,3.2625,1.125,2.0,6.0749999999999975,0.028125,0.0
41,COPOC,OCDF,0.030000000000000027,0.959375,4.103125,3.103125,1.0769230769230769,2.0,6.019791666666665,0.04375,0.0
41,COPOC,OCDF,0.050000000000000044,0.946875,3.88125,2.88125,1.0588235294117647,2.0,5.131249999999999,0.05625,0.0
41,COPOC,OCDF,0.07999999999999996,0.928125,3.7125,2.7125,1.1304347826086956,2.0,4.743750000000001,0.08125,0.0
41,COPOC,OCDF,0.09999999999999998,0.921875,3.621875,2.621875,1.12,2.0,4.371875,0.0875,0.0
41,COPOC,OCDF,0.13,0.884375,3.384375,2.384375,1.0810810810810811,2.0,4.307451923076923,0.125,0.0
41,COPOC,OCDF,0.15000000000000002,0.878125,3.309375,2.309375,1.0769230769230769,2.0,4.059374999999999,0.13125,0.0
41,COPOC,OCDF,0.18000000000000005,0.846875,3.146875,2.146875,1.1020408163265305,2.0,4.021874999999999,0.16875,0.0
41,COPOC,OCDF,0.19999999999999996,0.834375,3.0875,2.0875,1.1132075471698113,2.0,3.93125,0.184375,0.0
41,COPOC,APS,0.010000000000000009,0.996875,4.253125,3.253125,1.0,1.0,3.8781249999999994,0.003125,0.0
41,COPOC,APS,0.020000000000000018,0.96875,3.628125,2.628125,1.0,1.0,5.753124999999997,0.03125,0.0
41,COPOC,APS,0.030000000000000027,0.946875,3.203125,2.203125,1.0588235294117647,2.0,5.953124999999997,0.05625,0.0
41,COPOC,APS,0.050000000000000044,0.940625,3.078125,2.078125,1.0526315789473684,2.0,4.578124999999998,0.0625,0.0
41,COPOC,APS,0.07999999999999996,0.925,2.81875,1.81875,1.0833333333333333,2.0,3.8500000000000014,0.08125,0.0
41,COPOC,APS,0.09999999999999998,0.8875,2.41875,1.41875,1.0555555555555556,2.0,3.79375,0.11875,0.0
41,COPOC,APS,0.13,0.8625,2.13125,1.13125,1.0681818181818181,2.0,3.390865384615384,0.146875,0.0
41,COPOC,APS,0.15000000000000002,0.846875,2.05625,1.05625,1.0612244897959184,2.0,3.2229166666666664,0.1625,0.0
41,COPOC,APS,0.18000000000000005,0.840625,1.9375,0.9375,1.0588235294117647,2.0,2.812499999999999,0.16875,0.0
41,COPOC,APS,0.19999999999999996,0.83125,1.878125,0.878125,1.0740740740740742,2.0,2.690625,0.18125,0.0
41,COPOC,LAC,0.010000000000000009,0.984375,3.66875,2.66875,1.0,1.0,5.7937499999999975,0.015625,0.0
41,COPOC,LAC,0.020000000000000018,0.965625,3.35625,2.35625,1.0,1.0,5.793749999999997,0.034375,0.0
41,COPOC,LAC,0.030000000000000027,0.959375,3.290625,2.290625,1.0,1.0,4.998958333333332,0.040625,0.0
41,COPOC,LAC,0.050000000000000044,0.9375,2.86875,1.86875,1.05,2.0,4.493749999999998,0.065625,0.0
41,COPOC,LAC,0.07999999999999996,0.903125,2.55,1.55,1.032258064516129,2.0,4.050000000000002,0.1,0.0
41,COPOC,LAC,0.09999999999999998,0.871875,2.396875,1.396875,1.024390243902439,2.0,4.021875,0.13125,0.0
41,COPOC,LAC,0.13,0.84375,2.234375,1.234375,1.04,2.0,3.734374999999999,0.1625,0.0
41,COPOC,LAC,0.15000000000000002,0.83125,2.121875,1.121875,1.0740740740740742,2.0,3.5385416666666663,0.18125,0.0
41,COPOC,LAC,0.18000000000000005,0.7875,1.8375,0.84375,1.161764705882353,4.0,3.4826388888888884,0.246875,0.0
41,COPOC,LAC,0.19999999999999996,0.7875,1.78125,0.7875,1.1764705882352942,4.0,3.19375,0.25,0.0
42,COPOC,min-CPS,0.010000000000000009,0.984375,3.859375,2.859375,1.0,1.0,5.984374999999997,0.015625,0.0
42,COPOC,min-CPS,0.020000000000000018,0.975,3.396875,2.396875,1.0,1.0,4.896874999999998,0.025,0.0
42,COPOC,min-CPS,0.030000000000000027,0.965625,3.384375,2.384375,1.0,1.0,4.676041666666665,0.034375,0.0
42,COPOC,min-CPS,0.050000000000000044,0.94375,2.9875,1.9875,1.0555555555555556,2.0,4.362499999999999,0.059375,0.0
42,COPOC,min-CPS,0.07999999999999996,0.928125,2.84375,1.84375,1.0434782608695652,2.0,3.7187500000000013,0.075,0.0
42,COPOC,min-CPS,0.09999999999999998,0.903125,2.690625,1.690625,1.064516129032258,2.0,3.753125,0.103125,0.0
42,COPOC,min-CPS,0.13,0.8875,2.553125,1.553125,1.0555555555555556,2.0,3.380048076923077,0.11875,0.0
42,COPOC,min-CPS,0.15000000000000002,0.853125,2.259375,1.259375,1.0425531914893618,2.0,3.3010416666666664,0.153125,0.0
42,COPOC,min-CPS,0.18000000000000005,0.83125,2.159375,1.159375,1.0555555555555556,2.0,3.1385416666666663,0.178125,0.0
42,COPOC,min-CPS,0.19999999999999996,0.825,2.121875,1.121875,1.0714285714285714,2.0,2.996875,0.1875,0.0
42,COPOC,RPS,0.010000000000000009,0.990625,3.5125,2.5125,1.0,1.0,4.387499999999998,0.009375,0.0
42,COPOC,RPS,0.020000000000000018,0.984375,3.3,2.3,1.0,1.0,3.8624999999999985,0.015625,0.0
42,COPOC,RPS,0.030000000000000027,0.959375,3.10625,2.10625,1.0,1.0,4.814583333333331,0.040625,0.0
42,COPOC,RPS,0.050000000000000044,0.946875,2.88125,1.88125,1.0,1.0,4.006249999999999,0.053125,0.0
42,COPOC,RPS,0.07999999999999996,0.940625,2.628125,1.628125,1.0526315789473684,2.0,3.1906250000000016,0.0625,0.0
42,COPOC,RPS,0.09999999999999998,0.928125,2.29375,1.29375,1.0434782608695652,2.0,2.79375,0.075,0.0
42,COPOC,RPS,0.13,0.896875,1.971875,0.971875,1.0606060606060606,2.0,2.6545673076923078,0.109375,0.0
42,COPOC,RPS,0.15000000000000002,0.859375,1.840625,0.840625,1.0444444444444445,2.0,2.7989583333333328,0.146875,0.0
42,COPOC,RPS,0.18000000000000005,0.834375,1.753125,0.753125,1.0377358490566038,2.0,2.6628472222222213,0.171875,0.0
42,COPOC,RPS,0.19999999999999996,0.803125,1.65,0.65,1.0317460317460319,2.0,2.68125,0.203125,0.0
42,COPOC,OCDF,0.010000000000000009,0.9875,4.740625,3.740625,1.0,1.0,6.240624999999998,0.0125,0.0
42,COPOC,OCDF,0.020000000000000018,0.98125,4.41875,3.41875,1.0,1.0,5.293749999999998,0.01875,0.0
42,COPOC,OCDF,0.030000000000000027,0.98125,4.23125,3.23125,1.1666666666666667,2.0,4.689583333333333,0.021875,0.0
42,COPOC,OCDF,0.050000000000000044,0.965625,3.996875,2.996875,1.0909090909090908,2.0,4.496874999999998,0.0375,0.0
42,COPOC,OCDF,0.07999999999999996,0.9,3.63125,2.63125,1.0625,2.0,5.287500000000001,0.10625,0.0
42,COPOC,OCDF,0.09999999999999998,0.86875,3.415625,2.415625,1.0476190476190477,2.0,5.165625,0.1375,0.0
42,COPOC,OCDF,0.13,0.85,3.28125,2.28125,1.0625,2.0,4.7331730769230775,0.159375,0.0
42,COPOC,OCDF,0.15000000000000002,0.828125,3.175,2.175,1.0545454545454545,2.0,4.591666666666667,0.18125,0.0
42,COPOC,OCDF,0.18000000000000005,0.8125,3.0875,2.0875,1.0666666666666667,2.0,4.309722222222222,0.2,0.0
42,COPOC,OCDF,0.19999999999999996,0.8,3.021875,2.021875,1.078125,2.0,4.178125,0.215625,0.0
42,COPOC,APS,0.010000000000000009,0.990625,4.096875,3.096875,1.0,1.0,4.971874999999999,0.009375,0.0
42,COPOC,APS,0.020000000000000018,0.965625,3.5,2.5,1.0,1.0,5.937499999999997,0.034375,0.0
42,COPOC,APS,0.030000000000000027,0.9625,3.309375,2.309375,1.0,1.0,4.8093749999999975,0.0375,0.0
42,COPOC,APS,0.050000000000000044,0.953125,3.11875,2.11875,1.0666666666666667,2.0,4.118749999999999,0.05,0.0
42,COPOC,APS,0.07999999999999996,0.934375,2.8375,1.8375,1.0476190476190477,2.0,3.5562500000000012,0.06875,0.0
42,COPOC,APS,0.09999999999999998,0.90625,2.521875,1.521875,1.0333333333333334,2.0,3.459375,0.096875,0.0
42,COPOC,APS,0.13,0.878125,2.184375,1.184375,1.0256410256410255,2.0,3.107451923076923,0.125,0.0
42,COPOC,APS,0.15000000000000002,0.8625,1.996875,0.996875,1.0227272727272727,2.0,2.871875,0.140625,0.0
42,COPOC,APS,0.18000000000000005,0.84375,1.896875,0.896875,1.08,2.0,2.771874999999999,0.16875,0.0
42,COPOC,APS,0.19999999999999996,0.803125,1.7875,0.7875,1.0793650793650793,2.0,2.9125,0.2125,0.0
42,COPOC,LAC,0.010000000000000009,0.984375,3.65625,2.65625,1.0,1.0,5.781249999999997,0.015625,0.0
42,COPOC,LAC,0.020000000000000018,0.975,3.425,2.425,1.0,1.0,4.924999999999998,0.025,0.0
42,COPOC,LAC,0.030000000000000027,0.9625,3.275,2.275,1.0,1.0,4.774999999999998,0.0375,0.0
42,COPOC,LAC,0.050000000000000044,0.946875,2.975,1.975,1.0588235294117647,2.0,4.224999999999999,0.05625,0.0
42,COPOC,LAC,0.07999999999999996,0.934375,2.69375,1.69375,1.0476190476190477,2.0,3.4125000000000014,0.06875,0.0
42,COPOC,LAC,0.09999999999999998,0.903125,2.446875,1.446875,1.032258064516129,2.0,3.446875,0.1,0.0
42,COPOC,LAC,0.13,0.875,2.284375,1.284375,1.025,2.0,3.255528846153846,0.128125,0.0
42,COPOC,LAC,0.15000000000000002,0.865625,2.234375,1.234375,1.0232558139534884,2.0,3.067708333333333,0.1375,0.0
42,COPOC,LAC,0.18000000000000005,0.840625,2.071875,1.071875,1.0588235294117647,2.0,2.9468749999999995,0.16875,0.0
42,COPOC,LAC,0.19999999999999996,0.840625,1.98125,0.98125,1.0588235294117647,2.0,2.66875,0.16875,0.0
43,COPOC,min-CPS,0.010000000000000009,0.990625,3.978125,2.978125,1.0,1.0,4.853124999999999,0.009375,0.0
43,COPOC,min-CPS,0.020000000000000018,0.978125,3.5375,2.5375,1.0,1.0,4.724999999999999,0.021875,0.0
43,COPOC,min-CPS,0.030000000000000027,0.978125,3.421875,2.421875,1.0,1.0,3.880208333333333,0.021875,0.0
43,COPOC,min-CPS,0.050000000000000044,0.965625,3.240625,2.240625,1.0,1.0,3.6156249999999988,0.034375,0.0
43,COPOC,min-CPS,0.07999999999999996,0.953125,2.928125,1.928125,1.0,1.0,3.1000000000000005,0.046875,0.0
43,COPOC,min-CPS,0.09999999999999998,0.9375,2.80625,1.80625,1.0,1.0,3.05625,0.0625,0.0
43,COPOC,min-CPS,0.13,0.91875,2.6625,1.6625,1.0,1.0,2.9125,0.08125,0.0
43,COPOC,min-CPS,0.15000000000000002,0.9,2.540625,1.540625,1.0,1.0,2.873958333333333,0.1,0.0
43,COPOC,min-CPS,0.18000000000000005,0.871875,2.23125,1.23125,1.0,1.0,2.654861111111111,0.128125,0.0
43,COPOC,min-CPS,0.19999999999999996,0.834375,2.140625,1.140625,1.0,1.0,2.796875,0.165625,0.0
43,COPOC,RPS,0.010000000000000009,0.990625,3.5375,2.5375,1.0,1.0,4.412499999999999,0.009375,0.0
43,COPOC,RPS,0.020000000000000018,0.984375,3.31875,2.31875,1.0,1.0,3.8812499999999988,0.015625,0.0
43,COPOC,RPS,0.030000000000000027,0.984375,3.2625,2.2625,1.0,1.0,3.304166666666666,0.015625,0.0
43,COPOC,RPS,0.050000000000000044,0.971875,3.071875,2.071875,1.0,1.0,3.196874999999999,0.028125,0.0
43,COPOC,RPS,0.07999999999999996,0.95,2.703125,1.703125,1.0,1.0,2.953125000000001,0.05,0.0
43,COPOC,RPS,0.09999999999999998,0.925,2.290625,1.290625,1.0416666666666667,2.0,2.853125,0.078125,0.0
43,COPOC,RPS,0.13,0.890625,1.95625,0.95625,1.0285714285714285,2.0,2.6870192307692307,0.1125,0.0
43,COPOC,RPS,0.15000000000000002,0.8875,1.934375,0.934375,1.0277777777777777,2.0,2.4760416666666663,0.115625,0.0
43,COPOC,RPS,0.18000000000000005,0.865625,1.825,0.825,1.0232558139534884,2.0,2.3527777777777774,0.1375,0.0
43,COPOC,RPS,0.19999999999999996,0.846875,1.721875,0.721875,1.0204081632653061,2.0,2.284375,0.15625,0.0
43,COPOC,OCDF,0.010000000000000009,0.98125,4.684375,3.684375,1.0,1.0,7.4343749999999975,0.01875,0.0
43,COPOC,OCDF,0.020000000000000018,0.95625,4.128125,3.128125,1.0714285714285714,2.0,7.815624999999995,0.046875,0.0
43,COPOC,OCDF,0.030000000000000027,0.946875,3.971875,2.971875,1.0588235294117647,2.0,6.721874999999997,0.05625,0.0
43,COPOC,OCDF,0.050000000000000044,0.94375,3.8625,2.8625,1.0555555555555556,2.0,5.237499999999999,0.059375,0.0
43,COPOC,OCDF,0.07999999999999996,0.91875,3.659375,2.659375,1.0769230769230769,2.0,4.846875000000002,0.0875,0.0
43,COPOC,OCDF,0.09999999999999998,0.9,3.5125,2.5125,1.09375,2.0,4.7,0.109375,0.0
43,COPOC,OCDF,0.13,0.8875,3.3875,2.3875,1.1111111111111112,2.0,4.310576923076923,0.125,0.0
43,COPOC,OCDF,0.15000000000000002,0.8625,3.2,2.2,1.1136363636363635,2.0,4.241666666666665,0.153125,0.0
43,COPOC,OCDF,0.18000000000000005,0.834375,3.084375,2.084375,1.1132075471698113,2.0,4.13298611111111,0.184375,0.0
43,COPOC,OCDF,0.19999999999999996,0.8125,2.934375,1.934375,1.1166666666666667,2.0,4.028125,0.209375,0.0
43,COPOC,APS,0.010000000000000009,0.984375,3.7875,2.7875,1.0,1.0,5.912499999999997,0.015625,0.0
43,COPOC,APS,0.020000000000000018,0.984375,3.640625,2.640625,1.0,1.0,4.203124999999998,0.015625,0.0
43,COPOC,APS,0.030000000000000027,0.978125,3.475,2.475,1.0,1.0,3.9333333333333327,0.021875,0.0
43,COPOC,APS,0.050000000000000044,0.965625,3.228125,2.228125,1.0,1.0,3.6031249999999986,0.034375,0.0
43,COPOC,APS,0.07999999999999996,0.959375,3.1,2.1,1.0,1.0,3.1156250000000005,0.040625,0.0
43,COPOC,APS,0.09999999999999998,0.953125,2.809375,1.809375,1.0,1.0,2.746875,0.046875,0.0
43,COPOC,APS,0.13,0.928125,2.496875,1.496875,1.0434782608695652,2.0,2.6507211538461535,0.075,0.0
43,COPOC,APS,0.15000000000000002,0.89375,2.16875,1.16875,1.0294117647058822,2.0,2.6270833333333328,0.109375,0.0
43,COPOC,APS,0.18000000000000005,0.875,2.04375,1.04375,1.025,2.0,2.467361111111111,0.128125,0.0
43,COPOC,APS,0.19999999999999996,0.8375,1.884375,0.884375,1.0192307692307692,2.0,2.540625,0.165625,0.0
43,COPOC,LAC,0.010000000000000009,0.990625,3.846875,2.846875,1.0,1.0,4.721874999999999,0.009375,0.0
43,COPOC,LAC,0.020000000000000018,0.984375,3.45625,2.45625,1.0,1.0,4.018749999999999,0.015625,0.0
43,COPOC,LAC,0.030000000000000027,0.98125,3.4,2.4,1.0,1.0,3.6499999999999995,0.01875,0.0
43,COPOC,LAC,0.050000000000000044,0.96875,3.1375,2.1375,1.0,1.0,3.3874999999999984,0.03125,0.0
43,COPOC,LAC,0.07999999999999996,0.940625,2.703125,1.703125,1.0,1.0,3.1875000000000013,0.059375,0.0
43,COPOC,LAC,0.09999999999999998,0.925,2.50625,1.50625,1.0,1.0,3.00625,0.075,0.0
43,COPOC,LAC,0.13,0.909375,2.365625,1.365625,1.0,1.0,2.7598557692307693,0.090625,0.0
43,COPOC,LAC,0.15000000000000002,0.9,2.278125,1.278125,1.0,1.0,2.611458333333333,0.1,0.0
43,COPOC,LAC,0.18000000000000005,0.871875,2.128125,1.128125,1.0,1.0,2.5517361111111105,0.128125,0.0
43,COPOC,LAC,0.19999999999999996,0.859375,2.05,1.053125,1.0666666666666667,4.0,2.490625,0.15,0.0
44,COPOC,min-CPS,0.010000000000000009,0.9875,3.88125,2.88125,1.0,1.0,5.381249999999998,0.0125,0.0
44,COPOC,min-CPS,0.020000000000000018,0.984375,3.559375,2.559375,1.0,1.0,4.121874999999998,0.015625,0.0
44,COPOC,min-CPS,0.030000000000000027,0.98125,3.396875,2.396875,1.0,1.0,3.646874999999999,0.01875,0.0
44,COPOC,min-CPS,0.050000000000000044,0.965625,3.23125,2.23125,1.0,1.0,3.6062499999999984,0.034375,0.0
44,COPOC,min-CPS,0.07999999999999996,0.953125,2.915625,1.915625,1.0,1.0,3.0875000000000012,0.046875,0.0
44,COPOC,min-CPS,0.09999999999999998,0.94375,2.8,1.8,1.0,1.0,2.925,0.05625,0.0
44,COPOC,min-CPS,0.13,0.93125,2.69375,1.69375,1.0454545454545454,2.0,2.7995192307692305,0.071875,0.0
44,COPOC,min-CPS,0.15000000000000002,0.890625,2.471875,1.471875,1.0285714285714285,2.0,2.971875,0.1125,0.0
44,COPOC,min-CPS,0.18000000000000005,0.85625,2.228125,1.228125,1.0217391304347827,2.0,2.860069444444444,0.146875,0.0
44,COPOC,min-CPS,0.19999999999999996,0.821875,2.13125,1.13125,1.0175438596491229,2.0,2.94375,0.18125,0.0
44,COPOC,RPS,0.010000000000000009,0.99375,3.51875,2.51875,1.0,1.0,3.7687499999999985,0.00625,0.0
44,COPOC,RPS,0.020000000000000018,0.990625,3.453125,2.453125,1.0,1.0,3.3906249999999987,0.009375,0.0
44,COPOC,RPS,0.030000000000000027,0.990625,3.309375,2.309375,1.0,1.0,2.9343749999999997,0.009375,0.0
44,COPOC,RPS,0.050000000000000044,0.965625,3.0125,2.0125,1.0,1.0,3.3874999999999984,0.034375,0.0
44,COPOC,RPS,0.07999999999999996,0.9625,2.79375,1.79375,1.0,1.0,2.7312500000000006,0.0375,0.0
44,COPOC,RPS,0.09999999999999998,0.953125,2.584375,1.584375,1.0,1.0,2.521875,0.046875,0.0
44,COPOC,RPS,0.13,0.915625,2.01875,1.01875,1.037037037037037,2.0,2.364903846153846,0.0875,0.0
44,COPOC,RPS,0.15000000000000002,0.9125,1.95625,0.95625,1.0357142857142858,2.0,2.1645833333333333,0.090625,0.0
44,COPOC,RPS,0.18000000000000005,0.85,1.746875,0.746875,1.0208333333333333,2.0,2.4482638888888886,0.153125,0.0
44,COPOC,RPS,0.19999999999999996,0.828125,1.671875,0.671875,1.018181818181818,2.0,2.421875,0.175,0.0
44,COPOC,OCDF,0.010000000000000009,0.996875,4.803125,3.803125,1.0,1.0,4.428125,0.003125,0.0
44,COPOC,OCDF,0.020000000000000018,0.99375,4.7375,3.7375,1.0,1.0,4.362499999999999,0.00625,0.0
44,COPOC,OCDF,0.030000000000000027,0.978125,4.25,3.25,1.1428571428571428,2.0,4.916666666666666,0.025,0.0
44,COPOC,OCDF,0.050000000000000044,0.96875,4.015625,3.015625,1.1,2.0,4.390624999999998,0.034375,0.0
44,COPOC,OCDF,0.07999999999999996,0.93125,3.771875,2.771875,1.0909090909090908,2.0,4.646875000000001,0.075,0.0
44,COPOC,OCDF,0.09999999999999998,0.91875,3.615625,2.615625,1.0769230769230769,2.0,4.365625,0.0875,0.0
44,COPOC,OCDF,0.13,0.89375,3.421875,2.421875,1.0588235294117647,2.0,4.152644230769231,0.1125,0.0
44,COPOC,OCDF,0.15000000000000002,0.875,3.309375,2.309375,1.05,2.0,4.059375,0.13125,0.0
44,COPOC,OCDF,0.18000000000000005,0.840625,3.15,2.15,1.0588235294117647,2.0,4.024999999999999,0.16875,0.0
44,COPOC,OCDF,0.19999999999999996,0.828125,3.0875,2.0875,1.0727272727272728,2.0,3.93125,0.184375,0.0
44,COPOC,APS,0.010000000000000009,0.996875,4.190625,3.190625,1.0,1.0,3.8156249999999994,0.003125,0.0
44,COPOC,APS,0.020000000000000018,0.99375,3.88125,2.88125,1.0,1.0,3.506249999999999,0.00625,0.0
44,COPOC,APS,0.030000000000000027,0.9875,3.578125,2.578125,1.0,1.0,3.411458333333333,0.0125,0.0
44,COPOC,APS,0.050000000000000044,0.965625,3.184375,2.184375,1.0,1.0,3.5593749999999984,0.034375,0.0
44,COPOC,APS,0.07999999999999996,0.953125,2.9125,1.9125,1.0,1.0,3.0843750000000005,0.046875,0.0
44,COPOC,APS,0.09999999999999998,0.934375,2.665625,1.665625,1.0,1.0,2.978125,0.065625,0.0
44,COPOC,APS,0.13,0.91875,2.39375,1.39375,1.0384615384615385,2.0,2.691826923076923,0.084375,0.0
44,COPOC,APS,0.15000000000000002,0.9125,2.228125,1.228125,1.0357142857142858,2.0,2.4364583333333334,0.090625,0.0
44,COPOC,APS,0.18000000000000005,0.896875,2.084375,1.084375,1.0303030303030303,2.0,2.264930555555555,0.10625,0.0
44,COPOC,APS,0.19999999999999996,0.865625,1.903125,0.903125,1.0232558139534884,2.0,2.278125,0.1375,0.0
44,COPOC,LAC,0.010000000000000009,0.9875,3.728125,2.728125,1.0,1.0,5.228124999999998,0.0125,0.0
44,COPOC,LAC,0.020000000000000018,0.9875,3.565625,2.565625,1.0,1.0,3.8156249999999985,0.0125,0.0
44,COPOC,LAC,0.030000000000000027,0.984375,3.428125,2.428125,1.0,1.0,3.4697916666666657,0.015625,0.0
44,COPOC,LAC,0.050000000000000044,0.9625,3.1,2.1,1.0,1.0,3.5999999999999988,0.0375,0.0
44,COPOC,LAC,0.07999999999999996,0.9625,2.88125,1.88125,1.0,1.0,2.8187500000000005,0.0375,0.0
44,COPOC,LAC,0.09999999999999998,0.946875,2.690625,1.690625,1.0,1.0,2.753125,0.053125,0.0
44,COPOC,LAC,0.13,0.921875,2.40625,1.40625,1.0,1.0,2.6081730769230766,0.078125,0.0
44,COPOC,LAC,0.15000000000000002,0.896875,2.2625,1.2625,1.0,1.0,2.6375,0.103125,0.0
44,COPOC,LAC,0.18000000000000005,0.871875,2.115625,1.115625,1.024390243902439,2.0,2.5739583333333327,0.13125,0.0
44,COPOC,LAC,0.19999999999999996,0.853125,1.975,0.984375,1.2127659574468086,4.0,2.609375,0.178125,0.0
45,COPOC,min-CPS,0.010000000000000009,1.0,4.434375,3.434375,,0.0,3.434375,0.0,0.0
45,COPOC,min-CPS,0.020000000000000018,0.98125,3.565625,2.565625,1.0,1.0,4.440624999999999,0.01875,0.0
45,COPOC,min-CPS,0.030000000000000027,0.971875,3.434375,2.434375,1.0,1.0,4.309374999999998,0.028125,0.0
45,COPOC,min-CPS,0.050000000000000044,0.959375,3.203125,2.203125,1.0,1.0,3.8281249999999987,0.040625,0.0
45,COPOC,min-CPS,0.07999999999999996,0.9,2.759375,1.759375,1.0,1.0,4.259375000000001,0.1,0.0
45,COPOC,min-CPS,0.09999999999999998,0.86875,2.596875,1.596875,1.0,1.0,4.221875,0.13125,0.0
45,COPOC,min-CPS,0.13,0.8125,2.26875,1.26875,1.0166666666666666,2.0,4.201442307692307,0.190625,0.0
45,COPOC,min-CPS,0.15000000000000002,0.809375,2.240625,1.240625,1.0163934426229508,2.0,3.8239583333333327,0.19375,0.0
45,COPOC,min-CPS,0.18000000000000005,0.8,2.175,1.175,1.03125,2.0,3.466666666666666,0.20625,0.0
45,COPOC,min-CPS,0.19999999999999996,0.784375,2.053125,1.053125,1.0434782608695652,2.0,3.303125,0.225,0.0
45,COPOC,RPS,0.010000000000000009,0.996875,3.65625,2.65625,1.0,1.0,3.281249999999999,0.003125,0.0
45,COPOC,RPS,0.020000000000000018,0.975,3.271875,2.271875,1.0,1.0,4.771874999999997,0.025,0.0
45,COPOC,RPS,0.030000000000000027,0.971875,3.203125,2.203125,1.0,1.0,4.078124999999998,0.028125,0.0
45,COPOC,RPS,0.050000000000000044,0.946875,2.909375,1.909375,1.0,1.0,4.034374999999999,0.053125,0.0
45,COPOC,RPS,0.07999999999999996,0.921875,2.5,1.5,1.0,1.0,3.4531250000000013,0.078125,0.0
45,COPOC,RPS,0.09999999999999998,0.89375,2.0375,1.0375,1.0294117647058822,2.0,3.225,0.109375,0.0
45,COPOC,RPS,0.13,0.8375,1.8125,0.8125,1.0192307692307692,2.0,3.3605769230769225,0.165625,0.0
45,COPOC,RPS,0.15000000000000002,0.8125,1.74375,0.74375,1.0166666666666666,2.0,3.2854166666666664,0.190625,0.0
45,COPOC,RPS,0.18000000000000005,0.7875,1.665625,0.665625,1.0147058823529411,2.0,3.061458333333333,0.215625,0.0
45,COPOC,RPS,0.19999999999999996,0.76875,1.603125,0.603125,1.0135135135135136,2.0,2.9468750000000004,0.234375,0.0
45,COPOC,OCDF,0.010000000000000009,0.99375,4.8,3.8,1.0,1.0,5.049999999999999,0.00625,0.0
45,COPOC,OCDF,0.020000000000000018,0.98125,4.46875,3.46875,1.0,1.0,5.343749999999998,0.01875,0.0
45,COPOC,OCDF,0.030000000000000027,0.9625,4.11875,3.11875,1.0833333333333333,2.0,5.827083333333332,0.040625,0.0
45,COPOC,OCDF,0.050000000000000044,0.946875,3.9,2.9,1.0588235294117647,2.0,5.149999999999999,0.05625,0.0
45,COPOC,OCDF,0.07999999999999996,0.91875,3.703125,2.703125,1.0769230769230769,2.0,4.890625000000002,0.0875,0.0
45,COPOC,OCDF,0.09999999999999998,0.909375,3.590625,2.590625,1.103448275862069,2.0,4.590625,0.1,0.0
45,COPOC,OCDF,0.13,0.86875,3.3875,2.3875,1.0714285714285714,2.0,4.5509615384615385,0.140625,0.0
45,COPOC,OCDF,0.15000000000000002,0.85,3.275,2.275,1.0833333333333333,2.0,4.441666666666666,0.1625,0.0
45,COPOC,OCDF,0.18000000000000005,0.840625,3.196875,2.196875,1.0784313725490196,2.0,4.106597222222222,0.171875,0.0
45,COPOC,OCDF,0.19999999999999996,0.821875,3.084375,2.084375,1.087719298245614,2.0,4.021875,0.19375,0.0
45,COPOC,APS,0.010000000000000009,0.996875,4.6125,3.6125,1.0,1.0,4.237499999999999,0.003125,0.0
45,COPOC,APS,0.020000000000000018,0.9875,3.775,2.775,1.0,1.0,4.024999999999999,0.0125,0.0
45,COPOC,APS,0.030000000000000027,0.971875,3.425,2.425,1.0,1.0,4.299999999999999,0.028125,0.0
45,COPOC,APS,0.050000000000000044,0.946875,3.08125,2.08125,1.0,1.0,4.206249999999998,0.053125,0.0
45,COPOC,APS,0.07999999999999996,0.890625,2.58125,1.58125,1.0,1.0,4.315625000000002,0.109375,0.0
45,COPOC,APS,0.09999999999999998,0.85625,2.1875,1.1875,1.0,1.0,4.0625,0.14375,0.0
45,COPOC,APS,0.13,0.83125,2.025,1.025,1.0185185185185186,2.0,3.6692307692307686,0.171875,0.0
45,COPOC,APS,0.15000000000000002,0.809375,1.925,0.925,1.0163934426229508,2.0,3.508333333333333,0.19375,0.0
45,COPOC,APS,0.18000000000000005,0.753125,1.7625,0.7625,1.0126582278481013,2.0,3.540277777777777,0.25,0.0
45,COPOC,APS,0.19999999999999996,0.75,1.715625,0.715625,1.0125,2.0,3.246875,0.253125,0.0
45,COPOC,LAC,0.010000000000000009,1.0,4.575,3.575,,0.0,3.575,0.0,0.0
45,COPOC,LAC,0.020000000000000018,0.98125,3.471875,2.471875,1.0,1.0,4.346874999999999,0.01875,0.0
45,COPOC,LAC,0.030000000000000027,0.96875,3.375,2.375,1.0,1.0,4.458333333333331,0.03125,0.0
45,COPOC,LAC,0.050000000000000044,0.959375,3.153125,2.153125,1.0,1.0,3.7781249999999984,0.040625,0.0
45,COPOC,LAC,0.07999999999999996,0.9125,2.65,1.65,1.0,1.0,3.8375000000000012,0.0875,0.0
45,COPOC,LAC,0.09999999999999998,0.871875,2.35,1.35,1.024390243902439,2.0,3.975,0.13125,0.0
45,COPOC,LAC,0.13,0.85,2.234375,1.234375,1.0208333333333333,2.0,3.590144230769231,0.153125,0.0
45,COPOC,LAC,0.15000000000000002,0.815625,2.03125,1.0375,1.152542372881356,4.0,3.7458333333333327,0.2125,0.0
45,COPOC,LAC,0.18000000000000005,0.753125,1.728125,0.753125,1.3670886075949367,4.0,4.0517361111111105,0.3375,0.0
45,COPOC,LAC,0.19999999999999996,0.74375,1.646875,0.675,1.3902439024390243,4.0,3.7687500000000007,0.35625,0.0
46,COPOC,min-CPS,0.010000000000000009,0.990625,3.928125,2.928125,1.0,1.0,4.803124999999999,0.009375,0.0
46,COPOC,min-CPS,0.020000000000000018,0.965625,3.38125,2.38125,1.0,1.0,5.818749999999997,0.034375,0.0
46,COPOC,min-CPS,0.030000000000000027,0.965625,3.38125,2.38125,1.0,1.0,4.672916666666665,0.034375,0.0
46,COPOC,min-CPS,0.050000000000000044,0.934375,2.9375,1.9375,1.0476190476190477,2.0,4.687499999999997,0.06875,0.0
46,COPOC,min-CPS,0.07999999999999996,0.9125,2.778125,1.778125,1.0357142857142858,2.0,4.043750000000001,0.090625,0.0
46,COPOC,min-CPS,0.09999999999999998,0.8875,2.63125,1.63125,1.0277777777777777,2.0,3.94375,0.115625,0.0
46,COPOC,min-CPS,0.13,0.85,2.325,1.325,1.0208333333333333,2.0,3.6807692307692306,0.153125,0.0
46,COPOC,min-CPS,0.15000000000000002,0.8375,2.228125,1.228125,1.0384615384615385,2.0,3.478125,0.16875,0.0
46,COPOC,min-CPS,0.18000000000000005,0.815625,2.134375,1.134375,1.0508474576271187,2.0,3.287152777777777,0.19375,0.0
46,COPOC,min-CPS,0.19999999999999996,0.796875,2.028125,1.028125,1.0615384615384615,2.0,3.184375,0.215625,0.0
46,COPOC,RPS,0.010000000000000009,0.9875,3.49375,2.49375,1.0,1.0,4.993749999999998,0.0125,0.0
46,COPOC,RPS,0.020000000000000018,0.965625,3.225,2.225,1.0,1.0,5.662499999999997,0.034375,0.0
46,COPOC,RPS,0.030000000000000027,0.9625,3.109375,2.109375,1.0,1.0,4.609374999999998,0.0375,0.0
46,COPOC,RPS,0.050000000000000044,0.940625,2.85625,1.85625,1.0,1.0,4.2312499999999975,0.059375,0.0
46,COPOC,RPS,0.07999999999999996,0.91875,2.425,1.425,1.0384615384615385,2.0,3.5343750000000016,0.084375,0.0
46,COPOC,RPS,0.09999999999999998,0.884375,2.0125,1.0125,1.027027027027027,2.0,3.3875,0.11875,0.0
46,COPOC,RPS,0.13,0.86875,1.94375,0.94375,1.0238095238095237,2.0,3.011057692307692,0.134375,0.0
46,COPOC,RPS,0.15000000000000002,0.84375,1.8375,0.8375,1.02,2.0,2.9624999999999995,0.159375,0.0
46,COPOC,RPS,0.18000000000000005,0.8,1.684375,0.684375,1.015625,2.0,2.9413194444444435,0.203125,0.0
46,COPOC,RPS,0.19999999999999996,0.78125,1.621875,0.621875,1.0142857142857142,2.0,2.840625,0.221875,0.0
46,COPOC,OCDF,0.010000000000000009,0.984375,4.725,3.725,1.0,1.0,6.849999999999997,0.015625,0.0
46,COPOC,OCDF,0.020000000000000018,0.965625,4.209375,3.209375,1.1818181818181819,2.0,7.271874999999997,0.040625,0.0
46,COPOC,OCDF,0.030000000000000027,0.9625,4.103125,3.103125,1.1666666666666667,2.0,6.019791666666665,0.04375,0.0
46,COPOC,OCDF,0.050000000000000044,0.934375,3.8375,2.8375,1.0952380952380953,2.0,5.712499999999999,0.071875,0.0
46,COPOC,OCDF,0.07999999999999996,0.915625,3.640625,2.640625,1.1111111111111112,2.0,4.984375000000002,0.09375,0.0
46,COPOC,OCDF,0.09999999999999998,0.88125,3.409375,2.409375,1.0789473684210527,2.0,4.971875,0.128125,0.0
46,COPOC,OCDF,0.13,0.83125,3.16875,2.16875,1.0740740740740742,2.0,4.9572115384615385,0.18125,0.0
46,COPOC,OCDF,0.15000000000000002,0.79375,3.0125,2.0125,1.0909090909090908,2.0,5.0125,0.225,0.0
46,COPOC,OCDF,0.18000000000000005,0.76875,2.875,1.875,1.0810810810810811,2.0,4.652777777777777,0.25,0.0
46,COPOC,OCDF,0.19999999999999996,0.7625,2.8375,1.8375,1.0789473684210527,2.0,4.4,0.25625,0.0
46,COPOC,APS,0.010000000000000009,0.99375,4.43125,3.43125,1.0,1.0,4.681249999999999,0.00625,0.0
46,COPOC,APS,0.020000000000000018,0.959375,3.475,2.475,1.0,1.0,6.537499999999997,0.040625,0.0
46,COPOC,APS,0.030000000000000027,0.953125,3.21875,2.21875,1.0,1.0,5.343749999999998,0.046875,0.0
46,COPOC,APS,0.050000000000000044,0.946875,3.08125,2.08125,1.0,1.0,4.206249999999998,0.053125,0.0
46,COPOC,APS,0.07999999999999996,0.91875,2.753125,1.753125,1.0,1.0,3.7843750000000016,0.08125,0.0
46,COPOC,APS,0.09999999999999998,0.878125,2.29375,1.29375,1.0769230769230769,2.0,3.91875,0.13125,0.0
46,COPOC,APS,0.13,0.853125,2.0,1.0,1.0851063829787233,2.0,3.4519230769230766,0.159375,0.0
46,COPOC,APS,0.15000000000000002,0.85,1.959375,0.959375,1.0833333333333333,2.0,3.1260416666666666,0.1625,0.0
46,COPOC,APS,0.18000000000000005,0.821875,1.88125,0.88125,1.0701754385964912,2.0,2.999305555555555,0.190625,0.0
46,COPOC,APS,0.19999999999999996,0.80625,1.8125,0.8125,1.064516129032258,2.0,2.875,0.20625,0.0
46,COPOC,LAC,0.010000000000000009,0.990625,3.778125,2.778125,1.0,1.0,4.653124999999998,0.009375,0.0
46,COPOC,LAC,0.020000000000000018,0.965625,3.3125,2.3125,1.0,1.0,5.749999999999997,0.034375,0.0
46,COPOC,LAC,0.030000000000000027,0.9625,3.28125,2.28125,1.0,1.0,4.781249999999998,0.0375,0.0
46,COPOC,LAC,0.050000000000000044,0.9375,2.8375,1.8375,1.05,2.0,4.462499999999998,0.065625,0.0
46,COPOC,LAC,0.07999999999999996,0.9,2.51875,1.51875,1.03125,2.0,4.096875000000002,0.103125,0.0
46,COPOC,LAC,0.09999999999999998,0.86875,2.378125,1.378125,1.0476190476190477,2.0,4.128125,0.1375,0.0
46,COPOC,LAC,0.13,0.85,2.26875,1.26875,1.0625,2.0,3.7206730769230765,0.159375,0.0
46,COPOC,LAC,0.15000000000000002,0.821875,2.10625,1.109375,1.1228070175438596,4.0,3.734375,0.2,0.0
46,COPOC,LAC,0.18000000000000005,0.803125,1.9125,0.91875,1.1746031746031746,4.0,3.384027777777777,0.23125,0.0
46,COPOC,LAC,0.19999999999999996,0.775,1.76875,0.78125,1.2638888888888888,4.0,3.4375,0.284375,0.0
47,COPOC,min-CPS,0.010000000000000009,0.996875,3.965625,2.965625,1.0,1.0,3.5906249999999993,0.003125,0.0
47,COPOC,min-CPS,0.020000000000000018,0.984375,3.58125,2.58125,1.0,1.0,4.143749999999999,0.015625,0.0
47,COPOC,min-CPS,0.030000000000000027,0.9625,3.3375,2.3375,1.0,1.0,4.837499999999998,0.0375,0.0
47,COPOC,min-CPS,0.050000000000000044,0.946875,2.984375,1.984375,1.0,1.0,4.109374999999998,0.053125,0.0
47,COPOC,min-CPS,0.07999999999999996,0.921875,2.8,1.8,1.0,1.0,3.7531250000000016,0.078125,0.0
47,COPOC,min-CPS,0.09999999999999998,0.8875,2.6375,1.6375,1.0,1.0,3.8875,0.1125,0.0
47,COPOC,min-CPS,0.13,0.84375,2.321875,1.321875,1.0,1.0,3.725721153846153,0.15625,0.0
47,COPOC,min-CPS,0.15000000000000002,0.825,2.253125,1.253125,1.0,1.0,3.586458333333333,0.175,0.0
47,COPOC,min-CPS,0.18000000000000005,0.79375,2.115625,1.115625,1.0151515151515151,2.0,3.442013888888888,0.209375,0.0
47,COPOC,min-CPS,0.19999999999999996,0.771875,1.98125,0.98125,1.0273972602739727,2.0,3.325,0.234375,0.0
47,COPOC,RPS,0.010000000000000009,1.0,4.05625,3.05625,,0.0,3.05625,0.0,0.0
47,COPOC,RPS,0.020000000000000018,0.9875,3.453125,2.453125,1.0,1.0,3.7031249999999987,0.0125,0.0
47,COPOC,RPS,0.030000000000000027,0.975,3.240625,2.240625,1.0,1.0,3.9072916666666657,0.025,0.0
47,COPOC,RPS,0.050000000000000044,0.959375,2.953125,1.953125,1.0,1.0,3.5781249999999987,0.040625,0.0
47,COPOC,RPS,0.07999999999999996,0.91875,2.40625,1.40625,1.0,1.0,3.4375000000000013,0.08125,0.0
47,COPOC,RPS,0.09999999999999998,0.88125,2.021875,1.021875,1.0,1.0,3.396875,0.11875,0.0
47,COPOC,RPS,0.13,0.865625,1.95,0.95,1.0,1.0,3.017307692307692,0.134375,0.0
47,COPOC,RPS,0.15000000000000002,0.853125,1.85,0.85,1.0,1.0,2.808333333333333,0.146875,0.0
47,COPOC,RPS,0.18000000000000005,0.81875,1.73125,0.73125,1.0,1.0,2.7451388888888886,0.18125,0.0
47,COPOC,RPS,0.19999999999999996,0.8,1.684375,0.684375,1.0,1.0,2.684375,0.2,0.0
47,COPOC,OCDF,0.010000000000000009,0.990625,4.7625,3.7625,1.0,1.0,5.637499999999998,0.009375,0.0
47,COPOC,OCDF,0.020000000000000018,0.984375,4.553125,3.553125,1.0,1.0,5.115624999999999,0.015625,0.0
47,COPOC,OCDF,0.030000000000000027,0.978125,4.20625,3.20625,1.1428571428571428,2.0,4.872916666666666,0.025,0.0
47,COPOC,OCDF,0.050000000000000044,0.965625,3.946875,2.946875,1.0909090909090908,2.0,4.446874999999999,0.0375,0.0
47,COPOC,OCDF,0.07999999999999996,0.909375,3.584375,2.584375,1.0689655172413792,2.0,5.006250000000001,0.096875,0.0
47,COPOC,OCDF,0.09999999999999998,0.8875,3.41875,2.41875,1.0555555555555556,2.0,4.79375,0.11875,0.0
47,COPOC,OCDF,0.13,0.853125,3.253125,2.253125,1.0638297872340425,2.0,4.656971153846153,0.15625,0.0
47,COPOC,OCDF,0.15000000000000002,0.80625,3.0625,2.0625,1.0806451612903225,2.0,4.854166666666666,0.209375,0.0
47,COPOC,OCDF,0.18000000000000005,0.746875,2.88125,1.88125,1.0740740740740742,2.0,4.902083333333333,0.271875,0.0
47,COPOC,OCDF,0.19999999999999996,0.70625,2.740625,1.740625,1.0638297872340425,2.0,4.865625,0.3125,0.0
47,COPOC,APS,0.010000000000000009,0.99375,3.925,2.925,1.0,1.0,4.174999999999999,0.00625,0.0
47,COPOC,APS,0.020000000000000018,0.975,3.578125,2.578125,1.0,1.0,5.078124999999998,0.025,0.0
47,COPOC,APS,0.030000000000000027,0.975,3.484375,2.484375,1.0,1.0,4.151041666666666,0.025,0.0
47,COPOC,APS,0.050000000000000044,0.953125,3.05625,2.05625,1.0,1.0,3.9312499999999986,0.046875,0.0
47,COPOC,APS,0.07999999999999996,0.91875,2.703125,1.703125,1.0,1.0,3.7343750000000013,0.08125,0.0
47,COPOC,APS,0.09999999999999998,0.878125,2.315625,1.315625,1.0,1.0,3.753125,0.121875,0.0
47,COPOC,APS,0.13,0.84375,2.053125,1.05625,1.06,4.0,3.5081730769230774,0.165625,0.0
47,COPOC,APS,0.15000000000000002,0.81875,1.925,0.93125,1.1206896551724137,4.0,3.43125,0.203125,0.0
47,COPOC,APS,0.18000000000000005,0.759375,1.75,0.75625,1.0909090909090908,4.0,3.499305555555555,0.2625,0.0
47,COPOC,APS,0.19999999999999996,0.740625,1.7,0.70625,1.0963855421686748,4.0,3.39375,0.284375,0.0
47,COPOC,LAC,0.010000000000000009,0.996875,3.965625,2.965625,1.0,1.0,3.5906249999999993,0.003125,0.0
47,COPOC,LAC,0.020000000000000018,0.990625,3.63125,2.63125,1.0,1.0,3.5687499999999988,0.009375,0.0
47,COPOC,LAC,0.030000000000000027,0.978125,3.371875,2.371875,1.0,1.0,3.8302083333333328,0.021875,0.0
47,COPOC,LAC,0.050000000000000044,0.946875,2.946875,1.946875,1.0,1.0,4.071874999999999,0.053125,0.0
47,COPOC,LAC,0.07999999999999996,0.925,2.64375,1.64375,1.0,1.0,3.5187500000000016,0.075,0.0
47,COPOC,LAC,0.09999999999999998,0.90625,2.453125,1.453125,1.0,1.0,3.328125,0.09375,0.0
47,COPOC,LAC,0.13,0.859375,2.246875,1.246875,1.0,1.0,3.4103365384615385,0.140625,0.0
47,COPOC,LAC,0.15000000000000002,0.821875,2.084375,1.084375,1.0175438596491229,2.0,3.5010416666666666,0.18125,0.0
47,COPOC,LAC,0.18000000000000005,0.790625,1.871875,0.871875,1.0298507462686568,2.0,3.2677083333333328,0.215625,0.0
47,COPOC,LAC,0.19999999999999996,0.775,1.803125,0.80625,1.0694444444444444,4.0,3.18125,0.240625,0.0
48,COPOC,min-CPS,0.010000000000000009,0.996875,3.975,2.975,1.0,1.0,3.599999999999999,0.003125,0.0
48,COPOC,min-CPS,0.020000000000000018,0.98125,3.575,2.575,1.0,1.0,4.449999999999998,0.01875,0.0
48,COPOC,min-CPS,0.030000000000000027,0.965625,3.4,2.4,1.0,1.0,4.691666666666665,0.034375,0.0
48,COPOC,min-CPS,0.050000000000000044,0.953125,3.040625,2.040625,1.0,1.0,3.9156249999999986,0.046875,0.0
48,COPOC,min-CPS,0.07999999999999996,0.9375,2.9,1.9,1.0,1.0,3.4625000000000012,0.0625,0.0
48,COPOC,min-CPS,0.09999999999999998,0.921875,2.74375,1.74375,1.0,1.0,3.30625,0.078125,0.0
48,COPOC,min-CPS,0.13,0.909375,2.6375,1.6375,1.0344827586206897,2.0,3.0798076923076927,0.09375,0.0
48,COPOC,min-CPS,0.15000000000000002,0.8875,2.4625,1.4625,1.0277777777777777,2.0,3.0041666666666664,0.115625,0.0
48,COPOC,min-CPS,0.18000000000000005,0.859375,2.253125,1.253125,1.0444444444444445,2.0,2.8850694444444445,0.146875,0.0
48,COPOC,min-CPS,0.19999999999999996,0.84375,2.190625,1.190625,1.06,2.0,2.846875,0.165625,0.0
48,COPOC,RPS,0.010000000000000009,0.990625,3.534375,2.534375,1.0,1.0,4.409374999999999,0.009375,0.0
48,COPOC,RPS,0.020000000000000018,0.971875,3.215625,2.215625,1.0,1.0,5.0281249999999975,0.028125,0.0
48,COPOC,RPS,0.030000000000000027,0.965625,3.140625,2.140625,1.0,1.0,4.432291666666665,0.034375,0.0
48,COPOC,RPS,0.050000000000000044,0.95,2.921875,1.921875,1.0,1.0,3.9218749999999987,0.05,0.0
48,COPOC,RPS,0.07999999999999996,0.925,2.515625,1.515625,1.0,1.0,3.3906250000000013,0.075,0.0
48,COPOC,RPS,0.09999999999999998,0.91875,2.2625,1.2625,1.0384615384615385,2.0,2.95,0.084375,0.0
48,COPOC,RPS,0.13,0.88125,1.95625,0.95625,1.0526315789473684,2.0,2.879326923076923,0.125,0.0
48,COPOC,RPS,0.15000000000000002,0.871875,1.89375,0.89375,1.048780487804878,2.0,2.6854166666666663,0.134375,0.0
48,COPOC,RPS,0.18000000000000005,0.85625,1.8,0.8,1.0434782608695652,2.0,2.4666666666666663,0.15,0.0
48,COPOC,RPS,0.19999999999999996,0.825,1.690625,0.690625,1.0357142857142858,2.0,2.503125,0.18125,0.0
48,COPOC,OCDF,0.010000000000000009,0.99375,4.79375,3.79375,1.0,1.0,5.043749999999998,0.00625,0.0
48,COPOC,OCDF,0.020000000000000018,0.9875,4.68125,3.68125,1.0,1.0,4.931249999999999,0.0125,0.0
48,COPOC,OCDF,0.030000000000000027,0.984375,4.284375,3.284375,1.2,2.0,4.534374999999999,0.01875,0.0
48,COPOC,OCDF,0.050000000000000044,0.946875,3.8875,2.8875,1.0588235294117647,2.0,5.137499999999998,0.05625,0.0
48,COPOC,OCDF,0.07999999999999996,0.909375,3.68125,2.68125,1.0344827586206897,2.0,5.025000000000001,0.09375,0.0
48,COPOC,OCDF,0.09999999999999998,0.8875,3.49375,2.49375,1.0555555555555556,2.0,4.86875,0.11875,0.0
48,COPOC,OCDF,0.13,0.853125,3.296875,2.296875,1.0638297872340425,2.0,4.700721153846154,0.15625,0.0
48,COPOC,OCDF,0.15000000000000002,0.846875,3.225,2.225,1.0612244897959184,2.0,4.391666666666667,0.1625,0.0
48,COPOC,OCDF,0.18000000000000005,0.821875,3.0875,2.0875,1.087719298245614,2.0,4.240277777777777,0.19375,0.0
48,COPOC,OCDF,0.19999999999999996,0.78125,2.95,1.95,1.0714285714285714,2.0,4.29375,0.234375,0.0
48,COPOC,APS,0.010000000000000009,1.0,4.459375,3.459375,,0.0,3.459375,0.0,0.0
48,COPOC,APS,0.020000000000000018,0.98125,3.74375,2.74375,1.0,1.0,4.618749999999999,0.01875,0.0
48,COPOC,APS,0.030000000000000027,0.975,3.44375,2.44375,1.0,1.0,4.110416666666666,0.025,0.0
48,COPOC,APS,0.050000000000000044,0.946875,3.05625,2.05625,1.0,1.0,4.181249999999999,0.053125,0.0
48,COPOC,APS,0.07999999999999996,0.940625,2.771875,1.771875,1.0,1.0,3.2562500000000014,0.059375,0.0
48,COPOC,APS,0.09999999999999998,0.9125,2.55,1.55,1.0,1.0,3.3,0.0875,0.0
48,COPOC,APS,0.13,0.9,2.325,1.325,1.0,1.0,2.8634615384615385,0.1,0.0
48,COPOC,APS,0.15000000000000002,0.8875,2.1375,1.1375,1.0277777777777777,2.0,2.6791666666666663,0.115625,0.0
48,COPOC,APS,0.18000000000000005,0.85,1.940625,0.940625,1.0625,2.0,2.711458333333333,0.159375,0.0
48,COPOC,APS,0.19999999999999996,0.81875,1.859375,0.859375,1.0517241379310345,2.0,2.765625,0.190625,0.0
48,COPOC,LAC,0.010000000000000009,0.996875,3.95625,2.95625,1.0,1.0,3.5812499999999994,0.003125,0.0
48,COPOC,LAC,0.020000000000000018,0.98125,3.45,2.45,1.0,1.0,4.324999999999998,0.01875,0.0
48,COPOC,LAC,0.030000000000000027,0.9625,3.309375,2.309375,1.0,1.0,4.809374999999998,0.0375,0.0
48,COPOC,LAC,0.050000000000000044,0.953125,3.0625,2.0625,1.0,1.0,3.9374999999999987,0.046875,0.0
48,COPOC,LAC,0.07999999999999996,0.915625,2.671875,1.671875,1.0,1.0,3.7812500000000013,0.084375,0.0
48,COPOC,LAC,0.09999999999999998,0.915625,2.509375,1.509375,1.0,1.0,3.196875,0.084375,0.0
48,COPOC,LAC,0.13,0.88125,2.371875,1.371875,1.0,1.0,3.198798076923077,0.11875,0.0
48,COPOC,LAC,0.15000000000000002,0.86875,2.296875,1.296875,1.0,1.0,3.046875,0.13125,0.0
48,COPOC,LAC,0.18000000000000005,0.853125,2.10625,1.109375,1.127659574468085,4.0,2.914930555555555,0.165625,0.0
48,COPOC,LAC,0.19999999999999996,0.803125,1.821875,0.8375,1.3015873015873016,4.0,3.18125,0.25625,0.0
49,COPOC,min-CPS,0.010000000000000009,0.984375,3.859375,2.859375,1.0,1.0,5.984374999999997,0.015625,0.0
49,COPOC,min-CPS,0.020000000000000018,0.98125,3.575,2.575,1.0,1.0,4.449999999999998,0.01875,0.0
49,COPOC,min-CPS,0.030000000000000027,0.978125,3.4,2.4,1.0,1.0,3.858333333333333,0.021875,0.0
49,COPOC,min-CPS,0.050000000000000044,0.96875,3.23125,2.23125,1.1,2.0,3.6062499999999984,0.034375,0.0
49,COPOC,min-CPS,0.07999999999999996,0.925,2.796875,1.796875,1.0416666666666667,2.0,3.7500000000000013,0.078125,0.0
49,COPOC,min-CPS,0.09999999999999998,0.915625,2.74375,1.74375,1.037037037037037,2.0,3.49375,0.0875,0.0
49,COPOC,min-CPS,0.13,0.875,2.5375,1.5375,1.025,2.0,3.508653846153847,0.128125,0.0
49,COPOC,min-CPS,0.15000000000000002,0.865625,2.33125,1.33125,1.0232558139534884,2.0,3.1645833333333333,0.1375,0.0
49,COPOC,min-CPS,0.18000000000000005,0.85625,2.215625,1.215625,1.0434782608695652,2.0,2.8822916666666663,0.15,0.0
49,COPOC,min-CPS,0.19999999999999996,0.81875,2.1125,1.1125,1.0689655172413792,2.0,3.05,0.19375,0.0
49,COPOC,RPS,0.010000000000000009,0.996875,3.65,2.65,1.0,1.0,3.2749999999999995,0.003125,0.0
49,COPOC,RPS,0.020000000000000018,0.984375,3.321875,2.321875,1.0,1.0,3.8843749999999986,0.015625,0.0
49,COPOC,RPS,0.030000000000000027,0.98125,3.225,2.225,1.0,1.0,3.474999999999999,0.01875,0.0
49,COPOC,RPS,0.050000000000000044,0.95625,2.98125,1.98125,1.0,1.0,3.7312499999999984,0.04375,0.0
49,COPOC,RPS,0.07999999999999996,0.9375,2.56875,1.56875,1.05,2.0,3.2093750000000014,0.065625,0.0
49,COPOC,RPS,0.09999999999999998,0.921875,2.284375,1.284375,1.04,2.0,2.909375,0.08125,0.0
49,COPOC,RPS,0.13,0.903125,1.971875,0.971875,1.032258064516129,2.0,2.510336538461538,0.1,0.0
49,COPOC,RPS,0.15000000000000002,0.878125,1.8875,0.8875,1.0256410256410255,2.0,2.5541666666666663,0.125,0.0
49,COPOC,RPS,0.18000000000000005,0.859375,1.80625,0.80625,1.0222222222222221,2.0,2.403472222222222,0.14375,0.0
49,COPOC,RPS,0.19999999999999996,0.81875,1.696875,0.696875,1.0172413793103448,2.0,2.5406250000000004,0.184375,0.0
49,COPOC,OCDF,0.010000000000000009,0.996875,4.80625,3.80625,1.0,1.0,4.4312499999999995,0.003125,0.0
49,COPOC,OCDF,0.020000000000000018,0.9875,4.7125,3.7125,1.0,1.0,4.962499999999999,0.0125,0.0
49,COPOC,OCDF,0.030000000000000027,0.9875,4.409375,3.409375,1.0,1.0,4.242708333333333,0.0125,0.0
49,COPOC,OCDF,0.050000000000000044,0.978125,4.090625,3.090625,1.0,1.0,3.965625,0.021875,0.0
49,COPOC,OCDF,0.07999999999999996,0.9375,3.775,2.775,1.0,1.0,4.337500000000001,0.0625,0.0
49,COPOC,OCDF,0.09999999999999998,0.903125,3.54375,2.54375,1.032258064516129,2.0,4.54375,0.1,0.0
49,COPOC,OCDF,0.13,0.875,3.384375,2.384375,1.025,2.0,4.355528846153847,0.128125,0.0
49,COPOC,OCDF,0.15000000000000002,0.8625,3.278125,2.278125,1.0454545454545454,2.0,4.194791666666665,0.14375,0.0
49,COPOC,OCDF,0.18000000000000005,0.840625,3.171875,2.171875,1.0392156862745099,2.0,4.012152777777777,0.165625,0.0
49,COPOC,OCDF,0.19999999999999996,0.784375,2.98125,1.98125,1.0434782608695652,2.0,4.23125,0.225,0.0
49,COPOC,APS,0.010000000000000009,0.99375,4.253125,3.253125,1.0,1.0,4.503124999999999,0.00625,0.0
49,COPOC,APS,0.020000000000000018,0.98125,3.665625,2.665625,1.0,1.0,4.540624999999999,0.01875,0.0
49,COPOC,APS,0.030000000000000027,0.978125,3.490625,2.490625,1.0,1.0,3.9489583333333327,0.021875,0.0
49,COPOC,APS,0.050000000000000044,0.959375,3.053125,2.053125,1.0769230769230769,2.0,3.8031249999999988,0.04375,0.0
49,COPOC,APS,0.07999999999999996,0.921875,2.640625,1.640625,1.04,2.0,3.6718750000000013,0.08125,0.0
49,COPOC,APS,0.09999999999999998,0.9125,2.503125,1.503125,1.0357142857142858,2.0,3.315625,0.090625,0.0
49,COPOC,APS,0.13,0.903125,2.303125,1.303125,1.032258064516129,2.0,2.841586538461539,0.1,0.0
49,COPOC,APS,0.15000000000000002,0.896875,2.190625,1.190625,1.0303030303030303,2.0,2.6072916666666663,0.10625,0.0
49,COPOC,APS,0.18000000000000005,0.875,2.025,1.028125,1.1,4.0,2.451736111111111,0.1375,0.0
49,COPOC,APS,0.19999999999999996,0.859375,1.9375,0.940625,1.0888888888888888,4.0,2.378125,0.153125,0.0
49,COPOC,LAC,0.010000000000000009,0.984375,3.678125,2.678125,1.0,1.0,5.803124999999997,0.015625,0.0
49,COPOC,LAC,0.020000000000000018,0.978125,3.45,2.45,1.0,1.0,4.637499999999998,0.021875,0.0
49,COPOC,LAC,0.030000000000000027,0.975,3.34375,2.34375,1.0,1.0,4.010416666666666,0.025,0.0
49,COPOC,LAC,0.050000000000000044,0.959375,3.0875,2.0875,1.0769230769230769,2.0,3.8374999999999986,0.04375,0.0
49,COPOC,LAC,0.07999999999999996,0.928125,2.678125,1.678125,1.0434782608695652,2.0,3.5531250000000014,0.075,0.0
49,COPOC,LAC,0.09999999999999998,0.903125,2.446875,1.446875,1.032258064516129,2.0,3.446875,0.1,0.0
49,COPOC,LAC,0.13,0.88125,2.33125,1.33125,1.0263157894736843,2.0,3.20625,0.121875,0.0
49,COPOC,LAC,0.15000000000000002,0.85625,2.1625,1.1625,1.065217391304348,2.0,3.2041666666666666,0.153125,0.0
49,COPOC,LAC,0.18000000000000005,0.840625,2.0375,1.040625,1.1176470588235294,4.0,2.9503472222222213,0.178125,0.0
49,COPOC,LAC,0.19999999999999996,0.803125,1.796875,0.80625,1.2063492063492063,4.0,2.99375,0.2375,0.0
0,CrossEntropyLoss,min-CPS,0.010000000000000009,0.99375,4.878125,3.878125,1.0,1.0,5.128124999999999,0.00625,0.0
0,CrossEntropyLoss,min-CPS,0.020000000000000018,0.9875,4.384375,3.384375,1.0,1.0,4.634374999999999,0.0125,0.0
0,CrossEntropyLoss,min-CPS,0.030000000000000027,0.9875,4.04375,3.04375,1.0,1.0,3.8770833333333328,0.0125,0.0
0,CrossEntropyLoss,min-CPS,0.050000000000000044,0.965625,3.24375,2.24375,1.0,1.0,3.6187499999999986,0.034375,0.0
0,CrossEntropyLoss,min-CPS,0.07999999999999996,0.93125,2.725,1.725,1.0,1.0,3.4437500000000014,0.06875,0.0
0,CrossEntropyLoss,min-CPS,0.09999999999999998,0.9,2.3375,1.3375,1.03125,2.0,3.4,0.103125,0.0
0,CrossEntropyLoss,min-CPS,0.13,0.86875,2.0125,1.0125,1.0714285714285714,2.0,3.175961538461538,0.140625,0.0
0,CrossEntropyLoss,min-CPS,0.15000000000000002,0.846875,1.95,0.95,1.0612244897959184,2.0,3.1166666666666663,0.1625,0.0
0,CrossEntropyLoss,min-CPS,0.18000000000000005,0.81875,1.8875,0.8875,1.0517241379310345,2.0,3.005555555555555,0.190625,0.0
0,CrossEntropyLoss,min-CPS,0.19999999999999996,0.796875,1.871875,0.871875,1.0461538461538462,2.0,2.996875,0.2125,0.0
0,CrossEntropyLoss,RPS,0.010000000000000009,0.990625,3.759375,2.759375,1.0,1.0,4.634374999999999,0.009375,0.0
0,CrossEntropyLoss,RPS,0.020000000000000018,0.990625,3.675,2.675,1.0,1.0,3.6124999999999994,0.009375,0.0
0,CrossEntropyLoss,RPS,0.030000000000000027,0.978125,3.2375,2.2375,1.0,1.0,3.695833333333333,0.021875,0.0
0,CrossEntropyLoss,RPS,0.050000000000000044,0.971875,2.803125,1.803125,1.0,1.0,2.928124999999999,0.028125,0.0
0,CrossEntropyLoss,RPS,0.07999999999999996,0.93125,2.33125,1.33125,1.0,1.0,3.050000000000001,0.06875,0.0
0,CrossEntropyLoss,RPS,0.09999999999999998,0.9,2.15625,1.15625,1.03125,2.0,3.21875,0.103125,0.0
0,CrossEntropyLoss,RPS,0.13,0.88125,1.925,0.925,1.0263157894736843,2.0,2.8,0.121875,0.0
0,CrossEntropyLoss,RPS,0.15000000000000002,0.8375,1.80625,0.80625,1.0192307692307692,2.0,3.014583333333333,0.165625,0.0
0,CrossEntropyLoss,RPS,0.18000000000000005,0.809375,1.70625,0.70625,1.0491803278688525,2.0,2.928472222222222,0.2,0.0
0,CrossEntropyLoss,RPS,0.19999999999999996,0.778125,1.596875,0.596875,1.0422535211267605,2.0,2.9093750000000003,0.23125,0.0
0,CrossEntropyLoss,OCDF,0.010000000000000009,0.990625,4.703125,3.703125,1.0,1.0,5.578124999999998,0.009375,0.0
0,CrossEntropyLoss,OCDF,0.020000000000000018,0.990625,4.66875,3.66875,1.0,1.0,4.606249999999998,0.009375,0.0
0,CrossEntropyLoss,OCDF,0.030000000000000027,0.9875,4.596875,3.596875,1.0,1.0,4.430208333333333,0.0125,0.0
0,CrossEntropyLoss,OCDF,0.050000000000000044,0.95,3.896875,2.896875,1.0,1.0,4.896874999999999,0.05,0.0
0,CrossEntropyLoss,OCDF,0.07999999999999996,0.9125,3.46875,2.46875,1.0,1.0,4.656250000000002,0.0875,0.0
0,CrossEntropyLoss,OCDF,0.09999999999999998,0.890625,3.14375,2.14375,1.0,1.0,4.33125,0.109375,0.0
0,CrossEntropyLoss,OCDF,0.13,0.86875,2.94375,1.94375,1.0238095238095237,2.0,4.011057692307692,0.134375,0.0
0,CrossEntropyLoss,OCDF,0.15000000000000002,0.865625,2.8625,1.8625,1.0232558139534884,2.0,3.695833333333333,0.1375,0.0
0,CrossEntropyLoss,OCDF,0.18000000000000005,0.84375,2.71875,1.71875,1.02,2.0,3.489583333333333,0.159375,0.0
0,CrossEntropyLoss,OCDF,0.19999999999999996,0.809375,2.56875,1.56875,1.0163934426229508,2.0,3.50625,0.19375,0.0
0,CrossEntropyLoss,APS,0.010000000000000009,1.0,4.815625,3.815625,,0.0,3.815625,0.0,0.0
0,CrossEntropyLoss,APS,0.020000000000000018,0.990625,4.45625,3.45625,1.0,1.0,4.393749999999999,0.009375,0.0
0,CrossEntropyLoss,APS,0.030000000000000027,0.984375,3.8,2.8,1.0,1.0,3.841666666666666,0.015625,0.0
0,CrossEntropyLoss,APS,0.050000000000000044,0.959375,3.171875,2.171875,1.0,1.0,3.7968749999999987,0.040625,0.0
0,CrossEntropyLoss,APS,0.07999999999999996,0.921875,2.625,1.625,1.04,2.0,3.6562500000000013,0.08125,0.0
0,CrossEntropyLoss,APS,0.09999999999999998,0.8875,2.2375,1.2375,1.0277777777777777,2.0,3.55,0.115625,0.0
0,CrossEntropyLoss,APS,0.13,0.840625,2.003125,1.00625,1.0784313725490196,4.0,3.602403846153846,0.171875,0.0
0,CrossEntropyLoss,APS,0.15000000000000002,0.81875,1.871875,0.875,1.0689655172413792,4.0,3.4166666666666665,0.19375,0.0
0,CrossEntropyLoss,APS,0.18000000000000005,0.796875,1.796875,0.8,1.0615384615384615,4.0,3.1611111111111105,0.215625,0.0
0,CrossEntropyLoss,APS,0.19999999999999996,0.784375,1.721875,0.728125,1.1159420289855073,4.0,3.009375,0.240625,0.0
0,CrossEntropyLoss,LAC,0.010000000000000009,0.99375,4.828125,3.828125,1.0,1.0,5.078124999999998,0.00625,0.0
0,CrossEntropyLoss,LAC,0.020000000000000018,0.9875,4.559375,3.559375,1.0,1.0,4.809374999999998,0.0125,0.0
0,CrossEntropyLoss,LAC,0.030000000000000027,0.984375,4.2125,3.2125,1.0,1.0,4.2541666666666655,0.015625,0.0
0,CrossEntropyLoss,LAC,0.050000000000000044,0.9625,3.33125,2.33125,1.0,1.0,3.8312499999999985,0.0375,0.0
0,CrossEntropyLoss,LAC,0.07999999999999996,0.93125,2.390625,1.390625,1.0,1.0,3.109375000000001,0.06875,0.0
0,CrossEntropyLoss,LAC,0.09999999999999998,0.9,2.146875,1.146875,1.0,1.0,3.146875,0.1,0.0
0,CrossEntropyLoss,LAC,0.13,0.8625,1.81875,0.81875,1.0227272727272727,2.0,2.9822115384615384,0.140625,0.0
0,CrossEntropyLoss,LAC,0.15000000000000002,0.8375,1.66875,0.66875,1.0192307692307692,2.0,2.877083333333333,0.165625,0.0
0,CrossEntropyLoss,LAC,0.18000000000000005,0.8,1.578125,0.578125,1.015625,2.0,2.8350694444444438,0.203125,0.0
0,CrossEntropyLoss,LAC,0.19999999999999996,0.765625,1.515625,0.515625,1.0133333333333334,2.0,2.8906250000000004,0.2375,0.0
1,CrossEntropyLoss,min-CPS,0.010000000000000009,0.99375,4.796875,3.796875,1.0,1.0,5.046874999999998,0.00625,0.0
1,CrossEntropyLoss,min-CPS,0.020000000000000018,0.978125,3.990625,2.990625,1.0,1.0,5.178124999999999,0.021875,0.0
1,CrossEntropyLoss,min-CPS,0.030000000000000027,0.95625,3.30625,2.30625,1.0,1.0,5.222916666666665,0.04375,0.0
1,CrossEntropyLoss,min-CPS,0.050000000000000044,0.940625,3.053125,2.053125,1.0526315789473684,2.0,4.553124999999998,0.0625,0.0
1,CrossEntropyLoss,min-CPS,0.07999999999999996,0.93125,2.684375,1.684375,1.0454545454545454,2.0,3.4812500000000015,0.071875,0.0
1,CrossEntropyLoss,min-CPS,0.09999999999999998,0.9125,2.3125,1.3125,1.0714285714285714,2.0,3.1875,0.09375,0.0
1,CrossEntropyLoss,min-CPS,0.13,0.89375,2.0875,1.0875,1.0588235294117647,2.0,2.8182692307692307,0.1125,0.0
1,CrossEntropyLoss,min-CPS,0.15000000000000002,0.859375,1.94375,0.94375,1.0666666666666667,2.0,2.94375,0.15,0.0
1,CrossEntropyLoss,min-CPS,0.18000000000000005,0.83125,1.909375,0.909375,1.0555555555555556,2.0,2.888541666666666,0.178125,0.0
1,CrossEntropyLoss,min-CPS,0.19999999999999996,0.821875,1.871875,0.871875,1.0701754385964912,2.0,2.778125,0.190625,0.0
1,CrossEntropyLoss,RPS,0.010000000000000009,0.990625,3.7375,2.7375,1.0,1.0,4.612499999999999,0.009375,0.0
1,CrossEntropyLoss,RPS,0.020000000000000018,0.984375,3.475,2.475,1.0,1.0,4.037499999999999,0.015625,0.0
1,CrossEntropyLoss,RPS,0.030000000000000027,0.96875,3.13125,2.13125,1.0,1.0,4.214583333333332,0.03125,0.0
1,CrossEntropyLoss,RPS,0.050000000000000044,0.940625,2.603125,1.603125,1.0,1.0,3.9781249999999977,0.059375,0.0
1,CrossEntropyLoss,RPS,0.07999999999999996,0.9125,2.253125,1.253125,1.0,1.0,3.4406250000000016,0.0875,0.0
1,CrossEntropyLoss,RPS,0.09999999999999998,0.89375,2.06875,1.06875,1.0294117647058822,2.0,3.25625,0.109375,0.0
1,CrossEntropyLoss,RPS,0.13,0.8875,1.953125,0.953125,1.0555555555555556,2.0,2.7800480769230766,0.11875,0.0
1,CrossEntropyLoss,RPS,0.15000000000000002,0.86875,1.834375,0.834375,1.0476190476190477,2.0,2.667708333333333,0.1375,0.0
1,CrossEntropyLoss,RPS,0.18000000000000005,0.8375,1.7375,0.7375,1.0384615384615385,2.0,2.6125,0.16875,0.0
1,CrossEntropyLoss,RPS,0.19999999999999996,0.8125,1.659375,0.659375,1.05,2.0,2.628125,0.196875,0.0
1,CrossEntropyLoss,OCDF,0.010000000000000009,0.978125,4.60625,3.60625,1.0,1.0,7.9812499999999975,0.021875,0.0
1,CrossEntropyLoss,OCDF,0.020000000000000018,0.975,4.56875,3.56875,1.0,1.0,6.068749999999998,0.025,0.0
1,CrossEntropyLoss,OCDF,0.030000000000000027,0.965625,4.31875,3.31875,1.0,1.0,5.610416666666666,0.034375,0.0
1,CrossEntropyLoss,OCDF,0.050000000000000044,0.946875,3.83125,2.83125,1.0,1.0,4.956249999999999,0.053125,0.0
1,CrossEntropyLoss,OCDF,0.07999999999999996,0.928125,3.49375,2.49375,1.0,1.0,4.290625000000001,0.071875,0.0
1,CrossEntropyLoss,OCDF,0.09999999999999998,0.9125,3.35,2.35,1.0,1.0,4.1,0.0875,0.0
1,CrossEntropyLoss,OCDF,0.13,0.875,2.928125,1.928125,1.0,1.0,3.8512019230769234,0.125,0.0
1,CrossEntropyLoss,OCDF,0.15000000000000002,0.85,2.746875,1.746875,1.0,1.0,3.746875,0.15,0.0
1,CrossEntropyLoss,OCDF,0.18000000000000005,0.83125,2.634375,1.634375,1.0,1.0,3.5093749999999995,0.16875,0.0
1,CrossEntropyLoss,OCDF,0.19999999999999996,0.803125,2.45,1.45,1.0317460317460319,2.0,3.48125,0.203125,0.0
1,CrossEntropyLoss,APS,0.010000000000000009,0.990625,4.5,3.5,1.0,1.0,5.374999999999998,0.009375,0.0
1,CrossEntropyLoss,APS,0.020000000000000018,0.98125,4.065625,3.065625,1.0,1.0,4.940624999999999,0.01875,0.0
1,CrossEntropyLoss,APS,0.030000000000000027,0.9625,3.378125,2.378125,1.0,1.0,4.878124999999998,0.0375,0.0
1,CrossEntropyLoss,APS,0.050000000000000044,0.934375,2.9,1.9,1.0476190476190477,2.0,4.649999999999998,0.06875,0.0
1,CrossEntropyLoss,APS,0.07999999999999996,0.928125,2.646875,1.646875,1.0869565217391304,2.0,3.6000000000000014,0.078125,0.0
1,CrossEntropyLoss,APS,0.09999999999999998,0.9,2.284375,1.284375,1.0625,2.0,3.409375,0.10625,0.0
1,CrossEntropyLoss,APS,0.13,0.865625,2.021875,1.021875,1.0465116279069768,2.0,3.1853365384615384,0.140625,0.0
1,CrossEntropyLoss,APS,0.15000000000000002,0.83125,1.903125,0.90625,1.0925925925925926,4.0,3.3229166666666665,0.184375,0.0
1,CrossEntropyLoss,APS,0.18000000000000005,0.803125,1.775,0.78125,1.126984126984127,4.0,3.1076388888888884,0.221875,0.0
1,CrossEntropyLoss,APS,0.19999999999999996,0.771875,1.6625,0.66875,1.1095890410958904,4.0,3.075,0.253125,0.0
1,CrossEntropyLoss,LAC,0.010000000000000009,0.990625,4.740625,3.740625,1.0,1.0,5.615624999999999,0.009375,0.0
1,CrossEntropyLoss,LAC,0.020000000000000018,0.984375,4.3375,3.3375,1.0,1.0,4.899999999999999,0.015625,0.0
1,CrossEntropyLoss,LAC,0.030000000000000027,0.9625,3.625,2.625,1.0,1.0,5.124999999999998,0.0375,0.0
1,CrossEntropyLoss,LAC,0.050000000000000044,0.953125,3.171875,2.171875,1.0,1.0,4.046874999999998,0.046875,0.0
1,CrossEntropyLoss,LAC,0.07999999999999996,0.921875,2.35,1.35,1.0,1.0,3.3031250000000014,0.078125,0.0
1,CrossEntropyLoss,LAC,0.09999999999999998,0.89375,2.01875,1.01875,1.0588235294117647,2.0,3.26875,0.1125,0.0
1,CrossEntropyLoss,LAC,0.13,0.8875,1.903125,0.903125,1.0555555555555556,2.0,2.730048076923077,0.11875,0.0
1,CrossEntropyLoss,LAC,0.15000000000000002,0.86875,1.765625,0.765625,1.0476190476190477,2.0,2.598958333333333,0.1375,0.0
1,CrossEntropyLoss,LAC,0.18000000000000005,0.85,1.6625,0.6625,1.0416666666666667,2.0,2.398611111111111,0.15625,0.0
1,CrossEntropyLoss,LAC,0.19999999999999996,0.815625,1.56875,0.56875,1.0338983050847457,2.0,2.475,0.190625,0.0
2,CrossEntropyLoss,min-CPS,0.010000000000000009,1.0,4.875,3.875,,0.0,3.875,0.0,0.0
2,CrossEntropyLoss,min-CPS,0.020000000000000018,0.99375,4.63125,3.63125,1.0,1.0,4.25625,0.00625,0.0
2,CrossEntropyLoss,min-CPS,0.030000000000000027,0.965625,3.490625,2.490625,1.0,1.0,4.782291666666665,0.034375,0.0
2,CrossEntropyLoss,min-CPS,0.050000000000000044,0.94375,3.015625,2.015625,1.0,1.0,4.265624999999998,0.05625,0.0
2,CrossEntropyLoss,min-CPS,0.07999999999999996,0.928125,2.65,1.65,1.0,1.0,3.4468750000000012,0.071875,0.0
2,CrossEntropyLoss,min-CPS,0.09999999999999998,0.921875,2.334375,1.334375,1.04,2.0,2.959375,0.08125,0.0
2,CrossEntropyLoss,min-CPS,0.13,0.89375,2.084375,1.084375,1.0294117647058822,2.0,2.767067307692307,0.109375,0.0
2,CrossEntropyLoss,min-CPS,0.15000000000000002,0.8875,1.95,0.95,1.0555555555555556,2.0,2.533333333333333,0.11875,0.0
2,CrossEntropyLoss,min-CPS,0.18000000000000005,0.85625,1.9,0.9,1.0434782608695652,2.0,2.566666666666666,0.15,0.0
2,CrossEntropyLoss,min-CPS,0.19999999999999996,0.775,1.834375,0.834375,1.0416666666666667,2.0,3.178125,0.234375,0.0
2,CrossEntropyLoss,RPS,0.010000000000000009,0.996875,3.871875,2.871875,1.0,1.0,3.4968749999999993,0.003125,0.0
2,CrossEntropyLoss,RPS,0.020000000000000018,0.99375,3.71875,2.71875,1.0,1.0,3.343749999999999,0.00625,0.0
2,CrossEntropyLoss,RPS,0.030000000000000027,0.971875,3.14375,2.14375,1.0,1.0,4.018749999999999,0.028125,0.0
2,CrossEntropyLoss,RPS,0.050000000000000044,0.94375,2.58125,1.58125,1.0,1.0,3.8312499999999985,0.05625,0.0
2,CrossEntropyLoss,RPS,0.07999999999999996,0.925,2.3,1.3,1.0,1.0,3.175000000000001,0.075,0.0
2,CrossEntropyLoss,RPS,0.09999999999999998,0.9125,2.209375,1.209375,1.0,1.0,2.959375,0.0875,0.0
2,CrossEntropyLoss,RPS,0.13,0.896875,1.975,0.975,1.0303030303030303,2.0,2.6096153846153842,0.10625,0.0
2,CrossEntropyLoss,RPS,0.15000000000000002,0.884375,1.89375,0.89375,1.027027027027027,2.0,2.4770833333333333,0.11875,0.0
2,CrossEntropyLoss,RPS,0.18000000000000005,0.85,1.790625,0.790625,1.0208333333333333,2.0,2.4920138888888888,0.153125,0.0
2,CrossEntropyLoss,RPS,0.19999999999999996,0.828125,1.715625,0.715625,1.0363636363636364,2.0,2.496875,0.178125,0.0
2,CrossEntropyLoss,OCDF,0.010000000000000009,0.996875,4.734375,3.734375,1.0,1.0,4.359374999999999,0.003125,0.0
2,CrossEntropyLoss,OCDF,0.020000000000000018,0.99375,4.671875,3.671875,1.0,1.0,4.296874999999999,0.00625,0.0
2,CrossEntropyLoss,OCDF,0.030000000000000027,0.9625,4.275,3.275,1.0,1.0,5.774999999999999,0.0375,0.0
2,CrossEntropyLoss,OCDF,0.050000000000000044,0.953125,3.8875,2.8875,1.0,1.0,4.762499999999998,0.046875,0.0
2,CrossEntropyLoss,OCDF,0.07999999999999996,0.95,3.703125,2.703125,1.0,1.0,3.953125000000001,0.05,0.0
2,CrossEntropyLoss,OCDF,0.09999999999999998,0.91875,3.325,2.325,1.0,1.0,3.95,0.08125,0.0
2,CrossEntropyLoss,OCDF,0.13,0.88125,2.934375,1.934375,1.0,1.0,3.7612980769230773,0.11875,0.0
2,CrossEntropyLoss,OCDF,0.15000000000000002,0.853125,2.7125,1.7125,1.0,1.0,3.670833333333333,0.146875,0.0
2,CrossEntropyLoss,OCDF,0.18000000000000005,0.809375,2.528125,1.528125,1.0163934426229508,2.0,3.680902777777777,0.19375,0.0
2,CrossEntropyLoss,OCDF,0.19999999999999996,0.7625,2.371875,1.371875,1.0263157894736843,2.0,3.809375,0.24375,0.0
2,CrossEntropyLoss,APS,0.010000000000000009,1.0,4.840625,3.840625,,0.0,3.840625,0.0,0.0
2,CrossEntropyLoss,APS,0.020000000000000018,0.99375,4.39375,3.39375,1.0,1.0,4.018749999999999,0.00625,0.0
2,CrossEntropyLoss,APS,0.030000000000000027,0.978125,3.8,2.8,1.0,1.0,4.258333333333333,0.021875,0.0
2,CrossEntropyLoss,APS,0.050000000000000044,0.91875,2.74375,1.74375,1.0384615384615385,2.0,5.118749999999997,0.084375,0.0
2,CrossEntropyLoss,APS,0.07999999999999996,0.903125,2.415625,1.415625,1.032258064516129,2.0,3.9156250000000012,0.1,0.0
2,CrossEntropyLoss,APS,0.09999999999999998,0.884375,2.18125,1.18125,1.027027027027027,2.0,3.55625,0.11875,0.0
2,CrossEntropyLoss,APS,0.13,0.86875,1.99375,0.99375,1.0238095238095237,2.0,3.061057692307692,0.134375,0.0
2,CrossEntropyLoss,APS,0.15000000000000002,0.853125,1.903125,0.90625,1.0851063829787233,4.0,2.9062499999999996,0.159375,0.0
2,CrossEntropyLoss,APS,0.18000000000000005,0.81875,1.79375,0.796875,1.0689655172413792,4.0,2.8454861111111107,0.19375,0.0
2,CrossEntropyLoss,APS,0.19999999999999996,0.803125,1.696875,0.7,1.0634920634920635,4.0,2.7,0.209375,0.0
2,CrossEntropyLoss,LAC,0.010000000000000009,1.0,4.8625,3.8625,,0.0,3.8625,0.0,0.0
2,CrossEntropyLoss,LAC,0.020000000000000018,0.99375,4.534375,3.534375,1.0,1.0,4.159374999999999,0.00625,0.0
2,CrossEntropyLoss,LAC,0.030000000000000027,0.971875,3.921875,2.921875,1.0,1.0,4.796874999999998,0.028125,0.0
2,CrossEntropyLoss,LAC,0.050000000000000044,0.940625,2.703125,1.703125,1.0,1.0,4.078124999999998,0.059375,0.0
2,CrossEntropyLoss,LAC,0.07999999999999996,0.928125,2.365625,1.365625,1.0,1.0,3.1625000000000005,0.071875,0.0
2,CrossEntropyLoss,LAC,0.09999999999999998,0.915625,2.25625,1.25625,1.0,1.0,2.94375,0.084375,0.0
2,CrossEntropyLoss,LAC,0.13,0.89375,1.928125,0.928125,1.0294117647058822,2.0,2.610817307692307,0.109375,0.0
2,CrossEntropyLoss,LAC,0.15000000000000002,0.871875,1.79375,0.79375,1.024390243902439,2.0,2.54375,0.13125,0.0
2,CrossEntropyLoss,LAC,0.18000000000000005,0.834375,1.6625,0.6625,1.0188679245283019,2.0,2.5374999999999996,0.16875,0.0
2,CrossEntropyLoss,LAC,0.19999999999999996,0.815625,1.603125,0.603125,1.0169491525423728,2.0,2.478125,0.1875,0.0
3,CrossEntropyLoss,min-CPS,0.010000000000000009,0.99375,4.85625,3.85625,1.0,1.0,5.106249999999998,0.00625,0.0
3,CrossEntropyLoss,min-CPS,0.020000000000000018,0.9875,4.359375,3.359375,1.0,1.0,4.609374999999998,0.0125,0.0
3,CrossEntropyLoss,min-CPS,0.030000000000000027,0.98125,3.778125,2.778125,1.0,1.0,4.028124999999999,0.01875,0.0
3,CrossEntropyLoss,min-CPS,0.050000000000000044,0.940625,3.03125,2.03125,1.0526315789473684,2.0,4.531249999999998,0.0625,0.0
3,CrossEntropyLoss,min-CPS,0.07999999999999996,0.934375,2.721875,1.721875,1.0476190476190477,2.0,3.4406250000000016,0.06875,0.0
3,CrossEntropyLoss,min-CPS,0.09999999999999998,0.90625,2.340625,1.340625,1.0666666666666667,2.0,3.340625,0.1,0.0
3,CrossEntropyLoss,min-CPS,0.13,0.884375,2.071875,1.071875,1.054054054054054,2.0,2.946875,0.121875,0.0
3,CrossEntropyLoss,min-CPS,0.15000000000000002,0.840625,1.90625,0.90625,1.0588235294117647,2.0,3.15625,0.16875,0.0
3,CrossEntropyLoss,min-CPS,0.18000000000000005,0.821875,1.8625,0.8625,1.0526315789473684,2.0,2.945833333333333,0.1875,0.0
3,CrossEntropyLoss,min-CPS,0.19999999999999996,0.81875,1.846875,0.846875,1.0689655172413792,2.0,2.784375,0.19375,0.0
3,CrossEntropyLoss,RPS,0.010000000000000009,0.990625,3.746875,2.746875,1.0,1.0,4.621874999999998,0.009375,0.0
3,CrossEntropyLoss,RPS,0.020000000000000018,0.9875,3.50625,2.50625,1.0,1.0,3.7562499999999988,0.0125,0.0
3,CrossEntropyLoss,RPS,0.030000000000000027,0.978125,3.234375,2.234375,1.0,1.0,3.692708333333333,0.021875,0.0
3,CrossEntropyLoss,RPS,0.050000000000000044,0.95625,2.6625,1.6625,1.0,1.0,3.4124999999999988,0.04375,0.0
3,CrossEntropyLoss,RPS,0.07999999999999996,0.940625,2.403125,1.403125,1.0,1.0,2.8875000000000006,0.059375,0.0
3,CrossEntropyLoss,RPS,0.09999999999999998,0.90625,2.225,1.225,1.0,1.0,3.1,0.09375,0.0
3,CrossEntropyLoss,RPS,0.13,0.88125,1.9125,0.9125,1.0526315789473684,2.0,2.835576923076923,0.125,0.0
3,CrossEntropyLoss,RPS,0.15000000000000002,0.859375,1.815625,0.815625,1.0444444444444445,2.0,2.7739583333333333,0.146875,0.0
3,CrossEntropyLoss,RPS,0.18000000000000005,0.8125,1.65625,0.65625,1.05,2.0,2.843749999999999,0.196875,0.0
3,CrossEntropyLoss,RPS,0.19999999999999996,0.790625,1.575,0.575,1.044776119402985,2.0,2.7625,0.21875,0.0
3,CrossEntropyLoss,OCDF,0.010000000000000009,0.996875,4.74375,3.74375,1.0,1.0,4.3687499999999995,0.003125,0.0
3,CrossEntropyLoss,OCDF,0.020000000000000018,0.978125,4.5625,3.5625,1.0,1.0,5.749999999999998,0.021875,0.0
3,CrossEntropyLoss,OCDF,0.030000000000000027,0.971875,4.4,3.4,1.0,1.0,5.274999999999999,0.028125,0.0
3,CrossEntropyLoss,OCDF,0.050000000000000044,0.95625,3.984375,2.984375,1.0,1.0,4.734374999999998,0.04375,0.0
3,CrossEntropyLoss,OCDF,0.07999999999999996,0.903125,3.4375,2.4375,1.0,1.0,4.859375000000002,0.096875,0.0
3,CrossEntropyLoss,OCDF,0.09999999999999998,0.875,3.065625,2.065625,1.0,1.0,4.565625,0.125,0.0
3,CrossEntropyLoss,OCDF,0.13,0.840625,2.83125,1.83125,1.0,1.0,4.2831730769230765,0.159375,0.0
3,CrossEntropyLoss,OCDF,0.15000000000000002,0.83125,2.71875,1.71875,1.0,1.0,3.96875,0.16875,0.0
3,CrossEntropyLoss,OCDF,0.18000000000000005,0.81875,2.646875,1.646875,1.0,1.0,3.6607638888888885,0.18125,0.0
3,CrossEntropyLoss,OCDF,0.19999999999999996,0.803125,2.521875,1.521875,1.0158730158730158,2.0,3.521875,0.2,0.0
3,CrossEntropyLoss,APS,0.010000000000000009,0.990625,4.55,3.55,1.0,1.0,5.424999999999999,0.009375,0.0
3,CrossEntropyLoss,APS,0.020000000000000018,0.9875,4.328125,3.328125,1.0,1.0,4.578124999999998,0.0125,0.0
3,CrossEntropyLoss,APS,0.030000000000000027,0.96875,3.55625,2.55625,1.0,1.0,4.6395833333333325,0.03125,0.0
3,CrossEntropyLoss,APS,0.050000000000000044,0.953125,3.128125,2.128125,1.0666666666666667,2.0,4.128124999999999,0.05,0.0
3,CrossEntropyLoss,APS,0.07999999999999996,0.921875,2.65,1.65,1.08,2.0,3.7593750000000012,0.084375,0.0
3,CrossEntropyLoss,APS,0.09999999999999998,0.9125,2.396875,1.396875,1.0714285714285714,2.0,3.271875,0.09375,0.0
3,CrossEntropyLoss,APS,0.13,0.88125,2.103125,1.10625,1.131578947368421,4.0,3.077403846153846,0.134375,0.0
3,CrossEntropyLoss,APS,0.15000000000000002,0.871875,2.009375,1.0125,1.1219512195121952,4.0,2.8458333333333328,0.14375,0.0
3,CrossEntropyLoss,APS,0.18000000000000005,0.846875,1.89375,0.9,1.1428571428571428,4.0,2.740277777777777,0.175,0.0
3,CrossEntropyLoss,APS,0.19999999999999996,0.81875,1.79375,0.803125,1.1724137931034482,4.0,2.740625,0.2125,0.0
3,CrossEntropyLoss,LAC,0.010000000000000009,0.99375,4.815625,3.815625,1.0,1.0,5.065624999999999,0.00625,0.0
3,CrossEntropyLoss,LAC,0.020000000000000018,0.9875,4.525,3.525,1.0,1.0,4.774999999999999,0.0125,0.0
3,CrossEntropyLoss,LAC,0.030000000000000027,0.978125,4.034375,3.034375,1.0,1.0,4.492708333333333,0.021875,0.0
3,CrossEntropyLoss,LAC,0.050000000000000044,0.953125,3.121875,2.121875,1.0,1.0,3.9968749999999984,0.046875,0.0
3,CrossEntropyLoss,LAC,0.07999999999999996,0.940625,2.415625,1.415625,1.0,1.0,2.900000000000001,0.059375,0.0
3,CrossEntropyLoss,LAC,0.09999999999999998,0.90625,2.259375,1.259375,1.0333333333333334,2.0,3.196875,0.096875,0.0
3,CrossEntropyLoss,LAC,0.13,0.871875,1.8375,0.8375,1.048780487804878,2.0,2.904807692307692,0.134375,0.0
3,CrossEntropyLoss,LAC,0.15000000000000002,0.8625,1.753125,0.753125,1.0454545454545454,2.0,2.6697916666666663,0.14375,0.0
3,CrossEntropyLoss,LAC,0.18000000000000005,0.84375,1.65625,0.65625,1.04,2.0,2.461805555555555,0.1625,0.0
3,CrossEntropyLoss,LAC,0.19999999999999996,0.828125,1.60625,0.60625,1.0363636363636364,2.0,2.3875,0.178125,0.0
4,CrossEntropyLoss,min-CPS,0.010000000000000009,1.0,4.846875,3.846875,,0.0,3.846875,0.0,0.0
4,CrossEntropyLoss,min-CPS,0.020000000000000018,0.98125,4.040625,3.040625,1.0,1.0,4.915624999999999,0.01875,0.0
4,CrossEntropyLoss,min-CPS,0.030000000000000027,0.971875,3.575,2.575,1.0,1.0,4.449999999999998,0.028125,0.0
4,CrossEntropyLoss,min-CPS,0.050000000000000044,0.95625,3.0375,2.0375,1.0,1.0,3.7874999999999988,0.04375,0.0
4,CrossEntropyLoss,min-CPS,0.07999999999999996,0.91875,2.6,1.6,1.0384615384615385,2.0,3.7093750000000014,0.084375,0.0
4,CrossEntropyLoss,min-CPS,0.09999999999999998,0.896875,2.296875,1.296875,1.0606060606060606,2.0,3.484375,0.109375,0.0
4,CrossEntropyLoss,min-CPS,0.13,0.85,1.94375,0.94375,1.0625,2.0,3.395673076923076,0.159375,0.0
4,CrossEntropyLoss,min-CPS,0.15000000000000002,0.809375,1.878125,0.878125,1.0819672131147542,2.0,3.628125,0.20625,0.0
4,CrossEntropyLoss,min-CPS,0.18000000000000005,0.784375,1.825,0.825,1.0724637681159421,2.0,3.3944444444444444,0.23125,0.0
4,CrossEntropyLoss,min-CPS,0.19999999999999996,0.778125,1.796875,0.796875,1.0704225352112675,2.0,3.171875,0.2375,0.0
4,CrossEntropyLoss,RPS,0.010000000000000009,0.984375,3.71875,2.71875,1.0,1.0,5.843749999999997,0.015625,0.0
4,CrossEntropyLoss,RPS,0.020000000000000018,0.96875,3.221875,2.221875,1.0,1.0,5.346874999999997,0.03125,0.0
4,CrossEntropyLoss,RPS,0.030000000000000027,0.959375,2.93125,1.93125,1.0,1.0,4.639583333333332,0.040625,0.0
4,CrossEntropyLoss,RPS,0.050000000000000044,0.94375,2.596875,1.596875,1.0,1.0,3.8468749999999985,0.05625,0.0
4,CrossEntropyLoss,RPS,0.07999999999999996,0.91875,2.253125,1.253125,1.0,1.0,3.2843750000000016,0.08125,0.0
4,CrossEntropyLoss,RPS,0.09999999999999998,0.890625,2.028125,1.028125,1.0285714285714285,2.0,3.2781250000000006,0.1125,0.0
4,CrossEntropyLoss,RPS,0.13,0.865625,1.896875,0.896875,1.0465116279069768,2.0,3.060336538461538,0.140625,0.0
4,CrossEntropyLoss,RPS,0.15000000000000002,0.853125,1.828125,0.828125,1.0425531914893618,2.0,2.8697916666666665,0.153125,0.0
4,CrossEntropyLoss,RPS,0.18000000000000005,0.834375,1.75,0.75,1.0566037735849056,2.0,2.694444444444444,0.175,0.0
4,CrossEntropyLoss,RPS,0.19999999999999996,0.784375,1.6125,0.6125,1.0434782608695652,2.0,2.8625000000000003,0.225,0.0
4,CrossEntropyLoss,OCDF,0.010000000000000009,1.0,4.778125,3.778125,,0.0,3.778125,0.0,0.0
4,CrossEntropyLoss,OCDF,0.020000000000000018,0.996875,4.69375,3.69375,1.0,1.0,4.00625,0.003125,0.0
4,CrossEntropyLoss,OCDF,0.030000000000000027,0.978125,4.434375,3.434375,1.0,1.0,4.892708333333333,0.021875,0.0
4,CrossEntropyLoss,OCDF,0.050000000000000044,0.9625,4.115625,3.115625,1.0,1.0,4.615624999999999,0.0375,0.0
4,CrossEntropyLoss,OCDF,0.07999999999999996,0.9375,3.61875,2.61875,1.0,1.0,4.18125,0.0625,0.0
4,CrossEntropyLoss,OCDF,0.09999999999999998,0.93125,3.459375,2.459375,1.0,1.0,3.834375,0.06875,0.0
4,CrossEntropyLoss,OCDF,0.13,0.890625,3.00625,2.00625,1.0285714285714285,2.0,3.7370192307692305,0.1125,0.0
4,CrossEntropyLoss,OCDF,0.15000000000000002,0.8625,2.825,1.825,1.0227272727272727,2.0,3.7,0.140625,0.0
4,CrossEntropyLoss,OCDF,0.18000000000000005,0.81875,2.621875,1.621875,1.0344827586206897,2.0,3.7052083333333328,0.1875,0.0
4,CrossEntropyLoss,OCDF,0.19999999999999996,0.796875,2.459375,1.459375,1.0923076923076922,2.0,3.678125,0.221875,0.0
4,CrossEntropyLoss,APS,0.010000000000000009,1.0,4.83125,3.83125,,0.0,3.83125,0.0,0.0
4,CrossEntropyLoss,APS,0.020000000000000018,0.98125,4.11875,3.11875,1.0,1.0,4.993749999999999,0.01875,0.0
4,CrossEntropyLoss,APS,0.030000000000000027,0.971875,3.68125,2.68125,1.0,1.0,4.556249999999999,0.028125,0.0
4,CrossEntropyLoss,APS,0.050000000000000044,0.959375,3.25625,2.25625,1.0,1.0,3.8812499999999988,0.040625,0.0
4,CrossEntropyLoss,APS,0.07999999999999996,0.93125,2.64375,1.64375,1.0,1.0,3.3625000000000016,0.06875,0.0
4,CrossEntropyLoss,APS,0.09999999999999998,0.903125,2.403125,1.403125,1.032258064516129,2.0,3.403125,0.1,0.0
4,CrossEntropyLoss,APS,0.13,0.865625,2.090625,1.090625,1.069767441860465,2.0,3.3021634615384614,0.14375,0.0
4,CrossEntropyLoss,APS,0.15000000000000002,0.853125,2.003125,1.003125,1.0638297872340425,2.0,3.086458333333333,0.15625,0.0
4,CrossEntropyLoss,APS,0.18000000000000005,0.79375,1.746875,0.753125,1.1363636363636365,4.0,3.148958333333333,0.234375,0.0
4,CrossEntropyLoss,APS,0.19999999999999996,0.759375,1.63125,0.64375,1.1948051948051948,4.0,3.175,0.2875,0.0
4,CrossEntropyLoss,LAC,0.010000000000000009,1.0,4.821875,3.821875,,0.0,3.821875,0.0,0.0
4,CrossEntropyLoss,LAC,0.020000000000000018,0.9875,4.48125,3.48125,1.0,1.0,4.731249999999998,0.0125,0.0
4,CrossEntropyLoss,LAC,0.030000000000000027,0.971875,3.975,2.975,1.0,1.0,4.849999999999999,0.028125,0.0
4,CrossEntropyLoss,LAC,0.050000000000000044,0.95,2.946875,1.946875,1.0,1.0,3.9468749999999986,0.05,0.0
4,CrossEntropyLoss,LAC,0.07999999999999996,0.925,2.365625,1.365625,1.0,1.0,3.2406250000000014,0.075,0.0
4,CrossEntropyLoss,LAC,0.09999999999999998,0.89375,2.0,1.0,1.0294117647058822,2.0,3.1875,0.109375,0.0
4,CrossEntropyLoss,LAC,0.13,0.8625,1.81875,0.81875,1.0454545454545454,2.0,3.0302884615384613,0.14375,0.0
4,CrossEntropyLoss,LAC,0.15000000000000002,0.834375,1.703125,0.703125,1.0377358490566038,2.0,2.9947916666666665,0.171875,0.0
4,CrossEntropyLoss,LAC,0.18000000000000005,0.80625,1.60625,0.60625,1.032258064516129,2.0,2.8284722222222216,0.2,0.0
4,CrossEntropyLoss,LAC,0.19999999999999996,0.78125,1.553125,0.553125,1.042857142857143,2.0,2.834375,0.228125,0.0
5,CrossEntropyLoss,min-CPS,0.010000000000000009,0.984375,4.640625,3.640625,1.0,1.0,6.765624999999997,0.015625,0.0
5,CrossEntropyLoss,min-CPS,0.020000000000000018,0.971875,3.6625,2.6625,1.0,1.0,5.474999999999998,0.028125,0.0
5,CrossEntropyLoss,min-CPS,0.030000000000000027,0.96875,3.553125,2.553125,1.0,1.0,4.636458333333332,0.03125,0.0
5,CrossEntropyLoss,min-CPS,0.050000000000000044,0.946875,3.078125,2.078125,1.0,1.0,4.203124999999998,0.053125,0.0
5,CrossEntropyLoss,min-CPS,0.07999999999999996,0.91875,2.659375,1.659375,1.0384615384615385,2.0,3.7687500000000016,0.084375,0.0
5,CrossEntropyLoss,min-CPS,0.09999999999999998,0.9125,2.328125,1.328125,1.0714285714285714,2.0,3.203125,0.09375,0.0
5,CrossEntropyLoss,min-CPS,0.13,0.884375,2.06875,1.06875,1.054054054054054,2.0,2.94375,0.121875,0.0
5,CrossEntropyLoss,min-CPS,0.15000000000000002,0.88125,1.971875,0.971875,1.0789473684210527,2.0,2.680208333333333,0.128125,0.0
5,CrossEntropyLoss,min-CPS,0.18000000000000005,0.85,1.9375,0.9375,1.0833333333333333,2.0,2.7430555555555554,0.1625,0.0
5,CrossEntropyLoss,min-CPS,0.19999999999999996,0.815625,1.8875,0.8875,1.0847457627118644,2.0,2.8875,0.2,0.0
5,CrossEntropyLoss,RPS,0.010000000000000009,0.9875,3.74375,2.74375,1.0,1.0,5.243749999999998,0.0125,0.0
5,CrossEntropyLoss,RPS,0.020000000000000018,0.975,3.3125,2.3125,1.0,1.0,4.812499999999998,0.025,0.0
5,CrossEntropyLoss,RPS,0.030000000000000027,0.96875,3.15625,2.15625,1.0,1.0,4.239583333333331,0.03125,0.0
5,CrossEntropyLoss,RPS,0.050000000000000044,0.94375,2.6,1.6,1.0,1.0,3.849999999999998,0.05625,0.0
5,CrossEntropyLoss,RPS,0.07999999999999996,0.91875,2.28125,1.28125,1.0,1.0,3.3125000000000013,0.08125,0.0
5,CrossEntropyLoss,RPS,0.09999999999999998,0.90625,2.203125,1.203125,1.0,1.0,3.078125,0.09375,0.0
5,CrossEntropyLoss,RPS,0.13,0.8875,1.95625,0.95625,1.0555555555555556,2.0,2.7831730769230765,0.11875,0.0
5,CrossEntropyLoss,RPS,0.15000000000000002,0.8625,1.81875,0.81875,1.0454545454545454,2.0,2.7354166666666666,0.14375,0.0
5,CrossEntropyLoss,RPS,0.18000000000000005,0.85,1.76875,0.76875,1.0416666666666667,2.0,2.5048611111111105,0.15625,0.0
5,CrossEntropyLoss,RPS,0.19999999999999996,0.840625,1.728125,0.728125,1.0588235294117647,2.0,2.415625,0.16875,0.0
5,CrossEntropyLoss,OCDF,0.010000000000000009,0.990625,4.709375,3.709375,1.0,1.0,5.584374999999999,0.009375,0.0
5,CrossEntropyLoss,OCDF,0.020000000000000018,0.990625,4.675,3.675,1.0,1.0,4.612499999999999,0.009375,0.0
5,CrossEntropyLoss,OCDF,0.030000000000000027,0.984375,4.596875,3.596875,1.0,1.0,4.638541666666666,0.015625,0.0
5,CrossEntropyLoss,OCDF,0.050000000000000044,0.959375,4.103125,3.103125,1.0,1.0,4.728124999999999,0.040625,0.0
5,CrossEntropyLoss,OCDF,0.07999999999999996,0.934375,3.54375,2.54375,1.0,1.0,4.184375000000001,0.065625,0.0
5,CrossEntropyLoss,OCDF,0.09999999999999998,0.925,3.396875,2.396875,1.0,1.0,3.896875,0.075,0.0
5,CrossEntropyLoss,OCDF,0.13,0.884375,2.934375,1.934375,1.0,1.0,3.713221153846154,0.115625,0.0
5,CrossEntropyLoss,OCDF,0.15000000000000002,0.846875,2.675,1.675,1.0,1.0,3.7166666666666663,0.153125,0.0
5,CrossEntropyLoss,OCDF,0.18000000000000005,0.828125,2.59375,1.59375,1.0,1.0,3.5034722222222214,0.171875,0.0
5,CrossEntropyLoss,OCDF,0.19999999999999996,0.784375,2.396875,1.396875,1.0434782608695652,2.0,3.646875,0.225,0.0
5,CrossEntropyLoss,APS,0.010000000000000009,0.98125,4.26875,3.26875,1.0,1.0,7.018749999999997,0.01875,0.0
5,CrossEntropyLoss,APS,0.020000000000000018,0.965625,3.69375,2.69375,1.0,1.0,6.131249999999997,0.034375,0.0
5,CrossEntropyLoss,APS,0.030000000000000027,0.95625,3.20625,2.20625,1.0714285714285714,2.0,5.331249999999998,0.046875,0.0
5,CrossEntropyLoss,APS,0.050000000000000044,0.946875,2.88125,1.88125,1.0588235294117647,2.0,4.131249999999998,0.05625,0.0
5,CrossEntropyLoss,APS,0.07999999999999996,0.928125,2.63125,1.63125,1.0434782608695652,2.0,3.5062500000000014,0.075,0.0
5,CrossEntropyLoss,APS,0.09999999999999998,0.91875,2.5125,1.5125,1.0769230769230769,2.0,3.2625,0.0875,0.0
5,CrossEntropyLoss,APS,0.13,0.8875,2.184375,1.184375,1.0833333333333333,2.0,3.0593749999999997,0.121875,0.0
5,CrossEntropyLoss,APS,0.15000000000000002,0.86875,2.025,1.025,1.0714285714285714,2.0,2.9,0.140625,0.0
5,CrossEntropyLoss,APS,0.18000000000000005,0.840625,1.875,0.875,1.0588235294117647,2.0,2.749999999999999,0.16875,0.0
5,CrossEntropyLoss,APS,0.19999999999999996,0.815625,1.753125,0.75625,1.11864406779661,4.0,2.725,0.20625,0.0
5,CrossEntropyLoss,LAC,0.010000000000000009,0.984375,4.55625,3.55625,1.0,1.0,6.681249999999997,0.015625,0.0
5,CrossEntropyLoss,LAC,0.020000000000000018,0.965625,4.025,3.025,1.0,1.0,6.462499999999997,0.034375,0.0
5,CrossEntropyLoss,LAC,0.030000000000000027,0.965625,3.646875,2.646875,1.0,1.0,4.938541666666665,0.034375,0.0
5,CrossEntropyLoss,LAC,0.050000000000000044,0.95,2.978125,1.978125,1.0,1.0,3.9781249999999986,0.05,0.0
5,CrossEntropyLoss,LAC,0.07999999999999996,0.921875,2.378125,1.378125,1.0,1.0,3.3312500000000016,0.078125,0.0
5,CrossEntropyLoss,LAC,0.09999999999999998,0.90625,2.253125,1.253125,1.0333333333333334,2.0,3.190625,0.096875,0.0
5,CrossEntropyLoss,LAC,0.13,0.884375,1.9375,0.9375,1.054054054054054,2.0,2.8125,0.121875,0.0
5,CrossEntropyLoss,LAC,0.15000000000000002,0.871875,1.8125,0.8125,1.048780487804878,2.0,2.6041666666666665,0.134375,0.0
5,CrossEntropyLoss,LAC,0.18000000000000005,0.853125,1.69375,0.69375,1.0425531914893618,2.0,2.3951388888888885,0.153125,0.0
5,CrossEntropyLoss,LAC,0.19999999999999996,0.840625,1.6375,0.6375,1.0392156862745099,2.0,2.29375,0.165625,0.0
6,CrossEntropyLoss,min-CPS,0.010000000000000009,0.990625,4.775,3.775,1.0,1.0,5.649999999999999,0.009375,0.0
6,CrossEntropyLoss,min-CPS,0.020000000000000018,0.984375,4.3,3.3,1.0,1.0,4.862499999999999,0.015625,0.0
6,CrossEntropyLoss,min-CPS,0.030000000000000027,0.984375,3.8625,2.8625,1.0,1.0,3.904166666666666,0.015625,0.0
6,CrossEntropyLoss,min-CPS,0.050000000000000044,0.975,3.371875,2.371875,1.0,1.0,3.3718749999999993,0.025,0.0
6,CrossEntropyLoss,min-CPS,0.07999999999999996,0.934375,2.7625,1.7625,1.0476190476190477,2.0,3.4812500000000015,0.06875,0.0
6,CrossEntropyLoss,min-CPS,0.09999999999999998,0.915625,2.353125,1.353125,1.0740740740740742,2.0,3.165625,0.090625,0.0
6,CrossEntropyLoss,min-CPS,0.13,0.865625,1.984375,0.984375,1.069767441860465,2.0,3.195913461538461,0.14375,0.0
6,CrossEntropyLoss,min-CPS,0.15000000000000002,0.859375,1.959375,0.959375,1.0666666666666667,2.0,2.959375,0.15,0.0
6,CrossEntropyLoss,min-CPS,0.18000000000000005,0.840625,1.915625,0.915625,1.0588235294117647,2.0,2.7906249999999995,0.16875,0.0
6,CrossEntropyLoss,min-CPS,0.19999999999999996,0.81875,1.88125,0.88125,1.0517241379310345,2.0,2.7875,0.190625,0.0
6,CrossEntropyLoss,RPS,0.010000000000000009,0.990625,3.7625,2.7625,1.0,1.0,4.637499999999998,0.009375,0.0
6,CrossEntropyLoss,RPS,0.020000000000000018,0.990625,3.665625,2.665625,1.0,1.0,3.6031249999999986,0.009375,0.0
6,CrossEntropyLoss,RPS,0.030000000000000027,0.9875,3.403125,2.403125,1.0,1.0,3.2364583333333328,0.0125,0.0
6,CrossEntropyLoss,RPS,0.050000000000000044,0.95625,2.63125,1.63125,1.0,1.0,3.3812499999999988,0.04375,0.0
6,CrossEntropyLoss,RPS,0.07999999999999996,0.934375,2.365625,1.365625,1.0,1.0,3.006250000000001,0.065625,0.0
6,CrossEntropyLoss,RPS,0.09999999999999998,0.9125,2.234375,1.234375,1.0,1.0,2.984375,0.0875,0.0
6,CrossEntropyLoss,RPS,0.13,0.878125,1.934375,0.934375,1.0512820512820513,2.0,2.905528846153846,0.128125,0.0
6,CrossEntropyLoss,RPS,0.15000000000000002,0.85,1.828125,0.828125,1.0416666666666667,2.0,2.911458333333333,0.15625,0.0
6,CrossEntropyLoss,RPS,0.18000000000000005,0.78125,1.653125,0.653125,1.042857142857143,2.0,3.1878472222222216,0.228125,0.0
6,CrossEntropyLoss,RPS,0.19999999999999996,0.76875,1.584375,0.584375,1.0405405405405406,2.0,2.990625,0.240625,0.0
6,CrossEntropyLoss,OCDF,0.010000000000000009,1.0,4.815625,3.815625,,0.0,3.815625,0.0,0.0
6,CrossEntropyLoss,OCDF,0.020000000000000018,0.990625,4.68125,3.68125,1.0,1.0,4.618749999999999,0.009375,0.0
6,CrossEntropyLoss,OCDF,0.030000000000000027,0.990625,4.609375,3.609375,1.0,1.0,4.234375,0.009375,0.0
6,CrossEntropyLoss,OCDF,0.050000000000000044,0.9625,4.225,3.225,1.0,1.0,4.724999999999999,0.0375,0.0
6,CrossEntropyLoss,OCDF,0.07999999999999996,0.94375,3.665625,2.665625,1.0,1.0,4.071875000000001,0.05625,0.0
6,CrossEntropyLoss,OCDF,0.09999999999999998,0.903125,3.246875,2.246875,1.0,1.0,4.184375,0.096875,0.0
6,CrossEntropyLoss,OCDF,0.13,0.878125,2.90625,1.90625,1.0,1.0,3.78125,0.121875,0.0
6,CrossEntropyLoss,OCDF,0.15000000000000002,0.865625,2.784375,1.784375,1.0,1.0,3.5760416666666663,0.134375,0.0
6,CrossEntropyLoss,OCDF,0.18000000000000005,0.81875,2.596875,1.596875,1.0172413793103448,2.0,3.6454861111111105,0.184375,0.0
6,CrossEntropyLoss,OCDF,0.19999999999999996,0.815625,2.5125,1.5125,1.0169491525423728,2.0,3.3875,0.1875,0.0
6,CrossEntropyLoss,APS,0.010000000000000009,0.996875,4.61875,3.61875,1.0,1.0,4.2437499999999995,0.003125,0.0
6,CrossEntropyLoss,APS,0.020000000000000018,0.984375,4.175,3.175,1.0,1.0,4.737499999999999,0.015625,0.0
6,CrossEntropyLoss,APS,0.030000000000000027,0.978125,3.778125,2.778125,1.0,1.0,4.236458333333333,0.021875,0.0
6,CrossEntropyLoss,APS,0.050000000000000044,0.959375,3.20625,2.20625,1.0769230769230769,2.0,3.9562499999999985,0.04375,0.0
6,CrossEntropyLoss,APS,0.07999999999999996,0.93125,2.796875,1.796875,1.0909090909090908,2.0,3.6718750000000013,0.075,0.0
6,CrossEntropyLoss,APS,0.09999999999999998,0.909375,2.375,1.375,1.0689655172413792,2.0,3.3125,0.096875,0.0
6,CrossEntropyLoss,APS,0.13,0.86875,2.1,1.103125,1.119047619047619,4.0,3.2185096153846153,0.146875,0.0
6,CrossEntropyLoss,APS,0.15000000000000002,0.840625,1.928125,0.93125,1.0980392156862746,4.0,3.139583333333333,0.175,0.0
6,CrossEntropyLoss,APS,0.18000000000000005,0.803125,1.784375,0.790625,1.126984126984127,4.0,3.047569444444444,0.221875,0.0
6,CrossEntropyLoss,APS,0.19999999999999996,0.78125,1.7125,0.728125,1.2428571428571429,4.0,3.071875,0.271875,0.0
6,CrossEntropyLoss,LAC,0.010000000000000009,0.990625,4.778125,3.778125,1.0,1.0,5.653124999999998,0.009375,0.0
6,CrossEntropyLoss,LAC,0.020000000000000018,0.9875,4.528125,3.528125,1.0,1.0,4.778124999999998,0.0125,0.0
6,CrossEntropyLoss,LAC,0.030000000000000027,0.984375,4.2125,3.2125,1.0,1.0,4.2541666666666655,0.015625,0.0
6,CrossEntropyLoss,LAC,0.050000000000000044,0.971875,3.55,2.55,1.0,1.0,3.6749999999999985,0.028125,0.0
6,CrossEntropyLoss,LAC,0.07999999999999996,0.940625,2.415625,1.415625,1.0,1.0,2.900000000000001,0.059375,0.0
6,CrossEntropyLoss,LAC,0.09999999999999998,0.921875,2.296875,1.296875,1.04,2.0,2.921875,0.08125,0.0
6,CrossEntropyLoss,LAC,0.13,0.8875,1.95625,0.95625,1.0555555555555556,2.0,2.783173076923077,0.11875,0.0
6,CrossEntropyLoss,LAC,0.15000000000000002,0.865625,1.8,0.8,1.0465116279069768,2.0,2.675,0.140625,0.0
6,CrossEntropyLoss,LAC,0.18000000000000005,0.840625,1.678125,0.678125,1.0392156862745099,2.0,2.5184027777777773,0.165625,0.0
6,CrossEntropyLoss,LAC,0.19999999999999996,0.81875,1.609375,0.609375,1.0344827586206897,2.0,2.484375,0.1875,0.0
7,CrossEntropyLoss,min-CPS,0.010000000000000009,0.99375,4.8625,3.8625,1.0,1.0,5.112499999999999,0.00625,0.0
7,CrossEntropyLoss,min-CPS,0.020000000000000018,0.975,3.853125,2.853125,1.0,1.0,5.353124999999998,0.025,0.0
7,CrossEntropyLoss,min-CPS,0.030000000000000027,0.978125,3.61875,2.61875,1.0,1.0,4.0770833333333325,0.021875,0.0
7,CrossEntropyLoss,min-CPS,0.050000000000000044,0.9375,3.09375,2.09375,1.05,2.0,4.718749999999997,0.065625,0.0
7,CrossEntropyLoss,min-CPS,0.07999999999999996,0.909375,2.44375,1.44375,1.0689655172413792,2.0,3.8656250000000014,0.096875,0.0
7,CrossEntropyLoss,min-CPS,0.09999999999999998,0.9,2.31875,1.31875,1.0625,2.0,3.44375,0.10625,0.0
7,CrossEntropyLoss,min-CPS,0.13,0.88125,2.040625,1.040625,1.0526315789473684,2.0,2.963701923076923,0.125,0.0
7,CrossEntropyLoss,min-CPS,0.15000000000000002,0.846875,1.928125,0.928125,1.0612244897959184,2.0,3.0947916666666666,0.1625,0.0
7,CrossEntropyLoss,min-CPS,0.18000000000000005,0.8125,1.875,0.875,1.0833333333333333,2.0,3.131944444444444,0.203125,0.0
7,CrossEntropyLoss,min-CPS,0.19999999999999996,0.8,1.865625,0.865625,1.078125,2.0,3.0218750000000005,0.215625,0.0
7,CrossEntropyLoss,RPS,0.010000000000000009,0.9875,3.765625,2.765625,1.0,1.0,5.265624999999998,0.0125,0.0
7,CrossEntropyLoss,RPS,0.020000000000000018,0.975,3.3,2.3,1.0,1.0,4.799999999999998,0.025,0.0
7,CrossEntropyLoss,RPS,0.030000000000000027,0.971875,3.159375,2.159375,1.0,1.0,4.034374999999999,0.028125,0.0
7,CrossEntropyLoss,RPS,0.050000000000000044,0.95625,2.653125,1.653125,1.0,1.0,3.4031249999999984,0.04375,0.0
7,CrossEntropyLoss,RPS,0.07999999999999996,0.91875,2.271875,1.271875,1.0,1.0,3.3031250000000014,0.08125,0.0
7,CrossEntropyLoss,RPS,0.09999999999999998,0.89375,2.078125,1.078125,1.0294117647058822,2.0,3.265625,0.109375,0.0
7,CrossEntropyLoss,RPS,0.13,0.88125,1.91875,0.91875,1.0526315789473684,2.0,2.8418269230769226,0.125,0.0
7,CrossEntropyLoss,RPS,0.15000000000000002,0.846875,1.8125,0.8125,1.0408163265306123,2.0,2.9374999999999996,0.159375,0.0
7,CrossEntropyLoss,RPS,0.18000000000000005,0.828125,1.7375,0.7375,1.0363636363636364,2.0,2.7166666666666663,0.178125,0.0
7,CrossEntropyLoss,RPS,0.19999999999999996,0.8125,1.690625,0.690625,1.05,2.0,2.659375,0.196875,0.0
7,CrossEntropyLoss,OCDF,0.010000000000000009,0.990625,4.709375,3.709375,1.0,1.0,5.584374999999999,0.009375,0.0
7,CrossEntropyLoss,OCDF,0.020000000000000018,0.978125,4.596875,3.596875,1.0,1.0,5.784374999999998,0.021875,0.0
7,CrossEntropyLoss,OCDF,0.030000000000000027,0.975,4.465625,3.465625,1.0,1.0,5.132291666666665,0.025,0.0
7,CrossEntropyLoss,OCDF,0.050000000000000044,0.95,3.90625,2.90625,1.0625,2.0,5.031249999999998,0.053125,0.0
7,CrossEntropyLoss,OCDF,0.07999999999999996,0.91875,3.50625,2.50625,1.0384615384615385,2.0,4.615625000000001,0.084375,0.0
7,CrossEntropyLoss,OCDF,0.09999999999999998,0.896875,3.215625,2.215625,1.0303030303030303,2.0,4.340625,0.10625,0.0
7,CrossEntropyLoss,OCDF,0.13,0.8625,2.85625,1.85625,1.0454545454545454,2.0,4.067788461538461,0.14375,0.0
7,CrossEntropyLoss,OCDF,0.15000000000000002,0.83125,2.671875,1.671875,1.037037037037037,2.0,4.005208333333333,0.175,0.0
7,CrossEntropyLoss,OCDF,0.18000000000000005,0.796875,2.51875,1.51875,1.0615384615384615,2.0,3.914583333333333,0.215625,0.0
7,CrossEntropyLoss,OCDF,0.19999999999999996,0.78125,2.421875,1.421875,1.0857142857142856,2.0,3.796875,0.2375,0.0
7,CrossEntropyLoss,APS,0.010000000000000009,0.99375,4.628125,3.628125,1.0,1.0,4.878124999999999,0.00625,0.0
7,CrossEntropyLoss,APS,0.020000000000000018,0.978125,3.975,2.975,1.0,1.0,5.162499999999999,0.021875,0.0
7,CrossEntropyLoss,APS,0.030000000000000027,0.971875,3.71875,2.71875,1.0,1.0,4.593749999999998,0.028125,0.0
7,CrossEntropyLoss,APS,0.050000000000000044,0.953125,3.275,2.275,1.0,1.0,4.149999999999999,0.046875,0.0
7,CrossEntropyLoss,APS,0.07999999999999996,0.921875,2.665625,1.665625,1.04,2.0,3.6968750000000012,0.08125,0.0
7,CrossEntropyLoss,APS,0.09999999999999998,0.903125,2.359375,1.359375,1.064516129032258,2.0,3.421875,0.103125,0.0
7,CrossEntropyLoss,APS,0.13,0.875,2.021875,1.021875,1.075,2.0,3.089182692307692,0.134375,0.0
7,CrossEntropyLoss,APS,0.15000000000000002,0.859375,1.95625,0.95625,1.0666666666666667,2.0,2.95625,0.15,0.0
7,CrossEntropyLoss,APS,0.18000000000000005,0.8125,1.7375,0.740625,1.1,4.0,2.9281249999999996,0.20625,0.0
7,CrossEntropyLoss,APS,0.19999999999999996,0.79375,1.675,0.678125,1.0909090909090908,4.0,2.834375,0.225,0.0
7,CrossEntropyLoss,LAC,0.010000000000000009,0.99375,4.828125,3.828125,1.0,1.0,5.078124999999998,0.00625,0.0
7,CrossEntropyLoss,LAC,0.020000000000000018,0.978125,4.28125,3.28125,1.0,1.0,5.468749999999998,0.021875,0.0
7,CrossEntropyLoss,LAC,0.030000000000000027,0.975,4.05625,3.05625,1.0,1.0,4.7229166666666655,0.025,0.0
7,CrossEntropyLoss,LAC,0.050000000000000044,0.959375,3.334375,2.334375,1.0,1.0,3.9593749999999988,0.040625,0.0
7,CrossEntropyLoss,LAC,0.07999999999999996,0.915625,2.359375,1.359375,1.0,1.0,3.4687500000000013,0.084375,0.0
7,CrossEntropyLoss,LAC,0.09999999999999998,0.896875,2.075,1.075,1.0606060606060606,2.0,3.2625,0.109375,0.0
7,CrossEntropyLoss,LAC,0.13,0.871875,1.85625,0.85625,1.048780487804878,2.0,2.923557692307692,0.134375,0.0
7,CrossEntropyLoss,LAC,0.15000000000000002,0.828125,1.665625,0.665625,1.0363636363636364,2.0,3.0406249999999995,0.178125,0.0
7,CrossEntropyLoss,LAC,0.18000000000000005,0.815625,1.609375,0.609375,1.0338983050847457,2.0,2.727430555555555,0.190625,0.0
7,CrossEntropyLoss,LAC,0.19999999999999996,0.79375,1.56875,0.56875,1.0303030303030303,2.0,2.69375,0.2125,0.0
8,CrossEntropyLoss,min-CPS,0.010000000000000009,0.9875,4.696875,3.696875,1.0,1.0,6.196874999999998,0.0125,0.0
8,CrossEntropyLoss,min-CPS,0.020000000000000018,0.971875,3.65625,2.65625,1.0,1.0,5.468749999999997,0.028125,0.0
8,CrossEntropyLoss,min-CPS,0.030000000000000027,0.9625,3.453125,2.453125,1.0,1.0,4.953124999999998,0.0375,0.0
8,CrossEntropyLoss,min-CPS,0.050000000000000044,0.946875,3.053125,2.053125,1.0,1.0,4.178124999999999,0.053125,0.0
8,CrossEntropyLoss,min-CPS,0.07999999999999996,0.928125,2.68125,1.68125,1.0434782608695652,2.0,3.5562500000000012,0.075,0.0
8,CrossEntropyLoss,min-CPS,0.09999999999999998,0.903125,2.3,1.3,1.064516129032258,2.0,3.3625,0.103125,0.0
8,CrossEntropyLoss,min-CPS,0.13,0.86875,1.990625,0.990625,1.0952380952380953,2.0,3.2021634615384613,0.14375,0.0
8,CrossEntropyLoss,min-CPS,0.15000000000000002,0.865625,1.921875,0.921875,1.0930232558139534,2.0,2.880208333333333,0.146875,0.0
8,CrossEntropyLoss,min-CPS,0.18000000000000005,0.8375,1.875,0.875,1.0961538461538463,2.0,2.8541666666666665,0.178125,0.0
8,CrossEntropyLoss,min-CPS,0.19999999999999996,0.79375,1.83125,0.83125,1.0757575757575757,2.0,3.05,0.221875,0.0
8,CrossEntropyLoss,RPS,0.010000000000000009,0.984375,3.709375,2.709375,1.0,1.0,5.834374999999997,0.015625,0.0
8,CrossEntropyLoss,RPS,0.020000000000000018,0.978125,3.375,2.375,1.0,1.0,4.562499999999998,0.021875,0.0
8,CrossEntropyLoss,RPS,0.030000000000000027,0.96875,3.140625,2.140625,1.0,1.0,4.223958333333332,0.03125,0.0
8,CrossEntropyLoss,RPS,0.050000000000000044,0.946875,2.609375,1.609375,1.0,1.0,3.7343749999999987,0.053125,0.0
8,CrossEntropyLoss,RPS,0.07999999999999996,0.93125,2.325,1.325,1.0,1.0,3.043750000000001,0.06875,0.0
8,CrossEntropyLoss,RPS,0.09999999999999998,0.90625,2.184375,1.184375,1.0,1.0,3.059375,0.09375,0.0
8,CrossEntropyLoss,RPS,0.13,0.878125,1.9125,0.9125,1.0512820512820513,2.0,2.883653846153846,0.128125,0.0
8,CrossEntropyLoss,RPS,0.15000000000000002,0.8625,1.828125,0.828125,1.0454545454545454,2.0,2.7447916666666665,0.14375,0.0
8,CrossEntropyLoss,RPS,0.18000000000000005,0.834375,1.725,0.725,1.0566037735849056,2.0,2.669444444444444,0.175,0.0
8,CrossEntropyLoss,RPS,0.19999999999999996,0.809375,1.634375,0.634375,1.0655737704918034,2.0,2.665625,0.203125,0.0
8,CrossEntropyLoss,OCDF,0.010000000000000009,0.9875,4.715625,3.715625,1.0,1.0,6.2156249999999975,0.0125,0.0
8,CrossEntropyLoss,OCDF,0.020000000000000018,0.975,4.565625,3.565625,1.0,1.0,6.065624999999999,0.025,0.0
8,CrossEntropyLoss,OCDF,0.030000000000000027,0.975,4.440625,3.440625,1.0,1.0,5.107291666666666,0.025,0.0
8,CrossEntropyLoss,OCDF,0.050000000000000044,0.953125,3.903125,2.903125,1.0,1.0,4.778124999999998,0.046875,0.0
8,CrossEntropyLoss,OCDF,0.07999999999999996,0.940625,3.609375,2.609375,1.0,1.0,4.093750000000002,0.059375,0.0
8,CrossEntropyLoss,OCDF,0.09999999999999998,0.9125,3.3375,2.3375,1.0,1.0,4.0875,0.0875,0.0
8,CrossEntropyLoss,OCDF,0.13,0.8875,2.940625,1.940625,1.0,1.0,3.6713942307692307,0.1125,0.0
8,CrossEntropyLoss,OCDF,0.15000000000000002,0.865625,2.78125,1.78125,1.0,1.0,3.5729166666666665,0.134375,0.0
8,CrossEntropyLoss,OCDF,0.18000000000000005,0.83125,2.621875,1.621875,1.0,1.0,3.4968749999999993,0.16875,0.0
8,CrossEntropyLoss,OCDF,0.19999999999999996,0.81875,2.525,1.525,1.0172413793103448,2.0,3.36875,0.184375,0.0
8,CrossEntropyLoss,APS,0.010000000000000009,0.98125,4.575,3.575,1.0,1.0,7.3249999999999975,0.01875,0.0
8,CrossEntropyLoss,APS,0.020000000000000018,0.96875,3.6125,2.6125,1.0,1.0,5.737499999999998,0.03125,0.0
8,CrossEntropyLoss,APS,0.030000000000000027,0.95,3.209375,2.209375,1.0,1.0,5.542708333333331,0.05,0.0
8,CrossEntropyLoss,APS,0.050000000000000044,0.934375,2.9375,1.9375,1.0952380952380953,2.0,4.812499999999998,0.071875,0.0
8,CrossEntropyLoss,APS,0.07999999999999996,0.909375,2.540625,1.540625,1.0689655172413792,2.0,3.9625000000000012,0.096875,0.0
8,CrossEntropyLoss,APS,0.09999999999999998,0.896875,2.378125,1.378125,1.0606060606060606,2.0,3.565625,0.109375,0.0
8,CrossEntropyLoss,APS,0.13,0.8625,1.959375,0.959375,1.0681818181818181,2.0,3.2189903846153847,0.146875,0.0
8,CrossEntropyLoss,APS,0.15000000000000002,0.840625,1.846875,0.846875,1.0784313725490196,2.0,3.1385416666666663,0.171875,0.0
8,CrossEntropyLoss,APS,0.18000000000000005,0.809375,1.728125,0.73125,1.1147540983606556,4.0,2.988194444444444,0.2125,0.0
8,CrossEntropyLoss,APS,0.19999999999999996,0.803125,1.696875,0.7,1.1111111111111112,4.0,2.79375,0.21875,0.0
8,CrossEntropyLoss,LAC,0.010000000000000009,0.99375,4.803125,3.803125,1.0,1.0,5.053124999999999,0.00625,0.0
8,CrossEntropyLoss,LAC,0.020000000000000018,0.959375,3.65,2.65,1.0,1.0,6.712499999999997,0.040625,0.0
8,CrossEntropyLoss,LAC,0.030000000000000027,0.95625,3.53125,2.53125,1.0,1.0,5.447916666666664,0.04375,0.0
8,CrossEntropyLoss,LAC,0.050000000000000044,0.946875,2.909375,1.909375,1.0,1.0,4.034374999999999,0.053125,0.0
8,CrossEntropyLoss,LAC,0.07999999999999996,0.93125,2.38125,1.38125,1.0,1.0,3.100000000000001,0.06875,0.0
8,CrossEntropyLoss,LAC,0.09999999999999998,0.903125,2.1875,1.1875,1.032258064516129,2.0,3.1875,0.1,0.0
8,CrossEntropyLoss,LAC,0.13,0.875,1.85625,0.85625,1.05,2.0,2.875480769230769,0.13125,0.0
8,CrossEntropyLoss,LAC,0.15000000000000002,0.846875,1.709375,0.709375,1.0408163265306123,2.0,2.834375,0.159375,0.0
8,CrossEntropyLoss,LAC,0.18000000000000005,0.83125,1.61875,0.61875,1.037037037037037,2.0,2.563194444444444,0.175,0.0
8,CrossEntropyLoss,LAC,0.19999999999999996,0.790625,1.53125,0.53125,1.0298507462686568,2.0,2.6875000000000004,0.215625,0.0
9,CrossEntropyLoss,min-CPS,0.010000000000000009,1.0,4.9,3.9,,0.0,3.9,0.0,0.0
9,CrossEntropyLoss,min-CPS,0.020000000000000018,0.996875,4.725,3.725,1.0,1.0,4.0375,0.003125,0.0
9,CrossEntropyLoss,min-CPS,0.030000000000000027,0.96875,3.55625,2.55625,1.0,1.0,4.6395833333333325,0.03125,0.0
9,CrossEntropyLoss,min-CPS,0.050000000000000044,0.940625,3.078125,2.078125,1.0,1.0,4.453124999999998,0.059375,0.0
9,CrossEntropyLoss,min-CPS,0.07999999999999996,0.928125,2.71875,1.71875,1.0,1.0,3.5156250000000013,0.071875,0.0
9,CrossEntropyLoss,min-CPS,0.09999999999999998,0.890625,2.25625,1.25625,1.0571428571428572,2.0,3.56875,0.115625,0.0
9,CrossEntropyLoss,min-CPS,0.13,0.846875,1.965625,0.965625,1.0612244897959184,2.0,3.465625,0.1625,0.0
9,CrossEntropyLoss,min-CPS,0.15000000000000002,0.825,1.915625,0.915625,1.0535714285714286,2.0,3.373958333333333,0.184375,0.0
9,CrossEntropyLoss,min-CPS,0.18000000000000005,0.8125,1.871875,0.871875,1.0666666666666667,2.0,3.0940972222222216,0.2,0.0
9,CrossEntropyLoss,min-CPS,0.19999999999999996,0.79375,1.85625,0.85625,1.0606060606060606,2.0,3.04375,0.21875,0.0
9,CrossEntropyLoss,RPS,0.010000000000000009,0.990625,3.746875,2.746875,1.0,1.0,4.621874999999998,0.009375,0.0
9,CrossEntropyLoss,RPS,0.020000000000000018,0.978125,3.396875,2.396875,1.0,1.0,4.584374999999999,0.021875,0.0
9,CrossEntropyLoss,RPS,0.030000000000000027,0.975,3.15625,2.15625,1.0,1.0,3.8229166666666656,0.025,0.0
9,CrossEntropyLoss,RPS,0.050000000000000044,0.95,2.653125,1.653125,1.0,1.0,3.6531249999999984,0.05,0.0
9,CrossEntropyLoss,RPS,0.07999999999999996,0.925,2.346875,1.346875,1.0,1.0,3.2218750000000016,0.075,0.0
9,CrossEntropyLoss,RPS,0.09999999999999998,0.9,2.16875,1.16875,1.03125,2.0,3.23125,0.103125,0.0
9,CrossEntropyLoss,RPS,0.13,0.878125,1.91875,0.91875,1.0512820512820513,2.0,2.889903846153846,0.128125,0.0
9,CrossEntropyLoss,RPS,0.15000000000000002,0.85,1.7875,0.7875,1.0416666666666667,2.0,2.8708333333333327,0.15625,0.0
9,CrossEntropyLoss,RPS,0.18000000000000005,0.81875,1.69375,0.69375,1.0517241379310345,2.0,2.811805555555555,0.190625,0.0
9,CrossEntropyLoss,RPS,0.19999999999999996,0.803125,1.6375,0.6375,1.0476190476190477,2.0,2.7,0.20625,0.0
9,CrossEntropyLoss,OCDF,0.010000000000000009,0.99375,4.74375,3.74375,1.0,1.0,4.993749999999999,0.00625,0.0
9,CrossEntropyLoss,OCDF,0.020000000000000018,0.990625,4.665625,3.665625,1.0,1.0,4.6031249999999995,0.009375,0.0
9,CrossEntropyLoss,OCDF,0.030000000000000027,0.978125,4.45625,3.45625,1.0,1.0,4.914583333333333,0.021875,0.0
9,CrossEntropyLoss,OCDF,0.050000000000000044,0.971875,4.190625,3.190625,1.0,1.0,4.315624999999999,0.028125,0.0
9,CrossEntropyLoss,OCDF,0.07999999999999996,0.953125,3.746875,2.746875,1.0666666666666667,2.0,3.9968750000000006,0.05,0.0
9,CrossEntropyLoss,OCDF,0.09999999999999998,0.946875,3.496875,2.496875,1.0588235294117647,2.0,3.621875,0.05625,0.0
9,CrossEntropyLoss,OCDF,0.13,0.9125,3.109375,2.109375,1.0357142857142858,2.0,3.503605769230769,0.090625,0.0
9,CrossEntropyLoss,OCDF,0.15000000000000002,0.903125,2.9875,1.9875,1.032258064516129,2.0,3.320833333333333,0.1,0.0
9,CrossEntropyLoss,OCDF,0.18000000000000005,0.86875,2.759375,1.759375,1.0238095238095237,2.0,3.2524305555555557,0.134375,0.0
9,CrossEntropyLoss,OCDF,0.19999999999999996,0.853125,2.6875,1.6875,1.0212765957446808,2.0,3.1875,0.15,0.0
9,CrossEntropyLoss,APS,0.010000000000000009,1.0,4.81875,3.81875,,0.0,3.81875,0.0,0.0
9,CrossEntropyLoss,APS,0.020000000000000018,0.99375,4.475,3.475,1.0,1.0,4.1,0.00625,0.0
9,CrossEntropyLoss,APS,0.030000000000000027,0.953125,3.45,2.45,1.0666666666666667,2.0,5.7833333333333306,0.05,0.0
9,CrossEntropyLoss,APS,0.050000000000000044,0.921875,2.765625,1.765625,1.08,2.0,5.140624999999997,0.084375,0.0
9,CrossEntropyLoss,APS,0.07999999999999996,0.91875,2.59375,1.59375,1.0769230769230769,2.0,3.7812500000000013,0.0875,0.0
9,CrossEntropyLoss,APS,0.09999999999999998,0.8875,2.315625,1.315625,1.0555555555555556,2.0,3.690625,0.11875,0.0
9,CrossEntropyLoss,APS,0.13,0.853125,2.065625,1.065625,1.0425531914893618,2.0,3.4213942307692307,0.153125,0.0
9,CrossEntropyLoss,APS,0.15000000000000002,0.8375,1.9625,0.9625,1.0384615384615385,2.0,3.2125,0.16875,0.0
9,CrossEntropyLoss,APS,0.18000000000000005,0.8125,1.846875,0.846875,1.0333333333333334,2.0,2.999652777777777,0.19375,0.0
9,CrossEntropyLoss,APS,0.19999999999999996,0.803125,1.7125,0.7125,1.0317460317460319,2.0,2.74375,0.203125,0.0
9,CrossEntropyLoss,LAC,0.010000000000000009,1.0,4.88125,3.88125,,0.0,3.88125,0.0,0.0
9,CrossEntropyLoss,LAC,0.020000000000000018,0.996875,4.71875,3.71875,1.0,1.0,4.03125,0.003125,0.0
9,CrossEntropyLoss,LAC,0.030000000000000027,0.959375,3.675,2.675,1.0,1.0,5.383333333333331,0.040625,0.0
9,CrossEntropyLoss,LAC,0.050000000000000044,0.946875,2.915625,1.915625,1.0,1.0,4.040624999999999,0.053125,0.0
9,CrossEntropyLoss,LAC,0.07999999999999996,0.921875,2.403125,1.403125,1.0,1.0,3.3562500000000015,0.078125,0.0
9,CrossEntropyLoss,LAC,0.09999999999999998,0.903125,2.246875,1.246875,1.0,1.0,3.184375,0.096875,0.0
9,CrossEntropyLoss,LAC,0.13,0.871875,1.859375,0.859375,1.048780487804878,2.0,2.926682692307692,0.134375,0.0
9,CrossEntropyLoss,LAC,0.15000000000000002,0.8625,1.76875,0.76875,1.0454545454545454,2.0,2.6854166666666663,0.14375,0.0
9,CrossEntropyLoss,LAC,0.18000000000000005,0.821875,1.6,0.6,1.0350877192982457,2.0,2.648611111111111,0.184375,0.0
9,CrossEntropyLoss,LAC,0.19999999999999996,0.809375,1.55625,0.55625,1.0327868852459017,2.0,2.5250000000000004,0.196875,0.0
10,CrossEntropyLoss,min-CPS,0.010000000000000009,0.98125,4.6375,3.6375,1.0,1.0,7.3874999999999975,0.01875,0.0
10,CrossEntropyLoss,min-CPS,0.020000000000000018,0.98125,4.071875,3.071875,1.0,1.0,4.946874999999999,0.01875,0.0
10,CrossEntropyLoss,min-CPS,0.030000000000000027,0.975,3.6,2.6,1.0,1.0,4.266666666666666,0.025,0.0
10,CrossEntropyLoss,min-CPS,0.050000000000000044,0.940625,3.05625,2.05625,1.0526315789473684,2.0,4.556249999999998,0.0625,0.0
10,CrossEntropyLoss,min-CPS,0.07999999999999996,0.90625,2.590625,1.590625,1.0666666666666667,2.0,4.090625000000001,0.1,0.0
10,CrossEntropyLoss,min-CPS,0.09999999999999998,0.90625,2.31875,1.31875,1.0666666666666667,2.0,3.31875,0.1,0.0
10,CrossEntropyLoss,min-CPS,0.13,0.903125,2.1375,1.1375,1.064516129032258,2.0,2.7240384615384614,0.103125,0.0
10,CrossEntropyLoss,min-CPS,0.15000000000000002,0.85625,1.9375,0.9375,1.0869565217391304,2.0,3.020833333333333,0.15625,0.0
10,CrossEntropyLoss,min-CPS,0.18000000000000005,0.834375,1.91875,0.91875,1.0754716981132075,2.0,2.8979166666666663,0.178125,0.0
10,CrossEntropyLoss,min-CPS,0.19999999999999996,0.81875,1.878125,0.878125,1.0689655172413792,2.0,2.815625,0.19375,0.0
10,CrossEntropyLoss,RPS,0.010000000000000009,0.9875,3.725,2.725,1.0,1.0,5.224999999999998,0.0125,0.0
10,CrossEntropyLoss,RPS,0.020000000000000018,0.9875,3.540625,2.540625,1.0,1.0,3.7906249999999986,0.0125,0.0
10,CrossEntropyLoss,RPS,0.030000000000000027,0.984375,3.309375,2.309375,1.0,1.0,3.351041666666666,0.015625,0.0
10,CrossEntropyLoss,RPS,0.050000000000000044,0.95,2.63125,1.63125,1.0,1.0,3.6312499999999988,0.05,0.0
10,CrossEntropyLoss,RPS,0.07999999999999996,0.91875,2.290625,1.290625,1.0,1.0,3.3218750000000012,0.08125,0.0
10,CrossEntropyLoss,RPS,0.09999999999999998,0.890625,2.04375,1.04375,1.0571428571428572,2.0,3.35625,0.115625,0.0
10,CrossEntropyLoss,RPS,0.13,0.878125,1.921875,0.921875,1.0512820512820513,2.0,2.893028846153846,0.128125,0.0
10,CrossEntropyLoss,RPS,0.15000000000000002,0.86875,1.834375,0.834375,1.0476190476190477,2.0,2.667708333333333,0.1375,0.0
10,CrossEntropyLoss,RPS,0.18000000000000005,0.8625,1.8,0.8,1.0454545454545454,2.0,2.397222222222222,0.14375,0.0
10,CrossEntropyLoss,RPS,0.19999999999999996,0.840625,1.70625,0.70625,1.0784313725490196,2.0,2.425,0.171875,0.0
10,CrossEntropyLoss,OCDF,0.010000000000000009,0.971875,4.5875,3.5875,1.0,1.0,9.212499999999995,0.028125,0.0
10,CrossEntropyLoss,OCDF,0.020000000000000018,0.971875,4.55,3.55,1.0,1.0,6.362499999999997,0.028125,0.0
10,CrossEntropyLoss,OCDF,0.030000000000000027,0.965625,4.34375,3.34375,1.0,1.0,5.635416666666666,0.034375,0.0
10,CrossEntropyLoss,OCDF,0.050000000000000044,0.95,3.8875,2.8875,1.0,1.0,4.887499999999998,0.05,0.0
10,CrossEntropyLoss,OCDF,0.07999999999999996,0.934375,3.56875,2.56875,1.0,1.0,4.2093750000000005,0.065625,0.0
10,CrossEntropyLoss,OCDF,0.09999999999999998,0.903125,3.3,2.3,1.0,1.0,4.2375,0.096875,0.0
10,CrossEntropyLoss,OCDF,0.13,0.884375,2.978125,1.978125,1.0,1.0,3.756971153846154,0.115625,0.0
10,CrossEntropyLoss,OCDF,0.15000000000000002,0.871875,2.815625,1.815625,1.0,1.0,3.523958333333333,0.128125,0.0
10,CrossEntropyLoss,OCDF,0.18000000000000005,0.859375,2.6625,1.6625,1.0,1.0,3.224999999999999,0.140625,0.0
10,CrossEntropyLoss,OCDF,0.19999999999999996,0.84375,2.590625,1.590625,1.02,2.0,3.184375,0.159375,0.0
10,CrossEntropyLoss,APS,0.010000000000000009,0.9875,4.584375,3.584375,1.0,1.0,6.084374999999998,0.0125,0.0
10,CrossEntropyLoss,APS,0.020000000000000018,0.96875,3.765625,2.765625,1.1,2.0,6.203124999999997,0.034375,0.0
10,CrossEntropyLoss,APS,0.030000000000000027,0.965625,3.5875,2.5875,1.0909090909090908,2.0,5.087499999999999,0.0375,0.0
10,CrossEntropyLoss,APS,0.050000000000000044,0.9375,2.996875,1.996875,1.05,2.0,4.6218749999999975,0.065625,0.0
10,CrossEntropyLoss,APS,0.07999999999999996,0.91875,2.70625,1.70625,1.0769230769230769,2.0,3.8937500000000016,0.0875,0.0
10,CrossEntropyLoss,APS,0.09999999999999998,0.90625,2.38125,1.38125,1.1,2.0,3.44375,0.103125,0.0
10,CrossEntropyLoss,APS,0.13,0.875,2.14375,1.14375,1.075,2.0,3.211057692307692,0.134375,0.0
10,CrossEntropyLoss,APS,0.15000000000000002,0.846875,1.959375,0.959375,1.0612244897959184,2.0,3.1260416666666666,0.1625,0.0
10,CrossEntropyLoss,APS,0.18000000000000005,0.8375,1.878125,0.878125,1.0769230769230769,2.0,2.822569444444444,0.175,0.0
10,CrossEntropyLoss,APS,0.19999999999999996,0.821875,1.784375,0.784375,1.0701754385964912,2.0,2.690625,0.190625,0.0
10,CrossEntropyLoss,LAC,0.010000000000000009,0.98125,4.5375,3.5375,1.0,1.0,7.287499999999997,0.01875,0.0
10,CrossEntropyLoss,LAC,0.020000000000000018,0.978125,4.25625,3.25625,1.0,1.0,5.443749999999999,0.021875,0.0
10,CrossEntropyLoss,LAC,0.030000000000000027,0.975,4.040625,3.040625,1.0,1.0,4.7072916666666655,0.025,0.0
10,CrossEntropyLoss,LAC,0.050000000000000044,0.94375,2.8625,1.8625,1.0,1.0,4.112499999999999,0.05625,0.0
10,CrossEntropyLoss,LAC,0.07999999999999996,0.925,2.403125,1.403125,1.0,1.0,3.2781250000000015,0.075,0.0
10,CrossEntropyLoss,LAC,0.09999999999999998,0.89375,2.05,1.05,1.0294117647058822,2.0,3.2375,0.109375,0.0
10,CrossEntropyLoss,LAC,0.13,0.875,1.9,0.9,1.05,2.0,2.9192307692307695,0.13125,0.0
10,CrossEntropyLoss,LAC,0.15000000000000002,0.86875,1.815625,0.815625,1.0476190476190477,2.0,2.6489583333333333,0.1375,0.0
10,CrossEntropyLoss,LAC,0.18000000000000005,0.85625,1.709375,0.709375,1.0434782608695652,2.0,2.3760416666666666,0.15,0.0
10,CrossEntropyLoss,LAC,0.19999999999999996,0.825,1.60625,0.60625,1.0357142857142858,2.0,2.41875,0.18125,0.0
11,CrossEntropyLoss,min-CPS,0.010000000000000009,0.990625,4.75625,3.75625,1.0,1.0,5.631249999999999,0.009375,0.0
11,CrossEntropyLoss,min-CPS,0.020000000000000018,0.984375,4.275,3.275,1.0,1.0,4.837499999999999,0.015625,0.0
11,CrossEntropyLoss,min-CPS,0.030000000000000027,0.975,3.5875,2.5875,1.0,1.0,4.2541666666666655,0.025,0.0
11,CrossEntropyLoss,min-CPS,0.050000000000000044,0.9625,3.18125,2.18125,1.0,1.0,3.6812499999999986,0.0375,0.0
11,CrossEntropyLoss,min-CPS,0.07999999999999996,0.94375,2.83125,1.83125,1.0,1.0,3.2375000000000016,0.05625,0.0
11,CrossEntropyLoss,min-CPS,0.09999999999999998,0.9125,2.303125,1.303125,1.0357142857142858,2.0,3.115625,0.090625,0.0
11,CrossEntropyLoss,min-CPS,0.13,0.86875,1.975,0.975,1.0238095238095237,2.0,3.042307692307692,0.134375,0.0
11,CrossEntropyLoss,min-CPS,0.15000000000000002,0.840625,1.91875,0.91875,1.0196078431372548,2.0,3.0854166666666663,0.1625,0.0
11,CrossEntropyLoss,min-CPS,0.18000000000000005,0.8125,1.865625,0.865625,1.05,2.0,3.053124999999999,0.196875,0.0
11,CrossEntropyLoss,min-CPS,0.19999999999999996,0.796875,1.85625,0.85625,1.0461538461538462,2.0,2.98125,0.2125,0.0
11,CrossEntropyLoss,RPS,0.010000000000000009,0.996875,3.859375,2.859375,1.0,1.0,3.484374999999999,0.003125,0.0
11,CrossEntropyLoss,RPS,0.020000000000000018,0.99375,3.69375,2.69375,1.0,1.0,3.318749999999999,0.00625,0.0
11,CrossEntropyLoss,RPS,0.030000000000000027,0.984375,3.303125,2.303125,1.0,1.0,3.3447916666666657,0.015625,0.0
11,CrossEntropyLoss,RPS,0.050000000000000044,0.95,2.615625,1.615625,1.0,1.0,3.6156249999999988,0.05,0.0
11,CrossEntropyLoss,RPS,0.07999999999999996,0.940625,2.403125,1.403125,1.0,1.0,2.887500000000001,0.059375,0.0
11,CrossEntropyLoss,RPS,0.09999999999999998,0.909375,2.221875,1.221875,1.0,1.0,3.034375,0.090625,0.0
11,CrossEntropyLoss,RPS,0.13,0.8875,1.95,0.95,1.0277777777777777,2.0,2.728846153846154,0.115625,0.0
11,CrossEntropyLoss,RPS,0.15000000000000002,0.846875,1.803125,0.803125,1.0204081632653061,2.0,2.886458333333333,0.15625,0.0
11,CrossEntropyLoss,RPS,0.18000000000000005,0.81875,1.721875,0.721875,1.0172413793103448,2.0,2.7704861111111105,0.184375,0.0
11,CrossEntropyLoss,RPS,0.19999999999999996,0.765625,1.546875,0.546875,1.0133333333333334,2.0,2.9218750000000004,0.2375,0.0
11,CrossEntropyLoss,OCDF,0.010000000000000009,0.99375,4.7125,3.7125,1.0,1.0,4.962499999999999,0.00625,0.0
11,CrossEntropyLoss,OCDF,0.020000000000000018,0.984375,4.5875,3.5875,1.0,1.0,5.149999999999999,0.015625,0.0
11,CrossEntropyLoss,OCDF,0.030000000000000027,0.965625,4.315625,3.315625,1.0,1.0,5.607291666666666,0.034375,0.0
11,CrossEntropyLoss,OCDF,0.050000000000000044,0.940625,3.79375,2.79375,1.0,1.0,5.168749999999998,0.059375,0.0
11,CrossEntropyLoss,OCDF,0.07999999999999996,0.928125,3.5125,2.5125,1.0,1.0,4.309375000000001,0.071875,0.0
11,CrossEntropyLoss,OCDF,0.09999999999999998,0.903125,3.290625,2.290625,1.0,1.0,4.228125,0.096875,0.0
11,CrossEntropyLoss,OCDF,0.13,0.875,2.95,1.95,1.0,1.0,3.8730769230769226,0.125,0.0
11,CrossEntropyLoss,OCDF,0.15000000000000002,0.84375,2.734375,1.734375,1.0,1.0,3.817708333333333,0.15625,0.0
11,CrossEntropyLoss,OCDF,0.18000000000000005,0.796875,2.53125,1.53125,1.0461538461538462,2.0,3.8923611111111107,0.2125,0.0
11,CrossEntropyLoss,OCDF,0.19999999999999996,0.784375,2.45,1.45,1.0434782608695652,2.0,3.7,0.225,0.0
11,CrossEntropyLoss,APS,0.010000000000000009,0.99375,4.68125,3.68125,1.0,1.0,4.931249999999999,0.00625,0.0
11,CrossEntropyLoss,APS,0.020000000000000018,0.990625,4.6,3.6,1.0,1.0,4.537499999999999,0.009375,0.0
11,CrossEntropyLoss,APS,0.030000000000000027,0.978125,3.61875,2.61875,1.0,1.0,4.0770833333333325,0.021875,0.0
11,CrossEntropyLoss,APS,0.050000000000000044,0.959375,3.08125,2.08125,1.0,1.0,3.7062499999999985,0.040625,0.0
11,CrossEntropyLoss,APS,0.07999999999999996,0.93125,2.678125,1.678125,1.0,1.0,3.3968750000000014,0.06875,0.0
11,CrossEntropyLoss,APS,0.09999999999999998,0.921875,2.4625,1.4625,1.0,1.0,3.025,0.078125,0.0
11,CrossEntropyLoss,APS,0.13,0.8625,2.090625,1.090625,1.0227272727272727,2.0,3.2540865384615385,0.140625,0.0
11,CrossEntropyLoss,APS,0.15000000000000002,0.828125,1.890625,0.89375,1.0909090909090908,4.0,3.26875,0.1875,0.0
11,CrossEntropyLoss,APS,0.18000000000000005,0.803125,1.753125,0.75625,1.0793650793650793,4.0,3.0131944444444434,0.2125,0.0
11,CrossEntropyLoss,APS,0.19999999999999996,0.765625,1.678125,0.684375,1.1066666666666667,4.0,3.090625,0.259375,0.0
11,CrossEntropyLoss,LAC,0.010000000000000009,0.99375,4.81875,3.81875,1.0,1.0,5.068749999999999,0.00625,0.0
11,CrossEntropyLoss,LAC,0.020000000000000018,0.9875,4.521875,3.521875,1.0,1.0,4.771874999999999,0.0125,0.0
11,CrossEntropyLoss,LAC,0.030000000000000027,0.98125,4.06875,3.06875,1.0,1.0,4.318749999999999,0.01875,0.0
11,CrossEntropyLoss,LAC,0.050000000000000044,0.9625,3.278125,2.278125,1.0,1.0,3.7781249999999984,0.0375,0.0
11,CrossEntropyLoss,LAC,0.07999999999999996,0.934375,2.396875,1.396875,1.0,1.0,3.037500000000001,0.065625,0.0
11,CrossEntropyLoss,LAC,0.09999999999999998,0.909375,2.228125,1.228125,1.0,1.0,3.040625,0.090625,0.0
11,CrossEntropyLoss,LAC,0.13,0.890625,1.934375,0.934375,1.0285714285714285,2.0,2.6651442307692306,0.1125,0.0
11,CrossEntropyLoss,LAC,0.15000000000000002,0.8625,1.76875,0.76875,1.0227272727272727,2.0,2.64375,0.140625,0.0
11,CrossEntropyLoss,LAC,0.18000000000000005,0.840625,1.653125,0.653125,1.0196078431372548,2.0,2.4586805555555555,0.1625,0.0
11,CrossEntropyLoss,LAC,0.19999999999999996,0.80625,1.5625,0.5625,1.0161290322580645,2.0,2.53125,0.196875,0.0
12,CrossEntropyLoss,min-CPS,0.010000000000000009,0.9875,4.734375,3.734375,1.0,1.0,6.234374999999998,0.0125,0.0
12,CrossEntropyLoss,min-CPS,0.020000000000000018,0.98125,4.06875,3.06875,1.0,1.0,4.943749999999999,0.01875,0.0
12,CrossEntropyLoss,min-CPS,0.030000000000000027,0.9625,3.4875,2.4875,1.0,1.0,4.987499999999998,0.0375,0.0
12,CrossEntropyLoss,min-CPS,0.050000000000000044,0.953125,3.115625,2.115625,1.0,1.0,3.9906249999999988,0.046875,0.0
12,CrossEntropyLoss,min-CPS,0.07999999999999996,0.93125,2.746875,1.746875,1.0454545454545454,2.0,3.5437500000000015,0.071875,0.0
12,CrossEntropyLoss,min-CPS,0.09999999999999998,0.91875,2.3875,1.3875,1.0769230769230769,2.0,3.1375,0.0875,0.0
12,CrossEntropyLoss,min-CPS,0.13,0.8625,1.978125,0.978125,1.0681818181818181,2.0,3.2377403846153845,0.146875,0.0
12,CrossEntropyLoss,min-CPS,0.15000000000000002,0.846875,1.959375,0.959375,1.0612244897959184,2.0,3.1260416666666666,0.1625,0.0
12,CrossEntropyLoss,min-CPS,0.18000000000000005,0.840625,1.940625,0.940625,1.0784313725490196,2.0,2.8503472222222213,0.171875,0.0
12,CrossEntropyLoss,min-CPS,0.19999999999999996,0.81875,1.9,0.9,1.0862068965517242,2.0,2.86875,0.196875,0.0
12,CrossEntropyLoss,RPS,0.010000000000000009,0.990625,3.759375,2.759375,1.0,1.0,4.634374999999999,0.009375,0.0
12,CrossEntropyLoss,RPS,0.020000000000000018,0.978125,3.4125,2.4125,1.0,1.0,4.599999999999998,0.021875,0.0
12,CrossEntropyLoss,RPS,0.030000000000000027,0.9625,2.971875,1.971875,1.0,1.0,4.471874999999998,0.0375,0.0
12,CrossEntropyLoss,RPS,0.050000000000000044,0.946875,2.659375,1.659375,1.0,1.0,3.7843749999999985,0.053125,0.0
12,CrossEntropyLoss,RPS,0.07999999999999996,0.921875,2.325,1.325,1.0,1.0,3.2781250000000015,0.078125,0.0
12,CrossEntropyLoss,RPS,0.09999999999999998,0.9125,2.240625,1.240625,1.0,1.0,2.990625,0.0875,0.0
12,CrossEntropyLoss,RPS,0.13,0.878125,1.928125,0.928125,1.0512820512820513,2.0,2.899278846153846,0.128125,0.0
12,CrossEntropyLoss,RPS,0.15000000000000002,0.84375,1.809375,0.809375,1.04,2.0,2.9760416666666663,0.1625,0.0
12,CrossEntropyLoss,RPS,0.18000000000000005,0.809375,1.684375,0.684375,1.0491803278688525,2.0,2.9065972222222216,0.2,0.0
12,CrossEntropyLoss,RPS,0.19999999999999996,0.8,1.65,0.65,1.046875,2.0,2.74375,0.209375,0.0
12,CrossEntropyLoss,OCDF,0.010000000000000009,0.99375,4.753125,3.753125,1.0,1.0,5.003124999999999,0.00625,0.0
12,CrossEntropyLoss,OCDF,0.020000000000000018,0.9875,4.634375,3.634375,1.0,1.0,4.884374999999999,0.0125,0.0
12,CrossEntropyLoss,OCDF,0.030000000000000027,0.9875,4.60625,3.60625,1.0,1.0,4.439583333333333,0.0125,0.0
12,CrossEntropyLoss,OCDF,0.050000000000000044,0.96875,4.2125,3.2125,1.0,1.0,4.4624999999999995,0.03125,0.0
12,CrossEntropyLoss,OCDF,0.07999999999999996,0.934375,3.540625,2.540625,1.0,1.0,4.181250000000001,0.065625,0.0
12,CrossEntropyLoss,OCDF,0.09999999999999998,0.915625,3.3625,2.3625,1.0,1.0,4.05,0.084375,0.0
12,CrossEntropyLoss,OCDF,0.13,0.8875,2.915625,1.915625,1.0277777777777777,2.0,3.694471153846153,0.115625,0.0
12,CrossEntropyLoss,OCDF,0.15000000000000002,0.865625,2.75625,1.75625,1.0232558139534884,2.0,3.5895833333333327,0.1375,0.0
12,CrossEntropyLoss,OCDF,0.18000000000000005,0.81875,2.55,1.55,1.0344827586206897,2.0,3.633333333333333,0.1875,0.0
12,CrossEntropyLoss,OCDF,0.19999999999999996,0.78125,2.365625,1.365625,1.0571428571428572,2.0,3.678125,0.23125,0.0
12,CrossEntropyLoss,APS,0.010000000000000009,0.9875,4.51875,3.51875,1.0,1.0,6.018749999999998,0.0125,0.0
12,CrossEntropyLoss,APS,0.020000000000000018,0.978125,3.953125,2.953125,1.0,1.0,5.140624999999998,0.021875,0.0
12,CrossEntropyLoss,APS,0.030000000000000027,0.96875,3.5,2.5,1.1,2.0,4.791666666666665,0.034375,0.0
12,CrossEntropyLoss,APS,0.050000000000000044,0.953125,3.078125,2.078125,1.0666666666666667,2.0,4.078124999999998,0.05,0.0
12,CrossEntropyLoss,APS,0.07999999999999996,0.940625,2.73125,1.73125,1.105263157894737,2.0,3.3718750000000015,0.065625,0.0
12,CrossEntropyLoss,APS,0.09999999999999998,0.909375,2.30625,1.30625,1.103448275862069,2.0,3.30625,0.1,0.0
12,CrossEntropyLoss,APS,0.13,0.884375,2.178125,1.178125,1.0810810810810811,2.0,3.101201923076923,0.125,0.0
12,CrossEntropyLoss,APS,0.15000000000000002,0.88125,2.103125,1.103125,1.105263157894737,2.0,2.853125,0.13125,0.0
12,CrossEntropyLoss,APS,0.18000000000000005,0.865625,1.965625,0.965625,1.0930232558139534,2.0,2.5975694444444444,0.146875,0.0
12,CrossEntropyLoss,APS,0.19999999999999996,0.83125,1.834375,0.834375,1.0740740740740742,2.0,2.646875,0.18125,0.0
12,CrossEntropyLoss,LAC,0.010000000000000009,0.990625,4.83125,3.83125,1.0,1.0,5.706249999999999,0.009375,0.0
12,CrossEntropyLoss,LAC,0.020000000000000018,0.984375,4.421875,3.421875,1.0,1.0,4.984374999999998,0.015625,0.0
12,CrossEntropyLoss,LAC,0.030000000000000027,0.96875,3.725,2.725,1.0,1.0,4.808333333333332,0.03125,0.0
12,CrossEntropyLoss,LAC,0.050000000000000044,0.95625,3.24375,2.24375,1.0,1.0,3.9937499999999986,0.04375,0.0
12,CrossEntropyLoss,LAC,0.07999999999999996,0.91875,2.378125,1.378125,1.0,1.0,3.4093750000000016,0.08125,0.0
12,CrossEntropyLoss,LAC,0.09999999999999998,0.91875,2.3,1.3,1.0384615384615385,2.0,2.9875,0.084375,0.0
12,CrossEntropyLoss,LAC,0.13,0.88125,1.95,0.95,1.0526315789473684,2.0,2.8730769230769226,0.125,0.0
12,CrossEntropyLoss,LAC,0.15000000000000002,0.875,1.85,0.85,1.05,2.0,2.6,0.13125,0.0
12,CrossEntropyLoss,LAC,0.18000000000000005,0.840625,1.684375,0.684375,1.0392156862745099,2.0,2.524652777777777,0.165625,0.0
12,CrossEntropyLoss,LAC,0.19999999999999996,0.825,1.628125,0.628125,1.0357142857142858,2.0,2.440625,0.18125,0.0
13,CrossEntropyLoss,min-CPS,0.010000000000000009,0.99375,4.8,3.8,1.0,1.0,5.049999999999999,0.00625,0.0
13,CrossEntropyLoss,min-CPS,0.020000000000000018,0.978125,4.01875,3.01875,1.0,1.0,5.206249999999999,0.021875,0.0
13,CrossEntropyLoss,min-CPS,0.030000000000000027,0.971875,3.54375,2.54375,1.0,1.0,4.418749999999998,0.028125,0.0
13,CrossEntropyLoss,min-CPS,0.050000000000000044,0.965625,3.20625,2.20625,1.0,1.0,3.5812499999999994,0.034375,0.0
13,CrossEntropyLoss,min-CPS,0.07999999999999996,0.946875,2.925,1.925,1.0,1.0,3.2531250000000016,0.053125,0.0
13,CrossEntropyLoss,min-CPS,0.09999999999999998,0.9,2.303125,1.303125,1.03125,2.0,3.365625,0.103125,0.0
13,CrossEntropyLoss,min-CPS,0.13,0.85625,1.928125,0.928125,1.0434782608695652,2.0,3.235817307692308,0.15,0.0
13,CrossEntropyLoss,min-CPS,0.15000000000000002,0.84375,1.9125,0.9125,1.04,2.0,3.0791666666666666,0.1625,0.0
13,CrossEntropyLoss,min-CPS,0.18000000000000005,0.809375,1.871875,0.871875,1.0655737704918034,2.0,3.1288194444444444,0.203125,0.0
13,CrossEntropyLoss,min-CPS,0.19999999999999996,0.778125,1.828125,0.828125,1.056338028169014,2.0,3.171875,0.234375,0.0
13,CrossEntropyLoss,RPS,0.010000000000000009,0.99375,3.821875,2.821875,1.0,1.0,4.071874999999999,0.00625,0.0
13,CrossEntropyLoss,RPS,0.020000000000000018,0.978125,3.4,2.4,1.0,1.0,4.587499999999998,0.021875,0.0
13,CrossEntropyLoss,RPS,0.030000000000000027,0.9625,2.971875,1.971875,1.0,1.0,4.471874999999999,0.0375,0.0
13,CrossEntropyLoss,RPS,0.050000000000000044,0.953125,2.628125,1.628125,1.0,1.0,3.5031249999999985,0.046875,0.0
13,CrossEntropyLoss,RPS,0.07999999999999996,0.940625,2.3625,1.3625,1.0,1.0,2.846875000000001,0.059375,0.0
13,CrossEntropyLoss,RPS,0.09999999999999998,0.921875,2.209375,1.209375,1.0,1.0,2.771875,0.078125,0.0
13,CrossEntropyLoss,RPS,0.13,0.88125,1.925,0.925,1.0263157894736843,2.0,2.8,0.121875,0.0
13,CrossEntropyLoss,RPS,0.15000000000000002,0.853125,1.8125,0.8125,1.0212765957446808,2.0,2.8125,0.15,0.0
13,CrossEntropyLoss,RPS,0.18000000000000005,0.84375,1.746875,0.746875,1.04,2.0,2.552430555555555,0.1625,0.0
13,CrossEntropyLoss,RPS,0.19999999999999996,0.821875,1.690625,0.690625,1.0350877192982457,2.0,2.534375,0.184375,0.0
13,CrossEntropyLoss,OCDF,0.010000000000000009,0.9875,4.684375,3.684375,1.0,1.0,6.1843749999999975,0.0125,0.0
13,CrossEntropyLoss,OCDF,0.020000000000000018,0.984375,4.6,3.6,1.0,1.0,5.162499999999999,0.015625,0.0
13,CrossEntropyLoss,OCDF,0.030000000000000027,0.984375,4.584375,3.584375,1.0,1.0,4.626041666666666,0.015625,0.0
13,CrossEntropyLoss,OCDF,0.050000000000000044,0.965625,4.1875,3.1875,1.0,1.0,4.562499999999999,0.034375,0.0
13,CrossEntropyLoss,OCDF,0.07999999999999996,0.9375,3.56875,2.56875,1.05,2.0,4.2093750000000005,0.065625,0.0
13,CrossEntropyLoss,OCDF,0.09999999999999998,0.91875,3.321875,2.321875,1.0384615384615385,2.0,4.009375,0.084375,0.0
13,CrossEntropyLoss,OCDF,0.13,0.890625,2.8875,1.8875,1.0285714285714285,2.0,3.6182692307692306,0.1125,0.0
13,CrossEntropyLoss,OCDF,0.15000000000000002,0.85,2.6625,1.6625,1.0208333333333333,2.0,3.7041666666666666,0.153125,0.0
13,CrossEntropyLoss,OCDF,0.18000000000000005,0.83125,2.553125,1.553125,1.037037037037037,2.0,3.4975694444444443,0.175,0.0
13,CrossEntropyLoss,OCDF,0.19999999999999996,0.81875,2.44375,1.44375,1.0517241379310345,2.0,3.35,0.190625,0.0
13,CrossEntropyLoss,APS,0.010000000000000009,0.9875,4.578125,3.578125,1.0,1.0,6.078124999999998,0.0125,0.0
13,CrossEntropyLoss,APS,0.020000000000000018,0.978125,3.903125,2.903125,1.0,1.0,5.0906249999999975,0.021875,0.0
13,CrossEntropyLoss,APS,0.030000000000000027,0.965625,3.490625,2.490625,1.0,1.0,4.782291666666665,0.034375,0.0
13,CrossEntropyLoss,APS,0.050000000000000044,0.95625,3.175,2.175,1.0714285714285714,2.0,4.049999999999999,0.046875,0.0
13,CrossEntropyLoss,APS,0.07999999999999996,0.93125,2.775,1.775,1.0454545454545454,2.0,3.5718750000000012,0.071875,0.0
13,CrossEntropyLoss,APS,0.09999999999999998,0.9125,2.44375,1.44375,1.0357142857142858,2.0,3.25625,0.090625,0.0
13,CrossEntropyLoss,APS,0.13,0.890625,2.1875,1.1875,1.0285714285714285,2.0,2.918269230769231,0.1125,0.0
13,CrossEntropyLoss,APS,0.15000000000000002,0.85,1.9875,0.9875,1.0208333333333333,2.0,3.0291666666666663,0.153125,0.0
13,CrossEntropyLoss,APS,0.18000000000000005,0.81875,1.796875,0.796875,1.0517241379310345,2.0,2.914930555555555,0.190625,0.0
13,CrossEntropyLoss,APS,0.19999999999999996,0.790625,1.746875,0.746875,1.044776119402985,2.0,2.934375,0.21875,0.0
13,CrossEntropyLoss,LAC,0.010000000000000009,0.990625,4.765625,3.765625,1.0,1.0,5.640624999999998,0.009375,0.0
13,CrossEntropyLoss,LAC,0.020000000000000018,0.978125,4.175,3.175,1.0,1.0,5.362499999999998,0.021875,0.0
13,CrossEntropyLoss,LAC,0.030000000000000027,0.96875,3.64375,2.64375,1.0,1.0,4.727083333333331,0.03125,0.0
13,CrossEntropyLoss,LAC,0.050000000000000044,0.9625,3.275,2.275,1.0,1.0,3.7749999999999986,0.0375,0.0
13,CrossEntropyLoss,LAC,0.07999999999999996,0.9375,2.3625,1.3625,1.0,1.0,2.925000000000001,0.0625,0.0
13,CrossEntropyLoss,LAC,0.09999999999999998,0.921875,2.253125,1.253125,1.0,1.0,2.815625,0.078125,0.0
13,CrossEntropyLoss,LAC,0.13,0.890625,1.94375,0.94375,1.0285714285714285,2.0,2.6745192307692305,0.1125,0.0
13,CrossEntropyLoss,LAC,0.15000000000000002,0.859375,1.796875,0.796875,1.0222222222222221,2.0,2.7135416666666665,0.14375,0.0
13,CrossEntropyLoss,LAC,0.18000000000000005,0.81875,1.64375,0.64375,1.0172413793103448,2.0,2.6923611111111105,0.184375,0.0
13,CrossEntropyLoss,LAC,0.19999999999999996,0.80625,1.609375,0.609375,1.0161290322580645,2.0,2.578125,0.196875,0.0
14,CrossEntropyLoss,min-CPS,0.010000000000000009,0.984375,4.640625,3.640625,1.0,1.0,6.765624999999997,0.015625,0.0
14,CrossEntropyLoss,min-CPS,0.020000000000000018,0.98125,4.059375,3.059375,1.0,1.0,4.934374999999998,0.01875,0.0
14,CrossEntropyLoss,min-CPS,0.030000000000000027,0.971875,3.565625,2.565625,1.0,1.0,4.440624999999999,0.028125,0.0
14,CrossEntropyLoss,min-CPS,0.050000000000000044,0.94375,3.05,2.05,1.0,1.0,4.299999999999999,0.05625,0.0
14,CrossEntropyLoss,min-CPS,0.07999999999999996,0.934375,2.715625,1.715625,1.0476190476190477,2.0,3.4343750000000015,0.06875,0.0
14,CrossEntropyLoss,min-CPS,0.09999999999999998,0.88125,2.19375,1.19375,1.0263157894736843,2.0,3.63125,0.121875,0.0
14,CrossEntropyLoss,min-CPS,0.13,0.8625,1.93125,0.93125,1.0454545454545454,2.0,3.142788461538461,0.14375,0.0
14,CrossEntropyLoss,min-CPS,0.15000000000000002,0.846875,1.9125,0.9125,1.0408163265306123,2.0,3.0374999999999996,0.159375,0.0
14,CrossEntropyLoss,min-CPS,0.18000000000000005,0.8125,1.859375,0.859375,1.0666666666666667,2.0,3.081597222222222,0.2,0.0
14,CrossEntropyLoss,min-CPS,0.19999999999999996,0.796875,1.84375,0.84375,1.0615384615384615,2.0,3.0,0.215625,0.0
14,CrossEntropyLoss,RPS,0.010000000000000009,0.996875,3.853125,2.853125,1.0,1.0,3.4781249999999995,0.003125,0.0
14,CrossEntropyLoss,RPS,0.020000000000000018,0.9875,3.525,2.525,1.0,1.0,3.7749999999999986,0.0125,0.0
14,CrossEntropyLoss,RPS,0.030000000000000027,0.95625,2.840625,1.840625,1.0,1.0,4.7572916666666645,0.04375,0.0
14,CrossEntropyLoss,RPS,0.050000000000000044,0.946875,2.640625,1.640625,1.0,1.0,3.7656249999999987,0.053125,0.0
14,CrossEntropyLoss,RPS,0.07999999999999996,0.915625,2.284375,1.284375,1.0,1.0,3.3937500000000016,0.084375,0.0
14,CrossEntropyLoss,RPS,0.09999999999999998,0.89375,2.0875,1.0875,1.0294117647058822,2.0,3.275,0.109375,0.0
14,CrossEntropyLoss,RPS,0.13,0.8125,1.765625,0.765625,1.0166666666666666,2.0,3.6983173076923075,0.190625,0.0
14,CrossEntropyLoss,RPS,0.15000000000000002,0.803125,1.7125,0.7125,1.0158730158730158,2.0,3.3791666666666664,0.2,0.0
14,CrossEntropyLoss,RPS,0.18000000000000005,0.78125,1.628125,0.628125,1.0285714285714285,2.0,3.1281249999999994,0.225,0.0
14,CrossEntropyLoss,RPS,0.19999999999999996,0.7625,1.546875,0.546875,1.0263157894736843,2.0,2.9843750000000004,0.24375,0.0
14,CrossEntropyLoss,OCDF,0.010000000000000009,0.9875,4.671875,3.671875,1.0,1.0,6.171874999999998,0.0125,0.0
14,CrossEntropyLoss,OCDF,0.020000000000000018,0.978125,4.553125,3.553125,1.0,1.0,5.740624999999999,0.021875,0.0
14,CrossEntropyLoss,OCDF,0.030000000000000027,0.9625,4.275,3.275,1.0,1.0,5.774999999999999,0.0375,0.0
14,CrossEntropyLoss,OCDF,0.050000000000000044,0.925,3.7125,2.7125,1.0,1.0,5.712499999999999,0.075,0.0
14,CrossEntropyLoss,OCDF,0.07999999999999996,0.875,3.184375,2.184375,1.0,1.0,5.309375000000001,0.125,0.0
14,CrossEntropyLoss,OCDF,0.09999999999999998,0.8625,2.996875,1.996875,1.0227272727272727,2.0,4.809375,0.140625,0.0
14,CrossEntropyLoss,OCDF,0.13,0.81875,2.725,1.725,1.0172413793103448,2.0,4.561538461538461,0.184375,0.0
14,CrossEntropyLoss,OCDF,0.15000000000000002,0.796875,2.628125,1.628125,1.0307692307692307,2.0,4.419791666666667,0.209375,0.0
14,CrossEntropyLoss,OCDF,0.18000000000000005,0.78125,2.48125,1.48125,1.042857142857143,2.0,4.015972222222222,0.228125,0.0
14,CrossEntropyLoss,OCDF,0.19999999999999996,0.765625,2.41875,1.41875,1.0666666666666667,2.0,3.91875,0.25,0.0
14,CrossEntropyLoss,APS,0.010000000000000009,0.9875,4.55625,3.55625,1.0,1.0,6.056249999999998,0.0125,0.0
14,CrossEntropyLoss,APS,0.020000000000000018,0.978125,4.153125,3.153125,1.0,1.0,5.340624999999998,0.021875,0.0
14,CrossEntropyLoss,APS,0.030000000000000027,0.96875,3.49375,2.49375,1.1,2.0,4.785416666666665,0.034375,0.0
14,CrossEntropyLoss,APS,0.050000000000000044,0.95625,3.1375,2.1375,1.0714285714285714,2.0,4.012499999999998,0.046875,0.0
14,CrossEntropyLoss,APS,0.07999999999999996,0.925,2.6375,1.6375,1.0416666666666667,2.0,3.5906250000000015,0.078125,0.0
14,CrossEntropyLoss,APS,0.09999999999999998,0.9,2.325,1.328125,1.125,4.0,3.515625,0.1125,0.0
14,CrossEntropyLoss,APS,0.13,0.88125,2.1,1.103125,1.131578947368421,4.0,3.1223557692307695,0.134375,0.0
14,CrossEntropyLoss,APS,0.15000000000000002,0.8375,1.871875,0.878125,1.1538461538461537,4.0,3.211458333333333,0.1875,0.0
14,CrossEntropyLoss,APS,0.18000000000000005,0.8125,1.759375,0.765625,1.1333333333333333,4.0,2.9878472222222214,0.2125,0.0
14,CrossEntropyLoss,APS,0.19999999999999996,0.796875,1.69375,0.7,1.123076923076923,4.0,2.85625,0.228125,0.0
14,CrossEntropyLoss,LAC,0.010000000000000009,0.984375,4.565625,3.565625,1.0,1.0,6.690624999999997,0.015625,0.0
14,CrossEntropyLoss,LAC,0.020000000000000018,0.978125,4.253125,3.253125,1.0,1.0,5.440624999999998,0.021875,0.0
14,CrossEntropyLoss,LAC,0.030000000000000027,0.978125,4.03125,3.03125,1.0,1.0,4.489583333333333,0.021875,0.0
14,CrossEntropyLoss,LAC,0.050000000000000044,0.95,2.975,1.975,1.0,1.0,3.9749999999999988,0.05,0.0
14,CrossEntropyLoss,LAC,0.07999999999999996,0.925,2.390625,1.390625,1.0,1.0,3.2656250000000013,0.075,0.0
14,CrossEntropyLoss,LAC,0.09999999999999998,0.8875,2.00625,1.00625,1.0277777777777777,2.0,3.31875,0.115625,0.0
14,CrossEntropyLoss,LAC,0.13,0.859375,1.840625,0.840625,1.0222222222222221,2.0,3.0521634615384614,0.14375,0.0
14,CrossEntropyLoss,LAC,0.15000000000000002,0.8125,1.659375,0.659375,1.0166666666666666,2.0,3.2010416666666663,0.190625,0.0
14,CrossEntropyLoss,LAC,0.18000000000000005,0.7875,1.58125,0.58125,1.0147058823529411,2.0,2.977083333333333,0.215625,0.0
14,CrossEntropyLoss,LAC,0.19999999999999996,0.759375,1.515625,0.515625,1.025974025974026,2.0,2.984375000000001,0.246875,0.0
15,CrossEntropyLoss,min-CPS,0.010000000000000009,1.0,4.9,3.9,,0.0,3.9,0.0,0.0
15,CrossEntropyLoss,min-CPS,0.020000000000000018,0.990625,4.65625,3.65625,1.0,1.0,4.593749999999998,0.009375,0.0
15,CrossEntropyLoss,min-CPS,0.030000000000000027,0.9625,3.45,2.45,1.0,1.0,4.949999999999998,0.0375,0.0
15,CrossEntropyLoss,min-CPS,0.050000000000000044,0.95,3.08125,2.08125,1.0,1.0,4.081249999999999,0.05,0.0
15,CrossEntropyLoss,min-CPS,0.07999999999999996,0.915625,2.61875,1.61875,1.037037037037037,2.0,3.8062500000000012,0.0875,0.0
15,CrossEntropyLoss,min-CPS,0.09999999999999998,0.9125,2.33125,1.33125,1.0357142857142858,2.0,3.14375,0.090625,0.0
15,CrossEntropyLoss,min-CPS,0.13,0.8625,1.94375,0.94375,1.0681818181818181,2.0,3.203365384615384,0.146875,0.0
15,CrossEntropyLoss,min-CPS,0.15000000000000002,0.853125,1.921875,0.921875,1.0638297872340425,2.0,3.005208333333333,0.15625,0.0
15,CrossEntropyLoss,min-CPS,0.18000000000000005,0.79375,1.853125,0.853125,1.0606060606060606,2.0,3.2836805555555557,0.21875,0.0
15,CrossEntropyLoss,min-CPS,0.19999999999999996,0.759375,1.809375,0.809375,1.051948051948052,2.0,3.340625,0.253125,0.0
15,CrossEntropyLoss,RPS,0.010000000000000009,0.990625,3.75,2.75,1.0,1.0,4.624999999999998,0.009375,0.0
15,CrossEntropyLoss,RPS,0.020000000000000018,0.975,3.31875,2.31875,1.0,1.0,4.818749999999998,0.025,0.0
15,CrossEntropyLoss,RPS,0.030000000000000027,0.9625,3.00625,2.00625,1.0,1.0,4.506249999999999,0.0375,0.0
15,CrossEntropyLoss,RPS,0.050000000000000044,0.9375,2.575,1.575,1.0,1.0,4.0749999999999975,0.0625,0.0
15,CrossEntropyLoss,RPS,0.07999999999999996,0.928125,2.321875,1.321875,1.0,1.0,3.1187500000000012,0.071875,0.0
15,CrossEntropyLoss,RPS,0.09999999999999998,0.890625,2.059375,1.059375,1.0,1.0,3.246875,0.109375,0.0
15,CrossEntropyLoss,RPS,0.13,0.853125,1.875,0.875,1.0212765957446808,2.0,3.1826923076923075,0.15,0.0
15,CrossEntropyLoss,RPS,0.15000000000000002,0.8375,1.79375,0.79375,1.0192307692307692,2.0,3.002083333333333,0.165625,0.0
15,CrossEntropyLoss,RPS,0.18000000000000005,0.790625,1.653125,0.653125,1.044776119402985,2.0,3.083680555555555,0.21875,0.0
15,CrossEntropyLoss,RPS,0.19999999999999996,0.784375,1.615625,0.615625,1.0434782608695652,2.0,2.865625,0.225,0.0
15,CrossEntropyLoss,OCDF,0.010000000000000009,0.978125,4.621875,3.621875,1.0,1.0,7.9968749999999975,0.021875,0.0
15,CrossEntropyLoss,OCDF,0.020000000000000018,0.9625,4.415625,3.415625,1.0,1.0,7.165624999999997,0.0375,0.0
15,CrossEntropyLoss,OCDF,0.030000000000000027,0.9625,4.28125,3.28125,1.0,1.0,5.781249999999998,0.0375,0.0
15,CrossEntropyLoss,OCDF,0.050000000000000044,0.946875,3.8625,2.8625,1.0588235294117647,2.0,5.112499999999999,0.05625,0.0
15,CrossEntropyLoss,OCDF,0.07999999999999996,0.925,3.503125,2.503125,1.0416666666666667,2.0,4.456250000000001,0.078125,0.0
15,CrossEntropyLoss,OCDF,0.09999999999999998,0.90625,3.3,2.3,1.0333333333333334,2.0,4.2375,0.096875,0.0
15,CrossEntropyLoss,OCDF,0.13,0.875,2.921875,1.921875,1.05,2.0,3.941105769230769,0.13125,0.0
15,CrossEntropyLoss,OCDF,0.15000000000000002,0.85625,2.75625,1.75625,1.0434782608695652,2.0,3.756249999999999,0.15,0.0
15,CrossEntropyLoss,OCDF,0.18000000000000005,0.83125,2.63125,1.63125,1.0555555555555556,2.0,3.6104166666666657,0.178125,0.0
15,CrossEntropyLoss,OCDF,0.19999999999999996,0.809375,2.503125,1.503125,1.0655737704918034,2.0,3.534375,0.203125,0.0
15,CrossEntropyLoss,APS,0.010000000000000009,0.990625,4.6125,3.6125,1.0,1.0,5.487499999999999,0.009375,0.0
15,CrossEntropyLoss,APS,0.020000000000000018,0.984375,4.203125,3.203125,1.0,1.0,4.765624999999998,0.015625,0.0
15,CrossEntropyLoss,APS,0.030000000000000027,0.971875,3.78125,2.78125,1.0,1.0,4.656249999999998,0.028125,0.0
15,CrossEntropyLoss,APS,0.050000000000000044,0.928125,2.946875,1.946875,1.0434782608695652,2.0,4.946874999999997,0.075,0.0
15,CrossEntropyLoss,APS,0.07999999999999996,0.903125,2.55,1.55,1.032258064516129,2.0,4.050000000000002,0.1,0.0
15,CrossEntropyLoss,APS,0.09999999999999998,0.871875,2.203125,1.203125,1.048780487804878,2.0,3.890625,0.134375,0.0
15,CrossEntropyLoss,APS,0.13,0.84375,2.0,1.003125,1.1,4.0,3.5512019230769227,0.171875,0.0
15,CrossEntropyLoss,APS,0.15000000000000002,0.81875,1.8625,0.865625,1.0862068965517242,4.0,3.4072916666666666,0.196875,0.0
15,CrossEntropyLoss,APS,0.18000000000000005,0.80625,1.775,0.778125,1.096774193548387,4.0,3.0697916666666663,0.2125,0.0
15,CrossEntropyLoss,APS,0.19999999999999996,0.79375,1.721875,0.725,1.0909090909090908,4.0,2.9125,0.225,0.0
15,CrossEntropyLoss,LAC,0.010000000000000009,1.0,4.878125,3.878125,,0.0,3.878125,0.0,0.0
15,CrossEntropyLoss,LAC,0.020000000000000018,0.990625,4.55625,3.55625,1.0,1.0,4.493749999999999,0.009375,0.0
15,CrossEntropyLoss,LAC,0.030000000000000027,0.971875,3.95,2.95,1.0,1.0,4.824999999999998,0.028125,0.0
15,CrossEntropyLoss,LAC,0.050000000000000044,0.946875,2.915625,1.915625,1.0,1.0,4.040624999999998,0.053125,0.0
15,CrossEntropyLoss,LAC,0.07999999999999996,0.921875,2.353125,1.353125,1.0,1.0,3.3062500000000012,0.078125,0.0
15,CrossEntropyLoss,LAC,0.09999999999999998,0.890625,2.021875,1.021875,1.0285714285714285,2.0,3.271875,0.1125,0.0
15,CrossEntropyLoss,LAC,0.13,0.85625,1.790625,0.790625,1.0217391304347827,2.0,3.050240384615384,0.146875,0.0
15,CrossEntropyLoss,LAC,0.15000000000000002,0.840625,1.7,0.7,1.0196078431372548,2.0,2.8666666666666663,0.1625,0.0
15,CrossEntropyLoss,LAC,0.18000000000000005,0.796875,1.5875,0.5875,1.0153846153846153,2.0,2.8791666666666664,0.20625,0.0
15,CrossEntropyLoss,LAC,0.19999999999999996,0.753125,1.509375,0.509375,1.0126582278481013,2.0,3.0093750000000004,0.25,0.0
16,CrossEntropyLoss,min-CPS,0.010000000000000009,0.996875,4.834375,3.834375,1.0,1.0,4.459375,0.003125,0.0
16,CrossEntropyLoss,min-CPS,0.020000000000000018,0.9875,4.321875,3.321875,1.0,1.0,4.571874999999999,0.0125,0.0
16,CrossEntropyLoss,min-CPS,0.030000000000000027,0.984375,3.80625,2.80625,1.0,1.0,3.8479166666666655,0.015625,0.0
16,CrossEntropyLoss,min-CPS,0.050000000000000044,0.959375,3.05,2.05,1.0,1.0,3.6749999999999985,0.040625,0.0
16,CrossEntropyLoss,min-CPS,0.07999999999999996,0.925,2.671875,1.671875,1.0,1.0,3.5468750000000013,0.075,0.0
16,CrossEntropyLoss,min-CPS,0.09999999999999998,0.9125,2.33125,1.33125,1.0,1.0,3.08125,0.0875,0.0
16,CrossEntropyLoss,min-CPS,0.13,0.8375,1.925,0.925,1.0192307692307692,2.0,3.4730769230769227,0.165625,0.0
16,CrossEntropyLoss,min-CPS,0.15000000000000002,0.83125,1.909375,0.909375,1.0185185185185186,2.0,3.2010416666666663,0.171875,0.0
16,CrossEntropyLoss,min-CPS,0.18000000000000005,0.83125,1.871875,0.871875,1.037037037037037,2.0,2.816319444444444,0.175,0.0
16,CrossEntropyLoss,min-CPS,0.19999999999999996,0.81875,1.859375,0.859375,1.0517241379310345,2.0,2.765625,0.190625,0.0
16,CrossEntropyLoss,RPS,0.010000000000000009,1.0,3.946875,2.946875,,0.0,2.946875,0.0,0.0
16,CrossEntropyLoss,RPS,0.020000000000000018,0.9875,3.521875,2.521875,1.0,1.0,3.7718749999999988,0.0125,0.0
16,CrossEntropyLoss,RPS,0.030000000000000027,0.978125,3.234375,2.234375,1.0,1.0,3.692708333333333,0.021875,0.0
16,CrossEntropyLoss,RPS,0.050000000000000044,0.9625,2.715625,1.715625,1.0,1.0,3.2156249999999984,0.0375,0.0
16,CrossEntropyLoss,RPS,0.07999999999999996,0.93125,2.35,1.35,1.0,1.0,3.0687500000000014,0.06875,0.0
16,CrossEntropyLoss,RPS,0.09999999999999998,0.921875,2.234375,1.234375,1.0,1.0,2.796875,0.078125,0.0
16,CrossEntropyLoss,RPS,0.13,0.9,1.996875,0.996875,1.0,1.0,2.5353365384615385,0.1,0.0
16,CrossEntropyLoss,RPS,0.15000000000000002,0.871875,1.875,0.875,1.0,1.0,2.583333333333333,0.128125,0.0
16,CrossEntropyLoss,RPS,0.18000000000000005,0.815625,1.68125,0.68125,1.0169491525423728,2.0,2.764583333333333,0.1875,0.0
16,CrossEntropyLoss,RPS,0.19999999999999996,0.78125,1.6,0.6,1.0142857142857142,2.0,2.8187500000000005,0.221875,0.0
16,CrossEntropyLoss,OCDF,0.010000000000000009,0.9875,4.653125,3.653125,1.0,1.0,6.1531249999999975,0.0125,0.0
16,CrossEntropyLoss,OCDF,0.020000000000000018,0.978125,4.534375,3.534375,1.0,1.0,5.721874999999998,0.021875,0.0
16,CrossEntropyLoss,OCDF,0.030000000000000027,0.971875,4.3875,3.3875,1.0,1.0,5.262499999999998,0.028125,0.0
16,CrossEntropyLoss,OCDF,0.050000000000000044,0.95,3.875,2.875,1.0625,2.0,4.999999999999998,0.053125,0.0
16,CrossEntropyLoss,OCDF,0.07999999999999996,0.896875,3.378125,2.378125,1.0303030303030303,2.0,5.034375000000002,0.10625,0.0
16,CrossEntropyLoss,OCDF,0.09999999999999998,0.884375,3.10625,2.10625,1.027027027027027,2.0,4.48125,0.11875,0.0
16,CrossEntropyLoss,OCDF,0.13,0.8625,2.88125,1.88125,1.0227272727272727,2.0,4.044711538461539,0.140625,0.0
16,CrossEntropyLoss,OCDF,0.15000000000000002,0.828125,2.725,1.725,1.018181818181818,2.0,4.058333333333333,0.175,0.0
16,CrossEntropyLoss,OCDF,0.18000000000000005,0.80625,2.615625,1.615625,1.0483870967741935,2.0,3.8725694444444434,0.203125,0.0
16,CrossEntropyLoss,OCDF,0.19999999999999996,0.790625,2.509375,1.509375,1.0895522388059702,2.0,3.790625,0.228125,0.0
16,CrossEntropyLoss,APS,0.010000000000000009,0.99375,4.725,3.725,1.0,1.0,4.974999999999999,0.00625,0.0
16,CrossEntropyLoss,APS,0.020000000000000018,0.9875,4.040625,3.040625,1.0,1.0,4.290624999999999,0.0125,0.0
16,CrossEntropyLoss,APS,0.030000000000000027,0.984375,3.90625,2.90625,1.0,1.0,3.9479166666666656,0.015625,0.0
16,CrossEntropyLoss,APS,0.050000000000000044,0.9625,3.159375,2.159375,1.0,1.0,3.6593749999999985,0.0375,0.0
16,CrossEntropyLoss,APS,0.07999999999999996,0.934375,2.7375,1.7375,1.0,1.0,3.3781250000000016,0.065625,0.0
16,CrossEntropyLoss,APS,0.09999999999999998,0.9125,2.459375,1.459375,1.0,1.0,3.209375,0.0875,0.0
16,CrossEntropyLoss,APS,0.13,0.88125,2.109375,1.1125,1.0789473684210527,4.0,2.9875,0.128125,0.0
16,CrossEntropyLoss,APS,0.15000000000000002,0.8625,1.99375,0.996875,1.0909090909090908,4.0,2.9135416666666663,0.15,0.0
16,CrossEntropyLoss,APS,0.18000000000000005,0.815625,1.7875,0.79375,1.11864406779661,4.0,2.9118055555555555,0.20625,0.0
16,CrossEntropyLoss,APS,0.19999999999999996,0.7875,1.69375,0.7,1.1176470588235294,4.0,2.91875,0.2375,0.0
16,CrossEntropyLoss,LAC,0.010000000000000009,0.996875,4.7875,3.7875,1.0,1.0,4.4125,0.003125,0.0
16,CrossEntropyLoss,LAC,0.020000000000000018,0.984375,4.334375,3.334375,1.0,1.0,4.896874999999999,0.015625,0.0
16,CrossEntropyLoss,LAC,0.030000000000000027,0.98125,4.053125,3.053125,1.0,1.0,4.303125,0.01875,0.0
16,CrossEntropyLoss,LAC,0.050000000000000044,0.95625,3.165625,2.165625,1.0,1.0,3.9156249999999986,0.04375,0.0
16,CrossEntropyLoss,LAC,0.07999999999999996,0.940625,2.409375,1.409375,1.0,1.0,2.8937500000000007,0.059375,0.0
16,CrossEntropyLoss,LAC,0.09999999999999998,0.91875,2.29375,1.29375,1.0,1.0,2.91875,0.08125,0.0
16,CrossEntropyLoss,LAC,0.13,0.890625,1.95,0.95,1.0,1.0,2.6326923076923077,0.109375,0.0
16,CrossEntropyLoss,LAC,0.15000000000000002,0.871875,1.8125,0.8125,1.0,1.0,2.520833333333333,0.128125,0.0
16,CrossEntropyLoss,LAC,0.18000000000000005,0.846875,1.684375,0.684375,1.0,1.0,2.3857638888888886,0.153125,0.0
16,CrossEntropyLoss,LAC,0.19999999999999996,0.83125,1.63125,0.63125,1.0,1.0,2.31875,0.16875,0.0
17,CrossEntropyLoss,min-CPS,0.010000000000000009,0.98125,4.60625,3.60625,1.0,1.0,7.3562499999999975,0.01875,0.0
17,CrossEntropyLoss,min-CPS,0.020000000000000018,0.971875,3.771875,2.771875,1.0,1.0,5.584374999999998,0.028125,0.0
17,CrossEntropyLoss,min-CPS,0.030000000000000027,0.9625,3.496875,2.496875,1.0,1.0,4.9968749999999975,0.0375,0.0
17,CrossEntropyLoss,min-CPS,0.050000000000000044,0.959375,3.096875,2.096875,1.0,1.0,3.7218749999999985,0.040625,0.0
17,CrossEntropyLoss,min-CPS,0.07999999999999996,0.928125,2.7125,1.7125,1.0434782608695652,2.0,3.5875000000000012,0.075,0.0
17,CrossEntropyLoss,min-CPS,0.09999999999999998,0.9125,2.353125,1.353125,1.0357142857142858,2.0,3.165625,0.090625,0.0
17,CrossEntropyLoss,min-CPS,0.13,0.865625,1.975,0.975,1.069767441860465,2.0,3.1865384615384613,0.14375,0.0
17,CrossEntropyLoss,min-CPS,0.15000000000000002,0.84375,1.934375,0.934375,1.06,2.0,3.142708333333333,0.165625,0.0
17,CrossEntropyLoss,min-CPS,0.18000000000000005,0.80625,1.878125,0.878125,1.064516129032258,2.0,3.169791666666666,0.20625,0.0
17,CrossEntropyLoss,min-CPS,0.19999999999999996,0.796875,1.865625,0.865625,1.0615384615384615,2.0,3.021875,0.215625,0.0
17,CrossEntropyLoss,RPS,0.010000000000000009,0.9875,3.728125,2.728125,1.0,1.0,5.228124999999998,0.0125,0.0
17,CrossEntropyLoss,RPS,0.020000000000000018,0.975,3.309375,2.309375,1.0,1.0,4.8093749999999975,0.025,0.0
17,CrossEntropyLoss,RPS,0.030000000000000027,0.9625,2.971875,1.971875,1.0,1.0,4.471874999999998,0.0375,0.0
17,CrossEntropyLoss,RPS,0.050000000000000044,0.94375,2.61875,1.61875,1.0,1.0,3.8687499999999977,0.05625,0.0
17,CrossEntropyLoss,RPS,0.07999999999999996,0.921875,2.315625,1.315625,1.0,1.0,3.2687500000000016,0.078125,0.0
17,CrossEntropyLoss,RPS,0.09999999999999998,0.9125,2.228125,1.228125,1.0,1.0,2.978125,0.0875,0.0
17,CrossEntropyLoss,RPS,0.13,0.871875,1.91875,0.91875,1.024390243902439,2.0,2.9379807692307685,0.13125,0.0
17,CrossEntropyLoss,RPS,0.15000000000000002,0.853125,1.815625,0.815625,1.0212765957446808,2.0,2.815625,0.15,0.0
17,CrossEntropyLoss,RPS,0.18000000000000005,0.80625,1.696875,0.696875,1.0483870967741935,2.0,2.953819444444444,0.203125,0.0
17,CrossEntropyLoss,RPS,0.19999999999999996,0.784375,1.628125,0.628125,1.0434782608695652,2.0,2.8781250000000003,0.225,0.0
17,CrossEntropyLoss,OCDF,0.010000000000000009,0.9875,4.690625,3.690625,1.0,1.0,6.190624999999998,0.0125,0.0
17,CrossEntropyLoss,OCDF,0.020000000000000018,0.984375,4.596875,3.596875,1.0,1.0,5.159374999999999,0.015625,0.0
17,CrossEntropyLoss,OCDF,0.030000000000000027,0.965625,4.3125,3.3125,1.0,1.0,5.604166666666666,0.034375,0.0
17,CrossEntropyLoss,OCDF,0.050000000000000044,0.94375,3.821875,2.821875,1.0555555555555556,2.0,5.196874999999998,0.059375,0.0
17,CrossEntropyLoss,OCDF,0.07999999999999996,0.925,3.4875,2.4875,1.0416666666666667,2.0,4.440625000000002,0.078125,0.0
17,CrossEntropyLoss,OCDF,0.09999999999999998,0.909375,3.278125,2.278125,1.0344827586206897,2.0,4.153125,0.09375,0.0
17,CrossEntropyLoss,OCDF,0.13,0.88125,2.93125,1.93125,1.0526315789473684,2.0,3.8543269230769233,0.125,0.0
17,CrossEntropyLoss,OCDF,0.15000000000000002,0.865625,2.771875,1.771875,1.0465116279069768,2.0,3.646875,0.140625,0.0
17,CrossEntropyLoss,OCDF,0.18000000000000005,0.825,2.60625,1.60625,1.0357142857142858,2.0,3.6201388888888886,0.18125,0.0
17,CrossEntropyLoss,OCDF,0.19999999999999996,0.815625,2.503125,1.503125,1.0508474576271187,2.0,3.440625,0.19375,0.0
17,CrossEntropyLoss,APS,0.010000000000000009,0.98125,4.41875,3.41875,1.0,1.0,7.1687499999999975,0.01875,0.0
17,CrossEntropyLoss,APS,0.020000000000000018,0.975,3.96875,2.96875,1.125,2.0,5.781249999999998,0.028125,0.0
17,CrossEntropyLoss,APS,0.030000000000000027,0.965625,3.421875,2.421875,1.0909090909090908,2.0,4.921874999999998,0.0375,0.0
17,CrossEntropyLoss,APS,0.050000000000000044,0.95625,3.24375,2.24375,1.0714285714285714,2.0,4.118749999999999,0.046875,0.0
17,CrossEntropyLoss,APS,0.07999999999999996,0.925,2.60625,1.60625,1.0416666666666667,2.0,3.5593750000000015,0.078125,0.0
17,CrossEntropyLoss,APS,0.09999999999999998,0.909375,2.409375,1.409375,1.0344827586206897,2.0,3.284375,0.09375,0.0
17,CrossEntropyLoss,APS,0.13,0.8875,2.175,1.175,1.0277777777777777,2.0,2.9538461538461536,0.115625,0.0
17,CrossEntropyLoss,APS,0.15000000000000002,0.871875,2.0375,1.0375,1.024390243902439,2.0,2.7875,0.13125,0.0
17,CrossEntropyLoss,APS,0.18000000000000005,0.8125,1.790625,0.796875,1.1333333333333333,4.0,2.9496527777777772,0.2125,0.0
17,CrossEntropyLoss,APS,0.19999999999999996,0.775,1.68125,0.6875,1.125,4.0,3.03125,0.253125,0.0
17,CrossEntropyLoss,LAC,0.010000000000000009,0.98125,4.503125,3.503125,1.0,1.0,7.253124999999997,0.01875,0.0
17,CrossEntropyLoss,LAC,0.020000000000000018,0.971875,4.1,3.1,1.0,1.0,5.912499999999998,0.028125,0.0
17,CrossEntropyLoss,LAC,0.030000000000000027,0.96875,3.696875,2.696875,1.0,1.0,4.780208333333332,0.03125,0.0
17,CrossEntropyLoss,LAC,0.050000000000000044,0.953125,3.196875,2.196875,1.0,1.0,4.071874999999999,0.046875,0.0
17,CrossEntropyLoss,LAC,0.07999999999999996,0.925,2.375,1.375,1.0,1.0,3.2500000000000013,0.075,0.0
17,CrossEntropyLoss,LAC,0.09999999999999998,0.90625,2.234375,1.234375,1.0333333333333334,2.0,3.171875,0.096875,0.0
17,CrossEntropyLoss,LAC,0.13,0.865625,1.85625,0.85625,1.0232558139534884,2.0,2.971634615384615,0.1375,0.0
17,CrossEntropyLoss,LAC,0.15000000000000002,0.853125,1.78125,0.78125,1.0212765957446808,2.0,2.78125,0.15,0.0
17,CrossEntropyLoss,LAC,0.18000000000000005,0.815625,1.6625,0.6625,1.0169491525423728,2.0,2.7458333333333327,0.1875,0.0
17,CrossEntropyLoss,LAC,0.19999999999999996,0.8125,1.646875,0.646875,1.0166666666666666,2.0,2.553125,0.190625,0.0
18,CrossEntropyLoss,min-CPS,0.010000000000000009,0.990625,4.7625,3.7625,1.0,1.0,5.637499999999998,0.009375,0.0
18,CrossEntropyLoss,min-CPS,0.020000000000000018,0.975,3.85,2.85,1.0,1.0,5.349999999999998,0.025,0.0
18,CrossEntropyLoss,min-CPS,0.030000000000000027,0.971875,3.59375,2.59375,1.0,1.0,4.468749999999998,0.028125,0.0
18,CrossEntropyLoss,min-CPS,0.050000000000000044,0.94375,3.071875,2.071875,1.0,1.0,4.321874999999999,0.05625,0.0
18,CrossEntropyLoss,min-CPS,0.07999999999999996,0.89375,2.371875,1.371875,1.0588235294117647,2.0,4.184375000000001,0.1125,0.0
18,CrossEntropyLoss,min-CPS,0.09999999999999998,0.884375,2.228125,1.228125,1.054054054054054,2.0,3.665625,0.121875,0.0
18,CrossEntropyLoss,min-CPS,0.13,0.871875,1.99375,0.99375,1.0731707317073171,2.0,3.1091346153846153,0.1375,0.0
18,CrossEntropyLoss,min-CPS,0.15000000000000002,0.865625,1.94375,0.94375,1.069767441860465,2.0,2.8604166666666666,0.14375,0.0
18,CrossEntropyLoss,min-CPS,0.18000000000000005,0.840625,1.903125,0.903125,1.0784313725490196,2.0,2.8128472222222216,0.171875,0.0
18,CrossEntropyLoss,min-CPS,0.19999999999999996,0.803125,1.8625,0.8625,1.0634920634920635,2.0,2.95625,0.209375,0.0
18,CrossEntropyLoss,RPS,0.010000000000000009,0.9875,3.734375,2.734375,1.0,1.0,5.234374999999998,0.0125,0.0
18,CrossEntropyLoss,RPS,0.020000000000000018,0.98125,3.43125,2.43125,1.0,1.0,4.306249999999999,0.01875,0.0
18,CrossEntropyLoss,RPS,0.030000000000000027,0.975,3.1625,2.1625,1.0,1.0,3.8291666666666657,0.025,0.0
18,CrossEntropyLoss,RPS,0.050000000000000044,0.946875,2.6625,1.6625,1.0,1.0,3.7874999999999988,0.053125,0.0
18,CrossEntropyLoss,RPS,0.07999999999999996,0.90625,2.24375,1.24375,1.0,1.0,3.5875000000000012,0.09375,0.0
18,CrossEntropyLoss,RPS,0.09999999999999998,0.884375,2.0375,1.0375,1.027027027027027,2.0,3.4125,0.11875,0.0
18,CrossEntropyLoss,RPS,0.13,0.846875,1.853125,0.853125,1.0408163265306123,2.0,3.3050480769230774,0.159375,0.0
18,CrossEntropyLoss,RPS,0.15000000000000002,0.828125,1.790625,0.790625,1.0363636363636364,2.0,3.1656249999999995,0.178125,0.0
18,CrossEntropyLoss,RPS,0.18000000000000005,0.796875,1.6875,0.6875,1.0461538461538462,2.0,3.0486111111111107,0.2125,0.0
18,CrossEntropyLoss,RPS,0.19999999999999996,0.775,1.571875,0.571875,1.0416666666666667,2.0,2.915625,0.234375,0.0
18,CrossEntropyLoss,OCDF,0.010000000000000009,0.984375,4.66875,3.66875,1.0,1.0,6.7937499999999975,0.015625,0.0
18,CrossEntropyLoss,OCDF,0.020000000000000018,0.96875,4.44375,3.44375,1.0,1.0,6.568749999999997,0.03125,0.0
18,CrossEntropyLoss,OCDF,0.030000000000000027,0.95625,4.221875,3.221875,1.0,1.0,6.138541666666665,0.04375,0.0
18,CrossEntropyLoss,OCDF,0.050000000000000044,0.94375,3.846875,2.846875,1.0555555555555556,2.0,5.221874999999999,0.059375,0.0
18,CrossEntropyLoss,OCDF,0.07999999999999996,0.903125,3.44375,2.44375,1.032258064516129,2.0,4.943750000000001,0.1,0.0
18,CrossEntropyLoss,OCDF,0.09999999999999998,0.890625,3.1625,2.1625,1.0285714285714285,2.0,4.4125,0.1125,0.0
18,CrossEntropyLoss,OCDF,0.13,0.878125,2.98125,1.98125,1.0256410256410255,2.0,3.9043269230769226,0.125,0.0
18,CrossEntropyLoss,OCDF,0.15000000000000002,0.84375,2.753125,1.753125,1.02,2.0,3.878125,0.159375,0.0
18,CrossEntropyLoss,OCDF,0.18000000000000005,0.821875,2.65,1.65,1.0350877192982457,2.0,3.69861111111111,0.184375,0.0
18,CrossEntropyLoss,OCDF,0.19999999999999996,0.803125,2.496875,1.496875,1.0476190476190477,2.0,3.559375,0.20625,0.0
18,CrossEntropyLoss,APS,0.010000000000000009,0.9875,4.59375,3.59375,1.0,1.0,6.093749999999998,0.0125,0.0
18,CrossEntropyLoss,APS,0.020000000000000018,0.975,3.934375,2.934375,1.0,1.0,5.4343749999999975,0.025,0.0
18,CrossEntropyLoss,APS,0.030000000000000027,0.9625,3.45,2.45,1.0,1.0,4.949999999999998,0.0375,0.0
18,CrossEntropyLoss,APS,0.050000000000000044,0.9375,2.89375,1.89375,1.05,2.0,4.518749999999997,0.065625,0.0
18,CrossEntropyLoss,APS,0.07999999999999996,0.921875,2.634375,1.634375,1.08,2.0,3.7437500000000012,0.084375,0.0
18,CrossEntropyLoss,APS,0.09999999999999998,0.9,2.396875,1.396875,1.0625,2.0,3.521875,0.10625,0.0
18,CrossEntropyLoss,APS,0.13,0.86875,2.23125,1.23125,1.0476190476190477,2.0,3.3466346153846147,0.1375,0.0
18,CrossEntropyLoss,APS,0.15000000000000002,0.84375,2.04375,1.04375,1.06,2.0,3.2520833333333328,0.165625,0.0
18,CrossEntropyLoss,APS,0.18000000000000005,0.81875,1.89375,0.89375,1.0517241379310345,2.0,3.011805555555555,0.190625,0.0
18,CrossEntropyLoss,APS,0.19999999999999996,0.796875,1.809375,0.809375,1.0461538461538462,2.0,2.934375,0.2125,0.0
18,CrossEntropyLoss,LAC,0.010000000000000009,0.99375,4.825,3.825,1.0,1.0,5.074999999999998,0.00625,0.0
18,CrossEntropyLoss,LAC,0.020000000000000018,0.98125,4.359375,3.359375,1.0,1.0,5.234374999999998,0.01875,0.0
18,CrossEntropyLoss,LAC,0.030000000000000027,0.965625,3.684375,2.684375,1.0,1.0,4.976041666666665,0.034375,0.0
18,CrossEntropyLoss,LAC,0.050000000000000044,0.9375,2.79375,1.79375,1.0,1.0,4.2937499999999975,0.0625,0.0
18,CrossEntropyLoss,LAC,0.07999999999999996,0.909375,2.31875,1.31875,1.0,1.0,3.5843750000000014,0.090625,0.0
18,CrossEntropyLoss,LAC,0.09999999999999998,0.89375,2.05625,1.05625,1.0294117647058822,2.0,3.24375,0.109375,0.0
18,CrossEntropyLoss,LAC,0.13,0.85,1.80625,0.80625,1.0416666666666667,2.0,3.210096153846153,0.15625,0.0
18,CrossEntropyLoss,LAC,0.15000000000000002,0.828125,1.7,0.7,1.0363636363636364,2.0,3.0749999999999997,0.178125,0.0
18,CrossEntropyLoss,LAC,0.18000000000000005,0.821875,1.653125,0.653125,1.0350877192982457,2.0,2.701736111111111,0.184375,0.0
18,CrossEntropyLoss,LAC,0.19999999999999996,0.8,1.590625,0.590625,1.03125,2.0,2.653125,0.20625,0.0
19,CrossEntropyLoss,min-CPS,0.010000000000000009,0.99375,4.85,3.85,1.0,1.0,5.099999999999999,0.00625,0.0
19,CrossEntropyLoss,min-CPS,0.020000000000000018,0.984375,4.325,3.325,1.0,1.0,4.887499999999998,0.015625,0.0
19,CrossEntropyLoss,min-CPS,0.030000000000000027,0.98125,3.653125,2.653125,1.0,1.0,3.9031249999999993,0.01875,0.0
19,CrossEntropyLoss,min-CPS,0.050000000000000044,0.959375,3.090625,2.090625,1.0,1.0,3.7156249999999984,0.040625,0.0
19,CrossEntropyLoss,min-CPS,0.07999999999999996,0.928125,2.71875,1.71875,1.0434782608695652,2.0,3.5937500000000013,0.075,0.0
19,CrossEntropyLoss,min-CPS,0.09999999999999998,0.921875,2.3875,1.3875,1.08,2.0,3.075,0.084375,0.0
19,CrossEntropyLoss,min-CPS,0.13,0.89375,2.10625,1.10625,1.0588235294117647,2.0,2.8370192307692306,0.1125,0.0
19,CrossEntropyLoss,min-CPS,0.15000000000000002,0.88125,1.959375,0.959375,1.0789473684210527,2.0,2.6677083333333327,0.128125,0.0
19,CrossEntropyLoss,min-CPS,0.18000000000000005,0.84375,1.896875,0.896875,1.06,2.0,2.7371527777777773,0.165625,0.0
19,CrossEntropyLoss,min-CPS,0.19999999999999996,0.834375,1.878125,0.878125,1.0566037735849056,2.0,2.628125,0.175,0.0
19,CrossEntropyLoss,RPS,0.010000000000000009,0.990625,3.7625,2.7625,1.0,1.0,4.637499999999998,0.009375,0.0
19,CrossEntropyLoss,RPS,0.020000000000000018,0.990625,3.659375,2.659375,1.0,1.0,3.5968749999999985,0.009375,0.0
19,CrossEntropyLoss,RPS,0.030000000000000027,0.990625,3.44375,2.44375,1.0,1.0,3.0687499999999996,0.009375,0.0
19,CrossEntropyLoss,RPS,0.050000000000000044,0.959375,2.675,1.675,1.0,1.0,3.2999999999999985,0.040625,0.0
19,CrossEntropyLoss,RPS,0.07999999999999996,0.93125,2.315625,1.315625,1.0,1.0,3.034375000000001,0.06875,0.0
19,CrossEntropyLoss,RPS,0.09999999999999998,0.9125,2.240625,1.240625,1.0,1.0,2.990625,0.0875,0.0
19,CrossEntropyLoss,RPS,0.13,0.89375,1.9625,0.9625,1.0588235294117647,2.0,2.6932692307692307,0.1125,0.0
19,CrossEntropyLoss,RPS,0.15000000000000002,0.86875,1.840625,0.840625,1.0476190476190477,2.0,2.673958333333333,0.1375,0.0
19,CrossEntropyLoss,RPS,0.18000000000000005,0.828125,1.734375,0.734375,1.0545454545454545,2.0,2.7482638888888884,0.18125,0.0
19,CrossEntropyLoss,RPS,0.19999999999999996,0.79375,1.628125,0.628125,1.0454545454545454,2.0,2.784375,0.215625,0.0
19,CrossEntropyLoss,OCDF,0.010000000000000009,0.996875,4.7625,3.7625,1.0,1.0,4.387499999999999,0.003125,0.0
19,CrossEntropyLoss,OCDF,0.020000000000000018,0.99375,4.69375,3.69375,1.0,1.0,4.31875,0.00625,0.0
19,CrossEntropyLoss,OCDF,0.030000000000000027,0.978125,4.478125,3.478125,1.0,1.0,4.9364583333333325,0.021875,0.0
19,CrossEntropyLoss,OCDF,0.050000000000000044,0.946875,3.85625,2.85625,1.0,1.0,4.981249999999998,0.053125,0.0
19,CrossEntropyLoss,OCDF,0.07999999999999996,0.903125,3.371875,2.371875,1.0,1.0,4.793750000000001,0.096875,0.0
19,CrossEntropyLoss,OCDF,0.09999999999999998,0.89375,3.146875,2.146875,1.0,1.0,4.271875,0.10625,0.0
19,CrossEntropyLoss,OCDF,0.13,0.8625,2.8375,1.8375,1.0227272727272727,2.0,4.000961538461539,0.140625,0.0
19,CrossEntropyLoss,OCDF,0.15000000000000002,0.840625,2.68125,1.68125,1.0196078431372548,2.0,3.8479166666666664,0.1625,0.0
19,CrossEntropyLoss,OCDF,0.18000000000000005,0.80625,2.5375,1.5375,1.0161290322580645,2.0,3.724999999999999,0.196875,0.0
19,CrossEntropyLoss,OCDF,0.19999999999999996,0.74375,2.334375,1.334375,1.024390243902439,2.0,3.959375,0.2625,0.0
19,CrossEntropyLoss,APS,0.010000000000000009,0.990625,4.621875,3.621875,1.0,1.0,5.496874999999998,0.009375,0.0
19,CrossEntropyLoss,APS,0.020000000000000018,0.9875,4.390625,3.390625,1.0,1.0,4.640624999999998,0.0125,0.0
19,CrossEntropyLoss,APS,0.030000000000000027,0.975,3.646875,2.646875,1.0,1.0,4.313541666666666,0.025,0.0
19,CrossEntropyLoss,APS,0.050000000000000044,0.95625,3.146875,2.146875,1.0,1.0,3.8968749999999988,0.04375,0.0
19,CrossEntropyLoss,APS,0.07999999999999996,0.934375,2.771875,1.771875,1.0476190476190477,2.0,3.4906250000000014,0.06875,0.0
19,CrossEntropyLoss,APS,0.09999999999999998,0.91875,2.434375,1.434375,1.0769230769230769,2.0,3.184375,0.0875,0.0
19,CrossEntropyLoss,APS,0.13,0.875,2.103125,1.10625,1.125,4.0,3.173557692307692,0.140625,0.0
19,CrossEntropyLoss,APS,0.15000000000000002,0.86875,2.03125,1.034375,1.119047619047619,4.0,2.909375,0.146875,0.0
19,CrossEntropyLoss,APS,0.18000000000000005,0.809375,1.765625,0.76875,1.098360655737705,4.0,3.0256944444444445,0.209375,0.0
19,CrossEntropyLoss,APS,0.19999999999999996,0.79375,1.709375,0.7125,1.0909090909090908,4.0,2.9,0.225,0.0
19,CrossEntropyLoss,LAC,0.010000000000000009,0.990625,4.815625,3.815625,1.0,1.0,5.690624999999999,0.009375,0.0
19,CrossEntropyLoss,LAC,0.020000000000000018,0.9875,4.503125,3.503125,1.0,1.0,4.753124999999999,0.0125,0.0
19,CrossEntropyLoss,LAC,0.030000000000000027,0.978125,4.0875,3.0875,1.0,1.0,4.5458333333333325,0.021875,0.0
19,CrossEntropyLoss,LAC,0.050000000000000044,0.959375,3.334375,2.334375,1.0,1.0,3.9593749999999988,0.040625,0.0
19,CrossEntropyLoss,LAC,0.07999999999999996,0.93125,2.390625,1.390625,1.0,1.0,3.109375000000001,0.06875,0.0
19,CrossEntropyLoss,LAC,0.09999999999999998,0.921875,2.29375,1.29375,1.04,2.0,2.91875,0.08125,0.0
19,CrossEntropyLoss,LAC,0.13,0.9,1.96875,0.96875,1.03125,2.0,2.5552884615384612,0.103125,0.0
19,CrossEntropyLoss,LAC,0.15000000000000002,0.871875,1.8,0.8,1.048780487804878,2.0,2.5916666666666663,0.134375,0.0
19,CrossEntropyLoss,LAC,0.18000000000000005,0.85,1.665625,0.665625,1.0416666666666667,2.0,2.4017361111111106,0.15625,0.0
19,CrossEntropyLoss,LAC,0.19999999999999996,0.84375,1.634375,0.634375,1.04,2.0,2.2593750000000004,0.1625,0.0
20,CrossEntropyLoss,min-CPS,0.010000000000000009,0.98125,4.603125,3.603125,1.0,1.0,7.353124999999997,0.01875,0.0
20,CrossEntropyLoss,min-CPS,0.020000000000000018,0.975,3.821875,2.821875,1.0,1.0,5.321874999999999,0.025,0.0
20,CrossEntropyLoss,min-CPS,0.030000000000000027,0.9625,3.46875,2.46875,1.0,1.0,4.968749999999998,0.0375,0.0
20,CrossEntropyLoss,min-CPS,0.050000000000000044,0.94375,3.05625,2.05625,1.0,1.0,4.306249999999999,0.05625,0.0
20,CrossEntropyLoss,min-CPS,0.07999999999999996,0.921875,2.621875,1.621875,1.04,2.0,3.6531250000000015,0.08125,0.0
20,CrossEntropyLoss,min-CPS,0.09999999999999998,0.890625,2.228125,1.228125,1.0285714285714285,2.0,3.478125,0.1125,0.0
20,CrossEntropyLoss,min-CPS,0.13,0.85625,1.94375,0.94375,1.0434782608695652,2.0,3.251442307692307,0.15,0.0
20,CrossEntropyLoss,min-CPS,0.15000000000000002,0.834375,1.921875,0.921875,1.0377358490566038,2.0,3.2135416666666665,0.171875,0.0
20,CrossEntropyLoss,min-CPS,0.18000000000000005,0.79375,1.865625,0.865625,1.0606060606060606,2.0,3.296180555555555,0.21875,0.0
20,CrossEntropyLoss,min-CPS,0.19999999999999996,0.775,1.834375,0.834375,1.0555555555555556,2.0,3.209375,0.2375,0.0
20,CrossEntropyLoss,RPS,0.010000000000000009,0.99375,3.846875,2.846875,1.0,1.0,4.096874999999999,0.00625,0.0
20,CrossEntropyLoss,RPS,0.020000000000000018,0.984375,3.51875,2.51875,1.0,1.0,4.081249999999999,0.015625,0.0
20,CrossEntropyLoss,RPS,0.030000000000000027,0.975,3.178125,2.178125,1.0,1.0,3.8447916666666657,0.025,0.0
20,CrossEntropyLoss,RPS,0.050000000000000044,0.94375,2.59375,1.59375,1.0,1.0,3.843749999999998,0.05625,0.0
20,CrossEntropyLoss,RPS,0.07999999999999996,0.93125,2.309375,1.309375,1.0,1.0,3.028125000000001,0.06875,0.0
20,CrossEntropyLoss,RPS,0.09999999999999998,0.903125,2.16875,1.16875,1.032258064516129,2.0,3.16875,0.1,0.0
20,CrossEntropyLoss,RPS,0.13,0.878125,1.915625,0.915625,1.0256410256410255,2.0,2.838701923076923,0.125,0.0
20,CrossEntropyLoss,RPS,0.15000000000000002,0.859375,1.840625,0.840625,1.0222222222222221,2.0,2.7572916666666663,0.14375,0.0
20,CrossEntropyLoss,RPS,0.18000000000000005,0.834375,1.74375,0.74375,1.0377358490566038,2.0,2.653472222222222,0.171875,0.0
20,CrossEntropyLoss,RPS,0.19999999999999996,0.80625,1.665625,0.665625,1.032258064516129,2.0,2.6656250000000004,0.2,0.0
20,CrossEntropyLoss,OCDF,0.010000000000000009,0.98125,4.65625,3.65625,1.0,1.0,7.406249999999997,0.01875,0.0
20,CrossEntropyLoss,OCDF,0.020000000000000018,0.965625,4.43125,3.43125,1.0,1.0,6.868749999999997,0.034375,0.0
20,CrossEntropyLoss,OCDF,0.030000000000000027,0.965625,4.346875,3.346875,1.0,1.0,5.638541666666666,0.034375,0.0
20,CrossEntropyLoss,OCDF,0.050000000000000044,0.95625,3.996875,2.996875,1.0714285714285714,2.0,4.871874999999998,0.046875,0.0
20,CrossEntropyLoss,OCDF,0.07999999999999996,0.95,3.73125,2.73125,1.0625,2.0,4.059375000000001,0.053125,0.0
20,CrossEntropyLoss,OCDF,0.09999999999999998,0.93125,3.409375,2.409375,1.0454545454545454,2.0,3.846875,0.071875,0.0
20,CrossEntropyLoss,OCDF,0.13,0.909375,3.0875,2.0875,1.0344827586206897,2.0,3.529807692307692,0.09375,0.0
20,CrossEntropyLoss,OCDF,0.15000000000000002,0.896875,2.9,1.9,1.0606060606060606,2.0,3.358333333333333,0.109375,0.0
20,CrossEntropyLoss,OCDF,0.18000000000000005,0.865625,2.659375,1.659375,1.0465116279069768,2.0,3.221875,0.140625,0.0
20,CrossEntropyLoss,OCDF,0.19999999999999996,0.859375,2.621875,1.621875,1.0666666666666667,2.0,3.121875,0.15,0.0
20,CrossEntropyLoss,APS,0.010000000000000009,0.98125,4.4625,3.4625,1.0,1.0,7.212499999999997,0.01875,0.0
20,CrossEntropyLoss,APS,0.020000000000000018,0.978125,3.86875,2.86875,1.0,1.0,5.056249999999999,0.021875,0.0
20,CrossEntropyLoss,APS,0.030000000000000027,0.959375,3.49375,2.49375,1.0,1.0,5.202083333333332,0.040625,0.0
20,CrossEntropyLoss,APS,0.050000000000000044,0.934375,2.928125,1.928125,1.0476190476190477,2.0,4.678124999999998,0.06875,0.0
20,CrossEntropyLoss,APS,0.07999999999999996,0.903125,2.503125,1.503125,1.032258064516129,2.0,4.003125000000002,0.1,0.0
20,CrossEntropyLoss,APS,0.09999999999999998,0.859375,2.125,1.125,1.0666666666666667,2.0,4.125,0.15,0.0
20,CrossEntropyLoss,APS,0.13,0.846875,1.99375,0.99375,1.0612244897959184,2.0,3.4937499999999995,0.1625,0.0
20,CrossEntropyLoss,APS,0.15000000000000002,0.834375,1.903125,0.903125,1.0754716981132075,2.0,3.2781249999999993,0.178125,0.0
20,CrossEntropyLoss,APS,0.18000000000000005,0.81875,1.778125,0.778125,1.0689655172413792,2.0,2.930902777777777,0.19375,0.0
20,CrossEntropyLoss,APS,0.19999999999999996,0.796875,1.69375,0.69375,1.0769230769230769,2.0,2.88125,0.21875,0.0
20,CrossEntropyLoss,LAC,0.010000000000000009,0.98125,4.515625,3.515625,1.0,1.0,7.265624999999997,0.01875,0.0
20,CrossEntropyLoss,LAC,0.020000000000000018,0.975,4.2,3.2,1.0,1.0,5.699999999999998,0.025,0.0
20,CrossEntropyLoss,LAC,0.030000000000000027,0.9625,3.653125,2.653125,1.0,1.0,5.153124999999998,0.0375,0.0
20,CrossEntropyLoss,LAC,0.050000000000000044,0.94375,2.825,1.825,1.0,1.0,4.0749999999999975,0.05625,0.0
20,CrossEntropyLoss,LAC,0.07999999999999996,0.9375,2.384375,1.384375,1.0,1.0,2.9468750000000012,0.0625,0.0
20,CrossEntropyLoss,LAC,0.09999999999999998,0.9,2.128125,1.128125,1.03125,2.0,3.190625,0.103125,0.0
20,CrossEntropyLoss,LAC,0.13,0.88125,1.91875,0.91875,1.0263157894736843,2.0,2.7937499999999997,0.121875,0.0
20,CrossEntropyLoss,LAC,0.15000000000000002,0.859375,1.75625,0.75625,1.0222222222222221,2.0,2.6729166666666666,0.14375,0.0
20,CrossEntropyLoss,LAC,0.18000000000000005,0.828125,1.634375,0.634375,1.018181818181818,2.0,2.578819444444444,0.175,0.0
20,CrossEntropyLoss,LAC,0.19999999999999996,0.809375,1.596875,0.596875,1.0163934426229508,2.0,2.5343750000000003,0.19375,0.0
21,CrossEntropyLoss,min-CPS,0.010000000000000009,0.99375,4.871875,3.871875,1.0,1.0,5.121874999999998,0.00625,0.0
21,CrossEntropyLoss,min-CPS,0.020000000000000018,0.984375,4.30625,3.30625,1.0,1.0,4.868749999999999,0.015625,0.0
21,CrossEntropyLoss,min-CPS,0.030000000000000027,0.975,3.6,2.6,1.0,1.0,4.266666666666666,0.025,0.0
21,CrossEntropyLoss,min-CPS,0.050000000000000044,0.96875,3.275,2.275,1.0,1.0,3.5249999999999986,0.03125,0.0
21,CrossEntropyLoss,min-CPS,0.07999999999999996,0.925,2.6875,1.6875,1.0,1.0,3.5625000000000013,0.075,0.0
21,CrossEntropyLoss,min-CPS,0.09999999999999998,0.871875,2.1125,1.1125,1.0,1.0,3.675,0.128125,0.0
21,CrossEntropyLoss,min-CPS,0.13,0.84375,1.946875,0.946875,1.02,2.0,3.3987980769230766,0.159375,0.0
21,CrossEntropyLoss,min-CPS,0.15000000000000002,0.8125,1.909375,0.909375,1.0333333333333334,2.0,3.492708333333333,0.19375,0.0
21,CrossEntropyLoss,min-CPS,0.18000000000000005,0.8,1.878125,0.878125,1.046875,2.0,3.2045138888888887,0.209375,0.0
21,CrossEntropyLoss,min-CPS,0.19999999999999996,0.771875,1.846875,0.846875,1.0410958904109588,2.0,3.221875,0.2375,0.0
21,CrossEntropyLoss,RPS,0.010000000000000009,1.0,3.953125,2.953125,,0.0,2.953125,0.0,0.0
21,CrossEntropyLoss,RPS,0.020000000000000018,0.984375,3.509375,2.509375,1.0,1.0,4.071874999999999,0.015625,0.0
21,CrossEntropyLoss,RPS,0.030000000000000027,0.98125,3.290625,2.290625,1.0,1.0,3.5406249999999995,0.01875,0.0
21,CrossEntropyLoss,RPS,0.050000000000000044,0.9625,2.715625,1.715625,1.0,1.0,3.2156249999999984,0.0375,0.0
21,CrossEntropyLoss,RPS,0.07999999999999996,0.925,2.33125,1.33125,1.0,1.0,3.2062500000000016,0.075,0.0
21,CrossEntropyLoss,RPS,0.09999999999999998,0.89375,2.090625,1.090625,1.0,1.0,3.215625,0.10625,0.0
21,CrossEntropyLoss,RPS,0.13,0.846875,1.834375,0.834375,1.0,1.0,3.1901442307692305,0.153125,0.0
21,CrossEntropyLoss,RPS,0.15000000000000002,0.834375,1.7875,0.7875,1.0,1.0,2.995833333333333,0.165625,0.0
21,CrossEntropyLoss,RPS,0.18000000000000005,0.803125,1.690625,0.690625,1.0158730158730158,2.0,2.9128472222222213,0.2,0.0
21,CrossEntropyLoss,RPS,0.19999999999999996,0.76875,1.58125,0.58125,1.0135135135135136,2.0,2.9250000000000007,0.234375,0.0
21,CrossEntropyLoss,OCDF,0.010000000000000009,0.978125,4.6,3.6,1.0,1.0,7.974999999999997,0.021875,0.0
21,CrossEntropyLoss,OCDF,0.020000000000000018,0.971875,4.540625,3.540625,1.0,1.0,6.353124999999997,0.028125,0.0
21,CrossEntropyLoss,OCDF,0.030000000000000027,0.96875,4.334375,3.334375,1.0,1.0,5.417708333333332,0.03125,0.0
21,CrossEntropyLoss,OCDF,0.050000000000000044,0.94375,3.8375,2.8375,1.0555555555555556,2.0,5.212499999999998,0.059375,0.0
21,CrossEntropyLoss,OCDF,0.07999999999999996,0.915625,3.459375,2.459375,1.037037037037037,2.0,4.646875000000001,0.0875,0.0
21,CrossEntropyLoss,OCDF,0.09999999999999998,0.88125,3.11875,2.11875,1.0263157894736843,2.0,4.55625,0.121875,0.0
21,CrossEntropyLoss,OCDF,0.13,0.828125,2.7375,1.7375,1.018181818181818,2.0,4.429807692307692,0.175,0.0
21,CrossEntropyLoss,OCDF,0.15000000000000002,0.809375,2.659375,1.659375,1.0163934426229508,2.0,4.242708333333333,0.19375,0.0
21,CrossEntropyLoss,OCDF,0.18000000000000005,0.796875,2.534375,1.534375,1.0615384615384615,2.0,3.930208333333333,0.215625,0.0
21,CrossEntropyLoss,OCDF,0.19999999999999996,0.778125,2.440625,1.440625,1.0985915492957747,2.0,3.878125,0.24375,0.0
21,CrossEntropyLoss,APS,0.010000000000000009,0.99375,4.765625,3.765625,1.0,1.0,5.015624999999998,0.00625,0.0
21,CrossEntropyLoss,APS,0.020000000000000018,0.990625,4.553125,3.553125,1.0,1.0,4.490624999999999,0.009375,0.0
21,CrossEntropyLoss,APS,0.030000000000000027,0.975,3.665625,2.665625,1.0,1.0,4.3322916666666655,0.025,0.0
21,CrossEntropyLoss,APS,0.050000000000000044,0.959375,3.1125,2.1125,1.0,1.0,3.7374999999999985,0.040625,0.0
21,CrossEntropyLoss,APS,0.07999999999999996,0.93125,2.76875,1.76875,1.0,1.0,3.4875000000000016,0.06875,0.0
21,CrossEntropyLoss,APS,0.09999999999999998,0.90625,2.4375,1.4375,1.0,1.0,3.3125,0.09375,0.0
21,CrossEntropyLoss,APS,0.13,0.878125,2.1625,1.1625,1.0256410256410255,2.0,3.0855769230769226,0.125,0.0
21,CrossEntropyLoss,APS,0.15000000000000002,0.846875,1.959375,0.959375,1.0204081632653061,2.0,3.042708333333333,0.15625,0.0
21,CrossEntropyLoss,APS,0.18000000000000005,0.81875,1.8375,0.8375,1.0344827586206897,2.0,2.920833333333333,0.1875,0.0
21,CrossEntropyLoss,APS,0.19999999999999996,0.79375,1.734375,0.734375,1.0303030303030303,2.0,2.859375,0.2125,0.0
21,CrossEntropyLoss,LAC,0.010000000000000009,0.99375,4.83125,3.83125,1.0,1.0,5.081249999999999,0.00625,0.0
21,CrossEntropyLoss,LAC,0.020000000000000018,0.975,4.1625,3.1625,1.0,1.0,5.662499999999998,0.025,0.0
21,CrossEntropyLoss,LAC,0.030000000000000027,0.971875,3.990625,2.990625,1.0,1.0,4.865624999999999,0.028125,0.0
21,CrossEntropyLoss,LAC,0.050000000000000044,0.9625,3.309375,2.309375,1.0,1.0,3.8093749999999984,0.0375,0.0
21,CrossEntropyLoss,LAC,0.07999999999999996,0.9375,2.40625,1.40625,1.0,1.0,2.968750000000001,0.0625,0.0
21,CrossEntropyLoss,LAC,0.09999999999999998,0.890625,2.03125,1.03125,1.0,1.0,3.21875,0.109375,0.0
21,CrossEntropyLoss,LAC,0.13,0.85,1.75625,0.75625,1.0,1.0,3.063942307692307,0.15,0.0
21,CrossEntropyLoss,LAC,0.15000000000000002,0.821875,1.6625,0.6625,1.0,1.0,3.0375,0.178125,0.0
21,CrossEntropyLoss,LAC,0.18000000000000005,0.79375,1.590625,0.590625,1.0,1.0,2.8822916666666663,0.20625,0.0
21,CrossEntropyLoss,LAC,0.19999999999999996,0.790625,1.559375,0.559375,1.0,1.0,2.6531250000000006,0.209375,0.0
22,CrossEntropyLoss,min-CPS,0.010000000000000009,0.990625,4.75625,3.75625,1.0,1.0,5.631249999999999,0.009375,0.0
22,CrossEntropyLoss,min-CPS,0.020000000000000018,0.971875,3.796875,2.796875,1.0,1.0,5.609374999999997,0.028125,0.0
22,CrossEntropyLoss,min-CPS,0.030000000000000027,0.9625,3.5,2.5,1.0,1.0,4.999999999999998,0.0375,0.0
22,CrossEntropyLoss,min-CPS,0.050000000000000044,0.925,3.00625,2.00625,1.0416666666666667,2.0,5.131249999999997,0.078125,0.0
22,CrossEntropyLoss,min-CPS,0.07999999999999996,0.90625,2.4375,1.4375,1.0666666666666667,2.0,3.9375000000000013,0.1,0.0
22,CrossEntropyLoss,min-CPS,0.09999999999999998,0.903125,2.340625,1.340625,1.064516129032258,2.0,3.403125,0.103125,0.0
22,CrossEntropyLoss,min-CPS,0.13,0.88125,2.03125,1.03125,1.0526315789473684,2.0,2.954326923076923,0.125,0.0
22,CrossEntropyLoss,min-CPS,0.15000000000000002,0.85625,1.95,0.95,1.065217391304348,2.0,2.9916666666666663,0.153125,0.0
22,CrossEntropyLoss,min-CPS,0.18000000000000005,0.790625,1.86875,0.86875,1.0597014925373134,2.0,3.334027777777777,0.221875,0.0
22,CrossEntropyLoss,min-CPS,0.19999999999999996,0.771875,1.83125,0.83125,1.0547945205479452,2.0,3.2375,0.240625,0.0
22,CrossEntropyLoss,RPS,0.010000000000000009,0.990625,3.7375,2.7375,1.0,1.0,4.612499999999999,0.009375,0.0
22,CrossEntropyLoss,RPS,0.020000000000000018,0.975,3.303125,2.303125,1.0,1.0,4.803124999999998,0.025,0.0
22,CrossEntropyLoss,RPS,0.030000000000000027,0.95625,2.86875,1.86875,1.0,1.0,4.785416666666665,0.04375,0.0
22,CrossEntropyLoss,RPS,0.050000000000000044,0.9375,2.59375,1.59375,1.0,1.0,4.093749999999998,0.0625,0.0
22,CrossEntropyLoss,RPS,0.07999999999999996,0.915625,2.271875,1.271875,1.0,1.0,3.3812500000000014,0.084375,0.0
22,CrossEntropyLoss,RPS,0.09999999999999998,0.8875,2.0625,1.0625,1.0277777777777777,2.0,3.375,0.115625,0.0
22,CrossEntropyLoss,RPS,0.13,0.846875,1.815625,0.815625,1.0408163265306123,2.0,3.2675480769230765,0.159375,0.0
22,CrossEntropyLoss,RPS,0.15000000000000002,0.825,1.740625,0.740625,1.0535714285714286,2.0,3.1989583333333327,0.184375,0.0
22,CrossEntropyLoss,RPS,0.18000000000000005,0.8125,1.696875,0.696875,1.05,2.0,2.8843749999999995,0.196875,0.0
22,CrossEntropyLoss,RPS,0.19999999999999996,0.790625,1.625,0.625,1.044776119402985,2.0,2.8125,0.21875,0.0
22,CrossEntropyLoss,OCDF,0.010000000000000009,0.98125,4.64375,3.64375,1.0,1.0,7.393749999999997,0.01875,0.0
22,CrossEntropyLoss,OCDF,0.020000000000000018,0.95625,4.3125,3.3125,1.0,1.0,7.687499999999997,0.04375,0.0
22,CrossEntropyLoss,OCDF,0.030000000000000027,0.95,4.203125,3.203125,1.0,1.0,6.536458333333331,0.05,0.0
22,CrossEntropyLoss,OCDF,0.050000000000000044,0.928125,3.765625,2.765625,1.0434782608695652,2.0,5.765624999999998,0.075,0.0
22,CrossEntropyLoss,OCDF,0.07999999999999996,0.896875,3.384375,2.384375,1.0303030303030303,2.0,5.040625000000001,0.10625,0.0
22,CrossEntropyLoss,OCDF,0.09999999999999998,0.85,2.91875,1.91875,1.0416666666666667,2.0,5.04375,0.15625,0.0
22,CrossEntropyLoss,OCDF,0.13,0.840625,2.784375,1.784375,1.0392156862745099,2.0,4.332451923076922,0.165625,0.0
22,CrossEntropyLoss,OCDF,0.15000000000000002,0.81875,2.665625,1.665625,1.0344827586206897,2.0,4.1656249999999995,0.1875,0.0
22,CrossEntropyLoss,OCDF,0.18000000000000005,0.796875,2.515625,1.515625,1.0461538461538462,2.0,3.87673611111111,0.2125,0.0
22,CrossEntropyLoss,OCDF,0.19999999999999996,0.778125,2.409375,1.409375,1.056338028169014,2.0,3.753125,0.234375,0.0
22,CrossEntropyLoss,APS,0.010000000000000009,0.9875,4.403125,3.403125,1.0,1.0,5.9031249999999975,0.0125,0.0
22,CrossEntropyLoss,APS,0.020000000000000018,0.98125,3.925,2.925,1.0,1.0,4.799999999999999,0.01875,0.0
22,CrossEntropyLoss,APS,0.030000000000000027,0.96875,3.6875,2.6875,1.0,1.0,4.770833333333331,0.03125,0.0
22,CrossEntropyLoss,APS,0.050000000000000044,0.934375,3.078125,2.078125,1.0,1.0,4.703124999999997,0.065625,0.0
22,CrossEntropyLoss,APS,0.07999999999999996,0.915625,2.671875,1.671875,1.037037037037037,2.0,3.8593750000000013,0.0875,0.0
22,CrossEntropyLoss,APS,0.09999999999999998,0.89375,2.35,1.35,1.0294117647058822,2.0,3.5375,0.109375,0.0
22,CrossEntropyLoss,APS,0.13,0.871875,2.159375,1.159375,1.048780487804878,2.0,3.226682692307692,0.134375,0.0
22,CrossEntropyLoss,APS,0.15000000000000002,0.840625,1.95,0.95,1.0392156862745099,2.0,3.158333333333333,0.165625,0.0
22,CrossEntropyLoss,APS,0.18000000000000005,0.8125,1.78125,0.78125,1.0333333333333334,2.0,2.9340277777777772,0.19375,0.0
22,CrossEntropyLoss,APS,0.19999999999999996,0.79375,1.68125,0.68125,1.0303030303030303,2.0,2.80625,0.2125,0.0
22,CrossEntropyLoss,LAC,0.010000000000000009,0.9875,4.696875,3.696875,1.0,1.0,6.196874999999998,0.0125,0.0
22,CrossEntropyLoss,LAC,0.020000000000000018,0.975,4.1875,3.1875,1.0,1.0,5.687499999999998,0.025,0.0
22,CrossEntropyLoss,LAC,0.030000000000000027,0.953125,3.54375,2.54375,1.0,1.0,5.6687499999999975,0.046875,0.0
22,CrossEntropyLoss,LAC,0.050000000000000044,0.9375,2.76875,1.76875,1.0,1.0,4.268749999999998,0.0625,0.0
22,CrossEntropyLoss,LAC,0.07999999999999996,0.9125,2.340625,1.340625,1.0357142857142858,2.0,3.6062500000000015,0.090625,0.0
22,CrossEntropyLoss,LAC,0.09999999999999998,0.884375,1.984375,0.984375,1.054054054054054,2.0,3.421875,0.121875,0.0
22,CrossEntropyLoss,LAC,0.13,0.846875,1.79375,0.79375,1.0408163265306123,2.0,3.245673076923077,0.159375,0.0
22,CrossEntropyLoss,LAC,0.15000000000000002,0.803125,1.634375,0.634375,1.0317460317460319,2.0,3.342708333333333,0.203125,0.0
22,CrossEntropyLoss,LAC,0.18000000000000005,0.778125,1.56875,0.56875,1.028169014084507,2.0,3.1034722222222215,0.228125,0.0
22,CrossEntropyLoss,LAC,0.19999999999999996,0.7625,1.521875,0.521875,1.0394736842105263,2.0,2.9906250000000005,0.246875,0.0
23,CrossEntropyLoss,min-CPS,0.010000000000000009,0.996875,4.85625,3.85625,1.0,1.0,4.481249999999999,0.003125,0.0
23,CrossEntropyLoss,min-CPS,0.020000000000000018,0.971875,3.78125,2.78125,1.0,1.0,5.593749999999998,0.028125,0.0
23,CrossEntropyLoss,min-CPS,0.030000000000000027,0.9625,3.49375,2.49375,1.0,1.0,4.993749999999999,0.0375,0.0
23,CrossEntropyLoss,min-CPS,0.050000000000000044,0.94375,3.03125,2.03125,1.0,1.0,4.281249999999998,0.05625,0.0
23,CrossEntropyLoss,min-CPS,0.07999999999999996,0.93125,2.725,1.725,1.0,1.0,3.4437500000000014,0.06875,0.0
23,CrossEntropyLoss,min-CPS,0.09999999999999998,0.91875,2.346875,1.346875,1.0384615384615385,2.0,3.034375,0.084375,0.0
23,CrossEntropyLoss,min-CPS,0.13,0.871875,1.996875,0.996875,1.0731707317073171,2.0,3.112259615384615,0.1375,0.0
23,CrossEntropyLoss,min-CPS,0.15000000000000002,0.86875,1.959375,0.959375,1.0714285714285714,2.0,2.8343749999999996,0.140625,0.0
23,CrossEntropyLoss,min-CPS,0.18000000000000005,0.825,1.878125,0.878125,1.0714285714285714,2.0,2.961458333333333,0.1875,0.0
23,CrossEntropyLoss,min-CPS,0.19999999999999996,0.8,1.85625,0.85625,1.078125,2.0,3.0125,0.215625,0.0
23,CrossEntropyLoss,RPS,0.010000000000000009,0.990625,3.7125,2.7125,1.0,1.0,4.587499999999999,0.009375,0.0
23,CrossEntropyLoss,RPS,0.020000000000000018,0.96875,3.25,2.25,1.0,1.0,5.374999999999997,0.03125,0.0
23,CrossEntropyLoss,RPS,0.030000000000000027,0.95,2.80625,1.80625,1.0,1.0,5.139583333333331,0.05,0.0
23,CrossEntropyLoss,RPS,0.050000000000000044,0.94375,2.625,1.625,1.0,1.0,3.8749999999999987,0.05625,0.0
23,CrossEntropyLoss,RPS,0.07999999999999996,0.925,2.33125,1.33125,1.0,1.0,3.2062500000000016,0.075,0.0
23,CrossEntropyLoss,RPS,0.09999999999999998,0.915625,2.253125,1.253125,1.0,1.0,2.940625,0.084375,0.0
23,CrossEntropyLoss,RPS,0.13,0.853125,1.8375,0.8375,1.0212765957446808,2.0,3.1451923076923074,0.15,0.0
23,CrossEntropyLoss,RPS,0.15000000000000002,0.846875,1.76875,0.76875,1.0204081632653061,2.0,2.8520833333333333,0.15625,0.0
23,CrossEntropyLoss,RPS,0.18000000000000005,0.828125,1.696875,0.696875,1.0363636363636364,2.0,2.6760416666666664,0.178125,0.0
23,CrossEntropyLoss,RPS,0.19999999999999996,0.790625,1.578125,0.578125,1.044776119402985,2.0,2.7656250000000004,0.21875,0.0
23,CrossEntropyLoss,OCDF,0.010000000000000009,0.996875,4.771875,3.771875,1.0,1.0,4.396875,0.003125,0.0
23,CrossEntropyLoss,OCDF,0.020000000000000018,0.996875,4.696875,3.696875,1.0,1.0,4.009375,0.003125,0.0
23,CrossEntropyLoss,OCDF,0.030000000000000027,0.996875,4.63125,3.63125,1.0,1.0,3.8395833333333327,0.003125,0.0
23,CrossEntropyLoss,OCDF,0.050000000000000044,0.98125,4.28125,3.28125,1.0,1.0,4.03125,0.01875,0.0
23,CrossEntropyLoss,OCDF,0.07999999999999996,0.953125,3.696875,2.696875,1.0,1.0,3.86875,0.046875,0.0
23,CrossEntropyLoss,OCDF,0.09999999999999998,0.934375,3.403125,2.403125,1.0,1.0,3.715625,0.065625,0.0
23,CrossEntropyLoss,OCDF,0.13,0.91875,3.115625,2.115625,1.0,1.0,3.365625,0.08125,0.0
23,CrossEntropyLoss,OCDF,0.15000000000000002,0.89375,2.903125,1.903125,1.0,1.0,3.3197916666666663,0.10625,0.0
23,CrossEntropyLoss,OCDF,0.18000000000000005,0.8375,2.659375,1.659375,1.0192307692307692,2.0,3.499652777777777,0.165625,0.0
23,CrossEntropyLoss,OCDF,0.19999999999999996,0.8125,2.509375,1.509375,1.0333333333333334,2.0,3.446875,0.19375,0.0
23,CrossEntropyLoss,APS,0.010000000000000009,1.0,4.696875,3.696875,,0.0,3.696875,0.0,0.0
23,CrossEntropyLoss,APS,0.020000000000000018,0.984375,4.040625,3.040625,1.0,1.0,4.603124999999999,0.015625,0.0
23,CrossEntropyLoss,APS,0.030000000000000027,0.96875,3.684375,2.684375,1.0,1.0,4.767708333333331,0.03125,0.0
23,CrossEntropyLoss,APS,0.050000000000000044,0.9375,3.034375,2.034375,1.0,1.0,4.534374999999999,0.0625,0.0
23,CrossEntropyLoss,APS,0.07999999999999996,0.903125,2.54375,1.54375,1.0,1.0,3.9656250000000015,0.096875,0.0
23,CrossEntropyLoss,APS,0.09999999999999998,0.9,2.375,1.375,1.03125,2.0,3.4375,0.103125,0.0
23,CrossEntropyLoss,APS,0.13,0.878125,2.20625,1.20625,1.0256410256410255,2.0,3.1293269230769227,0.125,0.0
23,CrossEntropyLoss,APS,0.15000000000000002,0.86875,2.09375,1.09375,1.0238095238095237,2.0,2.8854166666666665,0.134375,0.0
23,CrossEntropyLoss,APS,0.18000000000000005,0.83125,1.846875,0.85,1.0740740740740742,4.0,2.759722222222222,0.18125,0.0
23,CrossEntropyLoss,APS,0.19999999999999996,0.815625,1.8,0.803125,1.0677966101694916,4.0,2.678125,0.196875,0.0
23,CrossEntropyLoss,LAC,0.010000000000000009,0.996875,4.8375,3.8375,1.0,1.0,4.4624999999999995,0.003125,0.0
23,CrossEntropyLoss,LAC,0.020000000000000018,0.975,4.175,3.175,1.0,1.0,5.674999999999998,0.025,0.0
23,CrossEntropyLoss,LAC,0.030000000000000027,0.965625,3.64375,2.64375,1.0,1.0,4.935416666666665,0.034375,0.0
23,CrossEntropyLoss,LAC,0.050000000000000044,0.95,2.9375,1.9375,1.0,1.0,3.9374999999999987,0.05,0.0
23,CrossEntropyLoss,LAC,0.07999999999999996,0.91875,2.38125,1.38125,1.0,1.0,3.4125000000000014,0.08125,0.0
23,CrossEntropyLoss,LAC,0.09999999999999998,0.9125,2.290625,1.290625,1.0,1.0,3.040625,0.0875,0.0
23,CrossEntropyLoss,LAC,0.13,0.86875,1.846875,0.846875,1.0238095238095237,2.0,2.914182692307692,0.134375,0.0
23,CrossEntropyLoss,LAC,0.15000000000000002,0.8375,1.671875,0.671875,1.0192307692307692,2.0,2.880208333333333,0.165625,0.0
23,CrossEntropyLoss,LAC,0.18000000000000005,0.821875,1.61875,0.61875,1.0175438596491229,2.0,2.6326388888888888,0.18125,0.0
23,CrossEntropyLoss,LAC,0.19999999999999996,0.8,1.55625,0.55625,1.015625,2.0,2.5875,0.203125,0.0
24,CrossEntropyLoss,min-CPS,0.010000000000000009,0.9875,4.725,3.725,1.0,1.0,6.224999999999998,0.0125,0.0
24,CrossEntropyLoss,min-CPS,0.020000000000000018,0.984375,4.29375,3.29375,1.0,1.0,4.856249999999998,0.015625,0.0
24,CrossEntropyLoss,min-CPS,0.030000000000000027,0.971875,3.58125,2.58125,1.0,1.0,4.456249999999999,0.028125,0.0
24,CrossEntropyLoss,min-CPS,0.050000000000000044,0.959375,3.090625,2.090625,1.0,1.0,3.7156249999999984,0.040625,0.0
24,CrossEntropyLoss,min-CPS,0.07999999999999996,0.88125,2.3375,1.3375,1.0263157894736843,2.0,4.384375000000001,0.121875,0.0
24,CrossEntropyLoss,min-CPS,0.09999999999999998,0.859375,2.090625,1.090625,1.0222222222222221,2.0,3.965625,0.14375,0.0
24,CrossEntropyLoss,min-CPS,0.13,0.8625,1.9625,0.9625,1.0454545454545454,2.0,3.174038461538461,0.14375,0.0
24,CrossEntropyLoss,min-CPS,0.15000000000000002,0.834375,1.91875,0.91875,1.0377358490566038,2.0,3.2104166666666663,0.171875,0.0
24,CrossEntropyLoss,min-CPS,0.18000000000000005,0.80625,1.878125,0.878125,1.0483870967741935,2.0,3.135069444444444,0.203125,0.0
24,CrossEntropyLoss,min-CPS,0.19999999999999996,0.8,1.8625,0.8625,1.046875,2.0,2.95625,0.209375,0.0
24,CrossEntropyLoss,RPS,0.010000000000000009,0.996875,3.8625,2.8625,1.0,1.0,3.4874999999999994,0.003125,0.0
24,CrossEntropyLoss,RPS,0.020000000000000018,0.9875,3.5125,2.5125,1.0,1.0,3.7624999999999984,0.0125,0.0
24,CrossEntropyLoss,RPS,0.030000000000000027,0.975,3.15,2.15,1.0,1.0,3.8166666666666655,0.025,0.0
24,CrossEntropyLoss,RPS,0.050000000000000044,0.965625,2.8125,1.8125,1.0,1.0,3.187499999999999,0.034375,0.0
24,CrossEntropyLoss,RPS,0.07999999999999996,0.90625,2.25625,1.25625,1.0,1.0,3.6000000000000014,0.09375,0.0
24,CrossEntropyLoss,RPS,0.09999999999999998,0.85,1.915625,0.915625,1.0208333333333333,2.0,3.978125000000001,0.153125,0.0
24,CrossEntropyLoss,RPS,0.13,0.821875,1.778125,0.778125,1.0175438596491229,2.0,3.566586538461538,0.18125,0.0
24,CrossEntropyLoss,RPS,0.15000000000000002,0.815625,1.734375,0.734375,1.0169491525423728,2.0,3.234375,0.1875,0.0
24,CrossEntropyLoss,RPS,0.18000000000000005,0.803125,1.6875,0.6875,1.0317460317460319,2.0,2.944444444444444,0.203125,0.0
24,CrossEntropyLoss,RPS,0.19999999999999996,0.784375,1.603125,0.603125,1.0289855072463767,2.0,2.8218750000000004,0.221875,0.0
24,CrossEntropyLoss,OCDF,0.010000000000000009,0.984375,4.653125,3.653125,1.0,1.0,6.7781249999999975,0.015625,0.0
24,CrossEntropyLoss,OCDF,0.020000000000000018,0.984375,4.578125,3.578125,1.0,1.0,5.140624999999998,0.015625,0.0
24,CrossEntropyLoss,OCDF,0.030000000000000027,0.959375,4.2625,3.2625,1.0,1.0,5.970833333333331,0.040625,0.0
24,CrossEntropyLoss,OCDF,0.050000000000000044,0.915625,3.640625,2.640625,1.037037037037037,2.0,6.140624999999997,0.0875,0.0
24,CrossEntropyLoss,OCDF,0.07999999999999996,0.9,3.403125,2.403125,1.03125,2.0,4.981250000000001,0.103125,0.0
24,CrossEntropyLoss,OCDF,0.09999999999999998,0.878125,3.071875,2.071875,1.0256410256410255,2.0,4.571875,0.125,0.0
24,CrossEntropyLoss,OCDF,0.13,0.8625,2.88125,1.88125,1.0454545454545454,2.0,4.092788461538461,0.14375,0.0
24,CrossEntropyLoss,OCDF,0.15000000000000002,0.84375,2.75625,1.75625,1.04,2.0,3.9229166666666666,0.1625,0.0
24,CrossEntropyLoss,OCDF,0.18000000000000005,0.81875,2.63125,1.63125,1.0689655172413792,2.0,3.7840277777777773,0.19375,0.0
24,CrossEntropyLoss,OCDF,0.19999999999999996,0.803125,2.503125,1.503125,1.0634920634920635,2.0,3.596875,0.209375,0.0
24,CrossEntropyLoss,APS,0.010000000000000009,0.99375,4.60625,3.60625,1.0,1.0,4.856249999999998,0.00625,0.0
24,CrossEntropyLoss,APS,0.020000000000000018,0.975,3.81875,2.81875,1.0,1.0,5.318749999999998,0.025,0.0
24,CrossEntropyLoss,APS,0.030000000000000027,0.971875,3.503125,2.503125,1.0,1.0,4.378124999999999,0.028125,0.0
24,CrossEntropyLoss,APS,0.050000000000000044,0.95,3.13125,2.13125,1.0,1.0,4.131249999999999,0.05,0.0
24,CrossEntropyLoss,APS,0.07999999999999996,0.915625,2.5875,1.5875,1.0,1.0,3.6968750000000012,0.084375,0.0
24,CrossEntropyLoss,APS,0.09999999999999998,0.884375,2.28125,1.28125,1.027027027027027,2.0,3.65625,0.11875,0.0
24,CrossEntropyLoss,APS,0.13,0.8625,2.134375,1.134375,1.0454545454545454,2.0,3.345913461538461,0.14375,0.0
24,CrossEntropyLoss,APS,0.15000000000000002,0.853125,1.971875,0.971875,1.0638297872340425,2.0,3.0552083333333333,0.15625,0.0
24,CrossEntropyLoss,APS,0.18000000000000005,0.79375,1.76875,0.76875,1.0454545454545454,2.0,3.164583333333333,0.215625,0.0
24,CrossEntropyLoss,APS,0.19999999999999996,0.75625,1.678125,0.68125,1.0769230769230769,4.0,3.275,0.2625,0.0
24,CrossEntropyLoss,LAC,0.010000000000000009,0.990625,4.8,3.8,1.0,1.0,5.674999999999999,0.009375,0.0
24,CrossEntropyLoss,LAC,0.020000000000000018,0.984375,4.428125,3.428125,1.0,1.0,4.990624999999999,0.015625,0.0
24,CrossEntropyLoss,LAC,0.030000000000000027,0.98125,4.10625,3.10625,1.0,1.0,4.356249999999999,0.01875,0.0
24,CrossEntropyLoss,LAC,0.050000000000000044,0.9625,3.28125,2.28125,1.0,1.0,3.7812499999999987,0.0375,0.0
24,CrossEntropyLoss,LAC,0.07999999999999996,0.9,2.303125,1.303125,1.0,1.0,3.8031250000000014,0.1,0.0
24,CrossEntropyLoss,LAC,0.09999999999999998,0.85625,1.921875,0.921875,1.0217391304347827,2.0,3.859375000000001,0.146875,0.0
24,CrossEntropyLoss,LAC,0.13,0.828125,1.734375,0.734375,1.018181818181818,2.0,3.426682692307692,0.175,0.0
24,CrossEntropyLoss,LAC,0.15000000000000002,0.8125,1.64375,0.64375,1.0166666666666666,2.0,3.1854166666666663,0.190625,0.0
24,CrossEntropyLoss,LAC,0.18000000000000005,0.784375,1.553125,0.553125,1.0144927536231885,2.0,2.983680555555555,0.21875,0.0
24,CrossEntropyLoss,LAC,0.19999999999999996,0.765625,1.515625,0.515625,1.0133333333333334,2.0,2.8906250000000004,0.2375,0.0
25,CrossEntropyLoss,min-CPS,0.010000000000000009,0.9875,4.690625,3.690625,1.0,1.0,6.190624999999998,0.0125,0.0
25,CrossEntropyLoss,min-CPS,0.020000000000000018,0.9875,4.359375,3.359375,1.0,1.0,4.609374999999998,0.0125,0.0
25,CrossEntropyLoss,min-CPS,0.030000000000000027,0.971875,3.565625,2.565625,1.0,1.0,4.440624999999999,0.028125,0.0
25,CrossEntropyLoss,min-CPS,0.050000000000000044,0.953125,3.125,2.125,1.0,1.0,3.9999999999999987,0.046875,0.0
25,CrossEntropyLoss,min-CPS,0.07999999999999996,0.90625,2.45,1.45,1.1,2.0,4.028125000000001,0.103125,0.0
25,CrossEntropyLoss,min-CPS,0.09999999999999998,0.89375,2.25,1.25,1.088235294117647,2.0,3.5625,0.115625,0.0
25,CrossEntropyLoss,min-CPS,0.13,0.83125,1.934375,0.934375,1.0555555555555556,2.0,3.6747596153846147,0.178125,0.0
25,CrossEntropyLoss,min-CPS,0.15000000000000002,0.821875,1.921875,0.921875,1.0701754385964912,2.0,3.4635416666666665,0.190625,0.0
25,CrossEntropyLoss,min-CPS,0.18000000000000005,0.815625,1.884375,0.884375,1.0677966101694916,2.0,3.0718749999999995,0.196875,0.0
25,CrossEntropyLoss,min-CPS,0.19999999999999996,0.809375,1.86875,0.86875,1.0655737704918034,2.0,2.9,0.203125,0.0
25,CrossEntropyLoss,RPS,0.010000000000000009,0.9875,3.715625,2.715625,1.0,1.0,5.2156249999999975,0.0125,0.0
25,CrossEntropyLoss,RPS,0.020000000000000018,0.98125,3.45,2.45,1.0,1.0,4.324999999999998,0.01875,0.0
25,CrossEntropyLoss,RPS,0.030000000000000027,0.959375,2.9375,1.9375,1.0,1.0,4.645833333333331,0.040625,0.0
25,CrossEntropyLoss,RPS,0.050000000000000044,0.953125,2.6625,1.6625,1.0,1.0,3.5374999999999988,0.046875,0.0
25,CrossEntropyLoss,RPS,0.07999999999999996,0.9,2.221875,1.221875,1.0,1.0,3.7218750000000016,0.1,0.0
25,CrossEntropyLoss,RPS,0.09999999999999998,0.878125,2.009375,1.009375,1.0512820512820513,2.0,3.571875,0.128125,0.0
25,CrossEntropyLoss,RPS,0.13,0.8625,1.89375,0.89375,1.0681818181818181,2.0,3.1533653846153844,0.146875,0.0
25,CrossEntropyLoss,RPS,0.15000000000000002,0.834375,1.784375,0.784375,1.0566037735849056,2.0,3.117708333333333,0.175,0.0
25,CrossEntropyLoss,RPS,0.18000000000000005,0.80625,1.696875,0.696875,1.0483870967741935,2.0,2.953819444444444,0.203125,0.0
25,CrossEntropyLoss,RPS,0.19999999999999996,0.78125,1.6125,0.6125,1.042857142857143,2.0,2.8937500000000007,0.228125,0.0
25,CrossEntropyLoss,OCDF,0.010000000000000009,1.0,4.778125,3.778125,,0.0,3.778125,0.0,0.0
25,CrossEntropyLoss,OCDF,0.020000000000000018,0.9875,4.6,3.6,1.0,1.0,4.849999999999999,0.0125,0.0
25,CrossEntropyLoss,OCDF,0.030000000000000027,0.975,4.428125,3.428125,1.0,1.0,5.094791666666666,0.025,0.0
25,CrossEntropyLoss,OCDF,0.050000000000000044,0.93125,3.740625,2.740625,1.0,1.0,5.490624999999998,0.06875,0.0
25,CrossEntropyLoss,OCDF,0.07999999999999996,0.90625,3.403125,2.403125,1.0,1.0,4.746875000000001,0.09375,0.0
25,CrossEntropyLoss,OCDF,0.09999999999999998,0.88125,3.084375,2.084375,1.0,1.0,4.459375,0.11875,0.0
25,CrossEntropyLoss,OCDF,0.13,0.853125,2.834375,1.834375,1.0212765957446808,2.0,4.142067307692308,0.15,0.0
25,CrossEntropyLoss,OCDF,0.15000000000000002,0.846875,2.75,1.75,1.0204081632653061,2.0,3.833333333333333,0.15625,0.0
25,CrossEntropyLoss,OCDF,0.18000000000000005,0.821875,2.615625,1.615625,1.0350877192982457,2.0,3.66423611111111,0.184375,0.0
25,CrossEntropyLoss,OCDF,0.19999999999999996,0.809375,2.5375,1.5375,1.0491803278688525,2.0,3.5375,0.2,0.0
25,CrossEntropyLoss,APS,0.010000000000000009,0.99375,4.609375,3.609375,1.0,1.0,4.859374999999998,0.00625,0.0
25,CrossEntropyLoss,APS,0.020000000000000018,0.9875,4.171875,3.171875,1.0,1.0,4.421874999999998,0.0125,0.0
25,CrossEntropyLoss,APS,0.030000000000000027,0.96875,3.5875,2.5875,1.0,1.0,4.6708333333333325,0.03125,0.0
25,CrossEntropyLoss,APS,0.050000000000000044,0.946875,3.06875,2.06875,1.0,1.0,4.193749999999998,0.053125,0.0
25,CrossEntropyLoss,APS,0.07999999999999996,0.9125,2.540625,1.540625,1.0357142857142858,2.0,3.8062500000000012,0.090625,0.0
25,CrossEntropyLoss,APS,0.09999999999999998,0.890625,2.30625,1.30625,1.1142857142857143,2.0,3.74375,0.121875,0.0
25,CrossEntropyLoss,APS,0.13,0.85,1.996875,0.996875,1.0833333333333333,2.0,3.496875,0.1625,0.0
25,CrossEntropyLoss,APS,0.15000000000000002,0.8375,1.94375,0.94375,1.0769230769230769,2.0,3.2770833333333327,0.175,0.0
25,CrossEntropyLoss,APS,0.18000000000000005,0.790625,1.765625,0.765625,1.0597014925373134,2.0,3.2309027777777772,0.221875,0.0
25,CrossEntropyLoss,APS,0.19999999999999996,0.7875,1.709375,0.709375,1.0588235294117647,2.0,2.959375,0.225,0.0
25,CrossEntropyLoss,LAC,0.010000000000000009,0.9875,4.703125,3.703125,1.0,1.0,6.203124999999998,0.0125,0.0
25,CrossEntropyLoss,LAC,0.020000000000000018,0.9875,4.484375,3.484375,1.0,1.0,4.734374999999998,0.0125,0.0
25,CrossEntropyLoss,LAC,0.030000000000000027,0.975,4.021875,3.021875,1.0,1.0,4.688541666666666,0.025,0.0
25,CrossEntropyLoss,LAC,0.050000000000000044,0.959375,3.325,2.325,1.0,1.0,3.9499999999999984,0.040625,0.0
25,CrossEntropyLoss,LAC,0.07999999999999996,0.9,2.271875,1.271875,1.03125,2.0,3.8500000000000014,0.103125,0.0
25,CrossEntropyLoss,LAC,0.09999999999999998,0.88125,1.996875,0.996875,1.0526315789473684,2.0,3.496875,0.125,0.0
25,CrossEntropyLoss,LAC,0.13,0.85,1.803125,0.803125,1.0625,2.0,3.2550480769230767,0.159375,0.0
25,CrossEntropyLoss,LAC,0.15000000000000002,0.834375,1.696875,0.696875,1.0566037735849056,2.0,3.0302083333333334,0.175,0.0
25,CrossEntropyLoss,LAC,0.18000000000000005,0.8125,1.61875,0.61875,1.05,2.0,2.8062499999999995,0.196875,0.0
25,CrossEntropyLoss,LAC,0.19999999999999996,0.803125,1.5875,0.5875,1.0476190476190477,2.0,2.65,0.20625,0.0
26,CrossEntropyLoss,min-CPS,0.010000000000000009,0.990625,4.75625,3.75625,1.0,1.0,5.631249999999999,0.009375,0.0
26,CrossEntropyLoss,min-CPS,0.020000000000000018,0.98125,4.059375,3.059375,1.0,1.0,4.934374999999998,0.01875,0.0
26,CrossEntropyLoss,min-CPS,0.030000000000000027,0.98125,3.78125,2.78125,1.0,1.0,4.031249999999999,0.01875,0.0
26,CrossEntropyLoss,min-CPS,0.050000000000000044,0.96875,3.246875,2.246875,1.0,1.0,3.4968749999999984,0.03125,0.0
26,CrossEntropyLoss,min-CPS,0.07999999999999996,0.940625,2.790625,1.790625,1.0,1.0,3.2750000000000012,0.059375,0.0
26,CrossEntropyLoss,min-CPS,0.09999999999999998,0.91875,2.3375,1.3375,1.0384615384615385,2.0,3.025,0.084375,0.0
26,CrossEntropyLoss,min-CPS,0.13,0.9,2.125,1.125,1.03125,2.0,2.7115384615384612,0.103125,0.0
26,CrossEntropyLoss,min-CPS,0.15000000000000002,0.896875,2.0125,1.0125,1.0303030303030303,2.0,2.4291666666666663,0.10625,0.0
26,CrossEntropyLoss,min-CPS,0.18000000000000005,0.84375,1.89375,0.89375,1.04,2.0,2.699305555555555,0.1625,0.0
26,CrossEntropyLoss,min-CPS,0.19999999999999996,0.796875,1.853125,0.853125,1.0461538461538462,2.0,2.978125,0.2125,0.0
26,CrossEntropyLoss,RPS,0.010000000000000009,0.996875,3.8875,2.8875,1.0,1.0,3.5124999999999993,0.003125,0.0
26,CrossEntropyLoss,RPS,0.020000000000000018,0.99375,3.7125,2.7125,1.0,1.0,3.3374999999999995,0.00625,0.0
26,CrossEntropyLoss,RPS,0.030000000000000027,0.98125,3.26875,2.26875,1.0,1.0,3.5187499999999994,0.01875,0.0
26,CrossEntropyLoss,RPS,0.050000000000000044,0.95625,2.64375,1.64375,1.0,1.0,3.3937499999999985,0.04375,0.0
26,CrossEntropyLoss,RPS,0.07999999999999996,0.925,2.309375,1.309375,1.0,1.0,3.1843750000000015,0.075,0.0
26,CrossEntropyLoss,RPS,0.09999999999999998,0.921875,2.209375,1.209375,1.0,1.0,2.771875,0.078125,0.0
26,CrossEntropyLoss,RPS,0.13,0.9,1.996875,0.996875,1.03125,2.0,2.5834134615384614,0.103125,0.0
26,CrossEntropyLoss,RPS,0.15000000000000002,0.878125,1.89375,0.89375,1.0256410256410255,2.0,2.5604166666666663,0.125,0.0
26,CrossEntropyLoss,RPS,0.18000000000000005,0.859375,1.8,0.8,1.0222222222222221,2.0,2.3972222222222217,0.14375,0.0
26,CrossEntropyLoss,RPS,0.19999999999999996,0.815625,1.6875,0.6875,1.0169491525423728,2.0,2.5625,0.1875,0.0
26,CrossEntropyLoss,OCDF,0.010000000000000009,0.99375,4.74375,3.74375,1.0,1.0,4.993749999999999,0.00625,0.0
26,CrossEntropyLoss,OCDF,0.020000000000000018,0.990625,4.690625,3.690625,1.0,1.0,4.628124999999999,0.009375,0.0
26,CrossEntropyLoss,OCDF,0.030000000000000027,0.971875,4.415625,3.415625,1.0,1.0,5.290624999999999,0.028125,0.0
26,CrossEntropyLoss,OCDF,0.050000000000000044,0.9625,4.125,3.125,1.0,1.0,4.624999999999998,0.0375,0.0
26,CrossEntropyLoss,OCDF,0.07999999999999996,0.925,3.528125,2.528125,1.0,1.0,4.403125000000001,0.075,0.0
26,CrossEntropyLoss,OCDF,0.09999999999999998,0.909375,3.325,2.325,1.0,1.0,4.1375,0.090625,0.0
26,CrossEntropyLoss,OCDF,0.13,0.88125,2.965625,1.965625,1.0263157894736843,2.0,3.840625,0.121875,0.0
26,CrossEntropyLoss,OCDF,0.15000000000000002,0.859375,2.775,1.775,1.0222222222222221,2.0,3.6916666666666664,0.14375,0.0
26,CrossEntropyLoss,OCDF,0.18000000000000005,0.81875,2.590625,1.590625,1.0172413793103448,2.0,3.63923611111111,0.184375,0.0
26,CrossEntropyLoss,OCDF,0.19999999999999996,0.771875,2.36875,1.36875,1.082191780821918,2.0,3.8375,0.246875,0.0
26,CrossEntropyLoss,APS,0.010000000000000009,0.99375,4.7125,3.7125,1.0,1.0,4.962499999999999,0.00625,0.0
26,CrossEntropyLoss,APS,0.020000000000000018,0.9875,4.390625,3.390625,1.0,1.0,4.640624999999998,0.0125,0.0
26,CrossEntropyLoss,APS,0.030000000000000027,0.984375,4.03125,3.03125,1.0,1.0,4.072916666666666,0.015625,0.0
26,CrossEntropyLoss,APS,0.050000000000000044,0.978125,3.4375,2.4375,1.0,1.0,3.312499999999999,0.021875,0.0
26,CrossEntropyLoss,APS,0.07999999999999996,0.934375,2.8,1.8,1.0,1.0,3.4406250000000016,0.065625,0.0
26,CrossEntropyLoss,APS,0.09999999999999998,0.91875,2.546875,1.546875,1.0,1.0,3.171875,0.08125,0.0
26,CrossEntropyLoss,APS,0.13,0.875,2.125,1.125,1.025,2.0,3.096153846153846,0.128125,0.0
26,CrossEntropyLoss,APS,0.15000000000000002,0.853125,2.01875,1.01875,1.0212765957446808,2.0,3.01875,0.15,0.0
26,CrossEntropyLoss,APS,0.18000000000000005,0.815625,1.88125,0.88125,1.0508474576271187,2.0,3.0340277777777773,0.19375,0.0
26,CrossEntropyLoss,APS,0.19999999999999996,0.8,1.8,0.8,1.046875,2.0,2.89375,0.209375,0.0
26,CrossEntropyLoss,LAC,0.010000000000000009,0.9875,4.7125,3.7125,1.0,1.0,6.212499999999998,0.0125,0.0
26,CrossEntropyLoss,LAC,0.020000000000000018,0.984375,4.384375,3.384375,1.0,1.0,4.946874999999999,0.015625,0.0
26,CrossEntropyLoss,LAC,0.030000000000000027,0.98125,4.09375,3.09375,1.0,1.0,4.343749999999999,0.01875,0.0
26,CrossEntropyLoss,LAC,0.050000000000000044,0.96875,3.44375,2.44375,1.0,1.0,3.6937499999999988,0.03125,0.0
26,CrossEntropyLoss,LAC,0.07999999999999996,0.93125,2.365625,1.365625,1.0,1.0,3.0843750000000014,0.06875,0.0
26,CrossEntropyLoss,LAC,0.09999999999999998,0.91875,2.26875,1.26875,1.0,1.0,2.89375,0.08125,0.0
26,CrossEntropyLoss,LAC,0.13,0.88125,1.90625,0.90625,1.0263157894736843,2.0,2.78125,0.121875,0.0
26,CrossEntropyLoss,LAC,0.15000000000000002,0.865625,1.76875,0.76875,1.0232558139534884,2.0,2.6020833333333333,0.1375,0.0
26,CrossEntropyLoss,LAC,0.18000000000000005,0.834375,1.646875,0.646875,1.0188679245283019,2.0,2.521874999999999,0.16875,0.0
26,CrossEntropyLoss,LAC,0.19999999999999996,0.8125,1.6,0.6,1.0166666666666666,2.0,2.50625,0.190625,0.0
27,CrossEntropyLoss,min-CPS,0.010000000000000009,0.990625,4.75,3.75,1.0,1.0,5.624999999999998,0.009375,0.0
27,CrossEntropyLoss,min-CPS,0.020000000000000018,0.975,3.803125,2.803125,1.0,1.0,5.303124999999998,0.025,0.0
27,CrossEntropyLoss,min-CPS,0.030000000000000027,0.95625,3.309375,2.309375,1.0,1.0,5.2260416666666645,0.04375,0.0
27,CrossEntropyLoss,min-CPS,0.050000000000000044,0.93125,3.015625,2.015625,1.0,1.0,4.765624999999997,0.06875,0.0
27,CrossEntropyLoss,min-CPS,0.07999999999999996,0.909375,2.421875,1.421875,1.0689655172413792,2.0,3.8437500000000013,0.096875,0.0
27,CrossEntropyLoss,min-CPS,0.09999999999999998,0.884375,2.175,1.175,1.054054054054054,2.0,3.6125,0.121875,0.0
27,CrossEntropyLoss,min-CPS,0.13,0.8375,1.91875,0.91875,1.0576923076923077,2.0,3.5629807692307693,0.171875,0.0
27,CrossEntropyLoss,min-CPS,0.15000000000000002,0.834375,1.896875,0.896875,1.0566037735849056,2.0,3.2302083333333327,0.175,0.0
27,CrossEntropyLoss,min-CPS,0.18000000000000005,0.825,1.875,0.875,1.0714285714285714,2.0,2.958333333333333,0.1875,0.0
27,CrossEntropyLoss,min-CPS,0.19999999999999996,0.809375,1.8625,0.8625,1.0819672131147542,2.0,2.925,0.20625,0.0
27,CrossEntropyLoss,RPS,0.010000000000000009,0.990625,3.746875,2.746875,1.0,1.0,4.621874999999998,0.009375,0.0
27,CrossEntropyLoss,RPS,0.020000000000000018,0.978125,3.40625,2.40625,1.0,1.0,4.593749999999998,0.021875,0.0
27,CrossEntropyLoss,RPS,0.030000000000000027,0.9625,2.98125,1.98125,1.0,1.0,4.4812499999999975,0.0375,0.0
27,CrossEntropyLoss,RPS,0.050000000000000044,0.95,2.6375,1.6375,1.0,1.0,3.6374999999999984,0.05,0.0
27,CrossEntropyLoss,RPS,0.07999999999999996,0.90625,2.2125,1.2125,1.0,1.0,3.5562500000000012,0.09375,0.0
27,CrossEntropyLoss,RPS,0.09999999999999998,0.8875,2.0375,1.0375,1.0277777777777777,2.0,3.35,0.115625,0.0
27,CrossEntropyLoss,RPS,0.13,0.86875,1.896875,0.896875,1.0476190476190477,2.0,3.012259615384615,0.1375,0.0
27,CrossEntropyLoss,RPS,0.15000000000000002,0.840625,1.80625,0.80625,1.0392156862745099,2.0,3.0145833333333334,0.165625,0.0
27,CrossEntropyLoss,RPS,0.18000000000000005,0.8125,1.690625,0.690625,1.05,2.0,2.8781249999999994,0.196875,0.0
27,CrossEntropyLoss,RPS,0.19999999999999996,0.803125,1.659375,0.659375,1.0476190476190477,2.0,2.721875,0.20625,0.0
27,CrossEntropyLoss,OCDF,0.010000000000000009,0.984375,4.6625,3.6625,1.0,1.0,6.787499999999997,0.015625,0.0
27,CrossEntropyLoss,OCDF,0.020000000000000018,0.98125,4.590625,3.590625,1.0,1.0,5.465624999999998,0.01875,0.0
27,CrossEntropyLoss,OCDF,0.030000000000000027,0.98125,4.553125,3.553125,1.0,1.0,4.803125,0.01875,0.0
27,CrossEntropyLoss,OCDF,0.050000000000000044,0.953125,3.9125,2.9125,1.0666666666666667,2.0,4.912499999999999,0.05,0.0
27,CrossEntropyLoss,OCDF,0.07999999999999996,0.93125,3.49375,2.49375,1.0454545454545454,2.0,4.290625000000001,0.071875,0.0
27,CrossEntropyLoss,OCDF,0.09999999999999998,0.90625,3.26875,2.26875,1.0333333333333334,2.0,4.20625,0.096875,0.0
27,CrossEntropyLoss,OCDF,0.13,0.86875,2.85625,1.85625,1.0238095238095237,2.0,3.923557692307692,0.134375,0.0
27,CrossEntropyLoss,OCDF,0.15000000000000002,0.85,2.71875,1.71875,1.0208333333333333,2.0,3.7604166666666665,0.153125,0.0
27,CrossEntropyLoss,OCDF,0.18000000000000005,0.834375,2.615625,1.615625,1.0377358490566038,2.0,3.5253472222222215,0.171875,0.0
27,CrossEntropyLoss,OCDF,0.19999999999999996,0.821875,2.525,1.525,1.0526315789473684,2.0,3.4,0.1875,0.0
27,CrossEntropyLoss,APS,0.010000000000000009,0.99375,4.778125,3.778125,1.0,1.0,5.028124999999998,0.00625,0.0
27,CrossEntropyLoss,APS,0.020000000000000018,0.971875,3.821875,2.821875,1.0,1.0,5.634374999999997,0.028125,0.0
27,CrossEntropyLoss,APS,0.030000000000000027,0.953125,3.428125,2.428125,1.1333333333333333,2.0,5.969791666666664,0.053125,0.0
27,CrossEntropyLoss,APS,0.050000000000000044,0.93125,3.103125,2.103125,1.0909090909090908,2.0,5.103124999999998,0.075,0.0
27,CrossEntropyLoss,APS,0.07999999999999996,0.90625,2.51875,1.51875,1.1,2.0,4.096875000000002,0.103125,0.0
27,CrossEntropyLoss,APS,0.09999999999999998,0.90625,2.396875,1.396875,1.1,2.0,3.459375,0.103125,0.0
27,CrossEntropyLoss,APS,0.13,0.884375,2.08125,1.08125,1.1081081081081081,2.0,3.052403846153846,0.128125,0.0
27,CrossEntropyLoss,APS,0.15000000000000002,0.859375,1.953125,0.953125,1.0888888888888888,2.0,2.9947916666666665,0.153125,0.0
27,CrossEntropyLoss,APS,0.18000000000000005,0.81875,1.775,0.78125,1.1551724137931034,4.0,2.9687499999999996,0.209375,0.0
27,CrossEntropyLoss,APS,0.19999999999999996,0.803125,1.696875,0.703125,1.1428571428571428,4.0,2.828125,0.225,0.0
27,CrossEntropyLoss,LAC,0.010000000000000009,0.9875,4.690625,3.690625,1.0,1.0,6.190624999999998,0.0125,0.0
27,CrossEntropyLoss,LAC,0.020000000000000018,0.978125,4.2125,3.2125,1.0,1.0,5.399999999999998,0.021875,0.0
27,CrossEntropyLoss,LAC,0.030000000000000027,0.96875,3.659375,2.659375,1.0,1.0,4.742708333333331,0.03125,0.0
27,CrossEntropyLoss,LAC,0.050000000000000044,0.9375,2.734375,1.734375,1.0,1.0,4.234374999999998,0.0625,0.0
27,CrossEntropyLoss,LAC,0.07999999999999996,0.903125,2.265625,1.265625,1.0,1.0,3.6875000000000013,0.096875,0.0
27,CrossEntropyLoss,LAC,0.09999999999999998,0.884375,1.98125,0.98125,1.027027027027027,2.0,3.35625,0.11875,0.0
27,CrossEntropyLoss,LAC,0.13,0.871875,1.865625,0.865625,1.048780487804878,2.0,2.932932692307692,0.134375,0.0
27,CrossEntropyLoss,LAC,0.15000000000000002,0.834375,1.68125,0.68125,1.0377358490566038,2.0,2.9729166666666664,0.171875,0.0
27,CrossEntropyLoss,LAC,0.18000000000000005,0.809375,1.603125,0.603125,1.0327868852459017,2.0,2.7906249999999995,0.196875,0.0
27,CrossEntropyLoss,LAC,0.19999999999999996,0.790625,1.55625,0.55625,1.0298507462686568,2.0,2.7125000000000004,0.215625,0.0
28,CrossEntropyLoss,min-CPS,0.010000000000000009,0.996875,4.86875,3.86875,1.0,1.0,4.4937499999999995,0.003125,0.0
28,CrossEntropyLoss,min-CPS,0.020000000000000018,0.9875,4.396875,3.396875,1.0,1.0,4.646874999999999,0.0125,0.0
28,CrossEntropyLoss,min-CPS,0.030000000000000027,0.98125,3.81875,2.81875,1.0,1.0,4.06875,0.01875,0.0
28,CrossEntropyLoss,min-CPS,0.050000000000000044,0.965625,3.25,2.25,1.0,1.0,3.6249999999999987,0.034375,0.0
28,CrossEntropyLoss,min-CPS,0.07999999999999996,0.921875,2.675,1.675,1.04,2.0,3.7062500000000016,0.08125,0.0
28,CrossEntropyLoss,min-CPS,0.09999999999999998,0.890625,2.23125,1.23125,1.0285714285714285,2.0,3.48125,0.1125,0.0
28,CrossEntropyLoss,min-CPS,0.13,0.871875,2.015625,1.015625,1.024390243902439,2.0,3.034855769230769,0.13125,0.0
28,CrossEntropyLoss,min-CPS,0.15000000000000002,0.853125,1.946875,0.946875,1.0425531914893618,2.0,2.9885416666666664,0.153125,0.0
28,CrossEntropyLoss,min-CPS,0.18000000000000005,0.84375,1.921875,0.921875,1.06,2.0,2.7621527777777777,0.165625,0.0
28,CrossEntropyLoss,min-CPS,0.19999999999999996,0.828125,1.878125,0.878125,1.0727272727272728,2.0,2.721875,0.184375,0.0
28,CrossEntropyLoss,RPS,0.010000000000000009,0.99375,3.84375,2.84375,1.0,1.0,4.093749999999998,0.00625,0.0
28,CrossEntropyLoss,RPS,0.020000000000000018,0.984375,3.50625,2.50625,1.0,1.0,4.068749999999999,0.015625,0.0
28,CrossEntropyLoss,RPS,0.030000000000000027,0.975,3.184375,2.184375,1.0,1.0,3.851041666666666,0.025,0.0
28,CrossEntropyLoss,RPS,0.050000000000000044,0.9625,2.734375,1.734375,1.0,1.0,3.2343749999999987,0.0375,0.0
28,CrossEntropyLoss,RPS,0.07999999999999996,0.921875,2.29375,1.29375,1.0,1.0,3.2468750000000015,0.078125,0.0
28,CrossEntropyLoss,RPS,0.09999999999999998,0.9,2.14375,1.14375,1.03125,2.0,3.20625,0.103125,0.0
28,CrossEntropyLoss,RPS,0.13,0.884375,1.940625,0.940625,1.027027027027027,2.0,2.7675480769230765,0.11875,0.0
28,CrossEntropyLoss,RPS,0.15000000000000002,0.875,1.896875,0.896875,1.025,2.0,2.605208333333333,0.128125,0.0
28,CrossEntropyLoss,RPS,0.18000000000000005,0.840625,1.78125,0.78125,1.0392156862745099,2.0,2.6215277777777772,0.165625,0.0
28,CrossEntropyLoss,RPS,0.19999999999999996,0.8125,1.69375,0.69375,1.0333333333333334,2.0,2.63125,0.19375,0.0
28,CrossEntropyLoss,OCDF,0.010000000000000009,1.0,4.784375,3.784375,,0.0,3.784375,0.0,0.0
28,CrossEntropyLoss,OCDF,0.020000000000000018,1.0,4.709375,3.709375,,0.0,3.709375,0.0,0.0
28,CrossEntropyLoss,OCDF,0.030000000000000027,0.9875,4.6,3.6,1.0,1.0,4.433333333333333,0.0125,0.0
28,CrossEntropyLoss,OCDF,0.050000000000000044,0.95625,3.9875,2.9875,1.0,1.0,4.737499999999999,0.04375,0.0
28,CrossEntropyLoss,OCDF,0.07999999999999996,0.928125,3.49375,2.49375,1.0,1.0,4.290625000000001,0.071875,0.0
28,CrossEntropyLoss,OCDF,0.09999999999999998,0.909375,3.3,2.3,1.0,1.0,4.1125,0.090625,0.0
28,CrossEntropyLoss,OCDF,0.13,0.878125,2.93125,1.93125,1.0256410256410255,2.0,3.8543269230769233,0.125,0.0
28,CrossEntropyLoss,OCDF,0.15000000000000002,0.83125,2.659375,1.659375,1.0185185185185186,2.0,3.9510416666666663,0.171875,0.0
28,CrossEntropyLoss,OCDF,0.18000000000000005,0.796875,2.503125,1.503125,1.0615384615384615,2.0,3.898958333333333,0.215625,0.0
28,CrossEntropyLoss,OCDF,0.19999999999999996,0.765625,2.40625,1.40625,1.08,2.0,3.9375,0.253125,0.0
28,CrossEntropyLoss,APS,0.010000000000000009,0.996875,4.78125,3.78125,1.0,1.0,4.406249999999999,0.003125,0.0
28,CrossEntropyLoss,APS,0.020000000000000018,0.990625,4.503125,3.503125,1.0,1.0,4.440624999999999,0.009375,0.0
28,CrossEntropyLoss,APS,0.030000000000000027,0.98125,3.928125,2.928125,1.0,1.0,4.178125,0.01875,0.0
28,CrossEntropyLoss,APS,0.050000000000000044,0.96875,3.35625,2.35625,1.0,1.0,3.6062499999999984,0.03125,0.0
28,CrossEntropyLoss,APS,0.07999999999999996,0.9375,2.875,1.875,1.0,1.0,3.437500000000001,0.0625,0.0
28,CrossEntropyLoss,APS,0.09999999999999998,0.9125,2.484375,1.484375,1.0357142857142858,2.0,3.296875,0.090625,0.0
28,CrossEntropyLoss,APS,0.13,0.8875,2.225,1.225,1.0277777777777777,2.0,3.003846153846154,0.115625,0.0
28,CrossEntropyLoss,APS,0.15000000000000002,0.840625,1.946875,0.946875,1.0392156862745099,2.0,3.155208333333333,0.165625,0.0
28,CrossEntropyLoss,APS,0.18000000000000005,0.821875,1.790625,0.79375,1.1403508771929824,4.0,2.9812499999999993,0.203125,0.0
28,CrossEntropyLoss,APS,0.19999999999999996,0.80625,1.675,0.678125,1.1290322580645162,4.0,2.8031250000000005,0.21875,0.0
28,CrossEntropyLoss,LAC,0.010000000000000009,0.996875,4.834375,3.834375,1.0,1.0,4.459375,0.003125,0.0
28,CrossEntropyLoss,LAC,0.020000000000000018,0.9875,4.546875,3.546875,1.0,1.0,4.796874999999998,0.0125,0.0
28,CrossEntropyLoss,LAC,0.030000000000000027,0.978125,4.128125,3.128125,1.0,1.0,4.586458333333333,0.021875,0.0
28,CrossEntropyLoss,LAC,0.050000000000000044,0.971875,3.575,2.575,1.0,1.0,3.6999999999999993,0.028125,0.0
28,CrossEntropyLoss,LAC,0.07999999999999996,0.921875,2.378125,1.378125,1.0,1.0,3.3312500000000016,0.078125,0.0
28,CrossEntropyLoss,LAC,0.09999999999999998,0.89375,2.053125,1.053125,1.0294117647058822,2.0,3.240625,0.109375,0.0
28,CrossEntropyLoss,LAC,0.13,0.884375,1.9375,0.9375,1.027027027027027,2.0,2.7644230769230766,0.11875,0.0
28,CrossEntropyLoss,LAC,0.15000000000000002,0.86875,1.8125,0.8125,1.0238095238095237,2.0,2.6041666666666665,0.134375,0.0
28,CrossEntropyLoss,LAC,0.18000000000000005,0.840625,1.675,0.675,1.0196078431372548,2.0,2.480555555555555,0.1625,0.0
28,CrossEntropyLoss,LAC,0.19999999999999996,0.840625,1.646875,0.646875,1.0196078431372548,2.0,2.271875,0.1625,0.0
29,CrossEntropyLoss,min-CPS,0.010000000000000009,0.99375,4.846875,3.846875,1.0,1.0,5.096874999999999,0.00625,0.0
29,CrossEntropyLoss,min-CPS,0.020000000000000018,0.984375,4.296875,3.296875,1.0,1.0,4.859374999999998,0.015625,0.0
29,CrossEntropyLoss,min-CPS,0.030000000000000027,0.98125,3.7625,2.7625,1.0,1.0,4.012499999999999,0.01875,0.0
29,CrossEntropyLoss,min-CPS,0.050000000000000044,0.94375,3.0125,2.0125,1.0,1.0,4.2624999999999975,0.05625,0.0
29,CrossEntropyLoss,min-CPS,0.07999999999999996,0.928125,2.690625,1.690625,1.0,1.0,3.4875000000000016,0.071875,0.0
29,CrossEntropyLoss,min-CPS,0.09999999999999998,0.89375,2.246875,1.246875,1.0294117647058822,2.0,3.434375,0.109375,0.0
29,CrossEntropyLoss,min-CPS,0.13,0.834375,1.9375,0.9375,1.0566037735849056,2.0,3.629807692307692,0.175,0.0
29,CrossEntropyLoss,min-CPS,0.15000000000000002,0.83125,1.9125,0.9125,1.0555555555555556,2.0,3.2875,0.178125,0.0
29,CrossEntropyLoss,min-CPS,0.18000000000000005,0.796875,1.871875,0.871875,1.0461538461538462,2.0,3.232986111111111,0.2125,0.0
29,CrossEntropyLoss,min-CPS,0.19999999999999996,0.784375,1.85,0.85,1.0434782608695652,2.0,3.1,0.225,0.0
29,CrossEntropyLoss,RPS,0.010000000000000009,0.990625,3.740625,2.740625,1.0,1.0,4.615624999999999,0.009375,0.0
29,CrossEntropyLoss,RPS,0.020000000000000018,0.990625,3.640625,2.640625,1.0,1.0,3.578124999999999,0.009375,0.0
29,CrossEntropyLoss,RPS,0.030000000000000027,0.978125,3.23125,2.23125,1.0,1.0,3.6895833333333328,0.021875,0.0
29,CrossEntropyLoss,RPS,0.050000000000000044,0.946875,2.625,1.625,1.0,1.0,3.749999999999998,0.053125,0.0
29,CrossEntropyLoss,RPS,0.07999999999999996,0.93125,2.359375,1.359375,1.0,1.0,3.078125000000001,0.06875,0.0
29,CrossEntropyLoss,RPS,0.09999999999999998,0.90625,2.23125,1.23125,1.0,1.0,3.10625,0.09375,0.0
29,CrossEntropyLoss,RPS,0.13,0.8625,1.878125,0.878125,1.0227272727272727,2.0,3.041586538461538,0.140625,0.0
29,CrossEntropyLoss,RPS,0.15000000000000002,0.828125,1.753125,0.753125,1.018181818181818,2.0,3.086458333333333,0.175,0.0
29,CrossEntropyLoss,RPS,0.18000000000000005,0.809375,1.678125,0.678125,1.0491803278688525,2.0,2.900347222222222,0.2,0.0
29,CrossEntropyLoss,RPS,0.19999999999999996,0.79375,1.6,0.6,1.0454545454545454,2.0,2.7562500000000005,0.215625,0.0
29,CrossEntropyLoss,OCDF,0.010000000000000009,0.99375,4.7125,3.7125,1.0,1.0,4.962499999999999,0.00625,0.0
29,CrossEntropyLoss,OCDF,0.020000000000000018,0.975,4.540625,3.540625,1.0,1.0,6.040624999999998,0.025,0.0
29,CrossEntropyLoss,OCDF,0.030000000000000027,0.965625,4.30625,3.30625,1.0,1.0,5.5979166666666655,0.034375,0.0
29,CrossEntropyLoss,OCDF,0.050000000000000044,0.925,3.7375,2.7375,1.0,1.0,5.737499999999998,0.075,0.0
29,CrossEntropyLoss,OCDF,0.07999999999999996,0.903125,3.43125,2.43125,1.0,1.0,4.853125000000001,0.096875,0.0
29,CrossEntropyLoss,OCDF,0.09999999999999998,0.878125,3.05625,2.05625,1.0,1.0,4.49375,0.121875,0.0
29,CrossEntropyLoss,OCDF,0.13,0.853125,2.828125,1.828125,1.0212765957446808,2.0,4.135817307692308,0.15,0.0
29,CrossEntropyLoss,OCDF,0.15000000000000002,0.828125,2.69375,1.69375,1.018181818181818,2.0,4.027083333333333,0.175,0.0
29,CrossEntropyLoss,OCDF,0.18000000000000005,0.796875,2.5375,1.5375,1.0153846153846153,2.0,3.8291666666666657,0.20625,0.0
29,CrossEntropyLoss,OCDF,0.19999999999999996,0.784375,2.45625,1.45625,1.0289855072463767,2.0,3.675,0.221875,0.0
29,CrossEntropyLoss,APS,0.010000000000000009,0.996875,4.83125,3.83125,1.0,1.0,4.456249999999999,0.003125,0.0
29,CrossEntropyLoss,APS,0.020000000000000018,0.990625,4.54375,3.54375,1.0,1.0,4.481249999999998,0.009375,0.0
29,CrossEntropyLoss,APS,0.030000000000000027,0.975,3.6,2.6,1.0,1.0,4.266666666666666,0.025,0.0
29,CrossEntropyLoss,APS,0.050000000000000044,0.953125,3.121875,2.121875,1.0,1.0,3.9968749999999984,0.046875,0.0
29,CrossEntropyLoss,APS,0.07999999999999996,0.9125,2.5875,1.5875,1.0357142857142858,2.0,3.8531250000000012,0.090625,0.0
29,CrossEntropyLoss,APS,0.09999999999999998,0.89375,2.325,1.325,1.0294117647058822,2.0,3.5125,0.109375,0.0
29,CrossEntropyLoss,APS,0.13,0.85625,2.0375,1.0375,1.0217391304347827,2.0,3.2971153846153847,0.146875,0.0
29,CrossEntropyLoss,APS,0.15000000000000002,0.85,1.99375,0.99375,1.0208333333333333,2.0,3.0354166666666664,0.153125,0.0
29,CrossEntropyLoss,APS,0.18000000000000005,0.80625,1.809375,0.809375,1.0161290322580645,2.0,2.9968749999999993,0.196875,0.0
29,CrossEntropyLoss,APS,0.19999999999999996,0.796875,1.7625,0.7625,1.0153846153846153,2.0,2.825,0.20625,0.0
29,CrossEntropyLoss,LAC,0.010000000000000009,0.99375,4.840625,3.840625,1.0,1.0,5.090624999999998,0.00625,0.0
29,CrossEntropyLoss,LAC,0.020000000000000018,0.9875,4.496875,3.496875,1.0,1.0,4.746874999999998,0.0125,0.0
29,CrossEntropyLoss,LAC,0.030000000000000027,0.96875,3.6875,2.6875,1.0,1.0,4.770833333333331,0.03125,0.0
29,CrossEntropyLoss,LAC,0.050000000000000044,0.946875,2.8875,1.8875,1.0,1.0,4.0124999999999975,0.053125,0.0
29,CrossEntropyLoss,LAC,0.07999999999999996,0.928125,2.396875,1.396875,1.0,1.0,3.1937500000000014,0.071875,0.0
29,CrossEntropyLoss,LAC,0.09999999999999998,0.9,2.159375,1.159375,1.0,1.0,3.159375,0.1,0.0
29,CrossEntropyLoss,LAC,0.13,0.859375,1.825,0.825,1.0222222222222221,2.0,3.0365384615384605,0.14375,0.0
29,CrossEntropyLoss,LAC,0.15000000000000002,0.84375,1.7375,0.7375,1.02,2.0,2.8625,0.159375,0.0
29,CrossEntropyLoss,LAC,0.18000000000000005,0.81875,1.615625,0.615625,1.0172413793103448,2.0,2.664236111111111,0.184375,0.0
29,CrossEntropyLoss,LAC,0.19999999999999996,0.796875,1.565625,0.565625,1.0153846153846153,2.0,2.628125,0.20625,0.0
30,CrossEntropyLoss,min-CPS,0.010000000000000009,0.9875,4.75,3.75,1.0,1.0,6.249999999999998,0.0125,0.0
30,CrossEntropyLoss,min-CPS,0.020000000000000018,0.984375,4.33125,3.33125,1.0,1.0,4.893749999999999,0.015625,0.0
30,CrossEntropyLoss,min-CPS,0.030000000000000027,0.975,3.60625,2.60625,1.0,1.0,4.272916666666665,0.025,0.0
30,CrossEntropyLoss,min-CPS,0.050000000000000044,0.9625,3.240625,2.240625,1.0,1.0,3.7406249999999988,0.0375,0.0
30,CrossEntropyLoss,min-CPS,0.07999999999999996,0.940625,2.85,1.85,1.0526315789473684,2.0,3.4125000000000014,0.0625,0.0
30,CrossEntropyLoss,min-CPS,0.09999999999999998,0.878125,2.159375,1.159375,1.0512820512820513,2.0,3.721875,0.128125,0.0
30,CrossEntropyLoss,min-CPS,0.13,0.86875,1.984375,0.984375,1.0476190476190477,2.0,3.0997596153846154,0.1375,0.0
30,CrossEntropyLoss,min-CPS,0.15000000000000002,0.859375,1.953125,0.953125,1.0444444444444445,2.0,2.911458333333333,0.146875,0.0
30,CrossEntropyLoss,min-CPS,0.18000000000000005,0.828125,1.909375,0.909375,1.0545454545454545,2.0,2.923263888888888,0.18125,0.0
30,CrossEntropyLoss,min-CPS,0.19999999999999996,0.803125,1.875,0.875,1.0634920634920635,2.0,2.96875,0.209375,0.0
30,CrossEntropyLoss,RPS,0.010000000000000009,0.99375,3.85,2.85,1.0,1.0,4.099999999999999,0.00625,0.0
30,CrossEntropyLoss,RPS,0.020000000000000018,0.98125,3.446875,2.446875,1.0,1.0,4.321874999999999,0.01875,0.0
30,CrossEntropyLoss,RPS,0.030000000000000027,0.965625,3.003125,2.003125,1.0,1.0,4.294791666666665,0.034375,0.0
30,CrossEntropyLoss,RPS,0.050000000000000044,0.959375,2.696875,1.696875,1.0,1.0,3.3218749999999986,0.040625,0.0
30,CrossEntropyLoss,RPS,0.07999999999999996,0.928125,2.3625,1.3625,1.0,1.0,3.159375000000001,0.071875,0.0
30,CrossEntropyLoss,RPS,0.09999999999999998,0.890625,2.05,1.05,1.0571428571428572,2.0,3.3625,0.115625,0.0
30,CrossEntropyLoss,RPS,0.13,0.865625,1.8875,0.8875,1.0465116279069768,2.0,3.0509615384615385,0.140625,0.0
30,CrossEntropyLoss,RPS,0.15000000000000002,0.853125,1.821875,0.821875,1.0425531914893618,2.0,2.8635416666666664,0.153125,0.0
30,CrossEntropyLoss,RPS,0.18000000000000005,0.83125,1.759375,0.759375,1.037037037037037,2.0,2.703819444444444,0.175,0.0
30,CrossEntropyLoss,RPS,0.19999999999999996,0.803125,1.665625,0.665625,1.0317460317460319,2.0,2.696875,0.203125,0.0
30,CrossEntropyLoss,OCDF,0.010000000000000009,0.9875,4.684375,3.684375,1.0,1.0,6.1843749999999975,0.0125,0.0
30,CrossEntropyLoss,OCDF,0.020000000000000018,0.984375,4.584375,3.584375,1.0,1.0,5.146874999999999,0.015625,0.0
30,CrossEntropyLoss,OCDF,0.030000000000000027,0.984375,4.56875,3.56875,1.0,1.0,4.610416666666666,0.015625,0.0
30,CrossEntropyLoss,OCDF,0.050000000000000044,0.959375,4.1125,3.1125,1.0,1.0,4.737499999999999,0.040625,0.0
30,CrossEntropyLoss,OCDF,0.07999999999999996,0.921875,3.51875,2.51875,1.04,2.0,4.550000000000002,0.08125,0.0
30,CrossEntropyLoss,OCDF,0.09999999999999998,0.884375,3.078125,2.078125,1.027027027027027,2.0,4.453125,0.11875,0.0
30,CrossEntropyLoss,OCDF,0.13,0.859375,2.84375,1.84375,1.0444444444444445,2.0,4.103365384615385,0.146875,0.0
30,CrossEntropyLoss,OCDF,0.15000000000000002,0.834375,2.68125,1.68125,1.0377358490566038,2.0,3.9729166666666664,0.171875,0.0
30,CrossEntropyLoss,OCDF,0.18000000000000005,0.83125,2.64375,1.64375,1.0555555555555556,2.0,3.622916666666666,0.178125,0.0
30,CrossEntropyLoss,OCDF,0.19999999999999996,0.81875,2.540625,1.540625,1.0689655172413792,2.0,3.478125,0.19375,0.0
30,CrossEntropyLoss,APS,0.010000000000000009,0.990625,4.584375,3.584375,1.0,1.0,5.459374999999999,0.009375,0.0
30,CrossEntropyLoss,APS,0.020000000000000018,0.98125,3.99375,2.99375,1.0,1.0,4.868749999999999,0.01875,0.0
30,CrossEntropyLoss,APS,0.030000000000000027,0.98125,3.821875,2.821875,1.0,1.0,4.0718749999999995,0.01875,0.0
30,CrossEntropyLoss,APS,0.050000000000000044,0.95625,3.0875,2.0875,1.0714285714285714,2.0,3.9624999999999986,0.046875,0.0
30,CrossEntropyLoss,APS,0.07999999999999996,0.946875,2.8,1.8,1.0588235294117647,2.0,3.2062500000000007,0.05625,0.0
30,CrossEntropyLoss,APS,0.09999999999999998,0.925,2.60625,1.60625,1.0416666666666667,2.0,3.16875,0.078125,0.0
30,CrossEntropyLoss,APS,0.13,0.915625,2.35625,1.35625,1.1111111111111112,2.0,2.7985576923076922,0.09375,0.0
30,CrossEntropyLoss,APS,0.15000000000000002,0.86875,2.125,1.125,1.0952380952380953,2.0,3.0416666666666665,0.14375,0.0
30,CrossEntropyLoss,APS,0.18000000000000005,0.828125,1.825,0.825,1.0727272727272728,2.0,2.873611111111111,0.184375,0.0
30,CrossEntropyLoss,APS,0.19999999999999996,0.81875,1.778125,0.778125,1.0862068965517242,2.0,2.746875,0.196875,0.0
30,CrossEntropyLoss,LAC,0.010000000000000009,0.9875,4.746875,3.746875,1.0,1.0,6.2468749999999975,0.0125,0.0
30,CrossEntropyLoss,LAC,0.020000000000000018,0.978125,4.265625,3.265625,1.0,1.0,5.453124999999998,0.021875,0.0
30,CrossEntropyLoss,LAC,0.030000000000000027,0.975,4.053125,3.053125,1.0,1.0,4.719791666666666,0.025,0.0
30,CrossEntropyLoss,LAC,0.050000000000000044,0.971875,3.578125,2.578125,1.0,1.0,3.703124999999999,0.028125,0.0
30,CrossEntropyLoss,LAC,0.07999999999999996,0.928125,2.403125,1.403125,1.0,1.0,3.2000000000000015,0.071875,0.0
30,CrossEntropyLoss,LAC,0.09999999999999998,0.89375,2.0375,1.0375,1.0294117647058822,2.0,3.225,0.109375,0.0
30,CrossEntropyLoss,LAC,0.13,0.8625,1.828125,0.828125,1.0454545454545454,2.0,3.0396634615384612,0.14375,0.0
30,CrossEntropyLoss,LAC,0.15000000000000002,0.840625,1.7125,0.7125,1.0392156862745099,2.0,2.9208333333333334,0.165625,0.0
30,CrossEntropyLoss,LAC,0.18000000000000005,0.79375,1.6,0.6,1.0303030303030303,2.0,2.961111111111111,0.2125,0.0
30,CrossEntropyLoss,LAC,0.19999999999999996,0.771875,1.5625,0.5625,1.0273972602739727,2.0,2.906250000000001,0.234375,0.0
31,CrossEntropyLoss,min-CPS,0.010000000000000009,0.99375,4.840625,3.840625,1.0,1.0,5.090624999999998,0.00625,0.0
31,CrossEntropyLoss,min-CPS,0.020000000000000018,0.9875,4.35625,3.35625,1.0,1.0,4.606249999999998,0.0125,0.0
31,CrossEntropyLoss,min-CPS,0.030000000000000027,0.978125,3.59375,2.59375,1.0,1.0,4.052083333333333,0.021875,0.0
31,CrossEntropyLoss,min-CPS,0.050000000000000044,0.971875,3.30625,2.30625,1.0,1.0,3.4312499999999986,0.028125,0.0
31,CrossEntropyLoss,min-CPS,0.07999999999999996,0.946875,2.93125,1.93125,1.0588235294117647,2.0,3.3375000000000012,0.05625,0.0
31,CrossEntropyLoss,min-CPS,0.09999999999999998,0.940625,2.628125,1.628125,1.0526315789473684,2.0,2.878125,0.0625,0.0
31,CrossEntropyLoss,min-CPS,0.13,0.88125,2.05625,1.05625,1.0526315789473684,2.0,2.979326923076923,0.125,0.0
31,CrossEntropyLoss,min-CPS,0.15000000000000002,0.859375,1.9375,0.9375,1.0444444444444445,2.0,2.895833333333333,0.146875,0.0
31,CrossEntropyLoss,min-CPS,0.18000000000000005,0.8375,1.903125,0.903125,1.0384615384615385,2.0,2.7781249999999993,0.16875,0.0
31,CrossEntropyLoss,min-CPS,0.19999999999999996,0.825,1.865625,0.865625,1.0535714285714286,2.0,2.709375,0.184375,0.0
31,CrossEntropyLoss,RPS,0.010000000000000009,0.99375,3.853125,2.853125,1.0,1.0,4.103124999999999,0.00625,0.0
31,CrossEntropyLoss,RPS,0.020000000000000018,0.984375,3.484375,2.484375,1.0,1.0,4.046874999999998,0.015625,0.0
31,CrossEntropyLoss,RPS,0.030000000000000027,0.975,3.159375,2.159375,1.0,1.0,3.826041666666665,0.025,0.0
31,CrossEntropyLoss,RPS,0.050000000000000044,0.96875,2.7875,1.7875,1.0,1.0,3.0374999999999988,0.03125,0.0
31,CrossEntropyLoss,RPS,0.07999999999999996,0.94375,2.396875,1.396875,1.0,1.0,2.803125000000001,0.05625,0.0
31,CrossEntropyLoss,RPS,0.09999999999999998,0.934375,2.28125,1.28125,1.0,1.0,2.59375,0.065625,0.0
31,CrossEntropyLoss,RPS,0.13,0.90625,2.00625,1.00625,1.0666666666666667,2.0,2.5447115384615384,0.1,0.0
31,CrossEntropyLoss,RPS,0.15000000000000002,0.8875,1.89375,0.89375,1.0555555555555556,2.0,2.4770833333333333,0.11875,0.0
31,CrossEntropyLoss,RPS,0.18000000000000005,0.853125,1.771875,0.771875,1.0425531914893618,2.0,2.4732638888888885,0.153125,0.0
31,CrossEntropyLoss,RPS,0.19999999999999996,0.784375,1.609375,0.609375,1.0289855072463767,2.0,2.828125000000001,0.221875,0.0
31,CrossEntropyLoss,OCDF,0.010000000000000009,0.9875,4.6875,3.6875,1.0,1.0,6.187499999999998,0.0125,0.0
31,CrossEntropyLoss,OCDF,0.020000000000000018,0.9875,4.60625,3.60625,1.0,1.0,4.856249999999998,0.0125,0.0
31,CrossEntropyLoss,OCDF,0.030000000000000027,0.98125,4.553125,3.553125,1.0,1.0,4.803125,0.01875,0.0
31,CrossEntropyLoss,OCDF,0.050000000000000044,0.959375,4.1125,3.1125,1.0,1.0,4.737499999999999,0.040625,0.0
31,CrossEntropyLoss,OCDF,0.07999999999999996,0.91875,3.5,2.5,1.0384615384615385,2.0,4.609375000000002,0.084375,0.0
31,CrossEntropyLoss,OCDF,0.09999999999999998,0.903125,3.290625,2.290625,1.032258064516129,2.0,4.290625,0.1,0.0
31,CrossEntropyLoss,OCDF,0.13,0.875,2.9375,1.9375,1.025,2.0,3.908653846153846,0.128125,0.0
31,CrossEntropyLoss,OCDF,0.15000000000000002,0.84375,2.728125,1.728125,1.02,2.0,3.853125,0.159375,0.0
31,CrossEntropyLoss,OCDF,0.18000000000000005,0.8375,2.68125,1.68125,1.0192307692307692,2.0,3.521527777777777,0.165625,0.0
31,CrossEntropyLoss,OCDF,0.19999999999999996,0.81875,2.55,1.55,1.0344827586206897,2.0,3.425,0.1875,0.0
31,CrossEntropyLoss,APS,0.010000000000000009,0.996875,4.828125,3.828125,1.0,1.0,4.453124999999999,0.003125,0.0
31,CrossEntropyLoss,APS,0.020000000000000018,0.9875,4.315625,3.315625,1.0,1.0,4.565624999999999,0.0125,0.0
31,CrossEntropyLoss,APS,0.030000000000000027,0.978125,3.68125,2.68125,1.0,1.0,4.1395833333333325,0.021875,0.0
31,CrossEntropyLoss,APS,0.050000000000000044,0.9625,3.228125,2.228125,1.0833333333333333,2.0,3.8531249999999986,0.040625,0.0
31,CrossEntropyLoss,APS,0.07999999999999996,0.9375,2.7625,1.7625,1.1,2.0,3.4812500000000015,0.06875,0.0
31,CrossEntropyLoss,APS,0.09999999999999998,0.928125,2.50625,1.50625,1.0869565217391304,2.0,3.06875,0.078125,0.0
31,CrossEntropyLoss,APS,0.13,0.903125,2.14375,1.14375,1.064516129032258,2.0,2.7302884615384615,0.103125,0.0
31,CrossEntropyLoss,APS,0.15000000000000002,0.8875,2.03125,1.03125,1.0555555555555556,2.0,2.614583333333333,0.11875,0.0
31,CrossEntropyLoss,APS,0.18000000000000005,0.871875,1.921875,0.921875,1.048780487804878,2.0,2.414930555555555,0.134375,0.0
31,CrossEntropyLoss,APS,0.19999999999999996,0.8375,1.775,0.778125,1.1346153846153846,4.0,2.528125,0.184375,0.0
31,CrossEntropyLoss,LAC,0.010000000000000009,0.990625,4.809375,3.809375,1.0,1.0,5.684374999999998,0.009375,0.0
31,CrossEntropyLoss,LAC,0.020000000000000018,0.984375,4.371875,3.371875,1.0,1.0,4.934374999999998,0.015625,0.0
31,CrossEntropyLoss,LAC,0.030000000000000027,0.98125,4.103125,3.103125,1.0,1.0,4.3531249999999995,0.01875,0.0
31,CrossEntropyLoss,LAC,0.050000000000000044,0.9625,3.30625,2.30625,1.0,1.0,3.8062499999999986,0.0375,0.0
31,CrossEntropyLoss,LAC,0.07999999999999996,0.9375,2.396875,1.396875,1.0,1.0,2.959375000000001,0.0625,0.0
31,CrossEntropyLoss,LAC,0.09999999999999998,0.93125,2.3125,1.3125,1.0454545454545454,2.0,2.75,0.071875,0.0
31,CrossEntropyLoss,LAC,0.13,0.90625,1.984375,0.984375,1.0333333333333334,2.0,2.4747596153846154,0.096875,0.0
31,CrossEntropyLoss,LAC,0.15000000000000002,0.8875,1.85625,0.85625,1.0555555555555556,2.0,2.439583333333333,0.11875,0.0
31,CrossEntropyLoss,LAC,0.18000000000000005,0.84375,1.659375,0.659375,1.04,2.0,2.464930555555555,0.1625,0.0
31,CrossEntropyLoss,LAC,0.19999999999999996,0.8125,1.59375,0.59375,1.0333333333333334,2.0,2.53125,0.19375,0.0
32,CrossEntropyLoss,min-CPS,0.010000000000000009,0.99375,4.8375,3.8375,1.0,1.0,5.087499999999999,0.00625,0.0
32,CrossEntropyLoss,min-CPS,0.020000000000000018,0.98125,4.040625,3.040625,1.0,1.0,4.915624999999999,0.01875,0.0
32,CrossEntropyLoss,min-CPS,0.030000000000000027,0.98125,3.784375,2.784375,1.0,1.0,4.034374999999999,0.01875,0.0
32,CrossEntropyLoss,min-CPS,0.050000000000000044,0.94375,3.065625,2.065625,1.0,1.0,4.315624999999999,0.05625,0.0
32,CrossEntropyLoss,min-CPS,0.07999999999999996,0.9,2.371875,1.371875,1.09375,2.0,4.106250000000001,0.109375,0.0
32,CrossEntropyLoss,min-CPS,0.09999999999999998,0.90625,2.315625,1.315625,1.1,2.0,3.378125,0.103125,0.0
32,CrossEntropyLoss,min-CPS,0.13,0.878125,2.021875,1.021875,1.0769230769230769,2.0,3.0411057692307693,0.13125,0.0
32,CrossEntropyLoss,min-CPS,0.15000000000000002,0.86875,1.925,0.925,1.0952380952380953,2.0,2.8416666666666663,0.14375,0.0
32,CrossEntropyLoss,min-CPS,0.18000000000000005,0.8375,1.88125,0.88125,1.0769230769230769,2.0,2.825694444444444,0.175,0.0
32,CrossEntropyLoss,min-CPS,0.19999999999999996,0.803125,1.84375,0.84375,1.0793650793650793,2.0,2.96875,0.2125,0.0
32,CrossEntropyLoss,RPS,0.010000000000000009,0.9875,3.725,2.725,1.0,1.0,5.224999999999998,0.0125,0.0
32,CrossEntropyLoss,RPS,0.020000000000000018,0.975,3.296875,2.296875,1.0,1.0,4.796874999999998,0.025,0.0
32,CrossEntropyLoss,RPS,0.030000000000000027,0.971875,3.134375,2.134375,1.0,1.0,4.009374999999999,0.028125,0.0
32,CrossEntropyLoss,RPS,0.050000000000000044,0.95625,2.64375,1.64375,1.0,1.0,3.3937499999999985,0.04375,0.0
32,CrossEntropyLoss,RPS,0.07999999999999996,0.9,2.23125,1.23125,1.0,1.0,3.7312500000000015,0.1,0.0
32,CrossEntropyLoss,RPS,0.09999999999999998,0.8875,2.021875,1.021875,1.0555555555555556,2.0,3.396875,0.11875,0.0
32,CrossEntropyLoss,RPS,0.13,0.86875,1.8875,0.8875,1.0714285714285714,2.0,3.0509615384615385,0.140625,0.0
32,CrossEntropyLoss,RPS,0.15000000000000002,0.84375,1.8,0.8,1.06,2.0,3.008333333333333,0.165625,0.0
32,CrossEntropyLoss,RPS,0.18000000000000005,0.828125,1.73125,0.73125,1.0545454545454545,2.0,2.7451388888888886,0.18125,0.0
32,CrossEntropyLoss,RPS,0.19999999999999996,0.796875,1.6125,0.6125,1.0615384615384615,2.0,2.76875,0.215625,0.0
32,CrossEntropyLoss,OCDF,0.010000000000000009,1.0,4.825,3.825,,0.0,3.825,0.0,0.0
32,CrossEntropyLoss,OCDF,0.020000000000000018,0.984375,4.609375,3.609375,1.0,1.0,5.171874999999998,0.015625,0.0
32,CrossEntropyLoss,OCDF,0.030000000000000027,0.971875,4.421875,3.421875,1.0,1.0,5.296874999999998,0.028125,0.0
32,CrossEntropyLoss,OCDF,0.050000000000000044,0.946875,3.853125,2.853125,1.0,1.0,4.978124999999999,0.053125,0.0
32,CrossEntropyLoss,OCDF,0.07999999999999996,0.909375,3.4375,2.4375,1.0,1.0,4.703125000000002,0.090625,0.0
32,CrossEntropyLoss,OCDF,0.09999999999999998,0.9,3.3,2.3,1.0,1.0,4.3,0.1,0.0
32,CrossEntropyLoss,OCDF,0.13,0.8625,2.878125,1.878125,1.0227272727272727,2.0,4.041586538461539,0.140625,0.0
32,CrossEntropyLoss,OCDF,0.15000000000000002,0.85625,2.78125,1.78125,1.0217391304347827,2.0,3.739583333333333,0.146875,0.0
32,CrossEntropyLoss,OCDF,0.18000000000000005,0.8375,2.678125,1.678125,1.0192307692307692,2.0,3.5184027777777773,0.165625,0.0
32,CrossEntropyLoss,OCDF,0.19999999999999996,0.8125,2.5125,1.5125,1.05,2.0,3.48125,0.196875,0.0
32,CrossEntropyLoss,APS,0.010000000000000009,0.9875,4.609375,3.609375,1.0,1.0,6.109374999999998,0.0125,0.0
32,CrossEntropyLoss,APS,0.020000000000000018,0.98125,4.0375,3.0375,1.0,1.0,4.912499999999999,0.01875,0.0
32,CrossEntropyLoss,APS,0.030000000000000027,0.98125,3.7125,2.7125,1.0,1.0,3.9624999999999995,0.01875,0.0
32,CrossEntropyLoss,APS,0.050000000000000044,0.965625,3.38125,2.38125,1.0909090909090908,2.0,3.8812499999999988,0.0375,0.0
32,CrossEntropyLoss,APS,0.07999999999999996,0.928125,2.75625,1.75625,1.0869565217391304,2.0,3.7093750000000014,0.078125,0.0
32,CrossEntropyLoss,APS,0.09999999999999998,0.915625,2.4125,1.4125,1.0740740740740742,2.0,3.225,0.090625,0.0
32,CrossEntropyLoss,APS,0.13,0.88125,2.04375,1.046875,1.1842105263157894,4.0,3.162259615384615,0.140625,0.0
32,CrossEntropyLoss,APS,0.15000000000000002,0.865625,1.95,0.953125,1.1627906976744187,4.0,2.9947916666666665,0.15625,0.0
32,CrossEntropyLoss,APS,0.18000000000000005,0.85,1.840625,0.84375,1.1458333333333333,4.0,2.718749999999999,0.171875,0.0
32,CrossEntropyLoss,APS,0.19999999999999996,0.840625,1.753125,0.7625,1.2352941176470589,4.0,2.575,0.196875,0.0
32,CrossEntropyLoss,LAC,0.010000000000000009,0.99375,4.8125,3.8125,1.0,1.0,5.062499999999998,0.00625,0.0
32,CrossEntropyLoss,LAC,0.020000000000000018,0.9875,4.49375,3.49375,1.0,1.0,4.743749999999999,0.0125,0.0
32,CrossEntropyLoss,LAC,0.030000000000000027,0.978125,4.040625,3.040625,1.0,1.0,4.4989583333333325,0.021875,0.0
32,CrossEntropyLoss,LAC,0.050000000000000044,0.959375,3.296875,2.296875,1.0,1.0,3.9218749999999987,0.040625,0.0
32,CrossEntropyLoss,LAC,0.07999999999999996,0.896875,2.26875,1.26875,1.0303030303030303,2.0,3.9250000000000016,0.10625,0.0
32,CrossEntropyLoss,LAC,0.09999999999999998,0.884375,1.978125,0.978125,1.054054054054054,2.0,3.415625,0.121875,0.0
32,CrossEntropyLoss,LAC,0.13,0.871875,1.83125,0.83125,1.0731707317073171,2.0,2.9466346153846152,0.1375,0.0
32,CrossEntropyLoss,LAC,0.15000000000000002,0.85,1.715625,0.715625,1.0625,2.0,2.840625,0.159375,0.0
32,CrossEntropyLoss,LAC,0.18000000000000005,0.815625,1.5875,0.5875,1.0508474576271187,2.0,2.7402777777777776,0.19375,0.0
32,CrossEntropyLoss,LAC,0.19999999999999996,0.790625,1.5375,0.5375,1.044776119402985,2.0,2.7250000000000005,0.21875,0.0
33,CrossEntropyLoss,min-CPS,0.010000000000000009,0.990625,4.71875,3.71875,1.0,1.0,5.593749999999998,0.009375,0.0
33,CrossEntropyLoss,min-CPS,0.020000000000000018,0.978125,3.9875,2.9875,1.0,1.0,5.174999999999999,0.021875,0.0
33,CrossEntropyLoss,min-CPS,0.030000000000000027,0.971875,3.525,2.525,1.0,1.0,4.399999999999999,0.028125,0.0
33,CrossEntropyLoss,min-CPS,0.050000000000000044,0.959375,3.059375,2.059375,1.0,1.0,3.6843749999999984,0.040625,0.0
33,CrossEntropyLoss,min-CPS,0.07999999999999996,0.93125,2.66875,1.66875,1.0454545454545454,2.0,3.4656250000000015,0.071875,0.0
33,CrossEntropyLoss,min-CPS,0.09999999999999998,0.884375,2.20625,1.20625,1.054054054054054,2.0,3.64375,0.121875,0.0
33,CrossEntropyLoss,min-CPS,0.13,0.871875,2.009375,1.009375,1.0731707317073171,2.0,3.124759615384615,0.1375,0.0
33,CrossEntropyLoss,min-CPS,0.15000000000000002,0.8625,1.93125,0.93125,1.0681818181818181,2.0,2.889583333333333,0.146875,0.0
33,CrossEntropyLoss,min-CPS,0.18000000000000005,0.85625,1.9,0.9,1.065217391304348,2.0,2.6013888888888888,0.153125,0.0
33,CrossEntropyLoss,min-CPS,0.19999999999999996,0.84375,1.88125,0.88125,1.08,2.0,2.56875,0.16875,0.0
33,CrossEntropyLoss,RPS,0.010000000000000009,0.990625,3.728125,2.728125,1.0,1.0,4.603124999999999,0.009375,0.0
33,CrossEntropyLoss,RPS,0.020000000000000018,0.98125,3.41875,2.41875,1.0,1.0,4.293749999999998,0.01875,0.0
33,CrossEntropyLoss,RPS,0.030000000000000027,0.978125,3.21875,2.21875,1.0,1.0,3.677083333333333,0.021875,0.0
33,CrossEntropyLoss,RPS,0.050000000000000044,0.953125,2.640625,1.640625,1.0,1.0,3.5156249999999987,0.046875,0.0
33,CrossEntropyLoss,RPS,0.07999999999999996,0.9125,2.271875,1.271875,1.0,1.0,3.4593750000000014,0.0875,0.0
33,CrossEntropyLoss,RPS,0.09999999999999998,0.8875,2.046875,1.046875,1.0555555555555556,2.0,3.421875,0.11875,0.0
33,CrossEntropyLoss,RPS,0.13,0.878125,1.925,0.925,1.0512820512820513,2.0,2.896153846153846,0.128125,0.0
33,CrossEntropyLoss,RPS,0.15000000000000002,0.859375,1.815625,0.815625,1.0444444444444445,2.0,2.7739583333333333,0.146875,0.0
33,CrossEntropyLoss,RPS,0.18000000000000005,0.825,1.7,0.7,1.0535714285714286,2.0,2.748611111111111,0.184375,0.0
33,CrossEntropyLoss,RPS,0.19999999999999996,0.8125,1.665625,0.665625,1.05,2.0,2.634375,0.196875,0.0
33,CrossEntropyLoss,OCDF,0.010000000000000009,0.984375,4.675,3.675,1.0,1.0,6.799999999999997,0.015625,0.0
33,CrossEntropyLoss,OCDF,0.020000000000000018,0.98125,4.578125,3.578125,1.0,1.0,5.453124999999998,0.01875,0.0
33,CrossEntropyLoss,OCDF,0.030000000000000027,0.978125,4.45,3.45,1.0,1.0,4.908333333333333,0.021875,0.0
33,CrossEntropyLoss,OCDF,0.050000000000000044,0.953125,3.86875,2.86875,1.0666666666666667,2.0,4.868749999999999,0.05,0.0
33,CrossEntropyLoss,OCDF,0.07999999999999996,0.921875,3.453125,2.453125,1.04,2.0,4.484375000000002,0.08125,0.0
33,CrossEntropyLoss,OCDF,0.09999999999999998,0.9,3.23125,2.23125,1.03125,2.0,4.29375,0.103125,0.0
33,CrossEntropyLoss,OCDF,0.13,0.88125,2.93125,1.93125,1.0263157894736843,2.0,3.80625,0.121875,0.0
33,CrossEntropyLoss,OCDF,0.15000000000000002,0.871875,2.803125,1.803125,1.024390243902439,2.0,3.553125,0.13125,0.0
33,CrossEntropyLoss,OCDF,0.18000000000000005,0.853125,2.659375,1.659375,1.0212765957446808,2.0,3.326041666666666,0.15,0.0
33,CrossEntropyLoss,OCDF,0.19999999999999996,0.828125,2.521875,1.521875,1.0363636363636364,2.0,3.303125,0.178125,0.0
33,CrossEntropyLoss,APS,0.010000000000000009,0.99375,4.59375,3.59375,1.0,1.0,4.843749999999998,0.00625,0.0
33,CrossEntropyLoss,APS,0.020000000000000018,0.98125,3.996875,2.996875,1.0,1.0,4.871874999999998,0.01875,0.0
33,CrossEntropyLoss,APS,0.030000000000000027,0.959375,3.403125,2.403125,1.0769230769230769,2.0,5.3197916666666645,0.04375,0.0
33,CrossEntropyLoss,APS,0.050000000000000044,0.94375,2.934375,1.934375,1.0555555555555556,2.0,4.3093749999999975,0.059375,0.0
33,CrossEntropyLoss,APS,0.07999999999999996,0.921875,2.58125,1.58125,1.04,2.0,3.6125000000000016,0.08125,0.0
33,CrossEntropyLoss,APS,0.09999999999999998,0.90625,2.340625,1.340625,1.0333333333333334,2.0,3.278125,0.096875,0.0
33,CrossEntropyLoss,APS,0.13,0.890625,2.15625,1.15625,1.0285714285714285,2.0,2.887019230769231,0.1125,0.0
33,CrossEntropyLoss,APS,0.15000000000000002,0.85625,1.98125,0.98125,1.0434782608695652,2.0,2.98125,0.15,0.0
33,CrossEntropyLoss,APS,0.18000000000000005,0.81875,1.775,0.78125,1.1551724137931034,4.0,2.9687499999999996,0.209375,0.0
33,CrossEntropyLoss,APS,0.19999999999999996,0.80625,1.70625,0.7125,1.1451612903225807,4.0,2.80625,0.221875,0.0
33,CrossEntropyLoss,LAC,0.010000000000000009,0.9875,4.634375,3.634375,1.0,1.0,6.134374999999998,0.0125,0.0
33,CrossEntropyLoss,LAC,0.020000000000000018,0.975,4.090625,3.090625,1.0,1.0,5.5906249999999975,0.025,0.0
33,CrossEntropyLoss,LAC,0.030000000000000027,0.96875,3.65,2.65,1.0,1.0,4.7333333333333325,0.03125,0.0
33,CrossEntropyLoss,LAC,0.050000000000000044,0.95625,3.165625,2.165625,1.0,1.0,3.9156249999999986,0.04375,0.0
33,CrossEntropyLoss,LAC,0.07999999999999996,0.915625,2.371875,1.371875,1.0,1.0,3.4812500000000015,0.084375,0.0
33,CrossEntropyLoss,LAC,0.09999999999999998,0.89375,2.0625,1.0625,1.0294117647058822,2.0,3.25,0.109375,0.0
33,CrossEntropyLoss,LAC,0.13,0.88125,1.94375,0.94375,1.0526315789473684,2.0,2.866826923076923,0.125,0.0
33,CrossEntropyLoss,LAC,0.15000000000000002,0.871875,1.8125,0.8125,1.048780487804878,2.0,2.6041666666666665,0.134375,0.0
33,CrossEntropyLoss,LAC,0.18000000000000005,0.8625,1.715625,0.715625,1.0454545454545454,2.0,2.3128472222222216,0.14375,0.0
33,CrossEntropyLoss,LAC,0.19999999999999996,0.85,1.665625,0.665625,1.0416666666666667,2.0,2.228125,0.15625,0.0
34,CrossEntropyLoss,min-CPS,0.010000000000000009,1.0,4.859375,3.859375,,0.0,3.859375,0.0,0.0
34,CrossEntropyLoss,min-CPS,0.020000000000000018,0.99375,4.628125,3.628125,1.0,1.0,4.253124999999999,0.00625,0.0
34,CrossEntropyLoss,min-CPS,0.030000000000000027,0.984375,3.809375,2.809375,1.0,1.0,3.851041666666666,0.015625,0.0
34,CrossEntropyLoss,min-CPS,0.050000000000000044,0.96875,3.25625,2.25625,1.0,1.0,3.5062499999999988,0.03125,0.0
34,CrossEntropyLoss,min-CPS,0.07999999999999996,0.925,2.66875,1.66875,1.0,1.0,3.5437500000000015,0.075,0.0
34,CrossEntropyLoss,min-CPS,0.09999999999999998,0.9125,2.328125,1.328125,1.0714285714285714,2.0,3.203125,0.09375,0.0
34,CrossEntropyLoss,min-CPS,0.13,0.896875,2.090625,1.090625,1.0606060606060606,2.0,2.773317307692307,0.109375,0.0
34,CrossEntropyLoss,min-CPS,0.15000000000000002,0.85,1.940625,0.940625,1.0416666666666667,2.0,3.023958333333333,0.15625,0.0
34,CrossEntropyLoss,min-CPS,0.18000000000000005,0.834375,1.9125,0.9125,1.0566037735849056,2.0,2.856944444444444,0.175,0.0
34,CrossEntropyLoss,min-CPS,0.19999999999999996,0.815625,1.85625,0.85625,1.0677966101694916,2.0,2.825,0.196875,0.0
34,CrossEntropyLoss,RPS,0.010000000000000009,0.99375,3.85,2.85,1.0,1.0,4.099999999999999,0.00625,0.0
34,CrossEntropyLoss,RPS,0.020000000000000018,0.978125,3.36875,2.36875,1.0,1.0,4.556249999999998,0.021875,0.0
34,CrossEntropyLoss,RPS,0.030000000000000027,0.9625,2.984375,1.984375,1.0,1.0,4.484374999999998,0.0375,0.0
34,CrossEntropyLoss,RPS,0.050000000000000044,0.953125,2.634375,1.634375,1.0,1.0,3.5093749999999986,0.046875,0.0
34,CrossEntropyLoss,RPS,0.07999999999999996,0.934375,2.346875,1.346875,1.0,1.0,2.987500000000001,0.065625,0.0
34,CrossEntropyLoss,RPS,0.09999999999999998,0.9125,2.21875,1.21875,1.0,1.0,2.96875,0.0875,0.0
34,CrossEntropyLoss,RPS,0.13,0.89375,1.95625,0.95625,1.0588235294117647,2.0,2.6870192307692307,0.1125,0.0
34,CrossEntropyLoss,RPS,0.15000000000000002,0.878125,1.878125,0.878125,1.0512820512820513,2.0,2.586458333333333,0.128125,0.0
34,CrossEntropyLoss,RPS,0.18000000000000005,0.853125,1.778125,0.778125,1.0425531914893618,2.0,2.4795138888888886,0.153125,0.0
34,CrossEntropyLoss,RPS,0.19999999999999996,0.821875,1.703125,0.703125,1.0350877192982457,2.0,2.546875,0.184375,0.0
34,CrossEntropyLoss,OCDF,0.010000000000000009,0.996875,4.75,3.75,1.0,1.0,4.374999999999999,0.003125,0.0
34,CrossEntropyLoss,OCDF,0.020000000000000018,0.9875,4.603125,3.603125,1.0,1.0,4.853124999999999,0.0125,0.0
34,CrossEntropyLoss,OCDF,0.030000000000000027,0.984375,4.565625,3.565625,1.0,1.0,4.607291666666666,0.015625,0.0
34,CrossEntropyLoss,OCDF,0.050000000000000044,0.978125,4.240625,3.240625,1.0,1.0,4.115625,0.021875,0.0
34,CrossEntropyLoss,OCDF,0.07999999999999996,0.95625,3.740625,2.740625,1.0714285714285714,2.0,3.9125000000000005,0.046875,0.0
34,CrossEntropyLoss,OCDF,0.09999999999999998,0.940625,3.484375,2.484375,1.0526315789473684,2.0,3.734375,0.0625,0.0
34,CrossEntropyLoss,OCDF,0.13,0.91875,3.1375,2.1375,1.0384615384615385,2.0,3.4355769230769235,0.084375,0.0
34,CrossEntropyLoss,OCDF,0.15000000000000002,0.896875,2.9625,1.9625,1.0303030303030303,2.0,3.3791666666666664,0.10625,0.0
34,CrossEntropyLoss,OCDF,0.18000000000000005,0.85,2.721875,1.721875,1.0208333333333333,2.0,3.4232638888888887,0.153125,0.0
34,CrossEntropyLoss,OCDF,0.19999999999999996,0.828125,2.575,1.575,1.0727272727272728,2.0,3.41875,0.184375,0.0
34,CrossEntropyLoss,APS,0.010000000000000009,0.996875,4.63125,3.63125,1.0,1.0,4.25625,0.003125,0.0
34,CrossEntropyLoss,APS,0.020000000000000018,0.990625,4.396875,3.396875,1.0,1.0,4.334374999999999,0.009375,0.0
34,CrossEntropyLoss,APS,0.030000000000000027,0.975,3.7625,2.7625,1.0,1.0,4.429166666666665,0.025,0.0
34,CrossEntropyLoss,APS,0.050000000000000044,0.9625,3.353125,2.353125,1.0833333333333333,2.0,3.9781249999999986,0.040625,0.0
34,CrossEntropyLoss,APS,0.07999999999999996,0.94375,2.925,1.925,1.0555555555555556,2.0,3.4093750000000016,0.059375,0.0
34,CrossEntropyLoss,APS,0.09999999999999998,0.928125,2.6125,1.6125,1.0434782608695652,2.0,3.1125,0.075,0.0
34,CrossEntropyLoss,APS,0.13,0.896875,2.221875,1.221875,1.0606060606060606,2.0,2.9045673076923078,0.109375,0.0
34,CrossEntropyLoss,APS,0.15000000000000002,0.88125,2.059375,1.059375,1.0526315789473684,2.0,2.7260416666666663,0.125,0.0
34,CrossEntropyLoss,APS,0.18000000000000005,0.85,1.896875,0.896875,1.0416666666666667,2.0,2.632986111111111,0.15625,0.0
34,CrossEntropyLoss,APS,0.19999999999999996,0.825,1.709375,0.71875,1.1785714285714286,4.0,2.59375,0.20625,0.0
34,CrossEntropyLoss,LAC,0.010000000000000009,1.0,4.828125,3.828125,,0.0,3.828125,0.0,0.0
34,CrossEntropyLoss,LAC,0.020000000000000018,0.99375,4.546875,3.546875,1.0,1.0,4.171874999999999,0.00625,0.0
34,CrossEntropyLoss,LAC,0.030000000000000027,0.9875,4.1875,3.1875,1.0,1.0,4.020833333333333,0.0125,0.0
34,CrossEntropyLoss,LAC,0.050000000000000044,0.959375,3.3,2.3,1.0,1.0,3.9249999999999985,0.040625,0.0
34,CrossEntropyLoss,LAC,0.07999999999999996,0.9375,2.4,1.4,1.0,1.0,2.962500000000001,0.0625,0.0
34,CrossEntropyLoss,LAC,0.09999999999999998,0.9125,2.26875,1.26875,1.0,1.0,3.01875,0.0875,0.0
34,CrossEntropyLoss,LAC,0.13,0.9,1.953125,0.953125,1.03125,2.0,2.5396634615384612,0.103125,0.0
34,CrossEntropyLoss,LAC,0.15000000000000002,0.890625,1.859375,0.859375,1.0571428571428572,2.0,2.4010416666666665,0.115625,0.0
34,CrossEntropyLoss,LAC,0.18000000000000005,0.865625,1.7,0.7,1.0465116279069768,2.0,2.2624999999999997,0.140625,0.0
34,CrossEntropyLoss,LAC,0.19999999999999996,0.83125,1.6,0.6,1.037037037037037,2.0,2.35,0.175,0.0
35,CrossEntropyLoss,min-CPS,0.010000000000000009,1.0,4.9,3.9,,0.0,3.9,0.0,0.0
35,CrossEntropyLoss,min-CPS,0.020000000000000018,0.990625,4.659375,3.659375,1.0,1.0,4.596874999999999,0.009375,0.0
35,CrossEntropyLoss,min-CPS,0.030000000000000027,0.990625,4.084375,3.084375,1.0,1.0,3.709375,0.009375,0.0
35,CrossEntropyLoss,min-CPS,0.050000000000000044,0.9625,3.225,2.225,1.0,1.0,3.7249999999999988,0.0375,0.0
35,CrossEntropyLoss,min-CPS,0.07999999999999996,0.91875,2.625,1.625,1.0,1.0,3.6562500000000013,0.08125,0.0
35,CrossEntropyLoss,min-CPS,0.09999999999999998,0.89375,2.2125,1.2125,1.0,1.0,3.3375,0.10625,0.0
35,CrossEntropyLoss,min-CPS,0.13,0.86875,1.9625,0.9625,1.0238095238095237,2.0,3.029807692307692,0.134375,0.0
35,CrossEntropyLoss,min-CPS,0.15000000000000002,0.846875,1.925,0.925,1.0204081632653061,2.0,3.0083333333333333,0.15625,0.0
35,CrossEntropyLoss,min-CPS,0.18000000000000005,0.8375,1.90625,0.90625,1.0576923076923077,2.0,2.815972222222222,0.171875,0.0
35,CrossEntropyLoss,min-CPS,0.19999999999999996,0.815625,1.865625,0.865625,1.0508474576271187,2.0,2.803125,0.19375,0.0
35,CrossEntropyLoss,RPS,0.010000000000000009,1.0,3.96875,2.96875,,0.0,2.96875,0.0,0.0
35,CrossEntropyLoss,RPS,0.020000000000000018,0.990625,3.690625,2.690625,1.0,1.0,3.6281249999999994,0.009375,0.0
35,CrossEntropyLoss,RPS,0.030000000000000027,0.978125,3.25625,2.25625,1.0,1.0,3.7145833333333327,0.021875,0.0
35,CrossEntropyLoss,RPS,0.050000000000000044,0.95,2.628125,1.628125,1.0,1.0,3.6281249999999985,0.05,0.0
35,CrossEntropyLoss,RPS,0.07999999999999996,0.921875,2.290625,1.290625,1.0,1.0,3.2437500000000012,0.078125,0.0
35,CrossEntropyLoss,RPS,0.09999999999999998,0.878125,2.009375,1.009375,1.0,1.0,3.446875,0.121875,0.0
35,CrossEntropyLoss,RPS,0.13,0.865625,1.903125,0.903125,1.0,1.0,2.970432692307692,0.134375,0.0
35,CrossEntropyLoss,RPS,0.15000000000000002,0.853125,1.828125,0.828125,1.0,1.0,2.786458333333333,0.146875,0.0
35,CrossEntropyLoss,RPS,0.18000000000000005,0.83125,1.740625,0.740625,1.0185185185185186,2.0,2.650347222222222,0.171875,0.0
35,CrossEntropyLoss,RPS,0.19999999999999996,0.81875,1.684375,0.684375,1.0172413793103448,2.0,2.528125,0.184375,0.0
35,CrossEntropyLoss,OCDF,0.010000000000000009,0.996875,4.784375,3.784375,1.0,1.0,4.409374999999999,0.003125,0.0
35,CrossEntropyLoss,OCDF,0.020000000000000018,0.996875,4.734375,3.734375,1.0,1.0,4.046875,0.003125,0.0
35,CrossEntropyLoss,OCDF,0.030000000000000027,0.9875,4.61875,3.61875,1.0,1.0,4.4520833333333325,0.0125,0.0
35,CrossEntropyLoss,OCDF,0.050000000000000044,0.98125,4.325,3.325,1.0,1.0,4.075,0.01875,0.0
35,CrossEntropyLoss,OCDF,0.07999999999999996,0.95,3.734375,2.734375,1.0,1.0,3.9843750000000013,0.05,0.0
35,CrossEntropyLoss,OCDF,0.09999999999999998,0.9375,3.45,2.45,1.0,1.0,3.7,0.0625,0.0
35,CrossEntropyLoss,OCDF,0.13,0.865625,2.796875,1.796875,1.0,1.0,3.8641826923076925,0.134375,0.0
35,CrossEntropyLoss,OCDF,0.15000000000000002,0.85625,2.703125,1.703125,1.0,1.0,3.6197916666666665,0.14375,0.0
35,CrossEntropyLoss,OCDF,0.18000000000000005,0.803125,2.5,1.5,1.0317460317460319,2.0,3.756944444444444,0.203125,0.0
35,CrossEntropyLoss,OCDF,0.19999999999999996,0.790625,2.403125,1.403125,1.0746268656716418,2.0,3.653125,0.225,0.0
35,CrossEntropyLoss,APS,0.010000000000000009,0.990625,4.628125,3.628125,1.0,1.0,5.503124999999999,0.009375,0.0
35,CrossEntropyLoss,APS,0.020000000000000018,0.990625,4.190625,3.190625,1.0,1.0,4.128124999999999,0.009375,0.0
35,CrossEntropyLoss,APS,0.030000000000000027,0.98125,3.846875,2.846875,1.0,1.0,4.096874999999999,0.01875,0.0
35,CrossEntropyLoss,APS,0.050000000000000044,0.953125,3.15625,2.15625,1.0,1.0,4.031249999999998,0.046875,0.0
35,CrossEntropyLoss,APS,0.07999999999999996,0.925,2.634375,1.634375,1.0,1.0,3.5093750000000012,0.075,0.0
35,CrossEntropyLoss,APS,0.09999999999999998,0.903125,2.375,1.375,1.032258064516129,2.0,3.375,0.1,0.0
35,CrossEntropyLoss,APS,0.13,0.871875,2.04375,1.04375,1.024390243902439,2.0,3.062980769230769,0.13125,0.0
35,CrossEntropyLoss,APS,0.15000000000000002,0.84375,1.9,0.9,1.04,2.0,3.0666666666666664,0.1625,0.0
35,CrossEntropyLoss,APS,0.18000000000000005,0.81875,1.80625,0.80625,1.0517241379310345,2.0,2.924305555555555,0.190625,0.0
35,CrossEntropyLoss,APS,0.19999999999999996,0.8,1.7,0.7,1.046875,2.0,2.79375,0.209375,0.0
35,CrossEntropyLoss,LAC,0.010000000000000009,1.0,4.88125,3.88125,,0.0,3.88125,0.0,0.0
35,CrossEntropyLoss,LAC,0.020000000000000018,0.990625,4.578125,3.578125,1.0,1.0,4.515624999999999,0.009375,0.0
35,CrossEntropyLoss,LAC,0.030000000000000027,0.984375,4.1875,3.1875,1.0,1.0,4.229166666666666,0.015625,0.0
35,CrossEntropyLoss,LAC,0.050000000000000044,0.9625,3.2875,2.2875,1.0,1.0,3.7874999999999988,0.0375,0.0
35,CrossEntropyLoss,LAC,0.07999999999999996,0.903125,2.275,1.275,1.0,1.0,3.6968750000000012,0.096875,0.0
35,CrossEntropyLoss,LAC,0.09999999999999998,0.88125,1.975,0.975,1.0,1.0,3.35,0.11875,0.0
35,CrossEntropyLoss,LAC,0.13,0.853125,1.7875,0.7875,1.0,1.0,3.0471153846153847,0.146875,0.0
35,CrossEntropyLoss,LAC,0.15000000000000002,0.84375,1.7125,0.7125,1.0,1.0,2.7958333333333334,0.15625,0.0
35,CrossEntropyLoss,LAC,0.18000000000000005,0.81875,1.60625,0.60625,1.0,1.0,2.6201388888888886,0.18125,0.0
35,CrossEntropyLoss,LAC,0.19999999999999996,0.8125,1.59375,0.59375,1.0,1.0,2.46875,0.1875,0.0
36,CrossEntropyLoss,min-CPS,0.010000000000000009,0.984375,4.640625,3.640625,1.0,1.0,6.765624999999997,0.015625,0.0
36,CrossEntropyLoss,min-CPS,0.020000000000000018,0.98125,4.05625,3.05625,1.0,1.0,4.931249999999999,0.01875,0.0
36,CrossEntropyLoss,min-CPS,0.030000000000000027,0.975,3.590625,2.590625,1.0,1.0,4.257291666666665,0.025,0.0
36,CrossEntropyLoss,min-CPS,0.050000000000000044,0.925,3.00625,2.00625,1.0416666666666667,2.0,5.131249999999997,0.078125,0.0
36,CrossEntropyLoss,min-CPS,0.07999999999999996,0.909375,2.575,1.575,1.0344827586206897,2.0,3.9187500000000015,0.09375,0.0
36,CrossEntropyLoss,min-CPS,0.09999999999999998,0.8875,2.246875,1.246875,1.0277777777777777,2.0,3.559375,0.115625,0.0
36,CrossEntropyLoss,min-CPS,0.13,0.884375,2.053125,1.053125,1.027027027027027,2.0,2.880048076923077,0.11875,0.0
36,CrossEntropyLoss,min-CPS,0.15000000000000002,0.8625,1.95625,0.95625,1.0454545454545454,2.0,2.8729166666666663,0.14375,0.0
36,CrossEntropyLoss,min-CPS,0.18000000000000005,0.84375,1.909375,0.909375,1.06,2.0,2.749652777777777,0.165625,0.0
36,CrossEntropyLoss,min-CPS,0.19999999999999996,0.81875,1.875,0.875,1.0517241379310345,2.0,2.78125,0.190625,0.0
36,CrossEntropyLoss,RPS,0.010000000000000009,0.996875,3.884375,2.884375,1.0,1.0,3.5093749999999995,0.003125,0.0
36,CrossEntropyLoss,RPS,0.020000000000000018,0.990625,3.646875,2.646875,1.0,1.0,3.584374999999999,0.009375,0.0
36,CrossEntropyLoss,RPS,0.030000000000000027,0.984375,3.28125,2.28125,1.0,1.0,3.3229166666666656,0.015625,0.0
36,CrossEntropyLoss,RPS,0.050000000000000044,0.95625,2.659375,1.659375,1.0,1.0,3.4093749999999985,0.04375,0.0
36,CrossEntropyLoss,RPS,0.07999999999999996,0.921875,2.30625,1.30625,1.0,1.0,3.2593750000000012,0.078125,0.0
36,CrossEntropyLoss,RPS,0.09999999999999998,0.89375,2.08125,1.08125,1.0294117647058822,2.0,3.26875,0.109375,0.0
36,CrossEntropyLoss,RPS,0.13,0.86875,1.90625,0.90625,1.0238095238095237,2.0,2.973557692307692,0.134375,0.0
36,CrossEntropyLoss,RPS,0.15000000000000002,0.85,1.821875,0.821875,1.0208333333333333,2.0,2.8635416666666664,0.153125,0.0
36,CrossEntropyLoss,RPS,0.18000000000000005,0.815625,1.696875,0.696875,1.0338983050847457,2.0,2.814930555555555,0.190625,0.0
36,CrossEntropyLoss,RPS,0.19999999999999996,0.790625,1.60625,0.60625,1.0298507462686568,2.0,2.7625,0.215625,0.0
36,CrossEntropyLoss,OCDF,0.010000000000000009,0.99375,4.73125,3.73125,1.0,1.0,4.981249999999998,0.00625,0.0
36,CrossEntropyLoss,OCDF,0.020000000000000018,0.975,4.56875,3.56875,1.0,1.0,6.068749999999998,0.025,0.0
36,CrossEntropyLoss,OCDF,0.030000000000000027,0.971875,4.39375,3.39375,1.0,1.0,5.268749999999999,0.028125,0.0
36,CrossEntropyLoss,OCDF,0.050000000000000044,0.940625,3.778125,2.778125,1.0,1.0,5.1531249999999975,0.059375,0.0
36,CrossEntropyLoss,OCDF,0.07999999999999996,0.896875,3.396875,2.396875,1.0,1.0,4.975000000000001,0.103125,0.0
36,CrossEntropyLoss,OCDF,0.09999999999999998,0.865625,3.01875,2.01875,1.0232558139534884,2.0,4.76875,0.1375,0.0
36,CrossEntropyLoss,OCDF,0.13,0.846875,2.840625,1.840625,1.0204081632653061,2.0,4.244471153846154,0.15625,0.0
36,CrossEntropyLoss,OCDF,0.15000000000000002,0.821875,2.696875,1.696875,1.0175438596491229,2.0,4.113541666666666,0.18125,0.0
36,CrossEntropyLoss,OCDF,0.18000000000000005,0.809375,2.5875,1.5875,1.0491803278688525,2.0,3.8097222222222213,0.2,0.0
36,CrossEntropyLoss,OCDF,0.19999999999999996,0.809375,2.540625,1.540625,1.0491803278688525,2.0,3.540625,0.2,0.0
36,CrossEntropyLoss,APS,0.010000000000000009,0.98125,4.378125,3.378125,1.0,1.0,7.128124999999997,0.01875,0.0
36,CrossEntropyLoss,APS,0.020000000000000018,0.978125,3.984375,2.984375,1.0,1.0,5.171874999999998,0.021875,0.0
36,CrossEntropyLoss,APS,0.030000000000000027,0.965625,3.421875,2.421875,1.0,1.0,4.713541666666665,0.034375,0.0
36,CrossEntropyLoss,APS,0.050000000000000044,0.953125,3.15,2.15,1.0,1.0,4.024999999999999,0.046875,0.0
36,CrossEntropyLoss,APS,0.07999999999999996,0.91875,2.509375,1.509375,1.0,1.0,3.5406250000000012,0.08125,0.0
36,CrossEntropyLoss,APS,0.09999999999999998,0.9125,2.36875,1.36875,1.0714285714285714,2.0,3.24375,0.09375,0.0
36,CrossEntropyLoss,APS,0.13,0.890625,2.209375,1.2125,1.1428571428571428,4.0,3.0394230769230766,0.125,0.0
36,CrossEntropyLoss,APS,0.15000000000000002,0.871875,2.034375,1.0375,1.1219512195121952,4.0,2.870833333333333,0.14375,0.0
36,CrossEntropyLoss,APS,0.18000000000000005,0.846875,1.88125,0.884375,1.1020408163265305,4.0,2.689930555555555,0.16875,0.0
36,CrossEntropyLoss,APS,0.19999999999999996,0.828125,1.821875,0.825,1.0909090909090908,4.0,2.6375,0.1875,0.0
36,CrossEntropyLoss,LAC,0.010000000000000009,0.984375,4.54375,3.54375,1.0,1.0,6.6687499999999975,0.015625,0.0
36,CrossEntropyLoss,LAC,0.020000000000000018,0.971875,4.1,3.1,1.0,1.0,5.912499999999998,0.028125,0.0
36,CrossEntropyLoss,LAC,0.030000000000000027,0.96875,3.703125,2.703125,1.0,1.0,4.786458333333331,0.03125,0.0
36,CrossEntropyLoss,LAC,0.050000000000000044,0.953125,3.184375,2.184375,1.0,1.0,4.059374999999998,0.046875,0.0
36,CrossEntropyLoss,LAC,0.07999999999999996,0.90625,2.303125,1.303125,1.0333333333333334,2.0,3.7250000000000014,0.096875,0.0
36,CrossEntropyLoss,LAC,0.09999999999999998,0.890625,2.0375,1.0375,1.0285714285714285,2.0,3.2875,0.1125,0.0
36,CrossEntropyLoss,LAC,0.13,0.86875,1.8625,0.8625,1.0238095238095237,2.0,2.929807692307692,0.134375,0.0
36,CrossEntropyLoss,LAC,0.15000000000000002,0.840625,1.709375,0.709375,1.0196078431372548,2.0,2.8760416666666666,0.1625,0.0
36,CrossEntropyLoss,LAC,0.18000000000000005,0.83125,1.64375,0.64375,1.0185185185185186,2.0,2.5534722222222217,0.171875,0.0
36,CrossEntropyLoss,LAC,0.19999999999999996,0.803125,1.584375,0.584375,1.0158730158730158,2.0,2.584375,0.2,0.0
37,CrossEntropyLoss,min-CPS,0.010000000000000009,0.984375,4.653125,3.653125,1.0,1.0,6.7781249999999975,0.015625,0.0
37,CrossEntropyLoss,min-CPS,0.020000000000000018,0.96875,3.59375,2.59375,1.0,1.0,5.718749999999997,0.03125,0.0
37,CrossEntropyLoss,min-CPS,0.030000000000000027,0.96875,3.553125,2.553125,1.0,1.0,4.636458333333332,0.03125,0.0
37,CrossEntropyLoss,min-CPS,0.050000000000000044,0.95625,3.084375,2.084375,1.0,1.0,3.8343749999999988,0.04375,0.0
37,CrossEntropyLoss,min-CPS,0.07999999999999996,0.9,2.3875,1.3875,1.09375,2.0,4.121875000000001,0.109375,0.0
37,CrossEntropyLoss,min-CPS,0.09999999999999998,0.875,2.08125,1.08125,1.075,2.0,3.76875,0.134375,0.0
37,CrossEntropyLoss,min-CPS,0.13,0.871875,1.984375,0.984375,1.0975609756097562,2.0,3.1478365384615388,0.140625,0.0
37,CrossEntropyLoss,min-CPS,0.15000000000000002,0.865625,1.928125,0.928125,1.0930232558139534,2.0,2.886458333333333,0.146875,0.0
37,CrossEntropyLoss,min-CPS,0.18000000000000005,0.84375,1.884375,0.884375,1.1,2.0,2.794097222222222,0.171875,0.0
37,CrossEntropyLoss,min-CPS,0.19999999999999996,0.803125,1.846875,0.846875,1.0793650793650793,2.0,2.971875,0.2125,0.0
37,CrossEntropyLoss,RPS,0.010000000000000009,0.98125,3.6875,2.6875,1.0,1.0,6.437499999999997,0.01875,0.0
37,CrossEntropyLoss,RPS,0.020000000000000018,0.978125,3.378125,2.378125,1.0,1.0,4.565624999999999,0.021875,0.0
37,CrossEntropyLoss,RPS,0.030000000000000027,0.975,3.15,2.15,1.0,1.0,3.8166666666666655,0.025,0.0
37,CrossEntropyLoss,RPS,0.050000000000000044,0.946875,2.59375,1.59375,1.0,1.0,3.7187499999999987,0.053125,0.0
37,CrossEntropyLoss,RPS,0.07999999999999996,0.925,2.303125,1.303125,1.0,1.0,3.1781250000000014,0.075,0.0
37,CrossEntropyLoss,RPS,0.09999999999999998,0.896875,2.065625,1.065625,1.0606060606060606,2.0,3.2531250000000007,0.109375,0.0
37,CrossEntropyLoss,RPS,0.13,0.878125,1.925,0.925,1.0769230769230769,2.0,2.944230769230769,0.13125,0.0
37,CrossEntropyLoss,RPS,0.15000000000000002,0.85625,1.84375,0.84375,1.065217391304348,2.0,2.8854166666666665,0.153125,0.0
37,CrossEntropyLoss,RPS,0.18000000000000005,0.834375,1.759375,0.759375,1.0566037735849056,2.0,2.703819444444444,0.175,0.0
37,CrossEntropyLoss,RPS,0.19999999999999996,0.79375,1.63125,0.63125,1.0606060606060606,2.0,2.81875,0.21875,0.0
37,CrossEntropyLoss,OCDF,0.010000000000000009,0.990625,4.71875,3.71875,1.0,1.0,5.593749999999998,0.009375,0.0
37,CrossEntropyLoss,OCDF,0.020000000000000018,0.990625,4.684375,3.684375,1.0,1.0,4.621874999999999,0.009375,0.0
37,CrossEntropyLoss,OCDF,0.030000000000000027,0.96875,4.35625,3.35625,1.0,1.0,5.439583333333332,0.03125,0.0
37,CrossEntropyLoss,OCDF,0.050000000000000044,0.946875,3.8375,2.8375,1.0588235294117647,2.0,5.087499999999999,0.05625,0.0
37,CrossEntropyLoss,OCDF,0.07999999999999996,0.9125,3.4,2.4,1.0357142857142858,2.0,4.665625000000001,0.090625,0.0
37,CrossEntropyLoss,OCDF,0.09999999999999998,0.909375,3.2875,2.2875,1.0344827586206897,2.0,4.1625,0.09375,0.0
37,CrossEntropyLoss,OCDF,0.13,0.9,3.0125,2.0125,1.03125,2.0,3.5990384615384614,0.103125,0.0
37,CrossEntropyLoss,OCDF,0.15000000000000002,0.878125,2.825,1.825,1.0512820512820513,2.0,3.5333333333333328,0.128125,0.0
37,CrossEntropyLoss,OCDF,0.18000000000000005,0.85,2.659375,1.659375,1.0416666666666667,2.0,3.39548611111111,0.15625,0.0
37,CrossEntropyLoss,OCDF,0.19999999999999996,0.815625,2.49375,1.49375,1.0508474576271187,2.0,3.43125,0.19375,0.0
37,CrossEntropyLoss,APS,0.010000000000000009,0.98125,4.23125,3.23125,1.0,1.0,6.9812499999999975,0.01875,0.0
37,CrossEntropyLoss,APS,0.020000000000000018,0.975,3.7875,2.7875,1.125,2.0,5.599999999999997,0.028125,0.0
37,CrossEntropyLoss,APS,0.030000000000000027,0.971875,3.671875,2.671875,1.1111111111111112,2.0,4.755208333333331,0.03125,0.0
37,CrossEntropyLoss,APS,0.050000000000000044,0.94375,3.11875,2.11875,1.1111111111111112,2.0,4.618749999999998,0.0625,0.0
37,CrossEntropyLoss,APS,0.07999999999999996,0.909375,2.703125,1.703125,1.103448275862069,2.0,4.203125000000002,0.1,0.0
37,CrossEntropyLoss,APS,0.09999999999999998,0.89375,2.29375,1.29375,1.1176470588235294,2.0,3.66875,0.11875,0.0
37,CrossEntropyLoss,APS,0.13,0.875,2.04375,1.04375,1.1,2.0,3.159134615384615,0.1375,0.0
37,CrossEntropyLoss,APS,0.15000000000000002,0.8625,1.95,0.95,1.0909090909090908,2.0,2.95,0.15,0.0
37,CrossEntropyLoss,APS,0.18000000000000005,0.815625,1.75,0.75,1.0677966101694916,2.0,2.9374999999999996,0.196875,0.0
37,CrossEntropyLoss,APS,0.19999999999999996,0.7875,1.64375,0.64375,1.0735294117647058,2.0,2.9250000000000007,0.228125,0.0
37,CrossEntropyLoss,LAC,0.010000000000000009,0.984375,4.575,3.575,1.0,1.0,6.6999999999999975,0.015625,0.0
37,CrossEntropyLoss,LAC,0.020000000000000018,0.96875,4.05625,3.05625,1.0,1.0,6.181249999999997,0.03125,0.0
37,CrossEntropyLoss,LAC,0.030000000000000027,0.959375,3.6125,2.6125,1.0,1.0,5.320833333333331,0.040625,0.0
37,CrossEntropyLoss,LAC,0.050000000000000044,0.934375,2.6625,1.6625,1.0,1.0,4.287499999999997,0.065625,0.0
37,CrossEntropyLoss,LAC,0.07999999999999996,0.93125,2.3625,1.3625,1.0,1.0,3.0812500000000016,0.06875,0.0
37,CrossEntropyLoss,LAC,0.09999999999999998,0.9,2.121875,1.121875,1.0625,2.0,3.246875,0.10625,0.0
37,CrossEntropyLoss,LAC,0.13,0.88125,1.896875,0.896875,1.0789473684210527,2.0,2.868028846153846,0.128125,0.0
37,CrossEntropyLoss,LAC,0.15000000000000002,0.853125,1.7375,0.7375,1.0638297872340425,2.0,2.8208333333333333,0.15625,0.0
37,CrossEntropyLoss,LAC,0.18000000000000005,0.8125,1.6,0.6,1.05,2.0,2.7874999999999996,0.196875,0.0
37,CrossEntropyLoss,LAC,0.19999999999999996,0.8,1.5625,0.5625,1.046875,2.0,2.6562500000000004,0.209375,0.0
38,CrossEntropyLoss,min-CPS,0.010000000000000009,0.9875,4.76875,3.76875,1.0,1.0,6.268749999999998,0.0125,0.0
38,CrossEntropyLoss,min-CPS,0.020000000000000018,0.98125,4.125,3.125,1.0,1.0,4.999999999999998,0.01875,0.0
38,CrossEntropyLoss,min-CPS,0.030000000000000027,0.98125,3.865625,2.865625,1.0,1.0,4.115625,0.01875,0.0
38,CrossEntropyLoss,min-CPS,0.050000000000000044,0.971875,3.375,2.375,1.0,1.0,3.4999999999999987,0.028125,0.0
38,CrossEntropyLoss,min-CPS,0.07999999999999996,0.9125,2.615625,1.615625,1.0714285714285714,2.0,3.9593750000000014,0.09375,0.0
38,CrossEntropyLoss,min-CPS,0.09999999999999998,0.903125,2.3375,1.3375,1.064516129032258,2.0,3.4,0.103125,0.0
38,CrossEntropyLoss,min-CPS,0.13,0.871875,2.0375,1.0375,1.048780487804878,2.0,3.104807692307692,0.134375,0.0
38,CrossEntropyLoss,min-CPS,0.15000000000000002,0.846875,1.9625,0.9625,1.0612244897959184,2.0,3.1291666666666664,0.1625,0.0
38,CrossEntropyLoss,min-CPS,0.18000000000000005,0.803125,1.903125,0.903125,1.0793650793650793,2.0,3.264236111111111,0.2125,0.0
38,CrossEntropyLoss,min-CPS,0.19999999999999996,0.79375,1.89375,0.89375,1.0757575757575757,2.0,3.1125,0.221875,0.0
38,CrossEntropyLoss,RPS,0.010000000000000009,0.990625,3.759375,2.759375,1.0,1.0,4.634374999999999,0.009375,0.0
38,CrossEntropyLoss,RPS,0.020000000000000018,0.98125,3.50625,2.50625,1.0,1.0,4.381249999999999,0.01875,0.0
38,CrossEntropyLoss,RPS,0.030000000000000027,0.965625,2.990625,1.990625,1.0,1.0,4.282291666666665,0.034375,0.0
38,CrossEntropyLoss,RPS,0.050000000000000044,0.95625,2.6375,1.6375,1.0,1.0,3.3874999999999984,0.04375,0.0
38,CrossEntropyLoss,RPS,0.07999999999999996,0.91875,2.2625,1.2625,1.0,1.0,3.2937500000000015,0.08125,0.0
38,CrossEntropyLoss,RPS,0.09999999999999998,0.884375,2.03125,1.03125,1.027027027027027,2.0,3.40625,0.11875,0.0
38,CrossEntropyLoss,RPS,0.13,0.846875,1.85,0.85,1.0408163265306123,2.0,3.3019230769230767,0.159375,0.0
38,CrossEntropyLoss,RPS,0.15000000000000002,0.8375,1.8125,0.8125,1.0384615384615385,2.0,3.0625,0.16875,0.0
38,CrossEntropyLoss,RPS,0.18000000000000005,0.796875,1.6875,0.6875,1.0461538461538462,2.0,3.0486111111111107,0.2125,0.0
38,CrossEntropyLoss,RPS,0.19999999999999996,0.778125,1.61875,0.61875,1.0422535211267605,2.0,2.93125,0.23125,0.0
38,CrossEntropyLoss,OCDF,0.010000000000000009,1.0,4.834375,3.834375,,0.0,3.834375,0.0,0.0
38,CrossEntropyLoss,OCDF,0.020000000000000018,0.990625,4.7125,3.7125,1.0,1.0,4.649999999999999,0.009375,0.0
38,CrossEntropyLoss,OCDF,0.030000000000000027,0.9875,4.6375,3.6375,1.0,1.0,4.470833333333333,0.0125,0.0
38,CrossEntropyLoss,OCDF,0.050000000000000044,0.9625,4.18125,3.18125,1.0,1.0,4.681249999999999,0.0375,0.0
38,CrossEntropyLoss,OCDF,0.07999999999999996,0.925,3.475,2.475,1.0,1.0,4.350000000000001,0.075,0.0
38,CrossEntropyLoss,OCDF,0.09999999999999998,0.90625,3.24375,2.24375,1.0,1.0,4.11875,0.09375,0.0
38,CrossEntropyLoss,OCDF,0.13,0.875,2.871875,1.871875,1.025,2.0,3.843028846153846,0.128125,0.0
38,CrossEntropyLoss,OCDF,0.15000000000000002,0.828125,2.615625,1.615625,1.018181818181818,2.0,3.9489583333333327,0.175,0.0
38,CrossEntropyLoss,OCDF,0.18000000000000005,0.80625,2.496875,1.496875,1.0483870967741935,2.0,3.7538194444444444,0.203125,0.0
38,CrossEntropyLoss,OCDF,0.19999999999999996,0.784375,2.36875,1.36875,1.0869565217391304,2.0,3.7125,0.234375,0.0
38,CrossEntropyLoss,APS,0.010000000000000009,0.990625,4.6125,3.6125,1.0,1.0,5.487499999999999,0.009375,0.0
38,CrossEntropyLoss,APS,0.020000000000000018,0.98125,4.06875,3.06875,1.0,1.0,4.943749999999999,0.01875,0.0
38,CrossEntropyLoss,APS,0.030000000000000027,0.975,3.83125,2.83125,1.0,1.0,4.497916666666666,0.025,0.0
38,CrossEntropyLoss,APS,0.050000000000000044,0.96875,3.284375,2.284375,1.0,1.0,3.5343749999999985,0.03125,0.0
38,CrossEntropyLoss,APS,0.07999999999999996,0.934375,2.70625,1.70625,1.0952380952380953,2.0,3.5031250000000016,0.071875,0.0
38,CrossEntropyLoss,APS,0.09999999999999998,0.90625,2.325,1.325,1.0666666666666667,2.0,3.325,0.1,0.0
38,CrossEntropyLoss,APS,0.13,0.88125,2.11875,1.11875,1.0789473684210527,2.0,3.089903846153846,0.128125,0.0
38,CrossEntropyLoss,APS,0.15000000000000002,0.81875,1.890625,0.890625,1.0517241379310345,2.0,3.4322916666666665,0.190625,0.0
38,CrossEntropyLoss,APS,0.18000000000000005,0.775,1.74375,0.74375,1.0416666666666667,2.0,3.3479166666666655,0.234375,0.0
38,CrossEntropyLoss,APS,0.19999999999999996,0.746875,1.61875,0.61875,1.0493827160493827,2.0,3.275,0.265625,0.0
38,CrossEntropyLoss,LAC,0.010000000000000009,0.990625,4.834375,3.834375,1.0,1.0,5.709374999999999,0.009375,0.0
38,CrossEntropyLoss,LAC,0.020000000000000018,0.984375,4.46875,3.46875,1.0,1.0,5.031249999999998,0.015625,0.0
38,CrossEntropyLoss,LAC,0.030000000000000027,0.984375,4.259375,3.259375,1.0,1.0,4.3010416666666655,0.015625,0.0
38,CrossEntropyLoss,LAC,0.050000000000000044,0.96875,3.54375,2.54375,1.0,1.0,3.7937499999999984,0.03125,0.0
38,CrossEntropyLoss,LAC,0.07999999999999996,0.9125,2.3125,1.3125,1.0357142857142858,2.0,3.5781250000000013,0.090625,0.0
38,CrossEntropyLoss,LAC,0.09999999999999998,0.8875,2.015625,1.015625,1.0555555555555556,2.0,3.390625,0.11875,0.0
38,CrossEntropyLoss,LAC,0.13,0.85625,1.825,0.825,1.0434782608695652,2.0,3.132692307692307,0.15,0.0
38,CrossEntropyLoss,LAC,0.15000000000000002,0.828125,1.69375,0.69375,1.0363636363636364,2.0,3.06875,0.178125,0.0
38,CrossEntropyLoss,LAC,0.18000000000000005,0.8125,1.61875,0.61875,1.0333333333333334,2.0,2.771527777777777,0.19375,0.0
38,CrossEntropyLoss,LAC,0.19999999999999996,0.8,1.575,0.575,1.03125,2.0,2.6375000000000006,0.20625,0.0
39,CrossEntropyLoss,min-CPS,0.010000000000000009,0.98125,4.625,3.625,1.0,1.0,7.374999999999997,0.01875,0.0
39,CrossEntropyLoss,min-CPS,0.020000000000000018,0.96875,3.63125,2.63125,1.0,1.0,5.756249999999997,0.03125,0.0
39,CrossEntropyLoss,min-CPS,0.030000000000000027,0.946875,3.28125,2.28125,1.0,1.0,5.822916666666664,0.053125,0.0
39,CrossEntropyLoss,min-CPS,0.050000000000000044,0.928125,3.034375,2.034375,1.0434782608695652,2.0,5.034374999999997,0.075,0.0
39,CrossEntropyLoss,min-CPS,0.07999999999999996,0.925,2.678125,1.678125,1.0416666666666667,2.0,3.6312500000000014,0.078125,0.0
39,CrossEntropyLoss,min-CPS,0.09999999999999998,0.875,2.140625,1.140625,1.05,2.0,3.765625,0.13125,0.0
39,CrossEntropyLoss,min-CPS,0.13,0.8625,1.959375,0.959375,1.0681818181818181,2.0,3.218990384615384,0.146875,0.0
39,CrossEntropyLoss,min-CPS,0.15000000000000002,0.84375,1.9125,0.9125,1.06,2.0,3.120833333333333,0.165625,0.0
39,CrossEntropyLoss,min-CPS,0.18000000000000005,0.8125,1.853125,0.853125,1.0666666666666667,2.0,3.0753472222222213,0.2,0.0
39,CrossEntropyLoss,min-CPS,0.19999999999999996,0.790625,1.8375,0.8375,1.0597014925373134,2.0,3.05625,0.221875,0.0
39,CrossEntropyLoss,RPS,0.010000000000000009,0.990625,3.7625,2.7625,1.0,1.0,4.637499999999998,0.009375,0.0
39,CrossEntropyLoss,RPS,0.020000000000000018,0.978125,3.41875,2.41875,1.0,1.0,4.606249999999998,0.021875,0.0
39,CrossEntropyLoss,RPS,0.030000000000000027,0.95625,2.85,1.85,1.0,1.0,4.766666666666664,0.04375,0.0
39,CrossEntropyLoss,RPS,0.050000000000000044,0.94375,2.59375,1.59375,1.0,1.0,3.8437499999999987,0.05625,0.0
39,CrossEntropyLoss,RPS,0.07999999999999996,0.90625,2.221875,1.221875,1.0,1.0,3.5656250000000016,0.09375,0.0
39,CrossEntropyLoss,RPS,0.09999999999999998,0.8875,2.040625,1.040625,1.0555555555555556,2.0,3.415625,0.11875,0.0
39,CrossEntropyLoss,RPS,0.13,0.853125,1.878125,0.878125,1.0425531914893618,2.0,3.2338942307692307,0.153125,0.0
39,CrossEntropyLoss,RPS,0.15000000000000002,0.834375,1.7875,0.7875,1.0377358490566038,2.0,3.0791666666666666,0.171875,0.0
39,CrossEntropyLoss,RPS,0.18000000000000005,0.821875,1.71875,0.71875,1.0526315789473684,2.0,2.802083333333333,0.1875,0.0
39,CrossEntropyLoss,RPS,0.19999999999999996,0.79375,1.621875,0.621875,1.0454545454545454,2.0,2.778125,0.215625,0.0
39,CrossEntropyLoss,OCDF,0.010000000000000009,0.98125,4.6875,3.6875,1.0,1.0,7.437499999999997,0.01875,0.0
39,CrossEntropyLoss,OCDF,0.020000000000000018,0.975,4.590625,3.590625,1.0,1.0,6.0906249999999975,0.025,0.0
39,CrossEntropyLoss,OCDF,0.030000000000000027,0.971875,4.4375,3.4375,1.0,1.0,5.312499999999998,0.028125,0.0
39,CrossEntropyLoss,OCDF,0.050000000000000044,0.95625,3.9875,2.9875,1.0,1.0,4.737499999999999,0.04375,0.0
39,CrossEntropyLoss,OCDF,0.07999999999999996,0.928125,3.5125,2.5125,1.0,1.0,4.309375000000001,0.071875,0.0
39,CrossEntropyLoss,OCDF,0.09999999999999998,0.925,3.421875,2.421875,1.0,1.0,3.921875,0.075,0.0
39,CrossEntropyLoss,OCDF,0.13,0.9125,3.09375,2.09375,1.0,1.0,3.4399038461538467,0.0875,0.0
39,CrossEntropyLoss,OCDF,0.15000000000000002,0.878125,2.809375,1.809375,1.0,1.0,3.4343749999999993,0.121875,0.0
39,CrossEntropyLoss,OCDF,0.18000000000000005,0.865625,2.684375,1.684375,1.0,1.0,3.177430555555555,0.134375,0.0
39,CrossEntropyLoss,OCDF,0.19999999999999996,0.865625,2.653125,1.653125,1.0,1.0,2.996875,0.134375,0.0
39,CrossEntropyLoss,APS,0.010000000000000009,0.9875,4.4875,3.4875,1.0,1.0,5.987499999999998,0.0125,0.0
39,CrossEntropyLoss,APS,0.020000000000000018,0.978125,4.053125,3.053125,1.0,1.0,5.240624999999999,0.021875,0.0
39,CrossEntropyLoss,APS,0.030000000000000027,0.953125,3.334375,2.334375,1.0,1.0,5.459374999999997,0.046875,0.0
39,CrossEntropyLoss,APS,0.050000000000000044,0.940625,3.128125,2.128125,1.0526315789473684,2.0,4.628124999999998,0.0625,0.0
39,CrossEntropyLoss,APS,0.07999999999999996,0.915625,2.73125,1.73125,1.0740740740740742,2.0,3.9968750000000015,0.090625,0.0
39,CrossEntropyLoss,APS,0.09999999999999998,0.89375,2.26875,1.26875,1.0588235294117647,2.0,3.51875,0.1125,0.0
39,CrossEntropyLoss,APS,0.13,0.884375,2.109375,1.109375,1.054054054054054,2.0,2.984375,0.121875,0.0
39,CrossEntropyLoss,APS,0.15000000000000002,0.865625,1.99375,0.996875,1.1162790697674418,4.0,2.871875,0.15,0.0
39,CrossEntropyLoss,APS,0.18000000000000005,0.840625,1.834375,0.8375,1.0980392156862746,4.0,2.677777777777777,0.175,0.0
39,CrossEntropyLoss,APS,0.19999999999999996,0.821875,1.715625,0.721875,1.1403508771929824,4.0,2.565625,0.203125,0.0
39,CrossEntropyLoss,LAC,0.010000000000000009,0.98125,4.528125,3.528125,1.0,1.0,7.2781249999999975,0.01875,0.0
39,CrossEntropyLoss,LAC,0.020000000000000018,0.971875,4.134375,3.134375,1.0,1.0,5.946874999999997,0.028125,0.0
39,CrossEntropyLoss,LAC,0.030000000000000027,0.9625,3.703125,2.703125,1.0,1.0,5.203124999999998,0.0375,0.0
39,CrossEntropyLoss,LAC,0.050000000000000044,0.940625,2.753125,1.753125,1.0,1.0,4.128124999999999,0.059375,0.0
39,CrossEntropyLoss,LAC,0.07999999999999996,0.90625,2.30625,1.30625,1.0333333333333334,2.0,3.7281250000000012,0.096875,0.0
39,CrossEntropyLoss,LAC,0.09999999999999998,0.884375,1.9875,0.9875,1.027027027027027,2.0,3.3625,0.11875,0.0
39,CrossEntropyLoss,LAC,0.13,0.85,1.778125,0.778125,1.0416666666666667,2.0,3.1819711538461535,0.15625,0.0
39,CrossEntropyLoss,LAC,0.15000000000000002,0.825,1.66875,0.66875,1.0357142857142858,2.0,3.0854166666666663,0.18125,0.0
39,CrossEntropyLoss,LAC,0.18000000000000005,0.8,1.5875,0.5875,1.03125,2.0,2.8791666666666664,0.20625,0.0
39,CrossEntropyLoss,LAC,0.19999999999999996,0.765625,1.51875,0.51875,1.04,2.0,2.95625,0.24375,0.0
40,CrossEntropyLoss,min-CPS,0.010000000000000009,0.996875,4.8875,3.8875,1.0,1.0,4.512499999999999,0.003125,0.0
40,CrossEntropyLoss,min-CPS,0.020000000000000018,0.99375,4.7,3.7,1.0,1.0,4.324999999999999,0.00625,0.0
40,CrossEntropyLoss,min-CPS,0.030000000000000027,0.9875,4.034375,3.034375,1.0,1.0,3.867708333333333,0.0125,0.0
40,CrossEntropyLoss,min-CPS,0.050000000000000044,0.95625,3.10625,2.10625,1.0,1.0,3.8562499999999984,0.04375,0.0
40,CrossEntropyLoss,min-CPS,0.07999999999999996,0.940625,2.865625,1.865625,1.0526315789473684,2.0,3.4281250000000005,0.0625,0.0
40,CrossEntropyLoss,min-CPS,0.09999999999999998,0.921875,2.353125,1.353125,1.04,2.0,2.978125,0.08125,0.0
40,CrossEntropyLoss,min-CPS,0.13,0.8875,2.075,1.075,1.0277777777777777,2.0,2.8538461538461535,0.115625,0.0
40,CrossEntropyLoss,min-CPS,0.15000000000000002,0.884375,1.95625,0.95625,1.027027027027027,2.0,2.5395833333333333,0.11875,0.0
40,CrossEntropyLoss,min-CPS,0.18000000000000005,0.865625,1.928125,0.928125,1.0232558139534884,2.0,2.4559027777777773,0.1375,0.0
40,CrossEntropyLoss,min-CPS,0.19999999999999996,0.821875,1.884375,0.884375,1.0526315789473684,2.0,2.759375,0.1875,0.0
40,CrossEntropyLoss,RPS,0.010000000000000009,0.996875,3.871875,2.871875,1.0,1.0,3.4968749999999993,0.003125,0.0
40,CrossEntropyLoss,RPS,0.020000000000000018,0.99375,3.70625,2.70625,1.0,1.0,3.3312499999999994,0.00625,0.0
40,CrossEntropyLoss,RPS,0.030000000000000027,0.984375,3.284375,2.284375,1.0,1.0,3.326041666666666,0.015625,0.0
40,CrossEntropyLoss,RPS,0.050000000000000044,0.96875,2.78125,1.78125,1.0,1.0,3.031249999999999,0.03125,0.0
40,CrossEntropyLoss,RPS,0.07999999999999996,0.940625,2.384375,1.384375,1.0,1.0,2.868750000000001,0.059375,0.0
40,CrossEntropyLoss,RPS,0.09999999999999998,0.91875,2.20625,1.20625,1.0,1.0,2.83125,0.08125,0.0
40,CrossEntropyLoss,RPS,0.13,0.9,1.996875,0.996875,1.03125,2.0,2.5834134615384614,0.103125,0.0
40,CrossEntropyLoss,RPS,0.15000000000000002,0.85,1.8125,0.8125,1.0208333333333333,2.0,2.8541666666666665,0.153125,0.0
40,CrossEntropyLoss,RPS,0.18000000000000005,0.825,1.725,0.725,1.0178571428571428,2.0,2.704166666666666,0.178125,0.0
40,CrossEntropyLoss,RPS,0.19999999999999996,0.8125,1.690625,0.690625,1.0166666666666666,2.0,2.596875,0.190625,0.0
40,CrossEntropyLoss,OCDF,0.010000000000000009,0.996875,4.75,3.75,1.0,1.0,4.374999999999999,0.003125,0.0
40,CrossEntropyLoss,OCDF,0.020000000000000018,0.9875,4.61875,3.61875,1.0,1.0,4.868749999999999,0.0125,0.0
40,CrossEntropyLoss,OCDF,0.030000000000000027,0.965625,4.35,3.35,1.0,1.0,5.641666666666666,0.034375,0.0
40,CrossEntropyLoss,OCDF,0.050000000000000044,0.93125,3.725,2.725,1.0,1.0,5.474999999999998,0.06875,0.0
40,CrossEntropyLoss,OCDF,0.07999999999999996,0.9,3.31875,2.31875,1.0,1.0,4.818750000000001,0.1,0.0
40,CrossEntropyLoss,OCDF,0.09999999999999998,0.896875,3.14375,2.14375,1.0,1.0,4.20625,0.103125,0.0
40,CrossEntropyLoss,OCDF,0.13,0.85625,2.759375,1.759375,1.0,1.0,3.970913461538461,0.14375,0.0
40,CrossEntropyLoss,OCDF,0.15000000000000002,0.821875,2.609375,1.609375,1.0,1.0,3.984375,0.178125,0.0
40,CrossEntropyLoss,OCDF,0.18000000000000005,0.796875,2.471875,1.471875,1.0307692307692307,2.0,3.7982638888888887,0.209375,0.0
40,CrossEntropyLoss,OCDF,0.19999999999999996,0.771875,2.359375,1.359375,1.0273972602739727,2.0,3.703125,0.234375,0.0
40,CrossEntropyLoss,APS,0.010000000000000009,0.990625,4.50625,3.50625,1.0,1.0,5.381249999999999,0.009375,0.0
40,CrossEntropyLoss,APS,0.020000000000000018,0.990625,4.196875,3.196875,1.0,1.0,4.134374999999999,0.009375,0.0
40,CrossEntropyLoss,APS,0.030000000000000027,0.990625,4.065625,3.065625,1.0,1.0,3.690625,0.009375,0.0
40,CrossEntropyLoss,APS,0.050000000000000044,0.965625,3.284375,2.284375,1.0,1.0,3.6593749999999985,0.034375,0.0
40,CrossEntropyLoss,APS,0.07999999999999996,0.915625,2.575,1.575,1.0,1.0,3.6843750000000015,0.084375,0.0
40,CrossEntropyLoss,APS,0.09999999999999998,0.9125,2.446875,1.446875,1.0357142857142858,2.0,3.259375,0.090625,0.0
40,CrossEntropyLoss,APS,0.13,0.884375,2.190625,1.190625,1.054054054054054,2.0,3.065625,0.121875,0.0
40,CrossEntropyLoss,APS,0.15000000000000002,0.86875,2.06875,1.06875,1.0714285714285714,2.0,2.9437499999999996,0.140625,0.0
40,CrossEntropyLoss,APS,0.18000000000000005,0.834375,1.8375,0.8375,1.0566037735849056,2.0,2.781944444444444,0.175,0.0
40,CrossEntropyLoss,APS,0.19999999999999996,0.828125,1.80625,0.80625,1.0545454545454545,2.0,2.61875,0.18125,0.0
40,CrossEntropyLoss,LAC,0.010000000000000009,0.996875,4.8625,3.8625,1.0,1.0,4.487499999999999,0.003125,0.0
40,CrossEntropyLoss,LAC,0.020000000000000018,0.99375,4.628125,3.628125,1.0,1.0,4.253124999999999,0.00625,0.0
40,CrossEntropyLoss,LAC,0.030000000000000027,0.98125,4.10625,3.10625,1.0,1.0,4.356249999999999,0.01875,0.0
40,CrossEntropyLoss,LAC,0.050000000000000044,0.95625,3.23125,2.23125,1.0,1.0,3.9812499999999984,0.04375,0.0
40,CrossEntropyLoss,LAC,0.07999999999999996,0.93125,2.390625,1.390625,1.0,1.0,3.109375000000001,0.06875,0.0
40,CrossEntropyLoss,LAC,0.09999999999999998,0.928125,2.30625,1.30625,1.0434782608695652,2.0,2.80625,0.075,0.0
40,CrossEntropyLoss,LAC,0.13,0.896875,1.98125,0.98125,1.0303030303030303,2.0,2.6158653846153848,0.10625,0.0
40,CrossEntropyLoss,LAC,0.15000000000000002,0.88125,1.840625,0.840625,1.0263157894736843,2.0,2.465625,0.121875,0.0
40,CrossEntropyLoss,LAC,0.18000000000000005,0.84375,1.684375,0.684375,1.02,2.0,2.455208333333333,0.159375,0.0
40,CrossEntropyLoss,LAC,0.19999999999999996,0.815625,1.60625,0.60625,1.0169491525423728,2.0,2.48125,0.1875,0.0
41,CrossEntropyLoss,min-CPS,0.010000000000000009,0.98125,4.665625,3.665625,1.0,1.0,7.415624999999997,0.01875,0.0
41,CrossEntropyLoss,min-CPS,0.020000000000000018,0.98125,4.096875,3.096875,1.0,1.0,4.971874999999999,0.01875,0.0
41,CrossEntropyLoss,min-CPS,0.030000000000000027,0.978125,3.625,2.625,1.0,1.0,4.083333333333333,0.021875,0.0
41,CrossEntropyLoss,min-CPS,0.050000000000000044,0.96875,3.259375,2.259375,1.0,1.0,3.5093749999999986,0.03125,0.0
41,CrossEntropyLoss,min-CPS,0.07999999999999996,0.93125,2.73125,1.73125,1.0,1.0,3.4500000000000015,0.06875,0.0
41,CrossEntropyLoss,min-CPS,0.09999999999999998,0.88125,2.209375,1.209375,1.0263157894736843,2.0,3.646875,0.121875,0.0
41,CrossEntropyLoss,min-CPS,0.13,0.828125,1.915625,0.915625,1.0363636363636364,2.0,3.6560096153846153,0.178125,0.0
41,CrossEntropyLoss,min-CPS,0.15000000000000002,0.828125,1.909375,0.909375,1.0363636363636364,2.0,3.284375,0.178125,0.0
41,CrossEntropyLoss,min-CPS,0.18000000000000005,0.825,1.896875,0.896875,1.0714285714285714,2.0,2.9802083333333327,0.1875,0.0
41,CrossEntropyLoss,min-CPS,0.19999999999999996,0.803125,1.871875,0.871875,1.0634920634920635,2.0,2.965625,0.209375,0.0
41,CrossEntropyLoss,RPS,0.010000000000000009,0.996875,3.884375,2.884375,1.0,1.0,3.5093749999999995,0.003125,0.0
41,CrossEntropyLoss,RPS,0.020000000000000018,0.98125,3.434375,2.434375,1.0,1.0,4.309374999999998,0.01875,0.0
41,CrossEntropyLoss,RPS,0.030000000000000027,0.98125,3.303125,2.303125,1.0,1.0,3.5531249999999988,0.01875,0.0
41,CrossEntropyLoss,RPS,0.050000000000000044,0.959375,2.675,1.675,1.0,1.0,3.2999999999999985,0.040625,0.0
41,CrossEntropyLoss,RPS,0.07999999999999996,0.91875,2.284375,1.284375,1.0,1.0,3.3156250000000016,0.08125,0.0
41,CrossEntropyLoss,RPS,0.09999999999999998,0.89375,2.103125,1.103125,1.0294117647058822,2.0,3.290625,0.109375,0.0
41,CrossEntropyLoss,RPS,0.13,0.84375,1.840625,0.840625,1.02,2.0,3.292548076923077,0.159375,0.0
41,CrossEntropyLoss,RPS,0.15000000000000002,0.825,1.771875,0.771875,1.0178571428571428,2.0,3.146875,0.178125,0.0
41,CrossEntropyLoss,RPS,0.18000000000000005,0.78125,1.640625,0.640625,1.0285714285714285,2.0,3.1406249999999996,0.225,0.0
41,CrossEntropyLoss,RPS,0.19999999999999996,0.75625,1.528125,0.528125,1.0384615384615385,2.0,3.0593750000000006,0.253125,0.0
41,CrossEntropyLoss,OCDF,0.010000000000000009,0.99375,4.728125,3.728125,1.0,1.0,4.978124999999999,0.00625,0.0
41,CrossEntropyLoss,OCDF,0.020000000000000018,0.984375,4.56875,3.56875,1.0,1.0,5.131249999999999,0.015625,0.0
41,CrossEntropyLoss,OCDF,0.030000000000000027,0.98125,4.534375,3.534375,1.0,1.0,4.784374999999999,0.01875,0.0
41,CrossEntropyLoss,OCDF,0.050000000000000044,0.95,3.925,2.925,1.0,1.0,4.924999999999999,0.05,0.0
41,CrossEntropyLoss,OCDF,0.07999999999999996,0.91875,3.5125,2.5125,1.0,1.0,4.543750000000001,0.08125,0.0
41,CrossEntropyLoss,OCDF,0.09999999999999998,0.890625,3.134375,2.134375,1.0,1.0,4.321875,0.109375,0.0
41,CrossEntropyLoss,OCDF,0.13,0.871875,2.9375,1.9375,1.024390243902439,2.0,3.956730769230769,0.13125,0.0
41,CrossEntropyLoss,OCDF,0.15000000000000002,0.865625,2.828125,1.828125,1.0232558139534884,2.0,3.661458333333333,0.1375,0.0
41,CrossEntropyLoss,OCDF,0.18000000000000005,0.825,2.6375,1.6375,1.0357142857142858,2.0,3.6513888888888886,0.18125,0.0
41,CrossEntropyLoss,OCDF,0.19999999999999996,0.821875,2.575,1.575,1.0526315789473684,2.0,3.45,0.1875,0.0
41,CrossEntropyLoss,APS,0.010000000000000009,0.996875,4.721875,3.721875,1.0,1.0,4.346874999999999,0.003125,0.0
41,CrossEntropyLoss,APS,0.020000000000000018,0.98125,4.2625,3.2625,1.0,1.0,5.137499999999998,0.01875,0.0
41,CrossEntropyLoss,APS,0.030000000000000027,0.978125,4.009375,3.009375,1.0,1.0,4.4677083333333325,0.021875,0.0
41,CrossEntropyLoss,APS,0.050000000000000044,0.95625,3.209375,2.209375,1.0714285714285714,2.0,4.084374999999999,0.046875,0.0
41,CrossEntropyLoss,APS,0.07999999999999996,0.91875,2.778125,1.778125,1.0384615384615385,2.0,3.8875000000000015,0.084375,0.0
41,CrossEntropyLoss,APS,0.09999999999999998,0.890625,2.415625,1.415625,1.0285714285714285,2.0,3.665625,0.1125,0.0
41,CrossEntropyLoss,APS,0.13,0.871875,2.16875,1.16875,1.024390243902439,2.0,3.187980769230769,0.13125,0.0
41,CrossEntropyLoss,APS,0.15000000000000002,0.85625,1.99375,0.99375,1.0217391304347827,2.0,2.952083333333333,0.146875,0.0
41,CrossEntropyLoss,APS,0.18000000000000005,0.83125,1.815625,0.815625,1.037037037037037,2.0,2.7600694444444436,0.175,0.0
41,CrossEntropyLoss,APS,0.19999999999999996,0.8,1.74375,0.74375,1.03125,2.0,2.80625,0.20625,0.0
41,CrossEntropyLoss,LAC,0.010000000000000009,0.98125,4.59375,3.59375,1.0,1.0,7.343749999999997,0.01875,0.0
41,CrossEntropyLoss,LAC,0.020000000000000018,0.978125,4.2875,3.2875,1.0,1.0,5.474999999999999,0.021875,0.0
41,CrossEntropyLoss,LAC,0.030000000000000027,0.978125,4.10625,3.10625,1.0,1.0,4.564583333333333,0.021875,0.0
41,CrossEntropyLoss,LAC,0.050000000000000044,0.959375,3.31875,2.31875,1.0,1.0,3.9437499999999988,0.040625,0.0
41,CrossEntropyLoss,LAC,0.07999999999999996,0.915625,2.359375,1.359375,1.0,1.0,3.4687500000000013,0.084375,0.0
41,CrossEntropyLoss,LAC,0.09999999999999998,0.896875,2.10625,1.10625,1.0,1.0,3.16875,0.103125,0.0
41,CrossEntropyLoss,LAC,0.13,0.8625,1.834375,0.834375,1.0227272727272727,2.0,2.9978365384615384,0.140625,0.0
41,CrossEntropyLoss,LAC,0.15000000000000002,0.8375,1.69375,0.69375,1.0192307692307692,2.0,2.9020833333333327,0.165625,0.0
41,CrossEntropyLoss,LAC,0.18000000000000005,0.821875,1.640625,0.640625,1.0175438596491229,2.0,2.6545138888888884,0.18125,0.0
41,CrossEntropyLoss,LAC,0.19999999999999996,0.803125,1.590625,0.590625,1.0158730158730158,2.0,2.590625,0.2,0.0
42,CrossEntropyLoss,min-CPS,0.010000000000000009,0.990625,4.79375,3.79375,1.0,1.0,5.668749999999998,0.009375,0.0
42,CrossEntropyLoss,min-CPS,0.020000000000000018,0.984375,4.3375,3.3375,1.0,1.0,4.899999999999999,0.015625,0.0
42,CrossEntropyLoss,min-CPS,0.030000000000000027,0.984375,3.86875,2.86875,1.0,1.0,3.9104166666666655,0.015625,0.0
42,CrossEntropyLoss,min-CPS,0.050000000000000044,0.96875,3.29375,2.29375,1.0,1.0,3.5437499999999984,0.03125,0.0
42,CrossEntropyLoss,min-CPS,0.07999999999999996,0.934375,2.7625,1.7625,1.0,1.0,3.4031250000000015,0.065625,0.0
42,CrossEntropyLoss,min-CPS,0.09999999999999998,0.915625,2.371875,1.371875,1.037037037037037,2.0,3.121875,0.0875,0.0
42,CrossEntropyLoss,min-CPS,0.13,0.89375,2.115625,1.115625,1.0294117647058822,2.0,2.798317307692307,0.109375,0.0
42,CrossEntropyLoss,min-CPS,0.15000000000000002,0.86875,1.965625,0.965625,1.0476190476190477,2.0,2.798958333333333,0.1375,0.0
42,CrossEntropyLoss,min-CPS,0.18000000000000005,0.85,1.93125,0.93125,1.0625,2.0,2.702083333333333,0.159375,0.0
42,CrossEntropyLoss,min-CPS,0.19999999999999996,0.81875,1.89375,0.89375,1.0517241379310345,2.0,2.8,0.190625,0.0
42,CrossEntropyLoss,RPS,0.010000000000000009,0.99375,3.859375,2.859375,1.0,1.0,4.109374999999998,0.00625,0.0
42,CrossEntropyLoss,RPS,0.020000000000000018,0.990625,3.678125,2.678125,1.0,1.0,3.6156249999999988,0.009375,0.0
42,CrossEntropyLoss,RPS,0.030000000000000027,0.98125,3.2875,2.2875,1.0,1.0,3.537499999999999,0.01875,0.0
42,CrossEntropyLoss,RPS,0.050000000000000044,0.95625,2.671875,1.671875,1.0,1.0,3.4218749999999987,0.04375,0.0
42,CrossEntropyLoss,RPS,0.07999999999999996,0.91875,2.28125,1.28125,1.0,1.0,3.312500000000001,0.08125,0.0
42,CrossEntropyLoss,RPS,0.09999999999999998,0.909375,2.221875,1.221875,1.0,1.0,3.034375,0.090625,0.0
42,CrossEntropyLoss,RPS,0.13,0.884375,1.946875,0.946875,1.027027027027027,2.0,2.7737980769230766,0.11875,0.0
42,CrossEntropyLoss,RPS,0.15000000000000002,0.859375,1.8375,0.8375,1.0222222222222221,2.0,2.7541666666666664,0.14375,0.0
42,CrossEntropyLoss,RPS,0.18000000000000005,0.84375,1.771875,0.771875,1.04,2.0,2.577430555555555,0.1625,0.0
42,CrossEntropyLoss,RPS,0.19999999999999996,0.815625,1.69375,0.69375,1.0338983050847457,2.0,2.6,0.190625,0.0
42,CrossEntropyLoss,OCDF,0.010000000000000009,0.990625,4.70625,3.70625,1.0,1.0,5.581249999999999,0.009375,0.0
42,CrossEntropyLoss,OCDF,0.020000000000000018,0.984375,4.634375,3.634375,1.0,1.0,5.196874999999999,0.015625,0.0
42,CrossEntropyLoss,OCDF,0.030000000000000027,0.984375,4.6125,3.6125,1.0,1.0,4.654166666666666,0.015625,0.0
42,CrossEntropyLoss,OCDF,0.050000000000000044,0.946875,3.88125,2.88125,1.0,1.0,5.006249999999999,0.053125,0.0
42,CrossEntropyLoss,OCDF,0.07999999999999996,0.915625,3.478125,2.478125,1.0,1.0,4.587500000000001,0.084375,0.0
42,CrossEntropyLoss,OCDF,0.09999999999999998,0.896875,3.215625,2.215625,1.0,1.0,4.278125,0.103125,0.0
42,CrossEntropyLoss,OCDF,0.13,0.85625,2.809375,1.809375,1.0217391304347827,2.0,4.068990384615384,0.146875,0.0
42,CrossEntropyLoss,OCDF,0.15000000000000002,0.828125,2.678125,1.678125,1.018181818181818,2.0,4.011458333333333,0.175,0.0
42,CrossEntropyLoss,OCDF,0.18000000000000005,0.7875,2.51875,1.51875,1.0294117647058822,2.0,3.9493055555555556,0.21875,0.0
42,CrossEntropyLoss,OCDF,0.19999999999999996,0.7625,2.4,1.4,1.0526315789473684,2.0,3.9,0.25,0.0
42,CrossEntropyLoss,APS,0.010000000000000009,0.9875,4.490625,3.490625,1.0,1.0,5.990624999999998,0.0125,0.0
42,CrossEntropyLoss,APS,0.020000000000000018,0.984375,4.15,3.15,1.0,1.0,4.712499999999999,0.015625,0.0
42,CrossEntropyLoss,APS,0.030000000000000027,0.98125,3.834375,2.834375,1.1666666666666667,2.0,4.292708333333333,0.021875,0.0
42,CrossEntropyLoss,APS,0.050000000000000044,0.96875,3.409375,2.409375,1.1,2.0,3.7843749999999985,0.034375,0.0
42,CrossEntropyLoss,APS,0.07999999999999996,0.946875,2.903125,1.903125,1.0588235294117647,2.0,3.3093750000000015,0.05625,0.0
42,CrossEntropyLoss,APS,0.09999999999999998,0.91875,2.49375,1.49375,1.0384615384615385,2.0,3.18125,0.084375,0.0
42,CrossEntropyLoss,APS,0.13,0.859375,2.03125,1.03125,1.0222222222222221,2.0,3.2427884615384612,0.14375,0.0
42,CrossEntropyLoss,APS,0.15000000000000002,0.853125,1.965625,0.965625,1.0212765957446808,2.0,2.965625,0.15,0.0
42,CrossEntropyLoss,APS,0.18000000000000005,0.825,1.809375,0.809375,1.0178571428571428,2.0,2.7885416666666663,0.178125,0.0
42,CrossEntropyLoss,APS,0.19999999999999996,0.809375,1.753125,0.75625,1.0655737704918034,4.0,2.69375,0.203125,0.0
42,CrossEntropyLoss,LAC,0.010000000000000009,0.9875,4.7375,3.7375,1.0,1.0,6.237499999999998,0.0125,0.0
42,CrossEntropyLoss,LAC,0.020000000000000018,0.984375,4.453125,3.453125,1.0,1.0,5.015624999999998,0.015625,0.0
42,CrossEntropyLoss,LAC,0.030000000000000027,0.98125,4.190625,3.190625,1.0,1.0,4.440624999999999,0.01875,0.0
42,CrossEntropyLoss,LAC,0.050000000000000044,0.965625,3.425,2.425,1.0,1.0,3.7999999999999985,0.034375,0.0
42,CrossEntropyLoss,LAC,0.07999999999999996,0.921875,2.365625,1.365625,1.0,1.0,3.3187500000000014,0.078125,0.0
42,CrossEntropyLoss,LAC,0.09999999999999998,0.909375,2.25,1.25,1.0,1.0,3.0625,0.090625,0.0
42,CrossEntropyLoss,LAC,0.13,0.8875,1.9375,0.9375,1.0277777777777777,2.0,2.7163461538461537,0.115625,0.0
42,CrossEntropyLoss,LAC,0.15000000000000002,0.834375,1.70625,0.70625,1.0188679245283019,2.0,2.95625,0.16875,0.0
42,CrossEntropyLoss,LAC,0.18000000000000005,0.8125,1.634375,0.634375,1.0166666666666666,2.0,2.752430555555555,0.190625,0.0
42,CrossEntropyLoss,LAC,0.19999999999999996,0.796875,1.578125,0.578125,1.0153846153846153,2.0,2.640625,0.20625,0.0
43,CrossEntropyLoss,min-CPS,0.010000000000000009,0.984375,4.68125,3.68125,1.0,1.0,6.806249999999997,0.015625,0.0
43,CrossEntropyLoss,min-CPS,0.020000000000000018,0.978125,4.04375,3.04375,1.0,1.0,5.231249999999998,0.021875,0.0
43,CrossEntropyLoss,min-CPS,0.030000000000000027,0.978125,3.625,2.625,1.0,1.0,4.083333333333333,0.021875,0.0
43,CrossEntropyLoss,min-CPS,0.050000000000000044,0.9625,3.103125,2.103125,1.0,1.0,3.6031249999999986,0.0375,0.0
43,CrossEntropyLoss,min-CPS,0.07999999999999996,0.9375,2.76875,1.76875,1.05,2.0,3.4093750000000016,0.065625,0.0
43,CrossEntropyLoss,min-CPS,0.09999999999999998,0.928125,2.5875,1.5875,1.0869565217391304,2.0,3.15,0.078125,0.0
43,CrossEntropyLoss,min-CPS,0.13,0.9,2.1375,1.1375,1.0625,2.0,2.7721153846153843,0.10625,0.0
43,CrossEntropyLoss,min-CPS,0.15000000000000002,0.896875,2.05,1.05,1.0606060606060606,2.0,2.5083333333333333,0.109375,0.0
43,CrossEntropyLoss,min-CPS,0.18000000000000005,0.865625,1.93125,0.93125,1.069767441860465,2.0,2.5284722222222213,0.14375,0.0
43,CrossEntropyLoss,min-CPS,0.19999999999999996,0.8125,1.878125,0.878125,1.0833333333333333,2.0,2.909375,0.203125,0.0
43,CrossEntropyLoss,RPS,0.010000000000000009,0.98125,3.6625,2.6625,1.0,1.0,6.412499999999997,0.01875,0.0
43,CrossEntropyLoss,RPS,0.020000000000000018,0.978125,3.396875,2.396875,1.0,1.0,4.584374999999999,0.021875,0.0
43,CrossEntropyLoss,RPS,0.030000000000000027,0.965625,2.9875,1.9875,1.0,1.0,4.279166666666666,0.034375,0.0
43,CrossEntropyLoss,RPS,0.050000000000000044,0.946875,2.615625,1.615625,1.0,1.0,3.7406249999999988,0.053125,0.0
43,CrossEntropyLoss,RPS,0.07999999999999996,0.940625,2.39375,1.39375,1.0,1.0,2.878125000000001,0.059375,0.0
43,CrossEntropyLoss,RPS,0.09999999999999998,0.925,2.24375,1.24375,1.0,1.0,2.74375,0.075,0.0
43,CrossEntropyLoss,RPS,0.13,0.9125,2.03125,1.03125,1.0357142857142858,2.0,2.425480769230769,0.090625,0.0
43,CrossEntropyLoss,RPS,0.15000000000000002,0.871875,1.865625,0.865625,1.048780487804878,2.0,2.6572916666666666,0.134375,0.0
43,CrossEntropyLoss,RPS,0.18000000000000005,0.83125,1.740625,0.740625,1.037037037037037,2.0,2.6850694444444443,0.175,0.0
43,CrossEntropyLoss,RPS,0.19999999999999996,0.803125,1.653125,0.653125,1.0476190476190477,2.0,2.715625,0.20625,0.0
43,CrossEntropyLoss,OCDF,0.010000000000000009,0.98125,4.7,3.7,1.0,1.0,7.4499999999999975,0.01875,0.0
43,CrossEntropyLoss,OCDF,0.020000000000000018,0.971875,4.58125,3.58125,1.0,1.0,6.393749999999997,0.028125,0.0
43,CrossEntropyLoss,OCDF,0.030000000000000027,0.959375,4.30625,3.30625,1.0,1.0,6.014583333333332,0.040625,0.0
43,CrossEntropyLoss,OCDF,0.050000000000000044,0.940625,3.790625,2.790625,1.0526315789473684,2.0,5.290624999999999,0.0625,0.0
43,CrossEntropyLoss,OCDF,0.07999999999999996,0.925,3.459375,2.459375,1.0416666666666667,2.0,4.412500000000001,0.078125,0.0
43,CrossEntropyLoss,OCDF,0.09999999999999998,0.915625,3.35,2.35,1.037037037037037,2.0,4.1,0.0875,0.0
43,CrossEntropyLoss,OCDF,0.13,0.896875,2.946875,1.946875,1.0606060606060606,2.0,3.629567307692308,0.109375,0.0
43,CrossEntropyLoss,OCDF,0.15000000000000002,0.865625,2.753125,1.753125,1.0465116279069768,2.0,3.628125,0.140625,0.0
43,CrossEntropyLoss,OCDF,0.18000000000000005,0.8125,2.521875,1.521875,1.0833333333333333,2.0,3.7788194444444443,0.203125,0.0
43,CrossEntropyLoss,OCDF,0.19999999999999996,0.784375,2.375,1.375,1.0724637681159421,2.0,3.6875,0.23125,0.0
43,CrossEntropyLoss,APS,0.010000000000000009,0.984375,4.328125,3.328125,1.0,1.0,6.453124999999997,0.015625,0.0
43,CrossEntropyLoss,APS,0.020000000000000018,0.984375,4.278125,3.278125,1.0,1.0,4.840624999999998,0.015625,0.0
43,CrossEntropyLoss,APS,0.030000000000000027,0.98125,3.959375,2.959375,1.0,1.0,4.209375,0.01875,0.0
43,CrossEntropyLoss,APS,0.050000000000000044,0.96875,3.378125,2.378125,1.0,1.0,3.6281249999999985,0.03125,0.0
43,CrossEntropyLoss,APS,0.07999999999999996,0.95,2.971875,1.971875,1.0,1.0,3.2218750000000007,0.05,0.0
43,CrossEntropyLoss,APS,0.09999999999999998,0.9125,2.44375,1.44375,1.0714285714285714,2.0,3.31875,0.09375,0.0
43,CrossEntropyLoss,APS,0.13,0.903125,2.28125,1.28125,1.096774193548387,2.0,2.915865384615384,0.10625,0.0
43,CrossEntropyLoss,APS,0.15000000000000002,0.878125,2.071875,1.071875,1.1282051282051282,2.0,2.9052083333333334,0.1375,0.0
43,CrossEntropyLoss,APS,0.18000000000000005,0.859375,1.91875,0.91875,1.1111111111111112,2.0,2.654861111111111,0.15625,0.0
43,CrossEntropyLoss,APS,0.19999999999999996,0.83125,1.796875,0.8,1.1481481481481481,4.0,2.64375,0.19375,0.0
43,CrossEntropyLoss,LAC,0.010000000000000009,0.984375,4.60625,3.60625,1.0,1.0,6.7312499999999975,0.015625,0.0
43,CrossEntropyLoss,LAC,0.020000000000000018,0.98125,4.384375,3.384375,1.0,1.0,5.259374999999999,0.01875,0.0
43,CrossEntropyLoss,LAC,0.030000000000000027,0.9625,3.659375,2.659375,1.0,1.0,5.159374999999999,0.0375,0.0
43,CrossEntropyLoss,LAC,0.050000000000000044,0.9625,3.340625,2.340625,1.0,1.0,3.8406249999999984,0.0375,0.0
43,CrossEntropyLoss,LAC,0.07999999999999996,0.9375,2.4,1.4,1.0,1.0,2.9625000000000012,0.0625,0.0
43,CrossEntropyLoss,LAC,0.09999999999999998,0.91875,2.2875,1.2875,1.0384615384615385,2.0,2.975,0.084375,0.0
43,CrossEntropyLoss,LAC,0.13,0.9125,2.0,1.0,1.0714285714285714,2.0,2.442307692307692,0.09375,0.0
43,CrossEntropyLoss,LAC,0.15000000000000002,0.9,1.925,0.925,1.0625,2.0,2.3416666666666663,0.10625,0.0
43,CrossEntropyLoss,LAC,0.18000000000000005,0.865625,1.690625,0.690625,1.0465116279069768,2.0,2.2531249999999994,0.140625,0.0
43,CrossEntropyLoss,LAC,0.19999999999999996,0.84375,1.640625,0.640625,1.04,2.0,2.265625,0.1625,0.0
44,CrossEntropyLoss,min-CPS,0.010000000000000009,0.99375,4.8375,3.8375,1.0,1.0,5.087499999999999,0.00625,0.0
44,CrossEntropyLoss,min-CPS,0.020000000000000018,0.984375,4.271875,3.271875,1.0,1.0,4.834374999999999,0.015625,0.0
44,CrossEntropyLoss,min-CPS,0.030000000000000027,0.984375,3.85625,2.85625,1.0,1.0,3.897916666666666,0.015625,0.0
44,CrossEntropyLoss,min-CPS,0.050000000000000044,0.96875,3.2625,2.2625,1.0,1.0,3.5124999999999984,0.03125,0.0
44,CrossEntropyLoss,min-CPS,0.07999999999999996,0.9375,2.721875,1.721875,1.0,1.0,3.2843750000000016,0.0625,0.0
44,CrossEntropyLoss,min-CPS,0.09999999999999998,0.921875,2.3875,1.3875,1.0,1.0,2.95,0.078125,0.0
44,CrossEntropyLoss,min-CPS,0.13,0.921875,2.246875,1.246875,1.0,1.0,2.448798076923077,0.078125,0.0
44,CrossEntropyLoss,min-CPS,0.15000000000000002,0.89375,2.03125,1.03125,1.0,1.0,2.4479166666666665,0.10625,0.0
44,CrossEntropyLoss,min-CPS,0.18000000000000005,0.875,1.9375,0.9375,1.025,2.0,2.3611111111111107,0.128125,0.0
44,CrossEntropyLoss,min-CPS,0.19999999999999996,0.821875,1.878125,0.878125,1.0526315789473684,2.0,2.753125,0.1875,0.0
44,CrossEntropyLoss,RPS,0.010000000000000009,1.0,3.965625,2.965625,,0.0,2.965625,0.0,0.0
44,CrossEntropyLoss,RPS,0.020000000000000018,0.99375,3.721875,2.721875,1.0,1.0,3.3468749999999994,0.00625,0.0
44,CrossEntropyLoss,RPS,0.030000000000000027,0.990625,3.45625,2.45625,1.0,1.0,3.08125,0.009375,0.0
44,CrossEntropyLoss,RPS,0.050000000000000044,0.959375,2.66875,1.66875,1.0,1.0,3.2937499999999984,0.040625,0.0
44,CrossEntropyLoss,RPS,0.07999999999999996,0.940625,2.38125,1.38125,1.0,1.0,2.865625000000001,0.059375,0.0
44,CrossEntropyLoss,RPS,0.09999999999999998,0.925,2.209375,1.209375,1.0,1.0,2.709375,0.075,0.0
44,CrossEntropyLoss,RPS,0.13,0.909375,2.009375,1.009375,1.0,1.0,2.4036057692307695,0.090625,0.0
44,CrossEntropyLoss,RPS,0.15000000000000002,0.890625,1.9,0.9,1.0,1.0,2.358333333333333,0.109375,0.0
44,CrossEntropyLoss,RPS,0.18000000000000005,0.865625,1.81875,0.81875,1.0,1.0,2.311805555555555,0.134375,0.0
44,CrossEntropyLoss,RPS,0.19999999999999996,0.85625,1.7625,0.7625,1.0217391304347827,2.0,2.23125,0.146875,0.0
44,CrossEntropyLoss,OCDF,0.010000000000000009,0.978125,4.640625,3.640625,1.0,1.0,8.015624999999996,0.021875,0.0
44,CrossEntropyLoss,OCDF,0.020000000000000018,0.975,4.578125,3.578125,1.0,1.0,6.078124999999998,0.025,0.0
44,CrossEntropyLoss,OCDF,0.030000000000000027,0.96875,4.34375,3.34375,1.0,1.0,5.427083333333332,0.03125,0.0
44,CrossEntropyLoss,OCDF,0.050000000000000044,0.95,3.865625,2.865625,1.0,1.0,4.865624999999999,0.05,0.0
44,CrossEntropyLoss,OCDF,0.07999999999999996,0.925,3.48125,2.48125,1.0,1.0,4.356250000000001,0.075,0.0
44,CrossEntropyLoss,OCDF,0.09999999999999998,0.909375,3.26875,2.26875,1.0,1.0,4.08125,0.090625,0.0
44,CrossEntropyLoss,OCDF,0.13,0.9,3.03125,2.03125,1.0,1.0,3.5697115384615388,0.1,0.0
44,CrossEntropyLoss,OCDF,0.15000000000000002,0.884375,2.878125,1.878125,1.027027027027027,2.0,3.461458333333333,0.11875,0.0
44,CrossEntropyLoss,OCDF,0.18000000000000005,0.8375,2.65,1.65,1.0384615384615385,2.0,3.5249999999999995,0.16875,0.0
44,CrossEntropyLoss,OCDF,0.19999999999999996,0.809375,2.496875,1.496875,1.0655737704918034,2.0,3.528125,0.203125,0.0
44,CrossEntropyLoss,APS,0.010000000000000009,0.9875,4.53125,3.53125,1.0,1.0,6.031249999999998,0.0125,0.0
44,CrossEntropyLoss,APS,0.020000000000000018,0.984375,4.265625,3.265625,1.0,1.0,4.828124999999998,0.015625,0.0
44,CrossEntropyLoss,APS,0.030000000000000027,0.984375,4.04375,3.04375,1.0,1.0,4.085416666666665,0.015625,0.0
44,CrossEntropyLoss,APS,0.050000000000000044,0.965625,3.25625,2.25625,1.0,1.0,3.6312499999999988,0.034375,0.0
44,CrossEntropyLoss,APS,0.07999999999999996,0.940625,2.784375,1.784375,1.0,1.0,3.2687500000000007,0.059375,0.0
44,CrossEntropyLoss,APS,0.09999999999999998,0.93125,2.521875,1.521875,1.0,1.0,2.896875,0.06875,0.0
44,CrossEntropyLoss,APS,0.13,0.896875,2.1875,1.1875,1.0,1.0,2.7740384615384612,0.103125,0.0
44,CrossEntropyLoss,APS,0.15000000000000002,0.884375,2.025,1.025,1.0,1.0,2.5666666666666664,0.115625,0.0
44,CrossEntropyLoss,APS,0.18000000000000005,0.86875,1.9125,0.915625,1.0714285714285714,4.0,2.408680555555555,0.140625,0.0
44,CrossEntropyLoss,APS,0.19999999999999996,0.840625,1.815625,0.821875,1.1176470588235294,4.0,2.446875,0.178125,0.0
44,CrossEntropyLoss,LAC,0.010000000000000009,0.990625,4.79375,3.79375,1.0,1.0,5.668749999999998,0.009375,0.0
44,CrossEntropyLoss,LAC,0.020000000000000018,0.984375,4.375,3.375,1.0,1.0,4.937499999999998,0.015625,0.0
44,CrossEntropyLoss,LAC,0.030000000000000027,0.98125,4.096875,3.096875,1.0,1.0,4.346874999999999,0.01875,0.0
44,CrossEntropyLoss,LAC,0.050000000000000044,0.965625,3.40625,2.40625,1.0,1.0,3.781249999999999,0.034375,0.0
44,CrossEntropyLoss,LAC,0.07999999999999996,0.93125,2.365625,1.365625,1.0,1.0,3.084375000000001,0.06875,0.0
44,CrossEntropyLoss,LAC,0.09999999999999998,0.91875,2.275,1.275,1.0,1.0,2.9,0.08125,0.0
44,CrossEntropyLoss,LAC,0.13,0.90625,1.971875,0.971875,1.0,1.0,2.414182692307692,0.09375,0.0
44,CrossEntropyLoss,LAC,0.15000000000000002,0.9,1.896875,0.896875,1.0,1.0,2.2302083333333327,0.1,0.0
44,CrossEntropyLoss,LAC,0.18000000000000005,0.8625,1.68125,0.68125,1.0,1.0,2.2090277777777776,0.1375,0.0
44,CrossEntropyLoss,LAC,0.19999999999999996,0.834375,1.59375,0.59375,1.0,1.0,2.25,0.165625,0.0
45,CrossEntropyLoss,min-CPS,0.010000000000000009,0.996875,4.8875,3.8875,1.0,1.0,4.512499999999999,0.003125,0.0
45,CrossEntropyLoss,min-CPS,0.020000000000000018,0.984375,4.35625,3.35625,1.0,1.0,4.918749999999998,0.015625,0.0
45,CrossEntropyLoss,min-CPS,0.030000000000000027,0.971875,3.634375,2.634375,1.0,1.0,4.509374999999999,0.028125,0.0
45,CrossEntropyLoss,min-CPS,0.050000000000000044,0.946875,3.09375,2.09375,1.0,1.0,4.218749999999998,0.053125,0.0
45,CrossEntropyLoss,min-CPS,0.07999999999999996,0.925,2.68125,1.68125,1.0416666666666667,2.0,3.6343750000000012,0.078125,0.0
45,CrossEntropyLoss,min-CPS,0.09999999999999998,0.903125,2.340625,1.340625,1.032258064516129,2.0,3.340625,0.1,0.0
45,CrossEntropyLoss,min-CPS,0.13,0.88125,2.059375,1.059375,1.0263157894736843,2.0,2.934375,0.121875,0.0
45,CrossEntropyLoss,min-CPS,0.15000000000000002,0.84375,1.928125,0.928125,1.04,2.0,3.0947916666666666,0.1625,0.0
45,CrossEntropyLoss,min-CPS,0.18000000000000005,0.834375,1.90625,0.90625,1.0566037735849056,2.0,2.8506944444444438,0.175,0.0
45,CrossEntropyLoss,min-CPS,0.19999999999999996,0.809375,1.865625,0.865625,1.0655737704918034,2.0,2.896875,0.203125,0.0
45,CrossEntropyLoss,RPS,0.010000000000000009,0.996875,3.88125,2.88125,1.0,1.0,3.506249999999999,0.003125,0.0
45,CrossEntropyLoss,RPS,0.020000000000000018,0.978125,3.384375,2.384375,1.0,1.0,4.571874999999998,0.021875,0.0
45,CrossEntropyLoss,RPS,0.030000000000000027,0.975,3.165625,2.165625,1.0,1.0,3.8322916666666655,0.025,0.0
45,CrossEntropyLoss,RPS,0.050000000000000044,0.959375,2.696875,1.696875,1.0,1.0,3.3218749999999986,0.040625,0.0
45,CrossEntropyLoss,RPS,0.07999999999999996,0.921875,2.290625,1.290625,1.0,1.0,3.2437500000000012,0.078125,0.0
45,CrossEntropyLoss,RPS,0.09999999999999998,0.9,2.15,1.15,1.03125,2.0,3.2125,0.103125,0.0
45,CrossEntropyLoss,RPS,0.13,0.875,1.915625,0.915625,1.025,2.0,2.886778846153846,0.128125,0.0
45,CrossEntropyLoss,RPS,0.15000000000000002,0.85,1.815625,0.815625,1.0208333333333333,2.0,2.8572916666666663,0.153125,0.0
45,CrossEntropyLoss,RPS,0.18000000000000005,0.825,1.725,0.725,1.0357142857142858,2.0,2.738888888888888,0.18125,0.0
45,CrossEntropyLoss,RPS,0.19999999999999996,0.7875,1.615625,0.615625,1.0294117647058822,2.0,2.803125,0.21875,0.0
45,CrossEntropyLoss,OCDF,0.010000000000000009,0.99375,4.746875,3.746875,1.0,1.0,4.996874999999998,0.00625,0.0
45,CrossEntropyLoss,OCDF,0.020000000000000018,0.975,4.58125,3.58125,1.0,1.0,6.081249999999998,0.025,0.0
45,CrossEntropyLoss,OCDF,0.030000000000000027,0.96875,4.353125,3.353125,1.0,1.0,5.4364583333333325,0.03125,0.0
45,CrossEntropyLoss,OCDF,0.050000000000000044,0.95625,3.99375,2.99375,1.0714285714285714,2.0,4.868749999999999,0.046875,0.0
45,CrossEntropyLoss,OCDF,0.07999999999999996,0.934375,3.6,2.6,1.0476190476190477,2.0,4.3187500000000005,0.06875,0.0
45,CrossEntropyLoss,OCDF,0.09999999999999998,0.909375,3.346875,2.346875,1.0344827586206897,2.0,4.221875,0.09375,0.0
45,CrossEntropyLoss,OCDF,0.13,0.884375,3.009375,2.009375,1.027027027027027,2.0,3.8362980769230766,0.11875,0.0
45,CrossEntropyLoss,OCDF,0.15000000000000002,0.875,2.871875,1.871875,1.025,2.0,3.5802083333333328,0.128125,0.0
45,CrossEntropyLoss,OCDF,0.18000000000000005,0.84375,2.721875,1.721875,1.02,2.0,3.492708333333333,0.159375,0.0
45,CrossEntropyLoss,OCDF,0.19999999999999996,0.803125,2.515625,1.515625,1.0634920634920635,2.0,3.609375,0.209375,0.0
45,CrossEntropyLoss,APS,0.010000000000000009,0.99375,4.715625,3.715625,1.0,1.0,4.965624999999998,0.00625,0.0
45,CrossEntropyLoss,APS,0.020000000000000018,0.9875,4.3125,3.3125,1.0,1.0,4.562499999999998,0.0125,0.0
45,CrossEntropyLoss,APS,0.030000000000000027,0.9625,3.375,2.375,1.0833333333333333,2.0,5.083333333333331,0.040625,0.0
45,CrossEntropyLoss,APS,0.050000000000000044,0.9625,3.234375,2.234375,1.0833333333333333,2.0,3.8593749999999987,0.040625,0.0
45,CrossEntropyLoss,APS,0.07999999999999996,0.940625,2.85,1.85,1.0526315789473684,2.0,3.4125000000000014,0.0625,0.0
45,CrossEntropyLoss,APS,0.09999999999999998,0.909375,2.359375,1.359375,1.0344827586206897,2.0,3.234375,0.09375,0.0
45,CrossEntropyLoss,APS,0.13,0.89375,2.140625,1.140625,1.0588235294117647,2.0,2.871394230769231,0.1125,0.0
45,CrossEntropyLoss,APS,0.15000000000000002,0.859375,2.009375,1.009375,1.0444444444444445,2.0,2.9677083333333334,0.146875,0.0
45,CrossEntropyLoss,APS,0.18000000000000005,0.83125,1.834375,0.8375,1.0925925925925926,4.0,2.8166666666666664,0.184375,0.0
45,CrossEntropyLoss,APS,0.19999999999999996,0.8125,1.765625,0.76875,1.0833333333333333,4.0,2.7375,0.203125,0.0
45,CrossEntropyLoss,LAC,0.010000000000000009,0.996875,4.85625,3.85625,1.0,1.0,4.481249999999999,0.003125,0.0
45,CrossEntropyLoss,LAC,0.020000000000000018,0.971875,4.171875,3.171875,1.0,1.0,5.984374999999997,0.028125,0.0
45,CrossEntropyLoss,LAC,0.030000000000000027,0.9625,3.6875,2.6875,1.0,1.0,5.187499999999998,0.0375,0.0
45,CrossEntropyLoss,LAC,0.050000000000000044,0.946875,2.940625,1.940625,1.0,1.0,4.065624999999999,0.053125,0.0
45,CrossEntropyLoss,LAC,0.07999999999999996,0.93125,2.378125,1.378125,1.0,1.0,3.096875000000001,0.06875,0.0
45,CrossEntropyLoss,LAC,0.09999999999999998,0.89375,2.0375,1.0375,1.0294117647058822,2.0,3.225,0.109375,0.0
45,CrossEntropyLoss,LAC,0.13,0.86875,1.846875,0.846875,1.0238095238095237,2.0,2.914182692307692,0.134375,0.0
45,CrossEntropyLoss,LAC,0.15000000000000002,0.853125,1.7375,0.7375,1.0212765957446808,2.0,2.7375,0.15,0.0
45,CrossEntropyLoss,LAC,0.18000000000000005,0.8375,1.634375,0.634375,1.0192307692307692,2.0,2.4746527777777776,0.165625,0.0
45,CrossEntropyLoss,LAC,0.19999999999999996,0.803125,1.5625,0.5625,1.0158730158730158,2.0,2.5625,0.2,0.0
46,CrossEntropyLoss,min-CPS,0.010000000000000009,0.984375,4.678125,3.678125,1.0,1.0,6.803124999999997,0.015625,0.0
46,CrossEntropyLoss,min-CPS,0.020000000000000018,0.975,3.859375,2.859375,1.0,1.0,5.359374999999998,0.025,0.0
46,CrossEntropyLoss,min-CPS,0.030000000000000027,0.96875,3.565625,2.565625,1.0,1.0,4.648958333333331,0.03125,0.0
46,CrossEntropyLoss,min-CPS,0.050000000000000044,0.953125,3.090625,2.090625,1.0,1.0,3.9656249999999984,0.046875,0.0
46,CrossEntropyLoss,min-CPS,0.07999999999999996,0.90625,2.434375,1.434375,1.0333333333333334,2.0,3.8562500000000015,0.096875,0.0
46,CrossEntropyLoss,min-CPS,0.09999999999999998,0.8875,2.25625,1.25625,1.0277777777777777,2.0,3.56875,0.115625,0.0
46,CrossEntropyLoss,min-CPS,0.13,0.871875,1.98125,0.98125,1.048780487804878,2.0,3.048557692307692,0.134375,0.0
46,CrossEntropyLoss,min-CPS,0.15000000000000002,0.84375,1.925,0.925,1.04,2.0,3.0916666666666663,0.1625,0.0
46,CrossEntropyLoss,min-CPS,0.18000000000000005,0.8125,1.878125,0.878125,1.0666666666666667,2.0,3.1003472222222217,0.2,0.0
46,CrossEntropyLoss,min-CPS,0.19999999999999996,0.784375,1.859375,0.859375,1.0579710144927537,2.0,3.1406250000000004,0.228125,0.0
46,CrossEntropyLoss,RPS,0.010000000000000009,0.996875,3.875,2.875,1.0,1.0,3.499999999999999,0.003125,0.0
46,CrossEntropyLoss,RPS,0.020000000000000018,0.9875,3.559375,2.559375,1.0,1.0,3.8093749999999984,0.0125,0.0
46,CrossEntropyLoss,RPS,0.030000000000000027,0.975,3.153125,2.153125,1.0,1.0,3.819791666666666,0.025,0.0
46,CrossEntropyLoss,RPS,0.050000000000000044,0.94375,2.621875,1.621875,1.0,1.0,3.871874999999998,0.05625,0.0
46,CrossEntropyLoss,RPS,0.07999999999999996,0.9125,2.271875,1.271875,1.0,1.0,3.4593750000000014,0.0875,0.0
46,CrossEntropyLoss,RPS,0.09999999999999998,0.86875,1.978125,0.978125,1.0238095238095237,2.0,3.665625,0.134375,0.0
46,CrossEntropyLoss,RPS,0.13,0.85,1.8625,0.8625,1.0208333333333333,2.0,3.2182692307692307,0.153125,0.0
46,CrossEntropyLoss,RPS,0.15000000000000002,0.8375,1.80625,0.80625,1.0192307692307692,2.0,3.014583333333333,0.165625,0.0
46,CrossEntropyLoss,RPS,0.18000000000000005,0.81875,1.7125,0.7125,1.0344827586206897,2.0,2.795833333333333,0.1875,0.0
46,CrossEntropyLoss,RPS,0.19999999999999996,0.803125,1.65625,0.65625,1.0317460317460319,2.0,2.6875,0.203125,0.0
46,CrossEntropyLoss,OCDF,0.010000000000000009,0.99375,4.7375,3.7375,1.0,1.0,4.987499999999999,0.00625,0.0
46,CrossEntropyLoss,OCDF,0.020000000000000018,0.975,4.58125,3.58125,1.0,1.0,6.081249999999998,0.025,0.0
46,CrossEntropyLoss,OCDF,0.030000000000000027,0.9625,4.284375,3.284375,1.0,1.0,5.784374999999999,0.0375,0.0
46,CrossEntropyLoss,OCDF,0.050000000000000044,0.953125,3.91875,2.91875,1.0,1.0,4.793749999999998,0.046875,0.0
46,CrossEntropyLoss,OCDF,0.07999999999999996,0.915625,3.50625,2.50625,1.0,1.0,4.615625000000001,0.084375,0.0
46,CrossEntropyLoss,OCDF,0.09999999999999998,0.890625,3.159375,2.159375,1.0,1.0,4.346875,0.109375,0.0
46,CrossEntropyLoss,OCDF,0.13,0.878125,2.996875,1.996875,1.0,1.0,3.871875,0.121875,0.0
46,CrossEntropyLoss,OCDF,0.15000000000000002,0.86875,2.846875,1.846875,1.0,1.0,3.596875,0.13125,0.0
46,CrossEntropyLoss,OCDF,0.18000000000000005,0.85625,2.7125,1.7125,1.0,1.0,3.3097222222222213,0.14375,0.0
46,CrossEntropyLoss,OCDF,0.19999999999999996,0.821875,2.55,1.55,1.0526315789473684,2.0,3.425,0.1875,0.0
46,CrossEntropyLoss,APS,0.010000000000000009,0.9875,4.740625,3.740625,1.0,1.0,6.240624999999998,0.0125,0.0
46,CrossEntropyLoss,APS,0.020000000000000018,0.971875,3.871875,2.871875,1.0,1.0,5.6843749999999975,0.028125,0.0
46,CrossEntropyLoss,APS,0.030000000000000027,0.965625,3.6375,2.6375,1.0,1.0,4.929166666666665,0.034375,0.0
46,CrossEntropyLoss,APS,0.050000000000000044,0.93125,2.98125,1.98125,1.0,1.0,4.7312499999999975,0.06875,0.0
46,CrossEntropyLoss,APS,0.07999999999999996,0.9125,2.56875,1.56875,1.0,1.0,3.7562500000000014,0.0875,0.0
46,CrossEntropyLoss,APS,0.09999999999999998,0.903125,2.325,1.325,1.0,1.0,3.2625,0.096875,0.0
46,CrossEntropyLoss,APS,0.13,0.884375,2.159375,1.159375,1.054054054054054,2.0,3.034375,0.121875,0.0
46,CrossEntropyLoss,APS,0.15000000000000002,0.840625,1.928125,0.93125,1.0980392156862746,4.0,3.1395833333333334,0.175,0.0
46,CrossEntropyLoss,APS,0.18000000000000005,0.80625,1.76875,0.771875,1.096774193548387,4.0,3.028819444444444,0.2125,0.0
46,CrossEntropyLoss,APS,0.19999999999999996,0.778125,1.675,0.684375,1.1690140845070423,4.0,3.059375,0.259375,0.0
46,CrossEntropyLoss,LAC,0.010000000000000009,0.984375,4.6,3.6,1.0,1.0,6.724999999999997,0.015625,0.0
46,CrossEntropyLoss,LAC,0.020000000000000018,0.975,4.209375,3.209375,1.0,1.0,5.709374999999998,0.025,0.0
46,CrossEntropyLoss,LAC,0.030000000000000027,0.9625,3.64375,2.64375,1.0,1.0,5.143749999999999,0.0375,0.0
46,CrossEntropyLoss,LAC,0.050000000000000044,0.946875,2.9375,1.9375,1.0,1.0,4.062499999999998,0.053125,0.0
46,CrossEntropyLoss,LAC,0.07999999999999996,0.93125,2.4,1.4,1.0,1.0,3.1187500000000012,0.06875,0.0
46,CrossEntropyLoss,LAC,0.09999999999999998,0.878125,1.978125,0.978125,1.0,1.0,3.415625,0.121875,0.0
46,CrossEntropyLoss,LAC,0.13,0.84375,1.759375,0.759375,1.02,2.0,3.211298076923076,0.159375,0.0
46,CrossEntropyLoss,LAC,0.15000000000000002,0.821875,1.65625,0.65625,1.0175438596491229,2.0,3.0729166666666665,0.18125,0.0
46,CrossEntropyLoss,LAC,0.18000000000000005,0.803125,1.590625,0.590625,1.0158730158730158,2.0,2.8128472222222216,0.2,0.0
46,CrossEntropyLoss,LAC,0.19999999999999996,0.79375,1.559375,0.559375,1.0151515151515151,2.0,2.653125,0.209375,0.0
47,CrossEntropyLoss,min-CPS,0.010000000000000009,0.9875,4.69375,3.69375,1.0,1.0,6.193749999999998,0.0125,0.0
47,CrossEntropyLoss,min-CPS,0.020000000000000018,0.984375,4.2625,3.2625,1.0,1.0,4.824999999999998,0.015625,0.0
47,CrossEntropyLoss,min-CPS,0.030000000000000027,0.98125,3.659375,2.659375,1.0,1.0,3.9093749999999994,0.01875,0.0
47,CrossEntropyLoss,min-CPS,0.050000000000000044,0.95625,3.06875,2.06875,1.0,1.0,3.8187499999999988,0.04375,0.0
47,CrossEntropyLoss,min-CPS,0.07999999999999996,0.940625,2.83125,1.83125,1.0,1.0,3.3156250000000016,0.059375,0.0
47,CrossEntropyLoss,min-CPS,0.09999999999999998,0.909375,2.321875,1.321875,1.0,1.0,3.134375,0.090625,0.0
47,CrossEntropyLoss,min-CPS,0.13,0.871875,1.990625,0.990625,1.024390243902439,2.0,3.009855769230769,0.13125,0.0
47,CrossEntropyLoss,min-CPS,0.15000000000000002,0.8375,1.909375,0.909375,1.0192307692307692,2.0,3.1177083333333333,0.165625,0.0
47,CrossEntropyLoss,min-CPS,0.18000000000000005,0.809375,1.86875,0.86875,1.0655737704918034,2.0,3.125694444444444,0.203125,0.0
47,CrossEntropyLoss,min-CPS,0.19999999999999996,0.784375,1.840625,0.840625,1.0579710144927537,2.0,3.121875,0.228125,0.0
47,CrossEntropyLoss,RPS,0.010000000000000009,1.0,3.96875,2.96875,,0.0,2.96875,0.0,0.0
47,CrossEntropyLoss,RPS,0.020000000000000018,0.9875,3.521875,2.521875,1.0,1.0,3.7718749999999988,0.0125,0.0
47,CrossEntropyLoss,RPS,0.030000000000000027,0.978125,3.246875,2.246875,1.0,1.0,3.7052083333333323,0.021875,0.0
47,CrossEntropyLoss,RPS,0.050000000000000044,0.95625,2.66875,1.66875,1.0,1.0,3.4187499999999984,0.04375,0.0
47,CrossEntropyLoss,RPS,0.07999999999999996,0.93125,2.321875,1.321875,1.0,1.0,3.0406250000000012,0.06875,0.0
47,CrossEntropyLoss,RPS,0.09999999999999998,0.915625,2.225,1.225,1.0,1.0,2.9125,0.084375,0.0
47,CrossEntropyLoss,RPS,0.13,0.88125,1.921875,0.921875,1.0,1.0,2.7487980769230766,0.11875,0.0
47,CrossEntropyLoss,RPS,0.15000000000000002,0.85,1.825,0.825,1.0,1.0,2.825,0.15,0.0
47,CrossEntropyLoss,RPS,0.18000000000000005,0.7875,1.646875,0.646875,1.0147058823529411,2.0,3.0427083333333327,0.215625,0.0
47,CrossEntropyLoss,RPS,0.19999999999999996,0.76875,1.590625,0.590625,1.0135135135135136,2.0,2.934375,0.234375,0.0
47,CrossEntropyLoss,OCDF,0.010000000000000009,1.0,4.784375,3.784375,,0.0,3.784375,0.0,0.0
47,CrossEntropyLoss,OCDF,0.020000000000000018,0.996875,4.69375,3.69375,1.0,1.0,4.00625,0.003125,0.0
47,CrossEntropyLoss,OCDF,0.030000000000000027,0.9875,4.58125,3.58125,1.0,1.0,4.414583333333333,0.0125,0.0
47,CrossEntropyLoss,OCDF,0.050000000000000044,0.96875,4.18125,3.18125,1.0,1.0,4.431249999999999,0.03125,0.0
47,CrossEntropyLoss,OCDF,0.07999999999999996,0.915625,3.459375,2.459375,1.0,1.0,4.568750000000001,0.084375,0.0
47,CrossEntropyLoss,OCDF,0.09999999999999998,0.9125,3.384375,2.384375,1.0,1.0,4.134375,0.0875,0.0
47,CrossEntropyLoss,OCDF,0.13,0.875,2.909375,1.909375,1.0,1.0,3.8324519230769227,0.125,0.0
47,CrossEntropyLoss,OCDF,0.15000000000000002,0.834375,2.7,1.7,1.0,1.0,3.9083333333333328,0.165625,0.0
47,CrossEntropyLoss,OCDF,0.18000000000000005,0.79375,2.51875,1.51875,1.0454545454545454,2.0,3.914583333333333,0.215625,0.0
47,CrossEntropyLoss,OCDF,0.19999999999999996,0.7875,2.4375,1.4375,1.0735294117647058,2.0,3.71875,0.228125,0.0
47,CrossEntropyLoss,APS,0.010000000000000009,0.9875,4.284375,3.284375,1.0,1.0,5.784374999999998,0.0125,0.0
47,CrossEntropyLoss,APS,0.020000000000000018,0.978125,4.071875,3.071875,1.0,1.0,5.259374999999999,0.021875,0.0
47,CrossEntropyLoss,APS,0.030000000000000027,0.978125,3.75625,2.75625,1.0,1.0,4.214583333333332,0.021875,0.0
47,CrossEntropyLoss,APS,0.050000000000000044,0.965625,3.221875,2.221875,1.0,1.0,3.5968749999999985,0.034375,0.0
47,CrossEntropyLoss,APS,0.07999999999999996,0.9125,2.465625,1.465625,1.0,1.0,3.6531250000000015,0.0875,0.0
47,CrossEntropyLoss,APS,0.09999999999999998,0.896875,2.284375,1.284375,1.0303030303030303,2.0,3.409375,0.10625,0.0
47,CrossEntropyLoss,APS,0.13,0.853125,2.00625,1.00625,1.0425531914893618,2.0,3.3620192307692305,0.153125,0.0
47,CrossEntropyLoss,APS,0.15000000000000002,0.828125,1.8625,0.8625,1.0363636363636364,2.0,3.2375,0.178125,0.0
47,CrossEntropyLoss,APS,0.18000000000000005,0.796875,1.7625,0.765625,1.0769230769230769,4.0,3.0920138888888884,0.21875,0.0
47,CrossEntropyLoss,APS,0.19999999999999996,0.771875,1.6625,0.66875,1.1095890410958904,4.0,3.04375,0.253125,0.0
47,CrossEntropyLoss,LAC,0.010000000000000009,0.996875,4.83125,3.83125,1.0,1.0,4.456249999999999,0.003125,0.0
47,CrossEntropyLoss,LAC,0.020000000000000018,0.98125,4.35625,3.35625,1.0,1.0,5.231249999999998,0.01875,0.0
47,CrossEntropyLoss,LAC,0.030000000000000027,0.98125,4.08125,3.08125,1.0,1.0,4.331249999999999,0.01875,0.0
47,CrossEntropyLoss,LAC,0.050000000000000044,0.9625,3.284375,2.284375,1.0,1.0,3.7843749999999985,0.0375,0.0
47,CrossEntropyLoss,LAC,0.07999999999999996,0.9375,2.384375,1.384375,1.0,1.0,2.9468750000000012,0.0625,0.0
47,CrossEntropyLoss,LAC,0.09999999999999998,0.915625,2.259375,1.259375,1.0,1.0,2.946875,0.084375,0.0
47,CrossEntropyLoss,LAC,0.13,0.865625,1.85,0.85,1.0,1.0,2.917307692307692,0.134375,0.0
47,CrossEntropyLoss,LAC,0.15000000000000002,0.828125,1.6875,0.6875,1.0,1.0,2.9791666666666665,0.171875,0.0
47,CrossEntropyLoss,LAC,0.18000000000000005,0.815625,1.63125,0.63125,1.0,1.0,2.679861111111111,0.184375,0.0
47,CrossEntropyLoss,LAC,0.19999999999999996,0.7875,1.559375,0.559375,1.0,1.0,2.6843750000000006,0.2125,0.0
48,CrossEntropyLoss,min-CPS,0.010000000000000009,0.99375,4.821875,3.821875,1.0,1.0,5.071874999999999,0.00625,0.0
48,CrossEntropyLoss,min-CPS,0.020000000000000018,0.984375,4.2875,3.2875,1.0,1.0,4.849999999999999,0.015625,0.0
48,CrossEntropyLoss,min-CPS,0.030000000000000027,0.96875,3.55625,2.55625,1.0,1.0,4.639583333333332,0.03125,0.0
48,CrossEntropyLoss,min-CPS,0.050000000000000044,0.9625,3.228125,2.228125,1.0,1.0,3.7281249999999986,0.0375,0.0
48,CrossEntropyLoss,min-CPS,0.07999999999999996,0.928125,2.709375,1.709375,1.0434782608695652,2.0,3.5843750000000014,0.075,0.0
48,CrossEntropyLoss,min-CPS,0.09999999999999998,0.89375,2.23125,1.23125,1.0294117647058822,2.0,3.41875,0.109375,0.0
48,CrossEntropyLoss,min-CPS,0.13,0.871875,1.978125,0.978125,1.0731707317073171,2.0,3.093509615384615,0.1375,0.0
48,CrossEntropyLoss,min-CPS,0.15000000000000002,0.859375,1.946875,0.946875,1.0666666666666667,2.0,2.946875,0.15,0.0
48,CrossEntropyLoss,min-CPS,0.18000000000000005,0.8125,1.88125,0.88125,1.05,2.0,3.068749999999999,0.196875,0.0
48,CrossEntropyLoss,min-CPS,0.19999999999999996,0.8,1.871875,0.871875,1.046875,2.0,2.965625,0.209375,0.0
48,CrossEntropyLoss,RPS,0.010000000000000009,0.990625,3.75625,2.75625,1.0,1.0,4.631249999999999,0.009375,0.0
48,CrossEntropyLoss,RPS,0.020000000000000018,0.984375,3.471875,2.471875,1.0,1.0,4.034374999999999,0.015625,0.0
48,CrossEntropyLoss,RPS,0.030000000000000027,0.96875,3.140625,2.140625,1.0,1.0,4.223958333333332,0.03125,0.0
48,CrossEntropyLoss,RPS,0.050000000000000044,0.95,2.653125,1.653125,1.0,1.0,3.6531249999999984,0.05,0.0
48,CrossEntropyLoss,RPS,0.07999999999999996,0.921875,2.315625,1.315625,1.0,1.0,3.2687500000000016,0.078125,0.0
48,CrossEntropyLoss,RPS,0.09999999999999998,0.89375,2.08125,1.08125,1.0294117647058822,2.0,3.26875,0.109375,0.0
48,CrossEntropyLoss,RPS,0.13,0.878125,1.915625,0.915625,1.0256410256410255,2.0,2.838701923076923,0.125,0.0
48,CrossEntropyLoss,RPS,0.15000000000000002,0.840625,1.790625,0.790625,1.0196078431372548,2.0,2.9572916666666664,0.1625,0.0
48,CrossEntropyLoss,RPS,0.18000000000000005,0.83125,1.728125,0.728125,1.037037037037037,2.0,2.672569444444444,0.175,0.0
48,CrossEntropyLoss,RPS,0.19999999999999996,0.796875,1.61875,0.61875,1.0461538461538462,2.0,2.7437500000000004,0.2125,0.0
48,CrossEntropyLoss,OCDF,0.010000000000000009,0.9875,4.671875,3.671875,1.0,1.0,6.171874999999998,0.0125,0.0
48,CrossEntropyLoss,OCDF,0.020000000000000018,0.984375,4.578125,3.578125,1.0,1.0,5.140624999999998,0.015625,0.0
48,CrossEntropyLoss,OCDF,0.030000000000000027,0.965625,4.321875,3.321875,1.0,1.0,5.6135416666666655,0.034375,0.0
48,CrossEntropyLoss,OCDF,0.050000000000000044,0.94375,3.83125,2.83125,1.0555555555555556,2.0,5.206249999999999,0.059375,0.0
48,CrossEntropyLoss,OCDF,0.07999999999999996,0.915625,3.45,2.45,1.037037037037037,2.0,4.637500000000001,0.0875,0.0
48,CrossEntropyLoss,OCDF,0.09999999999999998,0.871875,3.03125,2.03125,1.024390243902439,2.0,4.65625,0.13125,0.0
48,CrossEntropyLoss,OCDF,0.13,0.85625,2.828125,1.828125,1.0434782608695652,2.0,4.135817307692308,0.15,0.0
48,CrossEntropyLoss,OCDF,0.15000000000000002,0.84375,2.70625,1.70625,1.04,2.0,3.8729166666666663,0.1625,0.0
48,CrossEntropyLoss,OCDF,0.18000000000000005,0.815625,2.578125,1.578125,1.0338983050847457,2.0,3.696180555555555,0.190625,0.0
48,CrossEntropyLoss,OCDF,0.19999999999999996,0.778125,2.425,1.425,1.056338028169014,2.0,3.76875,0.234375,0.0
48,CrossEntropyLoss,APS,0.010000000000000009,0.9875,4.621875,3.621875,1.0,1.0,6.1218749999999975,0.0125,0.0
48,CrossEntropyLoss,APS,0.020000000000000018,0.98125,3.909375,2.909375,1.0,1.0,4.784374999999999,0.01875,0.0
48,CrossEntropyLoss,APS,0.030000000000000027,0.98125,3.73125,2.73125,1.0,1.0,3.9812499999999984,0.01875,0.0
48,CrossEntropyLoss,APS,0.050000000000000044,0.95625,3.309375,2.309375,1.0,1.0,4.059374999999998,0.04375,0.0
48,CrossEntropyLoss,APS,0.07999999999999996,0.94375,2.840625,1.840625,1.0555555555555556,2.0,3.3250000000000015,0.059375,0.0
48,CrossEntropyLoss,APS,0.09999999999999998,0.9,2.353125,1.353125,1.03125,2.0,3.415625,0.103125,0.0
48,CrossEntropyLoss,APS,0.13,0.871875,2.10625,1.10625,1.024390243902439,2.0,3.125480769230769,0.13125,0.0
48,CrossEntropyLoss,APS,0.15000000000000002,0.859375,2.009375,1.009375,1.0444444444444445,2.0,2.9677083333333334,0.146875,0.0
48,CrossEntropyLoss,APS,0.18000000000000005,0.834375,1.85,0.853125,1.0943396226415094,4.0,2.797569444444444,0.18125,0.0
48,CrossEntropyLoss,APS,0.19999999999999996,0.80625,1.76875,0.775,1.1612903225806452,4.0,2.9,0.225,0.0
48,CrossEntropyLoss,LAC,0.010000000000000009,0.990625,4.79375,3.79375,1.0,1.0,5.668749999999998,0.009375,0.0
48,CrossEntropyLoss,LAC,0.020000000000000018,0.978125,4.253125,3.253125,1.0,1.0,5.440624999999999,0.021875,0.0
48,CrossEntropyLoss,LAC,0.030000000000000027,0.978125,4.078125,3.078125,1.0,1.0,4.536458333333333,0.021875,0.0
48,CrossEntropyLoss,LAC,0.050000000000000044,0.95625,3.196875,2.196875,1.0,1.0,3.9468749999999986,0.04375,0.0
48,CrossEntropyLoss,LAC,0.07999999999999996,0.915625,2.36875,1.36875,1.0,1.0,3.4781250000000012,0.084375,0.0
48,CrossEntropyLoss,LAC,0.09999999999999998,0.890625,2.034375,1.034375,1.0285714285714285,2.0,3.284375,0.1125,0.0
48,CrossEntropyLoss,LAC,0.13,0.88125,1.90625,0.90625,1.0263157894736843,2.0,2.78125,0.121875,0.0
48,CrossEntropyLoss,LAC,0.15000000000000002,0.875,1.809375,0.809375,1.025,2.0,2.517708333333333,0.128125,0.0
48,CrossEntropyLoss,LAC,0.18000000000000005,0.8375,1.65,0.65,1.0192307692307692,2.0,2.490277777777777,0.165625,0.0
48,CrossEntropyLoss,LAC,0.19999999999999996,0.79375,1.540625,0.540625,1.0151515151515151,2.0,2.634375000000001,0.209375,0.0
49,CrossEntropyLoss,min-CPS,0.010000000000000009,1.0,4.921875,3.921875,,0.0,3.921875,0.0,0.0
49,CrossEntropyLoss,min-CPS,0.020000000000000018,0.99375,4.71875,3.71875,1.0,1.0,4.343749999999999,0.00625,0.0
49,CrossEntropyLoss,min-CPS,0.030000000000000027,0.9875,4.071875,3.071875,1.0,1.0,3.905208333333333,0.0125,0.0
49,CrossEntropyLoss,min-CPS,0.050000000000000044,0.959375,3.13125,2.13125,1.0,1.0,3.7562499999999988,0.040625,0.0
49,CrossEntropyLoss,min-CPS,0.07999999999999996,0.925,2.68125,1.68125,1.0,1.0,3.5562500000000012,0.075,0.0
49,CrossEntropyLoss,min-CPS,0.09999999999999998,0.925,2.434375,1.434375,1.0833333333333333,2.0,3.059375,0.08125,0.0
49,CrossEntropyLoss,min-CPS,0.13,0.903125,2.15625,1.15625,1.064516129032258,2.0,2.7427884615384612,0.103125,0.0
49,CrossEntropyLoss,min-CPS,0.15000000000000002,0.86875,1.959375,0.959375,1.0476190476190477,2.0,2.792708333333333,0.1375,0.0
49,CrossEntropyLoss,min-CPS,0.18000000000000005,0.859375,1.928125,0.928125,1.0444444444444445,2.0,2.560069444444444,0.146875,0.0
49,CrossEntropyLoss,min-CPS,0.19999999999999996,0.846875,1.903125,0.903125,1.0612244897959184,2.0,2.528125,0.1625,0.0
49,CrossEntropyLoss,RPS,0.010000000000000009,0.99375,3.865625,2.865625,1.0,1.0,4.115624999999999,0.00625,0.0
49,CrossEntropyLoss,RPS,0.020000000000000018,0.98125,3.4375,2.4375,1.0,1.0,4.312499999999998,0.01875,0.0
49,CrossEntropyLoss,RPS,0.030000000000000027,0.975,3.153125,2.153125,1.0,1.0,3.819791666666666,0.025,0.0
49,CrossEntropyLoss,RPS,0.050000000000000044,0.95,2.65,1.65,1.0,1.0,3.6499999999999986,0.05,0.0
49,CrossEntropyLoss,RPS,0.07999999999999996,0.934375,2.359375,1.359375,1.0,1.0,3.000000000000001,0.065625,0.0
49,CrossEntropyLoss,RPS,0.09999999999999998,0.9125,2.2125,1.2125,1.0,1.0,2.9625,0.0875,0.0
49,CrossEntropyLoss,RPS,0.13,0.8875,1.959375,0.959375,1.0555555555555556,2.0,2.7862980769230767,0.11875,0.0
49,CrossEntropyLoss,RPS,0.15000000000000002,0.875,1.89375,0.89375,1.05,2.0,2.64375,0.13125,0.0
49,CrossEntropyLoss,RPS,0.18000000000000005,0.8625,1.834375,0.834375,1.0454545454545454,2.0,2.431597222222222,0.14375,0.0
49,CrossEntropyLoss,RPS,0.19999999999999996,0.840625,1.740625,0.740625,1.0392156862745099,2.0,2.396875,0.165625,0.0
49,CrossEntropyLoss,OCDF,0.010000000000000009,0.996875,4.76875,3.76875,1.0,1.0,4.393749999999999,0.003125,0.0
49,CrossEntropyLoss,OCDF,0.020000000000000018,0.996875,4.721875,3.721875,1.0,1.0,4.034375,0.003125,0.0
49,CrossEntropyLoss,OCDF,0.030000000000000027,0.984375,4.6125,3.6125,1.0,1.0,4.654166666666666,0.015625,0.0
49,CrossEntropyLoss,OCDF,0.050000000000000044,0.9625,4.14375,3.14375,1.0,1.0,4.643749999999999,0.0375,0.0
49,CrossEntropyLoss,OCDF,0.07999999999999996,0.94375,3.63125,2.63125,1.0,1.0,4.0375000000000005,0.05625,0.0
49,CrossEntropyLoss,OCDF,0.09999999999999998,0.91875,3.378125,2.378125,1.0,1.0,4.003125,0.08125,0.0
49,CrossEntropyLoss,OCDF,0.13,0.85625,2.8,1.8,1.0217391304347827,2.0,4.059615384615384,0.146875,0.0
49,CrossEntropyLoss,OCDF,0.15000000000000002,0.825,2.64375,1.64375,1.0178571428571428,2.0,4.01875,0.178125,0.0
49,CrossEntropyLoss,OCDF,0.18000000000000005,0.803125,2.5,1.5,1.0476190476190477,2.0,3.7916666666666656,0.20625,0.0
49,CrossEntropyLoss,OCDF,0.19999999999999996,0.778125,2.390625,1.390625,1.056338028169014,2.0,3.734375,0.234375,0.0
49,CrossEntropyLoss,APS,0.010000000000000009,1.0,4.953125,3.953125,,0.0,3.953125,0.0,0.0
49,CrossEntropyLoss,APS,0.020000000000000018,0.990625,4.6125,3.6125,1.0,1.0,4.549999999999999,0.009375,0.0
49,CrossEntropyLoss,APS,0.030000000000000027,0.98125,3.91875,2.91875,1.1666666666666667,2.0,4.377083333333333,0.021875,0.0
49,CrossEntropyLoss,APS,0.050000000000000044,0.9625,3.225,2.225,1.1666666666666667,2.0,3.9749999999999988,0.04375,0.0
49,CrossEntropyLoss,APS,0.07999999999999996,0.934375,2.671875,1.671875,1.0952380952380953,2.0,3.4687500000000013,0.071875,0.0
49,CrossEntropyLoss,APS,0.09999999999999998,0.91875,2.5,1.5,1.0769230769230769,2.0,3.25,0.0875,0.0
49,CrossEntropyLoss,APS,0.13,0.90625,2.24375,1.24375,1.0666666666666667,2.0,2.7822115384615382,0.1,0.0
49,CrossEntropyLoss,APS,0.15000000000000002,0.871875,2.08125,1.08125,1.048780487804878,2.0,2.8729166666666663,0.134375,0.0
49,CrossEntropyLoss,APS,0.18000000000000005,0.8625,1.990625,0.990625,1.0681818181818181,2.0,2.622569444444444,0.146875,0.0
49,CrossEntropyLoss,APS,0.19999999999999996,0.83125,1.815625,0.81875,1.1111111111111112,4.0,2.6625,0.1875,0.0
49,CrossEntropyLoss,LAC,0.010000000000000009,1.0,4.9125,3.9125,,0.0,3.9125,0.0,0.0
49,CrossEntropyLoss,LAC,0.020000000000000018,0.99375,4.634375,3.634375,1.0,1.0,4.2593749999999995,0.00625,0.0
49,CrossEntropyLoss,LAC,0.030000000000000027,0.9875,4.278125,3.278125,1.0,1.0,4.111458333333333,0.0125,0.0
49,CrossEntropyLoss,LAC,0.050000000000000044,0.946875,2.9375,1.9375,1.0,1.0,4.062499999999998,0.053125,0.0
49,CrossEntropyLoss,LAC,0.07999999999999996,0.928125,2.403125,1.403125,1.0,1.0,3.2000000000000015,0.071875,0.0
49,CrossEntropyLoss,LAC,0.09999999999999998,0.921875,2.290625,1.290625,1.0,1.0,2.853125,0.078125,0.0
49,CrossEntropyLoss,LAC,0.13,0.890625,1.93125,0.93125,1.0571428571428572,2.0,2.710096153846154,0.115625,0.0
49,CrossEntropyLoss,LAC,0.15000000000000002,0.875,1.80625,0.80625,1.05,2.0,2.55625,0.13125,0.0
49,CrossEntropyLoss,LAC,0.18000000000000005,0.85625,1.6875,0.6875,1.0434782608695652,2.0,2.3541666666666665,0.15,0.0
49,CrossEntropyLoss,LAC,0.19999999999999996,0.840625,1.621875,0.621875,1.0392156862745099,2.0,2.278125,0.165625,0.0
